match_id,matchweek,home_team,away_team,kickoff_utc,home_win_prob,draw_prob,away_win_prob,dc_raw_home_win_prob,dc_raw_draw_prob,dc_raw_away_win_prob,market_home_win_prob,market_draw_prob,market_away_win_prob,market_available,prediction_mode,run_id,model_version,generated_at
BUNDESLIGA2627_MW04_036_FCBayernMünchen_1.FCUnionBerlin,4,FC Bayern München,1. FC Union Berlin,2026-09-18T18:30:00+00:00,0.846,0.1037,0.0503,0.8604,0.093,0.0466,0.8921,0.068,0.0399,True,preseason_mode,predict_20260916T200806Z_76297182,0.1.0-phase1,2026-09-16T20:08:06+00:00
BUNDESLIGA2627_MW04_030_SVWerderBremen_FCAugsburg,4,SV Werder Bremen,FC Augsburg,2026-09-19T13:30:00+00:00,0.4054,0.266,0.3286,0.4089,0.278,0.3131,0.4128,0.2453,0.3419,True,preseason_mode,predict_20260916T200806Z_76297182,0.1.0-phase1,2026-09-16T20:08:06+00:00
BUNDESLIGA2627_MW04_031_HamburgerSV_1.FCKöln,4,Hamburger SV,1. FC Köln,2026-09-19T13:30:00+00:00,0.3921,0.2769,0.331,0.4394,0.2654,0.2952,0.3528,0.2612,0.386,True,preseason_mode,predict_20260916T200806Z_76297182,0.1.0-phase1,2026-09-16T20:08:06+00:00
BUNDESLIGA2627_MW04_032_BorussiaMönchengladbach_1.FSVMainz05,4,Borussia Mönchengladbach,1. FSV Mainz 05,2026-09-19T13:30:00+00:00,0.4238,0.2653,0.3109,0.3893,0.2757,0.335,,,,False,preseason_mode,predict_20260916T200806Z_76297182,0.1.0-phase1,2026-09-16T20:08:06+00:00
BUNDESLIGA2627_MW04_033_EintrachtFrankfurt_Sport-ClubFreiburg,4,Eintracht Frankfurt,Sport-Club Freiburg,2026-09-19T13:30:00+00:00,0.4567,0.2678,0.2755,0.4919,0.2314,0.2766,,,,False,preseason_mode,predict_20260916T200806Z_76297182,0.1.0-phase1,2026-09-16T20:08:06+00:00
BUNDESLIGA2627_MW04_035_VfBStuttgart_BorussiaDortmund,4,VfB Stuttgart,Borussia Dortmund,2026-09-19T16:30:00+00:00,0.3593,0.2607,0.38,0.3614,0.2396,0.3989,0.4098,0.2495,0.3408,True,preseason_mode,predict_20260916T200806Z_76297182,0.1.0-phase1,2026-09-16T20:08:06+00:00
BUNDESLIGA2627_MW04_034_Bayer04Leverkusen_RBLeipzig,4,Bayer 04 Leverkusen,RB Leipzig,2026-09-20T13:30:00+00:00,0.4377,0.2935,0.2687,0.5009,0.2323,0.2668,,,,False,preseason_mode,predict_20260916T200806Z_76297182,0.1.0-phase1,2026-09-16T20:08:06+00:00
BUNDESLIGA2627_MW04_029_FCSchalke04_SVElversberg,4,FC Schalke 04,SV Elversberg,2026-09-20T15:30:00+00:00,0.3708,0.2532,0.376,0.2893,0.2855,0.4252,0.4673,0.2587,0.274,True,preseason_mode,predict_20260916T200806Z_76297182,0.1.0-phase1,2026-09-16T20:08:06+00:00
BUNDESLIGA2627_MW04_028_SCPaderborn07_TSGHoffenheim,4,SC Paderborn 07,TSG Hoffenheim,2026-09-20T17:30:00+00:00,0.2085,0.2137,0.5778,0.2433,0.2393,0.5174,,,,False,preseason_mode,predict_20260916T200806Z_76297182,0.1.0-phase1,2026-09-16T20:08:06+00:00
BUNDESLIGA2627_MW05_037_SCPaderborn07_VfBStuttgart,5,SC Paderborn 07,VfB Stuttgart,2026-10-09T00:00:00+00:00,0.1664,0.1846,0.6491,0.1642,0.208,0.6278,,,,False,preseason_mode,predict_20260916T200806Z_76297182,0.1.0-phase1,2026-09-16T20:08:06+00:00
BUNDESLIGA2627_MW05_038_1.FCKöln_BorussiaMönchengladbach,5,1. FC Köln,Borussia Mönchengladbach,2026-10-09T00:00:00+00:00,0.3375,0.2729,0.3896,0.3777,0.2592,0.3631,,,,False,preseason_mode,predict_20260916T200806Z_76297182,0.1.0-phase1,2026-09-16T20:08:06+00:00
BUNDESLIGA2627_MW05_039_1.FCUnionBerlin_SVElversberg,5,1. FC Union Berlin,SV Elversberg,2026-10-09T00:00:00+00:00,0.3966,0.254,0.3494,0.4501,0.2885,0.2613,0.4405,0.248,0.3115,True,preseason_mode,predict_20260916T200806Z_76297182,0.1.0-phase1,2026-09-16T20:08:06+00:00
BUNDESLIGA2627_MW05_040_1.FSVMainz05_Bayer04Leverkusen,5,1. FSV Mainz 05,Bayer 04 Leverkusen,2026-10-09T00:00:00+00:00,0.2738,0.2674,0.4588,0.2771,0.2548,0.4681,,,,False,preseason_mode,predict_20260916T200806Z_76297182,0.1.0-phase1,2026-09-16T20:08:06+00:00
BUNDESLIGA2627_MW05_041_FCAugsburg_FCBayernMünchen,5,FC Augsburg,FC Bayern München,2026-10-09T00:00:00+00:00,0.1037,0.141,0.7553,0.0909,0.1373,0.7718,0.1018,0.1211,0.7772,True,preseason_mode,predict_20260916T200806Z_76297182,0.1.0-phase1,2026-09-16T20:08:06+00:00
BUNDESLIGA2627_MW05_042_Sport-ClubFreiburg_FCSchalke04,5,Sport-Club Freiburg,FC Schalke 04,2026-10-09T00:00:00+00:00,0.5355,0.2839,0.1806,0.6783,0.1933,0.1284,,,,False,preseason_mode,predict_20260916T200806Z_76297182,0.1.0-phase1,2026-09-16T20:08:06+00:00
BUNDESLIGA2627_MW05_043_TSGHoffenheim_HamburgerSV,5,TSG Hoffenheim,Hamburger SV,2026-10-09T00:00:00+00:00,0.6385,0.1995,0.162,0.5246,0.2379,0.2375,0.6961,0.1761,0.1277,True,preseason_mode,predict_20260916T200806Z_76297182,0.1.0-phase1,2026-09-16T20:08:06+00:00
BUNDESLIGA2627_MW05_044_RBLeipzig_EintrachtFrankfurt,5,RB Leipzig,Eintracht Frankfurt,2026-10-09T00:00:00+00:00,0.6054,0.2098,0.1849,0.5433,0.2167,0.24,0.6302,0.1906,0.1792,True,preseason_mode,predict_20260916T200806Z_76297182,0.1.0-phase1,2026-09-16T20:08:06+00:00
BUNDESLIGA2627_MW05_045_BorussiaDortmund_SVWerderBremen,5,Borussia Dortmund,SV Werder Bremen,2026-10-09T00:00:00+00:00,0.6947,0.1809,0.1243,0.711,0.1809,0.108,0.6657,0.1822,0.1521,True,preseason_mode,predict_20260916T200806Z_76297182,0.1.0-phase1,2026-09-16T20:08:06+00:00
BUNDESLIGA2627_MW06_046_SVElversberg_FCAugsburg,6,SV Elversberg,FC Augsburg,2026-10-16T00:00:00+00:00,0.4689,0.2839,0.2472,0.3637,0.2934,0.3429,,,,False,preseason_mode,predict_20260916T200806Z_76297182,0.1.0-phase1,2026-09-16T20:08:06+00:00
BUNDESLIGA2627_MW06_047_FCSchalke04_1.FSVMainz05,6,FC Schalke 04,1. FSV Mainz 05,2026-10-16T00:00:00+00:00,0.2756,0.2486,0.4758,0.1943,0.2454,0.5603,,,,False,preseason_mode,predict_20260916T200806Z_76297182,0.1.0-phase1,2026-09-16T20:08:06+00:00
BUNDESLIGA2627_MW06_048_SVWerderBremen_SCPaderborn07,6,SV Werder Bremen,SC Paderborn 07,2026-10-16T00:00:00+00:00,0.5317,0.2543,0.2139,0.5052,0.267,0.2278,,,,False,preseason_mode,predict_20260916T200806Z_76297182,0.1.0-phase1,2026-09-16T20:08:06+00:00
BUNDESLIGA2627_MW06_049_HamburgerSV_VfBStuttgart,6,Hamburger SV,VfB Stuttgart,2026-10-16T00:00:00+00:00,0.2426,0.2691,0.4883,0.2503,0.2419,0.5078,,,,False,preseason_mode,predict_20260916T200806Z_76297182,0.1.0-phase1,2026-09-16T20:08:06+00:00
BUNDESLIGA2627_MW06_050_BorussiaMönchengladbach_TSGHoffenheim,6,Borussia Mönchengladbach,TSG Hoffenheim,2026-10-16T00:00:00+00:00,0.3761,0.2848,0.3391,0.3904,0.2454,0.3642,,,,False,preseason_mode,predict_20260916T200806Z_76297182,0.1.0-phase1,2026-09-16T20:08:06+00:00
BUNDESLIGA2627_MW06_051_1.FCUnionBerlin_BorussiaDortmund,6,1. FC Union Berlin,Borussia Dortmund,2026-10-16T00:00:00+00:00,0.1797,0.2257,0.5946,0.1843,0.2328,0.5829,,,,False,preseason_mode,predict_20260916T200806Z_76297182,0.1.0-phase1,2026-09-16T20:08:06+00:00
BUNDESLIGA2627_MW06_052_EintrachtFrankfurt_1.FCKöln,6,Eintracht Frankfurt,1. FC Köln,2026-10-16T00:00:00+00:00,0.559,0.2395,0.2015,0.569,0.2128,0.2183,,,,False,preseason_mode,predict_20260916T200806Z_76297182,0.1.0-phase1,2026-09-16T20:08:06+00:00
BUNDESLIGA2627_MW06_053_Bayer04Leverkusen_Sport-ClubFreiburg,6,Bayer 04 Leverkusen,Sport-Club Freiburg,2026-10-16T00:00:00+00:00,0.5973,0.2415,0.1612,0.6294,0.2031,0.1674,,,,False,preseason_mode,predict_20260916T200806Z_76297182,0.1.0-phase1,2026-09-16T20:08:06+00:00
BUNDESLIGA2627_MW06_054_FCBayernMünchen_RBLeipzig,6,FC Bayern München,RB Leipzig,2026-10-16T00:00:00+00:00,0.6628,0.228,0.1092,0.7327,0.1473,0.12,,,,False,preseason_mode,predict_20260916T200806Z_76297182,0.1.0-phase1,2026-09-16T20:08:06+00:00
BUNDESLIGA2627_MW07_055_SCPaderborn07_HamburgerSV,7,SC Paderborn 07,Hamburger SV,2026-10-23T00:00:00+00:00,0.3054,0.2605,0.4341,0.3082,0.2888,0.403,,,,False,preseason_mode,predict_20260916T200806Z_76297182,0.1.0-phase1,2026-09-16T20:08:06+00:00
BUNDESLIGA2627_MW07_056_1.FCKöln_FCSchalke04,7,1. FC Köln,FC Schalke 04,2026-10-23T00:00:00+00:00,0.4626,0.2807,0.2567,0.6174,0.2147,0.1679,,,,False,preseason_mode,predict_20260916T200806Z_76297182,0.1.0-phase1,2026-09-16T20:08:06+00:00
BUNDESLIGA2627_MW07_057_1.FSVMainz05_SVWerderBremen,7,1. FSV Mainz 05,SV Werder Bremen,2026-10-23T00:00:00+00:00,0.5181,0.2557,0.2262,0.4991,0.2661,0.2349,,,,False,preseason_mode,predict_20260916T200806Z_76297182,0.1.0-phase1,2026-09-16T20:08:06+00:00
BUNDESLIGA2627_MW07_058_FCAugsburg_1.FCUnionBerlin,7,FC Augsburg,1. FC Union Berlin,2026-10-23T00:00:00+00:00,0.4232,0.2733,0.3036,0.4149,0.2796,0.3055,,,,False,preseason_mode,predict_20260916T200806Z_76297182,0.1.0-phase1,2026-09-16T20:08:06+00:00
BUNDESLIGA2627_MW07_059_Sport-ClubFreiburg_FCBayernMünchen,7,Sport-Club Freiburg,FC Bayern München,2026-10-23T00:00:00+00:00,0.1234,0.1753,0.7013,0.1197,0.1516,0.7287,,,,False,preseason_mode,predict_20260916T200806Z_76297182,0.1.0-phase1,2026-09-16T20:08:06+00:00
BUNDESLIGA2627_MW07_060_TSGHoffenheim_Bayer04Leverkusen,7,TSG Hoffenheim,Bayer 04 Leverkusen,2026-10-23T00:00:00+00:00,0.3144,0.2515,0.4341,0.2977,0.2272,0.4751,,,,False,preseason_mode,predict_20260916T200806Z_76297182,0.1.0-phase1,2026-09-16T20:08:06+00:00
BUNDESLIGA2627_MW07_061_VfBStuttgart_BorussiaMönchengladbach,7,VfB Stuttgart,Borussia Mönchengladbach,2026-10-23T00:00:00+00:00,0.5435,0.2556,0.2009,0.6089,0.2073,0.1838,,,,False,preseason_mode,predict_20260916T200806Z_76297182,0.1.0-phase1,2026-09-16T20:08:06+00:00
BUNDESLIGA2627_MW07_062_RBLeipzig_SVElversberg,7,RB Leipzig,SV Elversberg,2026-10-23T00:00:00+00:00,0.5524,0.2557,0.1919,0.6517,0.2106,0.1377,,,,False,preseason_mode,predict_20260916T200806Z_76297182,0.1.0-phase1,2026-09-16T20:08:06+00:00
BUNDESLIGA2627_MW07_063_BorussiaDortmund_EintrachtFrankfurt,7,Borussia Dortmund,Eintracht Frankfurt,2026-10-23T00:00:00+00:00,0.6449,0.2187,0.1364,0.6408,0.1931,0.1661,,,,False,preseason_mode,predict_20260916T200806Z_76297182,0.1.0-phase1,2026-09-16T20:08:06+00:00
BUNDESLIGA2627_MW08_064_SVElversberg_1.FSVMainz05,8,SV Elversberg,1. FSV Mainz 05,2026-10-30T00:00:00+00:00,0.4095,0.2839,0.3065,0.2953,0.2934,0.4113,,,,False,preseason_mode,predict_20260916T200806Z_76297182,0.1.0-phase1,2026-09-16T20:08:06+00:00
BUNDESLIGA2627_MW08_065_FCSchalke04_RBLeipzig,8,FC Schalke 04,RB Leipzig,2026-10-30T00:00:00+00:00,0.1742,0.2052,0.6207,0.1247,0.1847,0.6906,,,,False,preseason_mode,predict_20260916T200806Z_76297182,0.1.0-phase1,2026-09-16T20:08:06+00:00
BUNDESLIGA2627_MW08_066_SVWerderBremen_TSGHoffenheim,8,SV Werder Bremen,TSG Hoffenheim,2026-10-30T00:00:00+00:00,0.2948,0.2814,0.4238,0.3312,0.2504,0.4184,,,,False,preseason_mode,predict_20260916T200806Z_76297182,0.1.0-phase1,2026-09-16T20:08:06+00:00
BUNDESLIGA2627_MW08_067_BorussiaMönchengladbach_SCPaderborn07,8,Borussia Mönchengladbach,SC Paderborn 07,2026-10-30T00:00:00+00:00,0.606,0.2364,0.1576,0.5674,0.2439,0.1888,,,,False,preseason_mode,predict_20260916T200806Z_76297182,0.1.0-phase1,2026-09-16T20:08:06+00:00
BUNDESLIGA2627_MW08_068_1.FCUnionBerlin_1.FCKöln,8,1. FC Union Berlin,1. FC Köln,2026-10-30T00:00:00+00:00,0.4656,0.2621,0.2722,0.4319,0.2644,0.3037,,,,False,preseason_mode,predict_20260916T200806Z_76297182,0.1.0-phase1,2026-09-16T20:08:06+00:00
BUNDESLIGA2627_MW08_069_FCAugsburg_Sport-ClubFreiburg,8,FC Augsburg,Sport-Club Freiburg,2026-10-30T00:00:00+00:00,0.3647,0.2774,0.3579,0.3667,0.2674,0.3659,,,,False,preseason_mode,predict_20260916T200806Z_76297182,0.1.0-phase1,2026-09-16T20:08:06+00:00
BUNDESLIGA2627_MW08_070_EintrachtFrankfurt_HamburgerSV,8,Eintracht Frankfurt,Hamburger SV,2026-10-30T00:00:00+00:00,0.5437,0.2335,0.2228,0.5314,0.2369,0.2317,,,,False,preseason_mode,predict_20260916T200806Z_76297182,0.1.0-phase1,2026-09-16T20:08:06+00:00
BUNDESLIGA2627_MW08_071_Bayer04Leverkusen_VfBStuttgart,8,Bayer 04 Leverkusen,VfB Stuttgart,2026-10-30T00:00:00+00:00,0.5024,0.2515,0.2462,0.4923,0.2251,0.2825,,,,False,preseason_mode,predict_20260916T200806Z_76297182,0.1.0-phase1,2026-09-16T20:08:06+00:00
BUNDESLIGA2627_MW08_072_FCBayernMünchen_BorussiaDortmund,8,FC Bayern München,Borussia Dortmund,2026-10-30T00:00:00+00:00,0.6169,0.2338,0.1493,0.6249,0.1873,0.1878,,,,False,preseason_mode,predict_20260916T200806Z_76297182,0.1.0-phase1,2026-09-16T20:08:06+00:00
BUNDESLIGA2627_MW09_073_SCPaderborn07_EintrachtFrankfurt,9,SC Paderborn 07,Eintracht Frankfurt,2026-11-06T00:00:00+00:00,0.227,0.2319,0.5412,0.2374,0.2384,0.5242,,,,False,preseason_mode,predict_20260916T200806Z_76297182,0.1.0-phase1,2026-09-16T20:08:06+00:00
BUNDESLIGA2627_MW09_074_1.FCKöln_Bayer04Leverkusen,9,1. FC Köln,Bayer 04 Leverkusen,2026-11-06T00:00:00+00:00,0.1964,0.2387,0.5648,0.2074,0.2178,0.5747,,,,False,preseason_mode,predict_20260916T200806Z_76297182,0.1.0-phase1,2026-09-16T20:08:06+00:00
BUNDESLIGA2627_MW09_075_HamburgerSV_BorussiaMönchengladbach,9,Hamburger SV,Borussia Mönchengladbach,2026-11-06T00:00:00+00:00,0.3496,0.2869,0.3635,0.3815,0.2791,0.3393,,,,False,preseason_mode,predict_20260916T200806Z_76297182,0.1.0-phase1,2026-09-16T20:08:06+00:00
BUNDESLIGA2627_MW09_076_1.FSVMainz05_FCBayernMünchen,9,1. FSV Mainz 05,FC Bayern München,2026-11-06T00:00:00+00:00,0.1274,0.1872,0.6854,0.135,0.1724,0.6925,,,,False,preseason_mode,predict_20260916T200806Z_76297182,0.1.0-phase1,2026-09-16T20:08:06+00:00
BUNDESLIGA2627_MW09_077_Sport-ClubFreiburg_1.FCUnionBerlin,9,Sport-Club Freiburg,1. FC Union Berlin,2026-11-06T00:00:00+00:00,0.4851,0.265,0.2499,0.4829,0.2595,0.2576,,,,False,preseason_mode,predict_20260916T200806Z_76297182,0.1.0-phase1,2026-09-16T20:08:06+00:00
BUNDESLIGA2627_MW09_078_TSGHoffenheim_FCSchalke04,9,TSG Hoffenheim,FC Schalke 04,2026-11-06T00:00:00+00:00,0.5842,0.2683,0.1476,0.735,0.1599,0.105,,,,False,preseason_mode,predict_20260916T200806Z_76297182,0.1.0-phase1,2026-09-16T20:08:06+00:00
BUNDESLIGA2627_MW09_079_VfBStuttgart_SVWerderBremen,9,VfB Stuttgart,SV Werder Bremen,2026-11-06T00:00:00+00:00,0.6148,0.2315,0.1537,0.6582,0.1945,0.1473,,,,False,preseason_mode,predict_20260916T200806Z_76297182,0.1.0-phase1,2026-09-16T20:08:06+00:00
BUNDESLIGA2627_MW09_080_RBLeipzig_FCAugsburg,9,RB Leipzig,FC Augsburg,2026-11-06T00:00:00+00:00,0.6491,0.2057,0.1451,0.6226,0.2129,0.1645,,,,False,preseason_mode,predict_20260916T200806Z_76297182,0.1.0-phase1,2026-09-16T20:08:06+00:00
BUNDESLIGA2627_MW09_081_BorussiaDortmund_SVElversberg,9,Borussia Dortmund,SV Elversberg,2026-11-06T00:00:00+00:00,0.6111,0.2508,0.138,0.7288,0.1781,0.093,,,,False,preseason_mode,predict_20260916T200806Z_76297182,0.1.0-phase1,2026-09-16T20:08:06+00:00
BUNDESLIGA2627_MW10_082_SVElversberg_Sport-ClubFreiburg,10,SV Elversberg,Sport-Club Freiburg,2026-11-20T00:00:00+00:00,0.4151,0.2842,0.3007,0.3158,0.2802,0.404,,,,False,preseason_mode,predict_20260916T200806Z_76297182,0.1.0-phase1,2026-09-16T20:08:06+00:00
BUNDESLIGA2627_MW10_083_FCSchalke04_VfBStuttgart,10,FC Schalke 04,VfB Stuttgart,2026-11-20T00:00:00+00:00,0.1944,0.2017,0.6039,0.1132,0.1668,0.72,,,,False,preseason_mode,predict_20260916T200806Z_76297182,0.1.0-phase1,2026-09-16T20:08:06+00:00
BUNDESLIGA2627_MW10_084_SVWerderBremen_HamburgerSV,10,SV Werder Bremen,Hamburger SV,2026-11-20T00:00:00+00:00,0.4214,0.2672,0.3114,0.3957,0.2853,0.319,,,,False,preseason_mode,predict_20260916T200806Z_76297182,0.1.0-phase1,2026-09-16T20:08:06+00:00
BUNDESLIGA2627_MW10_085_BorussiaMönchengladbach_BorussiaDortmund,10,Borussia Mönchengladbach,Borussia Dortmund,2026-11-20T00:00:00+00:00,0.2123,0.2443,0.5434,0.2176,0.2372,0.5453,,,,False,preseason_mode,predict_20260916T200806Z_76297182,0.1.0-phase1,2026-09-16T20:08:06+00:00
BUNDESLIGA2627_MW10_086_1.FCUnionBerlin_RBLeipzig,10,1. FC Union Berlin,RB Leipzig,2026-11-20T00:00:00+00:00,0.2346,0.2658,0.4996,0.2552,0.2521,0.4927,,,,False,preseason_mode,predict_20260916T200806Z_76297182,0.1.0-phase1,2026-09-16T20:08:06+00:00
BUNDESLIGA2627_MW10_087_FCAugsburg_1.FSVMainz05,10,FC Augsburg,1. FSV Mainz 05,2026-11-20T00:00:00+00:00,0.3653,0.2605,0.3742,0.3428,0.2812,0.3759,,,,False,preseason_mode,predict_20260916T200806Z_76297182,0.1.0-phase1,2026-09-16T20:08:06+00:00
BUNDESLIGA2627_MW10_088_EintrachtFrankfurt_TSGHoffenheim,10,Eintracht Frankfurt,TSG Hoffenheim,2026-11-20T00:00:00+00:00,0.4077,0.2749,0.3174,0.4653,0.2208,0.3138,,,,False,preseason_mode,predict_20260916T200806Z_76297182,0.1.0-phase1,2026-09-16T20:08:06+00:00
BUNDESLIGA2627_MW10_089_Bayer04Leverkusen_SCPaderborn07,10,Bayer 04 Leverkusen,SC Paderborn 07,2026-11-20T00:00:00+00:00,0.7097,0.2049,0.0854,0.7625,0.1547,0.0828,,,,False,preseason_mode,predict_20260916T200806Z_76297182,0.1.0-phase1,2026-09-16T20:08:06+00:00
BUNDESLIGA2627_MW10_090_FCBayernMünchen_1.FCKöln,10,FC Bayern München,1. FC Köln,2026-11-20T00:00:00+00:00,0.8026,0.1404,0.057,0.8844,0.0758,0.0398,,,,False,preseason_mode,predict_20260916T200806Z_76297182,0.1.0-phase1,2026-09-16T20:08:06+00:00
BUNDESLIGA2627_MW11_091_SCPaderborn07_FCSchalke04,11,SC Paderborn 07,FC Schalke 04,2026-11-27T00:00:00+00:00,0.3668,0.2799,0.3533,0.4956,0.265,0.2393,,,,False,preseason_mode,predict_20260916T200806Z_76297182,0.1.0-phase1,2026-09-16T20:08:06+00:00
BUNDESLIGA2627_MW11_092_SVWerderBremen_BorussiaMönchengladbach,11,SV Werder Bremen,Borussia Mönchengladbach,2026-11-27T00:00:00+00:00,0.3457,0.2759,0.3784,0.3671,0.2751,0.3578,,,,False,preseason_mode,predict_20260916T200806Z_76297182,0.1.0-phase1,2026-09-16T20:08:06+00:00
BUNDESLIGA2627_MW11_093_1.FCKöln_SVElversberg,11,1. FC Köln,SV Elversberg,2026-11-27T00:00:00+00:00,0.3247,0.2503,0.4249,0.4598,0.2699,0.2702,,,,False,preseason_mode,predict_20260916T200806Z_76297182,0.1.0-phase1,2026-09-16T20:08:06+00:00
BUNDESLIGA2627_MW11_094_HamburgerSV_FCBayernMünchen,11,Hamburger SV,FC Bayern München,2026-11-27T00:00:00+00:00,0.1038,0.1719,0.7242,0.0975,0.1474,0.7551,,,,False,preseason_mode,predict_20260916T200806Z_76297182,0.1.0-phase1,2026-09-16T20:08:06+00:00
BUNDESLIGA2627_MW11_095_1.FSVMainz05_1.FCUnionBerlin,11,1. FSV Mainz 05,1. FC Union Berlin,2026-11-27T00:00:00+00:00,0.4788,0.2806,0.2406,0.4883,0.2704,0.2413,,,,False,preseason_mode,predict_20260916T200806Z_76297182,0.1.0-phase1,2026-09-16T20:08:06+00:00
BUNDESLIGA2627_MW11_096_Sport-ClubFreiburg_RBLeipzig,11,Sport-Club Freiburg,RB Leipzig,2026-11-27T00:00:00+00:00,0.2826,0.2754,0.442,0.3109,0.2471,0.4421,,,,False,preseason_mode,predict_20260916T200806Z_76297182,0.1.0-phase1,2026-09-16T20:08:06+00:00
BUNDESLIGA2627_MW11_097_TSGHoffenheim_FCAugsburg,11,TSG Hoffenheim,FC Augsburg,2026-11-27T00:00:00+00:00,0.5507,0.2434,0.206,0.541,0.2292,0.2297,,,,False,preseason_mode,predict_20260916T200806Z_76297182,0.1.0-phase1,2026-09-16T20:08:06+00:00
BUNDESLIGA2627_MW11_098_VfBStuttgart_EintrachtFrankfurt,11,VfB Stuttgart,Eintracht Frankfurt,2026-11-27T00:00:00+00:00,0.5196,0.2703,0.2101,0.572,0.2025,0.2255,,,,False,preseason_mode,predict_20260916T200806Z_76297182,0.1.0-phase1,2026-09-16T20:08:06+00:00
BUNDESLIGA2627_MW11_099_BorussiaDortmund_Bayer04Leverkusen,11,Borussia Dortmund,Bayer 04 Leverkusen,2026-11-27T00:00:00+00:00,0.5112,0.2509,0.2379,0.4837,0.2398,0.2765,,,,False,preseason_mode,predict_20260916T200806Z_76297182,0.1.0-phase1,2026-09-16T20:08:06+00:00
BUNDESLIGA2627_MW12_100_SVElversberg_VfBStuttgart,12,SV Elversberg,VfB Stuttgart,2026-12-04T00:00:00+00:00,0.3165,0.2539,0.4296,0.2043,0.2353,0.5604,,,,False,preseason_mode,predict_20260916T200806Z_76297182,0.1.0-phase1,2026-09-16T20:08:06+00:00
BUNDESLIGA2627_MW12_101_FCSchalke04_BorussiaDortmund,12,FC Schalke 04,Borussia Dortmund,2026-12-04T00:00:00+00:00,0.1328,0.168,0.6992,0.0815,0.1514,0.7671,,,,False,preseason_mode,predict_20260916T200806Z_76297182,0.1.0-phase1,2026-09-16T20:08:06+00:00
BUNDESLIGA2627_MW12_102_1.FCUnionBerlin_HamburgerSV,12,1. FC Union Berlin,Hamburger SV,2026-12-04T00:00:00+00:00,0.4481,0.2549,0.297,0.4024,0.287,0.3106,,,,False,preseason_mode,predict_20260916T200806Z_76297182,0.1.0-phase1,2026-09-16T20:08:06+00:00
BUNDESLIGA2627_MW12_103_FCAugsburg_1.FCKöln,12,FC Augsburg,1. FC Köln,2026-12-04T00:00:00+00:00,0.4655,0.2605,0.2739,0.4344,0.2603,0.3053,,,,False,preseason_mode,predict_20260916T200806Z_76297182,0.1.0-phase1,2026-09-16T20:08:06+00:00
BUNDESLIGA2627_MW12_104_EintrachtFrankfurt_SVWerderBremen,12,Eintracht Frankfurt,SV Werder Bremen,2026-12-04T00:00:00+00:00,0.5537,0.2341,0.2121,0.5549,0.2278,0.2173,,,,False,preseason_mode,predict_20260916T200806Z_76297182,0.1.0-phase1,2026-09-16T20:08:06+00:00
BUNDESLIGA2627_MW12_105_Sport-ClubFreiburg_TSGHoffenheim,12,Sport-Club Freiburg,TSG Hoffenheim,2026-12-04T00:00:00+00:00,0.38,0.278,0.342,0.4072,0.2396,0.3531,,,,False,preseason_mode,predict_20260916T200806Z_76297182,0.1.0-phase1,2026-09-16T20:08:06+00:00
BUNDESLIGA2627_MW12_106_Bayer04Leverkusen_BorussiaMönchengladbach,12,Bayer 04 Leverkusen,Borussia Mönchengladbach,2026-12-04T00:00:00+00:00,0.6026,0.2327,0.1647,0.6357,0.2045,0.1598,,,,False,preseason_mode,predict_20260916T200806Z_76297182,0.1.0-phase1,2026-09-16T20:08:06+00:00
BUNDESLIGA2627_MW12_107_RBLeipzig_1.FSVMainz05,12,RB Leipzig,1. FSV Mainz 05,2026-12-04T00:00:00+00:00,0.5967,0.2136,0.1897,0.5382,0.241,0.2209,,,,False,preseason_mode,predict_20260916T200806Z_76297182,0.1.0-phase1,2026-09-16T20:08:06+00:00
BUNDESLIGA2627_MW12_108_FCBayernMünchen_SCPaderborn07,12,FC Bayern München,SC Paderborn 07,2026-12-04T00:00:00+00:00,0.7964,0.1571,0.0465,0.9171,0.0592,0.0236,,,,False,preseason_mode,predict_20260916T200806Z_76297182,0.1.0-phase1,2026-09-16T20:08:06+00:00
BUNDESLIGA2627_MW13_109_SCPaderborn07_SVElversberg,13,SC Paderborn 07,SV Elversberg,2026-12-11T00:00:00+00:00,0.2444,0.2262,0.5294,0.3541,0.3,0.3459,,,,False,preseason_mode,predict_20260916T200806Z_76297182,0.1.0-phase1,2026-09-16T20:08:06+00:00
BUNDESLIGA2627_MW13_110_SVWerderBremen_Bayer04Leverkusen,13,SV Werder Bremen,Bayer 04 Leverkusen,2026-12-11T00:00:00+00:00,0.2036,0.2434,0.553,0.2067,0.2334,0.5599,,,,False,preseason_mode,predict_20260916T200806Z_76297182,0.1.0-phase1,2026-09-16T20:08:06+00:00
BUNDESLIGA2627_MW13_111_1.FCKöln_RBLeipzig,13,1. FC Köln,RB Leipzig,2026-12-11T00:00:00+00:00,0.2078,0.2587,0.5335,0.2511,0.2327,0.5163,,,,False,preseason_mode,predict_20260916T200806Z_76297182,0.1.0-phase1,2026-09-16T20:08:06+00:00
BUNDESLIGA2627_MW13_112_HamburgerSV_FCSchalke04,13,Hamburger SV,FC Schalke 04,2026-12-11T00:00:00+00:00,0.4581,0.3016,0.2403,0.6074,0.2316,0.161,,,,False,preseason_mode,predict_20260916T200806Z_76297182,0.1.0-phase1,2026-09-16T20:08:06+00:00
BUNDESLIGA2627_MW13_113_BorussiaMönchengladbach_EintrachtFrankfurt,13,Borussia Mönchengladbach,Eintracht Frankfurt,2026-12-11T00:00:00+00:00,0.4016,0.2837,0.3146,0.3825,0.2462,0.3712,,,,False,preseason_mode,predict_20260916T200806Z_76297182,0.1.0-phase1,2026-09-16T20:08:06+00:00
BUNDESLIGA2627_MW13_114_1.FSVMainz05_Sport-ClubFreiburg,13,1. FSV Mainz 05,Sport-Club Freiburg,2026-12-11T00:00:00+00:00,0.424,0.29,0.2861,0.4423,0.2653,0.2925,,,,False,preseason_mode,predict_20260916T200806Z_76297182,0.1.0-phase1,2026-09-16T20:08:06+00:00
BUNDESLIGA2627_MW13_115_TSGHoffenheim_FCBayernMünchen,13,TSG Hoffenheim,FC Bayern München,2026-12-11T00:00:00+00:00,0.1388,0.1812,0.6799,0.1366,0.1494,0.714,,,,False,preseason_mode,predict_20260916T200806Z_76297182,0.1.0-phase1,2026-09-16T20:08:06+00:00
BUNDESLIGA2627_MW13_116_VfBStuttgart_1.FCUnionBerlin,13,VfB Stuttgart,1. FC Union Berlin,2026-12-11T00:00:00+00:00,0.5821,0.2526,0.1653,0.6465,0.2002,0.1534,,,,False,preseason_mode,predict_20260916T200806Z_76297182,0.1.0-phase1,2026-09-16T20:08:06+00:00
BUNDESLIGA2627_MW13_117_BorussiaDortmund_FCAugsburg,13,Borussia Dortmund,FC Augsburg,2026-12-11T00:00:00+00:00,0.7018,0.1923,0.1059,0.7061,0.1823,0.1117,,,,False,preseason_mode,predict_20260916T200806Z_76297182,0.1.0-phase1,2026-09-16T20:08:06+00:00
BUNDESLIGA2627_MW14_118_SVElversberg_HamburgerSV,14,SV Elversberg,Hamburger SV,2026-12-18T00:00:00+00:00,0.4799,0.2825,0.2377,0.3518,0.3003,0.3479,,,,False,preseason_mode,predict_20260916T200806Z_76297182,0.1.0-phase1,2026-09-16T20:08:06+00:00
BUNDESLIGA2627_MW14_119_FCSchalke04_BorussiaMönchengladbach,14,FC Schalke 04,Borussia Mönchengladbach,2026-12-18T00:00:00+00:00,0.2801,0.2599,0.4601,0.2166,0.2457,0.5377,,,,False,preseason_mode,predict_20260916T200806Z_76297182,0.1.0-phase1,2026-09-16T20:08:06+00:00
BUNDESLIGA2627_MW14_120_1.FCUnionBerlin_TSGHoffenheim,14,1. FC Union Berlin,TSG Hoffenheim,2026-12-18T00:00:00+00:00,0.3199,0.2782,0.4019,0.339,0.2531,0.4079,,,,False,preseason_mode,predict_20260916T200806Z_76297182,0.1.0-phase1,2026-09-16T20:08:06+00:00
BUNDESLIGA2627_MW14_121_1.FSVMainz05_1.FCKöln,14,1. FSV Mainz 05,1. FC Köln,2026-12-18T00:00:00+00:00,0.5226,0.2626,0.2148,0.5125,0.2497,0.2379,,,,False,preseason_mode,predict_20260916T200806Z_76297182,0.1.0-phase1,2026-09-16T20:08:06+00:00
BUNDESLIGA2627_MW14_122_FCAugsburg_SCPaderborn07,14,FC Augsburg,SC Paderborn 07,2026-12-18T00:00:00+00:00,0.5363,0.2687,0.1949,0.5154,0.2628,0.2218,,,,False,preseason_mode,predict_20260916T200806Z_76297182,0.1.0-phase1,2026-09-16T20:08:06+00:00
BUNDESLIGA2627_MW14_123_Sport-ClubFreiburg_VfBStuttgart,14,Sport-Club Freiburg,VfB Stuttgart,2026-12-18T00:00:00+00:00,0.3183,0.257,0.4247,0.2981,0.2348,0.4671,,,,False,preseason_mode,predict_20260916T200806Z_76297182,0.1.0-phase1,2026-09-16T20:08:06+00:00
BUNDESLIGA2627_MW14_124_Bayer04Leverkusen_EintrachtFrankfurt,14,Bayer 04 Leverkusen,Eintracht Frankfurt,2026-12-18T00:00:00+00:00,0.5805,0.2478,0.1717,0.6037,0.2006,0.1957,,,,False,preseason_mode,predict_20260916T200806Z_76297182,0.1.0-phase1,2026-09-16T20:08:06+00:00
BUNDESLIGA2627_MW14_125_RBLeipzig_BorussiaDortmund,14,RB Leipzig,Borussia Dortmund,2026-12-18T00:00:00+00:00,0.3527,0.2513,0.396,0.3413,0.249,0.4096,,,,False,preseason_mode,predict_20260916T200806Z_76297182,0.1.0-phase1,2026-09-16T20:08:06+00:00
BUNDESLIGA2627_MW14_126_FCBayernMünchen_SVWerderBremen,14,FC Bayern München,SV Werder Bremen,2026-12-18T00:00:00+00:00,0.8033,0.1382,0.0585,0.8687,0.0878,0.0435,,,,False,preseason_mode,predict_20260916T200806Z_76297182,0.1.0-phase1,2026-09-16T20:08:06+00:00
BUNDESLIGA2627_MW15_127_SCPaderborn07_RBLeipzig,15,SC Paderborn 07,RB Leipzig,2027-01-08T00:00:00+00:00,0.156,0.1827,0.6613,0.1763,0.2251,0.5986,,,,False,preseason_mode,predict_20260916T200806Z_76297182,0.1.0-phase1,2026-09-16T20:08:06+00:00
BUNDESLIGA2627_MW15_128_SVWerderBremen_1.FCUnionBerlin,15,SV Werder Bremen,1. FC Union Berlin,2027-01-08T00:00:00+00:00,0.3933,0.2891,0.3176,0.4056,0.2824,0.312,,,,False,preseason_mode,predict_20260916T200806Z_76297182,0.1.0-phase1,2026-09-16T20:08:06+00:00
BUNDESLIGA2627_MW15_129_1.FCKöln_Sport-ClubFreiburg,15,1. FC Köln,Sport-Club Freiburg,2027-01-08T00:00:00+00:00,0.3284,0.2862,0.3855,0.3676,0.2537,0.3787,,,,False,preseason_mode,predict_20260916T200806Z_76297182,0.1.0-phase1,2026-09-16T20:08:06+00:00
BUNDESLIGA2627_MW15_130_HamburgerSV_Bayer04Leverkusen,15,Hamburger SV,Bayer 04 Leverkusen,2027-01-08T00:00:00+00:00,0.2124,0.256,0.5316,0.2204,0.2429,0.5367,,,,False,preseason_mode,predict_20260916T200806Z_76297182,0.1.0-phase1,2026-09-16T20:08:06+00:00
BUNDESLIGA2627_MW15_131_BorussiaMönchengladbach_FCBayernMünchen,15,Borussia Mönchengladbach,FC Bayern München,2027-01-08T00:00:00+00:00,0.1197,0.1836,0.6966,0.1139,0.1519,0.7342,,,,False,preseason_mode,predict_20260916T200806Z_76297182,0.1.0-phase1,2026-09-16T20:08:06+00:00
BUNDESLIGA2627_MW15_132_EintrachtFrankfurt_FCSchalke04,15,Eintracht Frankfurt,FC Schalke 04,2027-01-08T00:00:00+00:00,0.5666,0.2681,0.1653,0.7405,0.1578,0.1017,,,,False,preseason_mode,predict_20260916T200806Z_76297182,0.1.0-phase1,2026-09-16T20:08:06+00:00
BUNDESLIGA2627_MW15_133_TSGHoffenheim_SVElversberg,15,TSG Hoffenheim,SV Elversberg,2027-01-08T00:00:00+00:00,0.4569,0.2749,0.2682,0.5768,0.2301,0.1931,,,,False,preseason_mode,predict_20260916T200806Z_76297182,0.1.0-phase1,2026-09-16T20:08:06+00:00
BUNDESLIGA2627_MW15_134_VfBStuttgart_FCAugsburg,15,VfB Stuttgart,FC Augsburg,2027-01-08T00:00:00+00:00,0.5907,0.2489,0.1604,0.6522,0.1957,0.1522,,,,False,preseason_mode,predict_20260916T200806Z_76297182,0.1.0-phase1,2026-09-16T20:08:06+00:00
BUNDESLIGA2627_MW15_135_BorussiaDortmund_1.FSVMainz05,15,Borussia Dortmund,1. FSV Mainz 05,2027-01-08T00:00:00+00:00,0.661,0.203,0.136,0.6269,0.2168,0.1563,,,,False,preseason_mode,predict_20260916T200806Z_76297182,0.1.0-phase1,2026-09-16T20:08:06+00:00
BUNDESLIGA2627_MW16_136_SVElversberg_EintrachtFrankfurt,16,SV Elversberg,Eintracht Frankfurt,2027-01-12T00:00:00+00:00,0.3915,0.2912,0.3173,0.2838,0.258,0.4583,,,,False,preseason_mode,predict_20260916T200806Z_76297182,0.1.0-phase1,2026-09-16T20:08:06+00:00
BUNDESLIGA2627_MW16_137_FCSchalke04_SVWerderBremen,16,FC Schalke 04,SV Werder Bremen,2027-01-12T00:00:00+00:00,0.3524,0.2764,0.3712,0.2594,0.2658,0.4748,,,,False,preseason_mode,predict_20260916T200806Z_76297182,0.1.0-phase1,2026-09-16T20:08:06+00:00
BUNDESLIGA2627_MW16_138_1.FCKöln_BorussiaDortmund,16,1. FC Köln,Borussia Dortmund,2027-01-12T00:00:00+00:00,0.158,0.2175,0.6246,0.1775,0.2114,0.6111,,,,False,preseason_mode,predict_20260916T200806Z_76297182,0.1.0-phase1,2026-09-16T20:08:06+00:00
BUNDESLIGA2627_MW16_139_1.FCUnionBerlin_SCPaderborn07,16,1. FC Union Berlin,SC Paderborn 07,2027-01-12T00:00:00+00:00,0.5435,0.2592,0.1973,0.5115,0.2673,0.2212,,,,False,preseason_mode,predict_20260916T200806Z_76297182,0.1.0-phase1,2026-09-16T20:08:06+00:00
BUNDESLIGA2627_MW16_140_1.FSVMainz05_TSGHoffenheim,16,1. FSV Mainz 05,TSG Hoffenheim,2027-01-12T00:00:00+00:00,0.3783,0.2941,0.3277,0.4188,0.2515,0.3298,,,,False,preseason_mode,predict_20260916T200806Z_76297182,0.1.0-phase1,2026-09-16T20:08:06+00:00
BUNDESLIGA2627_MW16_141_FCAugsburg_BorussiaMönchengladbach,16,FC Augsburg,Borussia Mönchengladbach,2027-01-12T00:00:00+00:00,0.376,0.261,0.363,0.3761,0.273,0.3509,,,,False,preseason_mode,predict_20260916T200806Z_76297182,0.1.0-phase1,2026-09-16T20:08:06+00:00
BUNDESLIGA2627_MW16_142_Sport-ClubFreiburg_HamburgerSV,16,Sport-Club Freiburg,Hamburger SV,2027-01-12T00:00:00+00:00,0.5134,0.2434,0.2432,0.4719,0.2634,0.2647,,,,False,preseason_mode,predict_20260916T200806Z_76297182,0.1.0-phase1,2026-09-16T20:08:06+00:00
BUNDESLIGA2627_MW16_143_RBLeipzig_VfBStuttgart,16,RB Leipzig,VfB Stuttgart,2027-01-12T00:00:00+00:00,0.4952,0.2308,0.274,0.432,0.233,0.335,,,,False,preseason_mode,predict_20260916T200806Z_76297182,0.1.0-phase1,2026-09-16T20:08:06+00:00
BUNDESLIGA2627_MW16_144_FCBayernMünchen_Bayer04Leverkusen,16,FC Bayern München,Bayer 04 Leverkusen,2027-01-12T00:00:00+00:00,0.6728,0.2088,0.1184,0.6786,0.1666,0.1548,,,,False,preseason_mode,predict_20260916T200806Z_76297182,0.1.0-phase1,2026-09-16T20:08:06+00:00
BUNDESLIGA2627_MW17_145_SCPaderborn07_1.FCKöln,17,SC Paderborn 07,1. FC Köln,2027-01-15T00:00:00+00:00,0.318,0.2743,0.4077,0.3293,0.2689,0.4018,,,,False,preseason_mode,predict_20260916T200806Z_76297182,0.1.0-phase1,2026-09-16T20:08:06+00:00
BUNDESLIGA2627_MW17_146_SVWerderBremen_SVElversberg,17,SV Werder Bremen,SV Elversberg,2027-01-15T00:00:00+00:00,0.3341,0.2477,0.4182,0.4438,0.2875,0.2686,,,,False,preseason_mode,predict_20260916T200806Z_76297182,0.1.0-phase1,2026-09-16T20:08:06+00:00
BUNDESLIGA2627_MW17_147_HamburgerSV_FCAugsburg,17,Hamburger SV,FC Augsburg,2027-01-15T00:00:00+00:00,0.3904,0.3053,0.3043,0.4229,0.2807,0.2963,,,,False,preseason_mode,predict_20260916T200806Z_76297182,0.1.0-phase1,2026-09-16T20:08:06+00:00
BUNDESLIGA2627_MW17_148_BorussiaMönchengladbach_1.FCUnionBerlin,17,Borussia Mönchengladbach,1. FC Union Berlin,2027-01-15T00:00:00+00:00,0.4799,0.2729,0.2472,0.4649,0.2679,0.2673,,,,False,preseason_mode,predict_20260916T200806Z_76297182,0.1.0-phase1,2026-09-16T20:08:06+00:00
BUNDESLIGA2627_MW17_149_EintrachtFrankfurt_FCBayernMünchen,17,Eintracht Frankfurt,FC Bayern München,2027-01-15T00:00:00+00:00,0.1281,0.1799,0.692,0.1418,0.1528,0.7054,,,,False,preseason_mode,predict_20260916T200806Z_76297182,0.1.0-phase1,2026-09-16T20:08:06+00:00
BUNDESLIGA2627_MW17_150_Bayer04Leverkusen_FCSchalke04,17,Bayer 04 Leverkusen,FC Schalke 04,2027-01-15T00:00:00+00:00,0.6618,0.2379,0.1003,0.8371,0.1112,0.0517,,,,False,preseason_mode,predict_20260916T200806Z_76297182,0.1.0-phase1,2026-09-16T20:08:06+00:00
BUNDESLIGA2627_MW17_151_TSGHoffenheim_RBLeipzig,17,TSG Hoffenheim,RB Leipzig,2027-01-15T00:00:00+00:00,0.3253,0.2764,0.3983,0.3513,0.2337,0.415,,,,False,preseason_mode,predict_20260916T200806Z_76297182,0.1.0-phase1,2026-09-16T20:08:06+00:00
BUNDESLIGA2627_MW17_152_VfBStuttgart_1.FSVMainz05,17,VfB Stuttgart,1. FSV Mainz 05,2027-01-15T00:00:00+00:00,0.539,0.2533,0.2077,0.5663,0.2254,0.2083,,,,False,preseason_mode,predict_20260916T200806Z_76297182,0.1.0-phase1,2026-09-16T20:08:06+00:00
BUNDESLIGA2627_MW17_153_BorussiaDortmund_Sport-ClubFreiburg,17,Borussia Dortmund,Sport-Club Freiburg,2027-01-15T00:00:00+00:00,0.6607,0.2115,0.1278,0.663,0.1948,0.1422,,,,False,preseason_mode,predict_20260916T200806Z_76297182,0.1.0-phase1,2026-09-16T20:08:06+00:00
BUNDESLIGA2627_MW18_154_SCPaderborn07_1.FSVMainz05,18,SC Paderborn 07,1. FSV Mainz 05,2027-01-22T00:00:00+00:00,0.2406,0.2328,0.5266,0.2533,0.2758,0.4709,,,,False,preseason_mode,predict_20260916T200806Z_76297182,0.1.0-phase1,2026-09-16T20:08:06+00:00
BUNDESLIGA2627_MW18_155_FCSchalke04_FCAugsburg,18,FC Schalke 04,FC Augsburg,2027-01-22T00:00:00+00:00,0.3323,0.2643,0.4034,0.2529,0.2621,0.4849,,,,False,preseason_mode,predict_20260916T200806Z_76297182,0.1.0-phase1,2026-09-16T20:08:06+00:00
BUNDESLIGA2627_MW18_156_SVWerderBremen_Sport-ClubFreiburg,18,SV Werder Bremen,Sport-Club Freiburg,2027-01-22T00:00:00+00:00,0.3388,0.2872,0.374,0.3578,0.2693,0.3729,,,,False,preseason_mode,predict_20260916T200806Z_76297182,0.1.0-phase1,2026-09-16T20:08:06+00:00
BUNDESLIGA2627_MW18_157_HamburgerSV_BorussiaDortmund,18,Hamburger SV,Borussia Dortmund,2027-01-22T00:00:00+00:00,0.1714,0.2333,0.5953,0.1906,0.238,0.5713,,,,False,preseason_mode,predict_20260916T200806Z_76297182,0.1.0-phase1,2026-09-16T20:08:06+00:00
BUNDESLIGA2627_MW18_158_BorussiaMönchengladbach_RBLeipzig,18,Borussia Mönchengladbach,RB Leipzig,2027-01-22T00:00:00+00:00,0.2747,0.2836,0.4417,0.2975,0.251,0.4515,,,,False,preseason_mode,predict_20260916T200806Z_76297182,0.1.0-phase1,2026-09-16T20:08:06+00:00
BUNDESLIGA2627_MW18_159_EintrachtFrankfurt_1.FCUnionBerlin,18,Eintracht Frankfurt,1. FC Union Berlin,2027-01-22T00:00:00+00:00,0.5133,0.2576,0.2291,0.5432,0.2324,0.2244,,,,False,preseason_mode,predict_20260916T200806Z_76297182,0.1.0-phase1,2026-09-16T20:08:06+00:00
BUNDESLIGA2627_MW18_160_Bayer04Leverkusen_SVElversberg,18,Bayer 04 Leverkusen,SV Elversberg,2027-01-22T00:00:00+00:00,0.5602,0.2611,0.1787,0.7021,0.188,0.11,,,,False,preseason_mode,predict_20260916T200806Z_76297182,0.1.0-phase1,2026-09-16T20:08:06+00:00
BUNDESLIGA2627_MW18_161_TSGHoffenheim_1.FCKöln,18,TSG Hoffenheim,1. FC Köln,2027-01-22T00:00:00+00:00,0.5851,0.2302,0.1847,0.5618,0.214,0.2242,,,,False,preseason_mode,predict_20260916T200806Z_76297182,0.1.0-phase1,2026-09-16T20:08:06+00:00
BUNDESLIGA2627_MW18_162_VfBStuttgart_FCBayernMünchen,18,VfB Stuttgart,FC Bayern München,2027-01-22T00:00:00+00:00,0.1808,0.2099,0.6093,0.2221,0.186,0.5918,,,,False,preseason_mode,predict_20260916T200806Z_76297182,0.1.0-phase1,2026-09-16T20:08:06+00:00
BUNDESLIGA2627_MW19_163_SVElversberg_BorussiaMönchengladbach,19,SV Elversberg,Borussia Mönchengladbach,2027-01-29T00:00:00+00:00,0.4119,0.2958,0.2924,0.3247,0.2872,0.3881,,,,False,preseason_mode,predict_20260916T200806Z_76297182,0.1.0-phase1,2026-09-16T20:08:06+00:00
BUNDESLIGA2627_MW19_164_1.FCKöln_VfBStuttgart,19,1. FC Köln,VfB Stuttgart,2027-01-29T00:00:00+00:00,0.2325,0.2495,0.518,0.2375,0.2185,0.544,,,,False,preseason_mode,predict_20260916T200806Z_76297182,0.1.0-phase1,2026-09-16T20:08:06+00:00
BUNDESLIGA2627_MW19_165_1.FCUnionBerlin_Bayer04Leverkusen,19,1. FC Union Berlin,Bayer 04 Leverkusen,2027-01-29T00:00:00+00:00,0.2242,0.2433,0.5325,0.2135,0.2382,0.5483,,,,False,preseason_mode,predict_20260916T200806Z_76297182,0.1.0-phase1,2026-09-16T20:08:06+00:00
BUNDESLIGA2627_MW19_166_1.FSVMainz05_HamburgerSV,19,1. FSV Mainz 05,Hamburger SV,2027-01-29T00:00:00+00:00,0.5077,0.2573,0.235,0.4775,0.2747,0.2479,,,,False,preseason_mode,predict_20260916T200806Z_76297182,0.1.0-phase1,2026-09-16T20:08:06+00:00
BUNDESLIGA2627_MW19_167_FCAugsburg_EintrachtFrankfurt,19,FC Augsburg,Eintracht Frankfurt,2027-01-29T00:00:00+00:00,0.3449,0.2756,0.3795,0.3327,0.2494,0.4179,,,,False,preseason_mode,predict_20260916T200806Z_76297182,0.1.0-phase1,2026-09-16T20:08:06+00:00
BUNDESLIGA2627_MW19_168_Sport-ClubFreiburg_SCPaderborn07,19,Sport-Club Freiburg,SC Paderborn 07,2027-01-29T00:00:00+00:00,0.5879,0.2574,0.1546,0.587,0.2334,0.1797,,,,False,preseason_mode,predict_20260916T200806Z_76297182,0.1.0-phase1,2026-09-16T20:08:06+00:00
BUNDESLIGA2627_MW19_169_RBLeipzig_SVWerderBremen,19,RB Leipzig,SV Werder Bremen,2027-01-29T00:00:00+00:00,0.674,0.191,0.1351,0.6286,0.2119,0.1594,,,,False,preseason_mode,predict_20260916T200806Z_76297182,0.1.0-phase1,2026-09-16T20:08:06+00:00
BUNDESLIGA2627_MW19_170_BorussiaDortmund_TSGHoffenheim,19,Borussia Dortmund,TSG Hoffenheim,2027-01-29T00:00:00+00:00,0.6273,0.2269,0.1459,0.6493,0.1897,0.1609,,,,False,preseason_mode,predict_20260916T200806Z_76297182,0.1.0-phase1,2026-09-16T20:08:06+00:00
BUNDESLIGA2627_MW19_171_FCBayernMünchen_FCSchalke04,19,FC Bayern München,FC Schalke 04,2027-01-29T00:00:00+00:00,0.7696,0.1786,0.0518,0.9545,0.0338,0.0117,,,,False,preseason_mode,predict_20260916T200806Z_76297182,0.1.0-phase1,2026-09-16T20:08:06+00:00
BUNDESLIGA2627_MW20_172_SCPaderborn07_BorussiaDortmund,20,SC Paderborn 07,Borussia Dortmund,2027-02-05T00:00:00+00:00,0.1184,0.1492,0.7324,0.1216,0.1958,0.6826,,,,False,preseason_mode,predict_20260916T200806Z_76297182,0.1.0-phase1,2026-09-16T20:08:06+00:00
BUNDESLIGA2627_MW20_173_FCSchalke04_1.FCUnionBerlin,20,FC Schalke 04,1. FC Union Berlin,2027-02-05T00:00:00+00:00,0.3271,0.2743,0.3987,0.252,0.2664,0.4816,,,,False,preseason_mode,predict_20260916T200806Z_76297182,0.1.0-phase1,2026-09-16T20:08:06+00:00
BUNDESLIGA2627_MW20_174_SVWerderBremen_1.FCKöln,20,SV Werder Bremen,1. FC Köln,2027-02-05T00:00:00+00:00,0.4368,0.276,0.2871,0.4245,0.2631,0.3123,,,,False,preseason_mode,predict_20260916T200806Z_76297182,0.1.0-phase1,2026-09-16T20:08:06+00:00
BUNDESLIGA2627_MW20_175_HamburgerSV_RBLeipzig,20,Hamburger SV,RB Leipzig,2027-02-05T00:00:00+00:00,0.2243,0.2772,0.4985,0.2624,0.2561,0.4815,,,,False,preseason_mode,predict_20260916T200806Z_76297182,0.1.0-phase1,2026-09-16T20:08:06+00:00
BUNDESLIGA2627_MW20_176_BorussiaMönchengladbach_Sport-ClubFreiburg,20,Borussia Mönchengladbach,Sport-Club Freiburg,2027-02-05T00:00:00+00:00,0.4237,0.2806,0.2957,0.4163,0.2605,0.3232,,,,False,preseason_mode,predict_20260916T200806Z_76297182,0.1.0-phase1,2026-09-16T20:08:06+00:00
BUNDESLIGA2627_MW20_177_EintrachtFrankfurt_1.FSVMainz05,20,Eintracht Frankfurt,1. FSV Mainz 05,2027-02-05T00:00:00+00:00,0.4564,0.2522,0.2914,0.4606,0.2477,0.2917,,,,False,preseason_mode,predict_20260916T200806Z_76297182,0.1.0-phase1,2026-09-16T20:08:06+00:00
BUNDESLIGA2627_MW20_178_Bayer04Leverkusen_FCAugsburg,20,Bayer 04 Leverkusen,FC Augsburg,2027-02-05T00:00:00+00:00,0.647,0.2211,0.1319,0.6762,0.1918,0.132,,,,False,preseason_mode,predict_20260916T200806Z_76297182,0.1.0-phase1,2026-09-16T20:08:06+00:00
BUNDESLIGA2627_MW20_179_VfBStuttgart_TSGHoffenheim,20,VfB Stuttgart,TSG Hoffenheim,2027-02-05T00:00:00+00:00,0.4952,0.2787,0.2262,0.5811,0.1998,0.2191,,,,False,preseason_mode,predict_20260916T200806Z_76297182,0.1.0-phase1,2026-09-16T20:08:06+00:00
BUNDESLIGA2627_MW20_180_FCBayernMünchen_SVElversberg,20,FC Bayern München,SV Elversberg,2027-02-05T00:00:00+00:00,0.7214,0.204,0.0746,0.8793,0.0841,0.0367,,,,False,preseason_mode,predict_20260916T200806Z_76297182,0.1.0-phase1,2026-09-16T20:08:06+00:00
BUNDESLIGA2627_MW21_181_SVElversberg_FCSchalke04,21,SV Elversberg,FC Schalke 04,2027-02-12T00:00:00+00:00,0.5329,0.2855,0.1817,0.5411,0.26,0.1989,,,,False,preseason_mode,predict_20260916T200806Z_76297182,0.1.0-phase1,2026-09-16T20:08:06+00:00
BUNDESLIGA2627_MW21_182_1.FCKöln_HamburgerSV,21,1. FC Köln,Hamburger SV,2027-02-12T00:00:00+00:00,0.4089,0.2681,0.323,0.4085,0.2686,0.3229,,,,False,preseason_mode,predict_20260916T200806Z_76297182,0.1.0-phase1,2026-09-16T20:08:06+00:00
BUNDESLIGA2627_MW21_183_1.FCUnionBerlin_FCBayernMünchen,21,1. FC Union Berlin,FC Bayern München,2027-02-12T00:00:00+00:00,0.1055,0.1685,0.7259,0.0924,0.1416,0.766,,,,False,preseason_mode,predict_20260916T200806Z_76297182,0.1.0-phase1,2026-09-16T20:08:06+00:00
BUNDESLIGA2627_MW21_184_1.FSVMainz05_BorussiaMönchengladbach,21,1. FSV Mainz 05,Borussia Mönchengladbach,2027-02-12T00:00:00+00:00,0.435,0.2741,0.2909,0.4506,0.2693,0.2801,,,,False,preseason_mode,predict_20260916T200806Z_76297182,0.1.0-phase1,2026-09-16T20:08:06+00:00
BUNDESLIGA2627_MW21_185_FCAugsburg_SVWerderBremen,21,FC Augsburg,SV Werder Bremen,2027-02-12T00:00:00+00:00,0.4601,0.2527,0.2872,0.425,0.2763,0.2986,,,,False,preseason_mode,predict_20260916T200806Z_76297182,0.1.0-phase1,2026-09-16T20:08:06+00:00
BUNDESLIGA2627_MW21_186_Sport-ClubFreiburg_EintrachtFrankfurt,21,Sport-Club Freiburg,Eintracht Frankfurt,2027-02-12T00:00:00+00:00,0.4075,0.2743,0.3182,0.3991,0.2407,0.3603,,,,False,preseason_mode,predict_20260916T200806Z_76297182,0.1.0-phase1,2026-09-16T20:08:06+00:00
BUNDESLIGA2627_MW21_187_TSGHoffenheim_SCPaderborn07,21,TSG Hoffenheim,SC Paderborn 07,2027-02-12T00:00:00+00:00,0.6374,0.237,0.1256,0.6441,0.2019,0.1541,,,,False,preseason_mode,predict_20260916T200806Z_76297182,0.1.0-phase1,2026-09-16T20:08:06+00:00
BUNDESLIGA2627_MW21_188_RBLeipzig_Bayer04Leverkusen,21,RB Leipzig,Bayer 04 Leverkusen,2027-02-12T00:00:00+00:00,0.4262,0.2473,0.3264,0.3864,0.2437,0.3699,,,,False,preseason_mode,predict_20260916T200806Z_76297182,0.1.0-phase1,2026-09-16T20:08:06+00:00
BUNDESLIGA2627_MW21_189_BorussiaDortmund_VfBStuttgart,21,Borussia Dortmund,VfB Stuttgart,2027-02-12T00:00:00+00:00,0.5816,0.226,0.1923,0.5331,0.2227,0.2441,,,,False,preseason_mode,predict_20260916T200806Z_76297182,0.1.0-phase1,2026-09-16T20:08:06+00:00
BUNDESLIGA2627_MW22_190_SVElversberg_1.FCUnionBerlin,22,SV Elversberg,1. FC Union Berlin,2027-02-19T00:00:00+00:00,0.4573,0.2962,0.2465,0.3609,0.2979,0.3412,,,,False,preseason_mode,predict_20260916T200806Z_76297182,0.1.0-phase1,2026-09-16T20:08:06+00:00
BUNDESLIGA2627_MW22_191_FCSchalke04_Sport-ClubFreiburg,22,FC Schalke 04,Sport-Club Freiburg,2027-02-19T00:00:00+00:00,0.2787,0.2494,0.4718,0.2069,0.236,0.5571,,,,False,preseason_mode,predict_20260916T200806Z_76297182,0.1.0-phase1,2026-09-16T20:08:06+00:00
BUNDESLIGA2627_MW22_192_SVWerderBremen_BorussiaDortmund,22,SV Werder Bremen,Borussia Dortmund,2027-02-19T00:00:00+00:00,0.1638,0.2212,0.615,0.178,0.2275,0.5944,,,,False,preseason_mode,predict_20260916T200806Z_76297182,0.1.0-phase1,2026-09-16T20:08:06+00:00
BUNDESLIGA2627_MW22_193_HamburgerSV_TSGHoffenheim,22,Hamburger SV,TSG Hoffenheim,2027-02-19T00:00:00+00:00,0.2959,0.298,0.4061,0.3471,0.2556,0.3973,,,,False,preseason_mode,predict_20260916T200806Z_76297182,0.1.0-phase1,2026-09-16T20:08:06+00:00
BUNDESLIGA2627_MW22_194_BorussiaMönchengladbach_1.FCKöln,22,Borussia Mönchengladbach,1. FC Köln,2027-02-19T00:00:00+00:00,0.5266,0.2537,0.2198,0.4873,0.2481,0.2646,,,,False,preseason_mode,predict_20260916T200806Z_76297182,0.1.0-phase1,2026-09-16T20:08:06+00:00
BUNDESLIGA2627_MW22_195_EintrachtFrankfurt_RBLeipzig,22,Eintracht Frankfurt,RB Leipzig,2027-02-19T00:00:00+00:00,0.2998,0.2782,0.422,0.3586,0.2347,0.4067,,,,False,preseason_mode,predict_20260916T200806Z_76297182,0.1.0-phase1,2026-09-16T20:08:06+00:00
BUNDESLIGA2627_MW22_196_Bayer04Leverkusen_1.FSVMainz05,22,Bayer 04 Leverkusen,1. FSV Mainz 05,2027-02-19T00:00:00+00:00,0.5987,0.2293,0.172,0.5937,0.224,0.1823,,,,False,preseason_mode,predict_20260916T200806Z_76297182,0.1.0-phase1,2026-09-16T20:08:06+00:00
BUNDESLIGA2627_MW22_197_VfBStuttgart_SCPaderborn07,22,VfB Stuttgart,SC Paderborn 07,2027-02-19T00:00:00+00:00,0.6545,0.2442,0.1013,0.7442,0.1598,0.096,,,,False,preseason_mode,predict_20260916T200806Z_76297182,0.1.0-phase1,2026-09-16T20:08:06+00:00
BUNDESLIGA2627_MW22_198_FCBayernMünchen_FCAugsburg,22,FC Bayern München,FC Augsburg,2027-02-19T00:00:00+00:00,0.7905,0.1491,0.0604,0.8655,0.0892,0.0453,,,,False,preseason_mode,predict_20260916T200806Z_76297182,0.1.0-phase1,2026-09-16T20:08:06+00:00
BUNDESLIGA2627_MW23_199_SCPaderborn07_SVWerderBremen,23,SC Paderborn 07,SV Werder Bremen,2027-02-26T00:00:00+00:00,0.3109,0.2679,0.4212,0.3251,0.2855,0.3894,,,,False,preseason_mode,predict_20260916T200806Z_76297182,0.1.0-phase1,2026-09-16T20:08:06+00:00
BUNDESLIGA2627_MW23_200_1.FCKöln_EintrachtFrankfurt,23,1. FC Köln,Eintracht Frankfurt,2027-02-26T00:00:00+00:00,0.3081,0.2845,0.4074,0.3311,0.2358,0.4331,,,,False,preseason_mode,predict_20260916T200806Z_76297182,0.1.0-phase1,2026-09-16T20:08:06+00:00
BUNDESLIGA2627_MW23_201_1.FSVMainz05_FCSchalke04,23,1. FSV Mainz 05,FC Schalke 04,2027-02-26T00:00:00+00:00,0.5354,0.2846,0.18,0.6768,0.2014,0.1218,,,,False,preseason_mode,predict_20260916T200806Z_76297182,0.1.0-phase1,2026-09-16T20:08:06+00:00
BUNDESLIGA2627_MW23_202_FCAugsburg_SVElversberg,23,FC Augsburg,SV Elversberg,2027-02-26T00:00:00+00:00,0.3503,0.2659,0.3838,0.4534,0.284,0.2626,,,,False,preseason_mode,predict_20260916T200806Z_76297182,0.1.0-phase1,2026-09-16T20:08:06+00:00
BUNDESLIGA2627_MW23_203_Sport-ClubFreiburg_Bayer04Leverkusen,23,Sport-Club Freiburg,Bayer 04 Leverkusen,2027-02-26T00:00:00+00:00,0.2714,0.2504,0.4781,0.2627,0.2377,0.4996,,,,False,preseason_mode,predict_20260916T200806Z_76297182,0.1.0-phase1,2026-09-16T20:08:06+00:00
BUNDESLIGA2627_MW23_204_TSGHoffenheim_BorussiaMönchengladbach,23,TSG Hoffenheim,Borussia Mönchengladbach,2027-02-26T00:00:00+00:00,0.4948,0.2477,0.2575,0.4942,0.235,0.2708,,,,False,preseason_mode,predict_20260916T200806Z_76297182,0.1.0-phase1,2026-09-16T20:08:06+00:00
BUNDESLIGA2627_MW23_205_VfBStuttgart_HamburgerSV,23,VfB Stuttgart,Hamburger SV,2027-02-26T00:00:00+00:00,0.6127,0.23,0.1573,0.6346,0.2057,0.1596,,,,False,preseason_mode,predict_20260916T200806Z_76297182,0.1.0-phase1,2026-09-16T20:08:06+00:00
BUNDESLIGA2627_MW23_206_RBLeipzig_FCBayernMünchen,23,RB Leipzig,FC Bayern München,2027-02-26T00:00:00+00:00,0.1975,0.208,0.5945,0.2095,0.1909,0.5996,,,,False,preseason_mode,predict_20260916T200806Z_76297182,0.1.0-phase1,2026-09-16T20:08:06+00:00
BUNDESLIGA2627_MW23_207_BorussiaDortmund_1.FCUnionBerlin,23,Borussia Dortmund,1. FC Union Berlin,2027-02-26T00:00:00+00:00,0.6902,0.1994,0.1103,0.6999,0.1871,0.113,,,,False,preseason_mode,predict_20260916T200806Z_76297182,0.1.0-phase1,2026-09-16T20:08:06+00:00
BUNDESLIGA2627_MW24_208_SVElversberg_RBLeipzig,24,SV Elversberg,RB Leipzig,2027-03-02T00:00:00+00:00,0.2815,0.2693,0.4493,0.2161,0.2513,0.5326,,,,False,preseason_mode,predict_20260916T200806Z_76297182,0.1.0-phase1,2026-09-16T20:08:06+00:00
BUNDESLIGA2627_MW24_209_FCSchalke04_1.FCKöln,24,FC Schalke 04,1. FC Köln,2027-03-02T00:00:00+00:00,0.3572,0.2814,0.3614,0.2595,0.2489,0.4916,,,,False,preseason_mode,predict_20260916T200806Z_76297182,0.1.0-phase1,2026-09-16T20:08:06+00:00
BUNDESLIGA2627_MW24_210_SVWerderBremen_1.FSVMainz05,24,SV Werder Bremen,1. FSV Mainz 05,2027-03-02T00:00:00+00:00,0.3382,0.2729,0.389,0.3345,0.283,0.3826,,,,False,preseason_mode,predict_20260916T200806Z_76297182,0.1.0-phase1,2026-09-16T20:08:06+00:00
BUNDESLIGA2627_MW24_211_HamburgerSV_SCPaderborn07,24,Hamburger SV,SC Paderborn 07,2027-03-02T00:00:00+00:00,0.504,0.2871,0.2089,0.518,0.2673,0.2147,,,,False,preseason_mode,predict_20260916T200806Z_76297182,0.1.0-phase1,2026-09-16T20:08:06+00:00
BUNDESLIGA2627_MW24_212_BorussiaMönchengladbach_VfBStuttgart,24,Borussia Mönchengladbach,VfB Stuttgart,2027-03-02T00:00:00+00:00,0.3177,0.2612,0.4211,0.2849,0.2382,0.4769,,,,False,preseason_mode,predict_20260916T200806Z_76297182,0.1.0-phase1,2026-09-16T20:08:06+00:00
BUNDESLIGA2627_MW24_213_1.FCUnionBerlin_FCAugsburg,24,1. FC Union Berlin,FC Augsburg,2027-03-02T00:00:00+00:00,0.425,0.2759,0.2991,0.4158,0.2795,0.3047,,,,False,preseason_mode,predict_20260916T200806Z_76297182,0.1.0-phase1,2026-09-16T20:08:06+00:00
BUNDESLIGA2627_MW24_214_EintrachtFrankfurt_BorussiaDortmund,24,Eintracht Frankfurt,Borussia Dortmund,2027-03-02T00:00:00+00:00,0.2302,0.241,0.5288,0.2643,0.2281,0.5076,,,,False,preseason_mode,predict_20260916T200806Z_76297182,0.1.0-phase1,2026-09-16T20:08:06+00:00
BUNDESLIGA2627_MW24_215_Bayer04Leverkusen_TSGHoffenheim,24,Bayer 04 Leverkusen,TSG Hoffenheim,2027-03-02T00:00:00+00:00,0.5576,0.2568,0.1856,0.6125,0.1975,0.19,,,,False,preseason_mode,predict_20260916T200806Z_76297182,0.1.0-phase1,2026-09-16T20:08:06+00:00
BUNDESLIGA2627_MW24_216_FCBayernMünchen_Sport-ClubFreiburg,24,FC Bayern München,Sport-Club Freiburg,2027-03-02T00:00:00+00:00,0.7674,0.1638,0.0689,0.8356,0.1028,0.0616,,,,False,preseason_mode,predict_20260916T200806Z_76297182,0.1.0-phase1,2026-09-16T20:08:06+00:00
BUNDESLIGA2627_MW25_217_SCPaderborn07_BorussiaMönchengladbach,25,SC Paderborn 07,Borussia Mönchengladbach,2027-03-05T00:00:00+00:00,0.2484,0.2417,0.5099,0.2801,0.2725,0.4475,,,,False,preseason_mode,predict_20260916T200806Z_76297182,0.1.0-phase1,2026-09-16T20:08:06+00:00
BUNDESLIGA2627_MW25_218_1.FCKöln_1.FCUnionBerlin,25,1. FC Köln,1. FC Union Berlin,2027-03-05T00:00:00+00:00,0.3837,0.2884,0.3279,0.4189,0.2657,0.3154,,,,False,preseason_mode,predict_20260916T200806Z_76297182,0.1.0-phase1,2026-09-16T20:08:06+00:00
BUNDESLIGA2627_MW25_219_HamburgerSV_EintrachtFrankfurt,25,Hamburger SV,Eintracht Frankfurt,2027-03-05T00:00:00+00:00,0.3196,0.3014,0.379,0.3398,0.256,0.4042,,,,False,preseason_mode,predict_20260916T200806Z_76297182,0.1.0-phase1,2026-09-16T20:08:06+00:00
BUNDESLIGA2627_MW25_220_1.FSVMainz05_SVElversberg,25,1. FSV Mainz 05,SV Elversberg,2027-03-05T00:00:00+00:00,0.4074,0.2772,0.3154,0.5247,0.2699,0.2054,,,,False,preseason_mode,predict_20260916T200806Z_76297182,0.1.0-phase1,2026-09-16T20:08:06+00:00
BUNDESLIGA2627_MW25_221_Sport-ClubFreiburg_FCAugsburg,25,Sport-Club Freiburg,FC Augsburg,2027-03-05T00:00:00+00:00,0.4899,0.2636,0.2464,0.4871,0.2551,0.2578,,,,False,preseason_mode,predict_20260916T200806Z_76297182,0.1.0-phase1,2026-09-16T20:08:06+00:00
BUNDESLIGA2627_MW25_222_TSGHoffenheim_SVWerderBremen,25,TSG Hoffenheim,SV Werder Bremen,2027-03-05T00:00:00+00:00,0.5797,0.2263,0.194,0.5481,0.229,0.223,,,,False,preseason_mode,predict_20260916T200806Z_76297182,0.1.0-phase1,2026-09-16T20:08:06+00:00
BUNDESLIGA2627_MW25_223_VfBStuttgart_Bayer04Leverkusen,25,VfB Stuttgart,Bayer 04 Leverkusen,2027-03-05T00:00:00+00:00,0.3787,0.2728,0.3485,0.409,0.2334,0.3576,,,,False,preseason_mode,predict_20260916T200806Z_76297182,0.1.0-phase1,2026-09-16T20:08:06+00:00
BUNDESLIGA2627_MW25_224_RBLeipzig_FCSchalke04,25,RB Leipzig,FC Schalke 04,2027-03-05T00:00:00+00:00,0.6606,0.2335,0.1059,0.7967,0.1339,0.0694,,,,False,preseason_mode,predict_20260916T200806Z_76297182,0.1.0-phase1,2026-09-16T20:08:06+00:00
BUNDESLIGA2627_MW25_225_BorussiaDortmund_FCBayernMünchen,25,Borussia Dortmund,FC Bayern München,2027-03-05T00:00:00+00:00,0.2647,0.24,0.4954,0.2989,0.2176,0.4835,,,,False,preseason_mode,predict_20260916T200806Z_76297182,0.1.0-phase1,2026-09-16T20:08:06+00:00
BUNDESLIGA2627_MW26_226_SVElversberg_BorussiaDortmund,26,SV Elversberg,Borussia Dortmund,2027-03-12T00:00:00+00:00,0.22,0.2293,0.5507,0.1543,0.2273,0.6184,,,,False,preseason_mode,predict_20260916T200806Z_76297182,0.1.0-phase1,2026-09-16T20:08:06+00:00
BUNDESLIGA2627_MW26_227_FCSchalke04_TSGHoffenheim,26,FC Schalke 04,TSG Hoffenheim,2027-03-12T00:00:00+00:00,0.2386,0.232,0.5294,0.1794,0.2066,0.614,,,,False,preseason_mode,predict_20260916T200806Z_76297182,0.1.0-phase1,2026-09-16T20:08:06+00:00
BUNDESLIGA2627_MW26_228_SVWerderBremen_VfBStuttgart,26,SV Werder Bremen,VfB Stuttgart,2027-03-12T00:00:00+00:00,0.2432,0.252,0.5047,0.2356,0.2334,0.531,,,,False,preseason_mode,predict_20260916T200806Z_76297182,0.1.0-phase1,2026-09-16T20:08:06+00:00
BUNDESLIGA2627_MW26_229_BorussiaMönchengladbach_HamburgerSV,26,Borussia Mönchengladbach,Hamburger SV,2027-03-12T00:00:00+00:00,0.5108,0.2471,0.2421,0.4541,0.2716,0.2742,,,,False,preseason_mode,predict_20260916T200806Z_76297182,0.1.0-phase1,2026-09-16T20:08:06+00:00
BUNDESLIGA2627_MW26_230_1.FCUnionBerlin_Sport-ClubFreiburg,26,1. FC Union Berlin,Sport-Club Freiburg,2027-03-12T00:00:00+00:00,0.3646,0.2801,0.3553,0.3651,0.2715,0.3633,,,,False,preseason_mode,predict_20260916T200806Z_76297182,0.1.0-phase1,2026-09-16T20:08:06+00:00
BUNDESLIGA2627_MW26_231_FCAugsburg_RBLeipzig,26,FC Augsburg,RB Leipzig,2027-03-12T00:00:00+00:00,0.2358,0.2619,0.5023,0.2552,0.2478,0.497,,,,False,preseason_mode,predict_20260916T200806Z_76297182,0.1.0-phase1,2026-09-16T20:08:06+00:00
BUNDESLIGA2627_MW26_232_EintrachtFrankfurt_SCPaderborn07,26,Eintracht Frankfurt,SC Paderborn 07,2027-03-12T00:00:00+00:00,0.6217,0.2387,0.1396,0.6502,0.2001,0.1497,,,,False,preseason_mode,predict_20260916T200806Z_76297182,0.1.0-phase1,2026-09-16T20:08:06+00:00
BUNDESLIGA2627_MW26_233_Bayer04Leverkusen_1.FCKöln,26,Bayer 04 Leverkusen,1. FC Köln,2027-03-12T00:00:00+00:00,0.6762,0.205,0.1188,0.7005,0.1745,0.125,,,,False,preseason_mode,predict_20260916T200806Z_76297182,0.1.0-phase1,2026-09-16T20:08:06+00:00
BUNDESLIGA2627_MW26_234_FCBayernMünchen_1.FSVMainz05,26,FC Bayern München,1. FSV Mainz 05,2027-03-12T00:00:00+00:00,0.7691,0.158,0.0729,0.804,0.1229,0.0731,,,,False,preseason_mode,predict_20260916T200806Z_76297182,0.1.0-phase1,2026-09-16T20:08:06+00:00
BUNDESLIGA2627_MW27_235_SCPaderborn07_Bayer04Leverkusen,27,SC Paderborn 07,Bayer 04 Leverkusen,2027-03-19T00:00:00+00:00,0.1447,0.175,0.6803,0.143,0.2048,0.6522,,,,False,preseason_mode,predict_20260916T200806Z_76297182,0.1.0-phase1,2026-09-16T20:08:06+00:00
BUNDESLIGA2627_MW27_236_1.FCKöln_FCBayernMünchen,27,1. FC Köln,FC Bayern München,2027-03-19T00:00:00+00:00,0.0949,0.1622,0.7429,0.0834,0.1217,0.7948,,,,False,preseason_mode,predict_20260916T200806Z_76297182,0.1.0-phase1,2026-09-16T20:08:06+00:00
BUNDESLIGA2627_MW27_237_HamburgerSV_SVWerderBremen,27,Hamburger SV,SV Werder Bremen,2027-03-19T00:00:00+00:00,0.426,0.2812,0.2928,0.4294,0.2818,0.2888,,,,False,preseason_mode,predict_20260916T200806Z_76297182,0.1.0-phase1,2026-09-16T20:08:06+00:00
BUNDESLIGA2627_MW27_238_1.FSVMainz05_FCAugsburg,27,1. FSV Mainz 05,FC Augsburg,2027-03-19T00:00:00+00:00,0.4832,0.2797,0.2371,0.4928,0.2658,0.2414,,,,False,preseason_mode,predict_20260916T200806Z_76297182,0.1.0-phase1,2026-09-16T20:08:06+00:00
BUNDESLIGA2627_MW27_239_Sport-ClubFreiburg_SVElversberg,27,Sport-Club Freiburg,SV Elversberg,2027-03-19T00:00:00+00:00,0.405,0.2766,0.3183,0.5219,0.2593,0.2188,,,,False,preseason_mode,predict_20260916T200806Z_76297182,0.1.0-phase1,2026-09-16T20:08:06+00:00
BUNDESLIGA2627_MW27_240_TSGHoffenheim_EintrachtFrankfurt,27,TSG Hoffenheim,Eintracht Frankfurt,2027-03-19T00:00:00+00:00,0.4655,0.2617,0.2727,0.4486,0.2225,0.3289,,,,False,preseason_mode,predict_20260916T200806Z_76297182,0.1.0-phase1,2026-09-16T20:08:06+00:00
BUNDESLIGA2627_MW27_241_VfBStuttgart_FCSchalke04,27,VfB Stuttgart,FC Schalke 04,2027-03-19T00:00:00+00:00,0.6034,0.2775,0.119,0.823,0.1164,0.0606,,,,False,preseason_mode,predict_20260916T200806Z_76297182,0.1.0-phase1,2026-09-16T20:08:06+00:00
BUNDESLIGA2627_MW27_242_RBLeipzig_1.FCUnionBerlin,27,RB Leipzig,1. FC Union Berlin,2027-03-19T00:00:00+00:00,0.6389,0.2121,0.149,0.617,0.2175,0.1655,,,,False,preseason_mode,predict_20260916T200806Z_76297182,0.1.0-phase1,2026-09-16T20:08:06+00:00
BUNDESLIGA2627_MW27_243_BorussiaDortmund_BorussiaMönchengladbach,27,Borussia Dortmund,Borussia Mönchengladbach,2027-03-19T00:00:00+00:00,0.6604,0.2082,0.1314,0.6682,0.1959,0.1358,,,,False,preseason_mode,predict_20260916T200806Z_76297182,0.1.0-phase1,2026-09-16T20:08:06+00:00
BUNDESLIGA2627_MW28_244_SVElversberg_1.FCKöln,28,SV Elversberg,1. FC Köln,2027-04-02T00:00:00+00:00,0.4881,0.2931,0.2188,0.3772,0.2785,0.3443,,,,False,preseason_mode,predict_20260916T200806Z_76297182,0.1.0-phase1,2026-09-16T20:08:06+00:00
BUNDESLIGA2627_MW28_245_FCSchalke04_SCPaderborn07,28,FC Schalke 04,SC Paderborn 07,2027-04-02T00:00:00+00:00,0.4624,0.2695,0.268,0.3404,0.281,0.3786,,,,False,preseason_mode,predict_20260916T200806Z_76297182,0.1.0-phase1,2026-09-16T20:08:06+00:00
BUNDESLIGA2627_MW28_246_BorussiaMönchengladbach_SVWerderBremen,28,Borussia Mönchengladbach,SV Werder Bremen,2027-04-02T00:00:00+00:00,0.5227,0.2467,0.2307,0.4756,0.264,0.2604,,,,False,preseason_mode,predict_20260916T200806Z_76297182,0.1.0-phase1,2026-09-16T20:08:06+00:00
BUNDESLIGA2627_MW28_247_1.FCUnionBerlin_1.FSVMainz05,28,1. FC Union Berlin,1. FSV Mainz 05,2027-04-02T00:00:00+00:00,0.3649,0.2637,0.3714,0.3413,0.2856,0.3731,,,,False,preseason_mode,predict_20260916T200806Z_76297182,0.1.0-phase1,2026-09-16T20:08:06+00:00
BUNDESLIGA2627_MW28_248_FCAugsburg_TSGHoffenheim,28,FC Augsburg,TSG Hoffenheim,2027-04-02T00:00:00+00:00,0.3188,0.2759,0.4053,0.34,0.2491,0.4108,,,,False,preseason_mode,predict_20260916T200806Z_76297182,0.1.0-phase1,2026-09-16T20:08:06+00:00
BUNDESLIGA2627_MW28_249_EintrachtFrankfurt_VfBStuttgart,28,Eintracht Frankfurt,VfB Stuttgart,2027-04-02T00:00:00+00:00,0.3439,0.2548,0.4012,0.3453,0.2242,0.4305,,,,False,preseason_mode,predict_20260916T200806Z_76297182,0.1.0-phase1,2026-09-16T20:08:06+00:00
BUNDESLIGA2627_MW28_250_Bayer04Leverkusen_BorussiaDortmund,28,Bayer 04 Leverkusen,Borussia Dortmund,2027-04-02T00:00:00+00:00,0.3613,0.2748,0.3639,0.3955,0.2486,0.3559,,,,False,preseason_mode,predict_20260916T200806Z_76297182,0.1.0-phase1,2026-09-16T20:08:06+00:00
BUNDESLIGA2627_MW28_251_RBLeipzig_Sport-ClubFreiburg,28,RB Leipzig,Sport-Club Freiburg,2027-04-02T00:00:00+00:00,0.5975,0.2237,0.1787,0.5725,0.2215,0.206,,,,False,preseason_mode,predict_20260916T200806Z_76297182,0.1.0-phase1,2026-09-16T20:08:06+00:00
BUNDESLIGA2627_MW28_252_FCBayernMünchen_HamburgerSV,28,FC Bayern München,Hamburger SV,2027-04-02T00:00:00+00:00,0.7991,0.1401,0.0608,0.8519,0.0983,0.0498,,,,False,preseason_mode,predict_20260916T200806Z_76297182,0.1.0-phase1,2026-09-16T20:08:06+00:00
BUNDESLIGA2627_MW29_253_SCPaderborn07_FCBayernMünchen,29,SC Paderborn 07,FC Bayern München,2027-04-09T00:00:00+00:00,0.0767,0.1112,0.8121,0.0519,0.1008,0.8473,,,,False,preseason_mode,predict_20260916T200806Z_76297182,0.1.0-phase1,2026-09-16T20:08:06+00:00
BUNDESLIGA2627_MW29_254_SVWerderBremen_EintrachtFrankfurt,29,SV Werder Bremen,Eintracht Frankfurt,2027-04-09T00:00:00+00:00,0.3176,0.2871,0.3953,0.324,0.2506,0.4254,,,,False,preseason_mode,predict_20260916T200806Z_76297182,0.1.0-phase1,2026-09-16T20:08:06+00:00
BUNDESLIGA2627_MW29_255_1.FCKöln_FCAugsburg,29,1. FC Köln,FC Augsburg,2027-04-09T00:00:00+00:00,0.3864,0.2879,0.3257,0.4222,0.2615,0.3162,,,,False,preseason_mode,predict_20260916T200806Z_76297182,0.1.0-phase1,2026-09-16T20:08:06+00:00
BUNDESLIGA2627_MW29_256_HamburgerSV_1.FCUnionBerlin,29,Hamburger SV,1. FC Union Berlin,2027-04-09T00:00:00+00:00,0.3905,0.3038,0.3057,0.4193,0.2852,0.2955,,,,False,preseason_mode,predict_20260916T200806Z_76297182,0.1.0-phase1,2026-09-16T20:08:06+00:00
BUNDESLIGA2627_MW29_257_BorussiaMönchengladbach_Bayer04Leverkusen,29,Borussia Mönchengladbach,Bayer 04 Leverkusen,2027-04-09T00:00:00+00:00,0.2648,0.261,0.4742,0.2511,0.2406,0.5083,,,,False,preseason_mode,predict_20260916T200806Z_76297182,0.1.0-phase1,2026-09-16T20:08:06+00:00
BUNDESLIGA2627_MW29_258_1.FSVMainz05_RBLeipzig,29,1. FSV Mainz 05,RB Leipzig,2027-04-09T00:00:00+00:00,0.2843,0.2911,0.4246,0.3242,0.2624,0.4134,,,,False,preseason_mode,predict_20260916T200806Z_76297182,0.1.0-phase1,2026-09-16T20:08:06+00:00
BUNDESLIGA2627_MW29_259_TSGHoffenheim_Sport-ClubFreiburg,29,TSG Hoffenheim,Sport-Club Freiburg,2027-04-09T00:00:00+00:00,0.4885,0.2579,0.2536,0.4846,0.2319,0.2835,,,,False,preseason_mode,predict_20260916T200806Z_76297182,0.1.0-phase1,2026-09-16T20:08:06+00:00
BUNDESLIGA2627_MW29_260_VfBStuttgart_SVElversberg,29,VfB Stuttgart,SV Elversberg,2027-04-09T00:00:00+00:00,0.5005,0.2918,0.2078,0.6813,0.1922,0.1266,,,,False,preseason_mode,predict_20260916T200806Z_76297182,0.1.0-phase1,2026-09-16T20:08:06+00:00
BUNDESLIGA2627_MW29_261_BorussiaDortmund_FCSchalke04,29,Borussia Dortmund,FC Schalke 04,2027-04-09T00:00:00+00:00,0.6965,0.2222,0.0813,0.856,0.1016,0.0424,,,,False,preseason_mode,predict_20260916T200806Z_76297182,0.1.0-phase1,2026-09-16T20:08:06+00:00
BUNDESLIGA2627_MW30_262_SVElversberg_SCPaderborn07,30,SV Elversberg,SC Paderborn 07,2027-04-16T00:00:00+00:00,0.5827,0.2586,0.1587,0.4546,0.2895,0.2559,,,,False,preseason_mode,predict_20260916T200806Z_76297182,0.1.0-phase1,2026-09-16T20:08:06+00:00
BUNDESLIGA2627_MW30_263_FCSchalke04_HamburgerSV,30,FC Schalke 04,Hamburger SV,2027-04-16T00:00:00+00:00,0.3458,0.2668,0.3874,0.2447,0.2668,0.4885,,,,False,preseason_mode,predict_20260916T200806Z_76297182,0.1.0-phase1,2026-09-16T20:08:06+00:00
BUNDESLIGA2627_MW30_264_1.FCUnionBerlin_VfBStuttgart,30,1. FC Union Berlin,VfB Stuttgart,2027-04-16T00:00:00+00:00,0.2645,0.2516,0.4839,0.2429,0.2377,0.5194,,,,False,preseason_mode,predict_20260916T200806Z_76297182,0.1.0-phase1,2026-09-16T20:08:06+00:00
BUNDESLIGA2627_MW30_265_FCAugsburg_BorussiaDortmund,30,FC Augsburg,Borussia Dortmund,2027-04-16T00:00:00+00:00,0.1792,0.2216,0.5992,0.1835,0.2282,0.5883,,,,False,preseason_mode,predict_20260916T200806Z_76297182,0.1.0-phase1,2026-09-16T20:08:06+00:00
BUNDESLIGA2627_MW30_266_EintrachtFrankfurt_BorussiaMönchengladbach,30,Eintracht Frankfurt,Borussia Mönchengladbach,2027-04-16T00:00:00+00:00,0.4655,0.2549,0.2796,0.5013,0.2344,0.2643,,,,False,preseason_mode,predict_20260916T200806Z_76297182,0.1.0-phase1,2026-09-16T20:08:06+00:00
BUNDESLIGA2627_MW30_267_Sport-ClubFreiburg_1.FSVMainz05,30,Sport-Club Freiburg,1. FSV Mainz 05,2027-04-16T00:00:00+00:00,0.4285,0.2575,0.314,0.4054,0.269,0.3255,,,,False,preseason_mode,predict_20260916T200806Z_76297182,0.1.0-phase1,2026-09-16T20:08:06+00:00
BUNDESLIGA2627_MW30_268_Bayer04Leverkusen_SVWerderBremen,30,Bayer 04 Leverkusen,SV Werder Bremen,2027-04-16T00:00:00+00:00,0.6738,0.2015,0.1247,0.6817,0.1905,0.1278,,,,False,preseason_mode,predict_20260916T200806Z_76297182,0.1.0-phase1,2026-09-16T20:08:06+00:00
BUNDESLIGA2627_MW30_269_RBLeipzig_1.FCKöln,30,RB Leipzig,1. FC Köln,2027-04-16T00:00:00+00:00,0.6765,0.1941,0.1294,0.6461,0.196,0.1579,,,,False,preseason_mode,predict_20260916T200806Z_76297182,0.1.0-phase1,2026-09-16T20:08:06+00:00
BUNDESLIGA2627_MW30_270_FCBayernMünchen_TSGHoffenheim,30,FC Bayern München,TSG Hoffenheim,2027-04-16T00:00:00+00:00,0.7498,0.1753,0.0749,0.8287,0.1015,0.0698,,,,False,preseason_mode,predict_20260916T200806Z_76297182,0.1.0-phase1,2026-09-16T20:08:06+00:00
BUNDESLIGA2627_MW31_271_SCPaderborn07_FCAugsburg,31,SC Paderborn 07,FC Augsburg,2027-04-23T00:00:00+00:00,0.2923,0.2549,0.4528,0.3187,0.2829,0.3984,,,,False,preseason_mode,predict_20260916T200806Z_76297182,0.1.0-phase1,2026-09-16T20:08:06+00:00
BUNDESLIGA2627_MW31_272_SVWerderBremen_FCBayernMünchen,31,SV Werder Bremen,FC Bayern München,2027-04-23T00:00:00+00:00,0.0976,0.1651,0.7373,0.0875,0.1357,0.7767,,,,False,preseason_mode,predict_20260916T200806Z_76297182,0.1.0-phase1,2026-09-16T20:08:06+00:00
BUNDESLIGA2627_MW31_273_1.FCKöln_1.FSVMainz05,31,1. FC Köln,1. FSV Mainz 05,2027-04-23T00:00:00+00:00,0.3275,0.271,0.4015,0.3435,0.2667,0.3898,,,,False,preseason_mode,predict_20260916T200806Z_76297182,0.1.0-phase1,2026-09-16T20:08:06+00:00
BUNDESLIGA2627_MW31_274_HamburgerSV_SVElversberg,31,Hamburger SV,SV Elversberg,2027-04-23T00:00:00+00:00,0.3319,0.2709,0.3972,0.4566,0.2893,0.2541,,,,False,preseason_mode,predict_20260916T200806Z_76297182,0.1.0-phase1,2026-09-16T20:08:06+00:00
BUNDESLIGA2627_MW31_275_BorussiaMönchengladbach_FCSchalke04,31,Borussia Mönchengladbach,FC Schalke 04,2027-04-23T00:00:00+00:00,0.5498,0.2643,0.1859,0.6583,0.2048,0.1369,,,,False,preseason_mode,predict_20260916T200806Z_76297182,0.1.0-phase1,2026-09-16T20:08:06+00:00
BUNDESLIGA2627_MW31_276_EintrachtFrankfurt_Bayer04Leverkusen,31,Eintracht Frankfurt,Bayer 04 Leverkusen,2027-04-23T00:00:00+00:00,0.2886,0.2531,0.4583,0.3046,0.229,0.4664,,,,False,preseason_mode,predict_20260916T200806Z_76297182,0.1.0-phase1,2026-09-16T20:08:06+00:00
BUNDESLIGA2627_MW31_277_TSGHoffenheim_1.FCUnionBerlin,31,TSG Hoffenheim,1. FC Union Berlin,2027-04-23T00:00:00+00:00,0.5425,0.2471,0.2104,0.5364,0.2335,0.2302,,,,False,preseason_mode,predict_20260916T200806Z_76297182,0.1.0-phase1,2026-09-16T20:08:06+00:00
BUNDESLIGA2627_MW31_278_VfBStuttgart_Sport-ClubFreiburg,31,VfB Stuttgart,Sport-Club Freiburg,2027-04-23T00:00:00+00:00,0.5384,0.2662,0.1955,0.6015,0.2058,0.1926,,,,False,preseason_mode,predict_20260916T200806Z_76297182,0.1.0-phase1,2026-09-16T20:08:06+00:00
BUNDESLIGA2627_MW31_279_BorussiaDortmund_RBLeipzig,31,Borussia Dortmund,RB Leipzig,2027-04-23T00:00:00+00:00,0.5106,0.273,0.2164,0.5399,0.2294,0.2308,,,,False,preseason_mode,predict_20260916T200806Z_76297182,0.1.0-phase1,2026-09-16T20:08:06+00:00
BUNDESLIGA2627_MW32_280_SVElversberg_TSGHoffenheim,32,SV Elversberg,TSG Hoffenheim,2027-05-07T00:00:00+00:00,0.3729,0.2783,0.3488,0.2902,0.2582,0.4516,,,,False,preseason_mode,predict_20260916T200806Z_76297182,0.1.0-phase1,2026-09-16T20:08:06+00:00
BUNDESLIGA2627_MW32_281_FCSchalke04_EintrachtFrankfurt,32,FC Schalke 04,Eintracht Frankfurt,2027-05-07T00:00:00+00:00,0.2578,0.2505,0.4917,0.1744,0.205,0.6206,,,,False,preseason_mode,predict_20260916T200806Z_76297182,0.1.0-phase1,2026-09-16T20:08:06+00:00
BUNDESLIGA2627_MW32_282_1.FCUnionBerlin_SVWerderBremen,32,1. FC Union Berlin,SV Werder Bremen,2027-05-07T00:00:00+00:00,0.4612,0.2538,0.285,0.4224,0.2806,0.297,,,,False,preseason_mode,predict_20260916T200806Z_76297182,0.1.0-phase1,2026-09-16T20:08:06+00:00
BUNDESLIGA2627_MW32_283_1.FSVMainz05_BorussiaDortmund,32,1. FSV Mainz 05,Borussia Dortmund,2027-05-07T00:00:00+00:00,0.2205,0.2516,0.5279,0.2419,0.2535,0.5046,,,,False,preseason_mode,predict_20260916T200806Z_76297182,0.1.0-phase1,2026-09-16T20:08:06+00:00
BUNDESLIGA2627_MW32_284_FCAugsburg_VfBStuttgart,32,FC Augsburg,VfB Stuttgart,2027-05-07T00:00:00+00:00,0.2624,0.2499,0.4877,0.2426,0.2335,0.5239,,,,False,preseason_mode,predict_20260916T200806Z_76297182,0.1.0-phase1,2026-09-16T20:08:06+00:00
BUNDESLIGA2627_MW32_285_Sport-ClubFreiburg_1.FCKöln,32,Sport-Club Freiburg,1. FC Köln,2027-05-07T00:00:00+00:00,0.5281,0.2496,0.2223,0.5062,0.2398,0.2541,,,,False,preseason_mode,predict_20260916T200806Z_76297182,0.1.0-phase1,2026-09-16T20:08:06+00:00
BUNDESLIGA2627_MW32_286_Bayer04Leverkusen_HamburgerSV,32,Bayer 04 Leverkusen,Hamburger SV,2027-05-07T00:00:00+00:00,0.6665,0.2022,0.1313,0.6587,0.2023,0.1389,,,,False,preseason_mode,predict_20260916T200806Z_76297182,0.1.0-phase1,2026-09-16T20:08:06+00:00
BUNDESLIGA2627_MW32_287_RBLeipzig_SCPaderborn07,32,RB Leipzig,SC Paderborn 07,2027-05-07T00:00:00+00:00,0.7065,0.2023,0.0912,0.7152,0.1783,0.1065,,,,False,preseason_mode,predict_20260916T200806Z_76297182,0.1.0-phase1,2026-09-16T20:08:06+00:00
BUNDESLIGA2627_MW32_288_FCBayernMünchen_BorussiaMönchengladbach,32,FC Bayern München,Borussia Mönchengladbach,2027-05-07T00:00:00+00:00,0.768,0.161,0.0711,0.8385,0.1028,0.0587,,,,False,preseason_mode,predict_20260916T200806Z_76297182,0.1.0-phase1,2026-09-16T20:08:06+00:00
BUNDESLIGA2627_MW33_289_SCPaderborn07_1.FCUnionBerlin,33,SC Paderborn 07,1. FC Union Berlin,2027-05-14T00:00:00+00:00,0.2905,0.2624,0.4471,0.3166,0.2873,0.3961,,,,False,preseason_mode,predict_20260916T200806Z_76297182,0.1.0-phase1,2026-09-16T20:08:06+00:00
BUNDESLIGA2627_MW33_290_SVWerderBremen_FCSchalke04,33,SV Werder Bremen,FC Schalke 04,2027-05-14T00:00:00+00:00,0.474,0.2745,0.2515,0.5954,0.233,0.1716,,,,False,preseason_mode,predict_20260916T200806Z_76297182,0.1.0-phase1,2026-09-16T20:08:06+00:00
BUNDESLIGA2627_MW33_291_HamburgerSV_Sport-ClubFreiburg,33,Hamburger SV,Sport-Club Freiburg,2027-05-14T00:00:00+00:00,0.336,0.3046,0.3594,0.3726,0.2736,0.3538,,,,False,preseason_mode,predict_20260916T200806Z_76297182,0.1.0-phase1,2026-09-16T20:08:06+00:00
BUNDESLIGA2627_MW33_292_BorussiaMönchengladbach_FCAugsburg,33,Borussia Mönchengladbach,FC Augsburg,2027-05-14T00:00:00+00:00,0.4863,0.27,0.2437,0.4689,0.2635,0.2676,,,,False,preseason_mode,predict_20260916T200806Z_76297182,0.1.0-phase1,2026-09-16T20:08:06+00:00
BUNDESLIGA2627_MW33_293_EintrachtFrankfurt_SVElversberg,33,Eintracht Frankfurt,SV Elversberg,2027-05-14T00:00:00+00:00,0.4335,0.2682,0.2983,0.5832,0.2287,0.1881,,,,False,preseason_mode,predict_20260916T200806Z_76297182,0.1.0-phase1,2026-09-16T20:08:06+00:00
BUNDESLIGA2627_MW33_294_Bayer04Leverkusen_FCBayernMünchen,33,Bayer 04 Leverkusen,FC Bayern München,2027-05-14T00:00:00+00:00,0.2087,0.2295,0.5617,0.2579,0.2039,0.5381,,,,False,preseason_mode,predict_20260916T200806Z_76297182,0.1.0-phase1,2026-09-16T20:08:06+00:00
BUNDESLIGA2627_MW33_295_TSGHoffenheim_1.FSVMainz05,33,TSG Hoffenheim,1. FSV Mainz 05,2027-05-14T00:00:00+00:00,0.4881,0.244,0.2679,0.4536,0.2479,0.2984,,,,False,preseason_mode,predict_20260916T200806Z_76297182,0.1.0-phase1,2026-09-16T20:08:06+00:00
BUNDESLIGA2627_MW33_296_VfBStuttgart_RBLeipzig,33,VfB Stuttgart,RB Leipzig,2027-05-14T00:00:00+00:00,0.3881,0.2965,0.3154,0.4674,0.2295,0.3031,,,,False,preseason_mode,predict_20260916T200806Z_76297182,0.1.0-phase1,2026-09-16T20:08:06+00:00
BUNDESLIGA2627_MW33_297_BorussiaDortmund_1.FCKöln,33,Borussia Dortmund,1. FC Köln,2027-05-14T00:00:00+00:00,0.7222,0.1812,0.0966,0.7306,0.1645,0.1048,,,,False,preseason_mode,predict_20260916T200806Z_76297182,0.1.0-phase1,2026-09-16T20:08:06+00:00
BUNDESLIGA2627_MW34_298_SVElversberg_SVWerderBremen,34,SV Elversberg,SV Werder Bremen,2027-05-22T13:30:00+00:00,0.4842,0.2899,0.2259,0.37,0.2953,0.3348,,,,False,preseason_mode,predict_20260916T200806Z_76297182,0.1.0-phase1,2026-09-16T20:08:06+00:00
BUNDESLIGA2627_MW34_299_FCSchalke04_Bayer04Leverkusen,34,FC Schalke 04,Bayer 04 Leverkusen,2027-05-22T13:30:00+00:00,0.1643,0.1971,0.6387,0.0976,0.1617,0.7407,,,,False,preseason_mode,predict_20260916T200806Z_76297182,0.1.0-phase1,2026-09-16T20:08:06+00:00
BUNDESLIGA2627_MW34_300_1.FCKöln_SCPaderborn07,34,1. FC Köln,SC Paderborn 07,2027-05-22T13:30:00+00:00,0.5161,0.263,0.2209,0.5239,0.2492,0.2268,,,,False,preseason_mode,predict_20260916T200806Z_76297182,0.1.0-phase1,2026-09-16T20:08:06+00:00
BUNDESLIGA2627_MW34_301_1.FCUnionBerlin_BorussiaMönchengladbach,34,1. FC Union Berlin,Borussia Mönchengladbach,2027-05-22T13:30:00+00:00,0.3752,0.2649,0.36,0.3742,0.2772,0.3485,,,,False,preseason_mode,predict_20260916T200806Z_76297182,0.1.0-phase1,2026-09-16T20:08:06+00:00
BUNDESLIGA2627_MW34_302_1.FSVMainz05_VfBStuttgart,34,1. FSV Mainz 05,VfB Stuttgart,2027-05-22T13:30:00+00:00,0.3198,0.2726,0.4076,0.3128,0.2503,0.437,,,,False,preseason_mode,predict_20260916T200806Z_76297182,0.1.0-phase1,2026-09-16T20:08:06+00:00
BUNDESLIGA2627_MW34_303_FCAugsburg_HamburgerSV,34,FC Augsburg,Hamburger SV,2027-05-22T13:30:00+00:00,0.4494,0.2534,0.2972,0.4048,0.2826,0.3125,,,,False,preseason_mode,predict_20260916T200806Z_76297182,0.1.0-phase1,2026-09-16T20:08:06+00:00
BUNDESLIGA2627_MW34_304_Sport-ClubFreiburg_BorussiaDortmund,34,Sport-Club Freiburg,Borussia Dortmund,2027-05-22T13:30:00+00:00,0.2168,0.2372,0.546,0.2276,0.2348,0.5376,,,,False,preseason_mode,predict_20260916T200806Z_76297182,0.1.0-phase1,2026-09-16T20:08:06+00:00
BUNDESLIGA2627_MW34_305_RBLeipzig_TSGHoffenheim,34,RB Leipzig,TSG Hoffenheim,2027-05-22T13:30:00+00:00,0.5565,0.2371,0.2065,0.5522,0.2141,0.2337,,,,False,preseason_mode,predict_20260916T200806Z_76297182,0.1.0-phase1,2026-09-16T20:08:06+00:00
BUNDESLIGA2627_MW34_306_FCBayernMünchen_EintrachtFrankfurt,34,FC Bayern München,Eintracht Frankfurt,2027-05-22T13:30:00+00:00,0.7595,0.1683,0.0721,0.822,0.1049,0.0731,,,,False,preseason_mode,predict_20260916T200806Z_76297182,0.1.0-phase1,2026-09-16T20:08:06+00:00
BUNDESLIGA2627_MW04_036_FCBayernMünchen_1.FCUnionBerlin,4,FC Bayern München,1. FC Union Berlin,2026-09-18T18:30:00+00:00,0.8426,0.1037,0.0537,0.8718,0.0856,0.0426,0.8921,0.068,0.0399,True,early_week_mode,weekly_update_20260916T200912Z_368cc821,0.1.0-phase1,2026-09-16T20:09:12+00:00
BUNDESLIGA2627_MW04_030_SVWerderBremen_FCAugsburg,4,SV Werder Bremen,FC Augsburg,2026-09-19T13:30:00+00:00,0.3994,0.2647,0.3358,0.3944,0.2766,0.329,0.4128,0.2453,0.3419,True,early_week_mode,weekly_update_20260916T200912Z_368cc821,0.1.0-phase1,2026-09-16T20:09:12+00:00
BUNDESLIGA2627_MW04_031_HamburgerSV_1.FCKöln,4,Hamburger SV,1. FC Köln,2026-09-19T13:30:00+00:00,0.3812,0.273,0.3458,0.4261,0.268,0.3058,0.3528,0.2612,0.386,True,early_week_mode,weekly_update_20260916T200912Z_368cc821,0.1.0-phase1,2026-09-16T20:09:12+00:00
BUNDESLIGA2627_MW04_032_BorussiaMönchengladbach_1.FSVMainz05,4,Borussia Mönchengladbach,1. FSV Mainz 05,2026-09-19T13:30:00+00:00,0.4238,0.2665,0.3097,0.3821,0.2792,0.3387,,,,False,early_week_mode,weekly_update_20260916T200912Z_368cc821,0.1.0-phase1,2026-09-16T20:09:12+00:00
BUNDESLIGA2627_MW04_033_EintrachtFrankfurt_Sport-ClubFreiburg,4,Eintracht Frankfurt,Sport-Club Freiburg,2026-09-19T13:30:00+00:00,0.4503,0.2671,0.2826,0.4866,0.2268,0.2866,,,,False,early_week_mode,weekly_update_20260916T200912Z_368cc821,0.1.0-phase1,2026-09-16T20:09:12+00:00
BUNDESLIGA2627_MW04_035_VfBStuttgart_BorussiaDortmund,4,VfB Stuttgart,Borussia Dortmund,2026-09-19T16:30:00+00:00,0.3576,0.2607,0.3816,0.3489,0.2399,0.4112,0.4098,0.2495,0.3408,True,early_week_mode,weekly_update_20260916T200912Z_368cc821,0.1.0-phase1,2026-09-16T20:09:12+00:00
BUNDESLIGA2627_MW04_034_Bayer04Leverkusen_RBLeipzig,4,Bayer 04 Leverkusen,RB Leipzig,2026-09-20T13:30:00+00:00,0.4225,0.2886,0.2889,0.4917,0.2351,0.2732,,,,False,early_week_mode,weekly_update_20260916T200912Z_368cc821,0.1.0-phase1,2026-09-16T20:09:12+00:00
BUNDESLIGA2627_MW04_029_FCSchalke04_SVElversberg,4,FC Schalke 04,SV Elversberg,2026-09-20T15:30:00+00:00,0.292,0.2323,0.4756,0.0273,0.0592,0.9135,0.4673,0.2587,0.274,True,early_week_mode,weekly_update_20260916T200912Z_368cc821,0.1.0-phase1,2026-09-16T20:09:12+00:00
BUNDESLIGA2627_MW04_028_SCPaderborn07_TSGHoffenheim,4,SC Paderborn 07,TSG Hoffenheim,2026-09-20T17:30:00+00:00,0.2749,0.2373,0.4878,0.2409,0.4903,0.2688,,,,False,early_week_mode,weekly_update_20260916T200912Z_368cc821,0.1.0-phase1,2026-09-16T20:09:12+00:00
BUNDESLIGA2627_MW05_037_SCPaderborn07_VfBStuttgart,5,SC Paderborn 07,VfB Stuttgart,2026-10-09T00:00:00+00:00,0.2461,0.2197,0.5342,0.196,0.4826,0.3214,,,,False,early_week_mode,weekly_update_20260916T200912Z_368cc821,0.1.0-phase1,2026-09-16T20:09:12+00:00
BUNDESLIGA2627_MW05_038_1.FCKöln_BorussiaMönchengladbach,5,1. FC Köln,Borussia Mönchengladbach,2026-10-09T00:00:00+00:00,0.3698,0.2868,0.3435,0.4089,0.2563,0.3348,,,,False,early_week_mode,weekly_update_20260916T200912Z_368cc821,0.1.0-phase1,2026-09-16T20:09:12+00:00
BUNDESLIGA2627_MW05_039_1.FCUnionBerlin_SVElversberg,5,1. FC Union Berlin,SV Elversberg,2026-10-09T00:00:00+00:00,0.3349,0.2419,0.4232,0.2328,0.1905,0.5767,0.4405,0.248,0.3115,True,early_week_mode,weekly_update_20260916T200912Z_368cc821,0.1.0-phase1,2026-09-16T20:09:12+00:00
BUNDESLIGA2627_MW05_040_1.FSVMainz05_Bayer04Leverkusen,5,1. FSV Mainz 05,Bayer 04 Leverkusen,2026-10-09T00:00:00+00:00,0.291,0.2797,0.4293,0.2828,0.2579,0.4593,,,,False,early_week_mode,weekly_update_20260916T200912Z_368cc821,0.1.0-phase1,2026-09-16T20:09:12+00:00
BUNDESLIGA2627_MW05_041_FCAugsburg_FCBayernMünchen,5,FC Augsburg,FC Bayern München,2026-10-09T00:00:00+00:00,0.1157,0.1555,0.7288,0.0949,0.1409,0.7642,0.1018,0.1211,0.7772,True,early_week_mode,weekly_update_20260916T200912Z_368cc821,0.1.0-phase1,2026-09-16T20:09:12+00:00
BUNDESLIGA2627_MW05_042_Sport-ClubFreiburg_FCSchalke04,5,Sport-Club Freiburg,FC Schalke 04,2026-10-09T00:00:00+00:00,0.5694,0.279,0.1516,0.842,0.1137,0.0443,,,,False,early_week_mode,weekly_update_20260916T200912Z_368cc821,0.1.0-phase1,2026-09-16T20:09:12+00:00
BUNDESLIGA2627_MW05_043_TSGHoffenheim_HamburgerSV,5,TSG Hoffenheim,Hamburger SV,2026-10-09T00:00:00+00:00,0.634,0.1981,0.1679,0.5306,0.2382,0.2312,0.6961,0.1761,0.1277,True,early_week_mode,weekly_update_20260916T200912Z_368cc821,0.1.0-phase1,2026-09-16T20:09:12+00:00
BUNDESLIGA2627_MW05_044_RBLeipzig_EintrachtFrankfurt,5,RB Leipzig,Eintracht Frankfurt,2026-10-09T00:00:00+00:00,0.6049,0.2086,0.1865,0.5677,0.2094,0.223,0.6302,0.1906,0.1792,True,early_week_mode,weekly_update_20260916T200912Z_368cc821,0.1.0-phase1,2026-09-16T20:09:12+00:00
BUNDESLIGA2627_MW05_045_BorussiaDortmund_SVWerderBremen,5,Borussia Dortmund,SV Werder Bremen,2026-10-09T00:00:00+00:00,0.6902,0.18,0.1298,0.7336,0.1702,0.0962,0.6657,0.1822,0.1521,True,early_week_mode,weekly_update_20260916T200912Z_368cc821,0.1.0-phase1,2026-09-16T20:09:12+00:00
BUNDESLIGA2627_MW06_046_SVElversberg_FCAugsburg,6,SV Elversberg,FC Augsburg,2026-10-16T00:00:00+00:00,0.6459,0.2163,0.1378,0.7235,0.147,0.1295,,,,False,early_week_mode,weekly_update_20260916T200912Z_368cc821,0.1.0-phase1,2026-09-16T20:09:12+00:00
BUNDESLIGA2627_MW06_047_FCSchalke04_1.FSVMainz05,6,FC Schalke 04,1. FSV Mainz 05,2026-10-16T00:00:00+00:00,0.248,0.2491,0.5029,0.0912,0.1918,0.717,,,,False,early_week_mode,weekly_update_20260916T200912Z_368cc821,0.1.0-phase1,2026-09-16T20:09:12+00:00
BUNDESLIGA2627_MW06_048_SVWerderBremen_SCPaderborn07,6,SV Werder Bremen,SC Paderborn 07,2026-10-16T00:00:00+00:00,0.4789,0.2394,0.2817,0.254,0.5363,0.2098,,,,False,early_week_mode,weekly_update_20260916T200912Z_368cc821,0.1.0-phase1,2026-09-16T20:09:12+00:00
BUNDESLIGA2627_MW06_049_HamburgerSV_VfBStuttgart,6,Hamburger SV,VfB Stuttgart,2026-10-16T00:00:00+00:00,0.2687,0.291,0.4403,0.2594,0.2463,0.4943,,,,False,early_week_mode,weekly_update_20260916T200912Z_368cc821,0.1.0-phase1,2026-09-16T20:09:12+00:00
BUNDESLIGA2627_MW06_050_BorussiaMönchengladbach_TSGHoffenheim,6,Borussia Mönchengladbach,TSG Hoffenheim,2026-10-16T00:00:00+00:00,0.3855,0.2901,0.3245,0.3907,0.2449,0.3644,,,,False,early_week_mode,weekly_update_20260916T200912Z_368cc821,0.1.0-phase1,2026-09-16T20:09:12+00:00
BUNDESLIGA2627_MW06_051_1.FCUnionBerlin_BorussiaDortmund,6,1. FC Union Berlin,Borussia Dortmund,2026-10-16T00:00:00+00:00,0.2047,0.252,0.5433,0.1875,0.2323,0.5802,,,,False,early_week_mode,weekly_update_20260916T200912Z_368cc821,0.1.0-phase1,2026-09-16T20:09:12+00:00
BUNDESLIGA2627_MW06_052_EintrachtFrankfurt_1.FCKöln,6,Eintracht Frankfurt,1. FC Köln,2026-10-16T00:00:00+00:00,0.5418,0.2361,0.2221,0.5695,0.2081,0.2224,,,,False,early_week_mode,weekly_update_20260916T200912Z_368cc821,0.1.0-phase1,2026-09-16T20:09:12+00:00
BUNDESLIGA2627_MW06_053_Bayer04Leverkusen_Sport-ClubFreiburg,6,Bayer 04 Leverkusen,Sport-Club Freiburg,2026-10-16T00:00:00+00:00,0.5748,0.239,0.1862,0.6226,0.2035,0.1739,,,,False,early_week_mode,weekly_update_20260916T200912Z_368cc821,0.1.0-phase1,2026-09-16T20:09:12+00:00
BUNDESLIGA2627_MW06_054_FCBayernMünchen_RBLeipzig,6,FC Bayern München,RB Leipzig,2026-10-16T00:00:00+00:00,0.6464,0.227,0.1266,0.7327,0.1479,0.1194,,,,False,early_week_mode,weekly_update_20260916T200912Z_368cc821,0.1.0-phase1,2026-09-16T20:09:12+00:00
BUNDESLIGA2627_MW07_055_SCPaderborn07_HamburgerSV,7,SC Paderborn 07,Hamburger SV,2026-10-23T00:00:00+00:00,0.3501,0.2624,0.3875,0.2473,0.5534,0.1994,,,,False,early_week_mode,weekly_update_20260916T200912Z_368cc821,0.1.0-phase1,2026-09-16T20:09:12+00:00
BUNDESLIGA2627_MW07_056_1.FCKöln_FCSchalke04,7,1. FC Köln,FC Schalke 04,2026-10-23T00:00:00+00:00,0.5189,0.2836,0.1975,0.7972,0.1394,0.0634,,,,False,early_week_mode,weekly_update_20260916T200912Z_368cc821,0.1.0-phase1,2026-09-16T20:09:12+00:00
BUNDESLIGA2627_MW07_057_1.FSVMainz05_SVWerderBremen,7,1. FSV Mainz 05,SV Werder Bremen,2026-10-23T00:00:00+00:00,0.514,0.2525,0.2334,0.5184,0.2608,0.2208,,,,False,early_week_mode,weekly_update_20260916T200912Z_368cc821,0.1.0-phase1,2026-09-16T20:09:12+00:00
BUNDESLIGA2627_MW07_058_FCAugsburg_1.FCUnionBerlin,7,FC Augsburg,1. FC Union Berlin,2026-10-23T00:00:00+00:00,0.4315,0.275,0.2935,0.4296,0.2736,0.2969,,,,False,early_week_mode,weekly_update_20260916T200912Z_368cc821,0.1.0-phase1,2026-09-16T20:09:12+00:00
BUNDESLIGA2627_MW07_059_Sport-ClubFreiburg_FCBayernMünchen,7,Sport-Club Freiburg,FC Bayern München,2026-10-23T00:00:00+00:00,0.1506,0.2076,0.6417,0.127,0.1542,0.7188,,,,False,early_week_mode,weekly_update_20260916T200912Z_368cc821,0.1.0-phase1,2026-09-16T20:09:12+00:00
BUNDESLIGA2627_MW07_060_TSGHoffenheim_Bayer04Leverkusen,7,TSG Hoffenheim,Bayer 04 Leverkusen,2026-10-23T00:00:00+00:00,0.3237,0.2569,0.4193,0.2992,0.2259,0.4749,,,,False,early_week_mode,weekly_update_20260916T200912Z_368cc821,0.1.0-phase1,2026-09-16T20:09:12+00:00
BUNDESLIGA2627_MW07_061_VfBStuttgart_BorussiaMönchengladbach,7,VfB Stuttgart,Borussia Mönchengladbach,2026-10-23T00:00:00+00:00,0.5285,0.2514,0.2202,0.6166,0.2045,0.1789,,,,False,early_week_mode,weekly_update_20260916T200912Z_368cc821,0.1.0-phase1,2026-09-16T20:09:12+00:00
BUNDESLIGA2627_MW07_062_RBLeipzig_SVElversberg,7,RB Leipzig,SV Elversberg,2026-10-23T00:00:00+00:00,0.4435,0.259,0.2975,0.4549,0.1978,0.3473,,,,False,early_week_mode,weekly_update_20260916T200912Z_368cc821,0.1.0-phase1,2026-09-16T20:09:12+00:00
BUNDESLIGA2627_MW07_063_BorussiaDortmund_EintrachtFrankfurt,7,Borussia Dortmund,Eintracht Frankfurt,2026-10-23T00:00:00+00:00,0.6329,0.2161,0.151,0.6558,0.1873,0.1569,,,,False,early_week_mode,weekly_update_20260916T200912Z_368cc821,0.1.0-phase1,2026-09-16T20:09:12+00:00
BUNDESLIGA2627_MW08_064_SVElversberg_1.FSVMainz05,8,SV Elversberg,1. FSV Mainz 05,2026-10-30T00:00:00+00:00,0.6029,0.2316,0.1655,0.6425,0.1767,0.1808,,,,False,early_week_mode,weekly_update_20260916T200912Z_368cc821,0.1.0-phase1,2026-09-16T20:09:12+00:00
BUNDESLIGA2627_MW08_065_FCSchalke04_RBLeipzig,8,FC Schalke 04,RB Leipzig,2026-10-30T00:00:00+00:00,0.1599,0.2071,0.6329,0.0467,0.1164,0.8369,,,,False,early_week_mode,weekly_update_20260916T200912Z_368cc821,0.1.0-phase1,2026-09-16T20:09:12+00:00
BUNDESLIGA2627_MW08_066_SVWerderBremen_TSGHoffenheim,8,SV Werder Bremen,TSG Hoffenheim,2026-10-30T00:00:00+00:00,0.3113,0.2948,0.3939,0.3317,0.2462,0.422,,,,False,early_week_mode,weekly_update_20260916T200912Z_368cc821,0.1.0-phase1,2026-09-16T20:09:12+00:00
BUNDESLIGA2627_MW08_067_BorussiaMönchengladbach_SCPaderborn07,8,Borussia Mönchengladbach,SC Paderborn 07,2026-10-30T00:00:00+00:00,0.5445,0.2271,0.2284,0.2836,0.5268,0.1896,,,,False,early_week_mode,weekly_update_20260916T200912Z_368cc821,0.1.0-phase1,2026-09-16T20:09:12+00:00
BUNDESLIGA2627_MW08_068_1.FCUnionBerlin_1.FCKöln,8,1. FC Union Berlin,1. FC Köln,2026-10-30T00:00:00+00:00,0.4543,0.2581,0.2876,0.437,0.257,0.3061,,,,False,early_week_mode,weekly_update_20260916T200912Z_368cc821,0.1.0-phase1,2026-09-16T20:09:12+00:00
BUNDESLIGA2627_MW08_069_FCAugsburg_Sport-ClubFreiburg,8,FC Augsburg,Sport-Club Freiburg,2026-10-30T00:00:00+00:00,0.3731,0.2818,0.3451,0.3693,0.2644,0.3663,,,,False,early_week_mode,weekly_update_20260916T200912Z_368cc821,0.1.0-phase1,2026-09-16T20:09:12+00:00
BUNDESLIGA2627_MW08_070_EintrachtFrankfurt_HamburgerSV,8,Eintracht Frankfurt,Hamburger SV,2026-10-30T00:00:00+00:00,0.5469,0.2324,0.2207,0.5451,0.2337,0.2212,,,,False,early_week_mode,weekly_update_20260916T200912Z_368cc821,0.1.0-phase1,2026-09-16T20:09:12+00:00
BUNDESLIGA2627_MW08_071_Bayer04Leverkusen_VfBStuttgart,8,Bayer 04 Leverkusen,VfB Stuttgart,2026-10-30T00:00:00+00:00,0.5122,0.2516,0.2362,0.5137,0.2201,0.2661,,,,False,early_week_mode,weekly_update_20260916T200912Z_368cc821,0.1.0-phase1,2026-09-16T20:09:12+00:00
BUNDESLIGA2627_MW08_072_FCBayernMünchen_BorussiaDortmund,8,FC Bayern München,Borussia Dortmund,2026-10-30T00:00:00+00:00,0.6071,0.2319,0.161,0.6312,0.187,0.1817,,,,False,early_week_mode,weekly_update_20260916T200912Z_368cc821,0.1.0-phase1,2026-09-16T20:09:12+00:00
BUNDESLIGA2627_MW09_073_SCPaderborn07_EintrachtFrankfurt,9,SC Paderborn 07,Eintracht Frankfurt,2026-11-06T00:00:00+00:00,0.2826,0.2452,0.4722,0.2358,0.4879,0.2763,,,,False,early_week_mode,weekly_update_20260916T200912Z_368cc821,0.1.0-phase1,2026-09-16T20:09:12+00:00
BUNDESLIGA2627_MW09_074_1.FCKöln_Bayer04Leverkusen,9,1. FC Köln,Bayer 04 Leverkusen,2026-11-06T00:00:00+00:00,0.2336,0.2736,0.4929,0.2222,0.2203,0.5575,,,,False,early_week_mode,weekly_update_20260916T200912Z_368cc821,0.1.0-phase1,2026-09-16T20:09:12+00:00
BUNDESLIGA2627_MW09_075_HamburgerSV_BorussiaMönchengladbach,9,Hamburger SV,Borussia Mönchengladbach,2026-11-06T00:00:00+00:00,0.3573,0.2899,0.3528,0.3887,0.284,0.3273,,,,False,early_week_mode,weekly_update_20260916T200912Z_368cc821,0.1.0-phase1,2026-09-16T20:09:12+00:00
BUNDESLIGA2627_MW09_076_1.FSVMainz05_FCBayernMünchen,9,1. FSV Mainz 05,FC Bayern München,2026-11-06T00:00:00+00:00,0.1472,0.2127,0.6401,0.1343,0.1737,0.6921,,,,False,early_week_mode,weekly_update_20260916T200912Z_368cc821,0.1.0-phase1,2026-09-16T20:09:12+00:00
BUNDESLIGA2627_MW09_077_Sport-ClubFreiburg_1.FCUnionBerlin,9,Sport-Club Freiburg,1. FC Union Berlin,2026-11-06T00:00:00+00:00,0.4883,0.2636,0.2481,0.5074,0.248,0.2446,,,,False,early_week_mode,weekly_update_20260916T200912Z_368cc821,0.1.0-phase1,2026-09-16T20:09:12+00:00
BUNDESLIGA2627_MW09_078_TSGHoffenheim_FCSchalke04,9,TSG Hoffenheim,FC Schalke 04,2026-11-06T00:00:00+00:00,0.5997,0.2618,0.1385,0.8709,0.0922,0.0369,,,,False,early_week_mode,weekly_update_20260916T200912Z_368cc821,0.1.0-phase1,2026-09-16T20:09:12+00:00
BUNDESLIGA2627_MW09_079_VfBStuttgart_SVWerderBremen,9,VfB Stuttgart,SV Werder Bremen,2026-11-06T00:00:00+00:00,0.5988,0.2285,0.1726,0.6712,0.1871,0.1417,,,,False,early_week_mode,weekly_update_20260916T200912Z_368cc821,0.1.0-phase1,2026-09-16T20:09:12+00:00
BUNDESLIGA2627_MW09_080_RBLeipzig_FCAugsburg,9,RB Leipzig,FC Augsburg,2026-11-06T00:00:00+00:00,0.6362,0.2039,0.1599,0.6295,0.2113,0.1591,,,,False,early_week_mode,weekly_update_20260916T200912Z_368cc821,0.1.0-phase1,2026-09-16T20:09:12+00:00
BUNDESLIGA2627_MW09_081_BorussiaDortmund_SVElversberg,9,Borussia Dortmund,SV Elversberg,2026-11-06T00:00:00+00:00,0.5096,0.2609,0.2295,0.5614,0.1883,0.2504,,,,False,early_week_mode,weekly_update_20260916T200912Z_368cc821,0.1.0-phase1,2026-09-16T20:09:12+00:00
BUNDESLIGA2627_MW10_082_SVElversberg_Sport-ClubFreiburg,10,SV Elversberg,Sport-Club Freiburg,2026-11-20T00:00:00+00:00,0.6008,0.23,0.1692,0.6667,0.1595,0.1738,,,,False,early_week_mode,weekly_update_20260916T200912Z_368cc821,0.1.0-phase1,2026-09-16T20:09:12+00:00
BUNDESLIGA2627_MW10_083_FCSchalke04_VfBStuttgart,10,FC Schalke 04,VfB Stuttgart,2026-11-20T00:00:00+00:00,0.1946,0.217,0.5883,0.0452,0.1055,0.8493,,,,False,early_week_mode,weekly_update_20260916T200912Z_368cc821,0.1.0-phase1,2026-09-16T20:09:12+00:00
BUNDESLIGA2627_MW10_084_SVWerderBremen_HamburgerSV,10,SV Werder Bremen,Hamburger SV,2026-11-20T00:00:00+00:00,0.4257,0.2687,0.3056,0.3953,0.2868,0.3179,,,,False,early_week_mode,weekly_update_20260916T200912Z_368cc821,0.1.0-phase1,2026-09-16T20:09:12+00:00
BUNDESLIGA2627_MW10_085_BorussiaMönchengladbach_BorussiaDortmund,10,Borussia Mönchengladbach,Borussia Dortmund,2026-11-20T00:00:00+00:00,0.2281,0.2614,0.5105,0.2086,0.2378,0.5536,,,,False,early_week_mode,weekly_update_20260916T200912Z_368cc821,0.1.0-phase1,2026-09-16T20:09:12+00:00
BUNDESLIGA2627_MW10_086_1.FCUnionBerlin_RBLeipzig,10,1. FC Union Berlin,RB Leipzig,2026-11-20T00:00:00+00:00,0.2478,0.2791,0.4732,0.2542,0.2486,0.4972,,,,False,early_week_mode,weekly_update_20260916T200912Z_368cc821,0.1.0-phase1,2026-09-16T20:09:12+00:00
BUNDESLIGA2627_MW10_087_FCAugsburg_1.FSVMainz05,10,FC Augsburg,1. FSV Mainz 05,2026-11-20T00:00:00+00:00,0.3886,0.2696,0.3418,0.357,0.2837,0.3594,,,,False,early_week_mode,weekly_update_20260916T200912Z_368cc821,0.1.0-phase1,2026-09-16T20:09:12+00:00
BUNDESLIGA2627_MW10_088_EintrachtFrankfurt_TSGHoffenheim,10,Eintracht Frankfurt,TSG Hoffenheim,2026-11-20T00:00:00+00:00,0.426,0.2811,0.2929,0.483,0.2145,0.3025,,,,False,early_week_mode,weekly_update_20260916T200912Z_368cc821,0.1.0-phase1,2026-09-16T20:09:12+00:00
BUNDESLIGA2627_MW10_089_Bayer04Leverkusen_SCPaderborn07,10,Bayer 04 Leverkusen,SC Paderborn 07,2026-11-20T00:00:00+00:00,0.6469,0.2076,0.1456,0.4122,0.4619,0.1259,,,,False,early_week_mode,weekly_update_20260916T200912Z_368cc821,0.1.0-phase1,2026-09-16T20:09:12+00:00
BUNDESLIGA2627_MW10_090_FCBayernMünchen_1.FCKöln,10,FC Bayern München,1. FC Köln,2026-11-20T00:00:00+00:00,0.7922,0.141,0.0667,0.8891,0.0727,0.0382,,,,False,early_week_mode,weekly_update_20260916T200912Z_368cc821,0.1.0-phase1,2026-09-16T20:09:12+00:00
BUNDESLIGA2627_MW11_091_SCPaderborn07_FCSchalke04,11,SC Paderborn 07,FC Schalke 04,2026-11-27T00:00:00+00:00,0.4046,0.2783,0.3171,0.4449,0.472,0.0831,,,,False,early_week_mode,weekly_update_20260916T200912Z_368cc821,0.1.0-phase1,2026-09-16T20:09:12+00:00
BUNDESLIGA2627_MW11_092_SVWerderBremen_BorussiaMönchengladbach,11,SV Werder Bremen,Borussia Mönchengladbach,2026-11-27T00:00:00+00:00,0.3562,0.2812,0.3626,0.373,0.2736,0.3534,,,,False,early_week_mode,weekly_update_20260916T200912Z_368cc821,0.1.0-phase1,2026-09-16T20:09:12+00:00
BUNDESLIGA2627_MW11_093_1.FCKöln_SVElversberg,11,1. FC Köln,SV Elversberg,2026-11-27T00:00:00+00:00,0.2201,0.2238,0.5561,0.231,0.177,0.592,,,,False,early_week_mode,weekly_update_20260916T200912Z_368cc821,0.1.0-phase1,2026-09-16T20:09:12+00:00
BUNDESLIGA2627_MW11_094_HamburgerSV_FCBayernMünchen,11,Hamburger SV,FC Bayern München,2026-11-27T00:00:00+00:00,0.1216,0.1981,0.6803,0.0942,0.1477,0.7581,,,,False,early_week_mode,weekly_update_20260916T200912Z_368cc821,0.1.0-phase1,2026-09-16T20:09:12+00:00
BUNDESLIGA2627_MW11_095_1.FSVMainz05_1.FCUnionBerlin,11,1. FSV Mainz 05,1. FC Union Berlin,2026-11-27T00:00:00+00:00,0.4678,0.2766,0.2555,0.492,0.2674,0.2406,,,,False,early_week_mode,weekly_update_20260916T200912Z_368cc821,0.1.0-phase1,2026-09-16T20:09:12+00:00
BUNDESLIGA2627_MW11_096_Sport-ClubFreiburg_RBLeipzig,11,Sport-Club Freiburg,RB Leipzig,2026-11-27T00:00:00+00:00,0.297,0.2852,0.4178,0.32,0.2465,0.4335,,,,False,early_week_mode,weekly_update_20260916T200912Z_368cc821,0.1.0-phase1,2026-09-16T20:09:12+00:00
BUNDESLIGA2627_MW11_097_TSGHoffenheim_FCAugsburg,11,TSG Hoffenheim,FC Augsburg,2026-11-27T00:00:00+00:00,0.5249,0.2387,0.2364,0.532,0.2301,0.2379,,,,False,early_week_mode,weekly_update_20260916T200912Z_368cc821,0.1.0-phase1,2026-09-16T20:09:12+00:00
BUNDESLIGA2627_MW11_098_VfBStuttgart_EintrachtFrankfurt,11,VfB Stuttgart,Eintracht Frankfurt,2026-11-27T00:00:00+00:00,0.4976,0.2648,0.2376,0.5715,0.1989,0.2296,,,,False,early_week_mode,weekly_update_20260916T200912Z_368cc821,0.1.0-phase1,2026-09-16T20:09:12+00:00
BUNDESLIGA2627_MW11_099_BorussiaDortmund_Bayer04Leverkusen,11,Borussia Dortmund,Bayer 04 Leverkusen,2026-11-27T00:00:00+00:00,0.5118,0.2491,0.2391,0.4959,0.2398,0.2642,,,,False,early_week_mode,weekly_update_20260916T200912Z_368cc821,0.1.0-phase1,2026-09-16T20:09:12+00:00
BUNDESLIGA2627_MW12_100_SVElversberg_VfBStuttgart,12,SV Elversberg,VfB Stuttgart,2026-12-04T00:00:00+00:00,0.5416,0.2315,0.2269,0.5378,0.1792,0.283,,,,False,early_week_mode,weekly_update_20260916T200912Z_368cc821,0.1.0-phase1,2026-09-16T20:09:12+00:00
BUNDESLIGA2627_MW12_101_FCSchalke04_BorussiaDortmund,12,FC Schalke 04,Borussia Dortmund,2026-12-04T00:00:00+00:00,0.1352,0.1822,0.6826,0.0295,0.0898,0.8808,,,,False,early_week_mode,weekly_update_20260916T200912Z_368cc821,0.1.0-phase1,2026-09-16T20:09:12+00:00
BUNDESLIGA2627_MW12_102_1.FCUnionBerlin_HamburgerSV,12,1. FC Union Berlin,Hamburger SV,2026-12-04T00:00:00+00:00,0.4602,0.2565,0.2833,0.4201,0.2845,0.2954,,,,False,early_week_mode,weekly_update_20260916T200912Z_368cc821,0.1.0-phase1,2026-09-16T20:09:12+00:00
BUNDESLIGA2627_MW12_103_FCAugsburg_1.FCKöln,12,FC Augsburg,1. FC Köln,2026-12-04T00:00:00+00:00,0.4602,0.2578,0.282,0.4417,0.2569,0.3014,,,,False,early_week_mode,weekly_update_20260916T200912Z_368cc821,0.1.0-phase1,2026-09-16T20:09:12+00:00
BUNDESLIGA2627_MW12_104_EintrachtFrankfurt_SVWerderBremen,12,Eintracht Frankfurt,SV Werder Bremen,2026-12-04T00:00:00+00:00,0.5563,0.2324,0.2113,0.5819,0.216,0.2021,,,,False,early_week_mode,weekly_update_20260916T200912Z_368cc821,0.1.0-phase1,2026-09-16T20:09:12+00:00
BUNDESLIGA2627_MW12_105_Sport-ClubFreiburg_TSGHoffenheim,12,Sport-Club Freiburg,TSG Hoffenheim,2026-12-04T00:00:00+00:00,0.407,0.2866,0.3064,0.4405,0.2333,0.3262,,,,False,early_week_mode,weekly_update_20260916T200912Z_368cc821,0.1.0-phase1,2026-09-16T20:09:12+00:00
BUNDESLIGA2627_MW12_106_Bayer04Leverkusen_BorussiaMönchengladbach,12,Bayer 04 Leverkusen,Borussia Mönchengladbach,2026-12-04T00:00:00+00:00,0.5934,0.2298,0.1769,0.652,0.1991,0.1489,,,,False,early_week_mode,weekly_update_20260916T200912Z_368cc821,0.1.0-phase1,2026-09-16T20:09:12+00:00
BUNDESLIGA2627_MW12_107_RBLeipzig_1.FSVMainz05,12,RB Leipzig,1. FSV Mainz 05,2026-12-04T00:00:00+00:00,0.5985,0.2123,0.1892,0.5543,0.2392,0.2065,,,,False,early_week_mode,weekly_update_20260916T200912Z_368cc821,0.1.0-phase1,2026-09-16T20:09:12+00:00
BUNDESLIGA2627_MW12_108_FCBayernMünchen_SCPaderborn07,12,FC Bayern München,SC Paderborn 07,2026-12-04T00:00:00+00:00,0.758,0.165,0.077,0.5845,0.3395,0.0761,,,,False,early_week_mode,weekly_update_20260916T200912Z_368cc821,0.1.0-phase1,2026-09-16T20:09:12+00:00
BUNDESLIGA2627_MW13_109_SCPaderborn07_SVElversberg,13,SC Paderborn 07,SV Elversberg,2026-12-11T00:00:00+00:00,0.2022,0.1981,0.5997,0.2004,0.4118,0.3878,,,,False,early_week_mode,weekly_update_20260916T200912Z_368cc821,0.1.0-phase1,2026-09-16T20:09:12+00:00
BUNDESLIGA2627_MW13_110_SVWerderBremen_Bayer04Leverkusen,13,SV Werder Bremen,Bayer 04 Leverkusen,2026-12-11T00:00:00+00:00,0.2237,0.2651,0.5111,0.2022,0.229,0.5688,,,,False,early_week_mode,weekly_update_20260916T200912Z_368cc821,0.1.0-phase1,2026-09-16T20:09:12+00:00
BUNDESLIGA2627_MW13_111_1.FCKöln_RBLeipzig,13,1. FC Köln,RB Leipzig,2026-12-11T00:00:00+00:00,0.2314,0.2828,0.4858,0.2555,0.2324,0.5121,,,,False,early_week_mode,weekly_update_20260916T200912Z_368cc821,0.1.0-phase1,2026-09-16T20:09:12+00:00
BUNDESLIGA2627_MW13_112_HamburgerSV_FCSchalke04,13,Hamburger SV,FC Schalke 04,2026-12-11T00:00:00+00:00,0.4901,0.3004,0.2095,0.7555,0.1728,0.0717,,,,False,early_week_mode,weekly_update_20260916T200912Z_368cc821,0.1.0-phase1,2026-09-16T20:09:12+00:00
BUNDESLIGA2627_MW13_113_BorussiaMönchengladbach_EintrachtFrankfurt,13,Borussia Mönchengladbach,Eintracht Frankfurt,2026-12-11T00:00:00+00:00,0.3958,0.2823,0.3219,0.3782,0.2439,0.378,,,,False,early_week_mode,weekly_update_20260916T200912Z_368cc821,0.1.0-phase1,2026-09-16T20:09:12+00:00
BUNDESLIGA2627_MW13_114_1.FSVMainz05_Sport-ClubFreiburg,13,1. FSV Mainz 05,Sport-Club Freiburg,2026-12-11T00:00:00+00:00,0.4117,0.2862,0.3021,0.4336,0.2653,0.301,,,,False,early_week_mode,weekly_update_20260916T200912Z_368cc821,0.1.0-phase1,2026-09-16T20:09:12+00:00
BUNDESLIGA2627_MW13_115_TSGHoffenheim_FCBayernMünchen,13,TSG Hoffenheim,FC Bayern München,2026-12-11T00:00:00+00:00,0.1552,0.2011,0.6437,0.1308,0.1449,0.7243,,,,False,early_week_mode,weekly_update_20260916T200912Z_368cc821,0.1.0-phase1,2026-09-16T20:09:12+00:00
BUNDESLIGA2627_MW13_116_VfBStuttgart_1.FCUnionBerlin,13,VfB Stuttgart,1. FC Union Berlin,2026-12-11T00:00:00+00:00,0.5587,0.2488,0.1925,0.6438,0.1973,0.1589,,,,False,early_week_mode,weekly_update_20260916T200912Z_368cc821,0.1.0-phase1,2026-09-16T20:09:12+00:00
BUNDESLIGA2627_MW13_117_BorussiaDortmund_FCAugsburg,13,Borussia Dortmund,FC Augsburg,2026-12-11T00:00:00+00:00,0.6828,0.1917,0.1255,0.7044,0.1844,0.1113,,,,False,early_week_mode,weekly_update_20260916T200912Z_368cc821,0.1.0-phase1,2026-09-16T20:09:12+00:00
BUNDESLIGA2627_MW14_118_SVElversberg_HamburgerSV,14,SV Elversberg,Hamburger SV,2026-12-18T00:00:00+00:00,0.668,0.2088,0.1232,0.7195,0.153,0.1275,,,,False,early_week_mode,weekly_update_20260916T200912Z_368cc821,0.1.0-phase1,2026-09-16T20:09:12+00:00
BUNDESLIGA2627_MW14_119_FCSchalke04_BorussiaMönchengladbach,14,FC Schalke 04,Borussia Mönchengladbach,2026-12-18T00:00:00+00:00,0.2502,0.2577,0.4921,0.1076,0.1994,0.693,,,,False,early_week_mode,weekly_update_20260916T200912Z_368cc821,0.1.0-phase1,2026-09-16T20:09:12+00:00
BUNDESLIGA2627_MW14_120_1.FCUnionBerlin_TSGHoffenheim,14,1. FC Union Berlin,TSG Hoffenheim,2026-12-18T00:00:00+00:00,0.3446,0.2922,0.3632,0.3583,0.2479,0.3938,,,,False,early_week_mode,weekly_update_20260916T200912Z_368cc821,0.1.0-phase1,2026-09-16T20:09:12+00:00
BUNDESLIGA2627_MW14_121_1.FSVMainz05_1.FCKöln,14,1. FSV Mainz 05,1. FC Köln,2026-12-18T00:00:00+00:00,0.4994,0.2569,0.2437,0.5078,0.25,0.2422,,,,False,early_week_mode,weekly_update_20260916T200912Z_368cc821,0.1.0-phase1,2026-09-16T20:09:12+00:00
BUNDESLIGA2627_MW14_122_FCAugsburg_SCPaderborn07,14,FC Augsburg,SC Paderborn 07,2026-12-18T00:00:00+00:00,0.4962,0.2559,0.2479,0.2679,0.5354,0.1968,,,,False,early_week_mode,weekly_update_20260916T200912Z_368cc821,0.1.0-phase1,2026-09-16T20:09:12+00:00
BUNDESLIGA2627_MW14_123_Sport-ClubFreiburg_VfBStuttgart,14,Sport-Club Freiburg,VfB Stuttgart,2026-12-18T00:00:00+00:00,0.3589,0.2758,0.3654,0.3329,0.2342,0.4329,,,,False,early_week_mode,weekly_update_20260916T200912Z_368cc821,0.1.0-phase1,2026-09-16T20:09:12+00:00
BUNDESLIGA2627_MW14_124_Bayer04Leverkusen_EintrachtFrankfurt,14,Bayer 04 Leverkusen,Eintracht Frankfurt,2026-12-18T00:00:00+00:00,0.5657,0.2444,0.1899,0.6144,0.1951,0.1905,,,,False,early_week_mode,weekly_update_20260916T200912Z_368cc821,0.1.0-phase1,2026-09-16T20:09:12+00:00
BUNDESLIGA2627_MW14_125_RBLeipzig_BorussiaDortmund,14,RB Leipzig,Borussia Dortmund,2026-12-18T00:00:00+00:00,0.3747,0.2611,0.3642,0.3525,0.2535,0.394,,,,False,early_week_mode,weekly_update_20260916T200912Z_368cc821,0.1.0-phase1,2026-09-16T20:09:12+00:00
BUNDESLIGA2627_MW14_126_FCBayernMünchen_SVWerderBremen,14,FC Bayern München,SV Werder Bremen,2026-12-18T00:00:00+00:00,0.7977,0.1378,0.0645,0.8881,0.0761,0.0358,,,,False,early_week_mode,weekly_update_20260916T200912Z_368cc821,0.1.0-phase1,2026-09-16T20:09:12+00:00
BUNDESLIGA2627_MW15_127_SCPaderborn07_RBLeipzig,15,SC Paderborn 07,RB Leipzig,2027-01-08T00:00:00+00:00,0.214,0.2065,0.5796,0.185,0.5041,0.3109,,,,False,early_week_mode,weekly_update_20260916T200912Z_368cc821,0.1.0-phase1,2026-09-16T20:09:12+00:00
BUNDESLIGA2627_MW15_128_SVWerderBremen_1.FCUnionBerlin,15,SV Werder Bremen,1. FC Union Berlin,2027-01-08T00:00:00+00:00,0.3882,0.2885,0.3233,0.3995,0.2758,0.3248,,,,False,early_week_mode,weekly_update_20260916T200912Z_368cc821,0.1.0-phase1,2026-09-16T20:09:12+00:00
BUNDESLIGA2627_MW15_129_1.FCKöln_Sport-ClubFreiburg,15,1. FC Köln,Sport-Club Freiburg,2027-01-08T00:00:00+00:00,0.3434,0.2966,0.3599,0.3726,0.248,0.3794,,,,False,early_week_mode,weekly_update_20260916T200912Z_368cc821,0.1.0-phase1,2026-09-16T20:09:12+00:00
BUNDESLIGA2627_MW15_130_HamburgerSV_Bayer04Leverkusen,15,Hamburger SV,Bayer 04 Leverkusen,2027-01-08T00:00:00+00:00,0.2321,0.2757,0.4922,0.2202,0.247,0.5327,,,,False,early_week_mode,weekly_update_20260916T200912Z_368cc821,0.1.0-phase1,2026-09-16T20:09:12+00:00
BUNDESLIGA2627_MW15_131_BorussiaMönchengladbach_FCBayernMünchen,15,Borussia Mönchengladbach,FC Bayern München,2027-01-08T00:00:00+00:00,0.1364,0.2076,0.656,0.1065,0.1473,0.7461,,,,False,early_week_mode,weekly_update_20260916T200912Z_368cc821,0.1.0-phase1,2026-09-16T20:09:12+00:00
BUNDESLIGA2627_MW15_132_EintrachtFrankfurt_FCSchalke04,15,Eintracht Frankfurt,FC Schalke 04,2027-01-08T00:00:00+00:00,0.5916,0.2634,0.1451,0.8796,0.0865,0.0339,,,,False,early_week_mode,weekly_update_20260916T200912Z_368cc821,0.1.0-phase1,2026-09-16T20:09:12+00:00
BUNDESLIGA2627_MW15_133_TSGHoffenheim_SVElversberg,15,TSG Hoffenheim,SV Elversberg,2027-01-08T00:00:00+00:00,0.3042,0.2546,0.4412,0.3231,0.1846,0.4923,,,,False,early_week_mode,weekly_update_20260916T200912Z_368cc821,0.1.0-phase1,2026-09-16T20:09:12+00:00
BUNDESLIGA2627_MW15_134_VfBStuttgart_FCAugsburg,15,VfB Stuttgart,FC Augsburg,2027-01-08T00:00:00+00:00,0.5599,0.2451,0.195,0.638,0.1997,0.1623,,,,False,early_week_mode,weekly_update_20260916T200912Z_368cc821,0.1.0-phase1,2026-09-16T20:09:12+00:00
BUNDESLIGA2627_MW15_135_BorussiaDortmund_1.FSVMainz05,15,Borussia Dortmund,1. FSV Mainz 05,2027-01-08T00:00:00+00:00,0.6503,0.2014,0.1483,0.6333,0.2173,0.1494,,,,False,early_week_mode,weekly_update_20260916T200912Z_368cc821,0.1.0-phase1,2026-09-16T20:09:12+00:00
BUNDESLIGA2627_MW16_136_SVElversberg_EintrachtFrankfurt,16,SV Elversberg,Eintracht Frankfurt,2027-01-12T00:00:00+00:00,0.5827,0.2429,0.1744,0.6529,0.1547,0.1925,,,,False,early_week_mode,weekly_update_20260916T200912Z_368cc821,0.1.0-phase1,2026-09-16T20:09:12+00:00
BUNDESLIGA2627_MW16_137_FCSchalke04_SVWerderBremen,16,FC Schalke 04,SV Werder Bremen,2027-01-12T00:00:00+00:00,0.3073,0.2713,0.4214,0.136,0.2263,0.6377,,,,False,early_week_mode,weekly_update_20260916T200912Z_368cc821,0.1.0-phase1,2026-09-16T20:09:12+00:00
BUNDESLIGA2627_MW16_138_1.FCKöln_BorussiaDortmund,16,1. FC Köln,Borussia Dortmund,2027-01-12T00:00:00+00:00,0.1897,0.2531,0.5572,0.1857,0.215,0.5993,,,,False,early_week_mode,weekly_update_20260916T200912Z_368cc821,0.1.0-phase1,2026-09-16T20:09:12+00:00
BUNDESLIGA2627_MW16_139_1.FCUnionBerlin_SCPaderborn07,16,1. FC Union Berlin,SC Paderborn 07,2027-01-12T00:00:00+00:00,0.4976,0.2457,0.2566,0.266,0.5349,0.199,,,,False,early_week_mode,weekly_update_20260916T200912Z_368cc821,0.1.0-phase1,2026-09-16T20:09:12+00:00
BUNDESLIGA2627_MW16_140_1.FSVMainz05_TSGHoffenheim,16,1. FSV Mainz 05,TSG Hoffenheim,2027-01-12T00:00:00+00:00,0.3894,0.2981,0.3125,0.4311,0.2507,0.3182,,,,False,early_week_mode,weekly_update_20260916T200912Z_368cc821,0.1.0-phase1,2026-09-16T20:09:12+00:00
BUNDESLIGA2627_MW16_141_FCAugsburg_BorussiaMönchengladbach,16,FC Augsburg,Borussia Mönchengladbach,2027-01-12T00:00:00+00:00,0.4008,0.2686,0.3306,0.4029,0.2729,0.3242,,,,False,early_week_mode,weekly_update_20260916T200912Z_368cc821,0.1.0-phase1,2026-09-16T20:09:12+00:00
BUNDESLIGA2627_MW16_142_Sport-ClubFreiburg_HamburgerSV,16,Sport-Club Freiburg,Hamburger SV,2027-01-12T00:00:00+00:00,0.5247,0.2426,0.2327,0.5003,0.2584,0.2413,,,,False,early_week_mode,weekly_update_20260916T200912Z_368cc821,0.1.0-phase1,2026-09-16T20:09:12+00:00
BUNDESLIGA2627_MW16_143_RBLeipzig_VfBStuttgart,16,RB Leipzig,VfB Stuttgart,2027-01-12T00:00:00+00:00,0.5241,0.2338,0.2421,0.467,0.2292,0.3037,,,,False,early_week_mode,weekly_update_20260916T200912Z_368cc821,0.1.0-phase1,2026-09-16T20:09:12+00:00
BUNDESLIGA2627_MW16_144_FCBayernMünchen_Bayer04Leverkusen,16,FC Bayern München,Bayer 04 Leverkusen,2027-01-12T00:00:00+00:00,0.6663,0.2068,0.127,0.6952,0.1609,0.1439,,,,False,early_week_mode,weekly_update_20260916T200912Z_368cc821,0.1.0-phase1,2026-09-16T20:09:12+00:00
BUNDESLIGA2627_MW17_145_SCPaderborn07_1.FCKöln,17,SC Paderborn 07,1. FC Köln,2027-01-15T00:00:00+00:00,0.3419,0.2656,0.3924,0.2706,0.5101,0.2193,,,,False,early_week_mode,weekly_update_20260916T200912Z_368cc821,0.1.0-phase1,2026-09-16T20:09:12+00:00
BUNDESLIGA2627_MW17_146_SVWerderBremen_SVElversberg,17,SV Werder Bremen,SV Elversberg,2027-01-15T00:00:00+00:00,0.2094,0.2133,0.5773,0.2083,0.1827,0.609,,,,False,early_week_mode,weekly_update_20260916T200912Z_368cc821,0.1.0-phase1,2026-09-16T20:09:12+00:00
BUNDESLIGA2627_MW17_147_HamburgerSV_FCAugsburg,17,Hamburger SV,FC Augsburg,2027-01-15T00:00:00+00:00,0.3767,0.3003,0.323,0.4093,0.2862,0.3045,,,,False,early_week_mode,weekly_update_20260916T200912Z_368cc821,0.1.0-phase1,2026-09-16T20:09:12+00:00
BUNDESLIGA2627_MW17_148_BorussiaMönchengladbach_1.FCUnionBerlin,17,Borussia Mönchengladbach,1. FC Union Berlin,2027-01-15T00:00:00+00:00,0.4667,0.2699,0.2634,0.4572,0.2661,0.2767,,,,False,early_week_mode,weekly_update_20260916T200912Z_368cc821,0.1.0-phase1,2026-09-16T20:09:12+00:00
BUNDESLIGA2627_MW17_149_EintrachtFrankfurt_FCBayernMünchen,17,Eintracht Frankfurt,FC Bayern München,2027-01-15T00:00:00+00:00,0.1502,0.2077,0.6421,0.139,0.1487,0.7123,,,,False,early_week_mode,weekly_update_20260916T200912Z_368cc821,0.1.0-phase1,2026-09-16T20:09:12+00:00
BUNDESLIGA2627_MW17_150_Bayer04Leverkusen_FCSchalke04,17,Bayer 04 Leverkusen,FC Schalke 04,2027-01-15T00:00:00+00:00,0.6642,0.2338,0.102,0.9297,0.0547,0.0156,,,,False,early_week_mode,weekly_update_20260916T200912Z_368cc821,0.1.0-phase1,2026-09-16T20:09:12+00:00
BUNDESLIGA2627_MW17_151_TSGHoffenheim_RBLeipzig,17,TSG Hoffenheim,RB Leipzig,2027-01-15T00:00:00+00:00,0.3169,0.2733,0.4098,0.3386,0.2326,0.4289,,,,False,early_week_mode,weekly_update_20260916T200912Z_368cc821,0.1.0-phase1,2026-09-16T20:09:12+00:00
BUNDESLIGA2627_MW17_152_VfBStuttgart_1.FSVMainz05,17,VfB Stuttgart,1. FSV Mainz 05,2027-01-15T00:00:00+00:00,0.5204,0.2496,0.23,0.5603,0.2272,0.2125,,,,False,early_week_mode,weekly_update_20260916T200912Z_368cc821,0.1.0-phase1,2026-09-16T20:09:12+00:00
BUNDESLIGA2627_MW17_153_BorussiaDortmund_Sport-ClubFreiburg,17,Borussia Dortmund,Sport-Club Freiburg,2027-01-15T00:00:00+00:00,0.6419,0.2101,0.148,0.6606,0.1955,0.1439,,,,False,early_week_mode,weekly_update_20260916T200912Z_368cc821,0.1.0-phase1,2026-09-16T20:09:12+00:00
BUNDESLIGA2627_MW18_154_SCPaderborn07_1.FSVMainz05,18,SC Paderborn 07,1. FSV Mainz 05,2027-01-22T00:00:00+00:00,0.2972,0.2463,0.4565,0.2193,0.5467,0.234,,,,False,early_week_mode,weekly_update_20260916T200912Z_368cc821,0.1.0-phase1,2026-09-16T20:09:12+00:00
BUNDESLIGA2627_MW18_155_FCSchalke04_FCAugsburg,18,FC Schalke 04,FC Augsburg,2027-01-22T00:00:00+00:00,0.277,0.2533,0.4697,0.1201,0.2145,0.6654,,,,False,early_week_mode,weekly_update_20260916T200912Z_368cc821,0.1.0-phase1,2026-09-16T20:09:12+00:00
BUNDESLIGA2627_MW18_156_SVWerderBremen_Sport-ClubFreiburg,18,SV Werder Bremen,Sport-Club Freiburg,2027-01-22T00:00:00+00:00,0.3331,0.2881,0.3787,0.3392,0.2629,0.3979,,,,False,early_week_mode,weekly_update_20260916T200912Z_368cc821,0.1.0-phase1,2026-09-16T20:09:12+00:00
BUNDESLIGA2627_MW18_157_HamburgerSV_BorussiaDortmund,18,Hamburger SV,Borussia Dortmund,2027-01-22T00:00:00+00:00,0.1903,0.2556,0.5541,0.1862,0.243,0.5707,,,,False,early_week_mode,weekly_update_20260916T200912Z_368cc821,0.1.0-phase1,2026-09-16T20:09:12+00:00
BUNDESLIGA2627_MW18_158_BorussiaMönchengladbach_RBLeipzig,18,Borussia Mönchengladbach,RB Leipzig,2027-01-22T00:00:00+00:00,0.2745,0.2869,0.4386,0.2803,0.2508,0.4689,,,,False,early_week_mode,weekly_update_20260916T200912Z_368cc821,0.1.0-phase1,2026-09-16T20:09:12+00:00
BUNDESLIGA2627_MW18_159_EintrachtFrankfurt_1.FCUnionBerlin,18,Eintracht Frankfurt,1. FC Union Berlin,2027-01-22T00:00:00+00:00,0.5086,0.2559,0.2355,0.5528,0.2239,0.2233,,,,False,early_week_mode,weekly_update_20260916T200912Z_368cc821,0.1.0-phase1,2026-09-16T20:09:12+00:00
BUNDESLIGA2627_MW18_160_Bayer04Leverkusen_SVElversberg,18,Bayer 04 Leverkusen,SV Elversberg,2027-01-22T00:00:00+00:00,0.4391,0.2622,0.2987,0.507,0.1909,0.3021,,,,False,early_week_mode,weekly_update_20260916T200912Z_368cc821,0.1.0-phase1,2026-09-16T20:09:12+00:00
BUNDESLIGA2627_MW18_161_TSGHoffenheim_1.FCKöln,18,TSG Hoffenheim,1. FC Köln,2027-01-22T00:00:00+00:00,0.556,0.2257,0.2183,0.554,0.2126,0.2334,,,,False,early_week_mode,weekly_update_20260916T200912Z_368cc821,0.1.0-phase1,2026-09-16T20:09:12+00:00
BUNDESLIGA2627_MW18_162_VfBStuttgart_FCBayernMünchen,18,VfB Stuttgart,FC Bayern München,2027-01-22T00:00:00+00:00,0.1906,0.2222,0.5871,0.2092,0.1805,0.6103,,,,False,early_week_mode,weekly_update_20260916T200912Z_368cc821,0.1.0-phase1,2026-09-16T20:09:12+00:00
BUNDESLIGA2627_MW19_163_SVElversberg_BorussiaMönchengladbach,19,SV Elversberg,Borussia Mönchengladbach,2027-01-29T00:00:00+00:00,0.5979,0.2457,0.1564,0.7015,0.1531,0.1454,,,,False,early_week_mode,weekly_update_20260916T200912Z_368cc821,0.1.0-phase1,2026-09-16T20:09:12+00:00
BUNDESLIGA2627_MW19_164_1.FCKöln_VfBStuttgart,19,1. FC Köln,VfB Stuttgart,2027-01-29T00:00:00+00:00,0.279,0.2847,0.4363,0.2643,0.221,0.5147,,,,False,early_week_mode,weekly_update_20260916T200912Z_368cc821,0.1.0-phase1,2026-09-16T20:09:12+00:00
BUNDESLIGA2627_MW19_165_1.FCUnionBerlin_Bayer04Leverkusen,19,1. FC Union Berlin,Bayer 04 Leverkusen,2027-01-29T00:00:00+00:00,0.252,0.267,0.481,0.2226,0.2367,0.5407,,,,False,early_week_mode,weekly_update_20260916T200912Z_368cc821,0.1.0-phase1,2026-09-16T20:09:12+00:00
BUNDESLIGA2627_MW19_166_1.FSVMainz05_HamburgerSV,19,1. FSV Mainz 05,Hamburger SV,2027-01-29T00:00:00+00:00,0.5042,0.2546,0.2411,0.4845,0.2785,0.2371,,,,False,early_week_mode,weekly_update_20260916T200912Z_368cc821,0.1.0-phase1,2026-09-16T20:09:12+00:00
BUNDESLIGA2627_MW19_167_FCAugsburg_EintrachtFrankfurt,19,FC Augsburg,Eintracht Frankfurt,2027-01-29T00:00:00+00:00,0.362,0.2825,0.3555,0.3509,0.2469,0.4021,,,,False,early_week_mode,weekly_update_20260916T200912Z_368cc821,0.1.0-phase1,2026-09-16T20:09:12+00:00
BUNDESLIGA2627_MW19_168_Sport-ClubFreiburg_SCPaderborn07,19,Sport-Club Freiburg,SC Paderborn 07,2027-01-29T00:00:00+00:00,0.5389,0.2486,0.2125,0.3149,0.5055,0.1796,,,,False,early_week_mode,weekly_update_20260916T200912Z_368cc821,0.1.0-phase1,2026-09-16T20:09:12+00:00
BUNDESLIGA2627_MW19_169_RBLeipzig_SVWerderBremen,19,RB Leipzig,SV Werder Bremen,2027-01-29T00:00:00+00:00,0.6732,0.1884,0.1383,0.6617,0.1986,0.1396,,,,False,early_week_mode,weekly_update_20260916T200912Z_368cc821,0.1.0-phase1,2026-09-16T20:09:12+00:00
BUNDESLIGA2627_MW19_170_BorussiaDortmund_TSGHoffenheim,19,Borussia Dortmund,TSG Hoffenheim,2027-01-29T00:00:00+00:00,0.6233,0.2247,0.152,0.6674,0.1838,0.1488,,,,False,early_week_mode,weekly_update_20260916T200912Z_368cc821,0.1.0-phase1,2026-09-16T20:09:12+00:00
BUNDESLIGA2627_MW19_171_FCBayernMünchen_FCSchalke04,19,FC Bayern München,FC Schalke 04,2027-01-29T00:00:00+00:00,0.766,0.1779,0.0562,0.9874,0.0104,0.0022,,,,False,early_week_mode,weekly_update_20260916T200912Z_368cc821,0.1.0-phase1,2026-09-16T20:09:12+00:00
BUNDESLIGA2627_MW20_172_SCPaderborn07_BorussiaDortmund,20,SC Paderborn 07,Borussia Dortmund,2027-02-05T00:00:00+00:00,0.182,0.1823,0.6357,0.1503,0.4998,0.35,,,,False,early_week_mode,weekly_update_20260916T200912Z_368cc821,0.1.0-phase1,2026-09-16T20:09:12+00:00
BUNDESLIGA2627_MW20_173_FCSchalke04_1.FCUnionBerlin,20,FC Schalke 04,1. FC Union Berlin,2027-02-05T00:00:00+00:00,0.2778,0.2659,0.4563,0.1224,0.2159,0.6617,,,,False,early_week_mode,weekly_update_20260916T200912Z_368cc821,0.1.0-phase1,2026-09-16T20:09:12+00:00
BUNDESLIGA2627_MW20_174_SVWerderBremen_1.FCKöln,20,SV Werder Bremen,1. FC Köln,2027-02-05T00:00:00+00:00,0.417,0.2708,0.3123,0.4098,0.2593,0.3309,,,,False,early_week_mode,weekly_update_20260916T200912Z_368cc821,0.1.0-phase1,2026-09-16T20:09:12+00:00
BUNDESLIGA2627_MW20_175_HamburgerSV_RBLeipzig,20,Hamburger SV,RB Leipzig,2027-02-05T00:00:00+00:00,0.2302,0.2853,0.4845,0.2505,0.259,0.4905,,,,False,early_week_mode,weekly_update_20260916T200912Z_368cc821,0.1.0-phase1,2026-09-16T20:09:12+00:00
BUNDESLIGA2627_MW20_176_BorussiaMönchengladbach_Sport-ClubFreiburg,20,Borussia Mönchengladbach,Sport-Club Freiburg,2027-02-05T00:00:00+00:00,0.4091,0.2781,0.3129,0.396,0.26,0.344,,,,False,early_week_mode,weekly_update_20260916T200912Z_368cc821,0.1.0-phase1,2026-09-16T20:09:12+00:00
BUNDESLIGA2627_MW20_177_EintrachtFrankfurt_1.FSVMainz05,20,Eintracht Frankfurt,1. FSV Mainz 05,2027-02-05T00:00:00+00:00,0.4646,0.2545,0.2809,0.4685,0.2451,0.2864,,,,False,early_week_mode,weekly_update_20260916T200912Z_368cc821,0.1.0-phase1,2026-09-16T20:09:12+00:00
BUNDESLIGA2627_MW20_178_Bayer04Leverkusen_FCAugsburg,20,Bayer 04 Leverkusen,FC Augsburg,2027-02-05T00:00:00+00:00,0.6232,0.2194,0.1575,0.6715,0.1937,0.1348,,,,False,early_week_mode,weekly_update_20260916T200912Z_368cc821,0.1.0-phase1,2026-09-16T20:09:12+00:00
BUNDESLIGA2627_MW20_179_VfBStuttgart_TSGHoffenheim,20,VfB Stuttgart,TSG Hoffenheim,2027-02-05T00:00:00+00:00,0.485,0.2756,0.2394,0.585,0.1965,0.2185,,,,False,early_week_mode,weekly_update_20260916T200912Z_368cc821,0.1.0-phase1,2026-09-16T20:09:12+00:00
BUNDESLIGA2627_MW20_180_FCBayernMünchen_SVElversberg,20,FC Bayern München,SV Elversberg,2027-02-05T00:00:00+00:00,0.6766,0.2109,0.1125,0.7717,0.1124,0.1159,,,,False,early_week_mode,weekly_update_20260916T200912Z_368cc821,0.1.0-phase1,2026-09-16T20:09:12+00:00
BUNDESLIGA2627_MW21_181_SVElversberg_FCSchalke04,21,SV Elversberg,FC Schalke 04,2027-02-12T00:00:00+00:00,0.704,0.2073,0.0887,0.9625,0.0278,0.0097,,,,False,early_week_mode,weekly_update_20260916T200912Z_368cc821,0.1.0-phase1,2026-09-16T20:09:12+00:00
BUNDESLIGA2627_MW21_182_1.FCKöln_HamburgerSV,21,1. FC Köln,Hamburger SV,2027-02-12T00:00:00+00:00,0.4353,0.2753,0.2895,0.4326,0.2673,0.3001,,,,False,early_week_mode,weekly_update_20260916T200912Z_368cc821,0.1.0-phase1,2026-09-16T20:09:12+00:00
BUNDESLIGA2627_MW21_183_1.FCUnionBerlin_FCBayernMünchen,21,1. FC Union Berlin,FC Bayern München,2027-02-12T00:00:00+00:00,0.1258,0.1971,0.6771,0.0924,0.1383,0.7693,,,,False,early_week_mode,weekly_update_20260916T200912Z_368cc821,0.1.0-phase1,2026-09-16T20:09:12+00:00
BUNDESLIGA2627_MW21_184_1.FSVMainz05_BorussiaMönchengladbach,21,1. FSV Mainz 05,Borussia Mönchengladbach,2027-02-12T00:00:00+00:00,0.438,0.273,0.289,0.4658,0.2697,0.2645,,,,False,early_week_mode,weekly_update_20260916T200912Z_368cc821,0.1.0-phase1,2026-09-16T20:09:12+00:00
BUNDESLIGA2627_MW21_185_FCAugsburg_SVWerderBremen,21,FC Augsburg,SV Werder Bremen,2027-02-12T00:00:00+00:00,0.4759,0.2542,0.2698,0.4559,0.2697,0.2745,,,,False,early_week_mode,weekly_update_20260916T200912Z_368cc821,0.1.0-phase1,2026-09-16T20:09:12+00:00
BUNDESLIGA2627_MW21_186_Sport-ClubFreiburg_EintrachtFrankfurt,21,Sport-Club Freiburg,Eintracht Frankfurt,2027-02-12T00:00:00+00:00,0.4193,0.2761,0.3047,0.4273,0.2333,0.3395,,,,False,early_week_mode,weekly_update_20260916T200912Z_368cc821,0.1.0-phase1,2026-09-16T20:09:12+00:00
BUNDESLIGA2627_MW21_187_TSGHoffenheim_SCPaderborn07,21,TSG Hoffenheim,SC Paderborn 07,2027-02-12T00:00:00+00:00,0.5719,0.2322,0.1959,0.341,0.4768,0.1822,,,,False,early_week_mode,weekly_update_20260916T200912Z_368cc821,0.1.0-phase1,2026-09-16T20:09:12+00:00
BUNDESLIGA2627_MW21_188_RBLeipzig_Bayer04Leverkusen,21,RB Leipzig,Bayer 04 Leverkusen,2027-02-12T00:00:00+00:00,0.4474,0.2521,0.3005,0.4067,0.2444,0.3489,,,,False,early_week_mode,weekly_update_20260916T200912Z_368cc821,0.1.0-phase1,2026-09-16T20:09:12+00:00
BUNDESLIGA2627_MW21_189_BorussiaDortmund_VfBStuttgart,21,Borussia Dortmund,VfB Stuttgart,2027-02-12T00:00:00+00:00,0.5889,0.2241,0.1869,0.5595,0.2173,0.2232,,,,False,early_week_mode,weekly_update_20260916T200912Z_368cc821,0.1.0-phase1,2026-09-16T20:09:12+00:00
BUNDESLIGA2627_MW22_190_SVElversberg_1.FCUnionBerlin,22,SV Elversberg,1. FC Union Berlin,2027-02-19T00:00:00+00:00,0.6337,0.2308,0.1355,0.7293,0.1446,0.1261,,,,False,early_week_mode,weekly_update_20260916T200912Z_368cc821,0.1.0-phase1,2026-09-16T20:09:12+00:00
BUNDESLIGA2627_MW22_191_FCSchalke04_Sport-ClubFreiburg,22,FC Schalke 04,Sport-Club Freiburg,2027-02-19T00:00:00+00:00,0.2362,0.2416,0.5222,0.0876,0.1703,0.7421,,,,False,early_week_mode,weekly_update_20260916T200912Z_368cc821,0.1.0-phase1,2026-09-16T20:09:12+00:00
BUNDESLIGA2627_MW22_192_SVWerderBremen_BorussiaDortmund,22,SV Werder Bremen,Borussia Dortmund,2027-02-19T00:00:00+00:00,0.1817,0.2441,0.5742,0.1695,0.2232,0.6073,,,,False,early_week_mode,weekly_update_20260916T200912Z_368cc821,0.1.0-phase1,2026-09-16T20:09:12+00:00
BUNDESLIGA2627_MW22_193_HamburgerSV_TSGHoffenheim,22,Hamburger SV,TSG Hoffenheim,2027-02-19T00:00:00+00:00,0.3103,0.3087,0.381,0.3509,0.258,0.3911,,,,False,early_week_mode,weekly_update_20260916T200912Z_368cc821,0.1.0-phase1,2026-09-16T20:09:12+00:00
BUNDESLIGA2627_MW22_194_BorussiaMönchengladbach_1.FCKöln,22,Borussia Mönchengladbach,1. FC Köln,2027-02-19T00:00:00+00:00,0.4999,0.2488,0.2513,0.4706,0.2495,0.2799,,,,False,early_week_mode,weekly_update_20260916T200912Z_368cc821,0.1.0-phase1,2026-09-16T20:09:12+00:00
BUNDESLIGA2627_MW22_195_EintrachtFrankfurt_RBLeipzig,22,Eintracht Frankfurt,RB Leipzig,2027-02-19T00:00:00+00:00,0.306,0.2846,0.4094,0.3521,0.2323,0.4156,,,,False,early_week_mode,weekly_update_20260916T200912Z_368cc821,0.1.0-phase1,2026-09-16T20:09:12+00:00
BUNDESLIGA2627_MW22_196_Bayer04Leverkusen_1.FSVMainz05,22,Bayer 04 Leverkusen,1. FSV Mainz 05,2027-02-19T00:00:00+00:00,0.5865,0.2272,0.1863,0.5971,0.2243,0.1787,,,,False,early_week_mode,weekly_update_20260916T200912Z_368cc821,0.1.0-phase1,2026-09-16T20:09:12+00:00
BUNDESLIGA2627_MW22_197_VfBStuttgart_SCPaderborn07,22,VfB Stuttgart,SC Paderborn 07,2027-02-19T00:00:00+00:00,0.5851,0.2439,0.1711,0.3995,0.4557,0.1447,,,,False,early_week_mode,weekly_update_20260916T200912Z_368cc821,0.1.0-phase1,2026-09-16T20:09:12+00:00
BUNDESLIGA2627_MW22_198_FCBayernMünchen_FCAugsburg,22,FC Bayern München,FC Augsburg,2027-02-19T00:00:00+00:00,0.7783,0.15,0.0717,0.8681,0.0878,0.0441,,,,False,early_week_mode,weekly_update_20260916T200912Z_368cc821,0.1.0-phase1,2026-09-16T20:09:12+00:00
BUNDESLIGA2627_MW23_199_SCPaderborn07_SVWerderBremen,23,SC Paderborn 07,SV Werder Bremen,2027-02-26T00:00:00+00:00,0.3511,0.2673,0.3816,0.2681,0.5343,0.1976,,,,False,early_week_mode,weekly_update_20260916T200912Z_368cc821,0.1.0-phase1,2026-09-16T20:09:12+00:00
BUNDESLIGA2627_MW23_200_1.FCKöln_EintrachtFrankfurt,23,1. FC Köln,Eintracht Frankfurt,2027-02-26T00:00:00+00:00,0.3316,0.2981,0.3703,0.352,0.2312,0.4168,,,,False,early_week_mode,weekly_update_20260916T200912Z_368cc821,0.1.0-phase1,2026-09-16T20:09:12+00:00
BUNDESLIGA2627_MW23_201_1.FSVMainz05_FCSchalke04,23,1. FSV Mainz 05,FC Schalke 04,2027-02-26T00:00:00+00:00,0.5577,0.2795,0.1628,0.8181,0.1336,0.0484,,,,False,early_week_mode,weekly_update_20260916T200912Z_368cc821,0.1.0-phase1,2026-09-16T20:09:12+00:00
BUNDESLIGA2627_MW23_202_FCAugsburg_SVElversberg,23,FC Augsburg,SV Elversberg,2027-02-26T00:00:00+00:00,0.2397,0.2385,0.5219,0.2376,0.1922,0.5702,,,,False,early_week_mode,weekly_update_20260916T200912Z_368cc821,0.1.0-phase1,2026-09-16T20:09:12+00:00
BUNDESLIGA2627_MW23_203_Sport-ClubFreiburg_Bayer04Leverkusen,23,Sport-Club Freiburg,Bayer 04 Leverkusen,2027-02-26T00:00:00+00:00,0.3027,0.2696,0.4276,0.2835,0.2389,0.4776,,,,False,early_week_mode,weekly_update_20260916T200912Z_368cc821,0.1.0-phase1,2026-09-16T20:09:12+00:00
BUNDESLIGA2627_MW23_204_TSGHoffenheim_BorussiaMönchengladbach,23,TSG Hoffenheim,Borussia Mönchengladbach,2027-02-26T00:00:00+00:00,0.4898,0.2445,0.2657,0.5085,0.232,0.2596,,,,False,early_week_mode,weekly_update_20260916T200912Z_368cc821,0.1.0-phase1,2026-09-16T20:09:12+00:00
BUNDESLIGA2627_MW23_205_VfBStuttgart_HamburgerSV,23,VfB Stuttgart,Hamburger SV,2027-02-26T00:00:00+00:00,0.5946,0.2271,0.1783,0.6337,0.2074,0.1589,,,,False,early_week_mode,weekly_update_20260916T200912Z_368cc821,0.1.0-phase1,2026-09-16T20:09:12+00:00
BUNDESLIGA2627_MW23_206_RBLeipzig_FCBayernMünchen,23,RB Leipzig,FC Bayern München,2027-02-26T00:00:00+00:00,0.2285,0.2338,0.5377,0.2192,0.1954,0.5854,,,,False,early_week_mode,weekly_update_20260916T200912Z_368cc821,0.1.0-phase1,2026-09-16T20:09:12+00:00
BUNDESLIGA2627_MW23_207_BorussiaDortmund_1.FCUnionBerlin,23,Borussia Dortmund,1. FC Union Berlin,2027-02-26T00:00:00+00:00,0.677,0.198,0.125,0.7096,0.1817,0.1087,,,,False,early_week_mode,weekly_update_20260916T200912Z_368cc821,0.1.0-phase1,2026-09-16T20:09:12+00:00
BUNDESLIGA2627_MW24_208_SVElversberg_RBLeipzig,24,SV Elversberg,RB Leipzig,2027-03-02T00:00:00+00:00,0.435,0.27,0.295,0.5158,0.1914,0.2928,,,,False,early_week_mode,weekly_update_20260916T200912Z_368cc821,0.1.0-phase1,2026-09-16T20:09:12+00:00
BUNDESLIGA2627_MW24_209_FCSchalke04_1.FCKöln,24,FC Schalke 04,1. FC Köln,2027-03-02T00:00:00+00:00,0.291,0.2672,0.4418,0.1188,0.1964,0.6848,,,,False,early_week_mode,weekly_update_20260916T200912Z_368cc821,0.1.0-phase1,2026-09-16T20:09:12+00:00
BUNDESLIGA2627_MW24_210_SVWerderBremen_1.FSVMainz05,24,SV Werder Bremen,1. FSV Mainz 05,2027-03-02T00:00:00+00:00,0.3467,0.2799,0.3734,0.329,0.2821,0.389,,,,False,early_week_mode,weekly_update_20260916T200912Z_368cc821,0.1.0-phase1,2026-09-16T20:09:12+00:00
BUNDESLIGA2627_MW24_211_HamburgerSV_SCPaderborn07,24,Hamburger SV,SC Paderborn 07,2027-03-02T00:00:00+00:00,0.4501,0.2688,0.2811,0.2545,0.5523,0.1932,,,,False,early_week_mode,weekly_update_20260916T200912Z_368cc821,0.1.0-phase1,2026-09-16T20:09:12+00:00
BUNDESLIGA2627_MW24_212_BorussiaMönchengladbach_VfBStuttgart,24,Borussia Mönchengladbach,VfB Stuttgart,2027-03-02T00:00:00+00:00,0.3411,0.2753,0.3835,0.2908,0.2385,0.4707,,,,False,early_week_mode,weekly_update_20260916T200912Z_368cc821,0.1.0-phase1,2026-09-16T20:09:12+00:00
BUNDESLIGA2627_MW24_213_1.FCUnionBerlin_FCAugsburg,24,1. FC Union Berlin,FC Augsburg,2027-03-02T00:00:00+00:00,0.421,0.2744,0.3046,0.4199,0.2747,0.3054,,,,False,early_week_mode,weekly_update_20260916T200912Z_368cc821,0.1.0-phase1,2026-09-16T20:09:12+00:00
BUNDESLIGA2627_MW24_214_EintrachtFrankfurt_BorussiaDortmund,24,Eintracht Frankfurt,Borussia Dortmund,2027-03-02T00:00:00+00:00,0.2528,0.2613,0.4859,0.2641,0.227,0.5089,,,,False,early_week_mode,weekly_update_20260916T200912Z_368cc821,0.1.0-phase1,2026-09-16T20:09:12+00:00
BUNDESLIGA2627_MW24_215_Bayer04Leverkusen_TSGHoffenheim,24,Bayer 04 Leverkusen,TSG Hoffenheim,2027-03-02T00:00:00+00:00,0.5538,0.2549,0.1912,0.6269,0.1921,0.181,,,,False,early_week_mode,weekly_update_20260916T200912Z_368cc821,0.1.0-phase1,2026-09-16T20:09:12+00:00
BUNDESLIGA2627_MW24_216_FCBayernMünchen_Sport-ClubFreiburg,24,FC Bayern München,Sport-Club Freiburg,2027-03-02T00:00:00+00:00,0.7542,0.1644,0.0814,0.8385,0.1006,0.061,,,,False,early_week_mode,weekly_update_20260916T200912Z_368cc821,0.1.0-phase1,2026-09-16T20:09:12+00:00
BUNDESLIGA2627_MW25_217_SCPaderborn07_BorussiaMönchengladbach,25,SC Paderborn 07,Borussia Mönchengladbach,2027-03-05T00:00:00+00:00,0.3017,0.253,0.4454,0.2452,0.5321,0.2227,,,,False,early_week_mode,weekly_update_20260916T200912Z_368cc821,0.1.0-phase1,2026-09-16T20:09:12+00:00
BUNDESLIGA2627_MW25_218_1.FCKöln_1.FCUnionBerlin,25,1. FC Köln,1. FC Union Berlin,2027-03-05T00:00:00+00:00,0.4,0.2946,0.3053,0.4373,0.2569,0.3058,,,,False,early_week_mode,weekly_update_20260916T200912Z_368cc821,0.1.0-phase1,2026-09-16T20:09:12+00:00
BUNDESLIGA2627_MW25_219_HamburgerSV_EintrachtFrankfurt,25,Hamburger SV,Eintracht Frankfurt,2027-03-05T00:00:00+00:00,0.3204,0.3024,0.3772,0.3392,0.2562,0.4046,,,,False,early_week_mode,weekly_update_20260916T200912Z_368cc821,0.1.0-phase1,2026-09-16T20:09:12+00:00
BUNDESLIGA2627_MW25_220_1.FSVMainz05_SVElversberg,25,1. FSV Mainz 05,SV Elversberg,2027-03-05T00:00:00+00:00,0.2785,0.2494,0.4721,0.3066,0.2106,0.4828,,,,False,early_week_mode,weekly_update_20260916T200912Z_368cc821,0.1.0-phase1,2026-09-16T20:09:12+00:00
BUNDESLIGA2627_MW25_221_Sport-ClubFreiburg_FCAugsburg,25,Sport-Club Freiburg,FC Augsburg,2027-03-05T00:00:00+00:00,0.4863,0.2612,0.2525,0.5018,0.2496,0.2486,,,,False,early_week_mode,weekly_update_20260916T200912Z_368cc821,0.1.0-phase1,2026-09-16T20:09:12+00:00
BUNDESLIGA2627_MW25_222_TSGHoffenheim_SVWerderBremen,25,TSG Hoffenheim,SV Werder Bremen,2027-03-05T00:00:00+00:00,0.5697,0.2228,0.2075,0.5671,0.2209,0.212,,,,False,early_week_mode,weekly_update_20260916T200912Z_368cc821,0.1.0-phase1,2026-09-16T20:09:12+00:00
BUNDESLIGA2627_MW25_223_VfBStuttgart_Bayer04Leverkusen,25,VfB Stuttgart,Bayer 04 Leverkusen,2027-03-05T00:00:00+00:00,0.3735,0.271,0.3555,0.4047,0.2319,0.3633,,,,False,early_week_mode,weekly_update_20260916T200912Z_368cc821,0.1.0-phase1,2026-09-16T20:09:12+00:00
BUNDESLIGA2627_MW25_224_RBLeipzig_FCSchalke04,25,RB Leipzig,FC Schalke 04,2027-03-05T00:00:00+00:00,0.6731,0.2281,0.0988,0.9111,0.0681,0.0208,,,,False,early_week_mode,weekly_update_20260916T200912Z_368cc821,0.1.0-phase1,2026-09-16T20:09:12+00:00
BUNDESLIGA2627_MW25_225_BorussiaDortmund_FCBayernMünchen,25,Borussia Dortmund,FC Bayern München,2027-03-05T00:00:00+00:00,0.2823,0.2523,0.4654,0.3028,0.2207,0.4765,,,,False,early_week_mode,weekly_update_20260916T200912Z_368cc821,0.1.0-phase1,2026-09-16T20:09:12+00:00
BUNDESLIGA2627_MW26_226_SVElversberg_BorussiaDortmund,26,SV Elversberg,Borussia Dortmund,2027-03-12T00:00:00+00:00,0.3697,0.2552,0.375,0.4013,0.2049,0.3938,,,,False,early_week_mode,weekly_update_20260916T200912Z_368cc821,0.1.0-phase1,2026-09-16T20:09:12+00:00
BUNDESLIGA2627_MW26_227_FCSchalke04_TSGHoffenheim,26,FC Schalke 04,TSG Hoffenheim,2027-03-12T00:00:00+00:00,0.2193,0.237,0.5437,0.0774,0.1461,0.7764,,,,False,early_week_mode,weekly_update_20260916T200912Z_368cc821,0.1.0-phase1,2026-09-16T20:09:12+00:00
BUNDESLIGA2627_MW26_228_SVWerderBremen_VfBStuttgart,26,SV Werder Bremen,VfB Stuttgart,2027-03-12T00:00:00+00:00,0.2707,0.275,0.4542,0.24,0.2303,0.5297,,,,False,early_week_mode,weekly_update_20260916T200912Z_368cc821,0.1.0-phase1,2026-09-16T20:09:12+00:00
BUNDESLIGA2627_MW26_229_BorussiaMönchengladbach_HamburgerSV,26,Borussia Mönchengladbach,Hamburger SV,2027-03-12T00:00:00+00:00,0.506,0.2454,0.2486,0.4513,0.2768,0.2719,,,,False,early_week_mode,weekly_update_20260916T200912Z_368cc821,0.1.0-phase1,2026-09-16T20:09:12+00:00
BUNDESLIGA2627_MW26_230_1.FCUnionBerlin_Sport-ClubFreiburg,26,1. FC Union Berlin,Sport-Club Freiburg,2027-03-12T00:00:00+00:00,0.3666,0.2824,0.3509,0.3647,0.2639,0.3714,,,,False,early_week_mode,weekly_update_20260916T200912Z_368cc821,0.1.0-phase1,2026-09-16T20:09:12+00:00
BUNDESLIGA2627_MW26_231_FCAugsburg_RBLeipzig,26,FC Augsburg,RB Leipzig,2027-03-12T00:00:00+00:00,0.255,0.2789,0.4662,0.2583,0.2501,0.4916,,,,False,early_week_mode,weekly_update_20260916T200912Z_368cc821,0.1.0-phase1,2026-09-16T20:09:12+00:00
BUNDESLIGA2627_MW26_232_EintrachtFrankfurt_SCPaderborn07,26,Eintracht Frankfurt,SC Paderborn 07,2027-03-12T00:00:00+00:00,0.5618,0.2334,0.2047,0.3496,0.4727,0.1777,,,,False,early_week_mode,weekly_update_20260916T200912Z_368cc821,0.1.0-phase1,2026-09-16T20:09:12+00:00
BUNDESLIGA2627_MW26_233_Bayer04Leverkusen_1.FCKöln,26,Bayer 04 Leverkusen,1. FC Köln,2027-03-12T00:00:00+00:00,0.6523,0.2036,0.1441,0.6984,0.1739,0.1277,,,,False,early_week_mode,weekly_update_20260916T200912Z_368cc821,0.1.0-phase1,2026-09-16T20:09:12+00:00
BUNDESLIGA2627_MW26_234_FCBayernMünchen_1.FSVMainz05,26,FC Bayern München,1. FSV Mainz 05,2027-03-12T00:00:00+00:00,0.7599,0.1579,0.0821,0.8132,0.1188,0.068,,,,False,early_week_mode,weekly_update_20260916T200912Z_368cc821,0.1.0-phase1,2026-09-16T20:09:12+00:00
BUNDESLIGA2627_MW27_235_SCPaderborn07_Bayer04Leverkusen,27,SC Paderborn 07,Bayer 04 Leverkusen,2027-03-19T00:00:00+00:00,0.2164,0.2098,0.5738,0.1713,0.4938,0.3348,,,,False,early_week_mode,weekly_update_20260916T200912Z_368cc821,0.1.0-phase1,2026-09-16T20:09:12+00:00
BUNDESLIGA2627_MW27_236_1.FCKöln_FCBayernMünchen,27,1. FC Köln,FC Bayern München,2027-03-19T00:00:00+00:00,0.1175,0.1956,0.6869,0.087,0.1231,0.7899,,,,False,early_week_mode,weekly_update_20260916T200912Z_368cc821,0.1.0-phase1,2026-09-16T20:09:12+00:00
BUNDESLIGA2627_MW27_237_HamburgerSV_SVWerderBremen,27,Hamburger SV,SV Werder Bremen,2027-03-19T00:00:00+00:00,0.4253,0.2798,0.2949,0.4396,0.2817,0.2787,,,,False,early_week_mode,weekly_update_20260916T200912Z_368cc821,0.1.0-phase1,2026-09-16T20:09:12+00:00
BUNDESLIGA2627_MW27_238_1.FSVMainz05_FCAugsburg,27,1. FSV Mainz 05,FC Augsburg,2027-03-19T00:00:00+00:00,0.4652,0.2746,0.2602,0.4866,0.269,0.2444,,,,False,early_week_mode,weekly_update_20260916T200912Z_368cc821,0.1.0-phase1,2026-09-16T20:09:12+00:00
BUNDESLIGA2627_MW27_239_Sport-ClubFreiburg_SVElversberg,27,Sport-Club Freiburg,SV Elversberg,2027-03-19T00:00:00+00:00,0.2847,0.2552,0.4601,0.3055,0.1948,0.4997,,,,False,early_week_mode,weekly_update_20260916T200912Z_368cc821,0.1.0-phase1,2026-09-16T20:09:12+00:00
BUNDESLIGA2627_MW27_240_TSGHoffenheim_EintrachtFrankfurt,27,TSG Hoffenheim,Eintracht Frankfurt,2027-03-19T00:00:00+00:00,0.4528,0.2572,0.29,0.4531,0.2177,0.3291,,,,False,early_week_mode,weekly_update_20260916T200912Z_368cc821,0.1.0-phase1,2026-09-16T20:09:12+00:00
BUNDESLIGA2627_MW27_241_VfBStuttgart_FCSchalke04,27,VfB Stuttgart,FC Schalke 04,2027-03-19T00:00:00+00:00,0.6056,0.2726,0.1218,0.921,0.0596,0.0194,,,,False,early_week_mode,weekly_update_20260916T200912Z_368cc821,0.1.0-phase1,2026-09-16T20:09:12+00:00
BUNDESLIGA2627_MW27_242_RBLeipzig_1.FCUnionBerlin,27,RB Leipzig,1. FC Union Berlin,2027-03-19T00:00:00+00:00,0.6325,0.2098,0.1577,0.6351,0.209,0.1559,,,,False,early_week_mode,weekly_update_20260916T200912Z_368cc821,0.1.0-phase1,2026-09-16T20:09:12+00:00
BUNDESLIGA2627_MW27_243_BorussiaDortmund_BorussiaMönchengladbach,27,Borussia Dortmund,Borussia Mönchengladbach,2027-03-19T00:00:00+00:00,0.6529,0.2057,0.1414,0.6867,0.1903,0.1231,,,,False,early_week_mode,weekly_update_20260916T200912Z_368cc821,0.1.0-phase1,2026-09-16T20:09:12+00:00
BUNDESLIGA2627_MW28_244_SVElversberg_1.FCKöln,28,SV Elversberg,1. FC Köln,2027-04-02T00:00:00+00:00,0.6591,0.2185,0.1224,0.7485,0.1308,0.1208,,,,False,early_week_mode,weekly_update_20260916T200912Z_368cc821,0.1.0-phase1,2026-09-16T20:09:12+00:00
BUNDESLIGA2627_MW28_245_FCSchalke04_SCPaderborn07,28,FC Schalke 04,SC Paderborn 07,2027-04-02T00:00:00+00:00,0.4083,0.2498,0.3419,0.1145,0.516,0.3695,,,,False,early_week_mode,weekly_update_20260916T200912Z_368cc821,0.1.0-phase1,2026-09-16T20:09:12+00:00
BUNDESLIGA2627_MW28_246_BorussiaMönchengladbach_SVWerderBremen,28,Borussia Mönchengladbach,SV Werder Bremen,2027-04-02T00:00:00+00:00,0.5167,0.2444,0.2389,0.4841,0.2611,0.2548,,,,False,early_week_mode,weekly_update_20260916T200912Z_368cc821,0.1.0-phase1,2026-09-16T20:09:12+00:00
BUNDESLIGA2627_MW28_247_1.FCUnionBerlin_1.FSVMainz05,28,1. FC Union Berlin,1. FSV Mainz 05,2027-04-02T00:00:00+00:00,0.3816,0.2708,0.3475,0.3527,0.2831,0.3642,,,,False,early_week_mode,weekly_update_20260916T200912Z_368cc821,0.1.0-phase1,2026-09-16T20:09:12+00:00
BUNDESLIGA2627_MW28_248_FCAugsburg_TSGHoffenheim,28,FC Augsburg,TSG Hoffenheim,2027-04-02T00:00:00+00:00,0.3503,0.292,0.3576,0.3632,0.2485,0.3883,,,,False,early_week_mode,weekly_update_20260916T200912Z_368cc821,0.1.0-phase1,2026-09-16T20:09:12+00:00
BUNDESLIGA2627_MW28_249_EintrachtFrankfurt_VfBStuttgart,28,Eintracht Frankfurt,VfB Stuttgart,2027-04-02T00:00:00+00:00,0.3765,0.2702,0.3533,0.3666,0.2205,0.4129,,,,False,early_week_mode,weekly_update_20260916T200912Z_368cc821,0.1.0-phase1,2026-09-16T20:09:12+00:00
BUNDESLIGA2627_MW28_250_Bayer04Leverkusen_BorussiaDortmund,28,Bayer 04 Leverkusen,Borussia Dortmund,2027-04-02T00:00:00+00:00,0.3647,0.2774,0.358,0.3933,0.2512,0.3556,,,,False,early_week_mode,weekly_update_20260916T200912Z_368cc821,0.1.0-phase1,2026-09-16T20:09:12+00:00
BUNDESLIGA2627_MW28_251_RBLeipzig_Sport-ClubFreiburg,28,RB Leipzig,Sport-Club Freiburg,2027-04-02T00:00:00+00:00,0.5882,0.2219,0.19,0.5781,0.2188,0.2031,,,,False,early_week_mode,weekly_update_20260916T200912Z_368cc821,0.1.0-phase1,2026-09-16T20:09:12+00:00
BUNDESLIGA2627_MW28_252_FCBayernMünchen_HamburgerSV,28,FC Bayern München,Hamburger SV,2027-04-02T00:00:00+00:00,0.7915,0.14,0.0685,0.8616,0.0937,0.0447,,,,False,early_week_mode,weekly_update_20260916T200912Z_368cc821,0.1.0-phase1,2026-09-16T20:09:12+00:00
BUNDESLIGA2627_MW29_253_SCPaderborn07_FCBayernMünchen,29,SC Paderborn 07,FC Bayern München,2027-04-09T00:00:00+00:00,0.1267,0.1434,0.7299,0.1125,0.3945,0.493,,,,False,early_week_mode,weekly_update_20260916T200912Z_368cc821,0.1.0-phase1,2026-09-16T20:09:12+00:00
BUNDESLIGA2627_MW29_254_SVWerderBremen_EintrachtFrankfurt,29,SV Werder Bremen,Eintracht Frankfurt,2027-04-09T00:00:00+00:00,0.3199,0.2907,0.3895,0.3198,0.244,0.4362,,,,False,early_week_mode,weekly_update_20260916T200912Z_368cc821,0.1.0-phase1,2026-09-16T20:09:12+00:00
BUNDESLIGA2627_MW29_255_1.FCKöln_FCAugsburg,29,1. FC Köln,FC Augsburg,2027-04-09T00:00:00+00:00,0.3962,0.292,0.3118,0.4318,0.258,0.3102,,,,False,early_week_mode,weekly_update_20260916T200912Z_368cc821,0.1.0-phase1,2026-09-16T20:09:12+00:00
BUNDESLIGA2627_MW29_256_HamburgerSV_1.FCUnionBerlin,29,Hamburger SV,1. FC Union Berlin,2027-04-09T00:00:00+00:00,0.3832,0.3011,0.3157,0.4143,0.2852,0.3005,,,,False,early_week_mode,weekly_update_20260916T200912Z_368cc821,0.1.0-phase1,2026-09-16T20:09:12+00:00
BUNDESLIGA2627_MW29_257_BorussiaMönchengladbach_Bayer04Leverkusen,29,Borussia Mönchengladbach,Bayer 04 Leverkusen,2027-04-09T00:00:00+00:00,0.2806,0.2746,0.4448,0.2469,0.2406,0.5125,,,,False,early_week_mode,weekly_update_20260916T200912Z_368cc821,0.1.0-phase1,2026-09-16T20:09:12+00:00
BUNDESLIGA2627_MW29_258_1.FSVMainz05_RBLeipzig,29,1. FSV Mainz 05,RB Leipzig,2027-04-09T00:00:00+00:00,0.2856,0.2933,0.4211,0.317,0.2652,0.4178,,,,False,early_week_mode,weekly_update_20260916T200912Z_368cc821,0.1.0-phase1,2026-09-16T20:09:12+00:00
BUNDESLIGA2627_MW29_259_TSGHoffenheim_Sport-ClubFreiburg,29,TSG Hoffenheim,Sport-Club Freiburg,2027-04-09T00:00:00+00:00,0.4665,0.2531,0.2804,0.4715,0.2299,0.2987,,,,False,early_week_mode,weekly_update_20260916T200912Z_368cc821,0.1.0-phase1,2026-09-16T20:09:12+00:00
BUNDESLIGA2627_MW29_260_VfBStuttgart_SVElversberg,29,VfB Stuttgart,SV Elversberg,2027-04-09T00:00:00+00:00,0.3557,0.2765,0.3678,0.4507,0.1881,0.3612,,,,False,early_week_mode,weekly_update_20260916T200912Z_368cc821,0.1.0-phase1,2026-09-16T20:09:12+00:00
BUNDESLIGA2627_MW29_261_BorussiaDortmund_FCSchalke04,29,Borussia Dortmund,FC Schalke 04,2027-04-09T00:00:00+00:00,0.6984,0.2187,0.0829,0.9389,0.0488,0.0123,,,,False,early_week_mode,weekly_update_20260916T200912Z_368cc821,0.1.0-phase1,2026-09-16T20:09:12+00:00
BUNDESLIGA2627_MW30_262_SVElversberg_SCPaderborn07,30,SV Elversberg,SC Paderborn 07,2027-04-16T00:00:00+00:00,0.6906,0.1857,0.1237,0.4807,0.3772,0.142,,,,False,early_week_mode,weekly_update_20260916T200912Z_368cc821,0.1.0-phase1,2026-09-16T20:09:12+00:00
BUNDESLIGA2627_MW30_263_FCSchalke04_HamburgerSV,30,FC Schalke 04,Hamburger SV,2027-04-16T00:00:00+00:00,0.3064,0.2638,0.4298,0.1259,0.2302,0.6439,,,,False,early_week_mode,weekly_update_20260916T200912Z_368cc821,0.1.0-phase1,2026-09-16T20:09:12+00:00
BUNDESLIGA2627_MW30_264_1.FCUnionBerlin_VfBStuttgart,30,1. FC Union Berlin,VfB Stuttgart,2027-04-16T00:00:00+00:00,0.3009,0.2759,0.4232,0.2631,0.2365,0.5005,,,,False,early_week_mode,weekly_update_20260916T200912Z_368cc821,0.1.0-phase1,2026-09-16T20:09:12+00:00
BUNDESLIGA2627_MW30_265_FCAugsburg_BorussiaDortmund,30,FC Augsburg,Borussia Dortmund,2027-04-16T00:00:00+00:00,0.2105,0.2526,0.5369,0.1909,0.2344,0.5746,,,,False,early_week_mode,weekly_update_20260916T200912Z_368cc821,0.1.0-phase1,2026-09-16T20:09:12+00:00
BUNDESLIGA2627_MW30_266_EintrachtFrankfurt_BorussiaMönchengladbach,30,Eintracht Frankfurt,Borussia Mönchengladbach,2027-04-16T00:00:00+00:00,0.4757,0.2559,0.2684,0.5234,0.228,0.2485,,,,False,early_week_mode,weekly_update_20260916T200912Z_368cc821,0.1.0-phase1,2026-09-16T20:09:12+00:00
BUNDESLIGA2627_MW30_267_Sport-ClubFreiburg_1.FSVMainz05,30,Sport-Club Freiburg,1. FSV Mainz 05,2027-04-16T00:00:00+00:00,0.4454,0.2612,0.2934,0.428,0.266,0.3061,,,,False,early_week_mode,weekly_update_20260916T200912Z_368cc821,0.1.0-phase1,2026-09-16T20:09:12+00:00
BUNDESLIGA2627_MW30_268_Bayer04Leverkusen_SVWerderBremen,30,Bayer 04 Leverkusen,SV Werder Bremen,2027-04-16T00:00:00+00:00,0.6631,0.1994,0.1376,0.7026,0.1802,0.1172,,,,False,early_week_mode,weekly_update_20260916T200912Z_368cc821,0.1.0-phase1,2026-09-16T20:09:12+00:00
BUNDESLIGA2627_MW30_269_RBLeipzig_1.FCKöln,30,RB Leipzig,1. FC Köln,2027-04-16T00:00:00+00:00,0.6621,0.1922,0.1457,0.6557,0.1917,0.1526,,,,False,early_week_mode,weekly_update_20260916T200912Z_368cc821,0.1.0-phase1,2026-09-16T20:09:12+00:00
BUNDESLIGA2627_MW30_270_FCBayernMünchen_TSGHoffenheim,30,FC Bayern München,TSG Hoffenheim,2027-04-16T00:00:00+00:00,0.7434,0.1745,0.082,0.8466,0.0924,0.061,,,,False,early_week_mode,weekly_update_20260916T200912Z_368cc821,0.1.0-phase1,2026-09-16T20:09:12+00:00
BUNDESLIGA2627_MW31_271_SCPaderborn07_FCAugsburg,31,SC Paderborn 07,FC Augsburg,2027-04-23T00:00:00+00:00,0.3226,0.252,0.4254,0.2529,0.5375,0.2096,,,,False,early_week_mode,weekly_update_20260916T200912Z_368cc821,0.1.0-phase1,2026-09-16T20:09:12+00:00
BUNDESLIGA2627_MW31_272_SVWerderBremen_FCBayernMünchen,31,SV Werder Bremen,FC Bayern München,2027-04-23T00:00:00+00:00,0.1126,0.1891,0.6984,0.08,0.1272,0.7928,,,,False,early_week_mode,weekly_update_20260916T200912Z_368cc821,0.1.0-phase1,2026-09-16T20:09:12+00:00
BUNDESLIGA2627_MW31_273_1.FCKöln_1.FSVMainz05,31,1. FC Köln,1. FSV Mainz 05,2027-04-23T00:00:00+00:00,0.3572,0.287,0.3558,0.3609,0.2663,0.3727,,,,False,early_week_mode,weekly_update_20260916T200912Z_368cc821,0.1.0-phase1,2026-09-16T20:09:12+00:00
BUNDESLIGA2627_MW31_274_HamburgerSV_SVElversberg,31,Hamburger SV,SV Elversberg,2027-04-23T00:00:00+00:00,0.2174,0.2279,0.5546,0.231,0.1989,0.5701,,,,False,early_week_mode,weekly_update_20260916T200912Z_368cc821,0.1.0-phase1,2026-09-16T20:09:12+00:00
BUNDESLIGA2627_MW31_275_BorussiaMönchengladbach_FCSchalke04,31,Borussia Mönchengladbach,FC Schalke 04,2027-04-23T00:00:00+00:00,0.5746,0.2596,0.1658,0.8006,0.1415,0.0578,,,,False,early_week_mode,weekly_update_20260916T200912Z_368cc821,0.1.0-phase1,2026-09-16T20:09:12+00:00
BUNDESLIGA2627_MW31_276_EintrachtFrankfurt_Bayer04Leverkusen,31,Eintracht Frankfurt,Bayer 04 Leverkusen,2027-04-23T00:00:00+00:00,0.3121,0.2688,0.419,0.3121,0.2265,0.4614,,,,False,early_week_mode,weekly_update_20260916T200912Z_368cc821,0.1.0-phase1,2026-09-16T20:09:12+00:00
BUNDESLIGA2627_MW31_277_TSGHoffenheim_1.FCUnionBerlin,31,TSG Hoffenheim,1. FC Union Berlin,2027-04-23T00:00:00+00:00,0.5244,0.2429,0.2327,0.5379,0.2283,0.2337,,,,False,early_week_mode,weekly_update_20260916T200912Z_368cc821,0.1.0-phase1,2026-09-16T20:09:12+00:00
BUNDESLIGA2627_MW31_278_VfBStuttgart_Sport-ClubFreiburg,31,VfB Stuttgart,Sport-Club Freiburg,2027-04-23T00:00:00+00:00,0.5083,0.2611,0.2306,0.5837,0.2076,0.2087,,,,False,early_week_mode,weekly_update_20260916T200912Z_368cc821,0.1.0-phase1,2026-09-16T20:09:12+00:00
BUNDESLIGA2627_MW31_279_BorussiaDortmund_RBLeipzig,31,Borussia Dortmund,RB Leipzig,2027-04-23T00:00:00+00:00,0.4951,0.2687,0.2362,0.5356,0.2335,0.231,,,,False,early_week_mode,weekly_update_20260916T200912Z_368cc821,0.1.0-phase1,2026-09-16T20:09:12+00:00
BUNDESLIGA2627_MW32_280_SVElversberg_TSGHoffenheim,32,SV Elversberg,TSG Hoffenheim,2027-05-07T00:00:00+00:00,0.5813,0.2393,0.1794,0.6672,0.1514,0.1814,,,,False,early_week_mode,weekly_update_20260916T200912Z_368cc821,0.1.0-phase1,2026-09-16T20:09:12+00:00
BUNDESLIGA2627_MW32_281_FCSchalke04_EintrachtFrankfurt,32,FC Schalke 04,Eintracht Frankfurt,2027-05-07T00:00:00+00:00,0.2251,0.2456,0.5294,0.0723,0.1395,0.7882,,,,False,early_week_mode,weekly_update_20260916T200912Z_368cc821,0.1.0-phase1,2026-09-16T20:09:12+00:00
BUNDESLIGA2627_MW32_282_1.FCUnionBerlin_SVWerderBremen,32,1. FC Union Berlin,SV Werder Bremen,2027-05-07T00:00:00+00:00,0.4714,0.2542,0.2744,0.4514,0.2699,0.2787,,,,False,early_week_mode,weekly_update_20260916T200912Z_368cc821,0.1.0-phase1,2026-09-16T20:09:12+00:00
BUNDESLIGA2627_MW32_283_1.FSVMainz05_BorussiaDortmund,32,1. FSV Mainz 05,Borussia Dortmund,2027-05-07T00:00:00+00:00,0.2381,0.2682,0.4937,0.2415,0.2584,0.5002,,,,False,early_week_mode,weekly_update_20260916T200912Z_368cc821,0.1.0-phase1,2026-09-16T20:09:12+00:00
BUNDESLIGA2627_MW32_284_FCAugsburg_VfBStuttgart,32,FC Augsburg,VfB Stuttgart,2027-05-07T00:00:00+00:00,0.3055,0.2777,0.4167,0.2674,0.2379,0.4946,,,,False,early_week_mode,weekly_update_20260916T200912Z_368cc821,0.1.0-phase1,2026-09-16T20:09:12+00:00
BUNDESLIGA2627_MW32_285_Sport-ClubFreiburg_1.FCKöln,32,Sport-Club Freiburg,1. FC Köln,2027-05-07T00:00:00+00:00,0.519,0.2456,0.2354,0.5229,0.2316,0.2455,,,,False,early_week_mode,weekly_update_20260916T200912Z_368cc821,0.1.0-phase1,2026-09-16T20:09:12+00:00
BUNDESLIGA2627_MW32_286_Bayer04Leverkusen_HamburgerSV,32,Bayer 04 Leverkusen,Hamburger SV,2027-05-07T00:00:00+00:00,0.6539,0.2001,0.146,0.6657,0.2017,0.1326,,,,False,early_week_mode,weekly_update_20260916T200912Z_368cc821,0.1.0-phase1,2026-09-16T20:09:12+00:00
BUNDESLIGA2627_MW32_287_RBLeipzig_SCPaderborn07,32,RB Leipzig,SC Paderborn 07,2027-05-07T00:00:00+00:00,0.6526,0.2037,0.1437,0.3853,0.4772,0.1375,,,,False,early_week_mode,weekly_update_20260916T200912Z_368cc821,0.1.0-phase1,2026-09-16T20:09:12+00:00
BUNDESLIGA2627_MW32_288_FCBayernMünchen_BorussiaMönchengladbach,32,FC Bayern München,Borussia Mönchengladbach,2027-05-07T00:00:00+00:00,0.7613,0.1602,0.0785,0.856,0.0937,0.0503,,,,False,early_week_mode,weekly_update_20260916T200912Z_368cc821,0.1.0-phase1,2026-09-16T20:09:12+00:00
BUNDESLIGA2627_MW33_289_SCPaderborn07_1.FCUnionBerlin,33,SC Paderborn 07,1. FC Union Berlin,2027-05-14T00:00:00+00:00,0.3261,0.262,0.4119,0.2556,0.5364,0.208,,,,False,early_week_mode,weekly_update_20260916T200912Z_368cc821,0.1.0-phase1,2026-09-16T20:09:12+00:00
BUNDESLIGA2627_MW33_290_SVWerderBremen_FCSchalke04,33,SV Werder Bremen,FC Schalke 04,2027-05-14T00:00:00+00:00,0.5132,0.274,0.2128,0.7532,0.1698,0.077,,,,False,early_week_mode,weekly_update_20260916T200912Z_368cc821,0.1.0-phase1,2026-09-16T20:09:12+00:00
BUNDESLIGA2627_MW33_291_HamburgerSV_Sport-ClubFreiburg,33,Hamburger SV,Sport-Club Freiburg,2027-05-14T00:00:00+00:00,0.3287,0.303,0.3682,0.3566,0.2746,0.3688,,,,False,early_week_mode,weekly_update_20260916T200912Z_368cc821,0.1.0-phase1,2026-09-16T20:09:12+00:00
BUNDESLIGA2627_MW33_292_BorussiaMönchengladbach_FCAugsburg,33,Borussia Mönchengladbach,FC Augsburg,2027-05-14T00:00:00+00:00,0.466,0.266,0.268,0.4519,0.2674,0.2808,,,,False,early_week_mode,weekly_update_20260916T200912Z_368cc821,0.1.0-phase1,2026-09-16T20:09:12+00:00
BUNDESLIGA2627_MW33_293_EintrachtFrankfurt_SVElversberg,33,Eintracht Frankfurt,SV Elversberg,2027-05-14T00:00:00+00:00,0.2997,0.2502,0.4501,0.3385,0.1853,0.4761,,,,False,early_week_mode,weekly_update_20260916T200912Z_368cc821,0.1.0-phase1,2026-09-16T20:09:12+00:00
BUNDESLIGA2627_MW33_294_Bayer04Leverkusen_FCBayernMünchen,33,Bayer 04 Leverkusen,FC Bayern München,2027-05-14T00:00:00+00:00,0.2249,0.2453,0.5297,0.2552,0.2033,0.5414,,,,False,early_week_mode,weekly_update_20260916T200912Z_368cc821,0.1.0-phase1,2026-09-16T20:09:12+00:00
BUNDESLIGA2627_MW33_295_TSGHoffenheim_1.FSVMainz05,33,TSG Hoffenheim,1. FSV Mainz 05,2027-05-14T00:00:00+00:00,0.4804,0.2417,0.2779,0.4541,0.2481,0.2977,,,,False,early_week_mode,weekly_update_20260916T200912Z_368cc821,0.1.0-phase1,2026-09-16T20:09:12+00:00
BUNDESLIGA2627_MW33_296_VfBStuttgart_RBLeipzig,33,VfB Stuttgart,RB Leipzig,2027-05-14T00:00:00+00:00,0.3659,0.2879,0.3462,0.447,0.2314,0.3216,,,,False,early_week_mode,weekly_update_20260916T200912Z_368cc821,0.1.0-phase1,2026-09-16T20:09:12+00:00
BUNDESLIGA2627_MW33_297_BorussiaDortmund_1.FCKöln,33,Borussia Dortmund,1. FC Köln,2027-05-14T00:00:00+00:00,0.7045,0.1807,0.1147,0.7319,0.1638,0.1042,,,,False,early_week_mode,weekly_update_20260916T200912Z_368cc821,0.1.0-phase1,2026-09-16T20:09:12+00:00
BUNDESLIGA2627_MW34_298_SVElversberg_SVWerderBremen,34,SV Elversberg,SV Werder Bremen,2027-05-22T13:30:00+00:00,0.6656,0.2182,0.1163,0.7566,0.1338,0.1096,,,,False,early_week_mode,weekly_update_20260916T200912Z_368cc821,0.1.0-phase1,2026-09-16T20:09:12+00:00
BUNDESLIGA2627_MW34_299_FCSchalke04_Bayer04Leverkusen,34,FC Schalke 04,Bayer 04 Leverkusen,2027-05-22T13:30:00+00:00,0.1637,0.2108,0.6255,0.0368,0.0985,0.8648,,,,False,early_week_mode,weekly_update_20260916T200912Z_368cc821,0.1.0-phase1,2026-09-16T20:09:12+00:00
BUNDESLIGA2627_MW34_300_1.FCKöln_SCPaderborn07,34,1. FC Köln,SC Paderborn 07,2027-05-22T13:30:00+00:00,0.4794,0.2513,0.2694,0.2819,0.5085,0.2095,,,,False,early_week_mode,weekly_update_20260916T200912Z_368cc821,0.1.0-phase1,2026-09-16T20:09:12+00:00
BUNDESLIGA2627_MW34_301_1.FCUnionBerlin_BorussiaMönchengladbach,34,1. FC Union Berlin,Borussia Mönchengladbach,2027-05-22T13:30:00+00:00,0.3938,0.2707,0.3355,0.3985,0.2727,0.3288,,,,False,early_week_mode,weekly_update_20260916T200912Z_368cc821,0.1.0-phase1,2026-09-16T20:09:12+00:00
BUNDESLIGA2627_MW34_302_1.FSVMainz05_VfBStuttgart,34,1. FSV Mainz 05,VfB Stuttgart,2027-05-22T13:30:00+00:00,0.3445,0.2857,0.3698,0.3299,0.2521,0.418,,,,False,early_week_mode,weekly_update_20260916T200912Z_368cc821,0.1.0-phase1,2026-09-16T20:09:12+00:00
BUNDESLIGA2627_MW34_303_FCAugsburg_HamburgerSV,34,FC Augsburg,Hamburger SV,2027-05-22T13:30:00+00:00,0.4673,0.2561,0.2766,0.4244,0.2845,0.2911,,,,False,early_week_mode,weekly_update_20260916T200912Z_368cc821,0.1.0-phase1,2026-09-16T20:09:12+00:00
BUNDESLIGA2627_MW34_304_Sport-ClubFreiburg_BorussiaDortmund,34,Sport-Club Freiburg,Borussia Dortmund,2027-05-22T13:30:00+00:00,0.2464,0.2619,0.4917,0.2403,0.2382,0.5215,,,,False,early_week_mode,weekly_update_20260916T200912Z_368cc821,0.1.0-phase1,2026-09-16T20:09:12+00:00
BUNDESLIGA2627_MW34_305_RBLeipzig_TSGHoffenheim,34,RB Leipzig,TSG Hoffenheim,2027-05-22T13:30:00+00:00,0.5682,0.2365,0.1953,0.5806,0.207,0.2125,,,,False,early_week_mode,weekly_update_20260916T200912Z_368cc821,0.1.0-phase1,2026-09-16T20:09:12+00:00
BUNDESLIGA2627_MW34_306_FCBayernMünchen_EintrachtFrankfurt,34,FC Bayern München,Eintracht Frankfurt,2027-05-22T13:30:00+00:00,0.7503,0.1678,0.0819,0.8382,0.0962,0.0656,,,,False,early_week_mode,weekly_update_20260916T200912Z_368cc821,0.1.0-phase1,2026-09-16T20:09:12+00:00
BUNDESLIGA2627_MW04_036_FCBayernMünchen_1.FCUnionBerlin,4,FC Bayern München,1. FC Union Berlin,2026-09-18T18:30:00+00:00,0.8433,0.1034,0.0533,0.8757,0.0841,0.0401,0.8921,0.068,0.0399,True,early_week_mode,weekly_update_20260916T200937Z_a0bb3221,0.1.0-phase1,2026-09-16T20:09:37+00:00
BUNDESLIGA2627_MW04_030_SVWerderBremen_FCAugsburg,4,SV Werder Bremen,FC Augsburg,2026-09-19T13:30:00+00:00,0.3964,0.2642,0.3394,0.3859,0.271,0.343,0.4128,0.2453,0.3419,True,early_week_mode,weekly_update_20260916T200937Z_a0bb3221,0.1.0-phase1,2026-09-16T20:09:37+00:00
BUNDESLIGA2627_MW04_031_HamburgerSV_1.FCKöln,4,Hamburger SV,1. FC Köln,2026-09-19T13:30:00+00:00,0.3704,0.2706,0.359,0.3913,0.2664,0.3423,0.3528,0.2612,0.386,True,early_week_mode,weekly_update_20260916T200937Z_a0bb3221,0.1.0-phase1,2026-09-16T20:09:37+00:00
BUNDESLIGA2627_MW04_032_BorussiaMönchengladbach_1.FSVMainz05,4,Borussia Mönchengladbach,1. FSV Mainz 05,2026-09-19T13:30:00+00:00,0.3954,0.2584,0.3462,0.3587,0.2745,0.3667,,,,False,early_week_mode,weekly_update_20260916T200937Z_a0bb3221,0.1.0-phase1,2026-09-16T20:09:37+00:00
BUNDESLIGA2627_MW04_033_EintrachtFrankfurt_Sport-ClubFreiburg,4,Eintracht Frankfurt,Sport-Club Freiburg,2026-09-19T13:30:00+00:00,0.4243,0.2607,0.315,0.4596,0.2297,0.3107,,,,False,early_week_mode,weekly_update_20260916T200937Z_a0bb3221,0.1.0-phase1,2026-09-16T20:09:37+00:00
BUNDESLIGA2627_MW04_035_VfBStuttgart_BorussiaDortmund,4,VfB Stuttgart,Borussia Dortmund,2026-09-19T16:30:00+00:00,0.3596,0.2611,0.3793,0.3586,0.2384,0.403,0.4098,0.2495,0.3408,True,early_week_mode,weekly_update_20260916T200937Z_a0bb3221,0.1.0-phase1,2026-09-16T20:09:37+00:00
BUNDESLIGA2627_MW04_034_Bayer04Leverkusen_RBLeipzig,4,Bayer 04 Leverkusen,RB Leipzig,2026-09-20T13:30:00+00:00,0.448,0.2943,0.2576,0.5252,0.2297,0.2451,,,,False,early_week_mode,weekly_update_20260916T200937Z_a0bb3221,0.1.0-phase1,2026-09-16T20:09:37+00:00
BUNDESLIGA2627_MW04_029_FCSchalke04_SVElversberg,4,FC Schalke 04,SV Elversberg,2026-09-20T15:30:00+00:00,0.3056,0.2332,0.4612,0.0749,0.129,0.7961,0.4673,0.2587,0.274,True,early_week_mode,weekly_update_20260916T200937Z_a0bb3221,0.1.0-phase1,2026-09-16T20:09:37+00:00
BUNDESLIGA2627_MW04_028_SCPaderborn07_TSGHoffenheim,4,SC Paderborn 07,TSG Hoffenheim,2026-09-20T17:30:00+00:00,0.2329,0.2275,0.5397,0.1168,0.4443,0.4389,,,,False,early_week_mode,weekly_update_20260916T200937Z_a0bb3221,0.1.0-phase1,2026-09-16T20:09:37+00:00
BUNDESLIGA2627_MW05_037_SCPaderborn07_VfBStuttgart,5,SC Paderborn 07,VfB Stuttgart,2026-10-09T00:00:00+00:00,0.1983,0.203,0.5987,0.0875,0.4061,0.5064,,,,False,early_week_mode,weekly_update_20260916T200937Z_a0bb3221,0.1.0-phase1,2026-09-16T20:09:37+00:00
BUNDESLIGA2627_MW05_038_1.FCKöln_BorussiaMönchengladbach,5,1. FC Köln,Borussia Mönchengladbach,2026-10-09T00:00:00+00:00,0.3649,0.2862,0.349,0.396,0.2547,0.3492,,,,False,early_week_mode,weekly_update_20260916T200937Z_a0bb3221,0.1.0-phase1,2026-09-16T20:09:37+00:00
BUNDESLIGA2627_MW05_039_1.FCUnionBerlin_SVElversberg,5,1. FC Union Berlin,SV Elversberg,2026-10-09T00:00:00+00:00,0.3312,0.2373,0.4316,0.2442,0.1638,0.592,0.4405,0.248,0.3115,True,early_week_mode,weekly_update_20260916T200937Z_a0bb3221,0.1.0-phase1,2026-09-16T20:09:37+00:00
BUNDESLIGA2627_MW05_040_1.FSVMainz05_Bayer04Leverkusen,5,1. FSV Mainz 05,Bayer 04 Leverkusen,2026-10-09T00:00:00+00:00,0.3024,0.2856,0.4119,0.2954,0.2591,0.4455,,,,False,early_week_mode,weekly_update_20260916T200937Z_a0bb3221,0.1.0-phase1,2026-09-16T20:09:37+00:00
BUNDESLIGA2627_MW05_041_FCAugsburg_FCBayernMünchen,5,FC Augsburg,FC Bayern München,2026-10-09T00:00:00+00:00,0.1219,0.1616,0.7166,0.112,0.1538,0.7343,0.1018,0.1211,0.7772,True,early_week_mode,weekly_update_20260916T200937Z_a0bb3221,0.1.0-phase1,2026-09-16T20:09:37+00:00
BUNDESLIGA2627_MW05_042_Sport-ClubFreiburg_FCSchalke04,5,Sport-Club Freiburg,FC Schalke 04,2026-10-09T00:00:00+00:00,0.542,0.2796,0.1784,0.6718,0.238,0.0902,,,,False,early_week_mode,weekly_update_20260916T200937Z_a0bb3221,0.1.0-phase1,2026-09-16T20:09:37+00:00
BUNDESLIGA2627_MW05_043_TSGHoffenheim_HamburgerSV,5,TSG Hoffenheim,Hamburger SV,2026-10-09T00:00:00+00:00,0.6449,0.1974,0.1576,0.5861,0.2198,0.1942,0.6961,0.1761,0.1277,True,early_week_mode,weekly_update_20260916T200937Z_a0bb3221,0.1.0-phase1,2026-09-16T20:09:37+00:00
BUNDESLIGA2627_MW05_044_RBLeipzig_EintrachtFrankfurt,5,RB Leipzig,Eintracht Frankfurt,2026-10-09T00:00:00+00:00,0.6066,0.2087,0.1848,0.5745,0.2058,0.2198,0.6302,0.1906,0.1792,True,early_week_mode,weekly_update_20260916T200937Z_a0bb3221,0.1.0-phase1,2026-09-16T20:09:37+00:00
BUNDESLIGA2627_MW05_045_BorussiaDortmund_SVWerderBremen,5,Borussia Dortmund,SV Werder Bremen,2026-10-09T00:00:00+00:00,0.6873,0.1803,0.1323,0.7198,0.1755,0.1047,0.6657,0.1822,0.1521,True,early_week_mode,weekly_update_20260916T200937Z_a0bb3221,0.1.0-phase1,2026-09-16T20:09:37+00:00
BUNDESLIGA2627_MW06_046_SVElversberg_FCAugsburg,6,SV Elversberg,FC Augsburg,2026-10-16T00:00:00+00:00,0.6338,0.2165,0.1497,0.7009,0.1355,0.1636,,,,False,early_week_mode,weekly_update_20260916T200937Z_a0bb3221,0.1.0-phase1,2026-09-16T20:09:37+00:00
BUNDESLIGA2627_MW06_047_FCSchalke04_1.FSVMainz05,6,FC Schalke 04,1. FSV Mainz 05,2026-10-16T00:00:00+00:00,0.2652,0.2434,0.4913,0.1323,0.3027,0.565,,,,False,early_week_mode,weekly_update_20260916T200937Z_a0bb3221,0.1.0-phase1,2026-09-16T20:09:37+00:00
BUNDESLIGA2627_MW06_048_SVWerderBremen_SCPaderborn07,6,SV Werder Bremen,SC Paderborn 07,2026-10-16T00:00:00+00:00,0.5376,0.2423,0.2201,0.4186,0.482,0.0994,,,,False,early_week_mode,weekly_update_20260916T200937Z_a0bb3221,0.1.0-phase1,2026-09-16T20:09:37+00:00
BUNDESLIGA2627_MW06_049_HamburgerSV_VfBStuttgart,6,Hamburger SV,VfB Stuttgart,2026-10-16T00:00:00+00:00,0.2358,0.2718,0.4923,0.2131,0.2282,0.5587,,,,False,early_week_mode,weekly_update_20260916T200937Z_a0bb3221,0.1.0-phase1,2026-09-16T20:09:37+00:00
BUNDESLIGA2627_MW06_050_BorussiaMönchengladbach_TSGHoffenheim,6,Borussia Mönchengladbach,TSG Hoffenheim,2026-10-16T00:00:00+00:00,0.3867,0.2902,0.3232,0.3962,0.2422,0.3616,,,,False,early_week_mode,weekly_update_20260916T200937Z_a0bb3221,0.1.0-phase1,2026-09-16T20:09:37+00:00
BUNDESLIGA2627_MW06_051_1.FCUnionBerlin_BorussiaDortmund,6,1. FC Union Berlin,Borussia Dortmund,2026-10-16T00:00:00+00:00,0.1929,0.2421,0.5651,0.1772,0.2263,0.5965,,,,False,early_week_mode,weekly_update_20260916T200937Z_a0bb3221,0.1.0-phase1,2026-09-16T20:09:37+00:00
BUNDESLIGA2627_MW06_052_EintrachtFrankfurt_1.FCKöln,6,Eintracht Frankfurt,1. FC Köln,2026-10-16T00:00:00+00:00,0.5331,0.2347,0.2321,0.5623,0.2081,0.2296,,,,False,early_week_mode,weekly_update_20260916T200937Z_a0bb3221,0.1.0-phase1,2026-09-16T20:09:37+00:00
BUNDESLIGA2627_MW06_053_Bayer04Leverkusen_Sport-ClubFreiburg,6,Bayer 04 Leverkusen,Sport-Club Freiburg,2026-10-16T00:00:00+00:00,0.5785,0.2387,0.1828,0.6301,0.2031,0.1668,,,,False,early_week_mode,weekly_update_20260916T200937Z_a0bb3221,0.1.0-phase1,2026-09-16T20:09:37+00:00
BUNDESLIGA2627_MW06_054_FCBayernMünchen_RBLeipzig,6,FC Bayern München,RB Leipzig,2026-10-16T00:00:00+00:00,0.6522,0.2263,0.1214,0.7431,0.1447,0.1122,,,,False,early_week_mode,weekly_update_20260916T200937Z_a0bb3221,0.1.0-phase1,2026-09-16T20:09:37+00:00
BUNDESLIGA2627_MW07_055_SCPaderborn07_HamburgerSV,7,SC Paderborn 07,Hamburger SV,2026-10-23T00:00:00+00:00,0.3268,0.2635,0.4097,0.1451,0.544,0.3109,,,,False,early_week_mode,weekly_update_20260916T200937Z_a0bb3221,0.1.0-phase1,2026-09-16T20:09:37+00:00
BUNDESLIGA2627_MW07_056_1.FCKöln_FCSchalke04,7,1. FC Köln,FC Schalke 04,2026-10-23T00:00:00+00:00,0.4748,0.2788,0.2464,0.6095,0.2676,0.1229,,,,False,early_week_mode,weekly_update_20260916T200937Z_a0bb3221,0.1.0-phase1,2026-09-16T20:09:37+00:00
BUNDESLIGA2627_MW07_057_1.FSVMainz05_SVWerderBremen,7,1. FSV Mainz 05,SV Werder Bremen,2026-10-23T00:00:00+00:00,0.5222,0.2532,0.2247,0.5351,0.2523,0.2126,,,,False,early_week_mode,weekly_update_20260916T200937Z_a0bb3221,0.1.0-phase1,2026-09-16T20:09:37+00:00
BUNDESLIGA2627_MW07_058_FCAugsburg_1.FCUnionBerlin,7,FC Augsburg,1. FC Union Berlin,2026-10-23T00:00:00+00:00,0.464,0.281,0.2551,0.4797,0.2618,0.2585,,,,False,early_week_mode,weekly_update_20260916T200937Z_a0bb3221,0.1.0-phase1,2026-09-16T20:09:37+00:00
BUNDESLIGA2627_MW07_059_Sport-ClubFreiburg_FCBayernMünchen,7,Sport-Club Freiburg,FC Bayern München,2026-10-23T00:00:00+00:00,0.1581,0.2152,0.6266,0.1325,0.1611,0.7064,,,,False,early_week_mode,weekly_update_20260916T200937Z_a0bb3221,0.1.0-phase1,2026-09-16T20:09:37+00:00
BUNDESLIGA2627_MW07_060_TSGHoffenheim_Bayer04Leverkusen,7,TSG Hoffenheim,Bayer 04 Leverkusen,2026-10-23T00:00:00+00:00,0.3068,0.2495,0.4437,0.2819,0.2243,0.4938,,,,False,early_week_mode,weekly_update_20260916T200937Z_a0bb3221,0.1.0-phase1,2026-09-16T20:09:37+00:00
BUNDESLIGA2627_MW07_061_VfBStuttgart_BorussiaMönchengladbach,7,VfB Stuttgart,Borussia Mönchengladbach,2026-10-23T00:00:00+00:00,0.5389,0.2528,0.2083,0.6242,0.2007,0.1751,,,,False,early_week_mode,weekly_update_20260916T200937Z_a0bb3221,0.1.0-phase1,2026-09-16T20:09:37+00:00
BUNDESLIGA2627_MW07_062_RBLeipzig_SVElversberg,7,RB Leipzig,SV Elversberg,2026-10-23T00:00:00+00:00,0.4558,0.2465,0.2978,0.4994,0.1676,0.333,,,,False,early_week_mode,weekly_update_20260916T200937Z_a0bb3221,0.1.0-phase1,2026-09-16T20:09:37+00:00
BUNDESLIGA2627_MW07_063_BorussiaDortmund_EintrachtFrankfurt,7,Borussia Dortmund,Eintracht Frankfurt,2026-10-23T00:00:00+00:00,0.6481,0.216,0.1359,0.678,0.1777,0.1443,,,,False,early_week_mode,weekly_update_20260916T200937Z_a0bb3221,0.1.0-phase1,2026-09-16T20:09:37+00:00
BUNDESLIGA2627_MW08_064_SVElversberg_1.FSVMainz05,8,SV Elversberg,1. FSV Mainz 05,2026-10-30T00:00:00+00:00,0.5822,0.2325,0.1853,0.6093,0.1612,0.2295,,,,False,early_week_mode,weekly_update_20260916T200937Z_a0bb3221,0.1.0-phase1,2026-09-16T20:09:37+00:00
BUNDESLIGA2627_MW08_065_FCSchalke04_RBLeipzig,8,FC Schalke 04,RB Leipzig,2026-10-30T00:00:00+00:00,0.1971,0.2244,0.5786,0.101,0.2462,0.6527,,,,False,early_week_mode,weekly_update_20260916T200937Z_a0bb3221,0.1.0-phase1,2026-09-16T20:09:37+00:00
BUNDESLIGA2627_MW08_066_SVWerderBremen_TSGHoffenheim,8,SV Werder Bremen,TSG Hoffenheim,2026-10-30T00:00:00+00:00,0.3304,0.3051,0.3644,0.3527,0.2448,0.4025,,,,False,early_week_mode,weekly_update_20260916T200937Z_a0bb3221,0.1.0-phase1,2026-09-16T20:09:37+00:00
BUNDESLIGA2627_MW08_067_BorussiaMönchengladbach_SCPaderborn07,8,Borussia Mönchengladbach,SC Paderborn 07,2026-10-30T00:00:00+00:00,0.5847,0.2246,0.1907,0.4475,0.4621,0.0905,,,,False,early_week_mode,weekly_update_20260916T200937Z_a0bb3221,0.1.0-phase1,2026-09-16T20:09:37+00:00
BUNDESLIGA2627_MW08_068_1.FCUnionBerlin_1.FCKöln,8,1. FC Union Berlin,1. FC Köln,2026-10-30T00:00:00+00:00,0.451,0.2579,0.291,0.4323,0.2569,0.3109,,,,False,early_week_mode,weekly_update_20260916T200937Z_a0bb3221,0.1.0-phase1,2026-09-16T20:09:37+00:00
BUNDESLIGA2627_MW08_069_FCAugsburg_Sport-ClubFreiburg,8,FC Augsburg,Sport-Club Freiburg,2026-10-30T00:00:00+00:00,0.389,0.2863,0.3248,0.3974,0.2599,0.3427,,,,False,early_week_mode,weekly_update_20260916T200937Z_a0bb3221,0.1.0-phase1,2026-09-16T20:09:37+00:00
BUNDESLIGA2627_MW08_070_EintrachtFrankfurt_HamburgerSV,8,Eintracht Frankfurt,Hamburger SV,2026-10-30T00:00:00+00:00,0.56,0.2311,0.2089,0.5819,0.22,0.1981,,,,False,early_week_mode,weekly_update_20260916T200937Z_a0bb3221,0.1.0-phase1,2026-09-16T20:09:37+00:00
BUNDESLIGA2627_MW08_071_Bayer04Leverkusen_VfBStuttgart,8,Bayer 04 Leverkusen,VfB Stuttgart,2026-10-30T00:00:00+00:00,0.5155,0.2516,0.2329,0.5214,0.2202,0.2584,,,,False,early_week_mode,weekly_update_20260916T200937Z_a0bb3221,0.1.0-phase1,2026-09-16T20:09:37+00:00
BUNDESLIGA2627_MW08_072_FCBayernMünchen_BorussiaDortmund,8,FC Bayern München,Borussia Dortmund,2026-10-30T00:00:00+00:00,0.6,0.231,0.169,0.6274,0.1897,0.1829,,,,False,early_week_mode,weekly_update_20260916T200937Z_a0bb3221,0.1.0-phase1,2026-09-16T20:09:37+00:00
BUNDESLIGA2627_MW09_073_SCPaderborn07_EintrachtFrankfurt,9,SC Paderborn 07,Eintracht Frankfurt,2026-11-06T00:00:00+00:00,0.2494,0.2421,0.5085,0.1187,0.4436,0.4377,,,,False,early_week_mode,weekly_update_20260916T200937Z_a0bb3221,0.1.0-phase1,2026-09-16T20:09:37+00:00
BUNDESLIGA2627_MW09_074_1.FCKöln_Bayer04Leverkusen,9,1. FC Köln,Bayer 04 Leverkusen,2026-11-06T00:00:00+00:00,0.2176,0.2621,0.5203,0.2006,0.214,0.5854,,,,False,early_week_mode,weekly_update_20260916T200937Z_a0bb3221,0.1.0-phase1,2026-09-16T20:09:37+00:00
BUNDESLIGA2627_MW09_075_HamburgerSV_BorussiaMönchengladbach,9,Hamburger SV,Borussia Mönchengladbach,2026-11-06T00:00:00+00:00,0.3324,0.2827,0.385,0.3437,0.2794,0.3768,,,,False,early_week_mode,weekly_update_20260916T200937Z_a0bb3221,0.1.0-phase1,2026-09-16T20:09:37+00:00
BUNDESLIGA2627_MW09_076_1.FSVMainz05_FCBayernMünchen,9,1. FSV Mainz 05,FC Bayern München,2026-11-06T00:00:00+00:00,0.1643,0.2297,0.606,0.155,0.1863,0.6587,,,,False,early_week_mode,weekly_update_20260916T200937Z_a0bb3221,0.1.0-phase1,2026-09-16T20:09:37+00:00
BUNDESLIGA2627_MW09_077_Sport-ClubFreiburg_1.FCUnionBerlin,9,Sport-Club Freiburg,1. FC Union Berlin,2026-11-06T00:00:00+00:00,0.5048,0.2655,0.2297,0.5278,0.2441,0.2281,,,,False,early_week_mode,weekly_update_20260916T200937Z_a0bb3221,0.1.0-phase1,2026-09-16T20:09:37+00:00
BUNDESLIGA2627_MW09_078_TSGHoffenheim_FCSchalke04,9,TSG Hoffenheim,FC Schalke 04,2026-11-06T00:00:00+00:00,0.5667,0.2625,0.1708,0.7066,0.2092,0.0842,,,,False,early_week_mode,weekly_update_20260916T200937Z_a0bb3221,0.1.0-phase1,2026-09-16T20:09:37+00:00
BUNDESLIGA2627_MW09_079_VfBStuttgart_SVWerderBremen,9,VfB Stuttgart,SV Werder Bremen,2026-11-06T00:00:00+00:00,0.5939,0.2282,0.1779,0.6625,0.1892,0.1483,,,,False,early_week_mode,weekly_update_20260916T200937Z_a0bb3221,0.1.0-phase1,2026-09-16T20:09:37+00:00
BUNDESLIGA2627_MW09_080_RBLeipzig_FCAugsburg,9,RB Leipzig,FC Augsburg,2026-11-06T00:00:00+00:00,0.6069,0.2037,0.1893,0.5885,0.2212,0.1902,,,,False,early_week_mode,weekly_update_20260916T200937Z_a0bb3221,0.1.0-phase1,2026-09-16T20:09:37+00:00
BUNDESLIGA2627_MW09_081_BorussiaDortmund_SVElversberg,9,Borussia Dortmund,SV Elversberg,2026-11-06T00:00:00+00:00,0.546,0.2499,0.2041,0.6377,0.1493,0.213,,,,False,early_week_mode,weekly_update_20260916T200937Z_a0bb3221,0.1.0-phase1,2026-09-16T20:09:37+00:00
BUNDESLIGA2627_MW10_082_SVElversberg_Sport-ClubFreiburg,10,SV Elversberg,Sport-Club Freiburg,2026-11-20T00:00:00+00:00,0.5955,0.2304,0.1741,0.6596,0.1429,0.1975,,,,False,early_week_mode,weekly_update_20260916T200937Z_a0bb3221,0.1.0-phase1,2026-09-16T20:09:37+00:00
BUNDESLIGA2627_MW10_083_FCSchalke04_VfBStuttgart,10,FC Schalke 04,VfB Stuttgart,2026-11-20T00:00:00+00:00,0.2194,0.2204,0.5602,0.0933,0.2215,0.6852,,,,False,early_week_mode,weekly_update_20260916T200937Z_a0bb3221,0.1.0-phase1,2026-09-16T20:09:37+00:00
BUNDESLIGA2627_MW10_084_SVWerderBremen_HamburgerSV,10,SV Werder Bremen,Hamburger SV,2026-11-20T00:00:00+00:00,0.4713,0.2764,0.2523,0.4638,0.2729,0.2633,,,,False,early_week_mode,weekly_update_20260916T200937Z_a0bb3221,0.1.0-phase1,2026-09-16T20:09:37+00:00
BUNDESLIGA2627_MW10_085_BorussiaMönchengladbach_BorussiaDortmund,10,Borussia Mönchengladbach,Borussia Dortmund,2026-11-20T00:00:00+00:00,0.221,0.2544,0.5247,0.2112,0.2359,0.5529,,,,False,early_week_mode,weekly_update_20260916T200937Z_a0bb3221,0.1.0-phase1,2026-09-16T20:09:37+00:00
BUNDESLIGA2627_MW10_086_1.FCUnionBerlin_RBLeipzig,10,1. FC Union Berlin,RB Leipzig,2026-11-20T00:00:00+00:00,0.2503,0.2818,0.4679,0.2539,0.2475,0.4986,,,,False,early_week_mode,weekly_update_20260916T200937Z_a0bb3221,0.1.0-phase1,2026-09-16T20:09:37+00:00
BUNDESLIGA2627_MW10_087_FCAugsburg_1.FSVMainz05,10,FC Augsburg,1. FSV Mainz 05,2026-11-20T00:00:00+00:00,0.3867,0.2692,0.3442,0.3618,0.2753,0.3629,,,,False,early_week_mode,weekly_update_20260916T200937Z_a0bb3221,0.1.0-phase1,2026-09-16T20:09:37+00:00
BUNDESLIGA2627_MW10_088_EintrachtFrankfurt_TSGHoffenheim,10,Eintracht Frankfurt,TSG Hoffenheim,2026-11-20T00:00:00+00:00,0.4118,0.2778,0.3104,0.4632,0.2145,0.3223,,,,False,early_week_mode,weekly_update_20260916T200937Z_a0bb3221,0.1.0-phase1,2026-09-16T20:09:37+00:00
BUNDESLIGA2627_MW10_089_Bayer04Leverkusen_SCPaderborn07,10,Bayer 04 Leverkusen,SC Paderborn 07,2026-11-20T00:00:00+00:00,0.6849,0.2029,0.1122,0.6011,0.3491,0.0499,,,,False,early_week_mode,weekly_update_20260916T200937Z_a0bb3221,0.1.0-phase1,2026-09-16T20:09:37+00:00
BUNDESLIGA2627_MW10_090_FCBayernMünchen_1.FCKöln,10,FC Bayern München,1. FC Köln,2026-11-20T00:00:00+00:00,0.793,0.1407,0.0662,0.8914,0.0719,0.0367,,,,False,early_week_mode,weekly_update_20260916T200937Z_a0bb3221,0.1.0-phase1,2026-09-16T20:09:37+00:00
BUNDESLIGA2627_MW11_091_SCPaderborn07_FCSchalke04,11,SC Paderborn 07,FC Schalke 04,2026-11-27T00:00:00+00:00,0.3404,0.2573,0.4024,0.1725,0.67,0.1575,,,,False,early_week_mode,weekly_update_20260916T200937Z_a0bb3221,0.1.0-phase1,2026-09-16T20:09:37+00:00
BUNDESLIGA2627_MW11_092_SVWerderBremen_BorussiaMönchengladbach,11,SV Werder Bremen,Borussia Mönchengladbach,2026-11-27T00:00:00+00:00,0.3756,0.2892,0.3352,0.39,0.2701,0.34,,,,False,early_week_mode,weekly_update_20260916T200937Z_a0bb3221,0.1.0-phase1,2026-09-16T20:09:37+00:00
BUNDESLIGA2627_MW11_093_1.FCKöln_SVElversberg,11,1. FC Köln,SV Elversberg,2026-11-27T00:00:00+00:00,0.2158,0.216,0.5682,0.2474,0.1536,0.599,,,,False,early_week_mode,weekly_update_20260916T200937Z_a0bb3221,0.1.0-phase1,2026-09-16T20:09:37+00:00
BUNDESLIGA2627_MW11_094_HamburgerSV_FCBayernMünchen,11,Hamburger SV,FC Bayern München,2026-11-27T00:00:00+00:00,0.1119,0.1882,0.6999,0.0736,0.1283,0.7981,,,,False,early_week_mode,weekly_update_20260916T200937Z_a0bb3221,0.1.0-phase1,2026-09-16T20:09:37+00:00
BUNDESLIGA2627_MW11_095_1.FSVMainz05_1.FCUnionBerlin,11,1. FSV Mainz 05,1. FC Union Berlin,2026-11-27T00:00:00+00:00,0.4999,0.2809,0.2192,0.5408,0.2523,0.2069,,,,False,early_week_mode,weekly_update_20260916T200937Z_a0bb3221,0.1.0-phase1,2026-09-16T20:09:37+00:00
BUNDESLIGA2627_MW11_096_Sport-ClubFreiburg_RBLeipzig,11,Sport-Club Freiburg,RB Leipzig,2026-11-27T00:00:00+00:00,0.3171,0.2958,0.3871,0.3402,0.2475,0.4123,,,,False,early_week_mode,weekly_update_20260916T200937Z_a0bb3221,0.1.0-phase1,2026-09-16T20:09:37+00:00
BUNDESLIGA2627_MW11_097_TSGHoffenheim_FCAugsburg,11,TSG Hoffenheim,FC Augsburg,2026-11-27T00:00:00+00:00,0.4981,0.2353,0.2666,0.5015,0.2317,0.2668,,,,False,early_week_mode,weekly_update_20260916T200937Z_a0bb3221,0.1.0-phase1,2026-09-16T20:09:37+00:00
BUNDESLIGA2627_MW11_098_VfBStuttgart_EintrachtFrankfurt,11,VfB Stuttgart,Eintracht Frankfurt,2026-11-27T00:00:00+00:00,0.5218,0.2678,0.2104,0.605,0.1892,0.2057,,,,False,early_week_mode,weekly_update_20260916T200937Z_a0bb3221,0.1.0-phase1,2026-09-16T20:09:37+00:00
BUNDESLIGA2627_MW11_099_BorussiaDortmund_Bayer04Leverkusen,11,Borussia Dortmund,Bayer 04 Leverkusen,2026-11-27T00:00:00+00:00,0.5042,0.2493,0.2465,0.4761,0.2443,0.2795,,,,False,early_week_mode,weekly_update_20260916T200937Z_a0bb3221,0.1.0-phase1,2026-09-16T20:09:37+00:00
BUNDESLIGA2627_MW12_100_SVElversberg_VfBStuttgart,12,SV Elversberg,VfB Stuttgart,2026-12-04T00:00:00+00:00,0.5248,0.2331,0.2421,0.5065,0.1601,0.3334,,,,False,early_week_mode,weekly_update_20260916T200937Z_a0bb3221,0.1.0-phase1,2026-09-16T20:09:37+00:00
BUNDESLIGA2627_MW12_101_FCSchalke04_BorussiaDortmund,12,FC Schalke 04,Borussia Dortmund,2026-12-04T00:00:00+00:00,0.1538,0.187,0.6593,0.0687,0.2104,0.7209,,,,False,early_week_mode,weekly_update_20260916T200937Z_a0bb3221,0.1.0-phase1,2026-09-16T20:09:37+00:00
BUNDESLIGA2627_MW12_102_1.FCUnionBerlin_HamburgerSV,12,1. FC Union Berlin,Hamburger SV,2026-12-04T00:00:00+00:00,0.4789,0.2586,0.2625,0.4542,0.2765,0.2693,,,,False,early_week_mode,weekly_update_20260916T200937Z_a0bb3221,0.1.0-phase1,2026-09-16T20:09:37+00:00
BUNDESLIGA2627_MW12_103_FCAugsburg_1.FCKöln,12,FC Augsburg,1. FC Köln,2026-12-04T00:00:00+00:00,0.4909,0.2624,0.2467,0.4903,0.2448,0.265,,,,False,early_week_mode,weekly_update_20260916T200937Z_a0bb3221,0.1.0-phase1,2026-09-16T20:09:37+00:00
BUNDESLIGA2627_MW12_104_EintrachtFrankfurt_SVWerderBremen,12,Eintracht Frankfurt,SV Werder Bremen,2026-12-04T00:00:00+00:00,0.5241,0.229,0.247,0.5434,0.2238,0.2328,,,,False,early_week_mode,weekly_update_20260916T200937Z_a0bb3221,0.1.0-phase1,2026-09-16T20:09:37+00:00
BUNDESLIGA2627_MW12_105_Sport-ClubFreiburg_TSGHoffenheim,12,Sport-Club Freiburg,TSG Hoffenheim,2026-12-04T00:00:00+00:00,0.418,0.2906,0.2914,0.4476,0.2321,0.3203,,,,False,early_week_mode,weekly_update_20260916T200937Z_a0bb3221,0.1.0-phase1,2026-09-16T20:09:37+00:00
BUNDESLIGA2627_MW12_106_Bayer04Leverkusen_BorussiaMönchengladbach,12,Bayer 04 Leverkusen,Borussia Mönchengladbach,2026-12-04T00:00:00+00:00,0.6049,0.23,0.1651,0.6635,0.1954,0.1411,,,,False,early_week_mode,weekly_update_20260916T200937Z_a0bb3221,0.1.0-phase1,2026-09-16T20:09:37+00:00
BUNDESLIGA2627_MW12_107_RBLeipzig_1.FSVMainz05,12,RB Leipzig,1. FSV Mainz 05,2026-12-04T00:00:00+00:00,0.5635,0.2106,0.2259,0.5116,0.2462,0.2422,,,,False,early_week_mode,weekly_update_20260916T200937Z_a0bb3221,0.1.0-phase1,2026-09-16T20:09:37+00:00
BUNDESLIGA2627_MW12_108_FCBayernMünchen_SCPaderborn07,12,FC Bayern München,SC Paderborn 07,2026-12-04T00:00:00+00:00,0.7768,0.1604,0.0628,0.7628,0.2118,0.0254,,,,False,early_week_mode,weekly_update_20260916T200937Z_a0bb3221,0.1.0-phase1,2026-09-16T20:09:37+00:00
BUNDESLIGA2627_MW13_109_SCPaderborn07_SVElversberg,13,SC Paderborn 07,SV Elversberg,2026-12-11T00:00:00+00:00,0.154,0.1782,0.6679,0.0886,0.2698,0.6416,,,,False,early_week_mode,weekly_update_20260916T200937Z_a0bb3221,0.1.0-phase1,2026-09-16T20:09:37+00:00
BUNDESLIGA2627_MW13_110_SVWerderBremen_Bayer04Leverkusen,13,SV Werder Bremen,Bayer 04 Leverkusen,2026-12-11T00:00:00+00:00,0.2273,0.2682,0.5045,0.2042,0.2309,0.5649,,,,False,early_week_mode,weekly_update_20260916T200937Z_a0bb3221,0.1.0-phase1,2026-09-16T20:09:37+00:00
BUNDESLIGA2627_MW13_111_1.FCKöln_RBLeipzig,13,1. FC Köln,RB Leipzig,2026-12-11T00:00:00+00:00,0.2362,0.287,0.4768,0.2596,0.2311,0.5093,,,,False,early_week_mode,weekly_update_20260916T200937Z_a0bb3221,0.1.0-phase1,2026-09-16T20:09:37+00:00
BUNDESLIGA2627_MW13_112_HamburgerSV_FCSchalke04,13,Hamburger SV,FC Schalke 04,2026-12-11T00:00:00+00:00,0.4309,0.2898,0.2792,0.54,0.3181,0.1419,,,,False,early_week_mode,weekly_update_20260916T200937Z_a0bb3221,0.1.0-phase1,2026-09-16T20:09:37+00:00
BUNDESLIGA2627_MW13_113_BorussiaMönchengladbach_EintrachtFrankfurt,13,Borussia Mönchengladbach,Eintracht Frankfurt,2026-12-11T00:00:00+00:00,0.4109,0.2859,0.3031,0.4028,0.2407,0.3565,,,,False,early_week_mode,weekly_update_20260916T200937Z_a0bb3221,0.1.0-phase1,2026-09-16T20:09:37+00:00
BUNDESLIGA2627_MW13_114_1.FSVMainz05_Sport-ClubFreiburg,13,1. FSV Mainz 05,Sport-Club Freiburg,2026-12-11T00:00:00+00:00,0.429,0.2903,0.2807,0.4615,0.259,0.2795,,,,False,early_week_mode,weekly_update_20260916T200937Z_a0bb3221,0.1.0-phase1,2026-09-16T20:09:37+00:00
BUNDESLIGA2627_MW13_115_TSGHoffenheim_FCBayernMünchen,13,TSG Hoffenheim,FC Bayern München,2026-12-11T00:00:00+00:00,0.1554,0.201,0.6437,0.132,0.1473,0.7207,,,,False,early_week_mode,weekly_update_20260916T200937Z_a0bb3221,0.1.0-phase1,2026-09-16T20:09:37+00:00
BUNDESLIGA2627_MW13_116_VfBStuttgart_1.FCUnionBerlin,13,VfB Stuttgart,1. FC Union Berlin,2026-12-11T00:00:00+00:00,0.5745,0.2488,0.1767,0.6681,0.1882,0.1437,,,,False,early_week_mode,weekly_update_20260916T200937Z_a0bb3221,0.1.0-phase1,2026-09-16T20:09:37+00:00
BUNDESLIGA2627_MW13_117_BorussiaDortmund_FCAugsburg,13,Borussia Dortmund,FC Augsburg,2026-12-11T00:00:00+00:00,0.6731,0.1928,0.1341,0.6821,0.1912,0.1267,,,,False,early_week_mode,weekly_update_20260916T200937Z_a0bb3221,0.1.0-phase1,2026-09-16T20:09:37+00:00
BUNDESLIGA2627_MW14_118_SVElversberg_HamburgerSV,14,SV Elversberg,Hamburger SV,2026-12-18T00:00:00+00:00,0.6953,0.2019,0.1028,0.7873,0.1103,0.1024,,,,False,early_week_mode,weekly_update_20260916T200937Z_a0bb3221,0.1.0-phase1,2026-09-16T20:09:37+00:00
BUNDESLIGA2627_MW14_119_FCSchalke04_BorussiaMönchengladbach,14,FC Schalke 04,Borussia Mönchengladbach,2026-12-18T00:00:00+00:00,0.2919,0.2657,0.4424,0.1653,0.3175,0.5172,,,,False,early_week_mode,weekly_update_20260916T200937Z_a0bb3221,0.1.0-phase1,2026-09-16T20:09:37+00:00
BUNDESLIGA2627_MW14_120_1.FCUnionBerlin_TSGHoffenheim,14,1. FC Union Berlin,TSG Hoffenheim,2026-12-18T00:00:00+00:00,0.3374,0.2909,0.3717,0.3438,0.2463,0.4099,,,,False,early_week_mode,weekly_update_20260916T200937Z_a0bb3221,0.1.0-phase1,2026-09-16T20:09:37+00:00
BUNDESLIGA2627_MW14_121_1.FSVMainz05_1.FCKöln,14,1. FSV Mainz 05,1. FC Köln,2026-12-18T00:00:00+00:00,0.5296,0.2599,0.2105,0.5551,0.2347,0.2101,,,,False,early_week_mode,weekly_update_20260916T200937Z_a0bb3221,0.1.0-phase1,2026-09-16T20:09:37+00:00
BUNDESLIGA2627_MW14_122_FCAugsburg_SCPaderborn07,14,FC Augsburg,SC Paderborn 07,2026-12-18T00:00:00+00:00,0.5542,0.2572,0.1886,0.4483,0.4622,0.0895,,,,False,early_week_mode,weekly_update_20260916T200937Z_a0bb3221,0.1.0-phase1,2026-09-16T20:09:37+00:00
BUNDESLIGA2627_MW14_123_Sport-ClubFreiburg_VfBStuttgart,14,Sport-Club Freiburg,VfB Stuttgart,2026-12-18T00:00:00+00:00,0.3568,0.2755,0.3678,0.3298,0.2339,0.4363,,,,False,early_week_mode,weekly_update_20260916T200937Z_a0bb3221,0.1.0-phase1,2026-09-16T20:09:37+00:00
BUNDESLIGA2627_MW14_124_Bayer04Leverkusen_EintrachtFrankfurt,14,Bayer 04 Leverkusen,Eintracht Frankfurt,2026-12-18T00:00:00+00:00,0.5898,0.2449,0.1653,0.6516,0.1842,0.1643,,,,False,early_week_mode,weekly_update_20260916T200937Z_a0bb3221,0.1.0-phase1,2026-09-16T20:09:37+00:00
BUNDESLIGA2627_MW14_125_RBLeipzig_BorussiaDortmund,14,RB Leipzig,Borussia Dortmund,2026-12-18T00:00:00+00:00,0.3547,0.253,0.3923,0.339,0.2502,0.4108,,,,False,early_week_mode,weekly_update_20260916T200937Z_a0bb3221,0.1.0-phase1,2026-09-16T20:09:37+00:00
BUNDESLIGA2627_MW14_126_FCBayernMünchen_SVWerderBremen,14,FC Bayern München,SV Werder Bremen,2026-12-18T00:00:00+00:00,0.7924,0.1388,0.0688,0.873,0.0853,0.0417,,,,False,early_week_mode,weekly_update_20260916T200937Z_a0bb3221,0.1.0-phase1,2026-09-16T20:09:37+00:00
BUNDESLIGA2627_MW15_127_SCPaderborn07_RBLeipzig,15,SC Paderborn 07,RB Leipzig,2027-01-08T00:00:00+00:00,0.1864,0.201,0.6126,0.0896,0.4363,0.4741,,,,False,early_week_mode,weekly_update_20260916T200937Z_a0bb3221,0.1.0-phase1,2026-09-16T20:09:37+00:00
BUNDESLIGA2627_MW15_128_SVWerderBremen_1.FCUnionBerlin,15,SV Werder Bremen,1. FC Union Berlin,2027-01-08T00:00:00+00:00,0.415,0.2957,0.2893,0.4338,0.2712,0.2949,,,,False,early_week_mode,weekly_update_20260916T200937Z_a0bb3221,0.1.0-phase1,2026-09-16T20:09:37+00:00
BUNDESLIGA2627_MW15_129_1.FCKöln_Sport-ClubFreiburg,15,1. FC Köln,Sport-Club Freiburg,2027-01-08T00:00:00+00:00,0.329,0.29,0.381,0.3563,0.2474,0.3962,,,,False,early_week_mode,weekly_update_20260916T200937Z_a0bb3221,0.1.0-phase1,2026-09-16T20:09:37+00:00
BUNDESLIGA2627_MW15_130_HamburgerSV_Bayer04Leverkusen,15,Hamburger SV,Bayer 04 Leverkusen,2027-01-08T00:00:00+00:00,0.2008,0.2536,0.5456,0.174,0.2262,0.5998,,,,False,early_week_mode,weekly_update_20260916T200937Z_a0bb3221,0.1.0-phase1,2026-09-16T20:09:37+00:00
BUNDESLIGA2627_MW15_131_BorussiaMönchengladbach_FCBayernMünchen,15,Borussia Mönchengladbach,FC Bayern München,2027-01-08T00:00:00+00:00,0.137,0.2076,0.6554,0.1097,0.1515,0.7388,,,,False,early_week_mode,weekly_update_20260916T200937Z_a0bb3221,0.1.0-phase1,2026-09-16T20:09:37+00:00
BUNDESLIGA2627_MW15_132_EintrachtFrankfurt_FCSchalke04,15,Eintracht Frankfurt,FC Schalke 04,2027-01-08T00:00:00+00:00,0.5491,0.2625,0.1884,0.7044,0.2097,0.0858,,,,False,early_week_mode,weekly_update_20260916T200937Z_a0bb3221,0.1.0-phase1,2026-09-16T20:09:37+00:00
BUNDESLIGA2627_MW15_133_TSGHoffenheim_SVElversberg,15,TSG Hoffenheim,SV Elversberg,2027-01-08T00:00:00+00:00,0.3137,0.2487,0.4376,0.368,0.1622,0.4699,,,,False,early_week_mode,weekly_update_20260916T200937Z_a0bb3221,0.1.0-phase1,2026-09-16T20:09:37+00:00
BUNDESLIGA2627_MW15_134_VfBStuttgart_FCAugsburg,15,VfB Stuttgart,FC Augsburg,2027-01-08T00:00:00+00:00,0.5492,0.2445,0.2063,0.6193,0.2028,0.1779,,,,False,early_week_mode,weekly_update_20260916T200937Z_a0bb3221,0.1.0-phase1,2026-09-16T20:09:37+00:00
BUNDESLIGA2627_MW15_135_BorussiaDortmund_1.FSVMainz05,15,Borussia Dortmund,1. FSV Mainz 05,2027-01-08T00:00:00+00:00,0.6371,0.2024,0.1605,0.6084,0.2234,0.1682,,,,False,early_week_mode,weekly_update_20260916T200937Z_a0bb3221,0.1.0-phase1,2026-09-16T20:09:37+00:00
BUNDESLIGA2627_MW16_136_SVElversberg_EintrachtFrankfurt,16,SV Elversberg,Eintracht Frankfurt,2027-01-12T00:00:00+00:00,0.5949,0.2447,0.1604,0.6726,0.1322,0.1952,,,,False,early_week_mode,weekly_update_20260916T200937Z_a0bb3221,0.1.0-phase1,2026-09-16T20:09:37+00:00
BUNDESLIGA2627_MW16_137_FCSchalke04_SVWerderBremen,16,FC Schalke 04,SV Werder Bremen,2027-01-12T00:00:00+00:00,0.3333,0.2671,0.3996,0.1858,0.3337,0.4805,,,,False,early_week_mode,weekly_update_20260916T200937Z_a0bb3221,0.1.0-phase1,2026-09-16T20:09:37+00:00
BUNDESLIGA2627_MW16_138_1.FCKöln_BorussiaDortmund,16,1. FC Köln,Borussia Dortmund,2027-01-12T00:00:00+00:00,0.1804,0.2442,0.5754,0.1782,0.2093,0.6126,,,,False,early_week_mode,weekly_update_20260916T200937Z_a0bb3221,0.1.0-phase1,2026-09-16T20:09:37+00:00
BUNDESLIGA2627_MW16_139_1.FCUnionBerlin_SCPaderborn07,16,1. FC Union Berlin,SC Paderborn 07,2027-01-12T00:00:00+00:00,0.5334,0.2449,0.2217,0.4108,0.4882,0.1009,,,,False,early_week_mode,weekly_update_20260916T200937Z_a0bb3221,0.1.0-phase1,2026-09-16T20:09:37+00:00
BUNDESLIGA2627_MW16_140_1.FSVMainz05_TSGHoffenheim,16,1. FSV Mainz 05,TSG Hoffenheim,2027-01-12T00:00:00+00:00,0.4175,0.3067,0.2758,0.4681,0.2421,0.2897,,,,False,early_week_mode,weekly_update_20260916T200937Z_a0bb3221,0.1.0-phase1,2026-09-16T20:09:37+00:00
BUNDESLIGA2627_MW16_141_FCAugsburg_BorussiaMönchengladbach,16,FC Augsburg,Borussia Mönchengladbach,2027-01-12T00:00:00+00:00,0.4267,0.2761,0.2972,0.4351,0.2641,0.3007,,,,False,early_week_mode,weekly_update_20260916T200937Z_a0bb3221,0.1.0-phase1,2026-09-16T20:09:37+00:00
BUNDESLIGA2627_MW16_142_Sport-ClubFreiburg_HamburgerSV,16,Sport-Club Freiburg,Hamburger SV,2027-01-12T00:00:00+00:00,0.558,0.2439,0.1981,0.5575,0.2414,0.2011,,,,False,early_week_mode,weekly_update_20260916T200937Z_a0bb3221,0.1.0-phase1,2026-09-16T20:09:37+00:00
BUNDESLIGA2627_MW16_143_RBLeipzig_VfBStuttgart,16,RB Leipzig,VfB Stuttgart,2027-01-12T00:00:00+00:00,0.4994,0.2309,0.2697,0.4419,0.2301,0.328,,,,False,early_week_mode,weekly_update_20260916T200937Z_a0bb3221,0.1.0-phase1,2026-09-16T20:09:37+00:00
BUNDESLIGA2627_MW16_144_FCBayernMünchen_Bayer04Leverkusen,16,FC Bayern München,Bayer 04 Leverkusen,2027-01-12T00:00:00+00:00,0.6543,0.2078,0.1379,0.6678,0.1737,0.1585,,,,False,early_week_mode,weekly_update_20260916T200937Z_a0bb3221,0.1.0-phase1,2026-09-16T20:09:37+00:00
BUNDESLIGA2627_MW17_145_SCPaderborn07_1.FCKöln,17,SC Paderborn 07,1. FC Köln,2027-01-15T00:00:00+00:00,0.2998,0.2595,0.4407,0.142,0.4941,0.3639,,,,False,early_week_mode,weekly_update_20260916T200937Z_a0bb3221,0.1.0-phase1,2026-09-16T20:09:37+00:00
BUNDESLIGA2627_MW17_146_SVWerderBremen_SVElversberg,17,SV Werder Bremen,SV Elversberg,2027-01-15T00:00:00+00:00,0.2272,0.2195,0.5533,0.2528,0.1644,0.5828,,,,False,early_week_mode,weekly_update_20260916T200937Z_a0bb3221,0.1.0-phase1,2026-09-16T20:09:37+00:00
BUNDESLIGA2627_MW17_147_HamburgerSV_FCAugsburg,17,Hamburger SV,FC Augsburg,2027-01-15T00:00:00+00:00,0.3278,0.2835,0.3887,0.34,0.2802,0.3798,,,,False,early_week_mode,weekly_update_20260916T200937Z_a0bb3221,0.1.0-phase1,2026-09-16T20:09:37+00:00
BUNDESLIGA2627_MW17_148_BorussiaMönchengladbach_1.FCUnionBerlin,17,Borussia Mönchengladbach,1. FC Union Berlin,2027-01-15T00:00:00+00:00,0.475,0.2696,0.2555,0.4767,0.2617,0.2616,,,,False,early_week_mode,weekly_update_20260916T200937Z_a0bb3221,0.1.0-phase1,2026-09-16T20:09:37+00:00
BUNDESLIGA2627_MW17_149_EintrachtFrankfurt_FCBayernMünchen,17,Eintracht Frankfurt,FC Bayern München,2027-01-15T00:00:00+00:00,0.1427,0.2005,0.6569,0.1279,0.144,0.7281,,,,False,early_week_mode,weekly_update_20260916T200937Z_a0bb3221,0.1.0-phase1,2026-09-16T20:09:37+00:00
BUNDESLIGA2627_MW17_150_Bayer04Leverkusen_FCSchalke04,17,Bayer 04 Leverkusen,FC Schalke 04,2027-01-15T00:00:00+00:00,0.649,0.2358,0.1152,0.8004,0.1567,0.0429,,,,False,early_week_mode,weekly_update_20260916T200937Z_a0bb3221,0.1.0-phase1,2026-09-16T20:09:37+00:00
BUNDESLIGA2627_MW17_151_TSGHoffenheim_RBLeipzig,17,TSG Hoffenheim,RB Leipzig,2027-01-15T00:00:00+00:00,0.327,0.2774,0.3956,0.3544,0.2311,0.4145,,,,False,early_week_mode,weekly_update_20260916T200937Z_a0bb3221,0.1.0-phase1,2026-09-16T20:09:37+00:00
BUNDESLIGA2627_MW17_152_VfBStuttgart_1.FSVMainz05,17,VfB Stuttgart,1. FSV Mainz 05,2027-01-15T00:00:00+00:00,0.5062,0.248,0.2458,0.5401,0.2292,0.2307,,,,False,early_week_mode,weekly_update_20260916T200937Z_a0bb3221,0.1.0-phase1,2026-09-16T20:09:37+00:00
BUNDESLIGA2627_MW17_153_BorussiaDortmund_Sport-ClubFreiburg,17,Borussia Dortmund,Sport-Club Freiburg,2027-01-15T00:00:00+00:00,0.6403,0.2106,0.1491,0.6553,0.1971,0.1475,,,,False,early_week_mode,weekly_update_20260916T200937Z_a0bb3221,0.1.0-phase1,2026-09-16T20:09:37+00:00
BUNDESLIGA2627_MW18_154_SCPaderborn07_1.FSVMainz05,18,SC Paderborn 07,1. FSV Mainz 05,2027-01-22T00:00:00+00:00,0.2378,0.225,0.5372,0.104,0.496,0.4001,,,,False,early_week_mode,weekly_update_20260916T200937Z_a0bb3221,0.1.0-phase1,2026-09-16T20:09:37+00:00
BUNDESLIGA2627_MW18_155_FCSchalke04_FCAugsburg,18,FC Schalke 04,FC Augsburg,2027-01-22T00:00:00+00:00,0.297,0.2486,0.4545,0.1634,0.3174,0.5192,,,,False,early_week_mode,weekly_update_20260916T200937Z_a0bb3221,0.1.0-phase1,2026-09-16T20:09:37+00:00
BUNDESLIGA2627_MW18_156_SVWerderBremen_Sport-ClubFreiburg,18,SV Werder Bremen,Sport-Club Freiburg,2027-01-22T00:00:00+00:00,0.342,0.2919,0.366,0.3527,0.2627,0.3846,,,,False,early_week_mode,weekly_update_20260916T200937Z_a0bb3221,0.1.0-phase1,2026-09-16T20:09:37+00:00
BUNDESLIGA2627_MW18_157_HamburgerSV_BorussiaDortmund,18,Hamburger SV,Borussia Dortmund,2027-01-22T00:00:00+00:00,0.1674,0.236,0.5967,0.155,0.221,0.6239,,,,False,early_week_mode,weekly_update_20260916T200937Z_a0bb3221,0.1.0-phase1,2026-09-16T20:09:37+00:00
BUNDESLIGA2627_MW18_158_BorussiaMönchengladbach_RBLeipzig,18,Borussia Mönchengladbach,RB Leipzig,2027-01-22T00:00:00+00:00,0.2841,0.2919,0.424,0.2972,0.2507,0.4521,,,,False,early_week_mode,weekly_update_20260916T200937Z_a0bb3221,0.1.0-phase1,2026-09-16T20:09:37+00:00
BUNDESLIGA2627_MW18_159_EintrachtFrankfurt_1.FCUnionBerlin,18,Eintracht Frankfurt,1. FC Union Berlin,2027-01-22T00:00:00+00:00,0.5031,0.2539,0.243,0.5501,0.2237,0.2262,,,,False,early_week_mode,weekly_update_20260916T200937Z_a0bb3221,0.1.0-phase1,2026-09-16T20:09:37+00:00
BUNDESLIGA2627_MW18_160_Bayer04Leverkusen_SVElversberg,18,Bayer 04 Leverkusen,SV Elversberg,2027-01-22T00:00:00+00:00,0.4823,0.2551,0.2626,0.5995,0.1546,0.2459,,,,False,early_week_mode,weekly_update_20260916T200937Z_a0bb3221,0.1.0-phase1,2026-09-16T20:09:37+00:00
BUNDESLIGA2627_MW18_161_TSGHoffenheim_1.FCKöln,18,TSG Hoffenheim,1. FC Köln,2027-01-22T00:00:00+00:00,0.5605,0.2253,0.2143,0.5671,0.2079,0.225,,,,False,early_week_mode,weekly_update_20260916T200937Z_a0bb3221,0.1.0-phase1,2026-09-16T20:09:37+00:00
BUNDESLIGA2627_MW18_162_VfBStuttgart_FCBayernMünchen,18,VfB Stuttgart,FC Bayern München,2027-01-22T00:00:00+00:00,0.201,0.2307,0.5683,0.2182,0.1859,0.5958,,,,False,early_week_mode,weekly_update_20260916T200937Z_a0bb3221,0.1.0-phase1,2026-09-16T20:09:37+00:00
BUNDESLIGA2627_MW19_163_SVElversberg_BorussiaMönchengladbach,19,SV Elversberg,Borussia Mönchengladbach,2027-01-29T00:00:00+00:00,0.5996,0.2475,0.1529,0.7062,0.1336,0.1602,,,,False,early_week_mode,weekly_update_20260916T200937Z_a0bb3221,0.1.0-phase1,2026-09-16T20:09:37+00:00
BUNDESLIGA2627_MW19_164_1.FCKöln_VfBStuttgart,19,1. FC Köln,VfB Stuttgart,2027-01-29T00:00:00+00:00,0.2635,0.2758,0.4607,0.247,0.2152,0.5378,,,,False,early_week_mode,weekly_update_20260916T200937Z_a0bb3221,0.1.0-phase1,2026-09-16T20:09:37+00:00
BUNDESLIGA2627_MW19_165_1.FCUnionBerlin_Bayer04Leverkusen,19,1. FC Union Berlin,Bayer 04 Leverkusen,2027-01-29T00:00:00+00:00,0.2331,0.2551,0.5118,0.1984,0.2306,0.5709,,,,False,early_week_mode,weekly_update_20260916T200937Z_a0bb3221,0.1.0-phase1,2026-09-16T20:09:37+00:00
BUNDESLIGA2627_MW19_166_1.FSVMainz05_HamburgerSV,19,1. FSV Mainz 05,Hamburger SV,2027-01-29T00:00:00+00:00,0.5522,0.2575,0.1903,0.5684,0.2489,0.1827,,,,False,early_week_mode,weekly_update_20260916T200937Z_a0bb3221,0.1.0-phase1,2026-09-16T20:09:37+00:00
BUNDESLIGA2627_MW19_167_FCAugsburg_EintrachtFrankfurt,19,FC Augsburg,Eintracht Frankfurt,2027-01-29T00:00:00+00:00,0.4025,0.2955,0.302,0.4063,0.2413,0.3524,,,,False,early_week_mode,weekly_update_20260916T200937Z_a0bb3221,0.1.0-phase1,2026-09-16T20:09:37+00:00
BUNDESLIGA2627_MW19_168_Sport-ClubFreiburg_SCPaderborn07,19,Sport-Club Freiburg,SC Paderborn 07,2027-01-29T00:00:00+00:00,0.5849,0.2467,0.1683,0.4869,0.4312,0.082,,,,False,early_week_mode,weekly_update_20260916T200937Z_a0bb3221,0.1.0-phase1,2026-09-16T20:09:37+00:00
BUNDESLIGA2627_MW19_169_RBLeipzig_SVWerderBremen,19,RB Leipzig,SV Werder Bremen,2027-01-29T00:00:00+00:00,0.6525,0.1891,0.1584,0.6311,0.2086,0.1604,,,,False,early_week_mode,weekly_update_20260916T200937Z_a0bb3221,0.1.0-phase1,2026-09-16T20:09:37+00:00
BUNDESLIGA2627_MW19_170_BorussiaDortmund_TSGHoffenheim,19,Borussia Dortmund,TSG Hoffenheim,2027-01-29T00:00:00+00:00,0.6299,0.2253,0.1448,0.6706,0.1812,0.1482,,,,False,early_week_mode,weekly_update_20260916T200937Z_a0bb3221,0.1.0-phase1,2026-09-16T20:09:37+00:00
BUNDESLIGA2627_MW19_171_FCBayernMünchen_FCSchalke04,19,FC Bayern München,FC Schalke 04,2027-01-29T00:00:00+00:00,0.7583,0.1799,0.0618,0.9249,0.0618,0.0132,,,,False,early_week_mode,weekly_update_20260916T200937Z_a0bb3221,0.1.0-phase1,2026-09-16T20:09:37+00:00
BUNDESLIGA2627_MW20_172_SCPaderborn07_BorussiaDortmund,20,SC Paderborn 07,Borussia Dortmund,2027-02-05T00:00:00+00:00,0.1477,0.1677,0.6846,0.0674,0.4069,0.5257,,,,False,early_week_mode,weekly_update_20260916T200937Z_a0bb3221,0.1.0-phase1,2026-09-16T20:09:37+00:00
BUNDESLIGA2627_MW20_173_FCSchalke04_1.FCUnionBerlin,20,FC Schalke 04,1. FC Union Berlin,2027-02-05T00:00:00+00:00,0.3273,0.273,0.3996,0.1898,0.3386,0.4717,,,,False,early_week_mode,weekly_update_20260916T200937Z_a0bb3221,0.1.0-phase1,2026-09-16T20:09:37+00:00
BUNDESLIGA2627_MW20_174_SVWerderBremen_1.FCKöln,20,SV Werder Bremen,1. FC Köln,2027-02-05T00:00:00+00:00,0.4421,0.2766,0.2813,0.442,0.254,0.304,,,,False,early_week_mode,weekly_update_20260916T200937Z_a0bb3221,0.1.0-phase1,2026-09-16T20:09:37+00:00
BUNDESLIGA2627_MW20_175_HamburgerSV_RBLeipzig,20,Hamburger SV,RB Leipzig,2027-02-05T00:00:00+00:00,0.2181,0.2786,0.5033,0.2245,0.246,0.5296,,,,False,early_week_mode,weekly_update_20260916T200937Z_a0bb3221,0.1.0-phase1,2026-09-16T20:09:37+00:00
BUNDESLIGA2627_MW20_176_BorussiaMönchengladbach_Sport-ClubFreiburg,20,Borussia Mönchengladbach,Sport-Club Freiburg,2027-02-05T00:00:00+00:00,0.3989,0.274,0.3271,0.3941,0.2593,0.3466,,,,False,early_week_mode,weekly_update_20260916T200937Z_a0bb3221,0.1.0-phase1,2026-09-16T20:09:37+00:00
BUNDESLIGA2627_MW20_177_EintrachtFrankfurt_1.FSVMainz05,20,Eintracht Frankfurt,1. FSV Mainz 05,2027-02-05T00:00:00+00:00,0.4196,0.2448,0.3356,0.4188,0.2461,0.3351,,,,False,early_week_mode,weekly_update_20260916T200937Z_a0bb3221,0.1.0-phase1,2026-09-16T20:09:37+00:00
BUNDESLIGA2627_MW20_178_Bayer04Leverkusen_FCAugsburg,20,Bayer 04 Leverkusen,FC Augsburg,2027-02-05T00:00:00+00:00,0.6158,0.2192,0.165,0.6588,0.1977,0.1435,,,,False,early_week_mode,weekly_update_20260916T200937Z_a0bb3221,0.1.0-phase1,2026-09-16T20:09:37+00:00
BUNDESLIGA2627_MW20_179_VfBStuttgart_TSGHoffenheim,20,VfB Stuttgart,TSG Hoffenheim,2027-02-05T00:00:00+00:00,0.4973,0.2778,0.225,0.5972,0.1921,0.2106,,,,False,early_week_mode,weekly_update_20260916T200937Z_a0bb3221,0.1.0-phase1,2026-09-16T20:09:37+00:00
BUNDESLIGA2627_MW20_180_FCBayernMünchen_SVElversberg,20,FC Bayern München,SV Elversberg,2027-02-05T00:00:00+00:00,0.7019,0.195,0.1031,0.8318,0.082,0.0862,,,,False,early_week_mode,weekly_update_20260916T200937Z_a0bb3221,0.1.0-phase1,2026-09-16T20:09:37+00:00
BUNDESLIGA2627_MW21_181_SVElversberg_FCSchalke04,21,SV Elversberg,FC Schalke 04,2027-02-12T00:00:00+00:00,0.6964,0.2072,0.0964,0.8883,0.0778,0.0339,,,,False,early_week_mode,weekly_update_20260916T200937Z_a0bb3221,0.1.0-phase1,2026-09-16T20:09:37+00:00
BUNDESLIGA2627_MW21_182_1.FCKöln_HamburgerSV,21,1. FC Köln,Hamburger SV,2027-02-12T00:00:00+00:00,0.4574,0.2781,0.2645,0.4745,0.2571,0.2684,,,,False,early_week_mode,weekly_update_20260916T200937Z_a0bb3221,0.1.0-phase1,2026-09-16T20:09:37+00:00
BUNDESLIGA2627_MW21_183_1.FCUnionBerlin_FCBayernMünchen,21,1. FC Union Berlin,FC Bayern München,2027-02-12T00:00:00+00:00,0.1235,0.1948,0.6817,0.087,0.1366,0.7764,,,,False,early_week_mode,weekly_update_20260916T200937Z_a0bb3221,0.1.0-phase1,2026-09-16T20:09:37+00:00
BUNDESLIGA2627_MW21_184_1.FSVMainz05_BorussiaMönchengladbach,21,1. FSV Mainz 05,Borussia Mönchengladbach,2027-02-12T00:00:00+00:00,0.4646,0.2793,0.2561,0.4978,0.259,0.2433,,,,False,early_week_mode,weekly_update_20260916T200937Z_a0bb3221,0.1.0-phase1,2026-09-16T20:09:37+00:00
BUNDESLIGA2627_MW21_185_FCAugsburg_SVWerderBremen,21,FC Augsburg,SV Werder Bremen,2027-02-12T00:00:00+00:00,0.4827,0.255,0.2623,0.4734,0.2612,0.2654,,,,False,early_week_mode,weekly_update_20260916T200937Z_a0bb3221,0.1.0-phase1,2026-09-16T20:09:37+00:00
BUNDESLIGA2627_MW21_186_Sport-ClubFreiburg_EintrachtFrankfurt,21,Sport-Club Freiburg,Eintracht Frankfurt,2027-02-12T00:00:00+00:00,0.4439,0.2825,0.2736,0.4547,0.2302,0.3151,,,,False,early_week_mode,weekly_update_20260916T200937Z_a0bb3221,0.1.0-phase1,2026-09-16T20:09:37+00:00
BUNDESLIGA2627_MW21_187_TSGHoffenheim_SCPaderborn07,21,TSG Hoffenheim,SC Paderborn 07,2027-02-12T00:00:00+00:00,0.6123,0.2282,0.1595,0.5242,0.394,0.0817,,,,False,early_week_mode,weekly_update_20260916T200937Z_a0bb3221,0.1.0-phase1,2026-09-16T20:09:37+00:00
BUNDESLIGA2627_MW21_188_RBLeipzig_Bayer04Leverkusen,21,RB Leipzig,Bayer 04 Leverkusen,2027-02-12T00:00:00+00:00,0.4184,0.2458,0.3358,0.3726,0.2463,0.3811,,,,False,early_week_mode,weekly_update_20260916T200937Z_a0bb3221,0.1.0-phase1,2026-09-16T20:09:37+00:00
BUNDESLIGA2627_MW21_189_BorussiaDortmund_VfBStuttgart,21,Borussia Dortmund,VfB Stuttgart,2027-02-12T00:00:00+00:00,0.5854,0.2248,0.1898,0.5516,0.2177,0.2307,,,,False,early_week_mode,weekly_update_20260916T200937Z_a0bb3221,0.1.0-phase1,2026-09-16T20:09:37+00:00
BUNDESLIGA2627_MW22_190_SVElversberg_1.FCUnionBerlin,22,SV Elversberg,1. FC Union Berlin,2027-02-19T00:00:00+00:00,0.6458,0.2283,0.1258,0.7567,0.1193,0.124,,,,False,early_week_mode,weekly_update_20260916T200937Z_a0bb3221,0.1.0-phase1,2026-09-16T20:09:37+00:00
BUNDESLIGA2627_MW22_191_FCSchalke04_Sport-ClubFreiburg,22,FC Schalke 04,Sport-Club Freiburg,2027-02-19T00:00:00+00:00,0.2682,0.2443,0.4875,0.1446,0.2923,0.5631,,,,False,early_week_mode,weekly_update_20260916T200937Z_a0bb3221,0.1.0-phase1,2026-09-16T20:09:37+00:00
BUNDESLIGA2627_MW22_192_SVWerderBremen_BorussiaDortmund,22,SV Werder Bremen,Borussia Dortmund,2027-02-19T00:00:00+00:00,0.1887,0.2497,0.5616,0.1824,0.2268,0.5909,,,,False,early_week_mode,weekly_update_20260916T200937Z_a0bb3221,0.1.0-phase1,2026-09-16T20:09:37+00:00
BUNDESLIGA2627_MW22_193_HamburgerSV_TSGHoffenheim,22,Hamburger SV,TSG Hoffenheim,2027-02-19T00:00:00+00:00,0.2867,0.2994,0.4138,0.3066,0.2496,0.4438,,,,False,early_week_mode,weekly_update_20260916T200937Z_a0bb3221,0.1.0-phase1,2026-09-16T20:09:37+00:00
BUNDESLIGA2627_MW22_194_BorussiaMönchengladbach_1.FCKöln,22,Borussia Mönchengladbach,1. FC Köln,2027-02-19T00:00:00+00:00,0.5054,0.2484,0.2462,0.4871,0.2447,0.2683,,,,False,early_week_mode,weekly_update_20260916T200937Z_a0bb3221,0.1.0-phase1,2026-09-16T20:09:37+00:00
BUNDESLIGA2627_MW22_195_EintrachtFrankfurt_RBLeipzig,22,Eintracht Frankfurt,RB Leipzig,2027-02-19T00:00:00+00:00,0.3027,0.2828,0.4146,0.349,0.2296,0.4214,,,,False,early_week_mode,weekly_update_20260916T200937Z_a0bb3221,0.1.0-phase1,2026-09-16T20:09:37+00:00
BUNDESLIGA2627_MW22_196_Bayer04Leverkusen_1.FSVMainz05,22,Bayer 04 Leverkusen,1. FSV Mainz 05,2027-02-19T00:00:00+00:00,0.5761,0.2266,0.1973,0.5833,0.2281,0.1885,,,,False,early_week_mode,weekly_update_20260916T200937Z_a0bb3221,0.1.0-phase1,2026-09-16T20:09:37+00:00
BUNDESLIGA2627_MW22_197_VfBStuttgart_SCPaderborn07,22,VfB Stuttgart,SC Paderborn 07,2027-02-19T00:00:00+00:00,0.628,0.2397,0.1323,0.5936,0.3472,0.0592,,,,False,early_week_mode,weekly_update_20260916T200937Z_a0bb3221,0.1.0-phase1,2026-09-16T20:09:37+00:00
BUNDESLIGA2627_MW22_198_FCBayernMünchen_FCAugsburg,22,FC Bayern München,FC Augsburg,2027-02-19T00:00:00+00:00,0.7698,0.1514,0.0788,0.8464,0.0997,0.0539,,,,False,early_week_mode,weekly_update_20260916T200937Z_a0bb3221,0.1.0-phase1,2026-09-16T20:09:37+00:00
BUNDESLIGA2627_MW23_199_SCPaderborn07_SVWerderBremen,23,SC Paderborn 07,SV Werder Bremen,2027-02-26T00:00:00+00:00,0.2923,0.252,0.4557,0.1354,0.5199,0.3447,,,,False,early_week_mode,weekly_update_20260916T200937Z_a0bb3221,0.1.0-phase1,2026-09-16T20:09:37+00:00
BUNDESLIGA2627_MW23_200_1.FCKöln_EintrachtFrankfurt,23,1. FC Köln,Eintracht Frankfurt,2027-02-26T00:00:00+00:00,0.3409,0.3027,0.3564,0.3616,0.2294,0.409,,,,False,early_week_mode,weekly_update_20260916T200937Z_a0bb3221,0.1.0-phase1,2026-09-16T20:09:37+00:00
BUNDESLIGA2627_MW23_201_1.FSVMainz05_FCSchalke04,23,1. FSV Mainz 05,FC Schalke 04,2027-02-26T00:00:00+00:00,0.5419,0.2802,0.1778,0.6698,0.247,0.0832,,,,False,early_week_mode,weekly_update_20260916T200937Z_a0bb3221,0.1.0-phase1,2026-09-16T20:09:37+00:00
BUNDESLIGA2627_MW23_202_FCAugsburg_SVElversberg,23,FC Augsburg,SV Elversberg,2027-02-26T00:00:00+00:00,0.2662,0.2476,0.4863,0.3043,0.1721,0.5236,,,,False,early_week_mode,weekly_update_20260916T200937Z_a0bb3221,0.1.0-phase1,2026-09-16T20:09:37+00:00
BUNDESLIGA2627_MW23_203_Sport-ClubFreiburg_Bayer04Leverkusen,23,Sport-Club Freiburg,Bayer 04 Leverkusen,2027-02-26T00:00:00+00:00,0.298,0.2679,0.4341,0.2727,0.2401,0.4872,,,,False,early_week_mode,weekly_update_20260916T200937Z_a0bb3221,0.1.0-phase1,2026-09-16T20:09:37+00:00
BUNDESLIGA2627_MW23_204_TSGHoffenheim_BorussiaMönchengladbach,23,TSG Hoffenheim,Borussia Mönchengladbach,2027-02-26T00:00:00+00:00,0.4891,0.2445,0.2664,0.5063,0.2302,0.2635,,,,False,early_week_mode,weekly_update_20260916T200937Z_a0bb3221,0.1.0-phase1,2026-09-16T20:09:37+00:00
BUNDESLIGA2627_MW23_205_VfBStuttgart_HamburgerSV,23,VfB Stuttgart,Hamburger SV,2027-02-26T00:00:00+00:00,0.6241,0.2254,0.1505,0.6949,0.1811,0.124,,,,False,early_week_mode,weekly_update_20260916T200937Z_a0bb3221,0.1.0-phase1,2026-09-16T20:09:37+00:00
BUNDESLIGA2627_MW23_206_RBLeipzig_FCBayernMünchen,23,RB Leipzig,FC Bayern München,2027-02-26T00:00:00+00:00,0.2199,0.2284,0.5517,0.2074,0.1935,0.5991,,,,False,early_week_mode,weekly_update_20260916T200937Z_a0bb3221,0.1.0-phase1,2026-09-16T20:09:37+00:00
BUNDESLIGA2627_MW23_207_BorussiaDortmund_1.FCUnionBerlin,23,Borussia Dortmund,1. FC Union Berlin,2027-02-26T00:00:00+00:00,0.6863,0.1969,0.1168,0.7241,0.1744,0.1014,,,,False,early_week_mode,weekly_update_20260916T200937Z_a0bb3221,0.1.0-phase1,2026-09-16T20:09:37+00:00
BUNDESLIGA2627_MW24_208_SVElversberg_RBLeipzig,24,SV Elversberg,RB Leipzig,2027-03-02T00:00:00+00:00,0.4386,0.2762,0.2852,0.5207,0.1655,0.3138,,,,False,early_week_mode,weekly_update_20260916T200937Z_a0bb3221,0.1.0-phase1,2026-09-16T20:09:37+00:00
BUNDESLIGA2627_MW24_209_FCSchalke04_1.FCKöln,24,FC Schalke 04,1. FC Köln,2027-03-02T00:00:00+00:00,0.3399,0.2731,0.3871,0.1894,0.3135,0.4972,,,,False,early_week_mode,weekly_update_20260916T200937Z_a0bb3221,0.1.0-phase1,2026-09-16T20:09:37+00:00
BUNDESLIGA2627_MW24_210_SVWerderBremen_1.FSVMainz05,24,SV Werder Bremen,1. FSV Mainz 05,2027-03-02T00:00:00+00:00,0.3387,0.2772,0.3841,0.3206,0.2761,0.4034,,,,False,early_week_mode,weekly_update_20260916T200937Z_a0bb3221,0.1.0-phase1,2026-09-16T20:09:37+00:00
BUNDESLIGA2627_MW24_211_HamburgerSV_SCPaderborn07,24,Hamburger SV,SC Paderborn 07,2027-03-02T00:00:00+00:00,0.4729,0.2675,0.2596,0.3801,0.5117,0.1082,,,,False,early_week_mode,weekly_update_20260916T200937Z_a0bb3221,0.1.0-phase1,2026-09-16T20:09:37+00:00
BUNDESLIGA2627_MW24_212_BorussiaMönchengladbach_VfBStuttgart,24,Borussia Mönchengladbach,VfB Stuttgart,2027-03-02T00:00:00+00:00,0.3291,0.2692,0.4017,0.2863,0.2357,0.478,,,,False,early_week_mode,weekly_update_20260916T200937Z_a0bb3221,0.1.0-phase1,2026-09-16T20:09:37+00:00
BUNDESLIGA2627_MW24_213_1.FCUnionBerlin_FCAugsburg,24,1. FC Union Berlin,FC Augsburg,2027-03-02T00:00:00+00:00,0.3869,0.2661,0.3469,0.3771,0.2733,0.3495,,,,False,early_week_mode,weekly_update_20260916T200937Z_a0bb3221,0.1.0-phase1,2026-09-16T20:09:37+00:00
BUNDESLIGA2627_MW24_214_EintrachtFrankfurt_BorussiaDortmund,24,Eintracht Frankfurt,Borussia Dortmund,2027-03-02T00:00:00+00:00,0.2327,0.247,0.5202,0.2476,0.2203,0.5321,,,,False,early_week_mode,weekly_update_20260916T200937Z_a0bb3221,0.1.0-phase1,2026-09-16T20:09:37+00:00
BUNDESLIGA2627_MW24_215_Bayer04Leverkusen_TSGHoffenheim,24,Bayer 04 Leverkusen,TSG Hoffenheim,2027-03-02T00:00:00+00:00,0.5674,0.2556,0.177,0.644,0.1875,0.1685,,,,False,early_week_mode,weekly_update_20260916T200937Z_a0bb3221,0.1.0-phase1,2026-09-16T20:09:37+00:00
BUNDESLIGA2627_MW24_216_FCBayernMünchen_Sport-ClubFreiburg,24,FC Bayern München,Sport-Club Freiburg,2027-03-02T00:00:00+00:00,0.7491,0.1652,0.0857,0.8277,0.1072,0.065,,,,False,early_week_mode,weekly_update_20260916T200937Z_a0bb3221,0.1.0-phase1,2026-09-16T20:09:37+00:00
BUNDESLIGA2627_MW25_217_SCPaderborn07_BorussiaMönchengladbach,25,SC Paderborn 07,Borussia Mönchengladbach,2027-03-05T00:00:00+00:00,0.2617,0.2447,0.4936,0.1247,0.5046,0.3707,,,,False,early_week_mode,weekly_update_20260916T200937Z_a0bb3221,0.1.0-phase1,2026-09-16T20:09:37+00:00
BUNDESLIGA2627_MW25_218_1.FCKöln_1.FCUnionBerlin,25,1. FC Köln,1. FC Union Berlin,2027-03-05T00:00:00+00:00,0.4032,0.2949,0.3018,0.4426,0.2557,0.3017,,,,False,early_week_mode,weekly_update_20260916T200937Z_a0bb3221,0.1.0-phase1,2026-09-16T20:09:37+00:00
BUNDESLIGA2627_MW25_219_HamburgerSV_EintrachtFrankfurt,25,Hamburger SV,Eintracht Frankfurt,2027-03-05T00:00:00+00:00,0.3085,0.2998,0.3916,0.3121,0.2489,0.4391,,,,False,early_week_mode,weekly_update_20260916T200937Z_a0bb3221,0.1.0-phase1,2026-09-16T20:09:37+00:00
BUNDESLIGA2627_MW25_220_1.FSVMainz05_SVElversberg,25,1. FSV Mainz 05,SV Elversberg,2027-03-05T00:00:00+00:00,0.3148,0.2585,0.4267,0.3896,0.183,0.4274,,,,False,early_week_mode,weekly_update_20260916T200937Z_a0bb3221,0.1.0-phase1,2026-09-16T20:09:37+00:00
BUNDESLIGA2627_MW25_221_Sport-ClubFreiburg_FCAugsburg,25,Sport-Club Freiburg,FC Augsburg,2027-03-05T00:00:00+00:00,0.4711,0.2594,0.2695,0.4776,0.251,0.2714,,,,False,early_week_mode,weekly_update_20260916T200937Z_a0bb3221,0.1.0-phase1,2026-09-16T20:09:37+00:00
BUNDESLIGA2627_MW25_222_TSGHoffenheim_SVWerderBremen,25,TSG Hoffenheim,SV Werder Bremen,2027-03-05T00:00:00+00:00,0.5511,0.221,0.2279,0.5479,0.2237,0.2283,,,,False,early_week_mode,weekly_update_20260916T200937Z_a0bb3221,0.1.0-phase1,2026-09-16T20:09:37+00:00
BUNDESLIGA2627_MW25_223_VfBStuttgart_Bayer04Leverkusen,25,VfB Stuttgart,Bayer 04 Leverkusen,2027-03-05T00:00:00+00:00,0.3696,0.2701,0.3602,0.3943,0.2339,0.3718,,,,False,early_week_mode,weekly_update_20260916T200937Z_a0bb3221,0.1.0-phase1,2026-09-16T20:09:37+00:00
BUNDESLIGA2627_MW25_224_RBLeipzig_FCSchalke04,25,RB Leipzig,FC Schalke 04,2027-03-05T00:00:00+00:00,0.644,0.2312,0.1247,0.7547,0.1865,0.0588,,,,False,early_week_mode,weekly_update_20260916T200937Z_a0bb3221,0.1.0-phase1,2026-09-16T20:09:37+00:00
BUNDESLIGA2627_MW25_225_BorussiaDortmund_FCBayernMünchen,25,Borussia Dortmund,FC Bayern München,2027-03-05T00:00:00+00:00,0.2908,0.2584,0.4508,0.303,0.2229,0.4741,,,,False,early_week_mode,weekly_update_20260916T200937Z_a0bb3221,0.1.0-phase1,2026-09-16T20:09:37+00:00
BUNDESLIGA2627_MW26_226_SVElversberg_BorussiaDortmund,26,SV Elversberg,Borussia Dortmund,2027-03-12T00:00:00+00:00,0.3466,0.2539,0.3995,0.3741,0.1747,0.4512,,,,False,early_week_mode,weekly_update_20260916T200937Z_a0bb3221,0.1.0-phase1,2026-09-16T20:09:37+00:00
BUNDESLIGA2627_MW26_227_FCSchalke04_TSGHoffenheim,26,FC Schalke 04,TSG Hoffenheim,2027-03-12T00:00:00+00:00,0.2596,0.2477,0.4927,0.1399,0.2648,0.5953,,,,False,early_week_mode,weekly_update_20260916T200937Z_a0bb3221,0.1.0-phase1,2026-09-16T20:09:37+00:00
BUNDESLIGA2627_MW26_228_SVWerderBremen_VfBStuttgart,26,SV Werder Bremen,VfB Stuttgart,2027-03-12T00:00:00+00:00,0.2773,0.279,0.4437,0.2494,0.2308,0.5198,,,,False,early_week_mode,weekly_update_20260916T200937Z_a0bb3221,0.1.0-phase1,2026-09-16T20:09:37+00:00
BUNDESLIGA2627_MW26_229_BorussiaMönchengladbach_HamburgerSV,26,Borussia Mönchengladbach,Hamburger SV,2027-03-12T00:00:00+00:00,0.5324,0.2457,0.2219,0.5065,0.2612,0.2323,,,,False,early_week_mode,weekly_update_20260916T200937Z_a0bb3221,0.1.0-phase1,2026-09-16T20:09:37+00:00
BUNDESLIGA2627_MW26_230_1.FCUnionBerlin_Sport-ClubFreiburg,26,1. FC Union Berlin,Sport-Club Freiburg,2027-03-12T00:00:00+00:00,0.3487,0.276,0.3754,0.3442,0.2644,0.3914,,,,False,early_week_mode,weekly_update_20260916T200937Z_a0bb3221,0.1.0-phase1,2026-09-16T20:09:37+00:00
BUNDESLIGA2627_MW26_231_FCAugsburg_RBLeipzig,26,FC Augsburg,RB Leipzig,2027-03-12T00:00:00+00:00,0.2867,0.2983,0.4149,0.3004,0.252,0.4476,,,,False,early_week_mode,weekly_update_20260916T200937Z_a0bb3221,0.1.0-phase1,2026-09-16T20:09:37+00:00
BUNDESLIGA2627_MW26_232_EintrachtFrankfurt_SCPaderborn07,26,Eintracht Frankfurt,SC Paderborn 07,2027-03-12T00:00:00+00:00,0.5945,0.2295,0.176,0.5232,0.3937,0.0831,,,,False,early_week_mode,weekly_update_20260916T200937Z_a0bb3221,0.1.0-phase1,2026-09-16T20:09:37+00:00
BUNDESLIGA2627_MW26_233_Bayer04Leverkusen_1.FCKöln,26,Bayer 04 Leverkusen,1. FC Köln,2027-03-12T00:00:00+00:00,0.6654,0.2025,0.1321,0.7222,0.1648,0.1131,,,,False,early_week_mode,weekly_update_20260916T200937Z_a0bb3221,0.1.0-phase1,2026-09-16T20:09:37+00:00
BUNDESLIGA2627_MW26_234_FCBayernMünchen_1.FSVMainz05,26,FC Bayern München,1. FSV Mainz 05,2027-03-12T00:00:00+00:00,0.7484,0.1597,0.0919,0.7862,0.1325,0.0813,,,,False,early_week_mode,weekly_update_20260916T200937Z_a0bb3221,0.1.0-phase1,2026-09-16T20:09:37+00:00
BUNDESLIGA2627_MW27_235_SCPaderborn07_Bayer04Leverkusen,27,SC Paderborn 07,Bayer 04 Leverkusen,2027-03-19T00:00:00+00:00,0.1738,0.1922,0.6339,0.0738,0.4103,0.5158,,,,False,early_week_mode,weekly_update_20260916T200937Z_a0bb3221,0.1.0-phase1,2026-09-16T20:09:37+00:00
BUNDESLIGA2627_MW27_236_1.FCKöln_FCBayernMünchen,27,1. FC Köln,FC Bayern München,2027-03-19T00:00:00+00:00,0.1164,0.1944,0.6892,0.0836,0.1219,0.7945,,,,False,early_week_mode,weekly_update_20260916T200937Z_a0bb3221,0.1.0-phase1,2026-09-16T20:09:37+00:00
BUNDESLIGA2627_MW27_237_HamburgerSV_SVWerderBremen,27,Hamburger SV,SV Werder Bremen,2027-03-19T00:00:00+00:00,0.3806,0.2685,0.3509,0.3792,0.2825,0.3383,,,,False,early_week_mode,weekly_update_20260916T200937Z_a0bb3221,0.1.0-phase1,2026-09-16T20:09:37+00:00
BUNDESLIGA2627_MW27_238_1.FSVMainz05_FCAugsburg,27,1. FSV Mainz 05,FC Augsburg,2027-03-19T00:00:00+00:00,0.4681,0.2754,0.2565,0.4933,0.2606,0.2461,,,,False,early_week_mode,weekly_update_20260916T200937Z_a0bb3221,0.1.0-phase1,2026-09-16T20:09:37+00:00
BUNDESLIGA2627_MW27_239_Sport-ClubFreiburg_SVElversberg,27,Sport-Club Freiburg,SV Elversberg,2027-03-19T00:00:00+00:00,0.3019,0.256,0.4421,0.355,0.1718,0.4732,,,,False,early_week_mode,weekly_update_20260916T200937Z_a0bb3221,0.1.0-phase1,2026-09-16T20:09:37+00:00
BUNDESLIGA2627_MW27_240_TSGHoffenheim_EintrachtFrankfurt,27,TSG Hoffenheim,Eintracht Frankfurt,2027-03-19T00:00:00+00:00,0.4675,0.2597,0.2728,0.4762,0.2132,0.3106,,,,False,early_week_mode,weekly_update_20260916T200937Z_a0bb3221,0.1.0-phase1,2026-09-16T20:09:37+00:00
BUNDESLIGA2627_MW27_241_VfBStuttgart_FCSchalke04,27,VfB Stuttgart,FC Schalke 04,2027-03-19T00:00:00+00:00,0.5874,0.274,0.1385,0.7858,0.1619,0.0523,,,,False,early_week_mode,weekly_update_20260916T200937Z_a0bb3221,0.1.0-phase1,2026-09-16T20:09:37+00:00
BUNDESLIGA2627_MW27_242_RBLeipzig_1.FCUnionBerlin,27,RB Leipzig,1. FC Union Berlin,2027-03-19T00:00:00+00:00,0.631,0.209,0.16,0.6366,0.2078,0.1556,,,,False,early_week_mode,weekly_update_20260916T200937Z_a0bb3221,0.1.0-phase1,2026-09-16T20:09:37+00:00
BUNDESLIGA2627_MW27_243_BorussiaDortmund_BorussiaMönchengladbach,27,Borussia Dortmund,Borussia Mönchengladbach,2027-03-19T00:00:00+00:00,0.6582,0.2061,0.1357,0.6867,0.1888,0.1245,,,,False,early_week_mode,weekly_update_20260916T200937Z_a0bb3221,0.1.0-phase1,2026-09-16T20:09:37+00:00
BUNDESLIGA2627_MW28_244_SVElversberg_1.FCKöln,28,SV Elversberg,1. FC Köln,2027-04-02T00:00:00+00:00,0.6688,0.2162,0.115,0.7683,0.1098,0.1219,,,,False,early_week_mode,weekly_update_20260916T200937Z_a0bb3221,0.1.0-phase1,2026-09-16T20:09:37+00:00
BUNDESLIGA2627_MW28_245_FCSchalke04_SCPaderborn07,28,FC Schalke 04,SC Paderborn 07,2027-04-02T00:00:00+00:00,0.4711,0.2457,0.2832,0.197,0.6663,0.1367,,,,False,early_week_mode,weekly_update_20260916T200937Z_a0bb3221,0.1.0-phase1,2026-09-16T20:09:37+00:00
BUNDESLIGA2627_MW28_246_BorussiaMönchengladbach_SVWerderBremen,28,Borussia Mönchengladbach,SV Werder Bremen,2027-04-02T00:00:00+00:00,0.4978,0.2411,0.2611,0.4704,0.2611,0.2686,,,,False,early_week_mode,weekly_update_20260916T200937Z_a0bb3221,0.1.0-phase1,2026-09-16T20:09:37+00:00
BUNDESLIGA2627_MW28_247_1.FCUnionBerlin_1.FSVMainz05,28,1. FC Union Berlin,1. FSV Mainz 05,2027-04-02T00:00:00+00:00,0.3459,0.2592,0.3949,0.3128,0.2775,0.4097,,,,False,early_week_mode,weekly_update_20260916T200937Z_a0bb3221,0.1.0-phase1,2026-09-16T20:09:37+00:00
BUNDESLIGA2627_MW28_248_FCAugsburg_TSGHoffenheim,28,FC Augsburg,TSG Hoffenheim,2027-04-02T00:00:00+00:00,0.3771,0.302,0.3209,0.3997,0.2428,0.3575,,,,False,early_week_mode,weekly_update_20260916T200937Z_a0bb3221,0.1.0-phase1,2026-09-16T20:09:37+00:00
BUNDESLIGA2627_MW28_249_EintrachtFrankfurt_VfBStuttgart,28,Eintracht Frankfurt,VfB Stuttgart,2027-04-02T00:00:00+00:00,0.3483,0.2597,0.392,0.3372,0.2168,0.446,,,,False,early_week_mode,weekly_update_20260916T200937Z_a0bb3221,0.1.0-phase1,2026-09-16T20:09:37+00:00
BUNDESLIGA2627_MW28_250_Bayer04Leverkusen_BorussiaDortmund,28,Bayer 04 Leverkusen,Borussia Dortmund,2027-04-02T00:00:00+00:00,0.3722,0.2784,0.3494,0.4102,0.2516,0.3382,,,,False,early_week_mode,weekly_update_20260916T200937Z_a0bb3221,0.1.0-phase1,2026-09-16T20:09:37+00:00
BUNDESLIGA2627_MW28_251_RBLeipzig_Sport-ClubFreiburg,28,RB Leipzig,Sport-Club Freiburg,2027-04-02T00:00:00+00:00,0.5687,0.2207,0.2106,0.5565,0.2241,0.2193,,,,False,early_week_mode,weekly_update_20260916T200937Z_a0bb3221,0.1.0-phase1,2026-09-16T20:09:37+00:00
BUNDESLIGA2627_MW28_252_FCBayernMünchen_HamburgerSV,28,FC Bayern München,Hamburger SV,2027-04-02T00:00:00+00:00,0.7983,0.1381,0.0637,0.8895,0.0772,0.0333,,,,False,early_week_mode,weekly_update_20260916T200937Z_a0bb3221,0.1.0-phase1,2026-09-16T20:09:37+00:00
BUNDESLIGA2627_MW29_253_SCPaderborn07_FCBayernMünchen,29,SC Paderborn 07,FC Bayern München,2027-04-09T00:00:00+00:00,0.1054,0.1353,0.7593,0.0422,0.2776,0.6802,,,,False,early_week_mode,weekly_update_20260916T200937Z_a0bb3221,0.1.0-phase1,2026-09-16T20:09:37+00:00
BUNDESLIGA2627_MW29_254_SVWerderBremen_EintrachtFrankfurt,29,SV Werder Bremen,Eintracht Frankfurt,2027-04-09T00:00:00+00:00,0.3528,0.3052,0.342,0.3588,0.2437,0.3975,,,,False,early_week_mode,weekly_update_20260916T200937Z_a0bb3221,0.1.0-phase1,2026-09-16T20:09:37+00:00
BUNDESLIGA2627_MW29_255_1.FCKöln_FCAugsburg,29,1. FC Köln,FC Augsburg,2027-04-09T00:00:00+00:00,0.366,0.2828,0.3513,0.3918,0.2556,0.3525,,,,False,early_week_mode,weekly_update_20260916T200937Z_a0bb3221,0.1.0-phase1,2026-09-16T20:09:37+00:00
BUNDESLIGA2627_MW29_256_HamburgerSV_1.FCUnionBerlin,29,Hamburger SV,1. FC Union Berlin,2027-04-09T00:00:00+00:00,0.3661,0.2964,0.3376,0.3854,0.2843,0.3303,,,,False,early_week_mode,weekly_update_20260916T200937Z_a0bb3221,0.1.0-phase1,2026-09-16T20:09:37+00:00
BUNDESLIGA2627_MW29_257_BorussiaMönchengladbach_Bayer04Leverkusen,29,Borussia Mönchengladbach,Bayer 04 Leverkusen,2027-04-09T00:00:00+00:00,0.2669,0.2658,0.4673,0.2356,0.2387,0.5257,,,,False,early_week_mode,weekly_update_20260916T200937Z_a0bb3221,0.1.0-phase1,2026-09-16T20:09:37+00:00
BUNDESLIGA2627_MW29_258_1.FSVMainz05_RBLeipzig,29,1. FSV Mainz 05,RB Leipzig,2027-04-09T00:00:00+00:00,0.3205,0.312,0.3676,0.362,0.2627,0.3752,,,,False,early_week_mode,weekly_update_20260916T200937Z_a0bb3221,0.1.0-phase1,2026-09-16T20:09:37+00:00
BUNDESLIGA2627_MW29_259_TSGHoffenheim_Sport-ClubFreiburg,29,TSG Hoffenheim,Sport-Club Freiburg,2027-04-09T00:00:00+00:00,0.4546,0.2501,0.2953,0.4648,0.2302,0.305,,,,False,early_week_mode,weekly_update_20260916T200937Z_a0bb3221,0.1.0-phase1,2026-09-16T20:09:37+00:00
BUNDESLIGA2627_MW29_260_VfBStuttgart_SVElversberg,29,VfB Stuttgart,SV Elversberg,2027-04-09T00:00:00+00:00,0.3836,0.2764,0.34,0.5275,0.158,0.3144,,,,False,early_week_mode,weekly_update_20260916T200937Z_a0bb3221,0.1.0-phase1,2026-09-16T20:09:37+00:00
BUNDESLIGA2627_MW29_261_BorussiaDortmund_FCSchalke04,29,Borussia Dortmund,FC Schalke 04,2027-04-09T00:00:00+00:00,0.6839,0.2216,0.0946,0.8119,0.1502,0.0379,,,,False,early_week_mode,weekly_update_20260916T200937Z_a0bb3221,0.1.0-phase1,2026-09-16T20:09:37+00:00
BUNDESLIGA2627_MW30_262_SVElversberg_SCPaderborn07,30,SV Elversberg,SC Paderborn 07,2027-04-16T00:00:00+00:00,0.7362,0.1758,0.0881,0.7384,0.2085,0.0531,,,,False,early_week_mode,weekly_update_20260916T200937Z_a0bb3221,0.1.0-phase1,2026-09-16T20:09:37+00:00
BUNDESLIGA2627_MW30_263_FCSchalke04_HamburgerSV,30,FC Schalke 04,Hamburger SV,2027-04-16T00:00:00+00:00,0.3723,0.2728,0.3549,0.2081,0.3566,0.4353,,,,False,early_week_mode,weekly_update_20260916T200937Z_a0bb3221,0.1.0-phase1,2026-09-16T20:09:37+00:00
BUNDESLIGA2627_MW30_264_1.FCUnionBerlin_VfBStuttgart,30,1. FC Union Berlin,VfB Stuttgart,2027-04-16T00:00:00+00:00,0.2821,0.2669,0.4511,0.2425,0.2309,0.5266,,,,False,early_week_mode,weekly_update_20260916T200937Z_a0bb3221,0.1.0-phase1,2026-09-16T20:09:37+00:00
BUNDESLIGA2627_MW30_265_FCAugsburg_BorussiaDortmund,30,FC Augsburg,Borussia Dortmund,2027-04-16T00:00:00+00:00,0.223,0.2611,0.5159,0.214,0.2378,0.5482,,,,False,early_week_mode,weekly_update_20260916T200937Z_a0bb3221,0.1.0-phase1,2026-09-16T20:09:37+00:00
BUNDESLIGA2627_MW30_266_EintrachtFrankfurt_BorussiaMönchengladbach,30,Eintracht Frankfurt,Borussia Mönchengladbach,2027-04-16T00:00:00+00:00,0.4612,0.2535,0.2853,0.5014,0.23,0.2686,,,,False,early_week_mode,weekly_update_20260916T200937Z_a0bb3221,0.1.0-phase1,2026-09-16T20:09:37+00:00
BUNDESLIGA2627_MW30_267_Sport-ClubFreiburg_1.FSVMainz05,30,Sport-Club Freiburg,1. FSV Mainz 05,2027-04-16T00:00:00+00:00,0.4273,0.2578,0.3149,0.4043,0.2654,0.3303,,,,False,early_week_mode,weekly_update_20260916T200937Z_a0bb3221,0.1.0-phase1,2026-09-16T20:09:37+00:00
BUNDESLIGA2627_MW30_268_Bayer04Leverkusen_SVWerderBremen,30,Bayer 04 Leverkusen,SV Werder Bremen,2027-04-16T00:00:00+00:00,0.6603,0.1992,0.1405,0.6983,0.1827,0.119,,,,False,early_week_mode,weekly_update_20260916T200937Z_a0bb3221,0.1.0-phase1,2026-09-16T20:09:37+00:00
BUNDESLIGA2627_MW30_269_RBLeipzig_1.FCKöln,30,RB Leipzig,1. FC Köln,2027-04-16T00:00:00+00:00,0.6584,0.192,0.1496,0.6537,0.1911,0.1552,,,,False,early_week_mode,weekly_update_20260916T200937Z_a0bb3221,0.1.0-phase1,2026-09-16T20:09:37+00:00
BUNDESLIGA2627_MW30_270_FCBayernMünchen_TSGHoffenheim,30,FC Bayern München,TSG Hoffenheim,2027-04-16T00:00:00+00:00,0.7432,0.1746,0.0822,0.8431,0.0948,0.0621,,,,False,early_week_mode,weekly_update_20260916T200937Z_a0bb3221,0.1.0-phase1,2026-09-16T20:09:37+00:00
BUNDESLIGA2627_MW31_271_SCPaderborn07_FCAugsburg,31,SC Paderborn 07,FC Augsburg,2027-04-23T00:00:00+00:00,0.2612,0.2327,0.5061,0.1234,0.505,0.3716,,,,False,early_week_mode,weekly_update_20260916T200937Z_a0bb3221,0.1.0-phase1,2026-09-16T20:09:37+00:00
BUNDESLIGA2627_MW31_272_SVWerderBremen_FCBayernMünchen,31,SV Werder Bremen,FC Bayern München,2027-04-23T00:00:00+00:00,0.1213,0.1996,0.6791,0.0901,0.1379,0.772,,,,False,early_week_mode,weekly_update_20260916T200937Z_a0bb3221,0.1.0-phase1,2026-09-16T20:09:37+00:00
BUNDESLIGA2627_MW31_273_1.FCKöln_1.FSVMainz05,31,1. FC Köln,1. FSV Mainz 05,2027-04-23T00:00:00+00:00,0.3254,0.2744,0.4003,0.3234,0.26,0.4167,,,,False,early_week_mode,weekly_update_20260916T200937Z_a0bb3221,0.1.0-phase1,2026-09-16T20:09:37+00:00
BUNDESLIGA2627_MW31_274_HamburgerSV_SVElversberg,31,Hamburger SV,SV Elversberg,2027-04-23T00:00:00+00:00,0.1916,0.2085,0.5999,0.208,0.1583,0.6337,,,,False,early_week_mode,weekly_update_20260916T200937Z_a0bb3221,0.1.0-phase1,2026-09-16T20:09:37+00:00
BUNDESLIGA2627_MW31_275_BorussiaMönchengladbach_FCSchalke04,31,Borussia Mönchengladbach,FC Schalke 04,2027-04-23T00:00:00+00:00,0.5366,0.2579,0.2055,0.6256,0.2677,0.1067,,,,False,early_week_mode,weekly_update_20260916T200937Z_a0bb3221,0.1.0-phase1,2026-09-16T20:09:37+00:00
BUNDESLIGA2627_MW31_276_EintrachtFrankfurt_Bayer04Leverkusen,31,Eintracht Frankfurt,Bayer 04 Leverkusen,2027-04-23T00:00:00+00:00,0.2828,0.2541,0.4631,0.2768,0.222,0.5012,,,,False,early_week_mode,weekly_update_20260916T200937Z_a0bb3221,0.1.0-phase1,2026-09-16T20:09:37+00:00
BUNDESLIGA2627_MW31_277_TSGHoffenheim_1.FCUnionBerlin,31,TSG Hoffenheim,1. FC Union Berlin,2027-04-23T00:00:00+00:00,0.5317,0.2424,0.2259,0.5546,0.2236,0.2218,,,,False,early_week_mode,weekly_update_20260916T200937Z_a0bb3221,0.1.0-phase1,2026-09-16T20:09:37+00:00
BUNDESLIGA2627_MW31_278_VfBStuttgart_Sport-ClubFreiburg,31,VfB Stuttgart,Sport-Club Freiburg,2027-04-23T00:00:00+00:00,0.5101,0.261,0.2289,0.5866,0.2069,0.2066,,,,False,early_week_mode,weekly_update_20260916T200937Z_a0bb3221,0.1.0-phase1,2026-09-16T20:09:37+00:00
BUNDESLIGA2627_MW31_279_BorussiaDortmund_RBLeipzig,31,Borussia Dortmund,RB Leipzig,2027-04-23T00:00:00+00:00,0.5125,0.2718,0.2157,0.5537,0.227,0.2193,,,,False,early_week_mode,weekly_update_20260916T200937Z_a0bb3221,0.1.0-phase1,2026-09-16T20:09:37+00:00
BUNDESLIGA2627_MW32_280_SVElversberg_TSGHoffenheim,32,SV Elversberg,TSG Hoffenheim,2027-05-07T00:00:00+00:00,0.5818,0.2418,0.1764,0.6642,0.1346,0.2012,,,,False,early_week_mode,weekly_update_20260916T200937Z_a0bb3221,0.1.0-phase1,2026-09-16T20:09:37+00:00
BUNDESLIGA2627_MW32_281_FCSchalke04_EintrachtFrankfurt,32,FC Schalke 04,Eintracht Frankfurt,2027-05-07T00:00:00+00:00,0.2765,0.2616,0.4619,0.1424,0.265,0.5925,,,,False,early_week_mode,weekly_update_20260916T200937Z_a0bb3221,0.1.0-phase1,2026-09-16T20:09:37+00:00
BUNDESLIGA2627_MW32_282_1.FCUnionBerlin_SVWerderBremen,32,1. FC Union Berlin,SV Werder Bremen,2027-05-07T00:00:00+00:00,0.4433,0.2492,0.3075,0.4182,0.273,0.3088,,,,False,early_week_mode,weekly_update_20260916T200937Z_a0bb3221,0.1.0-phase1,2026-09-16T20:09:37+00:00
BUNDESLIGA2627_MW32_283_1.FSVMainz05_BorussiaDortmund,32,1. FSV Mainz 05,Borussia Dortmund,2027-05-07T00:00:00+00:00,0.2537,0.2779,0.4684,0.2674,0.2596,0.473,,,,False,early_week_mode,weekly_update_20260916T200937Z_a0bb3221,0.1.0-phase1,2026-09-16T20:09:37+00:00
BUNDESLIGA2627_MW32_284_FCAugsburg_VfBStuttgart,32,FC Augsburg,VfB Stuttgart,2027-05-07T00:00:00+00:00,0.3184,0.2835,0.3981,0.2896,0.2371,0.4733,,,,False,early_week_mode,weekly_update_20260916T200937Z_a0bb3221,0.1.0-phase1,2026-09-16T20:09:37+00:00
BUNDESLIGA2627_MW32_285_Sport-ClubFreiburg_1.FCKöln,32,Sport-Club Freiburg,1. FC Köln,2027-05-07T00:00:00+00:00,0.5328,0.2471,0.2201,0.5403,0.2275,0.2322,,,,False,early_week_mode,weekly_update_20260916T200937Z_a0bb3221,0.1.0-phase1,2026-09-16T20:09:37+00:00
BUNDESLIGA2627_MW32_286_Bayer04Leverkusen_HamburgerSV,32,Bayer 04 Leverkusen,Hamburger SV,2027-05-07T00:00:00+00:00,0.6809,0.1972,0.1219,0.7265,0.174,0.0995,,,,False,early_week_mode,weekly_update_20260916T200937Z_a0bb3221,0.1.0-phase1,2026-09-16T20:09:37+00:00
BUNDESLIGA2627_MW32_287_RBLeipzig_SCPaderborn07,32,RB Leipzig,SC Paderborn 07,2027-05-07T00:00:00+00:00,0.6797,0.1992,0.1211,0.5585,0.3797,0.0618,,,,False,early_week_mode,weekly_update_20260916T200937Z_a0bb3221,0.1.0-phase1,2026-09-16T20:09:37+00:00
BUNDESLIGA2627_MW32_288_FCBayernMünchen_BorussiaMönchengladbach,32,FC Bayern München,Borussia Mönchengladbach,2027-05-07T00:00:00+00:00,0.7608,0.1603,0.0789,0.8499,0.0976,0.0525,,,,False,early_week_mode,weekly_update_20260916T200937Z_a0bb3221,0.1.0-phase1,2026-09-16T20:09:37+00:00
BUNDESLIGA2627_MW33_289_SCPaderborn07_1.FCUnionBerlin,33,SC Paderborn 07,1. FC Union Berlin,2027-05-14T00:00:00+00:00,0.2898,0.2562,0.454,0.137,0.5252,0.3378,,,,False,early_week_mode,weekly_update_20260916T200937Z_a0bb3221,0.1.0-phase1,2026-09-16T20:09:37+00:00
BUNDESLIGA2627_MW33_290_SVWerderBremen_FCSchalke04,33,SV Werder Bremen,FC Schalke 04,2027-05-14T00:00:00+00:00,0.4879,0.2725,0.2395,0.5884,0.2887,0.1229,,,,False,early_week_mode,weekly_update_20260916T200937Z_a0bb3221,0.1.0-phase1,2026-09-16T20:09:37+00:00
BUNDESLIGA2627_MW33_291_HamburgerSV_Sport-ClubFreiburg,33,Hamburger SV,Sport-Club Freiburg,2027-05-14T00:00:00+00:00,0.2954,0.2881,0.4166,0.3084,0.2686,0.4229,,,,False,early_week_mode,weekly_update_20260916T200937Z_a0bb3221,0.1.0-phase1,2026-09-16T20:09:37+00:00
BUNDESLIGA2627_MW33_292_BorussiaMönchengladbach_FCAugsburg,33,Borussia Mönchengladbach,FC Augsburg,2027-05-14T00:00:00+00:00,0.4403,0.2605,0.2992,0.4278,0.265,0.3073,,,,False,early_week_mode,weekly_update_20260916T200937Z_a0bb3221,0.1.0-phase1,2026-09-16T20:09:37+00:00
BUNDESLIGA2627_MW33_293_EintrachtFrankfurt_SVElversberg,33,Eintracht Frankfurt,SV Elversberg,2027-05-14T00:00:00+00:00,0.2936,0.2377,0.4687,0.3604,0.161,0.4786,,,,False,early_week_mode,weekly_update_20260916T200937Z_a0bb3221,0.1.0-phase1,2026-09-16T20:09:37+00:00
BUNDESLIGA2627_MW33_294_Bayer04Leverkusen_FCBayernMünchen,33,Bayer 04 Leverkusen,FC Bayern München,2027-05-14T00:00:00+00:00,0.2397,0.2549,0.5054,0.2725,0.2129,0.5147,,,,False,early_week_mode,weekly_update_20260916T200937Z_a0bb3221,0.1.0-phase1,2026-09-16T20:09:37+00:00
BUNDESLIGA2627_MW33_295_TSGHoffenheim_1.FSVMainz05,33,TSG Hoffenheim,1. FSV Mainz 05,2027-05-14T00:00:00+00:00,0.4495,0.236,0.3145,0.4237,0.247,0.3293,,,,False,early_week_mode,weekly_update_20260916T200937Z_a0bb3221,0.1.0-phase1,2026-09-16T20:09:37+00:00
BUNDESLIGA2627_MW33_296_VfBStuttgart_RBLeipzig,33,VfB Stuttgart,RB Leipzig,2027-05-14T00:00:00+00:00,0.3889,0.2961,0.315,0.4747,0.2266,0.2987,,,,False,early_week_mode,weekly_update_20260916T200937Z_a0bb3221,0.1.0-phase1,2026-09-16T20:09:37+00:00
BUNDESLIGA2627_MW33_297_BorussiaDortmund_1.FCKöln,33,Borussia Dortmund,1. FC Köln,2027-05-14T00:00:00+00:00,0.7116,0.1801,0.1084,0.7439,0.1573,0.0988,,,,False,early_week_mode,weekly_update_20260916T200937Z_a0bb3221,0.1.0-phase1,2026-09-16T20:09:37+00:00
BUNDESLIGA2627_MW34_298_SVElversberg_SVWerderBremen,34,SV Elversberg,SV Werder Bremen,2027-05-22T13:30:00+00:00,0.6591,0.2186,0.1223,0.7499,0.121,0.1291,,,,False,early_week_mode,weekly_update_20260916T200937Z_a0bb3221,0.1.0-phase1,2026-09-16T20:09:37+00:00
BUNDESLIGA2627_MW34_299_FCSchalke04_Bayer04Leverkusen,34,FC Schalke 04,Bayer 04 Leverkusen,2027-05-22T13:30:00+00:00,0.1835,0.2137,0.6027,0.0769,0.217,0.706,,,,False,early_week_mode,weekly_update_20260916T200937Z_a0bb3221,0.1.0-phase1,2026-09-16T20:09:37+00:00
BUNDESLIGA2627_MW34_300_1.FCKöln_SCPaderborn07,34,1. FC Köln,SC Paderborn 07,2027-05-22T13:30:00+00:00,0.5209,0.2509,0.2282,0.442,0.4548,0.1032,,,,False,early_week_mode,weekly_update_20260916T200937Z_a0bb3221,0.1.0-phase1,2026-09-16T20:09:37+00:00
BUNDESLIGA2627_MW34_301_1.FCUnionBerlin_BorussiaMönchengladbach,34,1. FC Union Berlin,Borussia Mönchengladbach,2027-05-22T13:30:00+00:00,0.3858,0.2697,0.3446,0.3811,0.2724,0.3465,,,,False,early_week_mode,weekly_update_20260916T200937Z_a0bb3221,0.1.0-phase1,2026-09-16T20:09:37+00:00
BUNDESLIGA2627_MW34_302_1.FSVMainz05_VfBStuttgart,34,1. FSV Mainz 05,VfB Stuttgart,2027-05-22T13:30:00+00:00,0.3601,0.2914,0.3485,0.3536,0.2494,0.397,,,,False,early_week_mode,weekly_update_20260916T200937Z_a0bb3221,0.1.0-phase1,2026-09-16T20:09:37+00:00
BUNDESLIGA2627_MW34_303_FCAugsburg_HamburgerSV,34,FC Augsburg,Hamburger SV,2027-05-22T13:30:00+00:00,0.5171,0.2614,0.2215,0.5093,0.2612,0.2295,,,,False,early_week_mode,weekly_update_20260916T200937Z_a0bb3221,0.1.0-phase1,2026-09-16T20:09:37+00:00
BUNDESLIGA2627_MW34_304_Sport-ClubFreiburg_BorussiaDortmund,34,Sport-Club Freiburg,Borussia Dortmund,2027-05-22T13:30:00+00:00,0.2479,0.2624,0.4897,0.2452,0.2389,0.5159,,,,False,early_week_mode,weekly_update_20260916T200937Z_a0bb3221,0.1.0-phase1,2026-09-16T20:09:37+00:00
BUNDESLIGA2627_MW34_305_RBLeipzig_TSGHoffenheim,34,RB Leipzig,TSG Hoffenheim,2027-05-22T13:30:00+00:00,0.5593,0.2363,0.2044,0.5668,0.2086,0.2246,,,,False,early_week_mode,weekly_update_20260916T200937Z_a0bb3221,0.1.0-phase1,2026-09-16T20:09:37+00:00
BUNDESLIGA2627_MW34_306_FCBayernMünchen_EintrachtFrankfurt,34,FC Bayern München,Eintracht Frankfurt,2027-05-22T13:30:00+00:00,0.7548,0.167,0.0782,0.8487,0.0916,0.0596,,,,False,early_week_mode,weekly_update_20260916T200937Z_a0bb3221,0.1.0-phase1,2026-09-16T20:09:37+00:00
BUNDESLIGA2627_MW04_036_FCBayernMünchen_1.FCUnionBerlin,4,FC Bayern München,1. FC Union Berlin,2026-09-18T18:30:00+00:00,0.8453,0.103,0.0517,0.8874,0.0785,0.0341,0.8921,0.068,0.0399,True,early_week_mode,weekly_update_20260916T201000Z_f00d74fd,0.1.0-phase1,2026-09-16T20:10:00+00:00
BUNDESLIGA2627_MW04_030_SVWerderBremen_FCAugsburg,4,SV Werder Bremen,FC Augsburg,2026-09-19T13:30:00+00:00,0.3966,0.2643,0.339,0.381,0.2766,0.3423,0.4128,0.2453,0.3419,True,early_week_mode,weekly_update_20260916T201000Z_f00d74fd,0.1.0-phase1,2026-09-16T20:10:00+00:00
BUNDESLIGA2627_MW04_031_HamburgerSV_1.FCKöln,4,Hamburger SV,1. FC Köln,2026-09-19T13:30:00+00:00,0.3628,0.2689,0.3683,0.3634,0.2706,0.366,0.3528,0.2612,0.386,True,early_week_mode,weekly_update_20260916T201000Z_f00d74fd,0.1.0-phase1,2026-09-16T20:10:00+00:00
BUNDESLIGA2627_MW04_032_BorussiaMönchengladbach_1.FSVMainz05,4,Borussia Mönchengladbach,1. FSV Mainz 05,2026-09-19T13:30:00+00:00,0.3968,0.2596,0.3437,0.3589,0.2741,0.367,,,,False,early_week_mode,weekly_update_20260916T201000Z_f00d74fd,0.1.0-phase1,2026-09-16T20:10:00+00:00
BUNDESLIGA2627_MW04_033_EintrachtFrankfurt_Sport-ClubFreiburg,4,Eintracht Frankfurt,Sport-Club Freiburg,2026-09-19T13:30:00+00:00,0.4239,0.2618,0.3144,0.4526,0.2308,0.3166,,,,False,early_week_mode,weekly_update_20260916T201000Z_f00d74fd,0.1.0-phase1,2026-09-16T20:10:00+00:00
BUNDESLIGA2627_MW04_035_VfBStuttgart_BorussiaDortmund,4,VfB Stuttgart,Borussia Dortmund,2026-09-19T16:30:00+00:00,0.3542,0.2584,0.3874,0.3494,0.2416,0.409,0.4098,0.2495,0.3408,True,early_week_mode,weekly_update_20260916T201000Z_f00d74fd,0.1.0-phase1,2026-09-16T20:10:00+00:00
BUNDESLIGA2627_MW04_034_Bayer04Leverkusen_RBLeipzig,4,Bayer 04 Leverkusen,RB Leipzig,2026-09-20T13:30:00+00:00,0.435,0.2923,0.2727,0.5034,0.233,0.2636,,,,False,early_week_mode,weekly_update_20260916T201000Z_f00d74fd,0.1.0-phase1,2026-09-16T20:10:00+00:00
BUNDESLIGA2627_MW04_029_FCSchalke04_SVElversberg,4,FC Schalke 04,SV Elversberg,2026-09-20T15:30:00+00:00,0.3541,0.2471,0.3989,0.2258,0.2076,0.5666,0.4673,0.2587,0.274,True,early_week_mode,weekly_update_20260916T201000Z_f00d74fd,0.1.0-phase1,2026-09-16T20:10:00+00:00
BUNDESLIGA2627_MW04_028_SCPaderborn07_TSGHoffenheim,4,SC Paderborn 07,TSG Hoffenheim,2026-09-20T17:30:00+00:00,0.1898,0.216,0.5942,0.0544,0.2858,0.6598,,,,False,early_week_mode,weekly_update_20260916T201000Z_f00d74fd,0.1.0-phase1,2026-09-16T20:10:00+00:00
BUNDESLIGA2627_MW05_037_SCPaderborn07_VfBStuttgart,5,SC Paderborn 07,VfB Stuttgart,2026-10-09T00:00:00+00:00,0.1691,0.1998,0.6311,0.038,0.2392,0.7228,,,,False,early_week_mode,weekly_update_20260916T201000Z_f00d74fd,0.1.0-phase1,2026-09-16T20:10:00+00:00
BUNDESLIGA2627_MW05_038_1.FCKöln_BorussiaMönchengladbach,5,1. FC Köln,Borussia Mönchengladbach,2026-10-09T00:00:00+00:00,0.3802,0.2903,0.3295,0.4207,0.2549,0.3244,,,,False,early_week_mode,weekly_update_20260916T201000Z_f00d74fd,0.1.0-phase1,2026-09-16T20:10:00+00:00
BUNDESLIGA2627_MW05_039_1.FCUnionBerlin_SVElversberg,5,1. FC Union Berlin,SV Elversberg,2026-10-09T00:00:00+00:00,0.3415,0.2367,0.4219,0.2361,0.1914,0.5725,0.4405,0.248,0.3115,True,early_week_mode,weekly_update_20260916T201000Z_f00d74fd,0.1.0-phase1,2026-09-16T20:10:00+00:00
BUNDESLIGA2627_MW05_040_1.FSVMainz05_Bayer04Leverkusen,5,1. FSV Mainz 05,Bayer 04 Leverkusen,2026-10-09T00:00:00+00:00,0.29,0.2781,0.4319,0.2857,0.2579,0.4564,,,,False,early_week_mode,weekly_update_20260916T201000Z_f00d74fd,0.1.0-phase1,2026-09-16T20:10:00+00:00
BUNDESLIGA2627_MW05_041_FCAugsburg_FCBayernMünchen,5,FC Augsburg,FC Bayern München,2026-10-09T00:00:00+00:00,0.121,0.1603,0.7187,0.1122,0.1602,0.7276,0.1018,0.1211,0.7772,True,early_week_mode,weekly_update_20260916T201000Z_f00d74fd,0.1.0-phase1,2026-09-16T20:10:00+00:00
BUNDESLIGA2627_MW05_042_Sport-ClubFreiburg_FCSchalke04,5,Sport-Club Freiburg,FC Schalke 04,2026-10-09T00:00:00+00:00,0.5101,0.2838,0.2061,0.5573,0.2527,0.19,,,,False,early_week_mode,weekly_update_20260916T201000Z_f00d74fd,0.1.0-phase1,2026-09-16T20:10:00+00:00
BUNDESLIGA2627_MW05_043_TSGHoffenheim_HamburgerSV,5,TSG Hoffenheim,Hamburger SV,2026-10-09T00:00:00+00:00,0.6553,0.1966,0.1482,0.6311,0.207,0.1619,0.6961,0.1761,0.1277,True,early_week_mode,weekly_update_20260916T201000Z_f00d74fd,0.1.0-phase1,2026-09-16T20:10:00+00:00
BUNDESLIGA2627_MW05_044_RBLeipzig_EintrachtFrankfurt,5,RB Leipzig,Eintracht Frankfurt,2026-10-09T00:00:00+00:00,0.6068,0.208,0.1852,0.5861,0.2034,0.2105,0.6302,0.1906,0.1792,True,early_week_mode,weekly_update_20260916T201000Z_f00d74fd,0.1.0-phase1,2026-09-16T20:10:00+00:00
BUNDESLIGA2627_MW05_045_BorussiaDortmund_SVWerderBremen,5,Borussia Dortmund,SV Werder Bremen,2026-10-09T00:00:00+00:00,0.6883,0.1802,0.1315,0.7228,0.1767,0.1006,0.6657,0.1822,0.1521,True,early_week_mode,weekly_update_20260916T201000Z_f00d74fd,0.1.0-phase1,2026-09-16T20:10:00+00:00
BUNDESLIGA2627_MW06_046_SVElversberg_FCAugsburg,6,SV Elversberg,FC Augsburg,2026-10-16T00:00:00+00:00,0.5809,0.241,0.1781,0.6592,0.1671,0.1737,,,,False,early_week_mode,weekly_update_20260916T201000Z_f00d74fd,0.1.0-phase1,2026-09-16T20:10:00+00:00
BUNDESLIGA2627_MW06_047_FCSchalke04_1.FSVMainz05,6,FC Schalke 04,1. FSV Mainz 05,2026-10-16T00:00:00+00:00,0.3367,0.2674,0.3958,0.304,0.3029,0.3932,,,,False,early_week_mode,weekly_update_20260916T201000Z_f00d74fd,0.1.0-phase1,2026-09-16T20:10:00+00:00
BUNDESLIGA2627_MW06_048_SVWerderBremen_SCPaderborn07,6,SV Werder Bremen,SC Paderborn 07,2026-10-16T00:00:00+00:00,0.5809,0.2434,0.1757,0.6333,0.3185,0.0482,,,,False,early_week_mode,weekly_update_20260916T201000Z_f00d74fd,0.1.0-phase1,2026-09-16T20:10:00+00:00
BUNDESLIGA2627_MW06_049_HamburgerSV_VfBStuttgart,6,Hamburger SV,VfB Stuttgart,2026-10-16T00:00:00+00:00,0.2277,0.2688,0.5034,0.1924,0.2225,0.5851,,,,False,early_week_mode,weekly_update_20260916T201000Z_f00d74fd,0.1.0-phase1,2026-09-16T20:10:00+00:00
BUNDESLIGA2627_MW06_050_BorussiaMönchengladbach_TSGHoffenheim,6,Borussia Mönchengladbach,TSG Hoffenheim,2026-10-16T00:00:00+00:00,0.364,0.2827,0.3533,0.3674,0.2432,0.3895,,,,False,early_week_mode,weekly_update_20260916T201000Z_f00d74fd,0.1.0-phase1,2026-09-16T20:10:00+00:00
BUNDESLIGA2627_MW06_051_1.FCUnionBerlin_BorussiaDortmund,6,1. FC Union Berlin,Borussia Dortmund,2026-10-16T00:00:00+00:00,0.181,0.2313,0.5877,0.1668,0.2222,0.611,,,,False,early_week_mode,weekly_update_20260916T201000Z_f00d74fd,0.1.0-phase1,2026-09-16T20:10:00+00:00
BUNDESLIGA2627_MW06_052_EintrachtFrankfurt_1.FCKöln,6,Eintracht Frankfurt,1. FC Köln,2026-10-16T00:00:00+00:00,0.5501,0.2364,0.2135,0.5824,0.2064,0.2112,,,,False,early_week_mode,weekly_update_20260916T201000Z_f00d74fd,0.1.0-phase1,2026-09-16T20:10:00+00:00
BUNDESLIGA2627_MW06_053_Bayer04Leverkusen_Sport-ClubFreiburg,6,Bayer 04 Leverkusen,Sport-Club Freiburg,2026-10-16T00:00:00+00:00,0.5644,0.2387,0.1969,0.6065,0.2098,0.1837,,,,False,early_week_mode,weekly_update_20260916T201000Z_f00d74fd,0.1.0-phase1,2026-09-16T20:10:00+00:00
BUNDESLIGA2627_MW06_054_FCBayernMünchen_RBLeipzig,6,FC Bayern München,RB Leipzig,2026-10-16T00:00:00+00:00,0.6488,0.227,0.1241,0.735,0.1509,0.1141,,,,False,early_week_mode,weekly_update_20260916T201000Z_f00d74fd,0.1.0-phase1,2026-09-16T20:10:00+00:00
BUNDESLIGA2627_MW07_055_SCPaderborn07_HamburgerSV,7,SC Paderborn 07,Hamburger SV,2026-10-23T00:00:00+00:00,0.2963,0.2665,0.4371,0.0933,0.4259,0.4808,,,,False,early_week_mode,weekly_update_20260916T201000Z_f00d74fd,0.1.0-phase1,2026-09-16T20:10:00+00:00
BUNDESLIGA2627_MW07_056_1.FCKöln_FCSchalke04,7,1. FC Köln,FC Schalke 04,2026-10-23T00:00:00+00:00,0.4142,0.2758,0.3101,0.4472,0.2789,0.2739,,,,False,early_week_mode,weekly_update_20260916T201000Z_f00d74fd,0.1.0-phase1,2026-09-16T20:10:00+00:00
BUNDESLIGA2627_MW07_057_1.FSVMainz05_SVWerderBremen,7,1. FSV Mainz 05,SV Werder Bremen,2026-10-23T00:00:00+00:00,0.5063,0.2506,0.243,0.5119,0.2631,0.225,,,,False,early_week_mode,weekly_update_20260916T201000Z_f00d74fd,0.1.0-phase1,2026-09-16T20:10:00+00:00
BUNDESLIGA2627_MW07_058_FCAugsburg_1.FCUnionBerlin,7,FC Augsburg,1. FC Union Berlin,2026-10-23T00:00:00+00:00,0.4793,0.2832,0.2376,0.5027,0.2583,0.239,,,,False,early_week_mode,weekly_update_20260916T201000Z_f00d74fd,0.1.0-phase1,2026-09-16T20:10:00+00:00
BUNDESLIGA2627_MW07_059_Sport-ClubFreiburg_FCBayernMünchen,7,Sport-Club Freiburg,FC Bayern München,2026-10-23T00:00:00+00:00,0.1642,0.2198,0.616,0.1421,0.1717,0.6862,,,,False,early_week_mode,weekly_update_20260916T201000Z_f00d74fd,0.1.0-phase1,2026-09-16T20:10:00+00:00
BUNDESLIGA2627_MW07_060_TSGHoffenheim_Bayer04Leverkusen,7,TSG Hoffenheim,Bayer 04 Leverkusen,2026-10-23T00:00:00+00:00,0.3177,0.2535,0.4288,0.2976,0.2283,0.4741,,,,False,early_week_mode,weekly_update_20260916T201000Z_f00d74fd,0.1.0-phase1,2026-09-16T20:10:00+00:00
BUNDESLIGA2627_MW07_061_VfBStuttgart_BorussiaMönchengladbach,7,VfB Stuttgart,Borussia Mönchengladbach,2026-10-23T00:00:00+00:00,0.5484,0.2523,0.1993,0.6505,0.1921,0.1573,,,,False,early_week_mode,weekly_update_20260916T201000Z_f00d74fd,0.1.0-phase1,2026-09-16T20:10:00+00:00
BUNDESLIGA2627_MW07_062_RBLeipzig_SVElversberg,7,RB Leipzig,SV Elversberg,2026-10-23T00:00:00+00:00,0.5018,0.2391,0.2591,0.5007,0.1922,0.3072,,,,False,early_week_mode,weekly_update_20260916T201000Z_f00d74fd,0.1.0-phase1,2026-09-16T20:10:00+00:00
BUNDESLIGA2627_MW07_063_BorussiaDortmund_EintrachtFrankfurt,7,Borussia Dortmund,Eintracht Frankfurt,2026-10-23T00:00:00+00:00,0.6431,0.2156,0.1413,0.6747,0.1801,0.1452,,,,False,early_week_mode,weekly_update_20260916T201000Z_f00d74fd,0.1.0-phase1,2026-09-16T20:10:00+00:00
BUNDESLIGA2627_MW08_064_SVElversberg_1.FSVMainz05,8,SV Elversberg,1. FSV Mainz 05,2026-10-30T00:00:00+00:00,0.5472,0.2551,0.1976,0.6068,0.1855,0.2077,,,,False,early_week_mode,weekly_update_20260916T201000Z_f00d74fd,0.1.0-phase1,2026-09-16T20:10:00+00:00
BUNDESLIGA2627_MW08_065_FCSchalke04_RBLeipzig,8,FC Schalke 04,RB Leipzig,2026-10-30T00:00:00+00:00,0.2319,0.2387,0.5294,0.2205,0.2613,0.5182,,,,False,early_week_mode,weekly_update_20260916T201000Z_f00d74fd,0.1.0-phase1,2026-09-16T20:10:00+00:00
BUNDESLIGA2627_MW08_066_SVWerderBremen_TSGHoffenheim,8,SV Werder Bremen,TSG Hoffenheim,2026-10-30T00:00:00+00:00,0.3268,0.3023,0.3709,0.3494,0.2515,0.3991,,,,False,early_week_mode,weekly_update_20260916T201000Z_f00d74fd,0.1.0-phase1,2026-09-16T20:10:00+00:00
BUNDESLIGA2627_MW08_067_BorussiaMönchengladbach_SCPaderborn07,8,Borussia Mönchengladbach,SC Paderborn 07,2026-10-30T00:00:00+00:00,0.6166,0.2234,0.1599,0.6603,0.2942,0.0455,,,,False,early_week_mode,weekly_update_20260916T201000Z_f00d74fd,0.1.0-phase1,2026-09-16T20:10:00+00:00
BUNDESLIGA2627_MW08_068_1.FCUnionBerlin_1.FCKöln,8,1. FC Union Berlin,1. FC Köln,2026-10-30T00:00:00+00:00,0.4407,0.2548,0.3045,0.4265,0.2611,0.3123,,,,False,early_week_mode,weekly_update_20260916T201000Z_f00d74fd,0.1.0-phase1,2026-09-16T20:10:00+00:00
BUNDESLIGA2627_MW08_069_FCAugsburg_Sport-ClubFreiburg,8,FC Augsburg,Sport-Club Freiburg,2026-10-30T00:00:00+00:00,0.3766,0.282,0.3414,0.3853,0.2616,0.3531,,,,False,early_week_mode,weekly_update_20260916T201000Z_f00d74fd,0.1.0-phase1,2026-09-16T20:10:00+00:00
BUNDESLIGA2627_MW08_070_EintrachtFrankfurt_HamburgerSV,8,Eintracht Frankfurt,Hamburger SV,2026-10-30T00:00:00+00:00,0.5908,0.2308,0.1784,0.6371,0.2026,0.1603,,,,False,early_week_mode,weekly_update_20260916T201000Z_f00d74fd,0.1.0-phase1,2026-09-16T20:10:00+00:00
BUNDESLIGA2627_MW08_071_Bayer04Leverkusen_VfBStuttgart,8,Bayer 04 Leverkusen,VfB Stuttgart,2026-10-30T00:00:00+00:00,0.5212,0.2528,0.226,0.5235,0.2207,0.2558,,,,False,early_week_mode,weekly_update_20260916T201000Z_f00d74fd,0.1.0-phase1,2026-09-16T20:10:00+00:00
BUNDESLIGA2627_MW08_072_FCBayernMünchen_BorussiaDortmund,8,FC Bayern München,Borussia Dortmund,2026-10-30T00:00:00+00:00,0.6022,0.231,0.1667,0.6321,0.1928,0.1751,,,,False,early_week_mode,weekly_update_20260916T201000Z_f00d74fd,0.1.0-phase1,2026-09-16T20:10:00+00:00
BUNDESLIGA2627_MW09_073_SCPaderborn07_EintrachtFrankfurt,9,SC Paderborn 07,Eintracht Frankfurt,2026-11-06T00:00:00+00:00,0.1989,0.227,0.5742,0.0538,0.2787,0.6675,,,,False,early_week_mode,weekly_update_20260916T201000Z_f00d74fd,0.1.0-phase1,2026-09-16T20:10:00+00:00
BUNDESLIGA2627_MW09_074_1.FCKöln_Bayer04Leverkusen,9,1. FC Köln,Bayer 04 Leverkusen,2026-11-06T00:00:00+00:00,0.2184,0.2616,0.52,0.2049,0.2182,0.577,,,,False,early_week_mode,weekly_update_20260916T201000Z_f00d74fd,0.1.0-phase1,2026-09-16T20:10:00+00:00
BUNDESLIGA2627_MW09_075_HamburgerSV_BorussiaMönchengladbach,9,Hamburger SV,Borussia Mönchengladbach,2026-11-06T00:00:00+00:00,0.3315,0.2834,0.3851,0.3392,0.2766,0.3843,,,,False,early_week_mode,weekly_update_20260916T201000Z_f00d74fd,0.1.0-phase1,2026-09-16T20:10:00+00:00
BUNDESLIGA2627_MW09_076_1.FSVMainz05_FCBayernMünchen,9,1. FSV Mainz 05,FC Bayern München,2026-11-06T00:00:00+00:00,0.1509,0.2161,0.633,0.1363,0.1824,0.6812,,,,False,early_week_mode,weekly_update_20260916T201000Z_f00d74fd,0.1.0-phase1,2026-09-16T20:10:00+00:00
BUNDESLIGA2627_MW09_077_Sport-ClubFreiburg_1.FCUnionBerlin,9,Sport-Club Freiburg,1. FC Union Berlin,2026-11-06T00:00:00+00:00,0.5313,0.2676,0.2011,0.5693,0.2328,0.1979,,,,False,early_week_mode,weekly_update_20260916T201000Z_f00d74fd,0.1.0-phase1,2026-09-16T20:10:00+00:00
BUNDESLIGA2627_MW09_078_TSGHoffenheim_FCSchalke04,9,TSG Hoffenheim,FC Schalke 04,2026-11-06T00:00:00+00:00,0.5257,0.2673,0.207,0.565,0.2392,0.1958,,,,False,early_week_mode,weekly_update_20260916T201000Z_f00d74fd,0.1.0-phase1,2026-09-16T20:10:00+00:00
BUNDESLIGA2627_MW09_079_VfBStuttgart_SVWerderBremen,9,VfB Stuttgart,SV Werder Bremen,2026-11-06T00:00:00+00:00,0.5873,0.2275,0.1851,0.6533,0.1965,0.1502,,,,False,early_week_mode,weekly_update_20260916T201000Z_f00d74fd,0.1.0-phase1,2026-09-16T20:10:00+00:00
BUNDESLIGA2627_MW09_080_RBLeipzig_FCAugsburg,9,RB Leipzig,FC Augsburg,2026-11-06T00:00:00+00:00,0.6174,0.2035,0.1792,0.604,0.2175,0.1785,,,,False,early_week_mode,weekly_update_20260916T201000Z_f00d74fd,0.1.0-phase1,2026-09-16T20:10:00+00:00
BUNDESLIGA2627_MW09_081_BorussiaDortmund_SVElversberg,9,Borussia Dortmund,SV Elversberg,2026-11-06T00:00:00+00:00,0.5771,0.2376,0.1852,0.6078,0.1777,0.2145,,,,False,early_week_mode,weekly_update_20260916T201000Z_f00d74fd,0.1.0-phase1,2026-09-16T20:10:00+00:00
BUNDESLIGA2627_MW10_082_SVElversberg_Sport-ClubFreiburg,10,SV Elversberg,Sport-Club Freiburg,2026-11-20T00:00:00+00:00,0.5287,0.2525,0.2188,0.6045,0.176,0.2196,,,,False,early_week_mode,weekly_update_20260916T201000Z_f00d74fd,0.1.0-phase1,2026-09-16T20:10:00+00:00
BUNDESLIGA2627_MW10_083_FCSchalke04_VfBStuttgart,10,FC Schalke 04,VfB Stuttgart,2026-11-20T00:00:00+00:00,0.2752,0.2426,0.4822,0.228,0.252,0.52,,,,False,early_week_mode,weekly_update_20260916T201000Z_f00d74fd,0.1.0-phase1,2026-09-16T20:10:00+00:00
BUNDESLIGA2627_MW10_084_SVWerderBremen_HamburgerSV,10,SV Werder Bremen,Hamburger SV,2026-11-20T00:00:00+00:00,0.4914,0.2769,0.2317,0.5012,0.2682,0.2306,,,,False,early_week_mode,weekly_update_20260916T201000Z_f00d74fd,0.1.0-phase1,2026-09-16T20:10:00+00:00
BUNDESLIGA2627_MW10_085_BorussiaMönchengladbach_BorussiaDortmund,10,Borussia Mönchengladbach,Borussia Dortmund,2026-11-20T00:00:00+00:00,0.2053,0.2437,0.551,0.1899,0.2262,0.584,,,,False,early_week_mode,weekly_update_20260916T201000Z_f00d74fd,0.1.0-phase1,2026-09-16T20:10:00+00:00
BUNDESLIGA2627_MW10_086_1.FCUnionBerlin_RBLeipzig,10,1. FC Union Berlin,RB Leipzig,2026-11-20T00:00:00+00:00,0.2295,0.2668,0.5037,0.2313,0.2413,0.5273,,,,False,early_week_mode,weekly_update_20260916T201000Z_f00d74fd,0.1.0-phase1,2026-09-16T20:10:00+00:00
BUNDESLIGA2627_MW10_087_FCAugsburg_1.FSVMainz05,10,FC Augsburg,1. FSV Mainz 05,2026-11-20T00:00:00+00:00,0.407,0.2741,0.3188,0.3909,0.2778,0.3313,,,,False,early_week_mode,weekly_update_20260916T201000Z_f00d74fd,0.1.0-phase1,2026-09-16T20:10:00+00:00
BUNDESLIGA2627_MW10_088_EintrachtFrankfurt_TSGHoffenheim,10,Eintracht Frankfurt,TSG Hoffenheim,2026-11-20T00:00:00+00:00,0.421,0.28,0.2989,0.4739,0.2163,0.3098,,,,False,early_week_mode,weekly_update_20260916T201000Z_f00d74fd,0.1.0-phase1,2026-09-16T20:10:00+00:00
BUNDESLIGA2627_MW10_089_Bayer04Leverkusen_SCPaderborn07,10,Bayer 04 Leverkusen,SC Paderborn 07,2026-11-20T00:00:00+00:00,0.7125,0.1989,0.0886,0.8181,0.1645,0.0174,,,,False,early_week_mode,weekly_update_20260916T201000Z_f00d74fd,0.1.0-phase1,2026-09-16T20:10:00+00:00
BUNDESLIGA2627_MW10_090_FCBayernMünchen_1.FCKöln,10,FC Bayern München,1. FC Köln,2026-11-20T00:00:00+00:00,0.7946,0.1405,0.0648,0.8946,0.0718,0.0336,,,,False,early_week_mode,weekly_update_20260916T201000Z_f00d74fd,0.1.0-phase1,2026-09-16T20:10:00+00:00
BUNDESLIGA2627_MW11_091_SCPaderborn07_FCSchalke04,11,SC Paderborn 07,FC Schalke 04,2026-11-27T00:00:00+00:00,0.2629,0.2501,0.487,0.0808,0.4356,0.4836,,,,False,early_week_mode,weekly_update_20260916T201000Z_f00d74fd,0.1.0-phase1,2026-09-16T20:10:00+00:00
BUNDESLIGA2627_MW11_092_SVWerderBremen_BorussiaMönchengladbach,11,SV Werder Bremen,Borussia Mönchengladbach,2026-11-27T00:00:00+00:00,0.3945,0.2942,0.3113,0.4192,0.2697,0.3111,,,,False,early_week_mode,weekly_update_20260916T201000Z_f00d74fd,0.1.0-phase1,2026-09-16T20:10:00+00:00
BUNDESLIGA2627_MW11_093_1.FCKöln_SVElversberg,11,1. FC Köln,SV Elversberg,2026-11-27T00:00:00+00:00,0.2425,0.2237,0.5338,0.2472,0.1831,0.5697,,,,False,early_week_mode,weekly_update_20260916T201000Z_f00d74fd,0.1.0-phase1,2026-09-16T20:10:00+00:00
BUNDESLIGA2627_MW11_094_HamburgerSV_FCBayernMünchen,11,Hamburger SV,FC Bayern München,2026-11-27T00:00:00+00:00,0.104,0.1791,0.7169,0.0583,0.1152,0.8266,,,,False,early_week_mode,weekly_update_20260916T201000Z_f00d74fd,0.1.0-phase1,2026-09-16T20:10:00+00:00
BUNDESLIGA2627_MW11_095_1.FSVMainz05_1.FCUnionBerlin,11,1. FSV Mainz 05,1. FC Union Berlin,2026-11-27T00:00:00+00:00,0.4985,0.2805,0.221,0.535,0.2554,0.2097,,,,False,early_week_mode,weekly_update_20260916T201000Z_f00d74fd,0.1.0-phase1,2026-09-16T20:10:00+00:00
BUNDESLIGA2627_MW11_096_Sport-ClubFreiburg_RBLeipzig,11,Sport-Club Freiburg,RB Leipzig,2026-11-27T00:00:00+00:00,0.3213,0.2972,0.3815,0.3482,0.2478,0.404,,,,False,early_week_mode,weekly_update_20260916T201000Z_f00d74fd,0.1.0-phase1,2026-09-16T20:10:00+00:00
BUNDESLIGA2627_MW11_097_TSGHoffenheim_FCAugsburg,11,TSG Hoffenheim,FC Augsburg,2026-11-27T00:00:00+00:00,0.5039,0.2365,0.2596,0.5009,0.2355,0.2636,,,,False,early_week_mode,weekly_update_20260916T201000Z_f00d74fd,0.1.0-phase1,2026-09-16T20:10:00+00:00
BUNDESLIGA2627_MW11_098_VfBStuttgart_EintrachtFrankfurt,11,VfB Stuttgart,Eintracht Frankfurt,2026-11-27T00:00:00+00:00,0.5039,0.2646,0.2316,0.5865,0.1961,0.2174,,,,False,early_week_mode,weekly_update_20260916T201000Z_f00d74fd,0.1.0-phase1,2026-09-16T20:10:00+00:00
BUNDESLIGA2627_MW11_099_BorussiaDortmund_Bayer04Leverkusen,11,Borussia Dortmund,Bayer 04 Leverkusen,2026-11-27T00:00:00+00:00,0.5129,0.2494,0.2377,0.4958,0.2407,0.2635,,,,False,early_week_mode,weekly_update_20260916T201000Z_f00d74fd,0.1.0-phase1,2026-09-16T20:10:00+00:00
BUNDESLIGA2627_MW12_100_SVElversberg_VfBStuttgart,12,SV Elversberg,VfB Stuttgart,2026-12-04T00:00:00+00:00,0.4839,0.2524,0.2637,0.5015,0.1848,0.3138,,,,False,early_week_mode,weekly_update_20260916T201000Z_f00d74fd,0.1.0-phase1,2026-09-16T20:10:00+00:00
BUNDESLIGA2627_MW12_101_FCSchalke04_BorussiaDortmund,12,FC Schalke 04,Borussia Dortmund,2026-12-04T00:00:00+00:00,0.1824,0.2021,0.6155,0.1614,0.2423,0.5962,,,,False,early_week_mode,weekly_update_20260916T201000Z_f00d74fd,0.1.0-phase1,2026-09-16T20:10:00+00:00
BUNDESLIGA2627_MW12_102_1.FCUnionBerlin_HamburgerSV,12,1. FC Union Berlin,Hamburger SV,2026-12-04T00:00:00+00:00,0.4859,0.2565,0.2576,0.4823,0.2708,0.2469,,,,False,early_week_mode,weekly_update_20260916T201000Z_f00d74fd,0.1.0-phase1,2026-09-16T20:10:00+00:00
BUNDESLIGA2627_MW12_103_FCAugsburg_1.FCKöln,12,FC Augsburg,1. FC Köln,2026-12-04T00:00:00+00:00,0.4964,0.2622,0.2414,0.5031,0.2468,0.2501,,,,False,early_week_mode,weekly_update_20260916T201000Z_f00d74fd,0.1.0-phase1,2026-09-16T20:10:00+00:00
BUNDESLIGA2627_MW12_104_EintrachtFrankfurt_SVWerderBremen,12,Eintracht Frankfurt,SV Werder Bremen,2026-12-04T00:00:00+00:00,0.5376,0.2306,0.2318,0.5562,0.2242,0.2196,,,,False,early_week_mode,weekly_update_20260916T201000Z_f00d74fd,0.1.0-phase1,2026-09-16T20:10:00+00:00
BUNDESLIGA2627_MW12_105_Sport-ClubFreiburg_TSGHoffenheim,12,Sport-Club Freiburg,TSG Hoffenheim,2026-12-04T00:00:00+00:00,0.4287,0.2914,0.2799,0.4698,0.2319,0.2983,,,,False,early_week_mode,weekly_update_20260916T201000Z_f00d74fd,0.1.0-phase1,2026-09-16T20:10:00+00:00
BUNDESLIGA2627_MW12_106_Bayer04Leverkusen_BorussiaMönchengladbach,12,Bayer 04 Leverkusen,Borussia Mönchengladbach,2026-12-04T00:00:00+00:00,0.6172,0.2294,0.1534,0.6919,0.182,0.126,,,,False,early_week_mode,weekly_update_20260916T201000Z_f00d74fd,0.1.0-phase1,2026-09-16T20:10:00+00:00
BUNDESLIGA2627_MW12_107_RBLeipzig_1.FSVMainz05,12,RB Leipzig,1. FSV Mainz 05,2026-12-04T00:00:00+00:00,0.5925,0.2114,0.1961,0.5565,0.2365,0.207,,,,False,early_week_mode,weekly_update_20260916T201000Z_f00d74fd,0.1.0-phase1,2026-09-16T20:10:00+00:00
BUNDESLIGA2627_MW12_108_FCBayernMünchen_SCPaderborn07,12,FC Bayern München,SC Paderborn 07,2026-12-04T00:00:00+00:00,0.7916,0.1567,0.0517,0.9275,0.0672,0.0053,,,,False,early_week_mode,weekly_update_20260916T201000Z_f00d74fd,0.1.0-phase1,2026-09-16T20:10:00+00:00
BUNDESLIGA2627_MW13_109_SCPaderborn07_SVElversberg,13,SC Paderborn 07,SV Elversberg,2026-12-11T00:00:00+00:00,0.1432,0.18,0.6769,0.0318,0.167,0.8012,,,,False,early_week_mode,weekly_update_20260916T201000Z_f00d74fd,0.1.0-phase1,2026-09-16T20:10:00+00:00
BUNDESLIGA2627_MW13_110_SVWerderBremen_Bayer04Leverkusen,13,SV Werder Bremen,Bayer 04 Leverkusen,2026-12-11T00:00:00+00:00,0.2314,0.27,0.4987,0.2126,0.2368,0.5506,,,,False,early_week_mode,weekly_update_20260916T201000Z_f00d74fd,0.1.0-phase1,2026-09-16T20:10:00+00:00
BUNDESLIGA2627_MW13_111_1.FCKöln_RBLeipzig,13,1. FC Köln,RB Leipzig,2026-12-11T00:00:00+00:00,0.2251,0.2789,0.496,0.2419,0.2306,0.5275,,,,False,early_week_mode,weekly_update_20260916T201000Z_f00d74fd,0.1.0-phase1,2026-09-16T20:10:00+00:00
BUNDESLIGA2627_MW13_112_HamburgerSV_FCSchalke04,13,Hamburger SV,FC Schalke 04,2026-12-11T00:00:00+00:00,0.357,0.2806,0.3624,0.3664,0.3078,0.3258,,,,False,early_week_mode,weekly_update_20260916T201000Z_f00d74fd,0.1.0-phase1,2026-09-16T20:10:00+00:00
BUNDESLIGA2627_MW13_113_BorussiaMönchengladbach_EintrachtFrankfurt,13,Borussia Mönchengladbach,Eintracht Frankfurt,2026-12-11T00:00:00+00:00,0.3799,0.277,0.3432,0.3675,0.2397,0.3928,,,,False,early_week_mode,weekly_update_20260916T201000Z_f00d74fd,0.1.0-phase1,2026-09-16T20:10:00+00:00
BUNDESLIGA2627_MW13_114_1.FSVMainz05_Sport-ClubFreiburg,13,1. FSV Mainz 05,Sport-Club Freiburg,2026-12-11T00:00:00+00:00,0.3982,0.2821,0.3197,0.4203,0.2656,0.3141,,,,False,early_week_mode,weekly_update_20260916T201000Z_f00d74fd,0.1.0-phase1,2026-09-16T20:10:00+00:00
BUNDESLIGA2627_MW13_115_TSGHoffenheim_FCBayernMünchen,13,TSG Hoffenheim,FC Bayern München,2026-12-11T00:00:00+00:00,0.1567,0.2018,0.6414,0.1318,0.1539,0.7143,,,,False,early_week_mode,weekly_update_20260916T201000Z_f00d74fd,0.1.0-phase1,2026-09-16T20:10:00+00:00
BUNDESLIGA2627_MW13_116_VfBStuttgart_1.FCUnionBerlin,13,VfB Stuttgart,1. FC Union Berlin,2026-12-11T00:00:00+00:00,0.58,0.2486,0.1713,0.6771,0.1863,0.1366,,,,False,early_week_mode,weekly_update_20260916T201000Z_f00d74fd,0.1.0-phase1,2026-09-16T20:10:00+00:00
BUNDESLIGA2627_MW13_117_BorussiaDortmund_FCAugsburg,13,Borussia Dortmund,FC Augsburg,2026-12-11T00:00:00+00:00,0.6755,0.1926,0.1319,0.6833,0.1922,0.1245,,,,False,early_week_mode,weekly_update_20260916T201000Z_f00d74fd,0.1.0-phase1,2026-09-16T20:10:00+00:00
BUNDESLIGA2627_MW14_118_SVElversberg_HamburgerSV,14,SV Elversberg,Hamburger SV,2026-12-18T00:00:00+00:00,0.6622,0.2252,0.1126,0.7843,0.1246,0.0911,,,,False,early_week_mode,weekly_update_20260916T201000Z_f00d74fd,0.1.0-phase1,2026-09-16T20:10:00+00:00
BUNDESLIGA2627_MW14_119_FCSchalke04_BorussiaMönchengladbach,14,FC Schalke 04,Borussia Mönchengladbach,2026-12-18T00:00:00+00:00,0.3702,0.2871,0.3427,0.3737,0.2928,0.3335,,,,False,early_week_mode,weekly_update_20260916T201000Z_f00d74fd,0.1.0-phase1,2026-09-16T20:10:00+00:00
BUNDESLIGA2627_MW14_120_1.FCUnionBerlin_TSGHoffenheim,14,1. FC Union Berlin,TSG Hoffenheim,2026-12-18T00:00:00+00:00,0.3191,0.2807,0.4001,0.3291,0.2483,0.4226,,,,False,early_week_mode,weekly_update_20260916T201000Z_f00d74fd,0.1.0-phase1,2026-09-16T20:10:00+00:00
BUNDESLIGA2627_MW14_121_1.FSVMainz05_1.FCKöln,14,1. FSV Mainz 05,1. FC Köln,2026-12-18T00:00:00+00:00,0.5178,0.2582,0.224,0.5372,0.244,0.2188,,,,False,early_week_mode,weekly_update_20260916T201000Z_f00d74fd,0.1.0-phase1,2026-09-16T20:10:00+00:00
BUNDESLIGA2627_MW14_122_FCAugsburg_SCPaderborn07,14,FC Augsburg,SC Paderborn 07,2026-12-18T00:00:00+00:00,0.5943,0.2565,0.1492,0.675,0.2846,0.0403,,,,False,early_week_mode,weekly_update_20260916T201000Z_f00d74fd,0.1.0-phase1,2026-09-16T20:10:00+00:00
BUNDESLIGA2627_MW14_123_Sport-ClubFreiburg_VfBStuttgart,14,Sport-Club Freiburg,VfB Stuttgart,2026-12-18T00:00:00+00:00,0.3823,0.2829,0.3348,0.362,0.2381,0.3999,,,,False,early_week_mode,weekly_update_20260916T201000Z_f00d74fd,0.1.0-phase1,2026-09-16T20:10:00+00:00
BUNDESLIGA2627_MW14_124_Bayer04Leverkusen_EintrachtFrankfurt,14,Bayer 04 Leverkusen,Eintracht Frankfurt,2026-12-18T00:00:00+00:00,0.5781,0.2443,0.1776,0.6368,0.1886,0.1746,,,,False,early_week_mode,weekly_update_20260916T201000Z_f00d74fd,0.1.0-phase1,2026-09-16T20:10:00+00:00
BUNDESLIGA2627_MW14_125_RBLeipzig_BorussiaDortmund,14,RB Leipzig,Borussia Dortmund,2026-12-18T00:00:00+00:00,0.3643,0.2555,0.3802,0.3546,0.2522,0.3931,,,,False,early_week_mode,weekly_update_20260916T201000Z_f00d74fd,0.1.0-phase1,2026-09-16T20:10:00+00:00
BUNDESLIGA2627_MW14_126_FCBayernMünchen_SVWerderBremen,14,FC Bayern München,SV Werder Bremen,2026-12-18T00:00:00+00:00,0.7931,0.1388,0.0681,0.8728,0.0876,0.0396,,,,False,early_week_mode,weekly_update_20260916T201000Z_f00d74fd,0.1.0-phase1,2026-09-16T20:10:00+00:00
BUNDESLIGA2627_MW15_127_SCPaderborn07_RBLeipzig,15,SC Paderborn 07,RB Leipzig,2027-01-08T00:00:00+00:00,0.1487,0.1878,0.6636,0.0377,0.2539,0.7084,,,,False,early_week_mode,weekly_update_20260916T201000Z_f00d74fd,0.1.0-phase1,2026-09-16T20:10:00+00:00
BUNDESLIGA2627_MW15_128_SVWerderBremen_1.FCUnionBerlin,15,SV Werder Bremen,1. FC Union Berlin,2027-01-08T00:00:00+00:00,0.4302,0.2997,0.2701,0.4483,0.2729,0.2788,,,,False,early_week_mode,weekly_update_20260916T201000Z_f00d74fd,0.1.0-phase1,2026-09-16T20:10:00+00:00
BUNDESLIGA2627_MW15_129_1.FCKöln_Sport-ClubFreiburg,15,1. FC Köln,Sport-Club Freiburg,2027-01-08T00:00:00+00:00,0.3125,0.2826,0.405,0.3315,0.2497,0.4188,,,,False,early_week_mode,weekly_update_20260916T201000Z_f00d74fd,0.1.0-phase1,2026-09-16T20:10:00+00:00
BUNDESLIGA2627_MW15_130_HamburgerSV_Bayer04Leverkusen,15,Hamburger SV,Bayer 04 Leverkusen,2027-01-08T00:00:00+00:00,0.1899,0.2459,0.5642,0.1568,0.2151,0.6281,,,,False,early_week_mode,weekly_update_20260916T201000Z_f00d74fd,0.1.0-phase1,2026-09-16T20:10:00+00:00
BUNDESLIGA2627_MW15_131_BorussiaMönchengladbach_FCBayernMünchen,15,Borussia Mönchengladbach,FC Bayern München,2027-01-08T00:00:00+00:00,0.1266,0.1968,0.6767,0.0923,0.1407,0.767,,,,False,early_week_mode,weekly_update_20260916T201000Z_f00d74fd,0.1.0-phase1,2026-09-16T20:10:00+00:00
BUNDESLIGA2627_MW15_132_EintrachtFrankfurt_FCSchalke04,15,Eintracht Frankfurt,FC Schalke 04,2027-01-08T00:00:00+00:00,0.5132,0.2672,0.2196,0.5706,0.2348,0.1946,,,,False,early_week_mode,weekly_update_20260916T201000Z_f00d74fd,0.1.0-phase1,2026-09-16T20:10:00+00:00
BUNDESLIGA2627_MW15_133_TSGHoffenheim_SVElversberg,15,TSG Hoffenheim,SV Elversberg,2027-01-08T00:00:00+00:00,0.3567,0.2522,0.3911,0.3674,0.1889,0.4436,,,,False,early_week_mode,weekly_update_20260916T201000Z_f00d74fd,0.1.0-phase1,2026-09-16T20:10:00+00:00
BUNDESLIGA2627_MW15_134_VfBStuttgart_FCAugsburg,15,VfB Stuttgart,FC Augsburg,2027-01-08T00:00:00+00:00,0.5416,0.2436,0.2148,0.6069,0.2094,0.1837,,,,False,early_week_mode,weekly_update_20260916T201000Z_f00d74fd,0.1.0-phase1,2026-09-16T20:10:00+00:00
BUNDESLIGA2627_MW15_135_BorussiaDortmund_1.FSVMainz05,15,Borussia Dortmund,1. FSV Mainz 05,2027-01-08T00:00:00+00:00,0.6531,0.2017,0.1452,0.6375,0.2146,0.1479,,,,False,early_week_mode,weekly_update_20260916T201000Z_f00d74fd,0.1.0-phase1,2026-09-16T20:10:00+00:00
BUNDESLIGA2627_MW16_136_SVElversberg_EintrachtFrankfurt,16,SV Elversberg,Eintracht Frankfurt,2027-01-12T00:00:00+00:00,0.5339,0.2662,0.1999,0.6324,0.1591,0.2085,,,,False,early_week_mode,weekly_update_20260916T201000Z_f00d74fd,0.1.0-phase1,2026-09-16T20:10:00+00:00
BUNDESLIGA2627_MW16_137_FCSchalke04_SVWerderBremen,16,FC Schalke 04,SV Werder Bremen,2027-01-12T00:00:00+00:00,0.3985,0.2789,0.3226,0.3802,0.3022,0.3176,,,,False,early_week_mode,weekly_update_20260916T201000Z_f00d74fd,0.1.0-phase1,2026-09-16T20:10:00+00:00
BUNDESLIGA2627_MW16_138_1.FCKöln_BorussiaDortmund,16,1. FC Köln,Borussia Dortmund,2027-01-12T00:00:00+00:00,0.1768,0.2405,0.5827,0.1731,0.2118,0.615,,,,False,early_week_mode,weekly_update_20260916T201000Z_f00d74fd,0.1.0-phase1,2026-09-16T20:10:00+00:00
BUNDESLIGA2627_MW16_139_1.FCUnionBerlin_SCPaderborn07,16,1. FC Union Berlin,SC Paderborn 07,2027-01-12T00:00:00+00:00,0.5668,0.2448,0.1884,0.6233,0.3251,0.0516,,,,False,early_week_mode,weekly_update_20260916T201000Z_f00d74fd,0.1.0-phase1,2026-09-16T20:10:00+00:00
BUNDESLIGA2627_MW16_140_1.FSVMainz05_TSGHoffenheim,16,1. FSV Mainz 05,TSG Hoffenheim,2027-01-12T00:00:00+00:00,0.3958,0.2995,0.3047,0.4405,0.2499,0.3097,,,,False,early_week_mode,weekly_update_20260916T201000Z_f00d74fd,0.1.0-phase1,2026-09-16T20:10:00+00:00
BUNDESLIGA2627_MW16_141_FCAugsburg_BorussiaMönchengladbach,16,FC Augsburg,Borussia Mönchengladbach,2027-01-12T00:00:00+00:00,0.4463,0.2791,0.2747,0.4737,0.2578,0.2685,,,,False,early_week_mode,weekly_update_20260916T201000Z_f00d74fd,0.1.0-phase1,2026-09-16T20:10:00+00:00
BUNDESLIGA2627_MW16_142_Sport-ClubFreiburg_HamburgerSV,16,Sport-Club Freiburg,Hamburger SV,2027-01-12T00:00:00+00:00,0.5878,0.2421,0.1701,0.6221,0.2196,0.1583,,,,False,early_week_mode,weekly_update_20260916T201000Z_f00d74fd,0.1.0-phase1,2026-09-16T20:10:00+00:00
BUNDESLIGA2627_MW16_143_RBLeipzig_VfBStuttgart,16,RB Leipzig,VfB Stuttgart,2027-01-12T00:00:00+00:00,0.5223,0.2329,0.2448,0.4718,0.2292,0.299,,,,False,early_week_mode,weekly_update_20260916T201000Z_f00d74fd,0.1.0-phase1,2026-09-16T20:10:00+00:00
BUNDESLIGA2627_MW16_144_FCBayernMünchen_Bayer04Leverkusen,16,FC Bayern München,Bayer 04 Leverkusen,2027-01-12T00:00:00+00:00,0.6617,0.2068,0.1315,0.6893,0.1687,0.142,,,,False,early_week_mode,weekly_update_20260916T201000Z_f00d74fd,0.1.0-phase1,2026-09-16T20:10:00+00:00
BUNDESLIGA2627_MW17_145_SCPaderborn07_1.FCKöln,17,SC Paderborn 07,1. FC Köln,2027-01-15T00:00:00+00:00,0.2583,0.2569,0.4848,0.077,0.3599,0.5631,,,,False,early_week_mode,weekly_update_20260916T201000Z_f00d74fd,0.1.0-phase1,2026-09-16T20:10:00+00:00
BUNDESLIGA2627_MW17_146_SVWerderBremen_SVElversberg,17,SV Werder Bremen,SV Elversberg,2027-01-15T00:00:00+00:00,0.2603,0.2281,0.5117,0.2569,0.1983,0.5448,,,,False,early_week_mode,weekly_update_20260916T201000Z_f00d74fd,0.1.0-phase1,2026-09-16T20:10:00+00:00
BUNDESLIGA2627_MW17_147_HamburgerSV_FCAugsburg,17,Hamburger SV,FC Augsburg,2027-01-15T00:00:00+00:00,0.3096,0.2775,0.413,0.3052,0.2786,0.4162,,,,False,early_week_mode,weekly_update_20260916T201000Z_f00d74fd,0.1.0-phase1,2026-09-16T20:10:00+00:00
BUNDESLIGA2627_MW17_148_BorussiaMönchengladbach_1.FCUnionBerlin,17,Borussia Mönchengladbach,1. FC Union Berlin,2027-01-15T00:00:00+00:00,0.4738,0.2703,0.256,0.4699,0.261,0.2691,,,,False,early_week_mode,weekly_update_20260916T201000Z_f00d74fd,0.1.0-phase1,2026-09-16T20:10:00+00:00
BUNDESLIGA2627_MW17_149_EintrachtFrankfurt_FCBayernMünchen,17,Eintracht Frankfurt,FC Bayern München,2027-01-15T00:00:00+00:00,0.1479,0.2057,0.6464,0.1316,0.1511,0.7173,,,,False,early_week_mode,weekly_update_20260916T201000Z_f00d74fd,0.1.0-phase1,2026-09-16T20:10:00+00:00
BUNDESLIGA2627_MW17_150_Bayer04Leverkusen_FCSchalke04,17,Bayer 04 Leverkusen,FC Schalke 04,2027-01-15T00:00:00+00:00,0.6218,0.2409,0.1373,0.6969,0.1948,0.1083,,,,False,early_week_mode,weekly_update_20260916T201000Z_f00d74fd,0.1.0-phase1,2026-09-16T20:10:00+00:00
BUNDESLIGA2627_MW17_151_TSGHoffenheim_RBLeipzig,17,TSG Hoffenheim,RB Leipzig,2027-01-15T00:00:00+00:00,0.3223,0.276,0.4017,0.3437,0.2334,0.4229,,,,False,early_week_mode,weekly_update_20260916T201000Z_f00d74fd,0.1.0-phase1,2026-09-16T20:10:00+00:00
BUNDESLIGA2627_MW17_152_VfBStuttgart_1.FSVMainz05,17,VfB Stuttgart,1. FSV Mainz 05,2027-01-15T00:00:00+00:00,0.5163,0.2487,0.235,0.5583,0.228,0.2137,,,,False,early_week_mode,weekly_update_20260916T201000Z_f00d74fd,0.1.0-phase1,2026-09-16T20:10:00+00:00
BUNDESLIGA2627_MW17_153_BorussiaDortmund_Sport-ClubFreiburg,17,Borussia Dortmund,Sport-Club Freiburg,2027-01-15T00:00:00+00:00,0.6333,0.211,0.1557,0.6432,0.2023,0.1545,,,,False,early_week_mode,weekly_update_20260916T201000Z_f00d74fd,0.1.0-phase1,2026-09-16T20:10:00+00:00
BUNDESLIGA2627_MW18_154_SCPaderborn07_1.FSVMainz05,18,SC Paderborn 07,1. FSV Mainz 05,2027-01-22T00:00:00+00:00,0.2117,0.2275,0.5608,0.0571,0.3469,0.5959,,,,False,early_week_mode,weekly_update_20260916T201000Z_f00d74fd,0.1.0-phase1,2026-09-16T20:10:00+00:00
BUNDESLIGA2627_MW18_155_FCSchalke04_FCAugsburg,18,FC Schalke 04,FC Augsburg,2027-01-22T00:00:00+00:00,0.3587,0.2641,0.3772,0.3392,0.2979,0.3629,,,,False,early_week_mode,weekly_update_20260916T201000Z_f00d74fd,0.1.0-phase1,2026-09-16T20:10:00+00:00
BUNDESLIGA2627_MW18_156_SVWerderBremen_Sport-ClubFreiburg,18,SV Werder Bremen,Sport-Club Freiburg,2027-01-22T00:00:00+00:00,0.3296,0.2868,0.3836,0.3344,0.2656,0.4,,,,False,early_week_mode,weekly_update_20260916T201000Z_f00d74fd,0.1.0-phase1,2026-09-16T20:10:00+00:00
BUNDESLIGA2627_MW18_157_HamburgerSV_BorussiaDortmund,18,Hamburger SV,Borussia Dortmund,2027-01-22T00:00:00+00:00,0.1547,0.2253,0.6199,0.1322,0.2068,0.6609,,,,False,early_week_mode,weekly_update_20260916T201000Z_f00d74fd,0.1.0-phase1,2026-09-16T20:10:00+00:00
BUNDESLIGA2627_MW18_158_BorussiaMönchengladbach_RBLeipzig,18,Borussia Mönchengladbach,RB Leipzig,2027-01-22T00:00:00+00:00,0.2589,0.2782,0.4629,0.2612,0.2419,0.4969,,,,False,early_week_mode,weekly_update_20260916T201000Z_f00d74fd,0.1.0-phase1,2026-09-16T20:10:00+00:00
BUNDESLIGA2627_MW18_159_EintrachtFrankfurt_1.FCUnionBerlin,18,Eintracht Frankfurt,1. FC Union Berlin,2027-01-22T00:00:00+00:00,0.5305,0.2577,0.2118,0.5813,0.2161,0.2026,,,,False,early_week_mode,weekly_update_20260916T201000Z_f00d74fd,0.1.0-phase1,2026-09-16T20:10:00+00:00
BUNDESLIGA2627_MW18_160_Bayer04Leverkusen_SVElversberg,18,Bayer 04 Leverkusen,SV Elversberg,2027-01-22T00:00:00+00:00,0.5086,0.2458,0.2457,0.5592,0.1831,0.2576,,,,False,early_week_mode,weekly_update_20260916T201000Z_f00d74fd,0.1.0-phase1,2026-09-16T20:10:00+00:00
BUNDESLIGA2627_MW18_161_TSGHoffenheim_1.FCKöln,18,TSG Hoffenheim,1. FC Köln,2027-01-22T00:00:00+00:00,0.5694,0.2258,0.2048,0.577,0.2103,0.2127,,,,False,early_week_mode,weekly_update_20260916T201000Z_f00d74fd,0.1.0-phase1,2026-09-16T20:10:00+00:00
BUNDESLIGA2627_MW18_162_VfBStuttgart_FCBayernMünchen,18,VfB Stuttgart,FC Bayern München,2027-01-22T00:00:00+00:00,0.191,0.2219,0.5871,0.2062,0.1893,0.6045,,,,False,early_week_mode,weekly_update_20260916T201000Z_f00d74fd,0.1.0-phase1,2026-09-16T20:10:00+00:00
BUNDESLIGA2627_MW19_163_SVElversberg_BorussiaMönchengladbach,19,SV Elversberg,Borussia Mönchengladbach,2027-01-29T00:00:00+00:00,0.5646,0.2697,0.1656,0.7052,0.15,0.1448,,,,False,early_week_mode,weekly_update_20260916T201000Z_f00d74fd,0.1.0-phase1,2026-09-16T20:10:00+00:00
BUNDESLIGA2627_MW19_164_1.FCKöln_VfBStuttgart,19,1. FC Köln,VfB Stuttgart,2027-01-29T00:00:00+00:00,0.2692,0.2791,0.4517,0.2504,0.2223,0.5273,,,,False,early_week_mode,weekly_update_20260916T201000Z_f00d74fd,0.1.0-phase1,2026-09-16T20:10:00+00:00
BUNDESLIGA2627_MW19_165_1.FCUnionBerlin_Bayer04Leverkusen,19,1. FC Union Berlin,Bayer 04 Leverkusen,2027-01-29T00:00:00+00:00,0.2241,0.2474,0.5285,0.1967,0.2285,0.5749,,,,False,early_week_mode,weekly_update_20260916T201000Z_f00d74fd,0.1.0-phase1,2026-09-16T20:10:00+00:00
BUNDESLIGA2627_MW19_166_1.FSVMainz05_HamburgerSV,19,1. FSV Mainz 05,Hamburger SV,2027-01-29T00:00:00+00:00,0.5559,0.2552,0.1889,0.586,0.244,0.1701,,,,False,early_week_mode,weekly_update_20260916T201000Z_f00d74fd,0.1.0-phase1,2026-09-16T20:10:00+00:00
BUNDESLIGA2627_MW19_167_FCAugsburg_EintrachtFrankfurt,19,FC Augsburg,Eintracht Frankfurt,2027-01-29T00:00:00+00:00,0.3921,0.2906,0.3173,0.404,0.2434,0.3526,,,,False,early_week_mode,weekly_update_20260916T201000Z_f00d74fd,0.1.0-phase1,2026-09-16T20:10:00+00:00
BUNDESLIGA2627_MW19_168_Sport-ClubFreiburg_SCPaderborn07,19,Sport-Club Freiburg,SC Paderborn 07,2027-01-29T00:00:00+00:00,0.6306,0.2442,0.1252,0.7291,0.2387,0.0322,,,,False,early_week_mode,weekly_update_20260916T201000Z_f00d74fd,0.1.0-phase1,2026-09-16T20:10:00+00:00
BUNDESLIGA2627_MW19_169_RBLeipzig_SVWerderBremen,19,RB Leipzig,SV Werder Bremen,2027-01-29T00:00:00+00:00,0.6614,0.1882,0.1505,0.6489,0.2045,0.1466,,,,False,early_week_mode,weekly_update_20260916T201000Z_f00d74fd,0.1.0-phase1,2026-09-16T20:10:00+00:00
BUNDESLIGA2627_MW19_170_BorussiaDortmund_TSGHoffenheim,19,Borussia Dortmund,TSG Hoffenheim,2027-01-29T00:00:00+00:00,0.6291,0.2248,0.1461,0.6715,0.1833,0.1452,,,,False,early_week_mode,weekly_update_20260916T201000Z_f00d74fd,0.1.0-phase1,2026-09-16T20:10:00+00:00
BUNDESLIGA2627_MW19_171_FCBayernMünchen_FCSchalke04,19,FC Bayern München,FC Schalke 04,2027-01-29T00:00:00+00:00,0.7499,0.1827,0.0674,0.8704,0.0931,0.0365,,,,False,early_week_mode,weekly_update_20260916T201000Z_f00d74fd,0.1.0-phase1,2026-09-16T20:10:00+00:00
BUNDESLIGA2627_MW20_172_SCPaderborn07_BorussiaDortmund,20,SC Paderborn 07,Borussia Dortmund,2027-02-05T00:00:00+00:00,0.1206,0.1586,0.7208,0.0273,0.2238,0.7489,,,,False,early_week_mode,weekly_update_20260916T201000Z_f00d74fd,0.1.0-phase1,2026-09-16T20:10:00+00:00
BUNDESLIGA2627_MW20_173_FCSchalke04_1.FCUnionBerlin,20,FC Schalke 04,1. FC Union Berlin,2027-02-05T00:00:00+00:00,0.4062,0.2907,0.3031,0.4005,0.2985,0.301,,,,False,early_week_mode,weekly_update_20260916T201000Z_f00d74fd,0.1.0-phase1,2026-09-16T20:10:00+00:00
BUNDESLIGA2627_MW20_174_SVWerderBremen_1.FCKöln,20,SV Werder Bremen,1. FC Köln,2027-02-05T00:00:00+00:00,0.4469,0.2771,0.276,0.4468,0.2606,0.2926,,,,False,early_week_mode,weekly_update_20260916T201000Z_f00d74fd,0.1.0-phase1,2026-09-16T20:10:00+00:00
BUNDESLIGA2627_MW20_175_HamburgerSV_RBLeipzig,20,Hamburger SV,RB Leipzig,2027-02-05T00:00:00+00:00,0.1963,0.2629,0.5408,0.1867,0.2309,0.5824,,,,False,early_week_mode,weekly_update_20260916T201000Z_f00d74fd,0.1.0-phase1,2026-09-16T20:10:00+00:00
BUNDESLIGA2627_MW20_176_BorussiaMönchengladbach_Sport-ClubFreiburg,20,Borussia Mönchengladbach,Sport-Club Freiburg,2027-02-05T00:00:00+00:00,0.3669,0.265,0.3681,0.3514,0.2571,0.3914,,,,False,early_week_mode,weekly_update_20260916T201000Z_f00d74fd,0.1.0-phase1,2026-09-16T20:10:00+00:00
BUNDESLIGA2627_MW20_177_EintrachtFrankfurt_1.FSVMainz05,20,Eintracht Frankfurt,1. FSV Mainz 05,2027-02-05T00:00:00+00:00,0.4547,0.2529,0.2923,0.4579,0.2446,0.2976,,,,False,early_week_mode,weekly_update_20260916T201000Z_f00d74fd,0.1.0-phase1,2026-09-16T20:10:00+00:00
BUNDESLIGA2627_MW20_178_Bayer04Leverkusen_FCAugsburg,20,Bayer 04 Leverkusen,FC Augsburg,2027-02-05T00:00:00+00:00,0.6136,0.2196,0.1668,0.6503,0.201,0.1486,,,,False,early_week_mode,weekly_update_20260916T201000Z_f00d74fd,0.1.0-phase1,2026-09-16T20:10:00+00:00
BUNDESLIGA2627_MW20_179_VfBStuttgart_TSGHoffenheim,20,VfB Stuttgart,TSG Hoffenheim,2027-02-05T00:00:00+00:00,0.4851,0.275,0.2399,0.5844,0.1991,0.2166,,,,False,early_week_mode,weekly_update_20260916T201000Z_f00d74fd,0.1.0-phase1,2026-09-16T20:10:00+00:00
BUNDESLIGA2627_MW20_180_FCBayernMünchen_SVElversberg,20,FC Bayern München,SV Elversberg,2027-02-05T00:00:00+00:00,0.7171,0.1866,0.0963,0.8049,0.1027,0.0924,,,,False,early_week_mode,weekly_update_20260916T201000Z_f00d74fd,0.1.0-phase1,2026-09-16T20:10:00+00:00
BUNDESLIGA2627_MW21_181_SVElversberg_FCSchalke04,21,SV Elversberg,FC Schalke 04,2027-02-12T00:00:00+00:00,0.6178,0.2404,0.1418,0.7203,0.158,0.1217,,,,False,early_week_mode,weekly_update_20260916T201000Z_f00d74fd,0.1.0-phase1,2026-09-16T20:10:00+00:00
BUNDESLIGA2627_MW21_182_1.FCKöln_HamburgerSV,21,1. FC Köln,Hamburger SV,2027-02-12T00:00:00+00:00,0.4744,0.2783,0.2472,0.5078,0.2535,0.2387,,,,False,early_week_mode,weekly_update_20260916T201000Z_f00d74fd,0.1.0-phase1,2026-09-16T20:10:00+00:00
BUNDESLIGA2627_MW21_183_1.FCUnionBerlin_FCBayernMünchen,21,1. FC Union Berlin,FC Bayern München,2027-02-12T00:00:00+00:00,0.1155,0.185,0.6995,0.0787,0.1334,0.7879,,,,False,early_week_mode,weekly_update_20260916T201000Z_f00d74fd,0.1.0-phase1,2026-09-16T20:10:00+00:00
BUNDESLIGA2627_MW21_184_1.FSVMainz05_BorussiaMönchengladbach,21,1. FSV Mainz 05,Borussia Mönchengladbach,2027-02-12T00:00:00+00:00,0.4661,0.2784,0.2555,0.5074,0.2565,0.2361,,,,False,early_week_mode,weekly_update_20260916T201000Z_f00d74fd,0.1.0-phase1,2026-09-16T20:10:00+00:00
BUNDESLIGA2627_MW21_185_FCAugsburg_SVWerderBremen,21,FC Augsburg,SV Werder Bremen,2027-02-12T00:00:00+00:00,0.4842,0.2543,0.2615,0.4795,0.2649,0.2556,,,,False,early_week_mode,weekly_update_20260916T201000Z_f00d74fd,0.1.0-phase1,2026-09-16T20:10:00+00:00
BUNDESLIGA2627_MW21_186_Sport-ClubFreiburg_EintrachtFrankfurt,21,Sport-Club Freiburg,Eintracht Frankfurt,2027-02-12T00:00:00+00:00,0.4475,0.2812,0.2713,0.471,0.2287,0.3003,,,,False,early_week_mode,weekly_update_20260916T201000Z_f00d74fd,0.1.0-phase1,2026-09-16T20:10:00+00:00
BUNDESLIGA2627_MW21_187_TSGHoffenheim_SCPaderborn07,21,TSG Hoffenheim,SC Paderborn 07,2027-02-12T00:00:00+00:00,0.6531,0.2253,0.1216,0.7512,0.2169,0.0319,,,,False,early_week_mode,weekly_update_20260916T201000Z_f00d74fd,0.1.0-phase1,2026-09-16T20:10:00+00:00
BUNDESLIGA2627_MW21_188_RBLeipzig_Bayer04Leverkusen,21,RB Leipzig,Bayer 04 Leverkusen,2027-02-12T00:00:00+00:00,0.4367,0.2485,0.3148,0.4046,0.2444,0.351,,,,False,early_week_mode,weekly_update_20260916T201000Z_f00d74fd,0.1.0-phase1,2026-09-16T20:10:00+00:00
BUNDESLIGA2627_MW21_189_BorussiaDortmund_VfBStuttgart,21,Borussia Dortmund,VfB Stuttgart,2027-02-12T00:00:00+00:00,0.5966,0.2249,0.1785,0.5657,0.217,0.2172,,,,False,early_week_mode,weekly_update_20260916T201000Z_f00d74fd,0.1.0-phase1,2026-09-16T20:10:00+00:00
BUNDESLIGA2627_MW22_190_SVElversberg_1.FCUnionBerlin,22,SV Elversberg,1. FC Union Berlin,2027-02-19T00:00:00+00:00,0.606,0.2541,0.1399,0.734,0.1429,0.1231,,,,False,early_week_mode,weekly_update_20260916T201000Z_f00d74fd,0.1.0-phase1,2026-09-16T20:10:00+00:00
BUNDESLIGA2627_MW22_191_FCSchalke04_Sport-ClubFreiburg,22,FC Schalke 04,Sport-Club Freiburg,2027-02-19T00:00:00+00:00,0.3134,0.256,0.4305,0.297,0.2833,0.4198,,,,False,early_week_mode,weekly_update_20260916T201000Z_f00d74fd,0.1.0-phase1,2026-09-16T20:10:00+00:00
BUNDESLIGA2627_MW22_192_SVWerderBremen_BorussiaDortmund,22,SV Werder Bremen,Borussia Dortmund,2027-02-19T00:00:00+00:00,0.1878,0.2483,0.5639,0.1811,0.2316,0.5873,,,,False,early_week_mode,weekly_update_20260916T201000Z_f00d74fd,0.1.0-phase1,2026-09-16T20:10:00+00:00
BUNDESLIGA2627_MW22_193_HamburgerSV_TSGHoffenheim,22,Hamburger SV,TSG Hoffenheim,2027-02-19T00:00:00+00:00,0.2653,0.288,0.4468,0.2717,0.2467,0.4816,,,,False,early_week_mode,weekly_update_20260916T201000Z_f00d74fd,0.1.0-phase1,2026-09-16T20:10:00+00:00
BUNDESLIGA2627_MW22_194_BorussiaMönchengladbach_1.FCKöln,22,Borussia Mönchengladbach,1. FC Köln,2027-02-19T00:00:00+00:00,0.4923,0.2471,0.2606,0.4686,0.2492,0.2822,,,,False,early_week_mode,weekly_update_20260916T201000Z_f00d74fd,0.1.0-phase1,2026-09-16T20:10:00+00:00
BUNDESLIGA2627_MW22_195_EintrachtFrankfurt_RBLeipzig,22,Eintracht Frankfurt,RB Leipzig,2027-02-19T00:00:00+00:00,0.3053,0.2854,0.4093,0.3463,0.2302,0.4235,,,,False,early_week_mode,weekly_update_20260916T201000Z_f00d74fd,0.1.0-phase1,2026-09-16T20:10:00+00:00
BUNDESLIGA2627_MW22_196_Bayer04Leverkusen_1.FSVMainz05,22,Bayer 04 Leverkusen,1. FSV Mainz 05,2027-02-19T00:00:00+00:00,0.5897,0.2274,0.1829,0.6031,0.222,0.1749,,,,False,early_week_mode,weekly_update_20260916T201000Z_f00d74fd,0.1.0-phase1,2026-09-16T20:10:00+00:00
BUNDESLIGA2627_MW22_197_VfBStuttgart_SCPaderborn07,22,VfB Stuttgart,SC Paderborn 07,2027-02-19T00:00:00+00:00,0.6564,0.236,0.1076,0.8071,0.1718,0.021,,,,False,early_week_mode,weekly_update_20260916T201000Z_f00d74fd,0.1.0-phase1,2026-09-16T20:10:00+00:00
BUNDESLIGA2627_MW22_198_FCBayernMünchen_FCAugsburg,22,FC Bayern München,FC Augsburg,2027-02-19T00:00:00+00:00,0.7712,0.1513,0.0775,0.8456,0.1022,0.0523,,,,False,early_week_mode,weekly_update_20260916T201000Z_f00d74fd,0.1.0-phase1,2026-09-16T20:10:00+00:00
BUNDESLIGA2627_MW23_199_SCPaderborn07_SVWerderBremen,23,SC Paderborn 07,SV Werder Bremen,2027-02-26T00:00:00+00:00,0.25,0.2474,0.5025,0.0747,0.3844,0.5408,,,,False,early_week_mode,weekly_update_20260916T201000Z_f00d74fd,0.1.0-phase1,2026-09-16T20:10:00+00:00
BUNDESLIGA2627_MW23_200_1.FCKöln_EintrachtFrankfurt,23,1. FC Köln,Eintracht Frankfurt,2027-02-26T00:00:00+00:00,0.3255,0.2949,0.3796,0.3458,0.2329,0.4213,,,,False,early_week_mode,weekly_update_20260916T201000Z_f00d74fd,0.1.0-phase1,2026-09-16T20:10:00+00:00
BUNDESLIGA2627_MW23_201_1.FSVMainz05_FCSchalke04,23,1. FSV Mainz 05,FC Schalke 04,2027-02-26T00:00:00+00:00,0.4865,0.2807,0.2327,0.5232,0.2765,0.2003,,,,False,early_week_mode,weekly_update_20260916T201000Z_f00d74fd,0.1.0-phase1,2026-09-16T20:10:00+00:00
BUNDESLIGA2627_MW23_202_FCAugsburg_SVElversberg,23,FC Augsburg,SV Elversberg,2027-02-26T00:00:00+00:00,0.2987,0.2543,0.447,0.3096,0.2038,0.4866,,,,False,early_week_mode,weekly_update_20260916T201000Z_f00d74fd,0.1.0-phase1,2026-09-16T20:10:00+00:00
BUNDESLIGA2627_MW23_203_Sport-ClubFreiburg_Bayer04Leverkusen,23,Sport-Club Freiburg,Bayer 04 Leverkusen,2027-02-26T00:00:00+00:00,0.3167,0.2749,0.4084,0.3038,0.2437,0.4525,,,,False,early_week_mode,weekly_update_20260916T201000Z_f00d74fd,0.1.0-phase1,2026-09-16T20:10:00+00:00
BUNDESLIGA2627_MW23_204_TSGHoffenheim_BorussiaMönchengladbach,23,TSG Hoffenheim,Borussia Mönchengladbach,2027-02-26T00:00:00+00:00,0.5139,0.2472,0.2389,0.5452,0.2228,0.2321,,,,False,early_week_mode,weekly_update_20260916T201000Z_f00d74fd,0.1.0-phase1,2026-09-16T20:10:00+00:00
BUNDESLIGA2627_MW23_205_VfBStuttgart_HamburgerSV,23,VfB Stuttgart,Hamburger SV,2027-02-26T00:00:00+00:00,0.6334,0.2231,0.1435,0.7258,0.1688,0.1054,,,,False,early_week_mode,weekly_update_20260916T201000Z_f00d74fd,0.1.0-phase1,2026-09-16T20:10:00+00:00
BUNDESLIGA2627_MW23_206_RBLeipzig_FCBayernMünchen,23,RB Leipzig,FC Bayern München,2027-02-26T00:00:00+00:00,0.2256,0.2309,0.5435,0.2155,0.202,0.5825,,,,False,early_week_mode,weekly_update_20260916T201000Z_f00d74fd,0.1.0-phase1,2026-09-16T20:10:00+00:00
BUNDESLIGA2627_MW23_207_BorussiaDortmund_1.FCUnionBerlin,23,Borussia Dortmund,1. FC Union Berlin,2027-02-26T00:00:00+00:00,0.6962,0.1957,0.1082,0.7441,0.1654,0.0906,,,,False,early_week_mode,weekly_update_20260916T201000Z_f00d74fd,0.1.0-phase1,2026-09-16T20:10:00+00:00
BUNDESLIGA2627_MW24_208_SVElversberg_RBLeipzig,24,SV Elversberg,RB Leipzig,2027-03-02T00:00:00+00:00,0.3896,0.2802,0.3302,0.4823,0.1942,0.3235,,,,False,early_week_mode,weekly_update_20260916T201000Z_f00d74fd,0.1.0-phase1,2026-09-16T20:10:00+00:00
BUNDESLIGA2627_MW24_209_FCSchalke04_1.FCKöln,24,FC Schalke 04,1. FC Köln,2027-03-02T00:00:00+00:00,0.4122,0.285,0.3028,0.3988,0.2848,0.3165,,,,False,early_week_mode,weekly_update_20260916T201000Z_f00d74fd,0.1.0-phase1,2026-09-16T20:10:00+00:00
BUNDESLIGA2627_MW24_210_SVWerderBremen_1.FSVMainz05,24,SV Werder Bremen,1. FSV Mainz 05,2027-03-02T00:00:00+00:00,0.3575,0.2844,0.3581,0.3417,0.2834,0.3749,,,,False,early_week_mode,weekly_update_20260916T201000Z_f00d74fd,0.1.0-phase1,2026-09-16T20:10:00+00:00
BUNDESLIGA2627_MW24_211_HamburgerSV_SCPaderborn07,24,Hamburger SV,SC Paderborn 07,2027-03-02T00:00:00+00:00,0.505,0.2711,0.2239,0.5719,0.3657,0.0624,,,,False,early_week_mode,weekly_update_20260916T201000Z_f00d74fd,0.1.0-phase1,2026-09-16T20:10:00+00:00
BUNDESLIGA2627_MW24_212_BorussiaMönchengladbach_VfBStuttgart,24,Borussia Mönchengladbach,VfB Stuttgart,2027-03-02T00:00:00+00:00,0.3205,0.2669,0.4127,0.2706,0.2332,0.4961,,,,False,early_week_mode,weekly_update_20260916T201000Z_f00d74fd,0.1.0-phase1,2026-09-16T20:10:00+00:00
BUNDESLIGA2627_MW24_213_1.FCUnionBerlin_FCAugsburg,24,1. FC Union Berlin,FC Augsburg,2027-03-02T00:00:00+00:00,0.3723,0.2606,0.367,0.362,0.275,0.363,,,,False,early_week_mode,weekly_update_20260916T201000Z_f00d74fd,0.1.0-phase1,2026-09-16T20:10:00+00:00
BUNDESLIGA2627_MW24_214_EintrachtFrankfurt_BorussiaDortmund,24,Eintracht Frankfurt,Borussia Dortmund,2027-03-02T00:00:00+00:00,0.2422,0.2537,0.5041,0.2562,0.2243,0.5195,,,,False,early_week_mode,weekly_update_20260916T201000Z_f00d74fd,0.1.0-phase1,2026-09-16T20:10:00+00:00
BUNDESLIGA2627_MW24_215_Bayer04Leverkusen_TSGHoffenheim,24,Bayer 04 Leverkusen,TSG Hoffenheim,2027-03-02T00:00:00+00:00,0.5608,0.2552,0.184,0.634,0.1917,0.1743,,,,False,early_week_mode,weekly_update_20260916T201000Z_f00d74fd,0.1.0-phase1,2026-09-16T20:10:00+00:00
BUNDESLIGA2627_MW24_216_FCBayernMünchen_Sport-ClubFreiburg,24,FC Bayern München,Sport-Club Freiburg,2027-03-02T00:00:00+00:00,0.7454,0.166,0.0886,0.8174,0.1143,0.0683,,,,False,early_week_mode,weekly_update_20260916T201000Z_f00d74fd,0.1.0-phase1,2026-09-16T20:10:00+00:00
BUNDESLIGA2627_MW25_217_SCPaderborn07_BorussiaMönchengladbach,25,SC Paderborn 07,Borussia Mönchengladbach,2027-03-05T00:00:00+00:00,0.2321,0.2461,0.5218,0.0719,0.3613,0.5668,,,,False,early_week_mode,weekly_update_20260916T201000Z_f00d74fd,0.1.0-phase1,2026-09-16T20:10:00+00:00
BUNDESLIGA2627_MW25_218_1.FCKöln_1.FCUnionBerlin,25,1. FC Köln,1. FC Union Berlin,2027-03-05T00:00:00+00:00,0.4149,0.2983,0.2868,0.4518,0.2581,0.29,,,,False,early_week_mode,weekly_update_20260916T201000Z_f00d74fd,0.1.0-phase1,2026-09-16T20:10:00+00:00
BUNDESLIGA2627_MW25_219_HamburgerSV_EintrachtFrankfurt,25,Hamburger SV,Eintracht Frankfurt,2027-03-05T00:00:00+00:00,0.279,0.2854,0.4355,0.271,0.2428,0.4862,,,,False,early_week_mode,weekly_update_20260916T201000Z_f00d74fd,0.1.0-phase1,2026-09-16T20:10:00+00:00
BUNDESLIGA2627_MW25_220_1.FSVMainz05_SVElversberg,25,1. FSV Mainz 05,SV Elversberg,2027-03-05T00:00:00+00:00,0.3269,0.2534,0.4197,0.3516,0.2133,0.435,,,,False,early_week_mode,weekly_update_20260916T201000Z_f00d74fd,0.1.0-phase1,2026-09-16T20:10:00+00:00
BUNDESLIGA2627_MW25_221_Sport-ClubFreiburg_FCAugsburg,25,Sport-Club Freiburg,FC Augsburg,2027-03-05T00:00:00+00:00,0.4861,0.2612,0.2526,0.4977,0.2484,0.2539,,,,False,early_week_mode,weekly_update_20260916T201000Z_f00d74fd,0.1.0-phase1,2026-09-16T20:10:00+00:00
BUNDESLIGA2627_MW25_222_TSGHoffenheim_SVWerderBremen,25,TSG Hoffenheim,SV Werder Bremen,2027-03-05T00:00:00+00:00,0.5564,0.2214,0.2222,0.5509,0.2283,0.2208,,,,False,early_week_mode,weekly_update_20260916T201000Z_f00d74fd,0.1.0-phase1,2026-09-16T20:10:00+00:00
BUNDESLIGA2627_MW25_223_VfBStuttgart_Bayer04Leverkusen,25,VfB Stuttgart,Bayer 04 Leverkusen,2027-03-05T00:00:00+00:00,0.3663,0.2675,0.3662,0.4003,0.2348,0.3649,,,,False,early_week_mode,weekly_update_20260916T201000Z_f00d74fd,0.1.0-phase1,2026-09-16T20:10:00+00:00
BUNDESLIGA2627_MW25_224_RBLeipzig_FCSchalke04,25,RB Leipzig,FC Schalke 04,2027-03-05T00:00:00+00:00,0.6203,0.2361,0.1436,0.6554,0.2136,0.131,,,,False,early_week_mode,weekly_update_20260916T201000Z_f00d74fd,0.1.0-phase1,2026-09-16T20:10:00+00:00
BUNDESLIGA2627_MW25_225_BorussiaDortmund_FCBayernMünchen,25,Borussia Dortmund,FC Bayern München,2027-03-05T00:00:00+00:00,0.2894,0.257,0.4536,0.2983,0.2292,0.4725,,,,False,early_week_mode,weekly_update_20260916T201000Z_f00d74fd,0.1.0-phase1,2026-09-16T20:10:00+00:00
BUNDESLIGA2627_MW26_226_SVElversberg_BorussiaDortmund,26,SV Elversberg,Borussia Dortmund,2027-03-12T00:00:00+00:00,0.3134,0.2541,0.4325,0.3664,0.2037,0.4299,,,,False,early_week_mode,weekly_update_20260916T201000Z_f00d74fd,0.1.0-phase1,2026-09-16T20:10:00+00:00
BUNDESLIGA2627_MW26_227_FCSchalke04_TSGHoffenheim,26,FC Schalke 04,TSG Hoffenheim,2027-03-12T00:00:00+00:00,0.3149,0.2627,0.4224,0.3099,0.2688,0.4213,,,,False,early_week_mode,weekly_update_20260916T201000Z_f00d74fd,0.1.0-phase1,2026-09-16T20:10:00+00:00
BUNDESLIGA2627_MW26_228_SVWerderBremen_VfBStuttgart,26,SV Werder Bremen,VfB Stuttgart,2027-03-12T00:00:00+00:00,0.2868,0.2842,0.429,0.2574,0.2395,0.5032,,,,False,early_week_mode,weekly_update_20260916T201000Z_f00d74fd,0.1.0-phase1,2026-09-16T20:10:00+00:00
BUNDESLIGA2627_MW26_229_BorussiaMönchengladbach_HamburgerSV,26,Borussia Mönchengladbach,Hamburger SV,2027-03-12T00:00:00+00:00,0.537,0.2442,0.2188,0.5244,0.2547,0.2209,,,,False,early_week_mode,weekly_update_20260916T201000Z_f00d74fd,0.1.0-phase1,2026-09-16T20:10:00+00:00
BUNDESLIGA2627_MW26_230_1.FCUnionBerlin_Sport-ClubFreiburg,26,1. FC Union Berlin,Sport-Club Freiburg,2027-03-12T00:00:00+00:00,0.321,0.2638,0.4152,0.3153,0.2621,0.4226,,,,False,early_week_mode,weekly_update_20260916T201000Z_f00d74fd,0.1.0-phase1,2026-09-16T20:10:00+00:00
BUNDESLIGA2627_MW26_231_FCAugsburg_RBLeipzig,26,FC Augsburg,RB Leipzig,2027-03-12T00:00:00+00:00,0.2785,0.2931,0.4283,0.2928,0.2526,0.4546,,,,False,early_week_mode,weekly_update_20260916T201000Z_f00d74fd,0.1.0-phase1,2026-09-16T20:10:00+00:00
BUNDESLIGA2627_MW26_232_EintrachtFrankfurt_SCPaderborn07,26,Eintracht Frankfurt,SC Paderborn 07,2027-03-12T00:00:00+00:00,0.6426,0.2279,0.1295,0.7587,0.21,0.0313,,,,False,early_week_mode,weekly_update_20260916T201000Z_f00d74fd,0.1.0-phase1,2026-09-16T20:10:00+00:00
BUNDESLIGA2627_MW26_233_Bayer04Leverkusen_1.FCKöln,26,Bayer 04 Leverkusen,1. FC Köln,2027-03-12T00:00:00+00:00,0.666,0.2026,0.1314,0.7221,0.166,0.1119,,,,False,early_week_mode,weekly_update_20260916T201000Z_f00d74fd,0.1.0-phase1,2026-09-16T20:10:00+00:00
BUNDESLIGA2627_MW26_234_FCBayernMünchen_1.FSVMainz05,26,FC Bayern München,1. FSV Mainz 05,2027-03-12T00:00:00+00:00,0.7577,0.1584,0.0839,0.8088,0.1239,0.0674,,,,False,early_week_mode,weekly_update_20260916T201000Z_f00d74fd,0.1.0-phase1,2026-09-16T20:10:00+00:00
BUNDESLIGA2627_MW27_235_SCPaderborn07_Bayer04Leverkusen,27,SC Paderborn 07,Bayer 04 Leverkusen,2027-03-19T00:00:00+00:00,0.1446,0.1848,0.6706,0.0317,0.2314,0.7369,,,,False,early_week_mode,weekly_update_20260916T201000Z_f00d74fd,0.1.0-phase1,2026-09-16T20:10:00+00:00
BUNDESLIGA2627_MW27_236_1.FCKöln_FCBayernMünchen,27,1. FC Köln,FC Bayern München,2027-03-19T00:00:00+00:00,0.1137,0.1906,0.6957,0.0798,0.1252,0.795,,,,False,early_week_mode,weekly_update_20260916T201000Z_f00d74fd,0.1.0-phase1,2026-09-16T20:10:00+00:00
BUNDESLIGA2627_MW27_237_HamburgerSV_SVWerderBremen,27,Hamburger SV,SV Werder Bremen,2027-03-19T00:00:00+00:00,0.3615,0.2636,0.3749,0.3474,0.2866,0.366,,,,False,early_week_mode,weekly_update_20260916T201000Z_f00d74fd,0.1.0-phase1,2026-09-16T20:10:00+00:00
BUNDESLIGA2627_MW27_238_1.FSVMainz05_FCAugsburg,27,1. FSV Mainz 05,FC Augsburg,2027-03-19T00:00:00+00:00,0.451,0.2718,0.2772,0.4668,0.2687,0.2645,,,,False,early_week_mode,weekly_update_20260916T201000Z_f00d74fd,0.1.0-phase1,2026-09-16T20:10:00+00:00
BUNDESLIGA2627_MW27_239_Sport-ClubFreiburg_SVElversberg,27,Sport-Club Freiburg,SV Elversberg,2027-03-19T00:00:00+00:00,0.3521,0.2644,0.3835,0.375,0.2006,0.4243,,,,False,early_week_mode,weekly_update_20260916T201000Z_f00d74fd,0.1.0-phase1,2026-09-16T20:10:00+00:00
BUNDESLIGA2627_MW27_240_TSGHoffenheim_EintrachtFrankfurt,27,TSG Hoffenheim,Eintracht Frankfurt,2027-03-19T00:00:00+00:00,0.4609,0.2578,0.2813,0.4707,0.2167,0.3127,,,,False,early_week_mode,weekly_update_20260916T201000Z_f00d74fd,0.1.0-phase1,2026-09-16T20:10:00+00:00
BUNDESLIGA2627_MW27_241_VfBStuttgart_FCSchalke04,27,VfB Stuttgart,FC Schalke 04,2027-03-19T00:00:00+00:00,0.5497,0.2779,0.1724,0.6611,0.205,0.1339,,,,False,early_week_mode,weekly_update_20260916T201000Z_f00d74fd,0.1.0-phase1,2026-09-16T20:10:00+00:00
BUNDESLIGA2627_MW27_242_RBLeipzig_1.FCUnionBerlin,27,RB Leipzig,1. FC Union Berlin,2027-03-19T00:00:00+00:00,0.6508,0.2079,0.1413,0.6723,0.1942,0.1336,,,,False,early_week_mode,weekly_update_20260916T201000Z_f00d74fd,0.1.0-phase1,2026-09-16T20:10:00+00:00
BUNDESLIGA2627_MW27_243_BorussiaDortmund_BorussiaMönchengladbach,27,Borussia Dortmund,Borussia Mönchengladbach,2027-03-19T00:00:00+00:00,0.6721,0.2043,0.1237,0.7231,0.1722,0.1047,,,,False,early_week_mode,weekly_update_20260916T201000Z_f00d74fd,0.1.0-phase1,2026-09-16T20:10:00+00:00
BUNDESLIGA2627_MW28_244_SVElversberg_1.FCKöln,28,SV Elversberg,1. FC Köln,2027-04-02T00:00:00+00:00,0.622,0.2428,0.1352,0.7371,0.1359,0.1269,,,,False,early_week_mode,weekly_update_20260916T201000Z_f00d74fd,0.1.0-phase1,2026-09-16T20:10:00+00:00
BUNDESLIGA2627_MW28_245_FCSchalke04_SCPaderborn07,28,FC Schalke 04,SC Paderborn 07,2027-04-02T00:00:00+00:00,0.5539,0.2553,0.1909,0.5724,0.3734,0.0541,,,,False,early_week_mode,weekly_update_20260916T201000Z_f00d74fd,0.1.0-phase1,2026-09-16T20:10:00+00:00
BUNDESLIGA2627_MW28_246_BorussiaMönchengladbach_SVWerderBremen,28,Borussia Mönchengladbach,SV Werder Bremen,2027-04-02T00:00:00+00:00,0.4803,0.2388,0.2809,0.4468,0.2664,0.2868,,,,False,early_week_mode,weekly_update_20260916T201000Z_f00d74fd,0.1.0-phase1,2026-09-16T20:10:00+00:00
BUNDESLIGA2627_MW28_247_1.FCUnionBerlin_1.FSVMainz05,28,1. FC Union Berlin,1. FSV Mainz 05,2027-04-02T00:00:00+00:00,0.3502,0.2599,0.3899,0.3236,0.2803,0.3961,,,,False,early_week_mode,weekly_update_20260916T201000Z_f00d74fd,0.1.0-phase1,2026-09-16T20:10:00+00:00
BUNDESLIGA2627_MW28_248_FCAugsburg_TSGHoffenheim,28,FC Augsburg,TSG Hoffenheim,2027-04-02T00:00:00+00:00,0.374,0.2992,0.3268,0.4034,0.2468,0.3498,,,,False,early_week_mode,weekly_update_20260916T201000Z_f00d74fd,0.1.0-phase1,2026-09-16T20:10:00+00:00
BUNDESLIGA2627_MW28_249_EintrachtFrankfurt_VfBStuttgart,28,Eintracht Frankfurt,VfB Stuttgart,2027-04-02T00:00:00+00:00,0.3724,0.2693,0.3583,0.36,0.2212,0.4188,,,,False,early_week_mode,weekly_update_20260916T201000Z_f00d74fd,0.1.0-phase1,2026-09-16T20:10:00+00:00
BUNDESLIGA2627_MW28_250_Bayer04Leverkusen_BorussiaDortmund,28,Bayer 04 Leverkusen,Borussia Dortmund,2027-04-02T00:00:00+00:00,0.3661,0.2768,0.3571,0.401,0.2518,0.3472,,,,False,early_week_mode,weekly_update_20260916T201000Z_f00d74fd,0.1.0-phase1,2026-09-16T20:10:00+00:00
BUNDESLIGA2627_MW28_251_RBLeipzig_Sport-ClubFreiburg,28,RB Leipzig,Sport-Club Freiburg,2027-04-02T00:00:00+00:00,0.5673,0.2204,0.2123,0.5576,0.2238,0.2185,,,,False,early_week_mode,weekly_update_20260916T201000Z_f00d74fd,0.1.0-phase1,2026-09-16T20:10:00+00:00
BUNDESLIGA2627_MW28_252_FCBayernMünchen_HamburgerSV,28,FC Bayern München,Hamburger SV,2027-04-02T00:00:00+00:00,0.8042,0.1362,0.0596,0.9118,0.0642,0.0241,,,,False,early_week_mode,weekly_update_20260916T201000Z_f00d74fd,0.1.0-phase1,2026-09-16T20:10:00+00:00
BUNDESLIGA2627_MW29_253_SCPaderborn07_FCBayernMünchen,29,SC Paderborn 07,FC Bayern München,2027-04-09T00:00:00+00:00,0.0876,0.1275,0.7849,0.0118,0.1145,0.8737,,,,False,early_week_mode,weekly_update_20260916T201000Z_f00d74fd,0.1.0-phase1,2026-09-16T20:10:00+00:00
BUNDESLIGA2627_MW29_254_SVWerderBremen_EintrachtFrankfurt,29,SV Werder Bremen,Eintracht Frankfurt,2027-04-09T00:00:00+00:00,0.3417,0.2994,0.3589,0.3494,0.2479,0.4026,,,,False,early_week_mode,weekly_update_20260916T201000Z_f00d74fd,0.1.0-phase1,2026-09-16T20:10:00+00:00
BUNDESLIGA2627_MW29_255_1.FCKöln_FCAugsburg,29,1. FC Köln,FC Augsburg,2027-04-09T00:00:00+00:00,0.3623,0.2815,0.3561,0.3811,0.2612,0.3578,,,,False,early_week_mode,weekly_update_20260916T201000Z_f00d74fd,0.1.0-phase1,2026-09-16T20:10:00+00:00
BUNDESLIGA2627_MW29_256_HamburgerSV_1.FCUnionBerlin,29,Hamburger SV,1. FC Union Berlin,2027-04-09T00:00:00+00:00,0.3626,0.2975,0.3398,0.3677,0.2846,0.3477,,,,False,early_week_mode,weekly_update_20260916T201000Z_f00d74fd,0.1.0-phase1,2026-09-16T20:10:00+00:00
BUNDESLIGA2627_MW29_257_BorussiaMönchengladbach_Bayer04Leverkusen,29,Borussia Mönchengladbach,Bayer 04 Leverkusen,2027-04-09T00:00:00+00:00,0.2545,0.2588,0.4867,0.2232,0.2311,0.5457,,,,False,early_week_mode,weekly_update_20260916T201000Z_f00d74fd,0.1.0-phase1,2026-09-16T20:10:00+00:00
BUNDESLIGA2627_MW29_258_1.FSVMainz05_RBLeipzig,29,1. FSV Mainz 05,RB Leipzig,2027-04-09T00:00:00+00:00,0.2946,0.299,0.4064,0.3268,0.2631,0.41,,,,False,early_week_mode,weekly_update_20260916T201000Z_f00d74fd,0.1.0-phase1,2026-09-16T20:10:00+00:00
BUNDESLIGA2627_MW29_259_TSGHoffenheim_Sport-ClubFreiburg,29,TSG Hoffenheim,Sport-Club Freiburg,2027-04-09T00:00:00+00:00,0.4458,0.2491,0.3051,0.4485,0.2344,0.3171,,,,False,early_week_mode,weekly_update_20260916T201000Z_f00d74fd,0.1.0-phase1,2026-09-16T20:10:00+00:00
BUNDESLIGA2627_MW29_260_VfBStuttgart_SVElversberg,29,VfB Stuttgart,SV Elversberg,2027-04-09T00:00:00+00:00,0.4052,0.2712,0.3236,0.4956,0.1854,0.3191,,,,False,early_week_mode,weekly_update_20260916T201000Z_f00d74fd,0.1.0-phase1,2026-09-16T20:10:00+00:00
BUNDESLIGA2627_MW29_261_BorussiaDortmund_FCSchalke04,29,Borussia Dortmund,FC Schalke 04,2027-04-09T00:00:00+00:00,0.6649,0.2264,0.1088,0.7241,0.1851,0.0908,,,,False,early_week_mode,weekly_update_20260916T201000Z_f00d74fd,0.1.0-phase1,2026-09-16T20:10:00+00:00
BUNDESLIGA2627_MW30_262_SVElversberg_SCPaderborn07,30,SV Elversberg,SC Paderborn 07,2027-04-16T00:00:00+00:00,0.7234,0.1926,0.084,0.8764,0.108,0.0157,,,,False,early_week_mode,weekly_update_20260916T201000Z_f00d74fd,0.1.0-phase1,2026-09-16T20:10:00+00:00
BUNDESLIGA2627_MW30_263_FCSchalke04_HamburgerSV,30,FC Schalke 04,Hamburger SV,2027-04-16T00:00:00+00:00,0.4574,0.283,0.2595,0.4496,0.2976,0.2529,,,,False,early_week_mode,weekly_update_20260916T201000Z_f00d74fd,0.1.0-phase1,2026-09-16T20:10:00+00:00
BUNDESLIGA2627_MW30_264_1.FCUnionBerlin_VfBStuttgart,30,1. FC Union Berlin,VfB Stuttgart,2027-04-16T00:00:00+00:00,0.2773,0.2636,0.4591,0.2393,0.2327,0.528,,,,False,early_week_mode,weekly_update_20260916T201000Z_f00d74fd,0.1.0-phase1,2026-09-16T20:10:00+00:00
BUNDESLIGA2627_MW30_265_FCAugsburg_BorussiaDortmund,30,FC Augsburg,Borussia Dortmund,2027-04-16T00:00:00+00:00,0.2219,0.2591,0.519,0.217,0.2416,0.5414,,,,False,early_week_mode,weekly_update_20260916T201000Z_f00d74fd,0.1.0-phase1,2026-09-16T20:10:00+00:00
BUNDESLIGA2627_MW30_266_EintrachtFrankfurt_BorussiaMönchengladbach,30,Eintracht Frankfurt,Borussia Mönchengladbach,2027-04-16T00:00:00+00:00,0.4945,0.2587,0.2468,0.5503,0.2189,0.2308,,,,False,early_week_mode,weekly_update_20260916T201000Z_f00d74fd,0.1.0-phase1,2026-09-16T20:10:00+00:00
BUNDESLIGA2627_MW30_267_Sport-ClubFreiburg_1.FSVMainz05,30,Sport-Club Freiburg,1. FSV Mainz 05,2027-04-16T00:00:00+00:00,0.4619,0.2642,0.2739,0.452,0.2618,0.2862,,,,False,early_week_mode,weekly_update_20260916T201000Z_f00d74fd,0.1.0-phase1,2026-09-16T20:10:00+00:00
BUNDESLIGA2627_MW30_268_Bayer04Leverkusen_SVWerderBremen,30,Bayer 04 Leverkusen,SV Werder Bremen,2027-04-16T00:00:00+00:00,0.6583,0.1994,0.1423,0.6929,0.1864,0.1207,,,,False,early_week_mode,weekly_update_20260916T201000Z_f00d74fd,0.1.0-phase1,2026-09-16T20:10:00+00:00
BUNDESLIGA2627_MW30_269_RBLeipzig_1.FCKöln,30,RB Leipzig,1. FC Köln,2027-04-16T00:00:00+00:00,0.6696,0.1909,0.1395,0.6779,0.1844,0.1377,,,,False,early_week_mode,weekly_update_20260916T201000Z_f00d74fd,0.1.0-phase1,2026-09-16T20:10:00+00:00
BUNDESLIGA2627_MW30_270_FCBayernMünchen_TSGHoffenheim,30,FC Bayern München,TSG Hoffenheim,2027-04-16T00:00:00+00:00,0.7427,0.1747,0.0826,0.8424,0.0975,0.0601,,,,False,early_week_mode,weekly_update_20260916T201000Z_f00d74fd,0.1.0-phase1,2026-09-16T20:10:00+00:00
BUNDESLIGA2627_MW31_271_SCPaderborn07_FCAugsburg,31,SC Paderborn 07,FC Augsburg,2027-04-23T00:00:00+00:00,0.2207,0.2273,0.552,0.0644,0.353,0.5826,,,,False,early_week_mode,weekly_update_20260916T201000Z_f00d74fd,0.1.0-phase1,2026-09-16T20:10:00+00:00
BUNDESLIGA2627_MW31_272_SVWerderBremen_FCBayernMünchen,31,SV Werder Bremen,FC Bayern München,2027-04-23T00:00:00+00:00,0.1202,0.1976,0.6823,0.0886,0.1442,0.7672,,,,False,early_week_mode,weekly_update_20260916T201000Z_f00d74fd,0.1.0-phase1,2026-09-16T20:10:00+00:00
BUNDESLIGA2627_MW31_273_1.FCKöln_1.FSVMainz05,31,1. FC Köln,1. FSV Mainz 05,2027-04-23T00:00:00+00:00,0.3405,0.2805,0.379,0.3403,0.267,0.3926,,,,False,early_week_mode,weekly_update_20260916T201000Z_f00d74fd,0.1.0-phase1,2026-09-16T20:10:00+00:00
BUNDESLIGA2627_MW31_274_HamburgerSV_SVElversberg,31,Hamburger SV,SV Elversberg,2027-04-23T00:00:00+00:00,0.2004,0.2118,0.5879,0.1842,0.179,0.6368,,,,False,early_week_mode,weekly_update_20260916T201000Z_f00d74fd,0.1.0-phase1,2026-09-16T20:10:00+00:00
BUNDESLIGA2627_MW31_275_BorussiaMönchengladbach_FCSchalke04,31,Borussia Mönchengladbach,FC Schalke 04,2027-04-23T00:00:00+00:00,0.4695,0.2578,0.2727,0.4634,0.2819,0.2546,,,,False,early_week_mode,weekly_update_20260916T201000Z_f00d74fd,0.1.0-phase1,2026-09-16T20:10:00+00:00
BUNDESLIGA2627_MW31_276_EintrachtFrankfurt_Bayer04Leverkusen,31,Eintracht Frankfurt,Bayer 04 Leverkusen,2027-04-23T00:00:00+00:00,0.3004,0.2629,0.4367,0.2996,0.2252,0.4753,,,,False,early_week_mode,weekly_update_20260916T201000Z_f00d74fd,0.1.0-phase1,2026-09-16T20:10:00+00:00
BUNDESLIGA2627_MW31_277_TSGHoffenheim_1.FCUnionBerlin,31,TSG Hoffenheim,1. FC Union Berlin,2027-04-23T00:00:00+00:00,0.551,0.2443,0.2047,0.5758,0.2202,0.204,,,,False,early_week_mode,weekly_update_20260916T201000Z_f00d74fd,0.1.0-phase1,2026-09-16T20:10:00+00:00
BUNDESLIGA2627_MW31_278_VfBStuttgart_Sport-ClubFreiburg,31,VfB Stuttgart,Sport-Club Freiburg,2027-04-23T00:00:00+00:00,0.489,0.258,0.253,0.5584,0.2158,0.2258,,,,False,early_week_mode,weekly_update_20260916T201000Z_f00d74fd,0.1.0-phase1,2026-09-16T20:10:00+00:00
BUNDESLIGA2627_MW31_279_BorussiaDortmund_RBLeipzig,31,Borussia Dortmund,RB Leipzig,2027-04-23T00:00:00+00:00,0.5066,0.2713,0.2221,0.5444,0.2303,0.2252,,,,False,early_week_mode,weekly_update_20260916T201000Z_f00d74fd,0.1.0-phase1,2026-09-16T20:10:00+00:00
BUNDESLIGA2627_MW32_280_SVElversberg_TSGHoffenheim,32,SV Elversberg,TSG Hoffenheim,2027-05-07T00:00:00+00:00,0.5252,0.2625,0.2123,0.6307,0.1614,0.2079,,,,False,early_week_mode,weekly_update_20260916T201000Z_f00d74fd,0.1.0-phase1,2026-09-16T20:10:00+00:00
BUNDESLIGA2627_MW32_281_FCSchalke04_EintrachtFrankfurt,32,FC Schalke 04,Eintracht Frankfurt,2027-05-07T00:00:00+00:00,0.3257,0.2716,0.4027,0.3098,0.2649,0.4253,,,,False,early_week_mode,weekly_update_20260916T201000Z_f00d74fd,0.1.0-phase1,2026-09-16T20:10:00+00:00
BUNDESLIGA2627_MW32_282_1.FCUnionBerlin_SVWerderBremen,32,1. FC Union Berlin,SV Werder Bremen,2027-05-07T00:00:00+00:00,0.4284,0.2448,0.3268,0.4069,0.2779,0.3152,,,,False,early_week_mode,weekly_update_20260916T201000Z_f00d74fd,0.1.0-phase1,2026-09-16T20:10:00+00:00
BUNDESLIGA2627_MW32_283_1.FSVMainz05_BorussiaDortmund,32,1. FSV Mainz 05,Borussia Dortmund,2027-05-07T00:00:00+00:00,0.2367,0.2659,0.4974,0.247,0.2579,0.4951,,,,False,early_week_mode,weekly_update_20260916T201000Z_f00d74fd,0.1.0-phase1,2026-09-16T20:10:00+00:00
BUNDESLIGA2627_MW32_284_FCAugsburg_VfBStuttgart,32,FC Augsburg,VfB Stuttgart,2027-05-07T00:00:00+00:00,0.329,0.2873,0.3837,0.3039,0.2433,0.4528,,,,False,early_week_mode,weekly_update_20260916T201000Z_f00d74fd,0.1.0-phase1,2026-09-16T20:10:00+00:00
BUNDESLIGA2627_MW32_285_Sport-ClubFreiburg_1.FCKöln,32,Sport-Club Freiburg,1. FC Köln,2027-05-07T00:00:00+00:00,0.5502,0.2474,0.2024,0.5715,0.2223,0.2062,,,,False,early_week_mode,weekly_update_20260916T201000Z_f00d74fd,0.1.0-phase1,2026-09-16T20:10:00+00:00
BUNDESLIGA2627_MW32_286_Bayer04Leverkusen_HamburgerSV,32,Bayer 04 Leverkusen,Hamburger SV,2027-05-07T00:00:00+00:00,0.692,0.1948,0.1132,0.7591,0.1572,0.0837,,,,False,early_week_mode,weekly_update_20260916T201000Z_f00d74fd,0.1.0-phase1,2026-09-16T20:10:00+00:00
BUNDESLIGA2627_MW32_287_RBLeipzig_SCPaderborn07,32,RB Leipzig,SC Paderborn 07,2027-05-07T00:00:00+00:00,0.7148,0.1944,0.0908,0.7933,0.1854,0.0213,,,,False,early_week_mode,weekly_update_20260916T201000Z_f00d74fd,0.1.0-phase1,2026-09-16T20:10:00+00:00
BUNDESLIGA2627_MW32_288_FCBayernMünchen_BorussiaMönchengladbach,32,FC Bayern München,Borussia Mönchengladbach,2027-05-07T00:00:00+00:00,0.7682,0.1587,0.0731,0.8746,0.0847,0.0407,,,,False,early_week_mode,weekly_update_20260916T201000Z_f00d74fd,0.1.0-phase1,2026-09-16T20:10:00+00:00
BUNDESLIGA2627_MW33_289_SCPaderborn07_1.FCUnionBerlin,33,SC Paderborn 07,1. FC Union Berlin,2027-05-14T00:00:00+00:00,0.2592,0.2595,0.4813,0.0795,0.39,0.5305,,,,False,early_week_mode,weekly_update_20260916T201000Z_f00d74fd,0.1.0-phase1,2026-09-16T20:10:00+00:00
BUNDESLIGA2627_MW33_290_SVWerderBremen_FCSchalke04,33,SV Werder Bremen,FC Schalke 04,2027-05-14T00:00:00+00:00,0.4337,0.2718,0.2945,0.4422,0.2946,0.2632,,,,False,early_week_mode,weekly_update_20260916T201000Z_f00d74fd,0.1.0-phase1,2026-09-16T20:10:00+00:00
BUNDESLIGA2627_MW33_291_HamburgerSV_Sport-ClubFreiburg,33,Hamburger SV,Sport-Club Freiburg,2027-05-14T00:00:00+00:00,0.2658,0.2739,0.4603,0.2614,0.26,0.4785,,,,False,early_week_mode,weekly_update_20260916T201000Z_f00d74fd,0.1.0-phase1,2026-09-16T20:10:00+00:00
BUNDESLIGA2627_MW33_292_BorussiaMönchengladbach_FCAugsburg,33,Borussia Mönchengladbach,FC Augsburg,2027-05-14T00:00:00+00:00,0.4223,0.2573,0.3204,0.4001,0.2666,0.3334,,,,False,early_week_mode,weekly_update_20260916T201000Z_f00d74fd,0.1.0-phase1,2026-09-16T20:10:00+00:00
BUNDESLIGA2627_MW33_293_EintrachtFrankfurt_SVElversberg,33,Eintracht Frankfurt,SV Elversberg,2027-05-14T00:00:00+00:00,0.3439,0.2467,0.4094,0.3701,0.1864,0.4435,,,,False,early_week_mode,weekly_update_20260916T201000Z_f00d74fd,0.1.0-phase1,2026-09-16T20:10:00+00:00
BUNDESLIGA2627_MW33_294_Bayer04Leverkusen_FCBayernMünchen,33,Bayer 04 Leverkusen,FC Bayern München,2027-05-14T00:00:00+00:00,0.2319,0.2502,0.518,0.2561,0.2136,0.5303,,,,False,early_week_mode,weekly_update_20260916T201000Z_f00d74fd,0.1.0-phase1,2026-09-16T20:10:00+00:00
BUNDESLIGA2627_MW33_295_TSGHoffenheim_1.FSVMainz05,33,TSG Hoffenheim,1. FSV Mainz 05,2027-05-14T00:00:00+00:00,0.4764,0.2409,0.2826,0.4536,0.2483,0.298,,,,False,early_week_mode,weekly_update_20260916T201000Z_f00d74fd,0.1.0-phase1,2026-09-16T20:10:00+00:00
BUNDESLIGA2627_MW33_296_VfBStuttgart_RBLeipzig,33,VfB Stuttgart,RB Leipzig,2027-05-14T00:00:00+00:00,0.3704,0.2895,0.34,0.4507,0.2317,0.3176,,,,False,early_week_mode,weekly_update_20260916T201000Z_f00d74fd,0.1.0-phase1,2026-09-16T20:10:00+00:00
BUNDESLIGA2627_MW33_297_BorussiaDortmund_1.FCKöln,33,Borussia Dortmund,1. FC Köln,2027-05-14T00:00:00+00:00,0.7151,0.1795,0.1054,0.7521,0.1557,0.0922,,,,False,early_week_mode,weekly_update_20260916T201000Z_f00d74fd,0.1.0-phase1,2026-09-16T20:10:00+00:00
BUNDESLIGA2627_MW34_298_SVElversberg_SVWerderBremen,34,SV Elversberg,SV Werder Bremen,2027-05-22T13:30:00+00:00,0.6082,0.2448,0.1471,0.7094,0.1529,0.1377,,,,False,early_week_mode,weekly_update_20260916T201000Z_f00d74fd,0.1.0-phase1,2026-09-16T20:10:00+00:00
BUNDESLIGA2627_MW34_299_FCSchalke04_Bayer04Leverkusen,34,FC Schalke 04,Bayer 04 Leverkusen,2027-05-22T13:30:00+00:00,0.2231,0.2327,0.5441,0.1889,0.2482,0.5629,,,,False,early_week_mode,weekly_update_20260916T201000Z_f00d74fd,0.1.0-phase1,2026-09-16T20:10:00+00:00
BUNDESLIGA2627_MW34_300_1.FCKöln_SCPaderborn07,34,1. FC Köln,SC Paderborn 07,2027-05-22T13:30:00+00:00,0.5633,0.2522,0.1845,0.6577,0.2936,0.0487,,,,False,early_week_mode,weekly_update_20260916T201000Z_f00d74fd,0.1.0-phase1,2026-09-16T20:10:00+00:00
BUNDESLIGA2627_MW34_301_1.FCUnionBerlin_BorussiaMönchengladbach,34,1. FC Union Berlin,Borussia Mönchengladbach,2027-05-22T13:30:00+00:00,0.3901,0.2694,0.3405,0.3995,0.2694,0.3311,,,,False,early_week_mode,weekly_update_20260916T201000Z_f00d74fd,0.1.0-phase1,2026-09-16T20:10:00+00:00
BUNDESLIGA2627_MW34_302_1.FSVMainz05_VfBStuttgart,34,1. FSV Mainz 05,VfB Stuttgart,2027-05-22T13:30:00+00:00,0.3517,0.2882,0.3602,0.3396,0.2532,0.4072,,,,False,early_week_mode,weekly_update_20260916T201000Z_f00d74fd,0.1.0-phase1,2026-09-16T20:10:00+00:00
BUNDESLIGA2627_MW34_303_FCAugsburg_HamburgerSV,34,FC Augsburg,Hamburger SV,2027-05-22T13:30:00+00:00,0.537,0.2604,0.2026,0.5558,0.2493,0.195,,,,False,early_week_mode,weekly_update_20260916T201000Z_f00d74fd,0.1.0-phase1,2026-09-16T20:10:00+00:00
BUNDESLIGA2627_MW34_304_Sport-ClubFreiburg_BorussiaDortmund,34,Sport-Club Freiburg,Borussia Dortmund,2027-05-22T13:30:00+00:00,0.2584,0.268,0.4736,0.2619,0.2441,0.494,,,,False,early_week_mode,weekly_update_20260916T201000Z_f00d74fd,0.1.0-phase1,2026-09-16T20:10:00+00:00
BUNDESLIGA2627_MW34_305_RBLeipzig_TSGHoffenheim,34,RB Leipzig,TSG Hoffenheim,2027-05-22T13:30:00+00:00,0.5661,0.2354,0.1985,0.5837,0.2065,0.2097,,,,False,early_week_mode,weekly_update_20260916T201000Z_f00d74fd,0.1.0-phase1,2026-09-16T20:10:00+00:00
BUNDESLIGA2627_MW34_306_FCBayernMünchen_EintrachtFrankfurt,34,FC Bayern München,Eintracht Frankfurt,2027-05-22T13:30:00+00:00,0.7522,0.1674,0.0805,0.8455,0.095,0.0595,,,,False,early_week_mode,weekly_update_20260916T201000Z_f00d74fd,0.1.0-phase1,2026-09-16T20:10:00+00:00
