match_id,home_team,away_team,top_factors_favoring_home,top_factors_favoring_draw,top_factors_favoring_away,top_factors_affecting_scoreline,market_disagreement_explanation,squad_injury_explanation,schedule_congestion_explanation,uncertainty_explanation,data_quality_notes,model_version,generated_at
SERIEA2627_MW01_005_Internazionale_Monza,Internazionale,Monza,Dixon-Coles attack/defense edge (lambda=3.78 expected goals) plus home advantage.,Model does not see this as a close match.,Dixon-Coles attack/defense edge (mu=0.52 expected goals).,"Fitted home advantage log-coefficient=0.109, low-score correlation rho=-0.023.",No real market odds available for this fixture yet -- model-only prediction.,"Established club vs promoted club; no verified injury/lineup feed connected, so squad_injury factors are not incorporated (see data_quality_notes).","rest_day_diff=, congestion_diff= (matches in last 7 days, home minus away).",Promoted-club opponent: wide team-strength uncertainty (see serie_a_2026_27_dynamic_team_strength.csv).,data_quality_score=0.2 (market/injury/lineup/squad-transfer feeds unavailable).,0.1.0-phase1,2026-09-16T19:12:25+00:00
SERIEA2627_MW01_009_Udinese_Como,Udinese,Como,Dixon-Coles attack/defense edge (lambda=0.91 expected goals) plus home advantage.,Model does not see this as a close match.,Dixon-Coles attack/defense edge (mu=1.59 expected goals).,"Fitted home advantage log-coefficient=0.109, low-score correlation rho=-0.023.",No real market odds available for this fixture yet -- model-only prediction.,"Established club vs established club; no verified injury/lineup feed connected, so squad_injury factors are not incorporated (see data_quality_notes).","rest_day_diff=, congestion_diff= (matches in last 7 days, home minus away).",Both clubs have substantial recent Serie A history informing this estimate.,data_quality_score=0.2 (market/injury/lineup/squad-transfer feeds unavailable).,0.1.0-phase1,2026-09-16T19:12:25+00:00
SERIEA2627_MW01_004_Genoa_Napoli,Genoa,Napoli,Dixon-Coles attack/defense edge (lambda=0.85 expected goals) plus home advantage.,Model does not see this as a close match.,Dixon-Coles attack/defense edge (mu=1.48 expected goals).,"Fitted home advantage log-coefficient=0.109, low-score correlation rho=-0.023.",No real market odds available for this fixture yet -- model-only prediction.,"Established club vs established club; no verified injury/lineup feed connected, so squad_injury factors are not incorporated (see data_quality_notes).","rest_day_diff=, congestion_diff= (matches in last 7 days, home minus away).",Both clubs have substantial recent Serie A history informing this estimate.,data_quality_score=0.2 (market/injury/lineup/squad-transfer feeds unavailable).,0.1.0-phase1,2026-09-16T19:12:25+00:00
SERIEA2627_MW01_006_Parma_Cagliari,Parma,Cagliari,Dixon-Coles attack/defense edge (lambda=1.07 expected goals) plus home advantage.,Scoreline entropy 2.67 nats; teams of similar fitted strength.,Dixon-Coles attack/defense edge (mu=1.03 expected goals).,"Fitted home advantage log-coefficient=0.109, low-score correlation rho=-0.023.",No real market odds available for this fixture yet -- model-only prediction.,"Established club vs established club; no verified injury/lineup feed connected, so squad_injury factors are not incorporated (see data_quality_notes).","rest_day_diff=, congestion_diff= (matches in last 7 days, home minus away).",Both clubs have substantial recent Serie A history informing this estimate.,data_quality_score=0.2 (market/injury/lineup/squad-transfer feeds unavailable).,0.1.0-phase1,2026-09-16T19:12:25+00:00
SERIEA2627_MW01_003_Frosinone_Juventus,Frosinone,Juventus,Dixon-Coles attack/defense edge (lambda=0.71 expected goals) plus home advantage.,Model does not see this as a close match.,Dixon-Coles attack/defense edge (mu=2.45 expected goals).,"Fitted home advantage log-coefficient=0.109, low-score correlation rho=-0.023.",No real market odds available for this fixture yet -- model-only prediction.,"Promoted club vs established club; no verified injury/lineup feed connected, so squad_injury factors are not incorporated (see data_quality_notes).","rest_day_diff=, congestion_diff= (matches in last 7 days, home minus away).",Promoted-club opponent: wide team-strength uncertainty (see serie_a_2026_27_dynamic_team_strength.csv).,data_quality_score=0.2 (market/injury/lineup/squad-transfer feeds unavailable).,0.1.0-phase1,2026-09-16T19:12:25+00:00
SERIEA2627_MW01_010_Venezia_Lecce,Venezia,Lecce,Dixon-Coles attack/defense edge (lambda=0.82 expected goals) plus home advantage.,Scoreline entropy 2.50 nats; teams of similar fitted strength.,Dixon-Coles attack/defense edge (mu=1.01 expected goals).,"Fitted home advantage log-coefficient=0.109, low-score correlation rho=-0.023.",No real market odds available for this fixture yet -- model-only prediction.,"Promoted club vs established club; no verified injury/lineup feed connected, so squad_injury factors are not incorporated (see data_quality_notes).","rest_day_diff=, congestion_diff= (matches in last 7 days, home minus away).",Promoted-club opponent: wide team-strength uncertainty (see serie_a_2026_27_dynamic_team_strength.csv).,data_quality_score=0.2 (market/injury/lineup/squad-transfer feeds unavailable).,0.1.0-phase1,2026-09-16T19:12:25+00:00
SERIEA2627_MW01_001_Atalanta_Sassuolo,Atalanta,Sassuolo,Dixon-Coles attack/defense edge (lambda=1.90 expected goals) plus home advantage.,Model does not see this as a close match.,Dixon-Coles attack/defense edge (mu=0.92 expected goals).,"Fitted home advantage log-coefficient=0.109, low-score correlation rho=-0.023.",No real market odds available for this fixture yet -- model-only prediction.,"Established club vs established club; no verified injury/lineup feed connected, so squad_injury factors are not incorporated (see data_quality_notes).","rest_day_diff=, congestion_diff= (matches in last 7 days, home minus away).",Both clubs have substantial recent Serie A history informing this estimate.,data_quality_score=0.2 (market/injury/lineup/squad-transfer feeds unavailable).,0.1.0-phase1,2026-09-16T19:12:25+00:00
SERIEA2627_MW01_008_Torino_Milan,Torino,Milan,Dixon-Coles attack/defense edge (lambda=1.01 expected goals) plus home advantage.,Model does not see this as a close match.,Dixon-Coles attack/defense edge (mu=1.62 expected goals).,"Fitted home advantage log-coefficient=0.109, low-score correlation rho=-0.023.",No real market odds available for this fixture yet -- model-only prediction.,"Established club vs established club; no verified injury/lineup feed connected, so squad_injury factors are not incorporated (see data_quality_notes).","rest_day_diff=, congestion_diff= (matches in last 7 days, home minus away).",Both clubs have substantial recent Serie A history informing this estimate.,data_quality_score=0.2 (market/injury/lineup/squad-transfer feeds unavailable).,0.1.0-phase1,2026-09-16T19:12:25+00:00
SERIEA2627_MW01_002_Bologna_Lazio,Bologna,Lazio,Dixon-Coles attack/defense edge (lambda=1.29 expected goals) plus home advantage.,Scoreline entropy 2.83 nats; teams of similar fitted strength.,Dixon-Coles attack/defense edge (mu=1.15 expected goals).,"Fitted home advantage log-coefficient=0.109, low-score correlation rho=-0.023.",No real market odds available for this fixture yet -- model-only prediction.,"Established club vs established club; no verified injury/lineup feed connected, so squad_injury factors are not incorporated (see data_quality_notes).","rest_day_diff=, congestion_diff= (matches in last 7 days, home minus away).",Both clubs have substantial recent Serie A history informing this estimate.,data_quality_score=0.2 (market/injury/lineup/squad-transfer feeds unavailable).,0.1.0-phase1,2026-09-16T19:12:25+00:00
SERIEA2627_MW01_007_Roma_Fiorentina,Roma,Fiorentina,Dixon-Coles attack/defense edge (lambda=1.63 expected goals) plus home advantage.,Model does not see this as a close match.,Dixon-Coles attack/defense edge (mu=0.88 expected goals).,"Fitted home advantage log-coefficient=0.109, low-score correlation rho=-0.023.",No real market odds available for this fixture yet -- model-only prediction.,"Established club vs established club; no verified injury/lineup feed connected, so squad_injury factors are not incorporated (see data_quality_notes).","rest_day_diff=, congestion_diff= (matches in last 7 days, home minus away).",Both clubs have substantial recent Serie A history informing this estimate.,data_quality_score=0.2 (market/injury/lineup/squad-transfer feeds unavailable).,0.1.0-phase1,2026-09-16T19:12:25+00:00
SERIEA2627_MW02_017_Milan_Venezia,Milan,Venezia,Dixon-Coles attack/defense edge (lambda=2.17 expected goals) plus home advantage.,Model does not see this as a close match.,Dixon-Coles attack/defense edge (mu=0.59 expected goals).,"Fitted home advantage log-coefficient=0.109, low-score correlation rho=-0.023.",No real market odds available for this fixture yet -- model-only prediction.,"Established club vs promoted club; no verified injury/lineup feed connected, so squad_injury factors are not incorporated (see data_quality_notes).","rest_day_diff=, congestion_diff= (matches in last 7 days, home minus away).",Promoted-club opponent: wide team-strength uncertainty (see serie_a_2026_27_dynamic_team_strength.csv).,data_quality_score=0.2 (market/injury/lineup/squad-transfer feeds unavailable).,0.1.0-phase1,2026-09-16T19:12:25+00:00
SERIEA2627_MW02_013_Fiorentina_Frosinone,Fiorentina,Frosinone,Dixon-Coles attack/defense edge (lambda=2.27 expected goals) plus home advantage.,Model does not see this as a close match.,Dixon-Coles attack/defense edge (mu=0.84 expected goals).,"Fitted home advantage log-coefficient=0.109, low-score correlation rho=-0.023.",No real market odds available for this fixture yet -- model-only prediction.,"Established club vs promoted club; no verified injury/lineup feed connected, so squad_injury factors are not incorporated (see data_quality_notes).","rest_day_diff=, congestion_diff= (matches in last 7 days, home minus away).",Promoted-club opponent: wide team-strength uncertainty (see serie_a_2026_27_dynamic_team_strength.csv).,data_quality_score=0.2 (market/injury/lineup/squad-transfer feeds unavailable).,0.1.0-phase1,2026-09-16T19:12:25+00:00
SERIEA2627_MW02_018_Monza_Udinese,Monza,Udinese,Dixon-Coles attack/defense edge (lambda=0.79 expected goals) plus home advantage.,Model does not see this as a close match.,Dixon-Coles attack/defense edge (mu=1.76 expected goals).,"Fitted home advantage log-coefficient=0.109, low-score correlation rho=-0.023.",No real market odds available for this fixture yet -- model-only prediction.,"Promoted club vs established club; no verified injury/lineup feed connected, so squad_injury factors are not incorporated (see data_quality_notes).","rest_day_diff=, congestion_diff= (matches in last 7 days, home minus away).",Promoted-club opponent: wide team-strength uncertainty (see serie_a_2026_27_dynamic_team_strength.csv).,data_quality_score=0.2 (market/injury/lineup/squad-transfer feeds unavailable).,0.1.0-phase1,2026-09-16T19:12:25+00:00
SERIEA2627_MW02_020_Sassuolo_Torino,Sassuolo,Torino,Dixon-Coles attack/defense edge (lambda=1.48 expected goals) plus home advantage.,Scoreline entropy 2.95 nats; teams of similar fitted strength.,Dixon-Coles attack/defense edge (mu=1.23 expected goals).,"Fitted home advantage log-coefficient=0.109, low-score correlation rho=-0.023.",No real market odds available for this fixture yet -- model-only prediction.,"Established club vs established club; no verified injury/lineup feed connected, so squad_injury factors are not incorporated (see data_quality_notes).","rest_day_diff=, congestion_diff= (matches in last 7 days, home minus away).",Both clubs have substantial recent Serie A history informing this estimate.,data_quality_score=0.2 (market/injury/lineup/squad-transfer feeds unavailable).,0.1.0-phase1,2026-09-16T19:12:25+00:00
SERIEA2627_MW02_014_Juventus_Parma,Juventus,Parma,Dixon-Coles attack/defense edge (lambda=1.63 expected goals) plus home advantage.,Model does not see this as a close match.,Dixon-Coles attack/defense edge (mu=0.62 expected goals).,"Fitted home advantage log-coefficient=0.109, low-score correlation rho=-0.023.",No real market odds available for this fixture yet -- model-only prediction.,"Established club vs established club; no verified injury/lineup feed connected, so squad_injury factors are not incorporated (see data_quality_notes).","rest_day_diff=, congestion_diff= (matches in last 7 days, home minus away).",Both clubs have substantial recent Serie A history informing this estimate.,data_quality_score=0.2 (market/injury/lineup/squad-transfer feeds unavailable).,0.1.0-phase1,2026-09-16T19:12:25+00:00
SERIEA2627_MW02_019_Napoli_Como,Napoli,Como,Dixon-Coles attack/defense edge (lambda=1.20 expected goals) plus home advantage.,Scoreline entropy 2.80 nats; teams of similar fitted strength.,Dixon-Coles attack/defense edge (mu=1.15 expected goals).,"Fitted home advantage log-coefficient=0.109, low-score correlation rho=-0.023.",No real market odds available for this fixture yet -- model-only prediction.,"Established club vs established club; no verified injury/lineup feed connected, so squad_injury factors are not incorporated (see data_quality_notes).","rest_day_diff=, congestion_diff= (matches in last 7 days, home minus away).",Both clubs have substantial recent Serie A history informing this estimate.,data_quality_score=0.2 (market/injury/lineup/squad-transfer feeds unavailable).,0.1.0-phase1,2026-09-16T19:12:25+00:00
SERIEA2627_MW02_012_Cagliari_Internazionale,Cagliari,Internazionale,Dixon-Coles attack/defense edge (lambda=0.86 expected goals) plus home advantage.,Model does not see this as a close match.,Dixon-Coles attack/defense edge (mu=2.42 expected goals).,"Fitted home advantage log-coefficient=0.109, low-score correlation rho=-0.023.",No real market odds available for this fixture yet -- model-only prediction.,"Established club vs established club; no verified injury/lineup feed connected, so squad_injury factors are not incorporated (see data_quality_notes).","rest_day_diff=, congestion_diff= (matches in last 7 days, home minus away).",Both clubs have substantial recent Serie A history informing this estimate.,data_quality_score=0.2 (market/injury/lineup/squad-transfer feeds unavailable).,0.1.0-phase1,2026-09-16T19:12:25+00:00
SERIEA2627_MW02_015_Lazio_Genoa,Lazio,Genoa,Dixon-Coles attack/defense edge (lambda=1.35 expected goals) plus home advantage.,Model does not see this as a close match.,Dixon-Coles attack/defense edge (mu=0.92 expected goals).,"Fitted home advantage log-coefficient=0.109, low-score correlation rho=-0.023.",No real market odds available for this fixture yet -- model-only prediction.,"Established club vs established club; no verified injury/lineup feed connected, so squad_injury factors are not incorporated (see data_quality_notes).","rest_day_diff=, congestion_diff= (matches in last 7 days, home minus away).",Both clubs have substantial recent Serie A history informing this estimate.,data_quality_score=0.2 (market/injury/lineup/squad-transfer feeds unavailable).,0.1.0-phase1,2026-09-16T19:12:25+00:00
SERIEA2627_MW02_016_Lecce_Roma,Lecce,Roma,Dixon-Coles attack/defense edge (lambda=0.59 expected goals) plus home advantage.,Model does not see this as a close match.,Dixon-Coles attack/defense edge (mu=1.59 expected goals).,"Fitted home advantage log-coefficient=0.109, low-score correlation rho=-0.023.",No real market odds available for this fixture yet -- model-only prediction.,"Established club vs established club; no verified injury/lineup feed connected, so squad_injury factors are not incorporated (see data_quality_notes).","rest_day_diff=, congestion_diff= (matches in last 7 days, home minus away).",Both clubs have substantial recent Serie A history informing this estimate.,data_quality_score=0.2 (market/injury/lineup/squad-transfer feeds unavailable).,0.1.0-phase1,2026-09-16T19:12:25+00:00
SERIEA2627_MW02_011_Atalanta_Bologna,Atalanta,Bologna,Dixon-Coles attack/defense edge (lambda=1.61 expected goals) plus home advantage.,Model does not see this as a close match.,Dixon-Coles attack/defense edge (mu=1.02 expected goals).,"Fitted home advantage log-coefficient=0.109, low-score correlation rho=-0.023.",No real market odds available for this fixture yet -- model-only prediction.,"Established club vs established club; no verified injury/lineup feed connected, so squad_injury factors are not incorporated (see data_quality_notes).","rest_day_diff=, congestion_diff= (matches in last 7 days, home minus away).",Both clubs have substantial recent Serie A history informing this estimate.,data_quality_score=0.2 (market/injury/lineup/squad-transfer feeds unavailable).,0.1.0-phase1,2026-09-16T19:12:25+00:00
SERIEA2627_MW03_025_Genoa_Como,Genoa,Como,Dixon-Coles attack/defense edge (lambda=0.85 expected goals) plus home advantage.,Model does not see this as a close match.,Dixon-Coles attack/defense edge (mu=1.58 expected goals).,"Fitted home advantage log-coefficient=0.109, low-score correlation rho=-0.023.",No real market odds available for this fixture yet -- model-only prediction.,"Established club vs established club; no verified injury/lineup feed connected, so squad_injury factors are not incorporated (see data_quality_notes).","rest_day_diff=, congestion_diff= (matches in last 7 days, home minus away).",Both clubs have substantial recent Serie A history informing this estimate.,data_quality_score=0.2 (market/injury/lineup/squad-transfer feeds unavailable).,0.1.0-phase1,2026-09-16T19:12:25+00:00
SERIEA2627_MW03_023_Fiorentina_Torino,Fiorentina,Torino,Dixon-Coles attack/defense edge (lambda=1.55 expected goals) plus home advantage.,Model does not see this as a close match.,Dixon-Coles attack/defense edge (mu=1.05 expected goals).,"Fitted home advantage log-coefficient=0.109, low-score correlation rho=-0.023.",No real market odds available for this fixture yet -- model-only prediction.,"Established club vs established club; no verified injury/lineup feed connected, so squad_injury factors are not incorporated (see data_quality_notes).","rest_day_diff=, congestion_diff= (matches in last 7 days, home minus away).",Both clubs have substantial recent Serie A history informing this estimate.,data_quality_score=0.2 (market/injury/lineup/squad-transfer feeds unavailable).,0.1.0-phase1,2026-09-16T19:12:25+00:00
SERIEA2627_MW03_026_Internazionale_Napoli,Internazionale,Napoli,Dixon-Coles attack/defense edge (lambda=1.75 expected goals) plus home advantage.,Model does not see this as a close match.,Dixon-Coles attack/defense edge (mu=1.08 expected goals).,"Fitted home advantage log-coefficient=0.109, low-score correlation rho=-0.023.",No real market odds available for this fixture yet -- model-only prediction.,"Established club vs established club; no verified injury/lineup feed connected, so squad_injury factors are not incorporated (see data_quality_notes).","rest_day_diff=, congestion_diff= (matches in last 7 days, home minus away).",Both clubs have substantial recent Serie A history informing this estimate.,data_quality_score=0.2 (market/injury/lineup/squad-transfer feeds unavailable).,0.1.0-phase1,2026-09-16T19:12:25+00:00
SERIEA2627_MW03_029_Roma_Atalanta,Roma,Atalanta,Dixon-Coles attack/defense edge (lambda=1.34 expected goals) plus home advantage.,Scoreline entropy 2.83 nats; teams of similar fitted strength.,Dixon-Coles attack/defense edge (mu=1.09 expected goals).,"Fitted home advantage log-coefficient=0.109, low-score correlation rho=-0.023.",No real market odds available for this fixture yet -- model-only prediction.,"Established club vs established club; no verified injury/lineup feed connected, so squad_injury factors are not incorporated (see data_quality_notes).","rest_day_diff=, congestion_diff= (matches in last 7 days, home minus away).",Both clubs have substantial recent Serie A history informing this estimate.,data_quality_score=0.2 (market/injury/lineup/squad-transfer feeds unavailable).,0.1.0-phase1,2026-09-16T19:12:25+00:00
SERIEA2627_MW03_024_Frosinone_Venezia,Frosinone,Venezia,Dixon-Coles attack/defense edge (lambda=1.33 expected goals) plus home advantage.,Scoreline entropy 2.86 nats; teams of similar fitted strength.,Dixon-Coles attack/defense edge (mu=1.17 expected goals).,"Fitted home advantage log-coefficient=0.109, low-score correlation rho=-0.023.",No real market odds available for this fixture yet -- model-only prediction.,"Promoted club vs promoted club; no verified injury/lineup feed connected, so squad_injury factors are not incorporated (see data_quality_notes).","rest_day_diff=, congestion_diff= (matches in last 7 days, home minus away).",Promoted-club opponent: wide team-strength uncertainty (see serie_a_2026_27_dynamic_team_strength.csv).,data_quality_score=0.2 (market/injury/lineup/squad-transfer feeds unavailable).,0.1.0-phase1,2026-09-16T19:12:25+00:00
SERIEA2627_MW03_028_Parma_Monza,Parma,Monza,Dixon-Coles attack/defense edge (lambda=1.49 expected goals) plus home advantage.,Model does not see this as a close match.,Dixon-Coles attack/defense edge (mu=0.69 expected goals).,"Fitted home advantage log-coefficient=0.109, low-score correlation rho=-0.023.",No real market odds available for this fixture yet -- model-only prediction.,"Established club vs promoted club; no verified injury/lineup feed connected, so squad_injury factors are not incorporated (see data_quality_notes).","rest_day_diff=, congestion_diff= (matches in last 7 days, home minus away).",Promoted-club opponent: wide team-strength uncertainty (see serie_a_2026_27_dynamic_team_strength.csv).,data_quality_score=0.2 (market/injury/lineup/squad-transfer feeds unavailable).,0.1.0-phase1,2026-09-16T19:12:25+00:00
SERIEA2627_MW03_021_Bologna_Sassuolo,Bologna,Sassuolo,Dixon-Coles attack/defense edge (lambda=1.63 expected goals) plus home advantage.,Model does not see this as a close match.,Dixon-Coles attack/defense edge (mu=1.12 expected goals).,"Fitted home advantage log-coefficient=0.109, low-score correlation rho=-0.023.",No real market odds available for this fixture yet -- model-only prediction.,"Established club vs established club; no verified injury/lineup feed connected, so squad_injury factors are not incorporated (see data_quality_notes).","rest_day_diff=, congestion_diff= (matches in last 7 days, home minus away).",Both clubs have substantial recent Serie A history informing this estimate.,data_quality_score=0.2 (market/injury/lineup/squad-transfer feeds unavailable).,0.1.0-phase1,2026-09-16T19:12:25+00:00
SERIEA2627_MW03_027_Juventus_Milan,Juventus,Milan,Dixon-Coles attack/defense edge (lambda=1.37 expected goals) plus home advantage.,Model does not see this as a close match.,Dixon-Coles attack/defense edge (mu=1.04 expected goals).,"Fitted home advantage log-coefficient=0.109, low-score correlation rho=-0.023.",No real market odds available for this fixture yet -- model-only prediction.,"Established club vs established club; no verified injury/lineup feed connected, so squad_injury factors are not incorporated (see data_quality_notes).","rest_day_diff=, congestion_diff= (matches in last 7 days, home minus away).",Both clubs have substantial recent Serie A history informing this estimate.,data_quality_score=0.2 (market/injury/lineup/squad-transfer feeds unavailable).,0.1.0-phase1,2026-09-16T19:12:25+00:00
SERIEA2627_MW03_022_Cagliari_Lecce,Cagliari,Lecce,Dixon-Coles attack/defense edge (lambda=1.21 expected goals) plus home advantage.,Model does not see this as a close match.,Dixon-Coles attack/defense edge (mu=0.84 expected goals).,"Fitted home advantage log-coefficient=0.109, low-score correlation rho=-0.023.",No real market odds available for this fixture yet -- model-only prediction.,"Established club vs established club; no verified injury/lineup feed connected, so squad_injury factors are not incorporated (see data_quality_notes).","rest_day_diff=, congestion_diff= (matches in last 7 days, home minus away).",Both clubs have substantial recent Serie A history informing this estimate.,data_quality_score=0.2 (market/injury/lineup/squad-transfer feeds unavailable).,0.1.0-phase1,2026-09-16T19:12:25+00:00
SERIEA2627_MW03_030_Udinese_Lazio,Udinese,Lazio,Dixon-Coles attack/defense edge (lambda=1.10 expected goals) plus home advantage.,Scoreline entropy 2.78 nats; teams of similar fitted strength.,Dixon-Coles attack/defense edge (mu=1.22 expected goals).,"Fitted home advantage log-coefficient=0.109, low-score correlation rho=-0.023.",No real market odds available for this fixture yet -- model-only prediction.,"Established club vs established club; no verified injury/lineup feed connected, so squad_injury factors are not incorporated (see data_quality_notes).","rest_day_diff=, congestion_diff= (matches in last 7 days, home minus away).",Both clubs have substantial recent Serie A history informing this estimate.,data_quality_score=0.2 (market/injury/lineup/squad-transfer feeds unavailable).,0.1.0-phase1,2026-09-16T19:12:25+00:00
SERIEA2627_MW04_040_Venezia_Fiorentina,Venezia,Fiorentina,Dixon-Coles attack/defense edge (lambda=0.76 expected goals) plus home advantage.,Model does not see this as a close match.,Dixon-Coles attack/defense edge (mu=1.67 expected goals).,"Fitted home advantage log-coefficient=0.109, low-score correlation rho=-0.023.",No real market odds available for this fixture yet -- model-only prediction.,"Promoted club vs established club; no verified injury/lineup feed connected, so squad_injury factors are not incorporated (see data_quality_notes).","rest_day_diff=, congestion_diff= (matches in last 7 days, home minus away).",Promoted-club opponent: wide team-strength uncertainty (see serie_a_2026_27_dynamic_team_strength.csv).,data_quality_score=0.2 (market/injury/lineup/squad-transfer feeds unavailable).,0.1.0-phase1,2026-09-16T19:12:25+00:00
SERIEA2627_MW04_033_Genoa_Frosinone,Genoa,Frosinone,Dixon-Coles attack/defense edge (lambda=1.92 expected goals) plus home advantage.,Model does not see this as a close match.,Dixon-Coles attack/defense edge (mu=0.88 expected goals).,"Fitted home advantage log-coefficient=0.109, low-score correlation rho=-0.023.",No real market odds available for this fixture yet -- model-only prediction.,"Established club vs promoted club; no verified injury/lineup feed connected, so squad_injury factors are not incorporated (see data_quality_notes).","rest_day_diff=, congestion_diff= (matches in last 7 days, home minus away).",Promoted-club opponent: wide team-strength uncertainty (see serie_a_2026_27_dynamic_team_strength.csv).,data_quality_score=0.2 (market/injury/lineup/squad-transfer feeds unavailable).,0.1.0-phase1,2026-09-16T19:12:25+00:00
SERIEA2627_MW04_035_Lazio_Milan,Lazio,Milan,Dixon-Coles attack/defense edge (lambda=1.11 expected goals) plus home advantage.,Scoreline entropy 2.81 nats; teams of similar fitted strength.,Dixon-Coles attack/defense edge (mu=1.27 expected goals).,"Fitted home advantage log-coefficient=0.109, low-score correlation rho=-0.023.",No real market odds available for this fixture yet -- model-only prediction.,"Established club vs established club; no verified injury/lineup feed connected, so squad_injury factors are not incorporated (see data_quality_notes).","rest_day_diff=, congestion_diff= (matches in last 7 days, home minus away).",Both clubs have substantial recent Serie A history informing this estimate.,data_quality_score=0.2 (market/injury/lineup/squad-transfer feeds unavailable).,0.1.0-phase1,2026-09-16T19:12:25+00:00
SERIEA2627_MW04_031_Atalanta_Cagliari,Atalanta,Cagliari,Dixon-Coles attack/defense edge (lambda=1.92 expected goals) plus home advantage.,Model does not see this as a close match.,Dixon-Coles attack/defense edge (mu=0.82 expected goals).,"Fitted home advantage log-coefficient=0.109, low-score correlation rho=-0.023.",No real market odds available for this fixture yet -- model-only prediction.,"Established club vs established club; no verified injury/lineup feed connected, so squad_injury factors are not incorporated (see data_quality_notes).","rest_day_diff=, congestion_diff= (matches in last 7 days, home minus away).",Both clubs have substantial recent Serie A history informing this estimate.,data_quality_score=0.2 (market/injury/lineup/squad-transfer feeds unavailable).,0.1.0-phase1,2026-09-16T19:12:25+00:00
SERIEA2627_MW04_036_Lecce_Monza,Lecce,Monza,Dixon-Coles attack/defense edge (lambda=1.31 expected goals) plus home advantage.,Model does not see this as a close match.,Dixon-Coles attack/defense edge (mu=0.73 expected goals).,"Fitted home advantage log-coefficient=0.109, low-score correlation rho=-0.023.",No real market odds available for this fixture yet -- model-only prediction.,"Established club vs promoted club; no verified injury/lineup feed connected, so squad_injury factors are not incorporated (see data_quality_notes).","rest_day_diff=, congestion_diff= (matches in last 7 days, home minus away).",Promoted-club opponent: wide team-strength uncertainty (see serie_a_2026_27_dynamic_team_strength.csv).,data_quality_score=0.2 (market/injury/lineup/squad-transfer feeds unavailable).,0.1.0-phase1,2026-09-16T19:12:25+00:00
SERIEA2627_MW04_037_Napoli_Bologna,Napoli,Bologna,Dixon-Coles attack/defense edge (lambda=1.56 expected goals) plus home advantage.,Model does not see this as a close match.,Dixon-Coles attack/defense edge (mu=0.95 expected goals).,"Fitted home advantage log-coefficient=0.109, low-score correlation rho=-0.023.",No real market odds available for this fixture yet -- model-only prediction.,"Established club vs established club; no verified injury/lineup feed connected, so squad_injury factors are not incorporated (see data_quality_notes).","rest_day_diff=, congestion_diff= (matches in last 7 days, home minus away).",Both clubs have substantial recent Serie A history informing this estimate.,data_quality_score=0.2 (market/injury/lineup/squad-transfer feeds unavailable).,0.1.0-phase1,2026-09-16T19:12:25+00:00
SERIEA2627_MW04_038_Sassuolo_Juventus,Sassuolo,Juventus,Dixon-Coles attack/defense edge (lambda=0.95 expected goals) plus home advantage.,Model does not see this as a close match.,Dixon-Coles attack/defense edge (mu=1.66 expected goals).,"Fitted home advantage log-coefficient=0.109, low-score correlation rho=-0.023.",No real market odds available for this fixture yet -- model-only prediction.,"Established club vs established club; no verified injury/lineup feed connected, so squad_injury factors are not incorporated (see data_quality_notes).","rest_day_diff=, congestion_diff= (matches in last 7 days, home minus away).",Both clubs have substantial recent Serie A history informing this estimate.,data_quality_score=0.2 (market/injury/lineup/squad-transfer feeds unavailable).,0.1.0-phase1,2026-09-16T19:12:25+00:00
SERIEA2627_MW04_032_Como_Parma,Como,Parma,Dixon-Coles attack/defense edge (lambda=1.73 expected goals) plus home advantage.,Model does not see this as a close match.,Dixon-Coles attack/defense edge (mu=0.62 expected goals).,"Fitted home advantage log-coefficient=0.109, low-score correlation rho=-0.023.",No real market odds available for this fixture yet -- model-only prediction.,"Established club vs established club; no verified injury/lineup feed connected, so squad_injury factors are not incorporated (see data_quality_notes).","rest_day_diff=, congestion_diff= (matches in last 7 days, home minus away).",Both clubs have substantial recent Serie A history informing this estimate.,data_quality_score=0.2 (market/injury/lineup/squad-transfer feeds unavailable).,0.1.0-phase1,2026-09-16T19:12:25+00:00
SERIEA2627_MW04_039_Torino_Roma,Torino,Roma,Dixon-Coles attack/defense edge (lambda=0.87 expected goals) plus home advantage.,Model does not see this as a close match.,Dixon-Coles attack/defense edge (mu=1.73 expected goals).,"Fitted home advantage log-coefficient=0.109, low-score correlation rho=-0.023.",No real market odds available for this fixture yet -- model-only prediction.,"Established club vs established club; no verified injury/lineup feed connected, so squad_injury factors are not incorporated (see data_quality_notes).","rest_day_diff=, congestion_diff= (matches in last 7 days, home minus away).",Both clubs have substantial recent Serie A history informing this estimate.,data_quality_score=0.2 (market/injury/lineup/squad-transfer feeds unavailable).,0.1.0-phase1,2026-09-16T19:12:25+00:00
SERIEA2627_MW04_034_Internazionale_Udinese,Internazionale,Udinese,Dixon-Coles attack/defense edge (lambda=2.42 expected goals) plus home advantage.,Model does not see this as a close match.,Dixon-Coles attack/defense edge (mu=0.82 expected goals).,"Fitted home advantage log-coefficient=0.109, low-score correlation rho=-0.023.",No real market odds available for this fixture yet -- model-only prediction.,"Established club vs established club; no verified injury/lineup feed connected, so squad_injury factors are not incorporated (see data_quality_notes).","rest_day_diff=, congestion_diff= (matches in last 7 days, home minus away).",Both clubs have substantial recent Serie A history informing this estimate.,data_quality_score=0.2 (market/injury/lineup/squad-transfer feeds unavailable).,0.1.0-phase1,2026-09-16T19:12:25+00:00
SERIEA2627_MW05_046_Monza_Sassuolo,Monza,Sassuolo,Dixon-Coles attack/defense edge (lambda=1.05 expected goals) plus home advantage.,Model does not see this as a close match.,Dixon-Coles attack/defense edge (mu=2.29 expected goals).,"Fitted home advantage log-coefficient=0.085, low-score correlation rho=0.003.",No real market odds available for this fixture yet -- model-only prediction.,"Promoted club vs established club; no verified injury/lineup feed connected, so squad_injury factors are not incorporated (see data_quality_notes).","rest_day_diff=, congestion_diff= (matches in last 7 days, home minus away).",Promoted-club opponent: wide team-strength uncertainty (see serie_a_2026_27_dynamic_team_strength.csv).,data_quality_score=0.2 (market/injury/lineup/squad-transfer feeds unavailable).,0.1.0-phase1,2026-09-16T19:12:25+00:00
SERIEA2627_MW05_041_Bologna_Torino,Bologna,Torino,Dixon-Coles attack/defense edge (lambda=1.51 expected goals) plus home advantage.,Model does not see this as a close match.,Dixon-Coles attack/defense edge (mu=1.01 expected goals).,"Fitted home advantage log-coefficient=0.085, low-score correlation rho=0.003.",No real market odds available for this fixture yet -- model-only prediction.,"Established club vs established club; no verified injury/lineup feed connected, so squad_injury factors are not incorporated (see data_quality_notes).","rest_day_diff=, congestion_diff= (matches in last 7 days, home minus away).",Both clubs have substantial recent Serie A history informing this estimate.,data_quality_score=0.2 (market/injury/lineup/squad-transfer feeds unavailable).,0.1.0-phase1,2026-09-16T19:12:25+00:00
SERIEA2627_MW05_049_Udinese_Cagliari,Udinese,Cagliari,Dixon-Coles attack/defense edge (lambda=1.36 expected goals) plus home advantage.,Scoreline entropy 2.86 nats; teams of similar fitted strength.,Dixon-Coles attack/defense edge (mu=1.13 expected goals).,"Fitted home advantage log-coefficient=0.085, low-score correlation rho=0.003.",No real market odds available for this fixture yet -- model-only prediction.,"Established club vs established club; no verified injury/lineup feed connected, so squad_injury factors are not incorporated (see data_quality_notes).","rest_day_diff=, congestion_diff= (matches in last 7 days, home minus away).",Both clubs have substantial recent Serie A history informing this estimate.,data_quality_score=0.2 (market/injury/lineup/squad-transfer feeds unavailable).,0.1.0-phase1,2026-09-16T19:12:25+00:00
SERIEA2627_MW05_048_Roma_Internazionale,Roma,Internazionale,Dixon-Coles attack/defense edge (lambda=1.43 expected goals) plus home advantage.,Scoreline entropy 3.05 nats; teams of similar fitted strength.,Dixon-Coles attack/defense edge (mu=1.49 expected goals).,"Fitted home advantage log-coefficient=0.085, low-score correlation rho=0.003.",No real market odds available for this fixture yet -- model-only prediction.,"Established club vs established club; no verified injury/lineup feed connected, so squad_injury factors are not incorporated (see data_quality_notes).","rest_day_diff=, congestion_diff= (matches in last 7 days, home minus away).",Both clubs have substantial recent Serie A history informing this estimate.,data_quality_score=0.2 (market/injury/lineup/squad-transfer feeds unavailable).,0.1.0-phase1,2026-09-16T19:12:25+00:00
SERIEA2627_MW05_050_Venezia_Lazio,Venezia,Lazio,Dixon-Coles attack/defense edge (lambda=0.69 expected goals) plus home advantage.,Model does not see this as a close match.,Dixon-Coles attack/defense edge (mu=2.11 expected goals).,"Fitted home advantage log-coefficient=0.085, low-score correlation rho=0.003.",No real market odds available for this fixture yet -- model-only prediction.,"Promoted club vs established club; no verified injury/lineup feed connected, so squad_injury factors are not incorporated (see data_quality_notes).","rest_day_diff=, congestion_diff= (matches in last 7 days, home minus away).",Promoted-club opponent: wide team-strength uncertainty (see serie_a_2026_27_dynamic_team_strength.csv).,data_quality_score=0.2 (market/injury/lineup/squad-transfer feeds unavailable).,0.1.0-phase1,2026-09-16T19:12:25+00:00
SERIEA2627_MW05_042_Fiorentina_Napoli,Fiorentina,Napoli,Dixon-Coles attack/defense edge (lambda=0.98 expected goals) plus home advantage.,Model does not see this as a close match.,Dixon-Coles attack/defense edge (mu=1.59 expected goals).,"Fitted home advantage log-coefficient=0.085, low-score correlation rho=0.003.",No real market odds available for this fixture yet -- model-only prediction.,"Established club vs established club; no verified injury/lineup feed connected, so squad_injury factors are not incorporated (see data_quality_notes).","rest_day_diff=, congestion_diff= (matches in last 7 days, home minus away).",Both clubs have substantial recent Serie A history informing this estimate.,data_quality_score=0.2 (market/injury/lineup/squad-transfer feeds unavailable).,0.1.0-phase1,2026-09-16T19:12:25+00:00
SERIEA2627_MW05_043_Frosinone_Como,Frosinone,Como,Dixon-Coles attack/defense edge (lambda=0.91 expected goals) plus home advantage.,Model does not see this as a close match.,Dixon-Coles attack/defense edge (mu=2.13 expected goals).,"Fitted home advantage log-coefficient=0.085, low-score correlation rho=0.003.",No real market odds available for this fixture yet -- model-only prediction.,"Promoted club vs established club; no verified injury/lineup feed connected, so squad_injury factors are not incorporated (see data_quality_notes).","rest_day_diff=, congestion_diff= (matches in last 7 days, home minus away).",Promoted-club opponent: wide team-strength uncertainty (see serie_a_2026_27_dynamic_team_strength.csv).,data_quality_score=0.2 (market/injury/lineup/squad-transfer feeds unavailable).,0.1.0-phase1,2026-09-16T19:12:25+00:00
SERIEA2627_MW05_047_Parma_Genoa,Parma,Genoa,Dixon-Coles attack/defense edge (lambda=0.90 expected goals) plus home advantage.,Scoreline entropy 2.55 nats; teams of similar fitted strength.,Dixon-Coles attack/defense edge (mu=0.99 expected goals).,"Fitted home advantage log-coefficient=0.085, low-score correlation rho=0.003.",No real market odds available for this fixture yet -- model-only prediction.,"Established club vs established club; no verified injury/lineup feed connected, so squad_injury factors are not incorporated (see data_quality_notes).","rest_day_diff=, congestion_diff= (matches in last 7 days, home minus away).",Both clubs have substantial recent Serie A history informing this estimate.,data_quality_score=0.2 (market/injury/lineup/squad-transfer feeds unavailable).,0.1.0-phase1,2026-09-16T19:12:25+00:00
SERIEA2627_MW05_044_Juventus_Atalanta,Juventus,Atalanta,Dixon-Coles attack/defense edge (lambda=1.27 expected goals) plus home advantage.,Scoreline entropy 2.80 nats; teams of similar fitted strength.,Dixon-Coles attack/defense edge (mu=1.09 expected goals).,"Fitted home advantage log-coefficient=0.085, low-score correlation rho=0.003.",No real market odds available for this fixture yet -- model-only prediction.,"Established club vs established club; no verified injury/lineup feed connected, so squad_injury factors are not incorporated (see data_quality_notes).","rest_day_diff=, congestion_diff= (matches in last 7 days, home minus away).",Both clubs have substantial recent Serie A history informing this estimate.,data_quality_score=0.2 (market/injury/lineup/squad-transfer feeds unavailable).,0.1.0-phase1,2026-09-16T19:12:25+00:00
SERIEA2627_MW05_045_Milan_Lecce,Milan,Lecce,Dixon-Coles attack/defense edge (lambda=1.71 expected goals) plus home advantage.,Model does not see this as a close match.,Dixon-Coles attack/defense edge (mu=0.64 expected goals).,"Fitted home advantage log-coefficient=0.085, low-score correlation rho=0.003.",No real market odds available for this fixture yet -- model-only prediction.,"Established club vs established club; no verified injury/lineup feed connected, so squad_injury factors are not incorporated (see data_quality_notes).","rest_day_diff=, congestion_diff= (matches in last 7 days, home minus away).",Both clubs have substantial recent Serie A history informing this estimate.,data_quality_score=0.2 (market/injury/lineup/squad-transfer feeds unavailable).,0.1.0-phase1,2026-09-16T19:12:25+00:00
SERIEA2627_MW06_054_Genoa_Fiorentina,Genoa,Fiorentina,Dixon-Coles attack/defense edge (lambda=1.16 expected goals) plus home advantage.,Scoreline entropy 2.83 nats; teams of similar fitted strength.,Dixon-Coles attack/defense edge (mu=1.27 expected goals).,"Fitted home advantage log-coefficient=0.085, low-score correlation rho=0.003.",No real market odds available for this fixture yet -- model-only prediction.,"Established club vs established club; no verified injury/lineup feed connected, so squad_injury factors are not incorporated (see data_quality_notes).","rest_day_diff=, congestion_diff= (matches in last 7 days, home minus away).",Both clubs have substantial recent Serie A history informing this estimate.,data_quality_score=0.2 (market/injury/lineup/squad-transfer feeds unavailable).,0.1.0-phase1,2026-09-16T19:12:25+00:00
SERIEA2627_MW06_055_Internazionale_Parma,Internazionale,Parma,Dixon-Coles attack/defense edge (lambda=2.41 expected goals) plus home advantage.,Model does not see this as a close match.,Dixon-Coles attack/defense edge (mu=0.63 expected goals).,"Fitted home advantage log-coefficient=0.085, low-score correlation rho=0.003.",No real market odds available for this fixture yet -- model-only prediction.,"Established club vs established club; no verified injury/lineup feed connected, so squad_injury factors are not incorporated (see data_quality_notes).","rest_day_diff=, congestion_diff= (matches in last 7 days, home minus away).",Both clubs have substantial recent Serie A history informing this estimate.,data_quality_score=0.2 (market/injury/lineup/squad-transfer feeds unavailable).,0.1.0-phase1,2026-09-16T19:12:25+00:00
SERIEA2627_MW06_058_Napoli_Frosinone,Napoli,Frosinone,Dixon-Coles attack/defense edge (lambda=2.09 expected goals) plus home advantage.,Model does not see this as a close match.,Dixon-Coles attack/defense edge (mu=0.83 expected goals).,"Fitted home advantage log-coefficient=0.085, low-score correlation rho=0.003.",No real market odds available for this fixture yet -- model-only prediction.,"Established club vs promoted club; no verified injury/lineup feed connected, so squad_injury factors are not incorporated (see data_quality_notes).","rest_day_diff=, congestion_diff= (matches in last 7 days, home minus away).",Promoted-club opponent: wide team-strength uncertainty (see serie_a_2026_27_dynamic_team_strength.csv).,data_quality_score=0.2 (market/injury/lineup/squad-transfer feeds unavailable).,0.1.0-phase1,2026-09-16T19:12:25+00:00
SERIEA2627_MW06_053_Como_Roma,Como,Roma,Dixon-Coles attack/defense edge (lambda=1.20 expected goals) plus home advantage.,Scoreline entropy 2.84 nats; teams of similar fitted strength.,Dixon-Coles attack/defense edge (mu=1.23 expected goals).,"Fitted home advantage log-coefficient=0.085, low-score correlation rho=0.003.",No real market odds available for this fixture yet -- model-only prediction.,"Established club vs established club; no verified injury/lineup feed connected, so squad_injury factors are not incorporated (see data_quality_notes).","rest_day_diff=, congestion_diff= (matches in last 7 days, home minus away).",Both clubs have substantial recent Serie A history informing this estimate.,data_quality_score=0.2 (market/injury/lineup/squad-transfer feeds unavailable).,0.1.0-phase1,2026-09-16T19:12:25+00:00
SERIEA2627_MW06_056_Lazio_Monza,Lazio,Monza,Dixon-Coles attack/defense edge (lambda=2.36 expected goals) plus home advantage.,Model does not see this as a close match.,Dixon-Coles attack/defense edge (mu=0.72 expected goals).,"Fitted home advantage log-coefficient=0.085, low-score correlation rho=0.003.",No real market odds available for this fixture yet -- model-only prediction.,"Established club vs promoted club; no verified injury/lineup feed connected, so squad_injury factors are not incorporated (see data_quality_notes).","rest_day_diff=, congestion_diff= (matches in last 7 days, home minus away).",Promoted-club opponent: wide team-strength uncertainty (see serie_a_2026_27_dynamic_team_strength.csv).,data_quality_score=0.2 (market/injury/lineup/squad-transfer feeds unavailable).,0.1.0-phase1,2026-09-16T19:12:25+00:00
SERIEA2627_MW06_057_Lecce_Bologna,Lecce,Bologna,Dixon-Coles attack/defense edge (lambda=0.79 expected goals) plus home advantage.,Model does not see this as a close match.,Dixon-Coles attack/defense edge (mu=1.33 expected goals).,"Fitted home advantage log-coefficient=0.085, low-score correlation rho=0.003.",No real market odds available for this fixture yet -- model-only prediction.,"Established club vs established club; no verified injury/lineup feed connected, so squad_injury factors are not incorporated (see data_quality_notes).","rest_day_diff=, congestion_diff= (matches in last 7 days, home minus away).",Both clubs have substantial recent Serie A history informing this estimate.,data_quality_score=0.2 (market/injury/lineup/squad-transfer feeds unavailable).,0.1.0-phase1,2026-09-16T19:12:25+00:00
SERIEA2627_MW06_059_Sassuolo_Milan,Sassuolo,Milan,Dixon-Coles attack/defense edge (lambda=1.17 expected goals) plus home advantage.,Model does not see this as a close match.,Dixon-Coles attack/defense edge (mu=1.66 expected goals).,"Fitted home advantage log-coefficient=0.085, low-score correlation rho=0.003.",No real market odds available for this fixture yet -- model-only prediction.,"Established club vs established club; no verified injury/lineup feed connected, so squad_injury factors are not incorporated (see data_quality_notes).","rest_day_diff=, congestion_diff= (matches in last 7 days, home minus away).",Both clubs have substantial recent Serie A history informing this estimate.,data_quality_score=0.2 (market/injury/lineup/squad-transfer feeds unavailable).,0.1.0-phase1,2026-09-16T19:12:25+00:00
SERIEA2627_MW06_052_Cagliari_Juventus,Cagliari,Juventus,Dixon-Coles attack/defense edge (lambda=0.83 expected goals) plus home advantage.,Model does not see this as a close match.,Dixon-Coles attack/defense edge (mu=1.53 expected goals).,"Fitted home advantage log-coefficient=0.085, low-score correlation rho=0.003.",No real market odds available for this fixture yet -- model-only prediction.,"Established club vs established club; no verified injury/lineup feed connected, so squad_injury factors are not incorporated (see data_quality_notes).","rest_day_diff=, congestion_diff= (matches in last 7 days, home minus away).",Both clubs have substantial recent Serie A history informing this estimate.,data_quality_score=0.2 (market/injury/lineup/squad-transfer feeds unavailable).,0.1.0-phase1,2026-09-16T19:12:25+00:00
SERIEA2627_MW06_051_Atalanta_Venezia,Atalanta,Venezia,Dixon-Coles attack/defense edge (lambda=2.78 expected goals) plus home advantage.,Model does not see this as a close match.,Dixon-Coles attack/defense edge (mu=0.59 expected goals).,"Fitted home advantage log-coefficient=0.085, low-score correlation rho=0.003.",No real market odds available for this fixture yet -- model-only prediction.,"Established club vs promoted club; no verified injury/lineup feed connected, so squad_injury factors are not incorporated (see data_quality_notes).","rest_day_diff=, congestion_diff= (matches in last 7 days, home minus away).",Promoted-club opponent: wide team-strength uncertainty (see serie_a_2026_27_dynamic_team_strength.csv).,data_quality_score=0.2 (market/injury/lineup/squad-transfer feeds unavailable).,0.1.0-phase1,2026-09-16T19:12:25+00:00
SERIEA2627_MW06_060_Torino_Udinese,Torino,Udinese,Dixon-Coles attack/defense edge (lambda=1.28 expected goals) plus home advantage.,Scoreline entropy 2.93 nats; teams of similar fitted strength.,Dixon-Coles attack/defense edge (mu=1.36 expected goals).,"Fitted home advantage log-coefficient=0.085, low-score correlation rho=0.003.",No real market odds available for this fixture yet -- model-only prediction.,"Established club vs established club; no verified injury/lineup feed connected, so squad_injury factors are not incorporated (see data_quality_notes).","rest_day_diff=, congestion_diff= (matches in last 7 days, home minus away).",Both clubs have substantial recent Serie A history informing this estimate.,data_quality_score=0.2 (market/injury/lineup/squad-transfer feeds unavailable).,0.1.0-phase1,2026-09-16T19:12:25+00:00
SERIEA2627_MW07_063_Frosinone_Sassuolo,Frosinone,Sassuolo,Dixon-Coles attack/defense edge (lambda=1.40 expected goals) plus home advantage.,Scoreline entropy 3.10 nats; teams of similar fitted strength.,Dixon-Coles attack/defense edge (mu=1.68 expected goals).,"Fitted home advantage log-coefficient=0.085, low-score correlation rho=0.003.",No real market odds available for this fixture yet -- model-only prediction.,"Promoted club vs established club; no verified injury/lineup feed connected, so squad_injury factors are not incorporated (see data_quality_notes).","rest_day_diff=, congestion_diff= (matches in last 7 days, home minus away).",Promoted-club opponent: wide team-strength uncertainty (see serie_a_2026_27_dynamic_team_strength.csv).,data_quality_score=0.2 (market/injury/lineup/squad-transfer feeds unavailable).,0.1.0-phase1,2026-09-16T19:12:25+00:00
SERIEA2627_MW07_070_Venezia_Napoli,Venezia,Napoli,Dixon-Coles attack/defense edge (lambda=0.60 expected goals) plus home advantage.,Model does not see this as a close match.,Dixon-Coles attack/defense edge (mu=2.54 expected goals).,"Fitted home advantage log-coefficient=0.085, low-score correlation rho=0.003.",No real market odds available for this fixture yet -- model-only prediction.,"Promoted club vs established club; no verified injury/lineup feed connected, so squad_injury factors are not incorporated (see data_quality_notes).","rest_day_diff=, congestion_diff= (matches in last 7 days, home minus away).",Promoted-club opponent: wide team-strength uncertainty (see serie_a_2026_27_dynamic_team_strength.csv).,data_quality_score=0.2 (market/injury/lineup/squad-transfer feeds unavailable).,0.1.0-phase1,2026-09-16T19:12:25+00:00
SERIEA2627_MW07_061_Bologna_Internazionale,Bologna,Internazionale,Dixon-Coles attack/defense edge (lambda=1.06 expected goals) plus home advantage.,Model does not see this as a close match.,Dixon-Coles attack/defense edge (mu=2.08 expected goals).,"Fitted home advantage log-coefficient=0.085, low-score correlation rho=0.003.",No real market odds available for this fixture yet -- model-only prediction.,"Established club vs established club; no verified injury/lineup feed connected, so squad_injury factors are not incorporated (see data_quality_notes).","rest_day_diff=, congestion_diff= (matches in last 7 days, home minus away).",Both clubs have substantial recent Serie A history informing this estimate.,data_quality_score=0.2 (market/injury/lineup/squad-transfer feeds unavailable).,0.1.0-phase1,2026-09-16T19:12:25+00:00
SERIEA2627_MW07_068_Roma_Genoa,Roma,Genoa,Dixon-Coles attack/defense edge (lambda=1.88 expected goals) plus home advantage.,Model does not see this as a close match.,Dixon-Coles attack/defense edge (mu=0.66 expected goals).,"Fitted home advantage log-coefficient=0.085, low-score correlation rho=0.003.",No real market odds available for this fixture yet -- model-only prediction.,"Established club vs established club; no verified injury/lineup feed connected, so squad_injury factors are not incorporated (see data_quality_notes).","rest_day_diff=, congestion_diff= (matches in last 7 days, home minus away).",Both clubs have substantial recent Serie A history informing this estimate.,data_quality_score=0.2 (market/injury/lineup/squad-transfer feeds unavailable).,0.1.0-phase1,2026-09-16T19:12:25+00:00
SERIEA2627_MW07_069_Udinese_Lecce,Udinese,Lecce,Dixon-Coles attack/defense edge (lambda=1.42 expected goals) plus home advantage.,Model does not see this as a close match.,Dixon-Coles attack/defense edge (mu=0.84 expected goals).,"Fitted home advantage log-coefficient=0.085, low-score correlation rho=0.003.",No real market odds available for this fixture yet -- model-only prediction.,"Established club vs established club; no verified injury/lineup feed connected, so squad_injury factors are not incorporated (see data_quality_notes).","rest_day_diff=, congestion_diff= (matches in last 7 days, home minus away).",Both clubs have substantial recent Serie A history informing this estimate.,data_quality_score=0.2 (market/injury/lineup/squad-transfer feeds unavailable).,0.1.0-phase1,2026-09-16T19:12:25+00:00
SERIEA2627_MW07_062_Fiorentina_Como,Fiorentina,Como,Dixon-Coles attack/defense edge (lambda=0.99 expected goals) plus home advantage.,Model does not see this as a close match.,Dixon-Coles attack/defense edge (mu=1.76 expected goals).,"Fitted home advantage log-coefficient=0.085, low-score correlation rho=0.003.",No real market odds available for this fixture yet -- model-only prediction.,"Established club vs established club; no verified injury/lineup feed connected, so squad_injury factors are not incorporated (see data_quality_notes).","rest_day_diff=, congestion_diff= (matches in last 7 days, home minus away).",Both clubs have substantial recent Serie A history informing this estimate.,data_quality_score=0.2 (market/injury/lineup/squad-transfer feeds unavailable).,0.1.0-phase1,2026-09-16T19:12:25+00:00
SERIEA2627_MW07_065_Milan_Atalanta,Milan,Atalanta,Dixon-Coles attack/defense edge (lambda=1.26 expected goals) plus home advantage.,Scoreline entropy 2.86 nats; teams of similar fitted strength.,Dixon-Coles attack/defense edge (mu=1.23 expected goals).,"Fitted home advantage log-coefficient=0.085, low-score correlation rho=0.003.",No real market odds available for this fixture yet -- model-only prediction.,"Established club vs established club; no verified injury/lineup feed connected, so squad_injury factors are not incorporated (see data_quality_notes).","rest_day_diff=, congestion_diff= (matches in last 7 days, home minus away).",Both clubs have substantial recent Serie A history informing this estimate.,data_quality_score=0.2 (market/injury/lineup/squad-transfer feeds unavailable).,0.1.0-phase1,2026-09-16T19:12:25+00:00
SERIEA2627_MW07_064_Juventus_Lazio,Juventus,Lazio,Dixon-Coles attack/defense edge (lambda=1.36 expected goals) plus home advantage.,Model does not see this as a close match.,Dixon-Coles attack/defense edge (mu=0.90 expected goals).,"Fitted home advantage log-coefficient=0.085, low-score correlation rho=0.003.",No real market odds available for this fixture yet -- model-only prediction.,"Established club vs established club; no verified injury/lineup feed connected, so squad_injury factors are not incorporated (see data_quality_notes).","rest_day_diff=, congestion_diff= (matches in last 7 days, home minus away).",Both clubs have substantial recent Serie A history informing this estimate.,data_quality_score=0.2 (market/injury/lineup/squad-transfer feeds unavailable).,0.1.0-phase1,2026-09-16T19:12:25+00:00
SERIEA2627_MW07_066_Monza_Cagliari,Monza,Cagliari,Dixon-Coles attack/defense edge (lambda=0.95 expected goals) plus home advantage.,Model does not see this as a close match.,Dixon-Coles attack/defense edge (mu=1.84 expected goals).,"Fitted home advantage log-coefficient=0.085, low-score correlation rho=0.003.",No real market odds available for this fixture yet -- model-only prediction.,"Promoted club vs established club; no verified injury/lineup feed connected, so squad_injury factors are not incorporated (see data_quality_notes).","rest_day_diff=, congestion_diff= (matches in last 7 days, home minus away).",Promoted-club opponent: wide team-strength uncertainty (see serie_a_2026_27_dynamic_team_strength.csv).,data_quality_score=0.2 (market/injury/lineup/squad-transfer feeds unavailable).,0.1.0-phase1,2026-09-16T19:12:25+00:00
SERIEA2627_MW07_067_Parma_Torino,Parma,Torino,Dixon-Coles attack/defense edge (lambda=0.98 expected goals) plus home advantage.,Scoreline entropy 2.64 nats; teams of similar fitted strength.,Dixon-Coles attack/defense edge (mu=1.08 expected goals).,"Fitted home advantage log-coefficient=0.085, low-score correlation rho=0.003.",No real market odds available for this fixture yet -- model-only prediction.,"Established club vs established club; no verified injury/lineup feed connected, so squad_injury factors are not incorporated (see data_quality_notes).","rest_day_diff=, congestion_diff= (matches in last 7 days, home minus away).",Both clubs have substantial recent Serie A history informing this estimate.,data_quality_score=0.2 (market/injury/lineup/squad-transfer feeds unavailable).,0.1.0-phase1,2026-09-16T19:12:25+00:00
SERIEA2627_MW08_079_Torino_Monza,Torino,Monza,Dixon-Coles attack/defense edge (lambda=2.09 expected goals) plus home advantage.,Model does not see this as a close match.,Dixon-Coles attack/defense edge (mu=0.95 expected goals).,"Fitted home advantage log-coefficient=0.085, low-score correlation rho=0.003.",No real market odds available for this fixture yet -- model-only prediction.,"Established club vs promoted club; no verified injury/lineup feed connected, so squad_injury factors are not incorporated (see data_quality_notes).","rest_day_diff=, congestion_diff= (matches in last 7 days, home minus away).",Promoted-club opponent: wide team-strength uncertainty (see serie_a_2026_27_dynamic_team_strength.csv).,data_quality_score=0.2 (market/injury/lineup/squad-transfer feeds unavailable).,0.1.0-phase1,2026-09-16T19:12:25+00:00
SERIEA2627_MW08_072_Cagliari_Bologna,Cagliari,Bologna,Dixon-Coles attack/defense edge (lambda=1.06 expected goals) plus home advantage.,Scoreline entropy 2.78 nats; teams of similar fitted strength.,Dixon-Coles attack/defense edge (mu=1.28 expected goals).,"Fitted home advantage log-coefficient=0.085, low-score correlation rho=0.003.",No real market odds available for this fixture yet -- model-only prediction.,"Established club vs established club; no verified injury/lineup feed connected, so squad_injury factors are not incorporated (see data_quality_notes).","rest_day_diff=, congestion_diff= (matches in last 7 days, home minus away).",Both clubs have substantial recent Serie A history informing this estimate.,data_quality_score=0.2 (market/injury/lineup/squad-transfer feeds unavailable).,0.1.0-phase1,2026-09-16T19:12:25+00:00
SERIEA2627_MW08_073_Como_Sassuolo,Como,Sassuolo,Dixon-Coles attack/defense edge (lambda=2.05 expected goals) plus home advantage.,Model does not see this as a close match.,Dixon-Coles attack/defense edge (mu=0.96 expected goals).,"Fitted home advantage log-coefficient=0.085, low-score correlation rho=0.003.",No real market odds available for this fixture yet -- model-only prediction.,"Established club vs established club; no verified injury/lineup feed connected, so squad_injury factors are not incorporated (see data_quality_notes).","rest_day_diff=, congestion_diff= (matches in last 7 days, home minus away).",Both clubs have substantial recent Serie A history informing this estimate.,data_quality_score=0.2 (market/injury/lineup/squad-transfer feeds unavailable).,0.1.0-phase1,2026-09-16T19:12:25+00:00
SERIEA2627_MW08_078_Napoli_Roma,Napoli,Roma,Dixon-Coles attack/defense edge (lambda=1.08 expected goals) plus home advantage.,Scoreline entropy 2.77 nats; teams of similar fitted strength.,Dixon-Coles attack/defense edge (mu=1.22 expected goals).,"Fitted home advantage log-coefficient=0.085, low-score correlation rho=0.003.",No real market odds available for this fixture yet -- model-only prediction.,"Established club vs established club; no verified injury/lineup feed connected, so squad_injury factors are not incorporated (see data_quality_notes).","rest_day_diff=, congestion_diff= (matches in last 7 days, home minus away).",Both clubs have substantial recent Serie A history informing this estimate.,data_quality_score=0.2 (market/injury/lineup/squad-transfer feeds unavailable).,0.1.0-phase1,2026-09-16T19:12:25+00:00
SERIEA2627_MW08_076_Lazio_Parma,Lazio,Parma,Dixon-Coles attack/defense edge (lambda=1.33 expected goals) plus home advantage.,Model does not see this as a close match.,Dixon-Coles attack/defense edge (mu=0.68 expected goals).,"Fitted home advantage log-coefficient=0.085, low-score correlation rho=0.003.",No real market odds available for this fixture yet -- model-only prediction.,"Established club vs established club; no verified injury/lineup feed connected, so squad_injury factors are not incorporated (see data_quality_notes).","rest_day_diff=, congestion_diff= (matches in last 7 days, home minus away).",Both clubs have substantial recent Serie A history informing this estimate.,data_quality_score=0.2 (market/injury/lineup/squad-transfer feeds unavailable).,0.1.0-phase1,2026-09-16T19:12:25+00:00
SERIEA2627_MW08_075_Internazionale_Fiorentina,Internazionale,Fiorentina,Dixon-Coles attack/defense edge (lambda=2.60 expected goals) plus home advantage.,Model does not see this as a close match.,Dixon-Coles attack/defense edge (mu=0.97 expected goals).,"Fitted home advantage log-coefficient=0.085, low-score correlation rho=0.003.",No real market odds available for this fixture yet -- model-only prediction.,"Established club vs established club; no verified injury/lineup feed connected, so squad_injury factors are not incorporated (see data_quality_notes).","rest_day_diff=, congestion_diff= (matches in last 7 days, home minus away).",Both clubs have substantial recent Serie A history informing this estimate.,data_quality_score=0.2 (market/injury/lineup/squad-transfer feeds unavailable).,0.1.0-phase1,2026-09-16T19:12:25+00:00
SERIEA2627_MW08_071_Atalanta_Frosinone,Atalanta,Frosinone,Dixon-Coles attack/defense edge (lambda=2.10 expected goals) plus home advantage.,Model does not see this as a close match.,Dixon-Coles attack/defense edge (mu=0.90 expected goals).,"Fitted home advantage log-coefficient=0.085, low-score correlation rho=0.003.",No real market odds available for this fixture yet -- model-only prediction.,"Established club vs promoted club; no verified injury/lineup feed connected, so squad_injury factors are not incorporated (see data_quality_notes).","rest_day_diff=, congestion_diff= (matches in last 7 days, home minus away).",Promoted-club opponent: wide team-strength uncertainty (see serie_a_2026_27_dynamic_team_strength.csv).,data_quality_score=0.2 (market/injury/lineup/squad-transfer feeds unavailable).,0.1.0-phase1,2026-09-16T19:12:25+00:00
SERIEA2627_MW08_074_Genoa_Venezia,Genoa,Venezia,Dixon-Coles attack/defense edge (lambda=1.85 expected goals) plus home advantage.,Model does not see this as a close match.,Dixon-Coles attack/defense edge (mu=0.78 expected goals).,"Fitted home advantage log-coefficient=0.085, low-score correlation rho=0.003.",No real market odds available for this fixture yet -- model-only prediction.,"Established club vs promoted club; no verified injury/lineup feed connected, so squad_injury factors are not incorporated (see data_quality_notes).","rest_day_diff=, congestion_diff= (matches in last 7 days, home minus away).",Promoted-club opponent: wide team-strength uncertainty (see serie_a_2026_27_dynamic_team_strength.csv).,data_quality_score=0.2 (market/injury/lineup/squad-transfer feeds unavailable).,0.1.0-phase1,2026-09-16T19:12:25+00:00
SERIEA2627_MW08_077_Lecce_Juventus,Lecce,Juventus,Dixon-Coles attack/defense edge (lambda=0.62 expected goals) plus home advantage.,Model does not see this as a close match.,Dixon-Coles attack/defense edge (mu=1.59 expected goals).,"Fitted home advantage log-coefficient=0.085, low-score correlation rho=0.003.",No real market odds available for this fixture yet -- model-only prediction.,"Established club vs established club; no verified injury/lineup feed connected, so squad_injury factors are not incorporated (see data_quality_notes).","rest_day_diff=, congestion_diff= (matches in last 7 days, home minus away).",Both clubs have substantial recent Serie A history informing this estimate.,data_quality_score=0.2 (market/injury/lineup/squad-transfer feeds unavailable).,0.1.0-phase1,2026-09-16T19:12:25+00:00
SERIEA2627_MW08_080_Udinese_Milan,Udinese,Milan,Dixon-Coles attack/defense edge (lambda=1.08 expected goals) plus home advantage.,Model does not see this as a close match.,Dixon-Coles attack/defense edge (mu=1.58 expected goals).,"Fitted home advantage log-coefficient=0.085, low-score correlation rho=0.003.",No real market odds available for this fixture yet -- model-only prediction.,"Established club vs established club; no verified injury/lineup feed connected, so squad_injury factors are not incorporated (see data_quality_notes).","rest_day_diff=, congestion_diff= (matches in last 7 days, home minus away).",Both clubs have substantial recent Serie A history informing this estimate.,data_quality_score=0.2 (market/injury/lineup/squad-transfer feeds unavailable).,0.1.0-phase1,2026-09-16T19:12:25+00:00
SERIEA2627_MW09_088_Sassuolo_Lazio,Sassuolo,Lazio,Dixon-Coles attack/defense edge (lambda=1.20 expected goals) plus home advantage.,Scoreline entropy 2.91 nats; teams of similar fitted strength.,Dixon-Coles attack/defense edge (mu=1.41 expected goals).,"Fitted home advantage log-coefficient=0.085, low-score correlation rho=0.003.",No real market odds available for this fixture yet -- model-only prediction.,"Established club vs established club; no verified injury/lineup feed connected, so squad_injury factors are not incorporated (see data_quality_notes).","rest_day_diff=, congestion_diff= (matches in last 7 days, home minus away).",Both clubs have substantial recent Serie A history informing this estimate.,data_quality_score=0.2 (market/injury/lineup/squad-transfer feeds unavailable).,0.1.0-phase1,2026-09-16T19:12:25+00:00
SERIEA2627_MW09_087_Roma_Cagliari,Roma,Cagliari,Dixon-Coles attack/defense edge (lambda=1.88 expected goals) plus home advantage.,Model does not see this as a close match.,Dixon-Coles attack/defense edge (mu=0.70 expected goals).,"Fitted home advantage log-coefficient=0.085, low-score correlation rho=0.003.",No real market odds available for this fixture yet -- model-only prediction.,"Established club vs established club; no verified injury/lineup feed connected, so squad_injury factors are not incorporated (see data_quality_notes).","rest_day_diff=, congestion_diff= (matches in last 7 days, home minus away).",Both clubs have substantial recent Serie A history informing this estimate.,data_quality_score=0.2 (market/injury/lineup/squad-transfer feeds unavailable).,0.1.0-phase1,2026-09-16T19:12:25+00:00
SERIEA2627_MW09_089_Torino_Como,Torino,Como,Dixon-Coles attack/defense edge (lambda=0.88 expected goals) plus home advantage.,Model does not see this as a close match.,Dixon-Coles attack/defense edge (mu=1.86 expected goals).,"Fitted home advantage log-coefficient=0.085, low-score correlation rho=0.003.",No real market odds available for this fixture yet -- model-only prediction.,"Established club vs established club; no verified injury/lineup feed connected, so squad_injury factors are not incorporated (see data_quality_notes).","rest_day_diff=, congestion_diff= (matches in last 7 days, home minus away).",Both clubs have substantial recent Serie A history informing this estimate.,data_quality_score=0.2 (market/injury/lineup/squad-transfer feeds unavailable).,0.1.0-phase1,2026-09-16T19:12:25+00:00
SERIEA2627_MW09_084_Milan_Bologna,Milan,Bologna,Dixon-Coles attack/defense edge (lambda=1.48 expected goals) plus home advantage.,Model does not see this as a close match.,Dixon-Coles attack/defense edge (mu=1.02 expected goals).,"Fitted home advantage log-coefficient=0.085, low-score correlation rho=0.003.",No real market odds available for this fixture yet -- model-only prediction.,"Established club vs established club; no verified injury/lineup feed connected, so squad_injury factors are not incorporated (see data_quality_notes).","rest_day_diff=, congestion_diff= (matches in last 7 days, home minus away).",Both clubs have substantial recent Serie A history informing this estimate.,data_quality_score=0.2 (market/injury/lineup/squad-transfer feeds unavailable).,0.1.0-phase1,2026-09-16T19:12:25+00:00
SERIEA2627_MW09_086_Parma_Udinese,Parma,Udinese,Dixon-Coles attack/defense edge (lambda=0.94 expected goals) plus home advantage.,Scoreline entropy 2.68 nats; teams of similar fitted strength.,Dixon-Coles attack/defense edge (mu=1.20 expected goals).,"Fitted home advantage log-coefficient=0.085, low-score correlation rho=0.003.",No real market odds available for this fixture yet -- model-only prediction.,"Established club vs established club; no verified injury/lineup feed connected, so squad_injury factors are not incorporated (see data_quality_notes).","rest_day_diff=, congestion_diff= (matches in last 7 days, home minus away).",Both clubs have substantial recent Serie A history informing this estimate.,data_quality_score=0.2 (market/injury/lineup/squad-transfer feeds unavailable).,0.1.0-phase1,2026-09-16T19:12:25+00:00
SERIEA2627_MW09_090_Venezia_Internazionale,Venezia,Internazionale,Dixon-Coles attack/defense edge (lambda=0.64 expected goals) plus home advantage.,Model does not see this as a close match.,Dixon-Coles attack/defense edge (mu=3.82 expected goals).,"Fitted home advantage log-coefficient=0.085, low-score correlation rho=0.003.",No real market odds available for this fixture yet -- model-only prediction.,"Promoted club vs established club; no verified injury/lineup feed connected, so squad_injury factors are not incorporated (see data_quality_notes).","rest_day_diff=, congestion_diff= (matches in last 7 days, home minus away).",Promoted-club opponent: wide team-strength uncertainty (see serie_a_2026_27_dynamic_team_strength.csv).,data_quality_score=0.2 (market/injury/lineup/squad-transfer feeds unavailable).,0.1.0-phase1,2026-09-16T19:12:25+00:00
SERIEA2627_MW09_083_Genoa_Juventus,Genoa,Juventus,Dixon-Coles attack/defense edge (lambda=0.79 expected goals) plus home advantage.,Model does not see this as a close match.,Dixon-Coles attack/defense edge (mu=1.53 expected goals).,"Fitted home advantage log-coefficient=0.085, low-score correlation rho=0.003.",No real market odds available for this fixture yet -- model-only prediction.,"Established club vs established club; no verified injury/lineup feed connected, so squad_injury factors are not incorporated (see data_quality_notes).","rest_day_diff=, congestion_diff= (matches in last 7 days, home minus away).",Both clubs have substantial recent Serie A history informing this estimate.,data_quality_score=0.2 (market/injury/lineup/squad-transfer feeds unavailable).,0.1.0-phase1,2026-09-16T19:12:25+00:00
SERIEA2627_MW09_085_Monza_Napoli,Monza,Napoli,Dixon-Coles attack/defense edge (lambda=0.67 expected goals) plus home advantage.,Model does not see this as a close match.,Dixon-Coles attack/defense edge (mu=2.62 expected goals).,"Fitted home advantage log-coefficient=0.085, low-score correlation rho=0.003.",No real market odds available for this fixture yet -- model-only prediction.,"Promoted club vs established club; no verified injury/lineup feed connected, so squad_injury factors are not incorporated (see data_quality_notes).","rest_day_diff=, congestion_diff= (matches in last 7 days, home minus away).",Promoted-club opponent: wide team-strength uncertainty (see serie_a_2026_27_dynamic_team_strength.csv).,data_quality_score=0.2 (market/injury/lineup/squad-transfer feeds unavailable).,0.1.0-phase1,2026-09-16T19:12:25+00:00
SERIEA2627_MW09_082_Frosinone_Lecce,Frosinone,Lecce,Dixon-Coles attack/defense edge (lambda=1.32 expected goals) plus home advantage.,Model does not see this as a close match.,Dixon-Coles attack/defense edge (mu=1.01 expected goals).,"Fitted home advantage log-coefficient=0.085, low-score correlation rho=0.003.",No real market odds available for this fixture yet -- model-only prediction.,"Promoted club vs established club; no verified injury/lineup feed connected, so squad_injury factors are not incorporated (see data_quality_notes).","rest_day_diff=, congestion_diff= (matches in last 7 days, home minus away).",Promoted-club opponent: wide team-strength uncertainty (see serie_a_2026_27_dynamic_team_strength.csv).,data_quality_score=0.2 (market/injury/lineup/squad-transfer feeds unavailable).,0.1.0-phase1,2026-09-16T19:12:25+00:00
SERIEA2627_MW09_081_Fiorentina_Atalanta,Fiorentina,Atalanta,Dixon-Coles attack/defense edge (lambda=1.06 expected goals) plus home advantage.,Model does not see this as a close match.,Dixon-Coles attack/defense edge (mu=1.60 expected goals).,"Fitted home advantage log-coefficient=0.085, low-score correlation rho=0.003.",No real market odds available for this fixture yet -- model-only prediction.,"Established club vs established club; no verified injury/lineup feed connected, so squad_injury factors are not incorporated (see data_quality_notes).","rest_day_diff=, congestion_diff= (matches in last 7 days, home minus away).",Both clubs have substantial recent Serie A history informing this estimate.,data_quality_score=0.2 (market/injury/lineup/squad-transfer feeds unavailable).,0.1.0-phase1,2026-09-16T19:12:25+00:00
SERIEA2627_MW10_092_Bologna_Monza,Bologna,Monza,Dixon-Coles attack/defense edge (lambda=2.37 expected goals) plus home advantage.,Model does not see this as a close match.,Dixon-Coles attack/defense edge (mu=0.79 expected goals).,"Fitted home advantage log-coefficient=0.085, low-score correlation rho=0.003.",No real market odds available for this fixture yet -- model-only prediction.,"Established club vs promoted club; no verified injury/lineup feed connected, so squad_injury factors are not incorporated (see data_quality_notes).","rest_day_diff=, congestion_diff= (matches in last 7 days, home minus away).",Promoted-club opponent: wide team-strength uncertainty (see serie_a_2026_27_dynamic_team_strength.csv).,data_quality_score=0.2 (market/injury/lineup/squad-transfer feeds unavailable).,0.1.0-phase1,2026-09-16T19:12:25+00:00
SERIEA2627_MW10_100_Udinese_Roma,Udinese,Roma,Dixon-Coles attack/defense edge (lambda=0.88 expected goals) plus home advantage.,Model does not see this as a close match.,Dixon-Coles attack/defense edge (mu=1.80 expected goals).,"Fitted home advantage log-coefficient=0.085, low-score correlation rho=0.003.",No real market odds available for this fixture yet -- model-only prediction.,"Established club vs established club; no verified injury/lineup feed connected, so squad_injury factors are not incorporated (see data_quality_notes).","rest_day_diff=, congestion_diff= (matches in last 7 days, home minus away).",Both clubs have substantial recent Serie A history informing this estimate.,data_quality_score=0.2 (market/injury/lineup/squad-transfer feeds unavailable).,0.1.0-phase1,2026-09-16T19:12:25+00:00
SERIEA2627_MW10_098_Milan_Internazionale,Milan,Internazionale,Dixon-Coles attack/defense edge (lambda=1.25 expected goals) plus home advantage.,Model does not see this as a close match.,Dixon-Coles attack/defense edge (mu=1.84 expected goals).,"Fitted home advantage log-coefficient=0.085, low-score correlation rho=0.003.",No real market odds available for this fixture yet -- model-only prediction.,"Established club vs established club; no verified injury/lineup feed connected, so squad_injury factors are not incorporated (see data_quality_notes).","rest_day_diff=, congestion_diff= (matches in last 7 days, home minus away).",Both clubs have substantial recent Serie A history informing this estimate.,data_quality_score=0.2 (market/injury/lineup/squad-transfer feeds unavailable).,0.1.0-phase1,2026-09-16T19:12:25+00:00
SERIEA2627_MW10_093_Como_Venezia,Como,Venezia,Dixon-Coles attack/defense edge (lambda=3.08 expected goals) plus home advantage.,Model does not see this as a close match.,Dixon-Coles attack/defense edge (mu=0.55 expected goals).,"Fitted home advantage log-coefficient=0.085, low-score correlation rho=0.003.",No real market odds available for this fixture yet -- model-only prediction.,"Established club vs promoted club; no verified injury/lineup feed connected, so squad_injury factors are not incorporated (see data_quality_notes).","rest_day_diff=, congestion_diff= (matches in last 7 days, home minus away).",Promoted-club opponent: wide team-strength uncertainty (see serie_a_2026_27_dynamic_team_strength.csv).,data_quality_score=0.2 (market/injury/lineup/squad-transfer feeds unavailable).,0.1.0-phase1,2026-09-16T19:12:25+00:00
SERIEA2627_MW10_094_Frosinone_Torino,Frosinone,Torino,Dixon-Coles attack/defense edge (lambda=1.38 expected goals) plus home advantage.,Scoreline entropy 2.99 nats; teams of similar fitted strength.,Dixon-Coles attack/defense edge (mu=1.40 expected goals).,"Fitted home advantage log-coefficient=0.085, low-score correlation rho=0.003.",No real market odds available for this fixture yet -- model-only prediction.,"Promoted club vs established club; no verified injury/lineup feed connected, so squad_injury factors are not incorporated (see data_quality_notes).","rest_day_diff=, congestion_diff= (matches in last 7 days, home minus away).",Promoted-club opponent: wide team-strength uncertainty (see serie_a_2026_27_dynamic_team_strength.csv).,data_quality_score=0.2 (market/injury/lineup/squad-transfer feeds unavailable).,0.1.0-phase1,2026-09-16T19:12:25+00:00
SERIEA2627_MW10_096_Lazio_Cagliari,Lazio,Cagliari,Dixon-Coles attack/defense edge (lambda=1.39 expected goals) plus home advantage.,Model does not see this as a close match.,Dixon-Coles attack/defense edge (mu=0.89 expected goals).,"Fitted home advantage log-coefficient=0.085, low-score correlation rho=0.003.",No real market odds available for this fixture yet -- model-only prediction.,"Established club vs established club; no verified injury/lineup feed connected, so squad_injury factors are not incorporated (see data_quality_notes).","rest_day_diff=, congestion_diff= (matches in last 7 days, home minus away).",Both clubs have substantial recent Serie A history informing this estimate.,data_quality_score=0.2 (market/injury/lineup/squad-transfer feeds unavailable).,0.1.0-phase1,2026-09-16T19:12:25+00:00
SERIEA2627_MW10_097_Lecce_Genoa,Lecce,Genoa,Dixon-Coles attack/defense edge (lambda=0.88 expected goals) plus home advantage.,Scoreline entropy 2.58 nats; teams of similar fitted strength.,Dixon-Coles attack/defense edge (mu=1.07 expected goals).,"Fitted home advantage log-coefficient=0.085, low-score correlation rho=0.003.",No real market odds available for this fixture yet -- model-only prediction.,"Established club vs established club; no verified injury/lineup feed connected, so squad_injury factors are not incorporated (see data_quality_notes).","rest_day_diff=, congestion_diff= (matches in last 7 days, home minus away).",Both clubs have substantial recent Serie A history informing this estimate.,data_quality_score=0.2 (market/injury/lineup/squad-transfer feeds unavailable).,0.1.0-phase1,2026-09-16T19:12:25+00:00
SERIEA2627_MW10_095_Juventus_Napoli,Juventus,Napoli,Dixon-Coles attack/defense edge (lambda=1.18 expected goals) plus home advantage.,Scoreline entropy 2.75 nats; teams of similar fitted strength.,Dixon-Coles attack/defense edge (mu=1.08 expected goals).,"Fitted home advantage log-coefficient=0.085, low-score correlation rho=0.003.",No real market odds available for this fixture yet -- model-only prediction.,"Established club vs established club; no verified injury/lineup feed connected, so squad_injury factors are not incorporated (see data_quality_notes).","rest_day_diff=, congestion_diff= (matches in last 7 days, home minus away).",Both clubs have substantial recent Serie A history informing this estimate.,data_quality_score=0.2 (market/injury/lineup/squad-transfer feeds unavailable).,0.1.0-phase1,2026-09-16T19:12:25+00:00
SERIEA2627_MW10_099_Sassuolo_Fiorentina,Sassuolo,Fiorentina,Dixon-Coles attack/defense edge (lambda=1.51 expected goals) plus home advantage.,Scoreline entropy 3.04 nats; teams of similar fitted strength.,Dixon-Coles attack/defense edge (mu=1.40 expected goals).,"Fitted home advantage log-coefficient=0.085, low-score correlation rho=0.003.",No real market odds available for this fixture yet -- model-only prediction.,"Established club vs established club; no verified injury/lineup feed connected, so squad_injury factors are not incorporated (see data_quality_notes).","rest_day_diff=, congestion_diff= (matches in last 7 days, home minus away).",Both clubs have substantial recent Serie A history informing this estimate.,data_quality_score=0.2 (market/injury/lineup/squad-transfer feeds unavailable).,0.1.0-phase1,2026-09-16T19:12:25+00:00
SERIEA2627_MW10_091_Atalanta_Parma,Atalanta,Parma,Dixon-Coles attack/defense edge (lambda=1.62 expected goals) plus home advantage.,Model does not see this as a close match.,Dixon-Coles attack/defense edge (mu=0.64 expected goals).,"Fitted home advantage log-coefficient=0.085, low-score correlation rho=0.003.",No real market odds available for this fixture yet -- model-only prediction.,"Established club vs established club; no verified injury/lineup feed connected, so squad_injury factors are not incorporated (see data_quality_notes).","rest_day_diff=, congestion_diff= (matches in last 7 days, home minus away).",Both clubs have substantial recent Serie A history informing this estimate.,data_quality_score=0.2 (market/injury/lineup/squad-transfer feeds unavailable).,0.1.0-phase1,2026-09-16T19:12:25+00:00
SERIEA2627_MW11_110_Venezia_Udinese,Venezia,Udinese,Dixon-Coles attack/defense edge (lambda=0.88 expected goals) plus home advantage.,Model does not see this as a close match.,Dixon-Coles attack/defense edge (mu=2.07 expected goals).,"Fitted home advantage log-coefficient=0.085, low-score correlation rho=0.003.",No real market odds available for this fixture yet -- model-only prediction.,"Promoted club vs established club; no verified injury/lineup feed connected, so squad_injury factors are not incorporated (see data_quality_notes).","rest_day_diff=, congestion_diff= (matches in last 7 days, home minus away).",Promoted-club opponent: wide team-strength uncertainty (see serie_a_2026_27_dynamic_team_strength.csv).,data_quality_score=0.2 (market/injury/lineup/squad-transfer feeds unavailable).,0.1.0-phase1,2026-09-16T19:12:25+00:00
SERIEA2627_MW11_101_Cagliari_Frosinone,Cagliari,Frosinone,Dixon-Coles attack/defense edge (lambda=1.46 expected goals) plus home advantage.,Scoreline entropy 2.92 nats; teams of similar fitted strength.,Dixon-Coles attack/defense edge (mu=1.17 expected goals).,"Fitted home advantage log-coefficient=0.085, low-score correlation rho=0.003.",No real market odds available for this fixture yet -- model-only prediction.,"Established club vs promoted club; no verified injury/lineup feed connected, so squad_injury factors are not incorporated (see data_quality_notes).","rest_day_diff=, congestion_diff= (matches in last 7 days, home minus away).",Promoted-club opponent: wide team-strength uncertainty (see serie_a_2026_27_dynamic_team_strength.csv).,data_quality_score=0.2 (market/injury/lineup/squad-transfer feeds unavailable).,0.1.0-phase1,2026-09-16T19:12:25+00:00
SERIEA2627_MW11_109_Torino_Lecce,Torino,Lecce,Dixon-Coles attack/defense edge (lambda=1.27 expected goals) plus home advantage.,Model does not see this as a close match.,Dixon-Coles attack/defense edge (mu=0.88 expected goals).,"Fitted home advantage log-coefficient=0.085, low-score correlation rho=0.003.",No real market odds available for this fixture yet -- model-only prediction.,"Established club vs established club; no verified injury/lineup feed connected, so squad_injury factors are not incorporated (see data_quality_notes).","rest_day_diff=, congestion_diff= (matches in last 7 days, home minus away).",Both clubs have substantial recent Serie A history informing this estimate.,data_quality_score=0.2 (market/injury/lineup/squad-transfer feeds unavailable).,0.1.0-phase1,2026-09-16T19:12:25+00:00
SERIEA2627_MW11_107_Parma_Bologna,Parma,Bologna,Dixon-Coles attack/defense edge (lambda=0.81 expected goals) plus home advantage.,Model does not see this as a close match.,Dixon-Coles attack/defense edge (mu=1.23 expected goals).,"Fitted home advantage log-coefficient=0.085, low-score correlation rho=0.003.",No real market odds available for this fixture yet -- model-only prediction.,"Established club vs established club; no verified injury/lineup feed connected, so squad_injury factors are not incorporated (see data_quality_notes).","rest_day_diff=, congestion_diff= (matches in last 7 days, home minus away).",Both clubs have substantial recent Serie A history informing this estimate.,data_quality_score=0.2 (market/injury/lineup/squad-transfer feeds unavailable).,0.1.0-phase1,2026-09-16T19:12:25+00:00
SERIEA2627_MW11_108_Roma_Sassuolo,Roma,Sassuolo,Dixon-Coles attack/defense edge (lambda=2.07 expected goals) plus home advantage.,Model does not see this as a close match.,Dixon-Coles attack/defense edge (mu=0.87 expected goals).,"Fitted home advantage log-coefficient=0.085, low-score correlation rho=0.003.",No real market odds available for this fixture yet -- model-only prediction.,"Established club vs established club; no verified injury/lineup feed connected, so squad_injury factors are not incorporated (see data_quality_notes).","rest_day_diff=, congestion_diff= (matches in last 7 days, home minus away).",Both clubs have substantial recent Serie A history informing this estimate.,data_quality_score=0.2 (market/injury/lineup/squad-transfer feeds unavailable).,0.1.0-phase1,2026-09-16T19:12:25+00:00
SERIEA2627_MW11_106_Napoli_Lazio,Napoli,Lazio,Dixon-Coles attack/defense edge (lambda=1.37 expected goals) plus home advantage.,Model does not see this as a close match.,Dixon-Coles attack/defense edge (mu=0.90 expected goals).,"Fitted home advantage log-coefficient=0.085, low-score correlation rho=0.003.",No real market odds available for this fixture yet -- model-only prediction.,"Established club vs established club; no verified injury/lineup feed connected, so squad_injury factors are not incorporated (see data_quality_notes).","rest_day_diff=, congestion_diff= (matches in last 7 days, home minus away).",Both clubs have substantial recent Serie A history informing this estimate.,data_quality_score=0.2 (market/injury/lineup/squad-transfer feeds unavailable).,0.1.0-phase1,2026-09-16T19:12:25+00:00
SERIEA2627_MW11_103_Genoa_Milan,Genoa,Milan,Dixon-Coles attack/defense edge (lambda=0.89 expected goals) plus home advantage.,Model does not see this as a close match.,Dixon-Coles attack/defense edge (mu=1.51 expected goals).,"Fitted home advantage log-coefficient=0.085, low-score correlation rho=0.003.",No real market odds available for this fixture yet -- model-only prediction.,"Established club vs established club; no verified injury/lineup feed connected, so squad_injury factors are not incorporated (see data_quality_notes).","rest_day_diff=, congestion_diff= (matches in last 7 days, home minus away).",Both clubs have substantial recent Serie A history informing this estimate.,data_quality_score=0.2 (market/injury/lineup/squad-transfer feeds unavailable).,0.1.0-phase1,2026-09-16T19:12:25+00:00
SERIEA2627_MW11_105_Monza_Atalanta,Monza,Atalanta,Dixon-Coles attack/defense edge (lambda=0.73 expected goals) plus home advantage.,Model does not see this as a close match.,Dixon-Coles attack/defense edge (mu=2.63 expected goals).,"Fitted home advantage log-coefficient=0.085, low-score correlation rho=0.003.",No real market odds available for this fixture yet -- model-only prediction.,"Promoted club vs established club; no verified injury/lineup feed connected, so squad_injury factors are not incorporated (see data_quality_notes).","rest_day_diff=, congestion_diff= (matches in last 7 days, home minus away).",Promoted-club opponent: wide team-strength uncertainty (see serie_a_2026_27_dynamic_team_strength.csv).,data_quality_score=0.2 (market/injury/lineup/squad-transfer feeds unavailable).,0.1.0-phase1,2026-09-16T19:12:25+00:00
SERIEA2627_MW11_104_Internazionale_Como,Internazionale,Como,Dixon-Coles attack/defense edge (lambda=1.80 expected goals) plus home advantage.,Model does not see this as a close match.,Dixon-Coles attack/defense edge (mu=1.30 expected goals).,"Fitted home advantage log-coefficient=0.085, low-score correlation rho=0.003.",No real market odds available for this fixture yet -- model-only prediction.,"Established club vs established club; no verified injury/lineup feed connected, so squad_injury factors are not incorporated (see data_quality_notes).","rest_day_diff=, congestion_diff= (matches in last 7 days, home minus away).",Both clubs have substantial recent Serie A history informing this estimate.,data_quality_score=0.2 (market/injury/lineup/squad-transfer feeds unavailable).,0.1.0-phase1,2026-09-16T19:12:25+00:00
SERIEA2627_MW11_102_Fiorentina_Juventus,Fiorentina,Juventus,Dixon-Coles attack/defense edge (lambda=0.97 expected goals) plus home advantage.,Model does not see this as a close match.,Dixon-Coles attack/defense edge (mu=1.57 expected goals).,"Fitted home advantage log-coefficient=0.085, low-score correlation rho=0.003.",No real market odds available for this fixture yet -- model-only prediction.,"Established club vs established club; no verified injury/lineup feed connected, so squad_injury factors are not incorporated (see data_quality_notes).","rest_day_diff=, congestion_diff= (matches in last 7 days, home minus away).",Both clubs have substantial recent Serie A history informing this estimate.,data_quality_score=0.2 (market/injury/lineup/squad-transfer feeds unavailable).,0.1.0-phase1,2026-09-16T19:12:25+00:00
SERIEA2627_MW12_113_Como_Cagliari,Como,Cagliari,Dixon-Coles attack/defense edge (lambda=1.86 expected goals) plus home advantage.,Model does not see this as a close match.,Dixon-Coles attack/defense edge (mu=0.77 expected goals).,"Fitted home advantage log-coefficient=0.085, low-score correlation rho=0.003.",No real market odds available for this fixture yet -- model-only prediction.,"Established club vs established club; no verified injury/lineup feed connected, so squad_injury factors are not incorporated (see data_quality_notes).","rest_day_diff=, congestion_diff= (matches in last 7 days, home minus away).",Both clubs have substantial recent Serie A history informing this estimate.,data_quality_score=0.2 (market/injury/lineup/squad-transfer feeds unavailable).,0.1.0-phase1,2026-09-16T19:12:25+00:00
SERIEA2627_MW12_115_Lazio_Lecce,Lazio,Lecce,Dixon-Coles attack/defense edge (lambda=1.44 expected goals) plus home advantage.,Model does not see this as a close match.,Dixon-Coles attack/defense edge (mu=0.66 expected goals).,"Fitted home advantage log-coefficient=0.085, low-score correlation rho=0.003.",No real market odds available for this fixture yet -- model-only prediction.,"Established club vs established club; no verified injury/lineup feed connected, so squad_injury factors are not incorporated (see data_quality_notes).","rest_day_diff=, congestion_diff= (matches in last 7 days, home minus away).",Both clubs have substantial recent Serie A history informing this estimate.,data_quality_score=0.2 (market/injury/lineup/squad-transfer feeds unavailable).,0.1.0-phase1,2026-09-16T19:12:25+00:00
SERIEA2627_MW12_119_Parma_Roma,Parma,Roma,Dixon-Coles attack/defense edge (lambda=0.58 expected goals) plus home advantage.,Model does not see this as a close match.,Dixon-Coles attack/defense edge (mu=1.66 expected goals).,"Fitted home advantage log-coefficient=0.085, low-score correlation rho=0.003.",No real market odds available for this fixture yet -- model-only prediction.,"Established club vs established club; no verified injury/lineup feed connected, so squad_injury factors are not incorporated (see data_quality_notes).","rest_day_diff=, congestion_diff= (matches in last 7 days, home minus away).",Both clubs have substantial recent Serie A history informing this estimate.,data_quality_score=0.2 (market/injury/lineup/squad-transfer feeds unavailable).,0.1.0-phase1,2026-09-16T19:12:25+00:00
SERIEA2627_MW12_118_Napoli_Torino,Napoli,Torino,Dixon-Coles attack/defense edge (lambda=1.82 expected goals) plus home advantage.,Model does not see this as a close match.,Dixon-Coles attack/defense edge (mu=0.80 expected goals).,"Fitted home advantage log-coefficient=0.085, low-score correlation rho=0.003.",No real market odds available for this fixture yet -- model-only prediction.,"Established club vs established club; no verified injury/lineup feed connected, so squad_injury factors are not incorporated (see data_quality_notes).","rest_day_diff=, congestion_diff= (matches in last 7 days, home minus away).",Both clubs have substantial recent Serie A history informing this estimate.,data_quality_score=0.2 (market/injury/lineup/squad-transfer feeds unavailable).,0.1.0-phase1,2026-09-16T19:12:25+00:00
SERIEA2627_MW12_120_Sassuolo_Genoa,Sassuolo,Genoa,Dixon-Coles attack/defense edge (lambda=1.47 expected goals) plus home advantage.,Model does not see this as a close match.,Dixon-Coles attack/defense edge (mu=1.13 expected goals).,"Fitted home advantage log-coefficient=0.085, low-score correlation rho=0.003.",No real market odds available for this fixture yet -- model-only prediction.,"Established club vs established club; no verified injury/lineup feed connected, so squad_injury factors are not incorporated (see data_quality_notes).","rest_day_diff=, congestion_diff= (matches in last 7 days, home minus away).",Both clubs have substantial recent Serie A history informing this estimate.,data_quality_score=0.2 (market/injury/lineup/squad-transfer feeds unavailable).,0.1.0-phase1,2026-09-16T19:12:25+00:00
SERIEA2627_MW12_116_Milan_Frosinone,Milan,Frosinone,Dixon-Coles attack/defense edge (lambda=2.05 expected goals) plus home advantage.,Model does not see this as a close match.,Dixon-Coles attack/defense edge (mu=0.93 expected goals).,"Fitted home advantage log-coefficient=0.085, low-score correlation rho=0.003.",No real market odds available for this fixture yet -- model-only prediction.,"Established club vs promoted club; no verified injury/lineup feed connected, so squad_injury factors are not incorporated (see data_quality_notes).","rest_day_diff=, congestion_diff= (matches in last 7 days, home minus away).",Promoted-club opponent: wide team-strength uncertainty (see serie_a_2026_27_dynamic_team_strength.csv).,data_quality_score=0.2 (market/injury/lineup/squad-transfer feeds unavailable).,0.1.0-phase1,2026-09-16T19:12:25+00:00
SERIEA2627_MW12_112_Bologna_Udinese,Bologna,Udinese,Dixon-Coles attack/defense edge (lambda=1.45 expected goals) plus home advantage.,Model does not see this as a close match.,Dixon-Coles attack/defense edge (mu=1.13 expected goals).,"Fitted home advantage log-coefficient=0.085, low-score correlation rho=0.003.",No real market odds available for this fixture yet -- model-only prediction.,"Established club vs established club; no verified injury/lineup feed connected, so squad_injury factors are not incorporated (see data_quality_notes).","rest_day_diff=, congestion_diff= (matches in last 7 days, home minus away).",Both clubs have substantial recent Serie A history informing this estimate.,data_quality_score=0.2 (market/injury/lineup/squad-transfer feeds unavailable).,0.1.0-phase1,2026-09-16T19:12:25+00:00
SERIEA2627_MW12_111_Atalanta_Internazionale,Atalanta,Internazionale,Dixon-Coles attack/defense edge (lambda=1.28 expected goals) plus home advantage.,Model does not see this as a close match.,Dixon-Coles attack/defense edge (mu=1.77 expected goals).,"Fitted home advantage log-coefficient=0.085, low-score correlation rho=0.003.",No real market odds available for this fixture yet -- model-only prediction.,"Established club vs established club; no verified injury/lineup feed connected, so squad_injury factors are not incorporated (see data_quality_notes).","rest_day_diff=, congestion_diff= (matches in last 7 days, home minus away).",Both clubs have substantial recent Serie A history informing this estimate.,data_quality_score=0.2 (market/injury/lineup/squad-transfer feeds unavailable).,0.1.0-phase1,2026-09-16T19:12:25+00:00
SERIEA2627_MW12_117_Monza_Fiorentina,Monza,Fiorentina,Dixon-Coles attack/defense edge (lambda=0.98 expected goals) plus home advantage.,Model does not see this as a close match.,Dixon-Coles attack/defense edge (mu=2.16 expected goals).,"Fitted home advantage log-coefficient=0.085, low-score correlation rho=0.003.",No real market odds available for this fixture yet -- model-only prediction.,"Promoted club vs established club; no verified injury/lineup feed connected, so squad_injury factors are not incorporated (see data_quality_notes).","rest_day_diff=, congestion_diff= (matches in last 7 days, home minus away).",Promoted-club opponent: wide team-strength uncertainty (see serie_a_2026_27_dynamic_team_strength.csv).,data_quality_score=0.2 (market/injury/lineup/squad-transfer feeds unavailable).,0.1.0-phase1,2026-09-16T19:12:25+00:00
SERIEA2627_MW12_114_Juventus_Venezia,Juventus,Venezia,Dixon-Coles attack/defense edge (lambda=2.75 expected goals) plus home advantage.,Model does not see this as a close match.,Dixon-Coles attack/defense edge (mu=0.55 expected goals).,"Fitted home advantage log-coefficient=0.085, low-score correlation rho=0.003.",No real market odds available for this fixture yet -- model-only prediction.,"Established club vs promoted club; no verified injury/lineup feed connected, so squad_injury factors are not incorporated (see data_quality_notes).","rest_day_diff=, congestion_diff= (matches in last 7 days, home minus away).",Promoted-club opponent: wide team-strength uncertainty (see serie_a_2026_27_dynamic_team_strength.csv).,data_quality_score=0.2 (market/injury/lineup/squad-transfer feeds unavailable).,0.1.0-phase1,2026-09-16T19:12:25+00:00
SERIEA2627_MW13_121_Cagliari_Milan,Cagliari,Milan,Dixon-Coles attack/defense edge (lambda=0.93 expected goals) plus home advantage.,Model does not see this as a close match.,Dixon-Coles attack/defense edge (mu=1.51 expected goals).,"Fitted home advantage log-coefficient=0.085, low-score correlation rho=0.003.",No real market odds available for this fixture yet -- model-only prediction.,"Established club vs established club; no verified injury/lineup feed connected, so squad_injury factors are not incorporated (see data_quality_notes).","rest_day_diff=, congestion_diff= (matches in last 7 days, home minus away).",Both clubs have substantial recent Serie A history informing this estimate.,data_quality_score=0.2 (market/injury/lineup/squad-transfer feeds unavailable).,0.1.0-phase1,2026-09-16T19:12:25+00:00
SERIEA2627_MW13_122_Como_Juventus,Como,Juventus,Dixon-Coles attack/defense edge (lambda=1.31 expected goals) plus home advantage.,Scoreline entropy 2.82 nats; teams of similar fitted strength.,Dixon-Coles attack/defense edge (mu=1.09 expected goals).,"Fitted home advantage log-coefficient=0.085, low-score correlation rho=0.003.",No real market odds available for this fixture yet -- model-only prediction.,"Established club vs established club; no verified injury/lineup feed connected, so squad_injury factors are not incorporated (see data_quality_notes).","rest_day_diff=, congestion_diff= (matches in last 7 days, home minus away).",Both clubs have substantial recent Serie A history informing this estimate.,data_quality_score=0.2 (market/injury/lineup/squad-transfer feeds unavailable).,0.1.0-phase1,2026-09-16T19:12:25+00:00
SERIEA2627_MW13_123_Frosinone_Parma,Frosinone,Parma,Dixon-Coles attack/defense edge (lambda=1.22 expected goals) plus home advantage.,Scoreline entropy 2.74 nats; teams of similar fitted strength.,Dixon-Coles attack/defense edge (mu=1.03 expected goals).,"Fitted home advantage log-coefficient=0.085, low-score correlation rho=0.003.",No real market odds available for this fixture yet -- model-only prediction.,"Promoted club vs established club; no verified injury/lineup feed connected, so squad_injury factors are not incorporated (see data_quality_notes).","rest_day_diff=, congestion_diff= (matches in last 7 days, home minus away).",Promoted-club opponent: wide team-strength uncertainty (see serie_a_2026_27_dynamic_team_strength.csv).,data_quality_score=0.2 (market/injury/lineup/squad-transfer feeds unavailable).,0.1.0-phase1,2026-09-16T19:12:25+00:00
SERIEA2627_MW13_124_Internazionale_Genoa,Internazionale,Genoa,Dixon-Coles attack/defense edge (lambda=2.52 expected goals) plus home advantage.,Model does not see this as a close match.,Dixon-Coles attack/defense edge (mu=0.78 expected goals).,"Fitted home advantage log-coefficient=0.085, low-score correlation rho=0.003.",No real market odds available for this fixture yet -- model-only prediction.,"Established club vs established club; no verified injury/lineup feed connected, so squad_injury factors are not incorporated (see data_quality_notes).","rest_day_diff=, congestion_diff= (matches in last 7 days, home minus away).",Both clubs have substantial recent Serie A history informing this estimate.,data_quality_score=0.2 (market/injury/lineup/squad-transfer feeds unavailable).,0.1.0-phase1,2026-09-16T19:12:25+00:00
SERIEA2627_MW13_125_Lecce_Atalanta,Lecce,Atalanta,Dixon-Coles attack/defense edge (lambda=0.67 expected goals) plus home advantage.,Model does not see this as a close match.,Dixon-Coles attack/defense edge (mu=1.61 expected goals).,"Fitted home advantage log-coefficient=0.085, low-score correlation rho=0.003.",No real market odds available for this fixture yet -- model-only prediction.,"Established club vs established club; no verified injury/lineup feed connected, so squad_injury factors are not incorporated (see data_quality_notes).","rest_day_diff=, congestion_diff= (matches in last 7 days, home minus away).",Both clubs have substantial recent Serie A history informing this estimate.,data_quality_score=0.2 (market/injury/lineup/squad-transfer feeds unavailable).,0.1.0-phase1,2026-09-16T19:12:25+00:00
SERIEA2627_MW13_126_Roma_Monza,Roma,Monza,Dixon-Coles attack/defense edge (lambda=3.20 expected goals) plus home advantage.,Model does not see this as a close match.,Dixon-Coles attack/defense edge (mu=0.56 expected goals).,"Fitted home advantage log-coefficient=0.085, low-score correlation rho=0.003.",No real market odds available for this fixture yet -- model-only prediction.,"Established club vs promoted club; no verified injury/lineup feed connected, so squad_injury factors are not incorporated (see data_quality_notes).","rest_day_diff=, congestion_diff= (matches in last 7 days, home minus away).",Promoted-club opponent: wide team-strength uncertainty (see serie_a_2026_27_dynamic_team_strength.csv).,data_quality_score=0.2 (market/injury/lineup/squad-transfer feeds unavailable).,0.1.0-phase1,2026-09-16T19:12:25+00:00
SERIEA2627_MW13_127_Sassuolo_Napoli,Sassuolo,Napoli,Dixon-Coles attack/defense edge (lambda=1.04 expected goals) plus home advantage.,Model does not see this as a close match.,Dixon-Coles attack/defense edge (mu=1.70 expected goals).,"Fitted home advantage log-coefficient=0.085, low-score correlation rho=0.003.",No real market odds available for this fixture yet -- model-only prediction.,"Established club vs established club; no verified injury/lineup feed connected, so squad_injury factors are not incorporated (see data_quality_notes).","rest_day_diff=, congestion_diff= (matches in last 7 days, home minus away).",Both clubs have substantial recent Serie A history informing this estimate.,data_quality_score=0.2 (market/injury/lineup/squad-transfer feeds unavailable).,0.1.0-phase1,2026-09-16T19:12:25+00:00
SERIEA2627_MW13_128_Torino_Lazio,Torino,Lazio,Dixon-Coles attack/defense edge (lambda=1.01 expected goals) plus home advantage.,Model does not see this as a close match.,Dixon-Coles attack/defense edge (mu=1.39 expected goals).,"Fitted home advantage log-coefficient=0.085, low-score correlation rho=0.003.",No real market odds available for this fixture yet -- model-only prediction.,"Established club vs established club; no verified injury/lineup feed connected, so squad_injury factors are not incorporated (see data_quality_notes).","rest_day_diff=, congestion_diff= (matches in last 7 days, home minus away).",Both clubs have substantial recent Serie A history informing this estimate.,data_quality_score=0.2 (market/injury/lineup/squad-transfer feeds unavailable).,0.1.0-phase1,2026-09-16T19:12:25+00:00
SERIEA2627_MW13_129_Udinese_Fiorentina,Udinese,Fiorentina,Dixon-Coles attack/defense edge (lambda=1.41 expected goals) plus home advantage.,Scoreline entropy 2.97 nats; teams of similar fitted strength.,Dixon-Coles attack/defense edge (mu=1.32 expected goals).,"Fitted home advantage log-coefficient=0.085, low-score correlation rho=0.003.",No real market odds available for this fixture yet -- model-only prediction.,"Established club vs established club; no verified injury/lineup feed connected, so squad_injury factors are not incorporated (see data_quality_notes).","rest_day_diff=, congestion_diff= (matches in last 7 days, home minus away).",Both clubs have substantial recent Serie A history informing this estimate.,data_quality_score=0.2 (market/injury/lineup/squad-transfer feeds unavailable).,0.1.0-phase1,2026-09-16T19:12:25+00:00
SERIEA2627_MW13_130_Venezia_Bologna,Venezia,Bologna,Dixon-Coles attack/defense edge (lambda=0.76 expected goals) plus home advantage.,Model does not see this as a close match.,Dixon-Coles attack/defense edge (mu=2.11 expected goals).,"Fitted home advantage log-coefficient=0.085, low-score correlation rho=0.003.",No real market odds available for this fixture yet -- model-only prediction.,"Promoted club vs established club; no verified injury/lineup feed connected, so squad_injury factors are not incorporated (see data_quality_notes).","rest_day_diff=, congestion_diff= (matches in last 7 days, home minus away).",Promoted-club opponent: wide team-strength uncertainty (see serie_a_2026_27_dynamic_team_strength.csv).,data_quality_score=0.2 (market/injury/lineup/squad-transfer feeds unavailable).,0.1.0-phase1,2026-09-16T19:12:25+00:00
SERIEA2627_MW14_131_Bologna_Roma,Bologna,Roma,Dixon-Coles attack/defense edge (lambda=0.90 expected goals) plus home advantage.,Model does not see this as a close match.,Dixon-Coles attack/defense edge (mu=1.56 expected goals).,"Fitted home advantage log-coefficient=0.085, low-score correlation rho=0.003.",No real market odds available for this fixture yet -- model-only prediction.,"Established club vs established club; no verified injury/lineup feed connected, so squad_injury factors are not incorporated (see data_quality_notes).","rest_day_diff=, congestion_diff= (matches in last 7 days, home minus away).",Both clubs have substantial recent Serie A history informing this estimate.,data_quality_score=0.2 (market/injury/lineup/squad-transfer feeds unavailable).,0.1.0-phase1,2026-09-16T19:12:25+00:00
SERIEA2627_MW14_132_Fiorentina_Cagliari,Fiorentina,Cagliari,Dixon-Coles attack/defense edge (lambda=1.38 expected goals) plus home advantage.,Scoreline entropy 2.86 nats; teams of similar fitted strength.,Dixon-Coles attack/defense edge (mu=1.11 expected goals).,"Fitted home advantage log-coefficient=0.085, low-score correlation rho=0.003.",No real market odds available for this fixture yet -- model-only prediction.,"Established club vs established club; no verified injury/lineup feed connected, so squad_injury factors are not incorporated (see data_quality_notes).","rest_day_diff=, congestion_diff= (matches in last 7 days, home minus away).",Both clubs have substantial recent Serie A history informing this estimate.,data_quality_score=0.2 (market/injury/lineup/squad-transfer feeds unavailable).,0.1.0-phase1,2026-09-16T19:12:25+00:00
SERIEA2627_MW14_133_Frosinone_Internazionale,Frosinone,Internazionale,Dixon-Coles attack/defense edge (lambda=0.97 expected goals) plus home advantage.,Model does not see this as a close match.,Dixon-Coles attack/defense edge (mu=2.88 expected goals).,"Fitted home advantage log-coefficient=0.085, low-score correlation rho=0.003.",No real market odds available for this fixture yet -- model-only prediction.,"Promoted club vs established club; no verified injury/lineup feed connected, so squad_injury factors are not incorporated (see data_quality_notes).","rest_day_diff=, congestion_diff= (matches in last 7 days, home minus away).",Promoted-club opponent: wide team-strength uncertainty (see serie_a_2026_27_dynamic_team_strength.csv).,data_quality_score=0.2 (market/injury/lineup/squad-transfer feeds unavailable).,0.1.0-phase1,2026-09-16T19:12:25+00:00
SERIEA2627_MW14_134_Genoa_Torino,Genoa,Torino,Dixon-Coles attack/defense edge (lambda=1.22 expected goals) plus home advantage.,Scoreline entropy 2.79 nats; teams of similar fitted strength.,Dixon-Coles attack/defense edge (mu=1.13 expected goals).,"Fitted home advantage log-coefficient=0.085, low-score correlation rho=0.003.",No real market odds available for this fixture yet -- model-only prediction.,"Established club vs established club; no verified injury/lineup feed connected, so squad_injury factors are not incorporated (see data_quality_notes).","rest_day_diff=, congestion_diff= (matches in last 7 days, home minus away).",Both clubs have substantial recent Serie A history informing this estimate.,data_quality_score=0.2 (market/injury/lineup/squad-transfer feeds unavailable).,0.1.0-phase1,2026-09-16T19:12:25+00:00
SERIEA2627_MW14_135_Juventus_Udinese,Juventus,Udinese,Dixon-Coles attack/defense edge (lambda=1.73 expected goals) plus home advantage.,Model does not see this as a close match.,Dixon-Coles attack/defense edge (mu=0.88 expected goals).,"Fitted home advantage log-coefficient=0.085, low-score correlation rho=0.003.",No real market odds available for this fixture yet -- model-only prediction.,"Established club vs established club; no verified injury/lineup feed connected, so squad_injury factors are not incorporated (see data_quality_notes).","rest_day_diff=, congestion_diff= (matches in last 7 days, home minus away).",Both clubs have substantial recent Serie A history informing this estimate.,data_quality_score=0.2 (market/injury/lineup/squad-transfer feeds unavailable).,0.1.0-phase1,2026-09-16T19:12:25+00:00
SERIEA2627_MW14_136_Lazio_Atalanta,Lazio,Atalanta,Dixon-Coles attack/defense edge (lambda=1.07 expected goals) plus home advantage.,Scoreline entropy 2.78 nats; teams of similar fitted strength.,Dixon-Coles attack/defense edge (mu=1.27 expected goals).,"Fitted home advantage log-coefficient=0.085, low-score correlation rho=0.003.",No real market odds available for this fixture yet -- model-only prediction.,"Established club vs established club; no verified injury/lineup feed connected, so squad_injury factors are not incorporated (see data_quality_notes).","rest_day_diff=, congestion_diff= (matches in last 7 days, home minus away).",Both clubs have substantial recent Serie A history informing this estimate.,data_quality_score=0.2 (market/injury/lineup/squad-transfer feeds unavailable).,0.1.0-phase1,2026-09-16T19:12:25+00:00
SERIEA2627_MW14_137_Milan_Parma,Milan,Parma,Dixon-Coles attack/defense edge (lambda=1.58 expected goals) plus home advantage.,Model does not see this as a close match.,Dixon-Coles attack/defense edge (mu=0.66 expected goals).,"Fitted home advantage log-coefficient=0.085, low-score correlation rho=0.003.",No real market odds available for this fixture yet -- model-only prediction.,"Established club vs established club; no verified injury/lineup feed connected, so squad_injury factors are not incorporated (see data_quality_notes).","rest_day_diff=, congestion_diff= (matches in last 7 days, home minus away).",Both clubs have substantial recent Serie A history informing this estimate.,data_quality_score=0.2 (market/injury/lineup/squad-transfer feeds unavailable).,0.1.0-phase1,2026-09-16T19:12:25+00:00
SERIEA2627_MW14_138_Monza_Como,Monza,Como,Dixon-Coles attack/defense edge (lambda=0.68 expected goals) plus home advantage.,Model does not see this as a close match.,Dixon-Coles attack/defense edge (mu=2.91 expected goals).,"Fitted home advantage log-coefficient=0.085, low-score correlation rho=0.003.",No real market odds available for this fixture yet -- model-only prediction.,"Promoted club vs established club; no verified injury/lineup feed connected, so squad_injury factors are not incorporated (see data_quality_notes).","rest_day_diff=, congestion_diff= (matches in last 7 days, home minus away).",Promoted-club opponent: wide team-strength uncertainty (see serie_a_2026_27_dynamic_team_strength.csv).,data_quality_score=0.2 (market/injury/lineup/squad-transfer feeds unavailable).,0.1.0-phase1,2026-09-16T19:12:25+00:00
SERIEA2627_MW14_139_Napoli_Lecce,Napoli,Lecce,Dixon-Coles attack/defense edge (lambda=1.74 expected goals) plus home advantage.,Model does not see this as a close match.,Dixon-Coles attack/defense edge (mu=0.57 expected goals).,"Fitted home advantage log-coefficient=0.085, low-score correlation rho=0.003.",No real market odds available for this fixture yet -- model-only prediction.,"Established club vs established club; no verified injury/lineup feed connected, so squad_injury factors are not incorporated (see data_quality_notes).","rest_day_diff=, congestion_diff= (matches in last 7 days, home minus away).",Both clubs have substantial recent Serie A history informing this estimate.,data_quality_score=0.2 (market/injury/lineup/squad-transfer feeds unavailable).,0.1.0-phase1,2026-09-16T19:12:25+00:00
SERIEA2627_MW14_140_Venezia_Sassuolo,Venezia,Sassuolo,Dixon-Coles attack/defense edge (lambda=0.93 expected goals) plus home advantage.,Model does not see this as a close match.,Dixon-Coles attack/defense edge (mu=2.23 expected goals).,"Fitted home advantage log-coefficient=0.085, low-score correlation rho=0.003.",No real market odds available for this fixture yet -- model-only prediction.,"Promoted club vs established club; no verified injury/lineup feed connected, so squad_injury factors are not incorporated (see data_quality_notes).","rest_day_diff=, congestion_diff= (matches in last 7 days, home minus away).",Promoted-club opponent: wide team-strength uncertainty (see serie_a_2026_27_dynamic_team_strength.csv).,data_quality_score=0.2 (market/injury/lineup/squad-transfer feeds unavailable).,0.1.0-phase1,2026-09-16T19:12:25+00:00
SERIEA2627_MW15_141_Atalanta_Genoa,Atalanta,Genoa,Dixon-Coles attack/defense edge (lambda=1.69 expected goals) plus home advantage.,Model does not see this as a close match.,Dixon-Coles attack/defense edge (mu=0.79 expected goals).,"Fitted home advantage log-coefficient=0.085, low-score correlation rho=0.003.",No real market odds available for this fixture yet -- model-only prediction.,"Established club vs established club; no verified injury/lineup feed connected, so squad_injury factors are not incorporated (see data_quality_notes).","rest_day_diff=, congestion_diff= (matches in last 7 days, home minus away).",Both clubs have substantial recent Serie A history informing this estimate.,data_quality_score=0.2 (market/injury/lineup/squad-transfer feeds unavailable).,0.1.0-phase1,2026-09-16T19:12:25+00:00
SERIEA2627_MW15_142_Cagliari_Venezia,Cagliari,Venezia,Dixon-Coles attack/defense edge (lambda=1.94 expected goals) plus home advantage.,Model does not see this as a close match.,Dixon-Coles attack/defense edge (mu=0.78 expected goals).,"Fitted home advantage log-coefficient=0.085, low-score correlation rho=0.003.",No real market odds available for this fixture yet -- model-only prediction.,"Established club vs promoted club; no verified injury/lineup feed connected, so squad_injury factors are not incorporated (see data_quality_notes).","rest_day_diff=, congestion_diff= (matches in last 7 days, home minus away).",Promoted-club opponent: wide team-strength uncertainty (see serie_a_2026_27_dynamic_team_strength.csv).,data_quality_score=0.2 (market/injury/lineup/squad-transfer feeds unavailable).,0.1.0-phase1,2026-09-16T19:12:25+00:00
SERIEA2627_MW15_143_Como_Bologna,Como,Bologna,Dixon-Coles attack/defense edge (lambda=1.68 expected goals) plus home advantage.,Model does not see this as a close match.,Dixon-Coles attack/defense edge (mu=0.91 expected goals).,"Fitted home advantage log-coefficient=0.085, low-score correlation rho=0.003.",No real market odds available for this fixture yet -- model-only prediction.,"Established club vs established club; no verified injury/lineup feed connected, so squad_injury factors are not incorporated (see data_quality_notes).","rest_day_diff=, congestion_diff= (matches in last 7 days, home minus away).",Both clubs have substantial recent Serie A history informing this estimate.,data_quality_score=0.2 (market/injury/lineup/squad-transfer feeds unavailable).,0.1.0-phase1,2026-09-16T19:12:25+00:00
SERIEA2627_MW15_144_Internazionale_Torino,Internazionale,Torino,Dixon-Coles attack/defense edge (lambda=2.73 expected goals) plus home advantage.,Model does not see this as a close match.,Dixon-Coles attack/defense edge (mu=0.86 expected goals).,"Fitted home advantage log-coefficient=0.085, low-score correlation rho=0.003.",No real market odds available for this fixture yet -- model-only prediction.,"Established club vs established club; no verified injury/lineup feed connected, so squad_injury factors are not incorporated (see data_quality_notes).","rest_day_diff=, congestion_diff= (matches in last 7 days, home minus away).",Both clubs have substantial recent Serie A history informing this estimate.,data_quality_score=0.2 (market/injury/lineup/squad-transfer feeds unavailable).,0.1.0-phase1,2026-09-16T19:12:25+00:00
SERIEA2627_MW15_145_Juventus_Monza,Juventus,Monza,Dixon-Coles attack/defense edge (lambda=2.83 expected goals) plus home advantage.,Model does not see this as a close match.,Dixon-Coles attack/defense edge (mu=0.61 expected goals).,"Fitted home advantage log-coefficient=0.085, low-score correlation rho=0.003.",No real market odds available for this fixture yet -- model-only prediction.,"Established club vs promoted club; no verified injury/lineup feed connected, so squad_injury factors are not incorporated (see data_quality_notes).","rest_day_diff=, congestion_diff= (matches in last 7 days, home minus away).",Promoted-club opponent: wide team-strength uncertainty (see serie_a_2026_27_dynamic_team_strength.csv).,data_quality_score=0.2 (market/injury/lineup/squad-transfer feeds unavailable).,0.1.0-phase1,2026-09-16T19:12:25+00:00
SERIEA2627_MW15_146_Lazio_Roma,Lazio,Roma,Dixon-Coles attack/defense edge (lambda=0.90 expected goals) plus home advantage.,Model does not see this as a close match.,Dixon-Coles attack/defense edge (mu=1.42 expected goals).,"Fitted home advantage log-coefficient=0.085, low-score correlation rho=0.003.",No real market odds available for this fixture yet -- model-only prediction.,"Established club vs established club; no verified injury/lineup feed connected, so squad_injury factors are not incorporated (see data_quality_notes).","rest_day_diff=, congestion_diff= (matches in last 7 days, home minus away).",Both clubs have substantial recent Serie A history informing this estimate.,data_quality_score=0.2 (market/injury/lineup/squad-transfer feeds unavailable).,0.1.0-phase1,2026-09-16T19:12:25+00:00
SERIEA2627_MW15_147_Lecce_Sassuolo,Lecce,Sassuolo,Dixon-Coles attack/defense edge (lambda=0.97 expected goals) plus home advantage.,Model does not see this as a close match.,Dixon-Coles attack/defense edge (mu=1.40 expected goals).,"Fitted home advantage log-coefficient=0.085, low-score correlation rho=0.003.",No real market odds available for this fixture yet -- model-only prediction.,"Established club vs established club; no verified injury/lineup feed connected, so squad_injury factors are not incorporated (see data_quality_notes).","rest_day_diff=, congestion_diff= (matches in last 7 days, home minus away).",Both clubs have substantial recent Serie A history informing this estimate.,data_quality_score=0.2 (market/injury/lineup/squad-transfer feeds unavailable).,0.1.0-phase1,2026-09-16T19:12:25+00:00
SERIEA2627_MW15_148_Napoli_Milan,Napoli,Milan,Dixon-Coles attack/defense edge (lambda=1.33 expected goals) plus home advantage.,Scoreline entropy 2.81 nats; teams of similar fitted strength.,Dixon-Coles attack/defense edge (mu=1.07 expected goals).,"Fitted home advantage log-coefficient=0.085, low-score correlation rho=0.003.",No real market odds available for this fixture yet -- model-only prediction.,"Established club vs established club; no verified injury/lineup feed connected, so squad_injury factors are not incorporated (see data_quality_notes).","rest_day_diff=, congestion_diff= (matches in last 7 days, home minus away).",Both clubs have substantial recent Serie A history informing this estimate.,data_quality_score=0.2 (market/injury/lineup/squad-transfer feeds unavailable).,0.1.0-phase1,2026-09-16T19:12:25+00:00
SERIEA2627_MW15_149_Parma_Fiorentina,Parma,Fiorentina,Dixon-Coles attack/defense edge (lambda=0.93 expected goals) plus home advantage.,Scoreline entropy 2.68 nats; teams of similar fitted strength.,Dixon-Coles attack/defense edge (mu=1.22 expected goals).,"Fitted home advantage log-coefficient=0.085, low-score correlation rho=0.003.",No real market odds available for this fixture yet -- model-only prediction.,"Established club vs established club; no verified injury/lineup feed connected, so squad_injury factors are not incorporated (see data_quality_notes).","rest_day_diff=, congestion_diff= (matches in last 7 days, home minus away).",Both clubs have substantial recent Serie A history informing this estimate.,data_quality_score=0.2 (market/injury/lineup/squad-transfer feeds unavailable).,0.1.0-phase1,2026-09-16T19:12:25+00:00
SERIEA2627_MW15_150_Udinese_Frosinone,Udinese,Frosinone,Dixon-Coles attack/defense edge (lambda=1.70 expected goals) plus home advantage.,Model does not see this as a close match.,Dixon-Coles attack/defense edge (mu=1.22 expected goals).,"Fitted home advantage log-coefficient=0.085, low-score correlation rho=0.003.",No real market odds available for this fixture yet -- model-only prediction.,"Established club vs promoted club; no verified injury/lineup feed connected, so squad_injury factors are not incorporated (see data_quality_notes).","rest_day_diff=, congestion_diff= (matches in last 7 days, home minus away).",Promoted-club opponent: wide team-strength uncertainty (see serie_a_2026_27_dynamic_team_strength.csv).,data_quality_score=0.2 (market/injury/lineup/squad-transfer feeds unavailable).,0.1.0-phase1,2026-09-16T19:12:25+00:00
SERIEA2627_MW16_151_Atalanta_Napoli,Atalanta,Napoli,Dixon-Coles attack/defense edge (lambda=1.19 expected goals) plus home advantage.,Scoreline entropy 2.81 nats; teams of similar fitted strength.,Dixon-Coles attack/defense edge (mu=1.18 expected goals).,"Fitted home advantage log-coefficient=0.085, low-score correlation rho=0.003.",No real market odds available for this fixture yet -- model-only prediction.,"Established club vs established club; no verified injury/lineup feed connected, so squad_injury factors are not incorporated (see data_quality_notes).","rest_day_diff=, congestion_diff= (matches in last 7 days, home minus away).",Both clubs have substantial recent Serie A history informing this estimate.,data_quality_score=0.2 (market/injury/lineup/squad-transfer feeds unavailable).,0.1.0-phase1,2026-09-16T19:12:25+00:00
SERIEA2627_MW16_152_Fiorentina_Bologna,Fiorentina,Bologna,Dixon-Coles attack/defense edge (lambda=1.24 expected goals) plus home advantage.,Scoreline entropy 2.90 nats; teams of similar fitted strength.,Dixon-Coles attack/defense edge (mu=1.32 expected goals).,"Fitted home advantage log-coefficient=0.085, low-score correlation rho=0.003.",No real market odds available for this fixture yet -- model-only prediction.,"Established club vs established club; no verified injury/lineup feed connected, so squad_injury factors are not incorporated (see data_quality_notes).","rest_day_diff=, congestion_diff= (matches in last 7 days, home minus away).",Both clubs have substantial recent Serie A history informing this estimate.,data_quality_score=0.2 (market/injury/lineup/squad-transfer feeds unavailable).,0.1.0-phase1,2026-09-16T19:12:25+00:00
SERIEA2627_MW16_153_Frosinone_Lazio,Frosinone,Lazio,Dixon-Coles attack/defense edge (lambda=1.04 expected goals) plus home advantage.,Model does not see this as a close match.,Dixon-Coles attack/defense edge (mu=1.59 expected goals).,"Fitted home advantage log-coefficient=0.085, low-score correlation rho=0.003.",No real market odds available for this fixture yet -- model-only prediction.,"Promoted club vs established club; no verified injury/lineup feed connected, so squad_injury factors are not incorporated (see data_quality_notes).","rest_day_diff=, congestion_diff= (matches in last 7 days, home minus away).",Promoted-club opponent: wide team-strength uncertainty (see serie_a_2026_27_dynamic_team_strength.csv).,data_quality_score=0.2 (market/injury/lineup/squad-transfer feeds unavailable).,0.1.0-phase1,2026-09-16T19:12:25+00:00
SERIEA2627_MW16_154_Genoa_Udinese,Genoa,Udinese,Dixon-Coles attack/defense edge (lambda=1.17 expected goals) plus home advantage.,Scoreline entropy 2.83 nats; teams of similar fitted strength.,Dixon-Coles attack/defense edge (mu=1.25 expected goals).,"Fitted home advantage log-coefficient=0.085, low-score correlation rho=0.003.",No real market odds available for this fixture yet -- model-only prediction.,"Established club vs established club; no verified injury/lineup feed connected, so squad_injury factors are not incorporated (see data_quality_notes).","rest_day_diff=, congestion_diff= (matches in last 7 days, home minus away).",Both clubs have substantial recent Serie A history informing this estimate.,data_quality_score=0.2 (market/injury/lineup/squad-transfer feeds unavailable).,0.1.0-phase1,2026-09-16T19:12:25+00:00
SERIEA2627_MW16_155_Lecce_Internazionale,Lecce,Internazionale,Dixon-Coles attack/defense edge (lambda=0.67 expected goals) plus home advantage.,Model does not see this as a close match.,Dixon-Coles attack/defense edge (mu=2.40 expected goals).,"Fitted home advantage log-coefficient=0.085, low-score correlation rho=0.003.",No real market odds available for this fixture yet -- model-only prediction.,"Established club vs established club; no verified injury/lineup feed connected, so squad_injury factors are not incorporated (see data_quality_notes).","rest_day_diff=, congestion_diff= (matches in last 7 days, home minus away).",Both clubs have substantial recent Serie A history informing this estimate.,data_quality_score=0.2 (market/injury/lineup/squad-transfer feeds unavailable).,0.1.0-phase1,2026-09-16T19:12:25+00:00
SERIEA2627_MW16_156_Milan_Como,Milan,Como,Dixon-Coles attack/defense edge (lambda=1.18 expected goals) plus home advantage.,Scoreline entropy 2.88 nats; teams of similar fitted strength.,Dixon-Coles attack/defense edge (mu=1.36 expected goals).,"Fitted home advantage log-coefficient=0.085, low-score correlation rho=0.003.",No real market odds available for this fixture yet -- model-only prediction.,"Established club vs established club; no verified injury/lineup feed connected, so squad_injury factors are not incorporated (see data_quality_notes).","rest_day_diff=, congestion_diff= (matches in last 7 days, home minus away).",Both clubs have substantial recent Serie A history informing this estimate.,data_quality_score=0.2 (market/injury/lineup/squad-transfer feeds unavailable).,0.1.0-phase1,2026-09-16T19:12:25+00:00
SERIEA2627_MW16_157_Roma_Juventus,Roma,Juventus,Dixon-Coles attack/defense edge (lambda=1.32 expected goals) plus home advantage.,Model does not see this as a close match.,Dixon-Coles attack/defense edge (mu=0.99 expected goals).,"Fitted home advantage log-coefficient=0.085, low-score correlation rho=0.003.",No real market odds available for this fixture yet -- model-only prediction.,"Established club vs established club; no verified injury/lineup feed connected, so squad_injury factors are not incorporated (see data_quality_notes).","rest_day_diff=, congestion_diff= (matches in last 7 days, home minus away).",Both clubs have substantial recent Serie A history informing this estimate.,data_quality_score=0.2 (market/injury/lineup/squad-transfer feeds unavailable).,0.1.0-phase1,2026-09-16T19:12:25+00:00
SERIEA2627_MW16_158_Sassuolo_Parma,Sassuolo,Parma,Dixon-Coles attack/defense edge (lambda=1.41 expected goals) plus home advantage.,Model does not see this as a close match.,Dixon-Coles attack/defense edge (mu=0.91 expected goals).,"Fitted home advantage log-coefficient=0.085, low-score correlation rho=0.003.",No real market odds available for this fixture yet -- model-only prediction.,"Established club vs established club; no verified injury/lineup feed connected, so squad_injury factors are not incorporated (see data_quality_notes).","rest_day_diff=, congestion_diff= (matches in last 7 days, home minus away).",Both clubs have substantial recent Serie A history informing this estimate.,data_quality_score=0.2 (market/injury/lineup/squad-transfer feeds unavailable).,0.1.0-phase1,2026-09-16T19:12:25+00:00
SERIEA2627_MW16_159_Torino_Cagliari,Torino,Cagliari,Dixon-Coles attack/defense edge (lambda=1.23 expected goals) plus home advantage.,Scoreline entropy 2.82 nats; teams of similar fitted strength.,Dixon-Coles attack/defense edge (mu=1.17 expected goals).,"Fitted home advantage log-coefficient=0.085, low-score correlation rho=0.003.",No real market odds available for this fixture yet -- model-only prediction.,"Established club vs established club; no verified injury/lineup feed connected, so squad_injury factors are not incorporated (see data_quality_notes).","rest_day_diff=, congestion_diff= (matches in last 7 days, home minus away).",Both clubs have substantial recent Serie A history informing this estimate.,data_quality_score=0.2 (market/injury/lineup/squad-transfer feeds unavailable).,0.1.0-phase1,2026-09-16T19:12:25+00:00
SERIEA2627_MW16_160_Venezia_Monza,Venezia,Monza,Dixon-Coles attack/defense edge (lambda=1.44 expected goals) plus home advantage.,Scoreline entropy 3.03 nats; teams of similar fitted strength.,Dixon-Coles attack/defense edge (mu=1.44 expected goals).,"Fitted home advantage log-coefficient=0.085, low-score correlation rho=0.003.",No real market odds available for this fixture yet -- model-only prediction.,"Promoted club vs promoted club; no verified injury/lineup feed connected, so squad_injury factors are not incorporated (see data_quality_notes).","rest_day_diff=, congestion_diff= (matches in last 7 days, home minus away).",Promoted-club opponent: wide team-strength uncertainty (see serie_a_2026_27_dynamic_team_strength.csv).,data_quality_score=0.2 (market/injury/lineup/squad-transfer feeds unavailable).,0.1.0-phase1,2026-09-16T19:12:25+00:00
SERIEA2627_MW17_161_Bologna_Juventus,Bologna,Juventus,Dixon-Coles attack/defense edge (lambda=0.98 expected goals) plus home advantage.,Model does not see this as a close match.,Dixon-Coles attack/defense edge (mu=1.37 expected goals).,"Fitted home advantage log-coefficient=0.085, low-score correlation rho=0.003.",No real market odds available for this fixture yet -- model-only prediction.,"Established club vs established club; no verified injury/lineup feed connected, so squad_injury factors are not incorporated (see data_quality_notes).","rest_day_diff=, congestion_diff= (matches in last 7 days, home minus away).",Both clubs have substantial recent Serie A history informing this estimate.,data_quality_score=0.2 (market/injury/lineup/squad-transfer feeds unavailable).,0.1.0-phase1,2026-09-16T19:12:25+00:00
SERIEA2627_MW17_162_Cagliari_Genoa,Cagliari,Genoa,Dixon-Coles attack/defense edge (lambda=1.18 expected goals) plus home advantage.,Scoreline entropy 2.72 nats; teams of similar fitted strength.,Dixon-Coles attack/defense edge (mu=1.03 expected goals).,"Fitted home advantage log-coefficient=0.085, low-score correlation rho=0.003.",No real market odds available for this fixture yet -- model-only prediction.,"Established club vs established club; no verified injury/lineup feed connected, so squad_injury factors are not incorporated (see data_quality_notes).","rest_day_diff=, congestion_diff= (matches in last 7 days, home minus away).",Both clubs have substantial recent Serie A history informing this estimate.,data_quality_score=0.2 (market/injury/lineup/squad-transfer feeds unavailable).,0.1.0-phase1,2026-09-16T19:12:25+00:00
SERIEA2627_MW17_163_Como_Lecce,Como,Lecce,Dixon-Coles attack/defense edge (lambda=1.93 expected goals) plus home advantage.,Model does not see this as a close match.,Dixon-Coles attack/defense edge (mu=0.58 expected goals).,"Fitted home advantage log-coefficient=0.085, low-score correlation rho=0.003.",No real market odds available for this fixture yet -- model-only prediction.,"Established club vs established club; no verified injury/lineup feed connected, so squad_injury factors are not incorporated (see data_quality_notes).","rest_day_diff=, congestion_diff= (matches in last 7 days, home minus away).",Both clubs have substantial recent Serie A history informing this estimate.,data_quality_score=0.2 (market/injury/lineup/squad-transfer feeds unavailable).,0.1.0-phase1,2026-09-16T19:12:25+00:00
SERIEA2627_MW17_164_Fiorentina_Lazio,Fiorentina,Lazio,Dixon-Coles attack/defense edge (lambda=1.13 expected goals) plus home advantage.,Scoreline entropy 2.84 nats; teams of similar fitted strength.,Dixon-Coles attack/defense edge (mu=1.32 expected goals).,"Fitted home advantage log-coefficient=0.085, low-score correlation rho=0.003.",No real market odds available for this fixture yet -- model-only prediction.,"Established club vs established club; no verified injury/lineup feed connected, so squad_injury factors are not incorporated (see data_quality_notes).","rest_day_diff=, congestion_diff= (matches in last 7 days, home minus away).",Both clubs have substantial recent Serie A history informing this estimate.,data_quality_score=0.2 (market/injury/lineup/squad-transfer feeds unavailable).,0.1.0-phase1,2026-09-16T19:12:25+00:00
SERIEA2627_MW17_165_Internazionale_Sassuolo,Internazionale,Sassuolo,Dixon-Coles attack/defense edge (lambda=2.77 expected goals) plus home advantage.,Model does not see this as a close match.,Dixon-Coles attack/defense edge (mu=1.03 expected goals).,"Fitted home advantage log-coefficient=0.085, low-score correlation rho=0.003.",No real market odds available for this fixture yet -- model-only prediction.,"Established club vs established club; no verified injury/lineup feed connected, so squad_injury factors are not incorporated (see data_quality_notes).","rest_day_diff=, congestion_diff= (matches in last 7 days, home minus away).",Both clubs have substantial recent Serie A history informing this estimate.,data_quality_score=0.2 (market/injury/lineup/squad-transfer feeds unavailable).,0.1.0-phase1,2026-09-16T19:12:25+00:00
SERIEA2627_MW17_166_Monza_Milan,Monza,Milan,Dixon-Coles attack/defense edge (lambda=0.75 expected goals) plus home advantage.,Model does not see this as a close match.,Dixon-Coles attack/defense edge (mu=2.57 expected goals).,"Fitted home advantage log-coefficient=0.085, low-score correlation rho=0.003.",No real market odds available for this fixture yet -- model-only prediction.,"Promoted club vs established club; no verified injury/lineup feed connected, so squad_injury factors are not incorporated (see data_quality_notes).","rest_day_diff=, congestion_diff= (matches in last 7 days, home minus away).",Promoted-club opponent: wide team-strength uncertainty (see serie_a_2026_27_dynamic_team_strength.csv).,data_quality_score=0.2 (market/injury/lineup/squad-transfer feeds unavailable).,0.1.0-phase1,2026-09-16T19:12:25+00:00
SERIEA2627_MW17_167_Parma_Napoli,Parma,Napoli,Dixon-Coles attack/defense edge (lambda=0.64 expected goals) plus home advantage.,Model does not see this as a close match.,Dixon-Coles attack/defense edge (mu=1.48 expected goals).,"Fitted home advantage log-coefficient=0.085, low-score correlation rho=0.003.",No real market odds available for this fixture yet -- model-only prediction.,"Established club vs established club; no verified injury/lineup feed connected, so squad_injury factors are not incorporated (see data_quality_notes).","rest_day_diff=, congestion_diff= (matches in last 7 days, home minus away).",Both clubs have substantial recent Serie A history informing this estimate.,data_quality_score=0.2 (market/injury/lineup/squad-transfer feeds unavailable).,0.1.0-phase1,2026-09-16T19:12:25+00:00
SERIEA2627_MW17_168_Roma_Frosinone,Roma,Frosinone,Dixon-Coles attack/defense edge (lambda=2.34 expected goals) plus home advantage.,Model does not see this as a close match.,Dixon-Coles attack/defense edge (mu=0.75 expected goals).,"Fitted home advantage log-coefficient=0.085, low-score correlation rho=0.003.",No real market odds available for this fixture yet -- model-only prediction.,"Established club vs promoted club; no verified injury/lineup feed connected, so squad_injury factors are not incorporated (see data_quality_notes).","rest_day_diff=, congestion_diff= (matches in last 7 days, home minus away).",Promoted-club opponent: wide team-strength uncertainty (see serie_a_2026_27_dynamic_team_strength.csv).,data_quality_score=0.2 (market/injury/lineup/squad-transfer feeds unavailable).,0.1.0-phase1,2026-09-16T19:12:25+00:00
SERIEA2627_MW17_169_Torino_Venezia,Torino,Venezia,Dixon-Coles attack/defense edge (lambda=2.03 expected goals) plus home advantage.,Model does not see this as a close match.,Dixon-Coles attack/defense edge (mu=0.84 expected goals).,"Fitted home advantage log-coefficient=0.085, low-score correlation rho=0.003.",No real market odds available for this fixture yet -- model-only prediction.,"Established club vs promoted club; no verified injury/lineup feed connected, so squad_injury factors are not incorporated (see data_quality_notes).","rest_day_diff=, congestion_diff= (matches in last 7 days, home minus away).",Promoted-club opponent: wide team-strength uncertainty (see serie_a_2026_27_dynamic_team_strength.csv).,data_quality_score=0.2 (market/injury/lineup/squad-transfer feeds unavailable).,0.1.0-phase1,2026-09-16T19:12:25+00:00
SERIEA2627_MW17_170_Udinese_Atalanta,Udinese,Atalanta,Dixon-Coles attack/defense edge (lambda=1.04 expected goals) plus home advantage.,Model does not see this as a close match.,Dixon-Coles attack/defense edge (mu=1.61 expected goals).,"Fitted home advantage log-coefficient=0.085, low-score correlation rho=0.003.",No real market odds available for this fixture yet -- model-only prediction.,"Established club vs established club; no verified injury/lineup feed connected, so squad_injury factors are not incorporated (see data_quality_notes).","rest_day_diff=, congestion_diff= (matches in last 7 days, home minus away).",Both clubs have substantial recent Serie A history informing this estimate.,data_quality_score=0.2 (market/injury/lineup/squad-transfer feeds unavailable).,0.1.0-phase1,2026-09-16T19:12:25+00:00
SERIEA2627_MW18_171_Atalanta_Como,Atalanta,Como,Dixon-Coles attack/defense edge (lambda=1.20 expected goals) plus home advantage.,Scoreline entropy 2.87 nats; teams of similar fitted strength.,Dixon-Coles attack/defense edge (mu=1.31 expected goals).,"Fitted home advantage log-coefficient=0.085, low-score correlation rho=0.003.",No real market odds available for this fixture yet -- model-only prediction.,"Established club vs established club; no verified injury/lineup feed connected, so squad_injury factors are not incorporated (see data_quality_notes).","rest_day_diff=, congestion_diff= (matches in last 7 days, home minus away).",Both clubs have substantial recent Serie A history informing this estimate.,data_quality_score=0.2 (market/injury/lineup/squad-transfer feeds unavailable).,0.1.0-phase1,2026-09-16T19:12:25+00:00
SERIEA2627_MW18_172_Frosinone_Bologna,Frosinone,Bologna,Dixon-Coles attack/defense edge (lambda=1.15 expected goals) plus home advantage.,Model does not see this as a close match.,Dixon-Coles attack/defense edge (mu=1.59 expected goals).,"Fitted home advantage log-coefficient=0.085, low-score correlation rho=0.003.",No real market odds available for this fixture yet -- model-only prediction.,"Promoted club vs established club; no verified injury/lineup feed connected, so squad_injury factors are not incorporated (see data_quality_notes).","rest_day_diff=, congestion_diff= (matches in last 7 days, home minus away).",Promoted-club opponent: wide team-strength uncertainty (see serie_a_2026_27_dynamic_team_strength.csv).,data_quality_score=0.2 (market/injury/lineup/squad-transfer feeds unavailable).,0.1.0-phase1,2026-09-16T19:12:25+00:00
SERIEA2627_MW18_173_Genoa_Monza,Genoa,Monza,Dixon-Coles attack/defense edge (lambda=1.91 expected goals) plus home advantage.,Model does not see this as a close match.,Dixon-Coles attack/defense edge (mu=0.87 expected goals).,"Fitted home advantage log-coefficient=0.085, low-score correlation rho=0.003.",No real market odds available for this fixture yet -- model-only prediction.,"Established club vs promoted club; no verified injury/lineup feed connected, so squad_injury factors are not incorporated (see data_quality_notes).","rest_day_diff=, congestion_diff= (matches in last 7 days, home minus away).",Promoted-club opponent: wide team-strength uncertainty (see serie_a_2026_27_dynamic_team_strength.csv).,data_quality_score=0.2 (market/injury/lineup/squad-transfer feeds unavailable).,0.1.0-phase1,2026-09-16T19:12:25+00:00
SERIEA2627_MW18_174_Juventus_Torino,Juventus,Torino,Dixon-Coles attack/defense edge (lambda=1.80 expected goals) plus home advantage.,Model does not see this as a close match.,Dixon-Coles attack/defense edge (mu=0.79 expected goals).,"Fitted home advantage log-coefficient=0.085, low-score correlation rho=0.003.",No real market odds available for this fixture yet -- model-only prediction.,"Established club vs established club; no verified injury/lineup feed connected, so squad_injury factors are not incorporated (see data_quality_notes).","rest_day_diff=, congestion_diff= (matches in last 7 days, home minus away).",Both clubs have substantial recent Serie A history informing this estimate.,data_quality_score=0.2 (market/injury/lineup/squad-transfer feeds unavailable).,0.1.0-phase1,2026-09-16T19:12:25+00:00
SERIEA2627_MW18_175_Lazio_Internazionale,Lazio,Internazionale,Dixon-Coles attack/defense edge (lambda=1.06 expected goals) plus home advantage.,Model does not see this as a close match.,Dixon-Coles attack/defense edge (mu=1.90 expected goals).,"Fitted home advantage log-coefficient=0.085, low-score correlation rho=0.003.",No real market odds available for this fixture yet -- model-only prediction.,"Established club vs established club; no verified injury/lineup feed connected, so squad_injury factors are not incorporated (see data_quality_notes).","rest_day_diff=, congestion_diff= (matches in last 7 days, home minus away).",Both clubs have substantial recent Serie A history informing this estimate.,data_quality_score=0.2 (market/injury/lineup/squad-transfer feeds unavailable).,0.1.0-phase1,2026-09-16T19:12:25+00:00
SERIEA2627_MW18_176_Lecce_Parma,Lecce,Parma,Dixon-Coles attack/defense edge (lambda=0.84 expected goals) plus home advantage.,Scoreline entropy 2.43 nats; teams of similar fitted strength.,Dixon-Coles attack/defense edge (mu=0.86 expected goals).,"Fitted home advantage log-coefficient=0.085, low-score correlation rho=0.003.",No real market odds available for this fixture yet -- model-only prediction.,"Established club vs established club; no verified injury/lineup feed connected, so squad_injury factors are not incorporated (see data_quality_notes).","rest_day_diff=, congestion_diff= (matches in last 7 days, home minus away).",Both clubs have substantial recent Serie A history informing this estimate.,data_quality_score=0.2 (market/injury/lineup/squad-transfer feeds unavailable).,0.1.0-phase1,2026-09-16T19:12:25+00:00
SERIEA2627_MW18_177_Milan_Fiorentina,Milan,Fiorentina,Dixon-Coles attack/defense edge (lambda=1.70 expected goals) plus home advantage.,Model does not see this as a close match.,Dixon-Coles attack/defense edge (mu=1.01 expected goals).,"Fitted home advantage log-coefficient=0.085, low-score correlation rho=0.003.",No real market odds available for this fixture yet -- model-only prediction.,"Established club vs established club; no verified injury/lineup feed connected, so squad_injury factors are not incorporated (see data_quality_notes).","rest_day_diff=, congestion_diff= (matches in last 7 days, home minus away).",Both clubs have substantial recent Serie A history informing this estimate.,data_quality_score=0.2 (market/injury/lineup/squad-transfer feeds unavailable).,0.1.0-phase1,2026-09-16T19:12:25+00:00
SERIEA2627_MW18_178_Napoli_Cagliari,Napoli,Cagliari,Dixon-Coles attack/defense edge (lambda=1.68 expected goals) plus home advantage.,Model does not see this as a close match.,Dixon-Coles attack/defense edge (mu=0.76 expected goals).,"Fitted home advantage log-coefficient=0.085, low-score correlation rho=0.003.",No real market odds available for this fixture yet -- model-only prediction.,"Established club vs established club; no verified injury/lineup feed connected, so squad_injury factors are not incorporated (see data_quality_notes).","rest_day_diff=, congestion_diff= (matches in last 7 days, home minus away).",Both clubs have substantial recent Serie A history informing this estimate.,data_quality_score=0.2 (market/injury/lineup/squad-transfer feeds unavailable).,0.1.0-phase1,2026-09-16T19:12:25+00:00
SERIEA2627_MW18_179_Sassuolo_Udinese,Sassuolo,Udinese,Dixon-Coles attack/defense edge (lambda=1.53 expected goals) plus home advantage.,Scoreline entropy 3.04 nats; teams of similar fitted strength.,Dixon-Coles attack/defense edge (mu=1.38 expected goals).,"Fitted home advantage log-coefficient=0.085, low-score correlation rho=0.003.",No real market odds available for this fixture yet -- model-only prediction.,"Established club vs established club; no verified injury/lineup feed connected, so squad_injury factors are not incorporated (see data_quality_notes).","rest_day_diff=, congestion_diff= (matches in last 7 days, home minus away).",Both clubs have substantial recent Serie A history informing this estimate.,data_quality_score=0.2 (market/injury/lineup/squad-transfer feeds unavailable).,0.1.0-phase1,2026-09-16T19:12:25+00:00
SERIEA2627_MW18_180_Venezia_Roma,Venezia,Roma,Dixon-Coles attack/defense edge (lambda=0.55 expected goals) plus home advantage.,Model does not see this as a close match.,Dixon-Coles attack/defense edge (mu=2.85 expected goals).,"Fitted home advantage log-coefficient=0.085, low-score correlation rho=0.003.",No real market odds available for this fixture yet -- model-only prediction.,"Promoted club vs established club; no verified injury/lineup feed connected, so squad_injury factors are not incorporated (see data_quality_notes).","rest_day_diff=, congestion_diff= (matches in last 7 days, home minus away).",Promoted-club opponent: wide team-strength uncertainty (see serie_a_2026_27_dynamic_team_strength.csv).,data_quality_score=0.2 (market/injury/lineup/squad-transfer feeds unavailable).,0.1.0-phase1,2026-09-16T19:12:25+00:00
SERIEA2627_MW19_181_Bologna_Genoa,Bologna,Genoa,Dixon-Coles attack/defense edge (lambda=1.39 expected goals) plus home advantage.,Model does not see this as a close match.,Dixon-Coles attack/defense edge (mu=0.93 expected goals).,"Fitted home advantage log-coefficient=0.085, low-score correlation rho=0.003.",No real market odds available for this fixture yet -- model-only prediction.,"Established club vs established club; no verified injury/lineup feed connected, so squad_injury factors are not incorporated (see data_quality_notes).","rest_day_diff=, congestion_diff= (matches in last 7 days, home minus away).",Both clubs have substantial recent Serie A history informing this estimate.,data_quality_score=0.2 (market/injury/lineup/squad-transfer feeds unavailable).,0.1.0-phase1,2026-09-16T19:12:25+00:00
SERIEA2627_MW19_182_Cagliari_Sassuolo,Cagliari,Sassuolo,Dixon-Coles attack/defense edge (lambda=1.29 expected goals) plus home advantage.,Scoreline entropy 2.93 nats; teams of similar fitted strength.,Dixon-Coles attack/defense edge (mu=1.35 expected goals).,"Fitted home advantage log-coefficient=0.085, low-score correlation rho=0.003.",No real market odds available for this fixture yet -- model-only prediction.,"Established club vs established club; no verified injury/lineup feed connected, so squad_injury factors are not incorporated (see data_quality_notes).","rest_day_diff=, congestion_diff= (matches in last 7 days, home minus away).",Both clubs have substantial recent Serie A history informing this estimate.,data_quality_score=0.2 (market/injury/lineup/squad-transfer feeds unavailable).,0.1.0-phase1,2026-09-16T19:12:25+00:00
SERIEA2627_MW19_183_Como_Lazio,Como,Lazio,Dixon-Coles attack/defense edge (lambda=1.53 expected goals) plus home advantage.,Model does not see this as a close match.,Dixon-Coles attack/defense edge (mu=0.91 expected goals).,"Fitted home advantage log-coefficient=0.085, low-score correlation rho=0.003.",No real market odds available for this fixture yet -- model-only prediction.,"Established club vs established club; no verified injury/lineup feed connected, so squad_injury factors are not incorporated (see data_quality_notes).","rest_day_diff=, congestion_diff= (matches in last 7 days, home minus away).",Both clubs have substantial recent Serie A history informing this estimate.,data_quality_score=0.2 (market/injury/lineup/squad-transfer feeds unavailable).,0.1.0-phase1,2026-09-16T19:12:25+00:00
SERIEA2627_MW19_184_Fiorentina_Lecce,Fiorentina,Lecce,Dixon-Coles attack/defense edge (lambda=1.44 expected goals) plus home advantage.,Model does not see this as a close match.,Dixon-Coles attack/defense edge (mu=0.83 expected goals).,"Fitted home advantage log-coefficient=0.085, low-score correlation rho=0.003.",No real market odds available for this fixture yet -- model-only prediction.,"Established club vs established club; no verified injury/lineup feed connected, so squad_injury factors are not incorporated (see data_quality_notes).","rest_day_diff=, congestion_diff= (matches in last 7 days, home minus away).",Both clubs have substantial recent Serie A history informing this estimate.,data_quality_score=0.2 (market/injury/lineup/squad-transfer feeds unavailable).,0.1.0-phase1,2026-09-16T19:12:25+00:00
SERIEA2627_MW19_185_Internazionale_Juventus,Internazionale,Juventus,Dixon-Coles attack/defense edge (lambda=1.77 expected goals) plus home advantage.,Model does not see this as a close match.,Dixon-Coles attack/defense edge (mu=1.16 expected goals).,"Fitted home advantage log-coefficient=0.085, low-score correlation rho=0.003.",No real market odds available for this fixture yet -- model-only prediction.,"Established club vs established club; no verified injury/lineup feed connected, so squad_injury factors are not incorporated (see data_quality_notes).","rest_day_diff=, congestion_diff= (matches in last 7 days, home minus away).",Both clubs have substantial recent Serie A history informing this estimate.,data_quality_score=0.2 (market/injury/lineup/squad-transfer feeds unavailable).,0.1.0-phase1,2026-09-16T19:12:25+00:00
SERIEA2627_MW19_186_Monza_Frosinone,Monza,Frosinone,Dixon-Coles attack/defense edge (lambda=1.18 expected goals) plus home advantage.,Model does not see this as a close match.,Dixon-Coles attack/defense edge (mu=1.99 expected goals).,"Fitted home advantage log-coefficient=0.085, low-score correlation rho=0.003.",No real market odds available for this fixture yet -- model-only prediction.,"Promoted club vs promoted club; no verified injury/lineup feed connected, so squad_injury factors are not incorporated (see data_quality_notes).","rest_day_diff=, congestion_diff= (matches in last 7 days, home minus away).",Promoted-club opponent: wide team-strength uncertainty (see serie_a_2026_27_dynamic_team_strength.csv).,data_quality_score=0.2 (market/injury/lineup/squad-transfer feeds unavailable).,0.1.0-phase1,2026-09-16T19:12:25+00:00
SERIEA2627_MW19_187_Parma_Venezia,Parma,Venezia,Dixon-Coles attack/defense edge (lambda=1.49 expected goals) plus home advantage.,Model does not see this as a close match.,Dixon-Coles attack/defense edge (mu=0.74 expected goals).,"Fitted home advantage log-coefficient=0.085, low-score correlation rho=0.003.",No real market odds available for this fixture yet -- model-only prediction.,"Established club vs promoted club; no verified injury/lineup feed connected, so squad_injury factors are not incorporated (see data_quality_notes).","rest_day_diff=, congestion_diff= (matches in last 7 days, home minus away).",Promoted-club opponent: wide team-strength uncertainty (see serie_a_2026_27_dynamic_team_strength.csv).,data_quality_score=0.2 (market/injury/lineup/squad-transfer feeds unavailable).,0.1.0-phase1,2026-09-16T19:12:25+00:00
SERIEA2627_MW19_188_Roma_Milan,Roma,Milan,Dixon-Coles attack/defense edge (lambda=1.49 expected goals) plus home advantage.,Model does not see this as a close match.,Dixon-Coles attack/defense edge (mu=0.98 expected goals).,"Fitted home advantage log-coefficient=0.085, low-score correlation rho=0.003.",No real market odds available for this fixture yet -- model-only prediction.,"Established club vs established club; no verified injury/lineup feed connected, so squad_injury factors are not incorporated (see data_quality_notes).","rest_day_diff=, congestion_diff= (matches in last 7 days, home minus away).",Both clubs have substantial recent Serie A history informing this estimate.,data_quality_score=0.2 (market/injury/lineup/squad-transfer feeds unavailable).,0.1.0-phase1,2026-09-16T19:12:25+00:00
SERIEA2627_MW19_189_Torino_Atalanta,Torino,Atalanta,Dixon-Coles attack/defense edge (lambda=0.94 expected goals) plus home advantage.,Model does not see this as a close match.,Dixon-Coles attack/defense edge (mu=1.68 expected goals).,"Fitted home advantage log-coefficient=0.085, low-score correlation rho=0.003.",No real market odds available for this fixture yet -- model-only prediction.,"Established club vs established club; no verified injury/lineup feed connected, so squad_injury factors are not incorporated (see data_quality_notes).","rest_day_diff=, congestion_diff= (matches in last 7 days, home minus away).",Both clubs have substantial recent Serie A history informing this estimate.,data_quality_score=0.2 (market/injury/lineup/squad-transfer feeds unavailable).,0.1.0-phase1,2026-09-16T19:12:25+00:00
SERIEA2627_MW19_190_Udinese_Napoli,Udinese,Napoli,Dixon-Coles attack/defense edge (lambda=0.96 expected goals) plus home advantage.,Model does not see this as a close match.,Dixon-Coles attack/defense edge (mu=1.61 expected goals).,"Fitted home advantage log-coefficient=0.085, low-score correlation rho=0.003.",No real market odds available for this fixture yet -- model-only prediction.,"Established club vs established club; no verified injury/lineup feed connected, so squad_injury factors are not incorporated (see data_quality_notes).","rest_day_diff=, congestion_diff= (matches in last 7 days, home minus away).",Both clubs have substantial recent Serie A history informing this estimate.,data_quality_score=0.2 (market/injury/lineup/squad-transfer feeds unavailable).,0.1.0-phase1,2026-09-16T19:12:25+00:00
SERIEA2627_MW20_191_Atalanta_Roma,Atalanta,Roma,Dixon-Coles attack/defense edge (lambda=1.09 expected goals) plus home advantage.,Scoreline entropy 2.82 nats; teams of similar fitted strength.,Dixon-Coles attack/defense edge (mu=1.32 expected goals).,"Fitted home advantage log-coefficient=0.085, low-score correlation rho=0.003.",No real market odds available for this fixture yet -- model-only prediction.,"Established club vs established club; no verified injury/lineup feed connected, so squad_injury factors are not incorporated (see data_quality_notes).","rest_day_diff=, congestion_diff= (matches in last 7 days, home minus away).",Both clubs have substantial recent Serie A history informing this estimate.,data_quality_score=0.2 (market/injury/lineup/squad-transfer feeds unavailable).,0.1.0-phase1,2026-09-16T19:12:25+00:00
SERIEA2627_MW20_192_Cagliari_Como,Cagliari,Como,Dixon-Coles attack/defense edge (lambda=0.84 expected goals) plus home advantage.,Model does not see this as a close match.,Dixon-Coles attack/defense edge (mu=1.71 expected goals).,"Fitted home advantage log-coefficient=0.085, low-score correlation rho=0.003.",No real market odds available for this fixture yet -- model-only prediction.,"Established club vs established club; no verified injury/lineup feed connected, so squad_injury factors are not incorporated (see data_quality_notes).","rest_day_diff=, congestion_diff= (matches in last 7 days, home minus away).",Both clubs have substantial recent Serie A history informing this estimate.,data_quality_score=0.2 (market/injury/lineup/squad-transfer feeds unavailable).,0.1.0-phase1,2026-09-16T19:12:25+00:00
SERIEA2627_MW20_193_Juventus_Genoa,Juventus,Genoa,Dixon-Coles attack/defense edge (lambda=1.66 expected goals) plus home advantage.,Model does not see this as a close match.,Dixon-Coles attack/defense edge (mu=0.72 expected goals).,"Fitted home advantage log-coefficient=0.085, low-score correlation rho=0.003.",No real market odds available for this fixture yet -- model-only prediction.,"Established club vs established club; no verified injury/lineup feed connected, so squad_injury factors are not incorporated (see data_quality_notes).","rest_day_diff=, congestion_diff= (matches in last 7 days, home minus away).",Both clubs have substantial recent Serie A history informing this estimate.,data_quality_score=0.2 (market/injury/lineup/squad-transfer feeds unavailable).,0.1.0-phase1,2026-09-16T19:12:25+00:00
SERIEA2627_MW20_194_Lazio_Bologna,Lazio,Bologna,Dixon-Coles attack/defense edge (lambda=1.25 expected goals) plus home advantage.,Scoreline entropy 2.77 nats; teams of similar fitted strength.,Dixon-Coles attack/defense edge (mu=1.05 expected goals).,"Fitted home advantage log-coefficient=0.085, low-score correlation rho=0.003.",No real market odds available for this fixture yet -- model-only prediction.,"Established club vs established club; no verified injury/lineup feed connected, so squad_injury factors are not incorporated (see data_quality_notes).","rest_day_diff=, congestion_diff= (matches in last 7 days, home minus away).",Both clubs have substantial recent Serie A history informing this estimate.,data_quality_score=0.2 (market/injury/lineup/squad-transfer feeds unavailable).,0.1.0-phase1,2026-09-16T19:12:25+00:00
SERIEA2627_MW20_195_Lecce_Udinese,Lecce,Udinese,Dixon-Coles attack/defense edge (lambda=0.92 expected goals) plus home advantage.,Model does not see this as a close match.,Dixon-Coles attack/defense edge (mu=1.30 expected goals).,"Fitted home advantage log-coefficient=0.085, low-score correlation rho=0.003.",No real market odds available for this fixture yet -- model-only prediction.,"Established club vs established club; no verified injury/lineup feed connected, so squad_injury factors are not incorporated (see data_quality_notes).","rest_day_diff=, congestion_diff= (matches in last 7 days, home minus away).",Both clubs have substantial recent Serie A history informing this estimate.,data_quality_score=0.2 (market/injury/lineup/squad-transfer feeds unavailable).,0.1.0-phase1,2026-09-16T19:12:25+00:00
SERIEA2627_MW20_196_Milan_Torino,Milan,Torino,Dixon-Coles attack/defense edge (lambda=1.79 expected goals) plus home advantage.,Model does not see this as a close match.,Dixon-Coles attack/defense edge (mu=0.90 expected goals).,"Fitted home advantage log-coefficient=0.085, low-score correlation rho=0.003.",No real market odds available for this fixture yet -- model-only prediction.,"Established club vs established club; no verified injury/lineup feed connected, so squad_injury factors are not incorporated (see data_quality_notes).","rest_day_diff=, congestion_diff= (matches in last 7 days, home minus away).",Both clubs have substantial recent Serie A history informing this estimate.,data_quality_score=0.2 (market/injury/lineup/squad-transfer feeds unavailable).,0.1.0-phase1,2026-09-16T19:12:25+00:00
SERIEA2627_MW20_197_Napoli_Fiorentina,Napoli,Fiorentina,Dixon-Coles attack/defense edge (lambda=1.73 expected goals) plus home advantage.,Model does not see this as a close match.,Dixon-Coles attack/defense edge (mu=0.90 expected goals).,"Fitted home advantage log-coefficient=0.085, low-score correlation rho=0.003.",No real market odds available for this fixture yet -- model-only prediction.,"Established club vs established club; no verified injury/lineup feed connected, so squad_injury factors are not incorporated (see data_quality_notes).","rest_day_diff=, congestion_diff= (matches in last 7 days, home minus away).",Both clubs have substantial recent Serie A history informing this estimate.,data_quality_score=0.2 (market/injury/lineup/squad-transfer feeds unavailable).,0.1.0-phase1,2026-09-16T19:12:25+00:00
SERIEA2627_MW20_198_Parma_Internazionale,Parma,Internazionale,Dixon-Coles attack/defense edge (lambda=0.69 expected goals) plus home advantage.,Model does not see this as a close match.,Dixon-Coles attack/defense edge (mu=2.22 expected goals).,"Fitted home advantage log-coefficient=0.085, low-score correlation rho=0.003.",No real market odds available for this fixture yet -- model-only prediction.,"Established club vs established club; no verified injury/lineup feed connected, so squad_injury factors are not incorporated (see data_quality_notes).","rest_day_diff=, congestion_diff= (matches in last 7 days, home minus away).",Both clubs have substantial recent Serie A history informing this estimate.,data_quality_score=0.2 (market/injury/lineup/squad-transfer feeds unavailable).,0.1.0-phase1,2026-09-16T19:12:25+00:00
SERIEA2627_MW20_199_Sassuolo_Monza,Sassuolo,Monza,Dixon-Coles attack/defense edge (lambda=2.50 expected goals) plus home advantage.,Model does not see this as a close match.,Dixon-Coles attack/defense edge (mu=0.96 expected goals).,"Fitted home advantage log-coefficient=0.085, low-score correlation rho=0.003.",No real market odds available for this fixture yet -- model-only prediction.,"Established club vs promoted club; no verified injury/lineup feed connected, so squad_injury factors are not incorporated (see data_quality_notes).","rest_day_diff=, congestion_diff= (matches in last 7 days, home minus away).",Promoted-club opponent: wide team-strength uncertainty (see serie_a_2026_27_dynamic_team_strength.csv).,data_quality_score=0.2 (market/injury/lineup/squad-transfer feeds unavailable).,0.1.0-phase1,2026-09-16T19:12:25+00:00
SERIEA2627_MW20_200_Venezia_Frosinone,Venezia,Frosinone,Dixon-Coles attack/defense edge (lambda=1.05 expected goals) plus home advantage.,Model does not see this as a close match.,Dixon-Coles attack/defense edge (mu=1.93 expected goals).,"Fitted home advantage log-coefficient=0.085, low-score correlation rho=0.003.",No real market odds available for this fixture yet -- model-only prediction.,"Promoted club vs promoted club; no verified injury/lineup feed connected, so squad_injury factors are not incorporated (see data_quality_notes).","rest_day_diff=, congestion_diff= (matches in last 7 days, home minus away).",Promoted-club opponent: wide team-strength uncertainty (see serie_a_2026_27_dynamic_team_strength.csv).,data_quality_score=0.2 (market/injury/lineup/squad-transfer feeds unavailable).,0.1.0-phase1,2026-09-16T19:12:25+00:00
SERIEA2627_MW21_201_Bologna_Atalanta,Bologna,Atalanta,Dixon-Coles attack/defense edge (lambda=1.07 expected goals) plus home advantage.,Model does not see this as a close match.,Dixon-Coles attack/defense edge (mu=1.39 expected goals).,"Fitted home advantage log-coefficient=0.085, low-score correlation rho=0.003.",No real market odds available for this fixture yet -- model-only prediction.,"Established club vs established club; no verified injury/lineup feed connected, so squad_injury factors are not incorporated (see data_quality_notes).","rest_day_diff=, congestion_diff= (matches in last 7 days, home minus away).",Both clubs have substantial recent Serie A history informing this estimate.,data_quality_score=0.2 (market/injury/lineup/squad-transfer feeds unavailable).,0.1.0-phase1,2026-09-16T19:12:25+00:00
SERIEA2627_MW21_202_Como_Napoli,Como,Napoli,Dixon-Coles attack/defense edge (lambda=1.32 expected goals) plus home advantage.,Scoreline entropy 2.82 nats; teams of similar fitted strength.,Dixon-Coles attack/defense edge (mu=1.10 expected goals).,"Fitted home advantage log-coefficient=0.085, low-score correlation rho=0.003.",No real market odds available for this fixture yet -- model-only prediction.,"Established club vs established club; no verified injury/lineup feed connected, so squad_injury factors are not incorporated (see data_quality_notes).","rest_day_diff=, congestion_diff= (matches in last 7 days, home minus away).",Both clubs have substantial recent Serie A history informing this estimate.,data_quality_score=0.2 (market/injury/lineup/squad-transfer feeds unavailable).,0.1.0-phase1,2026-09-16T19:12:25+00:00
SERIEA2627_MW21_203_Fiorentina_Sassuolo,Fiorentina,Sassuolo,Dixon-Coles attack/defense edge (lambda=1.52 expected goals) plus home advantage.,Scoreline entropy 3.04 nats; teams of similar fitted strength.,Dixon-Coles attack/defense edge (mu=1.39 expected goals).,"Fitted home advantage log-coefficient=0.085, low-score correlation rho=0.003.",No real market odds available for this fixture yet -- model-only prediction.,"Established club vs established club; no verified injury/lineup feed connected, so squad_injury factors are not incorporated (see data_quality_notes).","rest_day_diff=, congestion_diff= (matches in last 7 days, home minus away).",Both clubs have substantial recent Serie A history informing this estimate.,data_quality_score=0.2 (market/injury/lineup/squad-transfer feeds unavailable).,0.1.0-phase1,2026-09-16T19:12:25+00:00
SERIEA2627_MW21_204_Frosinone_Milan,Frosinone,Milan,Dixon-Coles attack/defense edge (lambda=1.01 expected goals) plus home advantage.,Model does not see this as a close match.,Dixon-Coles attack/defense edge (mu=1.88 expected goals).,"Fitted home advantage log-coefficient=0.085, low-score correlation rho=0.003.",No real market odds available for this fixture yet -- model-only prediction.,"Promoted club vs established club; no verified injury/lineup feed connected, so squad_injury factors are not incorporated (see data_quality_notes).","rest_day_diff=, congestion_diff= (matches in last 7 days, home minus away).",Promoted-club opponent: wide team-strength uncertainty (see serie_a_2026_27_dynamic_team_strength.csv).,data_quality_score=0.2 (market/injury/lineup/squad-transfer feeds unavailable).,0.1.0-phase1,2026-09-16T19:12:25+00:00
SERIEA2627_MW21_205_Genoa_Parma,Genoa,Parma,Dixon-Coles attack/defense edge (lambda=1.07 expected goals) plus home advantage.,Scoreline entropy 2.55 nats; teams of similar fitted strength.,Dixon-Coles attack/defense edge (mu=0.83 expected goals).,"Fitted home advantage log-coefficient=0.085, low-score correlation rho=0.003.",No real market odds available for this fixture yet -- model-only prediction.,"Established club vs established club; no verified injury/lineup feed connected, so squad_injury factors are not incorporated (see data_quality_notes).","rest_day_diff=, congestion_diff= (matches in last 7 days, home minus away).",Both clubs have substantial recent Serie A history informing this estimate.,data_quality_score=0.2 (market/injury/lineup/squad-transfer feeds unavailable).,0.1.0-phase1,2026-09-16T19:12:25+00:00
SERIEA2627_MW21_206_Internazionale_Venezia,Internazionale,Venezia,Dixon-Coles attack/defense edge (lambda=4.16 expected goals) plus home advantage.,Model does not see this as a close match.,Dixon-Coles attack/defense edge (mu=0.59 expected goals).,"Fitted home advantage log-coefficient=0.085, low-score correlation rho=0.003.",No real market odds available for this fixture yet -- model-only prediction.,"Established club vs promoted club; no verified injury/lineup feed connected, so squad_injury factors are not incorporated (see data_quality_notes).","rest_day_diff=, congestion_diff= (matches in last 7 days, home minus away).",Promoted-club opponent: wide team-strength uncertainty (see serie_a_2026_27_dynamic_team_strength.csv).,data_quality_score=0.2 (market/injury/lineup/squad-transfer feeds unavailable).,0.1.0-phase1,2026-09-16T19:12:25+00:00
SERIEA2627_MW21_207_Juventus_Cagliari,Juventus,Cagliari,Dixon-Coles attack/defense edge (lambda=1.66 expected goals) plus home advantage.,Model does not see this as a close match.,Dixon-Coles attack/defense edge (mu=0.76 expected goals).,"Fitted home advantage log-coefficient=0.085, low-score correlation rho=0.003.",No real market odds available for this fixture yet -- model-only prediction.,"Established club vs established club; no verified injury/lineup feed connected, so squad_injury factors are not incorporated (see data_quality_notes).","rest_day_diff=, congestion_diff= (matches in last 7 days, home minus away).",Both clubs have substantial recent Serie A history informing this estimate.,data_quality_score=0.2 (market/injury/lineup/squad-transfer feeds unavailable).,0.1.0-phase1,2026-09-16T19:12:25+00:00
SERIEA2627_MW21_208_Lecce_Torino,Lecce,Torino,Dixon-Coles attack/defense edge (lambda=0.96 expected goals) plus home advantage.,Scoreline entropy 2.67 nats; teams of similar fitted strength.,Dixon-Coles attack/defense edge (mu=1.17 expected goals).,"Fitted home advantage log-coefficient=0.085, low-score correlation rho=0.003.",No real market odds available for this fixture yet -- model-only prediction.,"Established club vs established club; no verified injury/lineup feed connected, so squad_injury factors are not incorporated (see data_quality_notes).","rest_day_diff=, congestion_diff= (matches in last 7 days, home minus away).",Both clubs have substantial recent Serie A history informing this estimate.,data_quality_score=0.2 (market/injury/lineup/squad-transfer feeds unavailable).,0.1.0-phase1,2026-09-16T19:12:25+00:00
SERIEA2627_MW21_209_Monza_Lazio,Monza,Lazio,Dixon-Coles attack/defense edge (lambda=0.78 expected goals) plus home advantage.,Model does not see this as a close match.,Dixon-Coles attack/defense edge (mu=2.17 expected goals).,"Fitted home advantage log-coefficient=0.085, low-score correlation rho=0.003.",No real market odds available for this fixture yet -- model-only prediction.,"Promoted club vs established club; no verified injury/lineup feed connected, so squad_injury factors are not incorporated (see data_quality_notes).","rest_day_diff=, congestion_diff= (matches in last 7 days, home minus away).",Promoted-club opponent: wide team-strength uncertainty (see serie_a_2026_27_dynamic_team_strength.csv).,data_quality_score=0.2 (market/injury/lineup/squad-transfer feeds unavailable).,0.1.0-phase1,2026-09-16T19:12:25+00:00
SERIEA2627_MW21_210_Roma_Udinese,Roma,Udinese,Dixon-Coles attack/defense edge (lambda=1.96 expected goals) plus home advantage.,Model does not see this as a close match.,Dixon-Coles attack/defense edge (mu=0.81 expected goals).,"Fitted home advantage log-coefficient=0.085, low-score correlation rho=0.003.",No real market odds available for this fixture yet -- model-only prediction.,"Established club vs established club; no verified injury/lineup feed connected, so squad_injury factors are not incorporated (see data_quality_notes).","rest_day_diff=, congestion_diff= (matches in last 7 days, home minus away).",Both clubs have substantial recent Serie A history informing this estimate.,data_quality_score=0.2 (market/injury/lineup/squad-transfer feeds unavailable).,0.1.0-phase1,2026-09-16T19:12:25+00:00
SERIEA2627_MW22_211_Atalanta_Fiorentina,Atalanta,Fiorentina,Dixon-Coles attack/defense edge (lambda=1.74 expected goals) plus home advantage.,Model does not see this as a close match.,Dixon-Coles attack/defense edge (mu=0.97 expected goals).,"Fitted home advantage log-coefficient=0.085, low-score correlation rho=0.003.",No real market odds available for this fixture yet -- model-only prediction.,"Established club vs established club; no verified injury/lineup feed connected, so squad_injury factors are not incorporated (see data_quality_notes).","rest_day_diff=, congestion_diff= (matches in last 7 days, home minus away).",Both clubs have substantial recent Serie A history informing this estimate.,data_quality_score=0.2 (market/injury/lineup/squad-transfer feeds unavailable).,0.1.0-phase1,2026-09-16T19:12:25+00:00
SERIEA2627_MW22_212_Cagliari_Parma,Cagliari,Parma,Dixon-Coles attack/defense edge (lambda=1.13 expected goals) plus home advantage.,Model does not see this as a close match.,Dixon-Coles attack/defense edge (mu=0.83 expected goals).,"Fitted home advantage log-coefficient=0.085, low-score correlation rho=0.003.",No real market odds available for this fixture yet -- model-only prediction.,"Established club vs established club; no verified injury/lineup feed connected, so squad_injury factors are not incorporated (see data_quality_notes).","rest_day_diff=, congestion_diff= (matches in last 7 days, home minus away).",Both clubs have substantial recent Serie A history informing this estimate.,data_quality_score=0.2 (market/injury/lineup/squad-transfer feeds unavailable).,0.1.0-phase1,2026-09-16T19:12:25+00:00
SERIEA2627_MW22_213_Genoa_Lecce,Genoa,Lecce,Dixon-Coles attack/defense edge (lambda=1.16 expected goals) plus home advantage.,Model does not see this as a close match.,Dixon-Coles attack/defense edge (mu=0.81 expected goals).,"Fitted home advantage log-coefficient=0.085, low-score correlation rho=0.003.",No real market odds available for this fixture yet -- model-only prediction.,"Established club vs established club; no verified injury/lineup feed connected, so squad_injury factors are not incorporated (see data_quality_notes).","rest_day_diff=, congestion_diff= (matches in last 7 days, home minus away).",Both clubs have substantial recent Serie A history informing this estimate.,data_quality_score=0.2 (market/injury/lineup/squad-transfer feeds unavailable).,0.1.0-phase1,2026-09-16T19:12:25+00:00
SERIEA2627_MW22_214_Lazio_Venezia,Lazio,Venezia,Dixon-Coles attack/defense edge (lambda=2.30 expected goals) plus home advantage.,Model does not see this as a close match.,Dixon-Coles attack/defense edge (mu=0.64 expected goals).,"Fitted home advantage log-coefficient=0.085, low-score correlation rho=0.003.",No real market odds available for this fixture yet -- model-only prediction.,"Established club vs promoted club; no verified injury/lineup feed connected, so squad_injury factors are not incorporated (see data_quality_notes).","rest_day_diff=, congestion_diff= (matches in last 7 days, home minus away).",Promoted-club opponent: wide team-strength uncertainty (see serie_a_2026_27_dynamic_team_strength.csv).,data_quality_score=0.2 (market/injury/lineup/squad-transfer feeds unavailable).,0.1.0-phase1,2026-09-16T19:12:25+00:00
SERIEA2627_MW22_215_Milan_Juventus,Milan,Juventus,Dixon-Coles attack/defense edge (lambda=1.16 expected goals) plus home advantage.,Scoreline entropy 2.80 nats; teams of similar fitted strength.,Dixon-Coles attack/defense edge (mu=1.21 expected goals).,"Fitted home advantage log-coefficient=0.085, low-score correlation rho=0.003.",No real market odds available for this fixture yet -- model-only prediction.,"Established club vs established club; no verified injury/lineup feed connected, so squad_injury factors are not incorporated (see data_quality_notes).","rest_day_diff=, congestion_diff= (matches in last 7 days, home minus away).",Both clubs have substantial recent Serie A history informing this estimate.,data_quality_score=0.2 (market/injury/lineup/squad-transfer feeds unavailable).,0.1.0-phase1,2026-09-16T19:12:25+00:00
SERIEA2627_MW22_216_Monza_Roma,Monza,Roma,Dixon-Coles attack/defense edge (lambda=0.61 expected goals) plus home advantage.,Model does not see this as a close match.,Dixon-Coles attack/defense edge (mu=2.94 expected goals).,"Fitted home advantage log-coefficient=0.085, low-score correlation rho=0.003.",No real market odds available for this fixture yet -- model-only prediction.,"Promoted club vs established club; no verified injury/lineup feed connected, so squad_injury factors are not incorporated (see data_quality_notes).","rest_day_diff=, congestion_diff= (matches in last 7 days, home minus away).",Promoted-club opponent: wide team-strength uncertainty (see serie_a_2026_27_dynamic_team_strength.csv).,data_quality_score=0.2 (market/injury/lineup/squad-transfer feeds unavailable).,0.1.0-phase1,2026-09-16T19:12:25+00:00
SERIEA2627_MW22_217_Napoli_Internazionale,Napoli,Internazionale,Dixon-Coles attack/defense edge (lambda=1.28 expected goals) plus home advantage.,Model does not see this as a close match.,Dixon-Coles attack/defense edge (mu=1.64 expected goals).,"Fitted home advantage log-coefficient=0.085, low-score correlation rho=0.003.",No real market odds available for this fixture yet -- model-only prediction.,"Established club vs established club; no verified injury/lineup feed connected, so squad_injury factors are not incorporated (see data_quality_notes).","rest_day_diff=, congestion_diff= (matches in last 7 days, home minus away).",Both clubs have substantial recent Serie A history informing this estimate.,data_quality_score=0.2 (market/injury/lineup/squad-transfer feeds unavailable).,0.1.0-phase1,2026-09-16T19:12:25+00:00
SERIEA2627_MW22_218_Sassuolo_Como,Sassuolo,Como,Dixon-Coles attack/defense edge (lambda=1.05 expected goals) plus home advantage.,Model does not see this as a close match.,Dixon-Coles attack/defense edge (mu=1.88 expected goals).,"Fitted home advantage log-coefficient=0.085, low-score correlation rho=0.003.",No real market odds available for this fixture yet -- model-only prediction.,"Established club vs established club; no verified injury/lineup feed connected, so squad_injury factors are not incorporated (see data_quality_notes).","rest_day_diff=, congestion_diff= (matches in last 7 days, home minus away).",Both clubs have substantial recent Serie A history informing this estimate.,data_quality_score=0.2 (market/injury/lineup/squad-transfer feeds unavailable).,0.1.0-phase1,2026-09-16T19:12:25+00:00
SERIEA2627_MW22_219_Torino_Frosinone,Torino,Frosinone,Dixon-Coles attack/defense edge (lambda=1.53 expected goals) plus home advantage.,Scoreline entropy 2.99 nats; teams of similar fitted strength.,Dixon-Coles attack/defense edge (mu=1.27 expected goals).,"Fitted home advantage log-coefficient=0.085, low-score correlation rho=0.003.",No real market odds available for this fixture yet -- model-only prediction.,"Established club vs promoted club; no verified injury/lineup feed connected, so squad_injury factors are not incorporated (see data_quality_notes).","rest_day_diff=, congestion_diff= (matches in last 7 days, home minus away).",Promoted-club opponent: wide team-strength uncertainty (see serie_a_2026_27_dynamic_team_strength.csv).,data_quality_score=0.2 (market/injury/lineup/squad-transfer feeds unavailable).,0.1.0-phase1,2026-09-16T19:12:25+00:00
SERIEA2627_MW22_220_Udinese_Bologna,Udinese,Bologna,Dixon-Coles attack/defense edge (lambda=1.23 expected goals) plus home advantage.,Scoreline entropy 2.89 nats; teams of similar fitted strength.,Dixon-Coles attack/defense edge (mu=1.33 expected goals).,"Fitted home advantage log-coefficient=0.085, low-score correlation rho=0.003.",No real market odds available for this fixture yet -- model-only prediction.,"Established club vs established club; no verified injury/lineup feed connected, so squad_injury factors are not incorporated (see data_quality_notes).","rest_day_diff=, congestion_diff= (matches in last 7 days, home minus away).",Both clubs have substantial recent Serie A history informing this estimate.,data_quality_score=0.2 (market/injury/lineup/squad-transfer feeds unavailable).,0.1.0-phase1,2026-09-16T19:12:25+00:00
SERIEA2627_MW23_221_Atalanta_Lazio,Atalanta,Lazio,Dixon-Coles attack/defense edge (lambda=1.38 expected goals) plus home advantage.,Model does not see this as a close match.,Dixon-Coles attack/defense edge (mu=0.98 expected goals).,"Fitted home advantage log-coefficient=0.085, low-score correlation rho=0.003.",No real market odds available for this fixture yet -- model-only prediction.,"Established club vs established club; no verified injury/lineup feed connected, so squad_injury factors are not incorporated (see data_quality_notes).","rest_day_diff=, congestion_diff= (matches in last 7 days, home minus away).",Both clubs have substantial recent Serie A history informing this estimate.,data_quality_score=0.2 (market/injury/lineup/squad-transfer feeds unavailable).,0.1.0-phase1,2026-09-16T19:12:25+00:00
SERIEA2627_MW23_222_Bologna_Milan,Bologna,Milan,Dixon-Coles attack/defense edge (lambda=1.11 expected goals) plus home advantage.,Scoreline entropy 2.85 nats; teams of similar fitted strength.,Dixon-Coles attack/defense edge (mu=1.36 expected goals).,"Fitted home advantage log-coefficient=0.085, low-score correlation rho=0.003.",No real market odds available for this fixture yet -- model-only prediction.,"Established club vs established club; no verified injury/lineup feed connected, so squad_injury factors are not incorporated (see data_quality_notes).","rest_day_diff=, congestion_diff= (matches in last 7 days, home minus away).",Both clubs have substantial recent Serie A history informing this estimate.,data_quality_score=0.2 (market/injury/lineup/squad-transfer feeds unavailable).,0.1.0-phase1,2026-09-16T19:12:25+00:00
SERIEA2627_MW23_223_Como_Monza,Como,Monza,Dixon-Coles attack/defense edge (lambda=3.17 expected goals) plus home advantage.,Model does not see this as a close match.,Dixon-Coles attack/defense edge (mu=0.62 expected goals).,"Fitted home advantage log-coefficient=0.085, low-score correlation rho=0.003.",No real market odds available for this fixture yet -- model-only prediction.,"Established club vs promoted club; no verified injury/lineup feed connected, so squad_injury factors are not incorporated (see data_quality_notes).","rest_day_diff=, congestion_diff= (matches in last 7 days, home minus away).",Promoted-club opponent: wide team-strength uncertainty (see serie_a_2026_27_dynamic_team_strength.csv).,data_quality_score=0.2 (market/injury/lineup/squad-transfer feeds unavailable).,0.1.0-phase1,2026-09-16T19:12:25+00:00
SERIEA2627_MW23_224_Fiorentina_Udinese,Fiorentina,Udinese,Dixon-Coles attack/defense edge (lambda=1.44 expected goals) plus home advantage.,Scoreline entropy 2.97 nats; teams of similar fitted strength.,Dixon-Coles attack/defense edge (mu=1.29 expected goals).,"Fitted home advantage log-coefficient=0.085, low-score correlation rho=0.003.",No real market odds available for this fixture yet -- model-only prediction.,"Established club vs established club; no verified injury/lineup feed connected, so squad_injury factors are not incorporated (see data_quality_notes).","rest_day_diff=, congestion_diff= (matches in last 7 days, home minus away).",Both clubs have substantial recent Serie A history informing this estimate.,data_quality_score=0.2 (market/injury/lineup/squad-transfer feeds unavailable).,0.1.0-phase1,2026-09-16T19:12:25+00:00
SERIEA2627_MW23_225_Internazionale_Cagliari,Internazionale,Cagliari,Dixon-Coles attack/defense edge (lambda=2.52 expected goals) plus home advantage.,Model does not see this as a close match.,Dixon-Coles attack/defense edge (mu=0.82 expected goals).,"Fitted home advantage log-coefficient=0.085, low-score correlation rho=0.003.",No real market odds available for this fixture yet -- model-only prediction.,"Established club vs established club; no verified injury/lineup feed connected, so squad_injury factors are not incorporated (see data_quality_notes).","rest_day_diff=, congestion_diff= (matches in last 7 days, home minus away).",Both clubs have substantial recent Serie A history informing this estimate.,data_quality_score=0.2 (market/injury/lineup/squad-transfer feeds unavailable).,0.1.0-phase1,2026-09-16T19:12:25+00:00
SERIEA2627_MW23_226_Juventus_Sassuolo,Juventus,Sassuolo,Dixon-Coles attack/defense edge (lambda=1.83 expected goals) plus home advantage.,Model does not see this as a close match.,Dixon-Coles attack/defense edge (mu=0.95 expected goals).,"Fitted home advantage log-coefficient=0.085, low-score correlation rho=0.003.",No real market odds available for this fixture yet -- model-only prediction.,"Established club vs established club; no verified injury/lineup feed connected, so squad_injury factors are not incorporated (see data_quality_notes).","rest_day_diff=, congestion_diff= (matches in last 7 days, home minus away).",Both clubs have substantial recent Serie A history informing this estimate.,data_quality_score=0.2 (market/injury/lineup/squad-transfer feeds unavailable).,0.1.0-phase1,2026-09-16T19:12:25+00:00
SERIEA2627_MW23_227_Lecce_Napoli,Lecce,Napoli,Dixon-Coles attack/defense edge (lambda=0.62 expected goals) plus home advantage.,Model does not see this as a close match.,Dixon-Coles attack/defense edge (mu=1.60 expected goals).,"Fitted home advantage log-coefficient=0.085, low-score correlation rho=0.003.",No real market odds available for this fixture yet -- model-only prediction.,"Established club vs established club; no verified injury/lineup feed connected, so squad_injury factors are not incorporated (see data_quality_notes).","rest_day_diff=, congestion_diff= (matches in last 7 days, home minus away).",Both clubs have substantial recent Serie A history informing this estimate.,data_quality_score=0.2 (market/injury/lineup/squad-transfer feeds unavailable).,0.1.0-phase1,2026-09-16T19:12:25+00:00
SERIEA2627_MW23_228_Parma_Frosinone,Parma,Frosinone,Dixon-Coles attack/defense edge (lambda=1.13 expected goals) plus home advantage.,Scoreline entropy 2.74 nats; teams of similar fitted strength.,Dixon-Coles attack/defense edge (mu=1.12 expected goals).,"Fitted home advantage log-coefficient=0.085, low-score correlation rho=0.003.",No real market odds available for this fixture yet -- model-only prediction.,"Established club vs promoted club; no verified injury/lineup feed connected, so squad_injury factors are not incorporated (see data_quality_notes).","rest_day_diff=, congestion_diff= (matches in last 7 days, home minus away).",Promoted-club opponent: wide team-strength uncertainty (see serie_a_2026_27_dynamic_team_strength.csv).,data_quality_score=0.2 (market/injury/lineup/squad-transfer feeds unavailable).,0.1.0-phase1,2026-09-16T19:12:25+00:00
SERIEA2627_MW23_229_Roma_Torino,Roma,Torino,Dixon-Coles attack/defense edge (lambda=2.04 expected goals) plus home advantage.,Model does not see this as a close match.,Dixon-Coles attack/defense edge (mu=0.73 expected goals).,"Fitted home advantage log-coefficient=0.085, low-score correlation rho=0.003.",No real market odds available for this fixture yet -- model-only prediction.,"Established club vs established club; no verified injury/lineup feed connected, so squad_injury factors are not incorporated (see data_quality_notes).","rest_day_diff=, congestion_diff= (matches in last 7 days, home minus away).",Both clubs have substantial recent Serie A history informing this estimate.,data_quality_score=0.2 (market/injury/lineup/squad-transfer feeds unavailable).,0.1.0-phase1,2026-09-16T19:12:25+00:00
SERIEA2627_MW23_230_Venezia_Genoa,Venezia,Genoa,Dixon-Coles attack/defense edge (lambda=0.84 expected goals) plus home advantage.,Model does not see this as a close match.,Dixon-Coles attack/defense edge (mu=1.70 expected goals).,"Fitted home advantage log-coefficient=0.085, low-score correlation rho=0.003.",No real market odds available for this fixture yet -- model-only prediction.,"Promoted club vs established club; no verified injury/lineup feed connected, so squad_injury factors are not incorporated (see data_quality_notes).","rest_day_diff=, congestion_diff= (matches in last 7 days, home minus away).",Promoted-club opponent: wide team-strength uncertainty (see serie_a_2026_27_dynamic_team_strength.csv).,data_quality_score=0.2 (market/injury/lineup/squad-transfer feeds unavailable).,0.1.0-phase1,2026-09-16T19:12:25+00:00
SERIEA2627_MW24_231_Bologna_Como,Bologna,Como,Dixon-Coles attack/defense edge (lambda=1.00 expected goals) plus home advantage.,Model does not see this as a close match.,Dixon-Coles attack/defense edge (mu=1.54 expected goals).,"Fitted home advantage log-coefficient=0.085, low-score correlation rho=0.003.",No real market odds available for this fixture yet -- model-only prediction.,"Established club vs established club; no verified injury/lineup feed connected, so squad_injury factors are not incorporated (see data_quality_notes).","rest_day_diff=, congestion_diff= (matches in last 7 days, home minus away).",Both clubs have substantial recent Serie A history informing this estimate.,data_quality_score=0.2 (market/injury/lineup/squad-transfer feeds unavailable).,0.1.0-phase1,2026-09-16T19:12:25+00:00
SERIEA2627_MW24_232_Cagliari_Lazio,Cagliari,Lazio,Dixon-Coles attack/defense edge (lambda=0.96 expected goals) plus home advantage.,Model does not see this as a close match.,Dixon-Coles attack/defense edge (mu=1.28 expected goals).,"Fitted home advantage log-coefficient=0.085, low-score correlation rho=0.003.",No real market odds available for this fixture yet -- model-only prediction.,"Established club vs established club; no verified injury/lineup feed connected, so squad_injury factors are not incorporated (see data_quality_notes).","rest_day_diff=, congestion_diff= (matches in last 7 days, home minus away).",Both clubs have substantial recent Serie A history informing this estimate.,data_quality_score=0.2 (market/injury/lineup/squad-transfer feeds unavailable).,0.1.0-phase1,2026-09-16T19:12:25+00:00
SERIEA2627_MW24_233_Frosinone_Fiorentina,Frosinone,Fiorentina,Dixon-Coles attack/defense edge (lambda=1.31 expected goals) plus home advantage.,Scoreline entropy 3.03 nats; teams of similar fitted strength.,Dixon-Coles attack/defense edge (mu=1.58 expected goals).,"Fitted home advantage log-coefficient=0.085, low-score correlation rho=0.003.",No real market odds available for this fixture yet -- model-only prediction.,"Promoted club vs established club; no verified injury/lineup feed connected, so squad_injury factors are not incorporated (see data_quality_notes).","rest_day_diff=, congestion_diff= (matches in last 7 days, home minus away).",Promoted-club opponent: wide team-strength uncertainty (see serie_a_2026_27_dynamic_team_strength.csv).,data_quality_score=0.2 (market/injury/lineup/squad-transfer feeds unavailable).,0.1.0-phase1,2026-09-16T19:12:25+00:00
SERIEA2627_MW24_234_Genoa_Atalanta,Genoa,Atalanta,Dixon-Coles attack/defense edge (lambda=0.86 expected goals) plus home advantage.,Model does not see this as a close match.,Dixon-Coles attack/defense edge (mu=1.55 expected goals).,"Fitted home advantage log-coefficient=0.085, low-score correlation rho=0.003.",No real market odds available for this fixture yet -- model-only prediction.,"Established club vs established club; no verified injury/lineup feed connected, so squad_injury factors are not incorporated (see data_quality_notes).","rest_day_diff=, congestion_diff= (matches in last 7 days, home minus away).",Both clubs have substantial recent Serie A history informing this estimate.,data_quality_score=0.2 (market/injury/lineup/squad-transfer feeds unavailable).,0.1.0-phase1,2026-09-16T19:12:25+00:00
SERIEA2627_MW24_235_Internazionale_Milan,Internazionale,Milan,Dixon-Coles attack/defense edge (lambda=2.00 expected goals) plus home advantage.,Model does not see this as a close match.,Dixon-Coles attack/defense edge (mu=1.15 expected goals).,"Fitted home advantage log-coefficient=0.085, low-score correlation rho=0.003.",No real market odds available for this fixture yet -- model-only prediction.,"Established club vs established club; no verified injury/lineup feed connected, so squad_injury factors are not incorporated (see data_quality_notes).","rest_day_diff=, congestion_diff= (matches in last 7 days, home minus away).",Both clubs have substantial recent Serie A history informing this estimate.,data_quality_score=0.2 (market/injury/lineup/squad-transfer feeds unavailable).,0.1.0-phase1,2026-09-16T19:12:25+00:00
SERIEA2627_MW24_236_Monza_Lecce,Monza,Lecce,Dixon-Coles attack/defense edge (lambda=0.99 expected goals) plus home advantage.,Model does not see this as a close match.,Dixon-Coles attack/defense edge (mu=1.37 expected goals).,"Fitted home advantage log-coefficient=0.085, low-score correlation rho=0.003.",No real market odds available for this fixture yet -- model-only prediction.,"Promoted club vs established club; no verified injury/lineup feed connected, so squad_injury factors are not incorporated (see data_quality_notes).","rest_day_diff=, congestion_diff= (matches in last 7 days, home minus away).",Promoted-club opponent: wide team-strength uncertainty (see serie_a_2026_27_dynamic_team_strength.csv).,data_quality_score=0.2 (market/injury/lineup/squad-transfer feeds unavailable).,0.1.0-phase1,2026-09-16T19:12:25+00:00
SERIEA2627_MW24_237_Napoli_Juventus,Napoli,Juventus,Dixon-Coles attack/defense edge (lambda=1.18 expected goals) plus home advantage.,Scoreline entropy 2.75 nats; teams of similar fitted strength.,Dixon-Coles attack/defense edge (mu=1.08 expected goals).,"Fitted home advantage log-coefficient=0.085, low-score correlation rho=0.003.",No real market odds available for this fixture yet -- model-only prediction.,"Established club vs established club; no verified injury/lineup feed connected, so squad_injury factors are not incorporated (see data_quality_notes).","rest_day_diff=, congestion_diff= (matches in last 7 days, home minus away).",Both clubs have substantial recent Serie A history informing this estimate.,data_quality_score=0.2 (market/injury/lineup/squad-transfer feeds unavailable).,0.1.0-phase1,2026-09-16T19:12:25+00:00
SERIEA2627_MW24_238_Roma_Parma,Roma,Parma,Dixon-Coles attack/defense edge (lambda=1.80 expected goals) plus home advantage.,Model does not see this as a close match.,Dixon-Coles attack/defense edge (mu=0.54 expected goals).,"Fitted home advantage log-coefficient=0.085, low-score correlation rho=0.003.",No real market odds available for this fixture yet -- model-only prediction.,"Established club vs established club; no verified injury/lineup feed connected, so squad_injury factors are not incorporated (see data_quality_notes).","rest_day_diff=, congestion_diff= (matches in last 7 days, home minus away).",Both clubs have substantial recent Serie A history informing this estimate.,data_quality_score=0.2 (market/injury/lineup/squad-transfer feeds unavailable).,0.1.0-phase1,2026-09-16T19:12:25+00:00
SERIEA2627_MW24_239_Torino_Sassuolo,Torino,Sassuolo,Dixon-Coles attack/defense edge (lambda=1.35 expected goals) plus home advantage.,Scoreline entropy 3.00 nats; teams of similar fitted strength.,Dixon-Coles attack/defense edge (mu=1.46 expected goals).,"Fitted home advantage log-coefficient=0.085, low-score correlation rho=0.003.",No real market odds available for this fixture yet -- model-only prediction.,"Established club vs established club; no verified injury/lineup feed connected, so squad_injury factors are not incorporated (see data_quality_notes).","rest_day_diff=, congestion_diff= (matches in last 7 days, home minus away).",Both clubs have substantial recent Serie A history informing this estimate.,data_quality_score=0.2 (market/injury/lineup/squad-transfer feeds unavailable).,0.1.0-phase1,2026-09-16T19:12:25+00:00
SERIEA2627_MW24_240_Udinese_Venezia,Udinese,Venezia,Dixon-Coles attack/defense edge (lambda=2.25 expected goals) plus home advantage.,Model does not see this as a close match.,Dixon-Coles attack/defense edge (mu=0.81 expected goals).,"Fitted home advantage log-coefficient=0.085, low-score correlation rho=0.003.",No real market odds available for this fixture yet -- model-only prediction.,"Established club vs promoted club; no verified injury/lineup feed connected, so squad_injury factors are not incorporated (see data_quality_notes).","rest_day_diff=, congestion_diff= (matches in last 7 days, home minus away).",Promoted-club opponent: wide team-strength uncertainty (see serie_a_2026_27_dynamic_team_strength.csv).,data_quality_score=0.2 (market/injury/lineup/squad-transfer feeds unavailable).,0.1.0-phase1,2026-09-16T19:12:25+00:00
SERIEA2627_MW25_241_Atalanta_Monza,Atalanta,Monza,Dixon-Coles attack/defense edge (lambda=2.87 expected goals) plus home advantage.,Model does not see this as a close match.,Dixon-Coles attack/defense edge (mu=0.67 expected goals).,"Fitted home advantage log-coefficient=0.085, low-score correlation rho=0.003.",No real market odds available for this fixture yet -- model-only prediction.,"Established club vs promoted club; no verified injury/lineup feed connected, so squad_injury factors are not incorporated (see data_quality_notes).","rest_day_diff=, congestion_diff= (matches in last 7 days, home minus away).",Promoted-club opponent: wide team-strength uncertainty (see serie_a_2026_27_dynamic_team_strength.csv).,data_quality_score=0.2 (market/injury/lineup/squad-transfer feeds unavailable).,0.1.0-phase1,2026-09-16T19:12:25+00:00
SERIEA2627_MW25_242_Como_Torino,Como,Torino,Dixon-Coles attack/defense edge (lambda=2.02 expected goals) plus home advantage.,Model does not see this as a close match.,Dixon-Coles attack/defense edge (mu=0.81 expected goals).,"Fitted home advantage log-coefficient=0.085, low-score correlation rho=0.003.",No real market odds available for this fixture yet -- model-only prediction.,"Established club vs established club; no verified injury/lineup feed connected, so squad_injury factors are not incorporated (see data_quality_notes).","rest_day_diff=, congestion_diff= (matches in last 7 days, home minus away).",Both clubs have substantial recent Serie A history informing this estimate.,data_quality_score=0.2 (market/injury/lineup/squad-transfer feeds unavailable).,0.1.0-phase1,2026-09-16T19:12:25+00:00
SERIEA2627_MW25_243_Fiorentina_Internazionale,Fiorentina,Internazionale,Dixon-Coles attack/defense edge (lambda=1.05 expected goals) plus home advantage.,Model does not see this as a close match.,Dixon-Coles attack/defense edge (mu=2.38 expected goals).,"Fitted home advantage log-coefficient=0.085, low-score correlation rho=0.003.",No real market odds available for this fixture yet -- model-only prediction.,"Established club vs established club; no verified injury/lineup feed connected, so squad_injury factors are not incorporated (see data_quality_notes).","rest_day_diff=, congestion_diff= (matches in last 7 days, home minus away).",Both clubs have substantial recent Serie A history informing this estimate.,data_quality_score=0.2 (market/injury/lineup/squad-transfer feeds unavailable).,0.1.0-phase1,2026-09-16T19:12:25+00:00
SERIEA2627_MW25_244_Juventus_Bologna,Juventus,Bologna,Dixon-Coles attack/defense edge (lambda=1.50 expected goals) plus home advantage.,Model does not see this as a close match.,Dixon-Coles attack/defense edge (mu=0.90 expected goals).,"Fitted home advantage log-coefficient=0.085, low-score correlation rho=0.003.",No real market odds available for this fixture yet -- model-only prediction.,"Established club vs established club; no verified injury/lineup feed connected, so squad_injury factors are not incorporated (see data_quality_notes).","rest_day_diff=, congestion_diff= (matches in last 7 days, home minus away).",Both clubs have substantial recent Serie A history informing this estimate.,data_quality_score=0.2 (market/injury/lineup/squad-transfer feeds unavailable).,0.1.0-phase1,2026-09-16T19:12:25+00:00
SERIEA2627_MW25_245_Lazio_Napoli,Lazio,Napoli,Dixon-Coles attack/defense edge (lambda=0.98 expected goals) plus home advantage.,Scoreline entropy 2.73 nats; teams of similar fitted strength.,Dixon-Coles attack/defense edge (mu=1.26 expected goals).,"Fitted home advantage log-coefficient=0.085, low-score correlation rho=0.003.",No real market odds available for this fixture yet -- model-only prediction.,"Established club vs established club; no verified injury/lineup feed connected, so squad_injury factors are not incorporated (see data_quality_notes).","rest_day_diff=, congestion_diff= (matches in last 7 days, home minus away).",Both clubs have substantial recent Serie A history informing this estimate.,data_quality_score=0.2 (market/injury/lineup/squad-transfer feeds unavailable).,0.1.0-phase1,2026-09-16T19:12:25+00:00
SERIEA2627_MW25_246_Lecce_Frosinone,Lecce,Frosinone,Dixon-Coles attack/defense edge (lambda=1.10 expected goals) plus home advantage.,Scoreline entropy 2.77 nats; teams of similar fitted strength.,Dixon-Coles attack/defense edge (mu=1.21 expected goals).,"Fitted home advantage log-coefficient=0.085, low-score correlation rho=0.003.",No real market odds available for this fixture yet -- model-only prediction.,"Established club vs promoted club; no verified injury/lineup feed connected, so squad_injury factors are not incorporated (see data_quality_notes).","rest_day_diff=, congestion_diff= (matches in last 7 days, home minus away).",Promoted-club opponent: wide team-strength uncertainty (see serie_a_2026_27_dynamic_team_strength.csv).,data_quality_score=0.2 (market/injury/lineup/squad-transfer feeds unavailable).,0.1.0-phase1,2026-09-16T19:12:25+00:00
SERIEA2627_MW25_247_Milan_Genoa,Milan,Genoa,Dixon-Coles attack/defense edge (lambda=1.65 expected goals) plus home advantage.,Model does not see this as a close match.,Dixon-Coles attack/defense edge (mu=0.82 expected goals).,"Fitted home advantage log-coefficient=0.085, low-score correlation rho=0.003.",No real market odds available for this fixture yet -- model-only prediction.,"Established club vs established club; no verified injury/lineup feed connected, so squad_injury factors are not incorporated (see data_quality_notes).","rest_day_diff=, congestion_diff= (matches in last 7 days, home minus away).",Both clubs have substantial recent Serie A history informing this estimate.,data_quality_score=0.2 (market/injury/lineup/squad-transfer feeds unavailable).,0.1.0-phase1,2026-09-16T19:12:25+00:00
SERIEA2627_MW25_248_Sassuolo_Roma,Sassuolo,Roma,Dixon-Coles attack/defense edge (lambda=0.95 expected goals) plus home advantage.,Model does not see this as a close match.,Dixon-Coles attack/defense edge (mu=1.90 expected goals).,"Fitted home advantage log-coefficient=0.085, low-score correlation rho=0.003.",No real market odds available for this fixture yet -- model-only prediction.,"Established club vs established club; no verified injury/lineup feed connected, so squad_injury factors are not incorporated (see data_quality_notes).","rest_day_diff=, congestion_diff= (matches in last 7 days, home minus away).",Both clubs have substantial recent Serie A history informing this estimate.,data_quality_score=0.2 (market/injury/lineup/squad-transfer feeds unavailable).,0.1.0-phase1,2026-09-16T19:12:25+00:00
SERIEA2627_MW25_249_Udinese_Parma,Udinese,Parma,Dixon-Coles attack/defense edge (lambda=1.31 expected goals) plus home advantage.,Model does not see this as a close match.,Dixon-Coles attack/defense edge (mu=0.87 expected goals).,"Fitted home advantage log-coefficient=0.085, low-score correlation rho=0.003.",No real market odds available for this fixture yet -- model-only prediction.,"Established club vs established club; no verified injury/lineup feed connected, so squad_injury factors are not incorporated (see data_quality_notes).","rest_day_diff=, congestion_diff= (matches in last 7 days, home minus away).",Both clubs have substantial recent Serie A history informing this estimate.,data_quality_score=0.2 (market/injury/lineup/squad-transfer feeds unavailable).,0.1.0-phase1,2026-09-16T19:12:25+00:00
SERIEA2627_MW25_250_Venezia_Cagliari,Venezia,Cagliari,Dixon-Coles attack/defense edge (lambda=0.84 expected goals) plus home advantage.,Model does not see this as a close match.,Dixon-Coles attack/defense edge (mu=1.78 expected goals).,"Fitted home advantage log-coefficient=0.085, low-score correlation rho=0.003.",No real market odds available for this fixture yet -- model-only prediction.,"Promoted club vs established club; no verified injury/lineup feed connected, so squad_injury factors are not incorporated (see data_quality_notes).","rest_day_diff=, congestion_diff= (matches in last 7 days, home minus away).",Promoted-club opponent: wide team-strength uncertainty (see serie_a_2026_27_dynamic_team_strength.csv).,data_quality_score=0.2 (market/injury/lineup/squad-transfer feeds unavailable).,0.1.0-phase1,2026-09-16T19:12:25+00:00
SERIEA2627_MW26_251_Bologna_Lecce,Bologna,Lecce,Dixon-Coles attack/defense edge (lambda=1.45 expected goals) plus home advantage.,Model does not see this as a close match.,Dixon-Coles attack/defense edge (mu=0.73 expected goals).,"Fitted home advantage log-coefficient=0.085, low-score correlation rho=0.003.",No real market odds available for this fixture yet -- model-only prediction.,"Established club vs established club; no verified injury/lineup feed connected, so squad_injury factors are not incorporated (see data_quality_notes).","rest_day_diff=, congestion_diff= (matches in last 7 days, home minus away).",Both clubs have substantial recent Serie A history informing this estimate.,data_quality_score=0.2 (market/injury/lineup/squad-transfer feeds unavailable).,0.1.0-phase1,2026-09-16T19:12:25+00:00
SERIEA2627_MW26_252_Cagliari_Udinese,Cagliari,Udinese,Dixon-Coles attack/defense edge (lambda=1.23 expected goals) plus home advantage.,Scoreline entropy 2.86 nats; teams of similar fitted strength.,Dixon-Coles attack/defense edge (mu=1.25 expected goals).,"Fitted home advantage log-coefficient=0.085, low-score correlation rho=0.003.",No real market odds available for this fixture yet -- model-only prediction.,"Established club vs established club; no verified injury/lineup feed connected, so squad_injury factors are not incorporated (see data_quality_notes).","rest_day_diff=, congestion_diff= (matches in last 7 days, home minus away).",Both clubs have substantial recent Serie A history informing this estimate.,data_quality_score=0.2 (market/injury/lineup/squad-transfer feeds unavailable).,0.1.0-phase1,2026-09-16T19:12:25+00:00
SERIEA2627_MW26_253_Como_Milan,Como,Milan,Dixon-Coles attack/defense edge (lambda=1.48 expected goals) plus home advantage.,Model does not see this as a close match.,Dixon-Coles attack/defense edge (mu=1.08 expected goals).,"Fitted home advantage log-coefficient=0.085, low-score correlation rho=0.003.",No real market odds available for this fixture yet -- model-only prediction.,"Established club vs established club; no verified injury/lineup feed connected, so squad_injury factors are not incorporated (see data_quality_notes).","rest_day_diff=, congestion_diff= (matches in last 7 days, home minus away).",Both clubs have substantial recent Serie A history informing this estimate.,data_quality_score=0.2 (market/injury/lineup/squad-transfer feeds unavailable).,0.1.0-phase1,2026-09-16T19:12:25+00:00
SERIEA2627_MW26_254_Frosinone_Napoli,Frosinone,Napoli,Dixon-Coles attack/defense edge (lambda=0.90 expected goals) plus home advantage.,Model does not see this as a close match.,Dixon-Coles attack/defense edge (mu=1.92 expected goals).,"Fitted home advantage log-coefficient=0.085, low-score correlation rho=0.003.",No real market odds available for this fixture yet -- model-only prediction.,"Promoted club vs established club; no verified injury/lineup feed connected, so squad_injury factors are not incorporated (see data_quality_notes).","rest_day_diff=, congestion_diff= (matches in last 7 days, home minus away).",Promoted-club opponent: wide team-strength uncertainty (see serie_a_2026_27_dynamic_team_strength.csv).,data_quality_score=0.2 (market/injury/lineup/squad-transfer feeds unavailable).,0.1.0-phase1,2026-09-16T19:12:25+00:00
SERIEA2627_MW26_255_Genoa_Lazio,Genoa,Lazio,Dixon-Coles attack/defense edge (lambda=0.92 expected goals) plus home advantage.,Model does not see this as a close match.,Dixon-Coles attack/defense edge (mu=1.28 expected goals).,"Fitted home advantage log-coefficient=0.085, low-score correlation rho=0.003.",No real market odds available for this fixture yet -- model-only prediction.,"Established club vs established club; no verified injury/lineup feed connected, so squad_injury factors are not incorporated (see data_quality_notes).","rest_day_diff=, congestion_diff= (matches in last 7 days, home minus away).",Both clubs have substantial recent Serie A history informing this estimate.,data_quality_score=0.2 (market/injury/lineup/squad-transfer feeds unavailable).,0.1.0-phase1,2026-09-16T19:12:25+00:00
SERIEA2627_MW26_256_Internazionale_Atalanta,Internazionale,Atalanta,Dixon-Coles attack/defense edge (lambda=1.93 expected goals) plus home advantage.,Model does not see this as a close match.,Dixon-Coles attack/defense edge (mu=1.18 expected goals).,"Fitted home advantage log-coefficient=0.085, low-score correlation rho=0.003.",No real market odds available for this fixture yet -- model-only prediction.,"Established club vs established club; no verified injury/lineup feed connected, so squad_injury factors are not incorporated (see data_quality_notes).","rest_day_diff=, congestion_diff= (matches in last 7 days, home minus away).",Both clubs have substantial recent Serie A history informing this estimate.,data_quality_score=0.2 (market/injury/lineup/squad-transfer feeds unavailable).,0.1.0-phase1,2026-09-16T19:12:25+00:00
SERIEA2627_MW26_257_Monza_Juventus,Monza,Juventus,Dixon-Coles attack/defense edge (lambda=0.67 expected goals) plus home advantage.,Model does not see this as a close match.,Dixon-Coles attack/defense edge (mu=2.60 expected goals).,"Fitted home advantage log-coefficient=0.085, low-score correlation rho=0.003.",No real market odds available for this fixture yet -- model-only prediction.,"Promoted club vs established club; no verified injury/lineup feed connected, so squad_injury factors are not incorporated (see data_quality_notes).","rest_day_diff=, congestion_diff= (matches in last 7 days, home minus away).",Promoted-club opponent: wide team-strength uncertainty (see serie_a_2026_27_dynamic_team_strength.csv).,data_quality_score=0.2 (market/injury/lineup/squad-transfer feeds unavailable).,0.1.0-phase1,2026-09-16T19:12:25+00:00
SERIEA2627_MW26_258_Parma_Sassuolo,Parma,Sassuolo,Dixon-Coles attack/defense edge (lambda=1.00 expected goals) plus home advantage.,Scoreline entropy 2.76 nats; teams of similar fitted strength.,Dixon-Coles attack/defense edge (mu=1.29 expected goals).,"Fitted home advantage log-coefficient=0.085, low-score correlation rho=0.003.",No real market odds available for this fixture yet -- model-only prediction.,"Established club vs established club; no verified injury/lineup feed connected, so squad_injury factors are not incorporated (see data_quality_notes).","rest_day_diff=, congestion_diff= (matches in last 7 days, home minus away).",Both clubs have substantial recent Serie A history informing this estimate.,data_quality_score=0.2 (market/injury/lineup/squad-transfer feeds unavailable).,0.1.0-phase1,2026-09-16T19:12:25+00:00
SERIEA2627_MW26_259_Roma_Venezia,Roma,Venezia,Dixon-Coles attack/defense edge (lambda=3.11 expected goals) plus home advantage.,Model does not see this as a close match.,Dixon-Coles attack/defense edge (mu=0.50 expected goals).,"Fitted home advantage log-coefficient=0.085, low-score correlation rho=0.003.",No real market odds available for this fixture yet -- model-only prediction.,"Established club vs promoted club; no verified injury/lineup feed connected, so squad_injury factors are not incorporated (see data_quality_notes).","rest_day_diff=, congestion_diff= (matches in last 7 days, home minus away).",Promoted-club opponent: wide team-strength uncertainty (see serie_a_2026_27_dynamic_team_strength.csv).,data_quality_score=0.2 (market/injury/lineup/squad-transfer feeds unavailable).,0.1.0-phase1,2026-09-16T19:12:25+00:00
SERIEA2627_MW26_260_Torino_Fiorentina,Torino,Fiorentina,Dixon-Coles attack/defense edge (lambda=1.26 expected goals) plus home advantage.,Scoreline entropy 2.93 nats; teams of similar fitted strength.,Dixon-Coles attack/defense edge (mu=1.38 expected goals).,"Fitted home advantage log-coefficient=0.085, low-score correlation rho=0.003.",No real market odds available for this fixture yet -- model-only prediction.,"Established club vs established club; no verified injury/lineup feed connected, so squad_injury factors are not incorporated (see data_quality_notes).","rest_day_diff=, congestion_diff= (matches in last 7 days, home minus away).",Both clubs have substantial recent Serie A history informing this estimate.,data_quality_score=0.2 (market/injury/lineup/squad-transfer feeds unavailable).,0.1.0-phase1,2026-09-16T19:12:25+00:00
SERIEA2627_MW27_261_Atalanta_Torino,Atalanta,Torino,Dixon-Coles attack/defense edge (lambda=1.83 expected goals) plus home advantage.,Model does not see this as a close match.,Dixon-Coles attack/defense edge (mu=0.86 expected goals).,"Fitted home advantage log-coefficient=0.085, low-score correlation rho=0.003.",No real market odds available for this fixture yet -- model-only prediction.,"Established club vs established club; no verified injury/lineup feed connected, so squad_injury factors are not incorporated (see data_quality_notes).","rest_day_diff=, congestion_diff= (matches in last 7 days, home minus away).",Both clubs have substantial recent Serie A history informing this estimate.,data_quality_score=0.2 (market/injury/lineup/squad-transfer feeds unavailable).,0.1.0-phase1,2026-09-16T19:12:25+00:00
SERIEA2627_MW27_262_Fiorentina_Venezia,Fiorentina,Venezia,Dixon-Coles attack/defense edge (lambda=2.28 expected goals) plus home advantage.,Model does not see this as a close match.,Dixon-Coles attack/defense edge (mu=0.80 expected goals).,"Fitted home advantage log-coefficient=0.085, low-score correlation rho=0.003.",No real market odds available for this fixture yet -- model-only prediction.,"Established club vs promoted club; no verified injury/lineup feed connected, so squad_injury factors are not incorporated (see data_quality_notes).","rest_day_diff=, congestion_diff= (matches in last 7 days, home minus away).",Promoted-club opponent: wide team-strength uncertainty (see serie_a_2026_27_dynamic_team_strength.csv).,data_quality_score=0.2 (market/injury/lineup/squad-transfer feeds unavailable).,0.1.0-phase1,2026-09-16T19:12:25+00:00
SERIEA2627_MW27_263_Juventus_Roma,Juventus,Roma,Dixon-Coles attack/defense edge (lambda=1.07 expected goals) plus home advantage.,Scoreline entropy 2.76 nats; teams of similar fitted strength.,Dixon-Coles attack/defense edge (mu=1.21 expected goals).,"Fitted home advantage log-coefficient=0.085, low-score correlation rho=0.003.",No real market odds available for this fixture yet -- model-only prediction.,"Established club vs established club; no verified injury/lineup feed connected, so squad_injury factors are not incorporated (see data_quality_notes).","rest_day_diff=, congestion_diff= (matches in last 7 days, home minus away).",Both clubs have substantial recent Serie A history informing this estimate.,data_quality_score=0.2 (market/injury/lineup/squad-transfer feeds unavailable).,0.1.0-phase1,2026-09-16T19:12:25+00:00
SERIEA2627_MW27_264_Lazio_Frosinone,Lazio,Frosinone,Dixon-Coles attack/defense edge (lambda=1.73 expected goals) plus home advantage.,Model does not see this as a close match.,Dixon-Coles attack/defense edge (mu=0.96 expected goals).,"Fitted home advantage log-coefficient=0.085, low-score correlation rho=0.003.",No real market odds available for this fixture yet -- model-only prediction.,"Established club vs promoted club; no verified injury/lineup feed connected, so squad_injury factors are not incorporated (see data_quality_notes).","rest_day_diff=, congestion_diff= (matches in last 7 days, home minus away).",Promoted-club opponent: wide team-strength uncertainty (see serie_a_2026_27_dynamic_team_strength.csv).,data_quality_score=0.2 (market/injury/lineup/squad-transfer feeds unavailable).,0.1.0-phase1,2026-09-16T19:12:25+00:00
SERIEA2627_MW27_265_Lecce_Como,Lecce,Como,Dixon-Coles attack/defense edge (lambda=0.63 expected goals) plus home advantage.,Model does not see this as a close match.,Dixon-Coles attack/defense edge (mu=1.78 expected goals).,"Fitted home advantage log-coefficient=0.085, low-score correlation rho=0.003.",No real market odds available for this fixture yet -- model-only prediction.,"Established club vs established club; no verified injury/lineup feed connected, so squad_injury factors are not incorporated (see data_quality_notes).","rest_day_diff=, congestion_diff= (matches in last 7 days, home minus away).",Both clubs have substantial recent Serie A history informing this estimate.,data_quality_score=0.2 (market/injury/lineup/squad-transfer feeds unavailable).,0.1.0-phase1,2026-09-16T19:12:25+00:00
SERIEA2627_MW27_266_Milan_Cagliari,Milan,Cagliari,Dixon-Coles attack/defense edge (lambda=1.64 expected goals) plus home advantage.,Model does not see this as a close match.,Dixon-Coles attack/defense edge (mu=0.86 expected goals).,"Fitted home advantage log-coefficient=0.085, low-score correlation rho=0.003.",No real market odds available for this fixture yet -- model-only prediction.,"Established club vs established club; no verified injury/lineup feed connected, so squad_injury factors are not incorporated (see data_quality_notes).","rest_day_diff=, congestion_diff= (matches in last 7 days, home minus away).",Both clubs have substantial recent Serie A history informing this estimate.,data_quality_score=0.2 (market/injury/lineup/squad-transfer feeds unavailable).,0.1.0-phase1,2026-09-16T19:12:25+00:00
SERIEA2627_MW27_267_Monza_Genoa,Monza,Genoa,Dixon-Coles attack/defense edge (lambda=0.95 expected goals) plus home advantage.,Model does not see this as a close match.,Dixon-Coles attack/defense edge (mu=1.75 expected goals).,"Fitted home advantage log-coefficient=0.085, low-score correlation rho=0.003.",No real market odds available for this fixture yet -- model-only prediction.,"Promoted club vs established club; no verified injury/lineup feed connected, so squad_injury factors are not incorporated (see data_quality_notes).","rest_day_diff=, congestion_diff= (matches in last 7 days, home minus away).",Promoted-club opponent: wide team-strength uncertainty (see serie_a_2026_27_dynamic_team_strength.csv).,data_quality_score=0.2 (market/injury/lineup/squad-transfer feeds unavailable).,0.1.0-phase1,2026-09-16T19:12:25+00:00
SERIEA2627_MW27_268_Napoli_Parma,Napoli,Parma,Dixon-Coles attack/defense edge (lambda=1.61 expected goals) plus home advantage.,Model does not see this as a close match.,Dixon-Coles attack/defense edge (mu=0.59 expected goals).,"Fitted home advantage log-coefficient=0.085, low-score correlation rho=0.003.",No real market odds available for this fixture yet -- model-only prediction.,"Established club vs established club; no verified injury/lineup feed connected, so squad_injury factors are not incorporated (see data_quality_notes).","rest_day_diff=, congestion_diff= (matches in last 7 days, home minus away).",Both clubs have substantial recent Serie A history informing this estimate.,data_quality_score=0.2 (market/injury/lineup/squad-transfer feeds unavailable).,0.1.0-phase1,2026-09-16T19:12:25+00:00
SERIEA2627_MW27_269_Sassuolo_Bologna,Sassuolo,Bologna,Dixon-Coles attack/defense edge (lambda=1.32 expected goals) plus home advantage.,Scoreline entropy 2.97 nats; teams of similar fitted strength.,Dixon-Coles attack/defense edge (mu=1.41 expected goals).,"Fitted home advantage log-coefficient=0.085, low-score correlation rho=0.003.",No real market odds available for this fixture yet -- model-only prediction.,"Established club vs established club; no verified injury/lineup feed connected, so squad_injury factors are not incorporated (see data_quality_notes).","rest_day_diff=, congestion_diff= (matches in last 7 days, home minus away).",Both clubs have substantial recent Serie A history informing this estimate.,data_quality_score=0.2 (market/injury/lineup/squad-transfer feeds unavailable).,0.1.0-phase1,2026-09-16T19:12:25+00:00
SERIEA2627_MW27_270_Udinese_Internazionale,Udinese,Internazionale,Dixon-Coles attack/defense edge (lambda=1.04 expected goals) plus home advantage.,Model does not see this as a close match.,Dixon-Coles attack/defense edge (mu=2.41 expected goals).,"Fitted home advantage log-coefficient=0.085, low-score correlation rho=0.003.",No real market odds available for this fixture yet -- model-only prediction.,"Established club vs established club; no verified injury/lineup feed connected, so squad_injury factors are not incorporated (see data_quality_notes).","rest_day_diff=, congestion_diff= (matches in last 7 days, home minus away).",Both clubs have substantial recent Serie A history informing this estimate.,data_quality_score=0.2 (market/injury/lineup/squad-transfer feeds unavailable).,0.1.0-phase1,2026-09-16T19:12:25+00:00
SERIEA2627_MW28_271_Bologna_Napoli,Bologna,Napoli,Dixon-Coles attack/defense edge (lambda=0.99 expected goals) plus home advantage.,Model does not see this as a close match.,Dixon-Coles attack/defense edge (mu=1.39 expected goals).,"Fitted home advantage log-coefficient=0.085, low-score correlation rho=0.003.",No real market odds available for this fixture yet -- model-only prediction.,"Established club vs established club; no verified injury/lineup feed connected, so squad_injury factors are not incorporated (see data_quality_notes).","rest_day_diff=, congestion_diff= (matches in last 7 days, home minus away).",Both clubs have substantial recent Serie A history informing this estimate.,data_quality_score=0.2 (market/injury/lineup/squad-transfer feeds unavailable).,0.1.0-phase1,2026-09-16T19:12:25+00:00
SERIEA2627_MW28_272_Cagliari_Fiorentina,Cagliari,Fiorentina,Dixon-Coles attack/defense edge (lambda=1.21 expected goals) plus home advantage.,Scoreline entropy 2.86 nats; teams of similar fitted strength.,Dixon-Coles attack/defense edge (mu=1.27 expected goals).,"Fitted home advantage log-coefficient=0.085, low-score correlation rho=0.003.",No real market odds available for this fixture yet -- model-only prediction.,"Established club vs established club; no verified injury/lineup feed connected, so squad_injury factors are not incorporated (see data_quality_notes).","rest_day_diff=, congestion_diff= (matches in last 7 days, home minus away).",Both clubs have substantial recent Serie A history informing this estimate.,data_quality_score=0.2 (market/injury/lineup/squad-transfer feeds unavailable).,0.1.0-phase1,2026-09-16T19:12:25+00:00
SERIEA2627_MW28_273_Como_Udinese,Como,Udinese,Dixon-Coles attack/defense edge (lambda=1.94 expected goals) plus home advantage.,Model does not see this as a close match.,Dixon-Coles attack/defense edge (mu=0.90 expected goals).,"Fitted home advantage log-coefficient=0.085, low-score correlation rho=0.003.",No real market odds available for this fixture yet -- model-only prediction.,"Established club vs established club; no verified injury/lineup feed connected, so squad_injury factors are not incorporated (see data_quality_notes).","rest_day_diff=, congestion_diff= (matches in last 7 days, home minus away).",Both clubs have substantial recent Serie A history informing this estimate.,data_quality_score=0.2 (market/injury/lineup/squad-transfer feeds unavailable).,0.1.0-phase1,2026-09-16T19:12:25+00:00
SERIEA2627_MW28_274_Frosinone_Monza,Frosinone,Monza,Dixon-Coles attack/defense edge (lambda=2.16 expected goals) plus home advantage.,Model does not see this as a close match.,Dixon-Coles attack/defense edge (mu=1.09 expected goals).,"Fitted home advantage log-coefficient=0.085, low-score correlation rho=0.003.",No real market odds available for this fixture yet -- model-only prediction.,"Promoted club vs promoted club; no verified injury/lineup feed connected, so squad_injury factors are not incorporated (see data_quality_notes).","rest_day_diff=, congestion_diff= (matches in last 7 days, home minus away).",Promoted-club opponent: wide team-strength uncertainty (see serie_a_2026_27_dynamic_team_strength.csv).,data_quality_score=0.2 (market/injury/lineup/squad-transfer feeds unavailable).,0.1.0-phase1,2026-09-16T19:12:25+00:00
SERIEA2627_MW28_275_Genoa_Roma,Genoa,Roma,Dixon-Coles attack/defense edge (lambda=0.72 expected goals) plus home advantage.,Model does not see this as a close match.,Dixon-Coles attack/defense edge (mu=1.73 expected goals).,"Fitted home advantage log-coefficient=0.085, low-score correlation rho=0.003.",No real market odds available for this fixture yet -- model-only prediction.,"Established club vs established club; no verified injury/lineup feed connected, so squad_injury factors are not incorporated (see data_quality_notes).","rest_day_diff=, congestion_diff= (matches in last 7 days, home minus away).",Both clubs have substantial recent Serie A history informing this estimate.,data_quality_score=0.2 (market/injury/lineup/squad-transfer feeds unavailable).,0.1.0-phase1,2026-09-16T19:12:25+00:00
SERIEA2627_MW28_276_Lazio_Juventus,Lazio,Juventus,Dixon-Coles attack/defense edge (lambda=0.98 expected goals) plus home advantage.,Scoreline entropy 2.73 nats; teams of similar fitted strength.,Dixon-Coles attack/defense edge (mu=1.25 expected goals).,"Fitted home advantage log-coefficient=0.085, low-score correlation rho=0.003.",No real market odds available for this fixture yet -- model-only prediction.,"Established club vs established club; no verified injury/lineup feed connected, so squad_injury factors are not incorporated (see data_quality_notes).","rest_day_diff=, congestion_diff= (matches in last 7 days, home minus away).",Both clubs have substantial recent Serie A history informing this estimate.,data_quality_score=0.2 (market/injury/lineup/squad-transfer feeds unavailable).,0.1.0-phase1,2026-09-16T19:12:25+00:00
SERIEA2627_MW28_277_Milan_Sassuolo,Milan,Sassuolo,Dixon-Coles attack/defense edge (lambda=1.81 expected goals) plus home advantage.,Model does not see this as a close match.,Dixon-Coles attack/defense edge (mu=1.07 expected goals).,"Fitted home advantage log-coefficient=0.085, low-score correlation rho=0.003.",No real market odds available for this fixture yet -- model-only prediction.,"Established club vs established club; no verified injury/lineup feed connected, so squad_injury factors are not incorporated (see data_quality_notes).","rest_day_diff=, congestion_diff= (matches in last 7 days, home minus away).",Both clubs have substantial recent Serie A history informing this estimate.,data_quality_score=0.2 (market/injury/lineup/squad-transfer feeds unavailable).,0.1.0-phase1,2026-09-16T19:12:25+00:00
SERIEA2627_MW28_278_Parma_Lecce,Parma,Lecce,Dixon-Coles attack/defense edge (lambda=0.94 expected goals) plus home advantage.,Scoreline entropy 2.43 nats; teams of similar fitted strength.,Dixon-Coles attack/defense edge (mu=0.77 expected goals).,"Fitted home advantage log-coefficient=0.085, low-score correlation rho=0.003.",No real market odds available for this fixture yet -- model-only prediction.,"Established club vs established club; no verified injury/lineup feed connected, so squad_injury factors are not incorporated (see data_quality_notes).","rest_day_diff=, congestion_diff= (matches in last 7 days, home minus away).",Both clubs have substantial recent Serie A history informing this estimate.,data_quality_score=0.2 (market/injury/lineup/squad-transfer feeds unavailable).,0.1.0-phase1,2026-09-16T19:12:25+00:00
SERIEA2627_MW28_279_Torino_Internazionale,Torino,Internazionale,Dixon-Coles attack/defense edge (lambda=0.93 expected goals) plus home advantage.,Model does not see this as a close match.,Dixon-Coles attack/defense edge (mu=2.51 expected goals).,"Fitted home advantage log-coefficient=0.085, low-score correlation rho=0.003.",No real market odds available for this fixture yet -- model-only prediction.,"Established club vs established club; no verified injury/lineup feed connected, so squad_injury factors are not incorporated (see data_quality_notes).","rest_day_diff=, congestion_diff= (matches in last 7 days, home minus away).",Both clubs have substantial recent Serie A history informing this estimate.,data_quality_score=0.2 (market/injury/lineup/squad-transfer feeds unavailable).,0.1.0-phase1,2026-09-16T19:12:25+00:00
SERIEA2627_MW28_280_Venezia_Atalanta,Venezia,Atalanta,Dixon-Coles attack/defense edge (lambda=0.65 expected goals) plus home advantage.,Model does not see this as a close match.,Dixon-Coles attack/defense edge (mu=2.56 expected goals).,"Fitted home advantage log-coefficient=0.085, low-score correlation rho=0.003.",No real market odds available for this fixture yet -- model-only prediction.,"Promoted club vs established club; no verified injury/lineup feed connected, so squad_injury factors are not incorporated (see data_quality_notes).","rest_day_diff=, congestion_diff= (matches in last 7 days, home minus away).",Promoted-club opponent: wide team-strength uncertainty (see serie_a_2026_27_dynamic_team_strength.csv).,data_quality_score=0.2 (market/injury/lineup/squad-transfer feeds unavailable).,0.1.0-phase1,2026-09-16T19:12:25+00:00
SERIEA2627_MW29_281_Atalanta_Milan,Atalanta,Milan,Dixon-Coles attack/defense edge (lambda=1.34 expected goals) plus home advantage.,Scoreline entropy 2.86 nats; teams of similar fitted strength.,Dixon-Coles attack/defense edge (mu=1.16 expected goals).,"Fitted home advantage log-coefficient=0.085, low-score correlation rho=0.003.",No real market odds available for this fixture yet -- model-only prediction.,"Established club vs established club; no verified injury/lineup feed connected, so squad_injury factors are not incorporated (see data_quality_notes).","rest_day_diff=, congestion_diff= (matches in last 7 days, home minus away).",Both clubs have substantial recent Serie A history informing this estimate.,data_quality_score=0.2 (market/injury/lineup/squad-transfer feeds unavailable).,0.1.0-phase1,2026-09-16T19:12:25+00:00
SERIEA2627_MW29_282_Fiorentina_Genoa,Fiorentina,Genoa,Dixon-Coles attack/defense edge (lambda=1.38 expected goals) plus home advantage.,Model does not see this as a close match.,Dixon-Coles attack/defense edge (mu=1.06 expected goals).,"Fitted home advantage log-coefficient=0.085, low-score correlation rho=0.003.",No real market odds available for this fixture yet -- model-only prediction.,"Established club vs established club; no verified injury/lineup feed connected, so squad_injury factors are not incorporated (see data_quality_notes).","rest_day_diff=, congestion_diff= (matches in last 7 days, home minus away).",Both clubs have substantial recent Serie A history informing this estimate.,data_quality_score=0.2 (market/injury/lineup/squad-transfer feeds unavailable).,0.1.0-phase1,2026-09-16T19:12:25+00:00
SERIEA2627_MW29_283_Internazionale_Frosinone,Internazionale,Frosinone,Dixon-Coles attack/defense edge (lambda=3.13 expected goals) plus home advantage.,Model does not see this as a close match.,Dixon-Coles attack/defense edge (mu=0.89 expected goals).,"Fitted home advantage log-coefficient=0.085, low-score correlation rho=0.003.",No real market odds available for this fixture yet -- model-only prediction.,"Established club vs promoted club; no verified injury/lineup feed connected, so squad_injury factors are not incorporated (see data_quality_notes).","rest_day_diff=, congestion_diff= (matches in last 7 days, home minus away).",Promoted-club opponent: wide team-strength uncertainty (see serie_a_2026_27_dynamic_team_strength.csv).,data_quality_score=0.2 (market/injury/lineup/squad-transfer feeds unavailable).,0.1.0-phase1,2026-09-16T19:12:25+00:00
SERIEA2627_MW29_284_Juventus_Como,Juventus,Como,Dixon-Coles attack/defense edge (lambda=1.19 expected goals) plus home advantage.,Scoreline entropy 2.81 nats; teams of similar fitted strength.,Dixon-Coles attack/defense edge (mu=1.20 expected goals).,"Fitted home advantage log-coefficient=0.085, low-score correlation rho=0.003.",No real market odds available for this fixture yet -- model-only prediction.,"Established club vs established club; no verified injury/lineup feed connected, so squad_injury factors are not incorporated (see data_quality_notes).","rest_day_diff=, congestion_diff= (matches in last 7 days, home minus away).",Both clubs have substantial recent Serie A history informing this estimate.,data_quality_score=0.2 (market/injury/lineup/squad-transfer feeds unavailable).,0.1.0-phase1,2026-09-16T19:12:25+00:00
SERIEA2627_MW29_285_Monza_Bologna,Monza,Bologna,Dixon-Coles attack/defense edge (lambda=0.85 expected goals) plus home advantage.,Model does not see this as a close match.,Dixon-Coles attack/defense edge (mu=2.17 expected goals).,"Fitted home advantage log-coefficient=0.085, low-score correlation rho=0.003.",No real market odds available for this fixture yet -- model-only prediction.,"Promoted club vs established club; no verified injury/lineup feed connected, so squad_injury factors are not incorporated (see data_quality_notes).","rest_day_diff=, congestion_diff= (matches in last 7 days, home minus away).",Promoted-club opponent: wide team-strength uncertainty (see serie_a_2026_27_dynamic_team_strength.csv).,data_quality_score=0.2 (market/injury/lineup/squad-transfer feeds unavailable).,0.1.0-phase1,2026-09-16T19:12:25+00:00
SERIEA2627_MW29_286_Napoli_Venezia,Napoli,Venezia,Dixon-Coles attack/defense edge (lambda=2.77 expected goals) plus home advantage.,Model does not see this as a close match.,Dixon-Coles attack/defense edge (mu=0.55 expected goals).,"Fitted home advantage log-coefficient=0.085, low-score correlation rho=0.003.",No real market odds available for this fixture yet -- model-only prediction.,"Established club vs promoted club; no verified injury/lineup feed connected, so squad_injury factors are not incorporated (see data_quality_notes).","rest_day_diff=, congestion_diff= (matches in last 7 days, home minus away).",Promoted-club opponent: wide team-strength uncertainty (see serie_a_2026_27_dynamic_team_strength.csv).,data_quality_score=0.2 (market/injury/lineup/squad-transfer feeds unavailable).,0.1.0-phase1,2026-09-16T19:12:25+00:00
SERIEA2627_MW29_287_Parma_Lazio,Parma,Lazio,Dixon-Coles attack/defense edge (lambda=0.74 expected goals) plus home advantage.,Model does not see this as a close match.,Dixon-Coles attack/defense edge (mu=1.22 expected goals).,"Fitted home advantage log-coefficient=0.085, low-score correlation rho=0.003.",No real market odds available for this fixture yet -- model-only prediction.,"Established club vs established club; no verified injury/lineup feed connected, so squad_injury factors are not incorporated (see data_quality_notes).","rest_day_diff=, congestion_diff= (matches in last 7 days, home minus away).",Both clubs have substantial recent Serie A history informing this estimate.,data_quality_score=0.2 (market/injury/lineup/squad-transfer feeds unavailable).,0.1.0-phase1,2026-09-16T19:12:25+00:00
SERIEA2627_MW29_288_Roma_Lecce,Roma,Lecce,Dixon-Coles attack/defense edge (lambda=1.95 expected goals) plus home advantage.,Model does not see this as a close match.,Dixon-Coles attack/defense edge (mu=0.52 expected goals).,"Fitted home advantage log-coefficient=0.085, low-score correlation rho=0.003.",No real market odds available for this fixture yet -- model-only prediction.,"Established club vs established club; no verified injury/lineup feed connected, so squad_injury factors are not incorporated (see data_quality_notes).","rest_day_diff=, congestion_diff= (matches in last 7 days, home minus away).",Both clubs have substantial recent Serie A history informing this estimate.,data_quality_score=0.2 (market/injury/lineup/squad-transfer feeds unavailable).,0.1.0-phase1,2026-09-16T19:12:25+00:00
SERIEA2627_MW29_289_Sassuolo_Cagliari,Sassuolo,Cagliari,Dixon-Coles attack/defense edge (lambda=1.47 expected goals) plus home advantage.,Scoreline entropy 2.93 nats; teams of similar fitted strength.,Dixon-Coles attack/defense edge (mu=1.19 expected goals).,"Fitted home advantage log-coefficient=0.085, low-score correlation rho=0.003.",No real market odds available for this fixture yet -- model-only prediction.,"Established club vs established club; no verified injury/lineup feed connected, so squad_injury factors are not incorporated (see data_quality_notes).","rest_day_diff=, congestion_diff= (matches in last 7 days, home minus away).",Both clubs have substantial recent Serie A history informing this estimate.,data_quality_score=0.2 (market/injury/lineup/squad-transfer feeds unavailable).,0.1.0-phase1,2026-09-16T19:12:25+00:00
SERIEA2627_MW29_290_Udinese_Torino,Udinese,Torino,Dixon-Coles attack/defense edge (lambda=1.48 expected goals) plus home advantage.,Scoreline entropy 2.93 nats; teams of similar fitted strength.,Dixon-Coles attack/defense edge (mu=1.18 expected goals).,"Fitted home advantage log-coefficient=0.085, low-score correlation rho=0.003.",No real market odds available for this fixture yet -- model-only prediction.,"Established club vs established club; no verified injury/lineup feed connected, so squad_injury factors are not incorporated (see data_quality_notes).","rest_day_diff=, congestion_diff= (matches in last 7 days, home minus away).",Both clubs have substantial recent Serie A history informing this estimate.,data_quality_score=0.2 (market/injury/lineup/squad-transfer feeds unavailable).,0.1.0-phase1,2026-09-16T19:12:25+00:00
SERIEA2627_MW30_291_Cagliari_Napoli,Cagliari,Napoli,Dixon-Coles attack/defense edge (lambda=0.83 expected goals) plus home advantage.,Model does not see this as a close match.,Dixon-Coles attack/defense edge (mu=1.54 expected goals).,"Fitted home advantage log-coefficient=0.085, low-score correlation rho=0.003.",No real market odds available for this fixture yet -- model-only prediction.,"Established club vs established club; no verified injury/lineup feed connected, so squad_injury factors are not incorporated (see data_quality_notes).","rest_day_diff=, congestion_diff= (matches in last 7 days, home minus away).",Both clubs have substantial recent Serie A history informing this estimate.,data_quality_score=0.2 (market/injury/lineup/squad-transfer feeds unavailable).,0.1.0-phase1,2026-09-16T19:12:25+00:00
SERIEA2627_MW30_292_Como_Fiorentina,Como,Fiorentina,Dixon-Coles attack/defense edge (lambda=1.92 expected goals) plus home advantage.,Model does not see this as a close match.,Dixon-Coles attack/defense edge (mu=0.91 expected goals).,"Fitted home advantage log-coefficient=0.085, low-score correlation rho=0.003.",No real market odds available for this fixture yet -- model-only prediction.,"Established club vs established club; no verified injury/lineup feed connected, so squad_injury factors are not incorporated (see data_quality_notes).","rest_day_diff=, congestion_diff= (matches in last 7 days, home minus away).",Both clubs have substantial recent Serie A history informing this estimate.,data_quality_score=0.2 (market/injury/lineup/squad-transfer feeds unavailable).,0.1.0-phase1,2026-09-16T19:12:25+00:00
SERIEA2627_MW30_293_Frosinone_Udinese,Frosinone,Udinese,Dixon-Coles attack/defense edge (lambda=1.33 expected goals) plus home advantage.,Scoreline entropy 3.03 nats; teams of similar fitted strength.,Dixon-Coles attack/defense edge (mu=1.56 expected goals).,"Fitted home advantage log-coefficient=0.085, low-score correlation rho=0.003.",No real market odds available for this fixture yet -- model-only prediction.,"Promoted club vs established club; no verified injury/lineup feed connected, so squad_injury factors are not incorporated (see data_quality_notes).","rest_day_diff=, congestion_diff= (matches in last 7 days, home minus away).",Promoted-club opponent: wide team-strength uncertainty (see serie_a_2026_27_dynamic_team_strength.csv).,data_quality_score=0.2 (market/injury/lineup/squad-transfer feeds unavailable).,0.1.0-phase1,2026-09-16T19:12:25+00:00
SERIEA2627_MW30_294_Genoa_Internazionale,Genoa,Internazionale,Dixon-Coles attack/defense edge (lambda=0.85 expected goals) plus home advantage.,Model does not see this as a close match.,Dixon-Coles attack/defense edge (mu=2.31 expected goals).,"Fitted home advantage log-coefficient=0.085, low-score correlation rho=0.003.",No real market odds available for this fixture yet -- model-only prediction.,"Established club vs established club; no verified injury/lineup feed connected, so squad_injury factors are not incorporated (see data_quality_notes).","rest_day_diff=, congestion_diff= (matches in last 7 days, home minus away).",Both clubs have substantial recent Serie A history informing this estimate.,data_quality_score=0.2 (market/injury/lineup/squad-transfer feeds unavailable).,0.1.0-phase1,2026-09-16T19:12:25+00:00
SERIEA2627_MW30_295_Lecce_Lazio,Lecce,Lazio,Dixon-Coles attack/defense edge (lambda=0.72 expected goals) plus home advantage.,Model does not see this as a close match.,Dixon-Coles attack/defense edge (mu=1.33 expected goals).,"Fitted home advantage log-coefficient=0.085, low-score correlation rho=0.003.",No real market odds available for this fixture yet -- model-only prediction.,"Established club vs established club; no verified injury/lineup feed connected, so squad_injury factors are not incorporated (see data_quality_notes).","rest_day_diff=, congestion_diff= (matches in last 7 days, home minus away).",Both clubs have substantial recent Serie A history informing this estimate.,data_quality_score=0.2 (market/injury/lineup/squad-transfer feeds unavailable).,0.1.0-phase1,2026-09-16T19:12:25+00:00
SERIEA2627_MW30_296_Milan_Monza,Milan,Monza,Dixon-Coles attack/defense edge (lambda=2.80 expected goals) plus home advantage.,Model does not see this as a close match.,Dixon-Coles attack/defense edge (mu=0.69 expected goals).,"Fitted home advantage log-coefficient=0.085, low-score correlation rho=0.003.",No real market odds available for this fixture yet -- model-only prediction.,"Established club vs promoted club; no verified injury/lineup feed connected, so squad_injury factors are not incorporated (see data_quality_notes).","rest_day_diff=, congestion_diff= (matches in last 7 days, home minus away).",Promoted-club opponent: wide team-strength uncertainty (see serie_a_2026_27_dynamic_team_strength.csv).,data_quality_score=0.2 (market/injury/lineup/squad-transfer feeds unavailable).,0.1.0-phase1,2026-09-16T19:12:25+00:00
SERIEA2627_MW30_297_Roma_Bologna,Roma,Bologna,Dixon-Coles attack/defense edge (lambda=1.69 expected goals) plus home advantage.,Model does not see this as a close match.,Dixon-Coles attack/defense edge (mu=0.83 expected goals).,"Fitted home advantage log-coefficient=0.085, low-score correlation rho=0.003.",No real market odds available for this fixture yet -- model-only prediction.,"Established club vs established club; no verified injury/lineup feed connected, so squad_injury factors are not incorporated (see data_quality_notes).","rest_day_diff=, congestion_diff= (matches in last 7 days, home minus away).",Both clubs have substantial recent Serie A history informing this estimate.,data_quality_score=0.2 (market/injury/lineup/squad-transfer feeds unavailable).,0.1.0-phase1,2026-09-16T19:12:25+00:00
SERIEA2627_MW30_298_Sassuolo_Atalanta,Sassuolo,Atalanta,Dixon-Coles attack/defense edge (lambda=1.13 expected goals) plus home advantage.,Model does not see this as a close match.,Dixon-Coles attack/defense edge (mu=1.70 expected goals).,"Fitted home advantage log-coefficient=0.085, low-score correlation rho=0.003.",No real market odds available for this fixture yet -- model-only prediction.,"Established club vs established club; no verified injury/lineup feed connected, so squad_injury factors are not incorporated (see data_quality_notes).","rest_day_diff=, congestion_diff= (matches in last 7 days, home minus away).",Both clubs have substantial recent Serie A history informing this estimate.,data_quality_score=0.2 (market/injury/lineup/squad-transfer feeds unavailable).,0.1.0-phase1,2026-09-16T19:12:25+00:00
SERIEA2627_MW30_299_Torino_Juventus,Torino,Juventus,Dixon-Coles attack/defense edge (lambda=0.86 expected goals) plus home advantage.,Model does not see this as a close match.,Dixon-Coles attack/defense edge (mu=1.66 expected goals).,"Fitted home advantage log-coefficient=0.085, low-score correlation rho=0.003.",No real market odds available for this fixture yet -- model-only prediction.,"Established club vs established club; no verified injury/lineup feed connected, so squad_injury factors are not incorporated (see data_quality_notes).","rest_day_diff=, congestion_diff= (matches in last 7 days, home minus away).",Both clubs have substantial recent Serie A history informing this estimate.,data_quality_score=0.2 (market/injury/lineup/squad-transfer feeds unavailable).,0.1.0-phase1,2026-09-16T19:12:25+00:00
SERIEA2627_MW30_300_Venezia_Parma,Venezia,Parma,Dixon-Coles attack/defense edge (lambda=0.81 expected goals) plus home advantage.,Model does not see this as a close match.,Dixon-Coles attack/defense edge (mu=1.37 expected goals).,"Fitted home advantage log-coefficient=0.085, low-score correlation rho=0.003.",No real market odds available for this fixture yet -- model-only prediction.,"Promoted club vs established club; no verified injury/lineup feed connected, so squad_injury factors are not incorporated (see data_quality_notes).","rest_day_diff=, congestion_diff= (matches in last 7 days, home minus away).",Promoted-club opponent: wide team-strength uncertainty (see serie_a_2026_27_dynamic_team_strength.csv).,data_quality_score=0.2 (market/injury/lineup/squad-transfer feeds unavailable).,0.1.0-phase1,2026-09-16T19:12:25+00:00
SERIEA2627_MW31_301_Bologna_Venezia,Bologna,Venezia,Dixon-Coles attack/defense edge (lambda=2.30 expected goals) plus home advantage.,Model does not see this as a close match.,Dixon-Coles attack/defense edge (mu=0.70 expected goals).,"Fitted home advantage log-coefficient=0.085, low-score correlation rho=0.003.",No real market odds available for this fixture yet -- model-only prediction.,"Established club vs promoted club; no verified injury/lineup feed connected, so squad_injury factors are not incorporated (see data_quality_notes).","rest_day_diff=, congestion_diff= (matches in last 7 days, home minus away).",Promoted-club opponent: wide team-strength uncertainty (see serie_a_2026_27_dynamic_team_strength.csv).,data_quality_score=0.2 (market/injury/lineup/squad-transfer feeds unavailable).,0.1.0-phase1,2026-09-16T19:12:25+00:00
SERIEA2627_MW31_302_Cagliari_Atalanta,Cagliari,Atalanta,Dixon-Coles attack/defense edge (lambda=0.90 expected goals) plus home advantage.,Model does not see this as a close match.,Dixon-Coles attack/defense edge (mu=1.55 expected goals).,"Fitted home advantage log-coefficient=0.085, low-score correlation rho=0.003.",No real market odds available for this fixture yet -- model-only prediction.,"Established club vs established club; no verified injury/lineup feed connected, so squad_injury factors are not incorporated (see data_quality_notes).","rest_day_diff=, congestion_diff= (matches in last 7 days, home minus away).",Both clubs have substantial recent Serie A history informing this estimate.,data_quality_score=0.2 (market/injury/lineup/squad-transfer feeds unavailable).,0.1.0-phase1,2026-09-16T19:12:25+00:00
SERIEA2627_MW31_303_Fiorentina_Milan,Fiorentina,Milan,Dixon-Coles attack/defense edge (lambda=1.10 expected goals) plus home advantage.,Model does not see this as a close match.,Dixon-Coles attack/defense edge (mu=1.56 expected goals).,"Fitted home advantage log-coefficient=0.085, low-score correlation rho=0.003.",No real market odds available for this fixture yet -- model-only prediction.,"Established club vs established club; no verified injury/lineup feed connected, so squad_injury factors are not incorporated (see data_quality_notes).","rest_day_diff=, congestion_diff= (matches in last 7 days, home minus away).",Both clubs have substantial recent Serie A history informing this estimate.,data_quality_score=0.2 (market/injury/lineup/squad-transfer feeds unavailable).,0.1.0-phase1,2026-09-16T19:12:25+00:00
SERIEA2627_MW31_304_Frosinone_Genoa,Frosinone,Genoa,Dixon-Coles attack/defense edge (lambda=1.27 expected goals) plus home advantage.,Scoreline entropy 2.89 nats; teams of similar fitted strength.,Dixon-Coles attack/defense edge (mu=1.28 expected goals).,"Fitted home advantage log-coefficient=0.085, low-score correlation rho=0.003.",No real market odds available for this fixture yet -- model-only prediction.,"Promoted club vs established club; no verified injury/lineup feed connected, so squad_injury factors are not incorporated (see data_quality_notes).","rest_day_diff=, congestion_diff= (matches in last 7 days, home minus away).",Promoted-club opponent: wide team-strength uncertainty (see serie_a_2026_27_dynamic_team_strength.csv).,data_quality_score=0.2 (market/injury/lineup/squad-transfer feeds unavailable).,0.1.0-phase1,2026-09-16T19:12:25+00:00
SERIEA2627_MW31_305_Internazionale_Roma,Internazionale,Roma,Dixon-Coles attack/defense edge (lambda=1.63 expected goals) plus home advantage.,Scoreline entropy 3.05 nats; teams of similar fitted strength.,Dixon-Coles attack/defense edge (mu=1.31 expected goals).,"Fitted home advantage log-coefficient=0.085, low-score correlation rho=0.003.",No real market odds available for this fixture yet -- model-only prediction.,"Established club vs established club; no verified injury/lineup feed connected, so squad_injury factors are not incorporated (see data_quality_notes).","rest_day_diff=, congestion_diff= (matches in last 7 days, home minus away).",Both clubs have substantial recent Serie A history informing this estimate.,data_quality_score=0.2 (market/injury/lineup/squad-transfer feeds unavailable).,0.1.0-phase1,2026-09-16T19:12:25+00:00
SERIEA2627_MW31_306_Juventus_Lecce,Juventus,Lecce,Dixon-Coles attack/defense edge (lambda=1.73 expected goals) plus home advantage.,Model does not see this as a close match.,Dixon-Coles attack/defense edge (mu=0.57 expected goals).,"Fitted home advantage log-coefficient=0.085, low-score correlation rho=0.003.",No real market odds available for this fixture yet -- model-only prediction.,"Established club vs established club; no verified injury/lineup feed connected, so squad_injury factors are not incorporated (see data_quality_notes).","rest_day_diff=, congestion_diff= (matches in last 7 days, home minus away).",Both clubs have substantial recent Serie A history informing this estimate.,data_quality_score=0.2 (market/injury/lineup/squad-transfer feeds unavailable).,0.1.0-phase1,2026-09-16T19:12:25+00:00
SERIEA2627_MW31_307_Lazio_Torino,Lazio,Torino,Dixon-Coles attack/defense edge (lambda=1.51 expected goals) plus home advantage.,Model does not see this as a close match.,Dixon-Coles attack/defense edge (mu=0.92 expected goals).,"Fitted home advantage log-coefficient=0.085, low-score correlation rho=0.003.",No real market odds available for this fixture yet -- model-only prediction.,"Established club vs established club; no verified injury/lineup feed connected, so squad_injury factors are not incorporated (see data_quality_notes).","rest_day_diff=, congestion_diff= (matches in last 7 days, home minus away).",Both clubs have substantial recent Serie A history informing this estimate.,data_quality_score=0.2 (market/injury/lineup/squad-transfer feeds unavailable).,0.1.0-phase1,2026-09-16T19:12:25+00:00
SERIEA2627_MW31_308_Napoli_Sassuolo,Napoli,Sassuolo,Dixon-Coles attack/defense edge (lambda=1.85 expected goals) plus home advantage.,Model does not see this as a close match.,Dixon-Coles attack/defense edge (mu=0.95 expected goals).,"Fitted home advantage log-coefficient=0.085, low-score correlation rho=0.003.",No real market odds available for this fixture yet -- model-only prediction.,"Established club vs established club; no verified injury/lineup feed connected, so squad_injury factors are not incorporated (see data_quality_notes).","rest_day_diff=, congestion_diff= (matches in last 7 days, home minus away).",Both clubs have substantial recent Serie A history informing this estimate.,data_quality_score=0.2 (market/injury/lineup/squad-transfer feeds unavailable).,0.1.0-phase1,2026-09-16T19:12:25+00:00
SERIEA2627_MW31_309_Parma_Como,Parma,Como,Dixon-Coles attack/defense edge (lambda=0.65 expected goals) plus home advantage.,Model does not see this as a close match.,Dixon-Coles attack/defense edge (mu=1.64 expected goals).,"Fitted home advantage log-coefficient=0.085, low-score correlation rho=0.003.",No real market odds available for this fixture yet -- model-only prediction.,"Established club vs established club; no verified injury/lineup feed connected, so squad_injury factors are not incorporated (see data_quality_notes).","rest_day_diff=, congestion_diff= (matches in last 7 days, home minus away).",Both clubs have substantial recent Serie A history informing this estimate.,data_quality_score=0.2 (market/injury/lineup/squad-transfer feeds unavailable).,0.1.0-phase1,2026-09-16T19:12:25+00:00
SERIEA2627_MW31_310_Udinese_Monza,Udinese,Monza,Dixon-Coles attack/defense edge (lambda=2.32 expected goals) plus home advantage.,Model does not see this as a close match.,Dixon-Coles attack/defense edge (mu=0.91 expected goals).,"Fitted home advantage log-coefficient=0.085, low-score correlation rho=0.003.",No real market odds available for this fixture yet -- model-only prediction.,"Established club vs promoted club; no verified injury/lineup feed connected, so squad_injury factors are not incorporated (see data_quality_notes).","rest_day_diff=, congestion_diff= (matches in last 7 days, home minus away).",Promoted-club opponent: wide team-strength uncertainty (see serie_a_2026_27_dynamic_team_strength.csv).,data_quality_score=0.2 (market/injury/lineup/squad-transfer feeds unavailable).,0.1.0-phase1,2026-09-16T19:12:25+00:00
SERIEA2627_MW32_311_Atalanta_Udinese,Atalanta,Udinese,Dixon-Coles attack/defense edge (lambda=1.76 expected goals) plus home advantage.,Model does not see this as a close match.,Dixon-Coles attack/defense edge (mu=0.96 expected goals).,"Fitted home advantage log-coefficient=0.085, low-score correlation rho=0.003.",No real market odds available for this fixture yet -- model-only prediction.,"Established club vs established club; no verified injury/lineup feed connected, so squad_injury factors are not incorporated (see data_quality_notes).","rest_day_diff=, congestion_diff= (matches in last 7 days, home minus away).",Both clubs have substantial recent Serie A history informing this estimate.,data_quality_score=0.2 (market/injury/lineup/squad-transfer feeds unavailable).,0.1.0-phase1,2026-09-16T19:12:25+00:00
SERIEA2627_MW32_312_Bologna_Cagliari,Bologna,Cagliari,Dixon-Coles attack/defense edge (lambda=1.39 expected goals) plus home advantage.,Model does not see this as a close match.,Dixon-Coles attack/defense edge (mu=0.97 expected goals).,"Fitted home advantage log-coefficient=0.085, low-score correlation rho=0.003.",No real market odds available for this fixture yet -- model-only prediction.,"Established club vs established club; no verified injury/lineup feed connected, so squad_injury factors are not incorporated (see data_quality_notes).","rest_day_diff=, congestion_diff= (matches in last 7 days, home minus away).",Both clubs have substantial recent Serie A history informing this estimate.,data_quality_score=0.2 (market/injury/lineup/squad-transfer feeds unavailable).,0.1.0-phase1,2026-09-16T19:12:25+00:00
SERIEA2627_MW32_313_Como_Frosinone,Como,Frosinone,Dixon-Coles attack/defense edge (lambda=2.32 expected goals) plus home advantage.,Model does not see this as a close match.,Dixon-Coles attack/defense edge (mu=0.84 expected goals).,"Fitted home advantage log-coefficient=0.085, low-score correlation rho=0.003.",No real market odds available for this fixture yet -- model-only prediction.,"Established club vs promoted club; no verified injury/lineup feed connected, so squad_injury factors are not incorporated (see data_quality_notes).","rest_day_diff=, congestion_diff= (matches in last 7 days, home minus away).",Promoted-club opponent: wide team-strength uncertainty (see serie_a_2026_27_dynamic_team_strength.csv).,data_quality_score=0.2 (market/injury/lineup/squad-transfer feeds unavailable).,0.1.0-phase1,2026-09-16T19:12:25+00:00
SERIEA2627_MW32_314_Fiorentina_Parma,Fiorentina,Parma,Dixon-Coles attack/defense edge (lambda=1.32 expected goals) plus home advantage.,Model does not see this as a close match.,Dixon-Coles attack/defense edge (mu=0.86 expected goals).,"Fitted home advantage log-coefficient=0.085, low-score correlation rho=0.003.",No real market odds available for this fixture yet -- model-only prediction.,"Established club vs established club; no verified injury/lineup feed connected, so squad_injury factors are not incorporated (see data_quality_notes).","rest_day_diff=, congestion_diff= (matches in last 7 days, home minus away).",Both clubs have substantial recent Serie A history informing this estimate.,data_quality_score=0.2 (market/injury/lineup/squad-transfer feeds unavailable).,0.1.0-phase1,2026-09-16T19:12:25+00:00
SERIEA2627_MW32_315_Milan_Napoli,Milan,Napoli,Dixon-Coles attack/defense edge (lambda=1.16 expected goals) plus home advantage.,Scoreline entropy 2.81 nats; teams of similar fitted strength.,Dixon-Coles attack/defense edge (mu=1.22 expected goals).,"Fitted home advantage log-coefficient=0.085, low-score correlation rho=0.003.",No real market odds available for this fixture yet -- model-only prediction.,"Established club vs established club; no verified injury/lineup feed connected, so squad_injury factors are not incorporated (see data_quality_notes).","rest_day_diff=, congestion_diff= (matches in last 7 days, home minus away).",Both clubs have substantial recent Serie A history informing this estimate.,data_quality_score=0.2 (market/injury/lineup/squad-transfer feeds unavailable).,0.1.0-phase1,2026-09-16T19:12:25+00:00
SERIEA2627_MW32_316_Monza_Internazionale,Monza,Internazionale,Dixon-Coles attack/defense edge (lambda=0.72 expected goals) plus home advantage.,Model does not see this as a close match.,Dixon-Coles attack/defense edge (mu=3.93 expected goals).,"Fitted home advantage log-coefficient=0.085, low-score correlation rho=0.003.",No real market odds available for this fixture yet -- model-only prediction.,"Promoted club vs established club; no verified injury/lineup feed connected, so squad_injury factors are not incorporated (see data_quality_notes).","rest_day_diff=, congestion_diff= (matches in last 7 days, home minus away).",Promoted-club opponent: wide team-strength uncertainty (see serie_a_2026_27_dynamic_team_strength.csv).,data_quality_score=0.2 (market/injury/lineup/squad-transfer feeds unavailable).,0.1.0-phase1,2026-09-16T19:12:25+00:00
SERIEA2627_MW32_317_Roma_Lazio,Roma,Lazio,Dixon-Coles attack/defense edge (lambda=1.54 expected goals) plus home advantage.,Model does not see this as a close match.,Dixon-Coles attack/defense edge (mu=0.82 expected goals).,"Fitted home advantage log-coefficient=0.085, low-score correlation rho=0.003.",No real market odds available for this fixture yet -- model-only prediction.,"Established club vs established club; no verified injury/lineup feed connected, so squad_injury factors are not incorporated (see data_quality_notes).","rest_day_diff=, congestion_diff= (matches in last 7 days, home minus away).",Both clubs have substantial recent Serie A history informing this estimate.,data_quality_score=0.2 (market/injury/lineup/squad-transfer feeds unavailable).,0.1.0-phase1,2026-09-16T19:12:25+00:00
SERIEA2627_MW32_318_Sassuolo_Lecce,Sassuolo,Lecce,Dixon-Coles attack/defense edge (lambda=1.53 expected goals) plus home advantage.,Model does not see this as a close match.,Dixon-Coles attack/defense edge (mu=0.89 expected goals).,"Fitted home advantage log-coefficient=0.085, low-score correlation rho=0.003.",No real market odds available for this fixture yet -- model-only prediction.,"Established club vs established club; no verified injury/lineup feed connected, so squad_injury factors are not incorporated (see data_quality_notes).","rest_day_diff=, congestion_diff= (matches in last 7 days, home minus away).",Both clubs have substantial recent Serie A history informing this estimate.,data_quality_score=0.2 (market/injury/lineup/squad-transfer feeds unavailable).,0.1.0-phase1,2026-09-16T19:12:25+00:00
SERIEA2627_MW32_319_Torino_Genoa,Torino,Genoa,Dixon-Coles attack/defense edge (lambda=1.23 expected goals) plus home advantage.,Scoreline entropy 2.79 nats; teams of similar fitted strength.,Dixon-Coles attack/defense edge (mu=1.12 expected goals).,"Fitted home advantage log-coefficient=0.085, low-score correlation rho=0.003.",No real market odds available for this fixture yet -- model-only prediction.,"Established club vs established club; no verified injury/lineup feed connected, so squad_injury factors are not incorporated (see data_quality_notes).","rest_day_diff=, congestion_diff= (matches in last 7 days, home minus away).",Both clubs have substantial recent Serie A history informing this estimate.,data_quality_score=0.2 (market/injury/lineup/squad-transfer feeds unavailable).,0.1.0-phase1,2026-09-16T19:12:25+00:00
SERIEA2627_MW32_320_Venezia_Juventus,Venezia,Juventus,Dixon-Coles attack/defense edge (lambda=0.59 expected goals) plus home advantage.,Model does not see this as a close match.,Dixon-Coles attack/defense edge (mu=2.52 expected goals).,"Fitted home advantage log-coefficient=0.085, low-score correlation rho=0.003.",No real market odds available for this fixture yet -- model-only prediction.,"Promoted club vs established club; no verified injury/lineup feed connected, so squad_injury factors are not incorporated (see data_quality_notes).","rest_day_diff=, congestion_diff= (matches in last 7 days, home minus away).",Promoted-club opponent: wide team-strength uncertainty (see serie_a_2026_27_dynamic_team_strength.csv).,data_quality_score=0.2 (market/injury/lineup/squad-transfer feeds unavailable).,0.1.0-phase1,2026-09-16T19:12:25+00:00
SERIEA2627_MW33_321_Cagliari_Monza,Cagliari,Monza,Dixon-Coles attack/defense edge (lambda=2.00 expected goals) plus home advantage.,Model does not see this as a close match.,Dixon-Coles attack/defense edge (mu=0.87 expected goals).,"Fitted home advantage log-coefficient=0.085, low-score correlation rho=0.003.",No real market odds available for this fixture yet -- model-only prediction.,"Established club vs promoted club; no verified injury/lineup feed connected, so squad_injury factors are not incorporated (see data_quality_notes).","rest_day_diff=, congestion_diff= (matches in last 7 days, home minus away).",Promoted-club opponent: wide team-strength uncertainty (see serie_a_2026_27_dynamic_team_strength.csv).,data_quality_score=0.2 (market/injury/lineup/squad-transfer feeds unavailable).,0.1.0-phase1,2026-09-16T19:12:25+00:00
SERIEA2627_MW33_322_Frosinone_Roma,Frosinone,Roma,Dixon-Coles attack/defense edge (lambda=0.82 expected goals) plus home advantage.,Model does not see this as a close match.,Dixon-Coles attack/defense edge (mu=2.15 expected goals).,"Fitted home advantage log-coefficient=0.085, low-score correlation rho=0.003.",No real market odds available for this fixture yet -- model-only prediction.,"Promoted club vs established club; no verified injury/lineup feed connected, so squad_injury factors are not incorporated (see data_quality_notes).","rest_day_diff=, congestion_diff= (matches in last 7 days, home minus away).",Promoted-club opponent: wide team-strength uncertainty (see serie_a_2026_27_dynamic_team_strength.csv).,data_quality_score=0.2 (market/injury/lineup/squad-transfer feeds unavailable).,0.1.0-phase1,2026-09-16T19:12:25+00:00
SERIEA2627_MW33_323_Genoa_Sassuolo,Genoa,Sassuolo,Dixon-Coles attack/defense edge (lambda=1.23 expected goals) plus home advantage.,Scoreline entropy 2.90 nats; teams of similar fitted strength.,Dixon-Coles attack/defense edge (mu=1.35 expected goals).,"Fitted home advantage log-coefficient=0.085, low-score correlation rho=0.003.",No real market odds available for this fixture yet -- model-only prediction.,"Established club vs established club; no verified injury/lineup feed connected, so squad_injury factors are not incorporated (see data_quality_notes).","rest_day_diff=, congestion_diff= (matches in last 7 days, home minus away).",Both clubs have substantial recent Serie A history informing this estimate.,data_quality_score=0.2 (market/injury/lineup/squad-transfer feeds unavailable).,0.1.0-phase1,2026-09-16T19:12:25+00:00
SERIEA2627_MW33_324_Internazionale_Bologna,Internazionale,Bologna,Dixon-Coles attack/defense edge (lambda=2.27 expected goals) plus home advantage.,Model does not see this as a close match.,Dixon-Coles attack/defense edge (mu=0.97 expected goals).,"Fitted home advantage log-coefficient=0.085, low-score correlation rho=0.003.",No real market odds available for this fixture yet -- model-only prediction.,"Established club vs established club; no verified injury/lineup feed connected, so squad_injury factors are not incorporated (see data_quality_notes).","rest_day_diff=, congestion_diff= (matches in last 7 days, home minus away).",Both clubs have substantial recent Serie A history informing this estimate.,data_quality_score=0.2 (market/injury/lineup/squad-transfer feeds unavailable).,0.1.0-phase1,2026-09-16T19:12:25+00:00
SERIEA2627_MW33_325_Juventus_Fiorentina,Juventus,Fiorentina,Dixon-Coles attack/defense edge (lambda=1.71 expected goals) plus home advantage.,Model does not see this as a close match.,Dixon-Coles attack/defense edge (mu=0.89 expected goals).,"Fitted home advantage log-coefficient=0.085, low-score correlation rho=0.003.",No real market odds available for this fixture yet -- model-only prediction.,"Established club vs established club; no verified injury/lineup feed connected, so squad_injury factors are not incorporated (see data_quality_notes).","rest_day_diff=, congestion_diff= (matches in last 7 days, home minus away).",Both clubs have substantial recent Serie A history informing this estimate.,data_quality_score=0.2 (market/injury/lineup/squad-transfer feeds unavailable).,0.1.0-phase1,2026-09-16T19:12:25+00:00
SERIEA2627_MW33_326_Lazio_Como,Lazio,Como,Dixon-Coles attack/defense edge (lambda=0.99 expected goals) plus home advantage.,Model does not see this as a close match.,Dixon-Coles attack/defense edge (mu=1.40 expected goals).,"Fitted home advantage log-coefficient=0.085, low-score correlation rho=0.003.",No real market odds available for this fixture yet -- model-only prediction.,"Established club vs established club; no verified injury/lineup feed connected, so squad_injury factors are not incorporated (see data_quality_notes).","rest_day_diff=, congestion_diff= (matches in last 7 days, home minus away).",Both clubs have substantial recent Serie A history informing this estimate.,data_quality_score=0.2 (market/injury/lineup/squad-transfer feeds unavailable).,0.1.0-phase1,2026-09-16T19:12:25+00:00
SERIEA2627_MW33_327_Lecce_Milan,Lecce,Milan,Dixon-Coles attack/defense edge (lambda=0.70 expected goals) plus home advantage.,Model does not see this as a close match.,Dixon-Coles attack/defense edge (mu=1.57 expected goals).,"Fitted home advantage log-coefficient=0.085, low-score correlation rho=0.003.",No real market odds available for this fixture yet -- model-only prediction.,"Established club vs established club; no verified injury/lineup feed connected, so squad_injury factors are not incorporated (see data_quality_notes).","rest_day_diff=, congestion_diff= (matches in last 7 days, home minus away).",Both clubs have substantial recent Serie A history informing this estimate.,data_quality_score=0.2 (market/injury/lineup/squad-transfer feeds unavailable).,0.1.0-phase1,2026-09-16T19:12:25+00:00
SERIEA2627_MW33_328_Napoli_Udinese,Napoli,Udinese,Dixon-Coles attack/defense edge (lambda=1.75 expected goals) plus home advantage.,Model does not see this as a close match.,Dixon-Coles attack/defense edge (mu=0.89 expected goals).,"Fitted home advantage log-coefficient=0.085, low-score correlation rho=0.003.",No real market odds available for this fixture yet -- model-only prediction.,"Established club vs established club; no verified injury/lineup feed connected, so squad_injury factors are not incorporated (see data_quality_notes).","rest_day_diff=, congestion_diff= (matches in last 7 days, home minus away).",Both clubs have substantial recent Serie A history informing this estimate.,data_quality_score=0.2 (market/injury/lineup/squad-transfer feeds unavailable).,0.1.0-phase1,2026-09-16T19:12:25+00:00
SERIEA2627_MW33_329_Parma_Atalanta,Parma,Atalanta,Dixon-Coles attack/defense edge (lambda=0.69 expected goals) plus home advantage.,Model does not see this as a close match.,Dixon-Coles attack/defense edge (mu=1.48 expected goals).,"Fitted home advantage log-coefficient=0.085, low-score correlation rho=0.003.",No real market odds available for this fixture yet -- model-only prediction.,"Established club vs established club; no verified injury/lineup feed connected, so squad_injury factors are not incorporated (see data_quality_notes).","rest_day_diff=, congestion_diff= (matches in last 7 days, home minus away).",Both clubs have substantial recent Serie A history informing this estimate.,data_quality_score=0.2 (market/injury/lineup/squad-transfer feeds unavailable).,0.1.0-phase1,2026-09-16T19:12:25+00:00
SERIEA2627_MW33_330_Venezia_Torino,Venezia,Torino,Dixon-Coles attack/defense edge (lambda=0.92 expected goals) plus home advantage.,Model does not see this as a close match.,Dixon-Coles attack/defense edge (mu=1.86 expected goals).,"Fitted home advantage log-coefficient=0.085, low-score correlation rho=0.003.",No real market odds available for this fixture yet -- model-only prediction.,"Promoted club vs established club; no verified injury/lineup feed connected, so squad_injury factors are not incorporated (see data_quality_notes).","rest_day_diff=, congestion_diff= (matches in last 7 days, home minus away).",Promoted-club opponent: wide team-strength uncertainty (see serie_a_2026_27_dynamic_team_strength.csv).,data_quality_score=0.2 (market/injury/lineup/squad-transfer feeds unavailable).,0.1.0-phase1,2026-09-16T19:12:25+00:00
SERIEA2627_MW34_331_Atalanta_Juventus,Atalanta,Juventus,Dixon-Coles attack/defense edge (lambda=1.18 expected goals) plus home advantage.,Scoreline entropy 2.80 nats; teams of similar fitted strength.,Dixon-Coles attack/defense edge (mu=1.17 expected goals).,"Fitted home advantage log-coefficient=0.085, low-score correlation rho=0.003.",No real market odds available for this fixture yet -- model-only prediction.,"Established club vs established club; no verified injury/lineup feed connected, so squad_injury factors are not incorporated (see data_quality_notes).","rest_day_diff=, congestion_diff= (matches in last 7 days, home minus away).",Both clubs have substantial recent Serie A history informing this estimate.,data_quality_score=0.2 (market/injury/lineup/squad-transfer feeds unavailable).,0.1.0-phase1,2026-09-16T19:12:25+00:00
SERIEA2627_MW34_332_Bologna_Fiorentina,Bologna,Fiorentina,Dixon-Coles attack/defense edge (lambda=1.44 expected goals) plus home advantage.,Scoreline entropy 2.90 nats; teams of similar fitted strength.,Dixon-Coles attack/defense edge (mu=1.14 expected goals).,"Fitted home advantage log-coefficient=0.085, low-score correlation rho=0.003.",No real market odds available for this fixture yet -- model-only prediction.,"Established club vs established club; no verified injury/lineup feed connected, so squad_injury factors are not incorporated (see data_quality_notes).","rest_day_diff=, congestion_diff= (matches in last 7 days, home minus away).",Both clubs have substantial recent Serie A history informing this estimate.,data_quality_score=0.2 (market/injury/lineup/squad-transfer feeds unavailable).,0.1.0-phase1,2026-09-16T19:12:25+00:00
SERIEA2627_MW34_333_Como_Internazionale,Como,Internazionale,Dixon-Coles attack/defense edge (lambda=1.42 expected goals) plus home advantage.,Scoreline entropy 3.10 nats; teams of similar fitted strength.,Dixon-Coles attack/defense edge (mu=1.65 expected goals).,"Fitted home advantage log-coefficient=0.085, low-score correlation rho=0.003.",No real market odds available for this fixture yet -- model-only prediction.,"Established club vs established club; no verified injury/lineup feed connected, so squad_injury factors are not incorporated (see data_quality_notes).","rest_day_diff=, congestion_diff= (matches in last 7 days, home minus away).",Both clubs have substantial recent Serie A history informing this estimate.,data_quality_score=0.2 (market/injury/lineup/squad-transfer feeds unavailable).,0.1.0-phase1,2026-09-16T19:12:25+00:00
SERIEA2627_MW34_334_Lecce_Cagliari,Lecce,Cagliari,Dixon-Coles attack/defense edge (lambda=0.88 expected goals) plus home advantage.,Scoreline entropy 2.60 nats; teams of similar fitted strength.,Dixon-Coles attack/defense edge (mu=1.12 expected goals).,"Fitted home advantage log-coefficient=0.085, low-score correlation rho=0.003.",No real market odds available for this fixture yet -- model-only prediction.,"Established club vs established club; no verified injury/lineup feed connected, so squad_injury factors are not incorporated (see data_quality_notes).","rest_day_diff=, congestion_diff= (matches in last 7 days, home minus away).",Both clubs have substantial recent Serie A history informing this estimate.,data_quality_score=0.2 (market/injury/lineup/squad-transfer feeds unavailable).,0.1.0-phase1,2026-09-16T19:12:25+00:00
SERIEA2627_MW34_335_Milan_Lazio,Milan,Lazio,Dixon-Coles attack/defense edge (lambda=1.35 expected goals) plus home advantage.,Model does not see this as a close match.,Dixon-Coles attack/defense edge (mu=1.01 expected goals).,"Fitted home advantage log-coefficient=0.085, low-score correlation rho=0.003.",No real market odds available for this fixture yet -- model-only prediction.,"Established club vs established club; no verified injury/lineup feed connected, so squad_injury factors are not incorporated (see data_quality_notes).","rest_day_diff=, congestion_diff= (matches in last 7 days, home minus away).",Both clubs have substantial recent Serie A history informing this estimate.,data_quality_score=0.2 (market/injury/lineup/squad-transfer feeds unavailable).,0.1.0-phase1,2026-09-16T19:12:25+00:00
SERIEA2627_MW34_336_Monza_Venezia,Monza,Venezia,Dixon-Coles attack/defense edge (lambda=1.57 expected goals) plus home advantage.,Scoreline entropy 3.03 nats; teams of similar fitted strength.,Dixon-Coles attack/defense edge (mu=1.32 expected goals).,"Fitted home advantage log-coefficient=0.085, low-score correlation rho=0.003.",No real market odds available for this fixture yet -- model-only prediction.,"Promoted club vs promoted club; no verified injury/lineup feed connected, so squad_injury factors are not incorporated (see data_quality_notes).","rest_day_diff=, congestion_diff= (matches in last 7 days, home minus away).",Promoted-club opponent: wide team-strength uncertainty (see serie_a_2026_27_dynamic_team_strength.csv).,data_quality_score=0.2 (market/injury/lineup/squad-transfer feeds unavailable).,0.1.0-phase1,2026-09-16T19:12:25+00:00
SERIEA2627_MW34_337_Roma_Napoli,Roma,Napoli,Dixon-Coles attack/defense edge (lambda=1.33 expected goals) plus home advantage.,Model does not see this as a close match.,Dixon-Coles attack/defense edge (mu=0.99 expected goals).,"Fitted home advantage log-coefficient=0.085, low-score correlation rho=0.003.",No real market odds available for this fixture yet -- model-only prediction.,"Established club vs established club; no verified injury/lineup feed connected, so squad_injury factors are not incorporated (see data_quality_notes).","rest_day_diff=, congestion_diff= (matches in last 7 days, home minus away).",Both clubs have substantial recent Serie A history informing this estimate.,data_quality_score=0.2 (market/injury/lineup/squad-transfer feeds unavailable).,0.1.0-phase1,2026-09-16T19:12:25+00:00
SERIEA2627_MW34_338_Sassuolo_Frosinone,Sassuolo,Frosinone,Dixon-Coles attack/defense edge (lambda=1.83 expected goals) plus home advantage.,Model does not see this as a close match.,Dixon-Coles attack/defense edge (mu=1.29 expected goals).,"Fitted home advantage log-coefficient=0.085, low-score correlation rho=0.003.",No real market odds available for this fixture yet -- model-only prediction.,"Established club vs promoted club; no verified injury/lineup feed connected, so squad_injury factors are not incorporated (see data_quality_notes).","rest_day_diff=, congestion_diff= (matches in last 7 days, home minus away).",Promoted-club opponent: wide team-strength uncertainty (see serie_a_2026_27_dynamic_team_strength.csv).,data_quality_score=0.2 (market/injury/lineup/squad-transfer feeds unavailable).,0.1.0-phase1,2026-09-16T19:12:25+00:00
SERIEA2627_MW34_339_Torino_Parma,Torino,Parma,Dixon-Coles attack/defense edge (lambda=1.18 expected goals) plus home advantage.,Scoreline entropy 2.64 nats; teams of similar fitted strength.,Dixon-Coles attack/defense edge (mu=0.90 expected goals).,"Fitted home advantage log-coefficient=0.085, low-score correlation rho=0.003.",No real market odds available for this fixture yet -- model-only prediction.,"Established club vs established club; no verified injury/lineup feed connected, so squad_injury factors are not incorporated (see data_quality_notes).","rest_day_diff=, congestion_diff= (matches in last 7 days, home minus away).",Both clubs have substantial recent Serie A history informing this estimate.,data_quality_score=0.2 (market/injury/lineup/squad-transfer feeds unavailable).,0.1.0-phase1,2026-09-16T19:12:25+00:00
SERIEA2627_MW34_340_Udinese_Genoa,Udinese,Genoa,Dixon-Coles attack/defense edge (lambda=1.36 expected goals) plus home advantage.,Scoreline entropy 2.83 nats; teams of similar fitted strength.,Dixon-Coles attack/defense edge (mu=1.07 expected goals).,"Fitted home advantage log-coefficient=0.085, low-score correlation rho=0.003.",No real market odds available for this fixture yet -- model-only prediction.,"Established club vs established club; no verified injury/lineup feed connected, so squad_injury factors are not incorporated (see data_quality_notes).","rest_day_diff=, congestion_diff= (matches in last 7 days, home minus away).",Both clubs have substantial recent Serie A history informing this estimate.,data_quality_score=0.2 (market/injury/lineup/squad-transfer feeds unavailable).,0.1.0-phase1,2026-09-16T19:12:25+00:00
SERIEA2627_MW35_341_Fiorentina_Roma,Fiorentina,Roma,Dixon-Coles attack/defense edge (lambda=0.89 expected goals) plus home advantage.,Model does not see this as a close match.,Dixon-Coles attack/defense edge (mu=1.78 expected goals).,"Fitted home advantage log-coefficient=0.085, low-score correlation rho=0.003.",No real market odds available for this fixture yet -- model-only prediction.,"Established club vs established club; no verified injury/lineup feed connected, so squad_injury factors are not incorporated (see data_quality_notes).","rest_day_diff=, congestion_diff= (matches in last 7 days, home minus away).",Both clubs have substantial recent Serie A history informing this estimate.,data_quality_score=0.2 (market/injury/lineup/squad-transfer feeds unavailable).,0.1.0-phase1,2026-09-16T19:12:25+00:00
SERIEA2627_MW35_342_Frosinone_Atalanta,Frosinone,Atalanta,Dixon-Coles attack/defense edge (lambda=0.98 expected goals) plus home advantage.,Model does not see this as a close match.,Dixon-Coles attack/defense edge (mu=1.93 expected goals).,"Fitted home advantage log-coefficient=0.085, low-score correlation rho=0.003.",No real market odds available for this fixture yet -- model-only prediction.,"Promoted club vs established club; no verified injury/lineup feed connected, so squad_injury factors are not incorporated (see data_quality_notes).","rest_day_diff=, congestion_diff= (matches in last 7 days, home minus away).",Promoted-club opponent: wide team-strength uncertainty (see serie_a_2026_27_dynamic_team_strength.csv).,data_quality_score=0.2 (market/injury/lineup/squad-transfer feeds unavailable).,0.1.0-phase1,2026-09-16T19:12:25+00:00
SERIEA2627_MW35_343_Genoa_Cagliari,Genoa,Cagliari,Dixon-Coles attack/defense edge (lambda=1.12 expected goals) plus home advantage.,Scoreline entropy 2.72 nats; teams of similar fitted strength.,Dixon-Coles attack/defense edge (mu=1.08 expected goals).,"Fitted home advantage log-coefficient=0.085, low-score correlation rho=0.003.",No real market odds available for this fixture yet -- model-only prediction.,"Established club vs established club; no verified injury/lineup feed connected, so squad_injury factors are not incorporated (see data_quality_notes).","rest_day_diff=, congestion_diff= (matches in last 7 days, home minus away).",Both clubs have substantial recent Serie A history informing this estimate.,data_quality_score=0.2 (market/injury/lineup/squad-transfer feeds unavailable).,0.1.0-phase1,2026-09-16T19:12:25+00:00
SERIEA2627_MW35_344_Internazionale_Lecce,Internazionale,Lecce,Dixon-Coles attack/defense edge (lambda=2.62 expected goals) plus home advantage.,Model does not see this as a close match.,Dixon-Coles attack/defense edge (mu=0.62 expected goals).,"Fitted home advantage log-coefficient=0.085, low-score correlation rho=0.003.",No real market odds available for this fixture yet -- model-only prediction.,"Established club vs established club; no verified injury/lineup feed connected, so squad_injury factors are not incorporated (see data_quality_notes).","rest_day_diff=, congestion_diff= (matches in last 7 days, home minus away).",Both clubs have substantial recent Serie A history informing this estimate.,data_quality_score=0.2 (market/injury/lineup/squad-transfer feeds unavailable).,0.1.0-phase1,2026-09-16T19:12:25+00:00
SERIEA2627_MW35_345_Lazio_Sassuolo,Lazio,Sassuolo,Dixon-Coles attack/defense edge (lambda=1.53 expected goals) plus home advantage.,Model does not see this as a close match.,Dixon-Coles attack/defense edge (mu=1.11 expected goals).,"Fitted home advantage log-coefficient=0.085, low-score correlation rho=0.003.",No real market odds available for this fixture yet -- model-only prediction.,"Established club vs established club; no verified injury/lineup feed connected, so squad_injury factors are not incorporated (see data_quality_notes).","rest_day_diff=, congestion_diff= (matches in last 7 days, home minus away).",Both clubs have substantial recent Serie A history informing this estimate.,data_quality_score=0.2 (market/injury/lineup/squad-transfer feeds unavailable).,0.1.0-phase1,2026-09-16T19:12:25+00:00
SERIEA2627_MW35_346_Napoli_Monza,Napoli,Monza,Dixon-Coles attack/defense edge (lambda=2.85 expected goals) plus home advantage.,Model does not see this as a close match.,Dixon-Coles attack/defense edge (mu=0.62 expected goals).,"Fitted home advantage log-coefficient=0.085, low-score correlation rho=0.003.",No real market odds available for this fixture yet -- model-only prediction.,"Established club vs promoted club; no verified injury/lineup feed connected, so squad_injury factors are not incorporated (see data_quality_notes).","rest_day_diff=, congestion_diff= (matches in last 7 days, home minus away).",Promoted-club opponent: wide team-strength uncertainty (see serie_a_2026_27_dynamic_team_strength.csv).,data_quality_score=0.2 (market/injury/lineup/squad-transfer feeds unavailable).,0.1.0-phase1,2026-09-16T19:12:25+00:00
SERIEA2627_MW35_347_Parma_Milan,Parma,Milan,Dixon-Coles attack/defense edge (lambda=0.72 expected goals) plus home advantage.,Model does not see this as a close match.,Dixon-Coles attack/defense edge (mu=1.45 expected goals).,"Fitted home advantage log-coefficient=0.085, low-score correlation rho=0.003.",No real market odds available for this fixture yet -- model-only prediction.,"Established club vs established club; no verified injury/lineup feed connected, so squad_injury factors are not incorporated (see data_quality_notes).","rest_day_diff=, congestion_diff= (matches in last 7 days, home minus away).",Both clubs have substantial recent Serie A history informing this estimate.,data_quality_score=0.2 (market/injury/lineup/squad-transfer feeds unavailable).,0.1.0-phase1,2026-09-16T19:12:25+00:00
SERIEA2627_MW35_348_Torino_Bologna,Torino,Bologna,Dixon-Coles attack/defense edge (lambda=1.10 expected goals) plus home advantage.,Scoreline entropy 2.86 nats; teams of similar fitted strength.,Dixon-Coles attack/defense edge (mu=1.39 expected goals).,"Fitted home advantage log-coefficient=0.085, low-score correlation rho=0.003.",No real market odds available for this fixture yet -- model-only prediction.,"Established club vs established club; no verified injury/lineup feed connected, so squad_injury factors are not incorporated (see data_quality_notes).","rest_day_diff=, congestion_diff= (matches in last 7 days, home minus away).",Both clubs have substantial recent Serie A history informing this estimate.,data_quality_score=0.2 (market/injury/lineup/squad-transfer feeds unavailable).,0.1.0-phase1,2026-09-16T19:12:25+00:00
SERIEA2627_MW35_349_Udinese_Juventus,Udinese,Juventus,Dixon-Coles attack/defense edge (lambda=0.96 expected goals) plus home advantage.,Model does not see this as a close match.,Dixon-Coles attack/defense edge (mu=1.59 expected goals).,"Fitted home advantage log-coefficient=0.085, low-score correlation rho=0.003.",No real market odds available for this fixture yet -- model-only prediction.,"Established club vs established club; no verified injury/lineup feed connected, so squad_injury factors are not incorporated (see data_quality_notes).","rest_day_diff=, congestion_diff= (matches in last 7 days, home minus away).",Both clubs have substantial recent Serie A history informing this estimate.,data_quality_score=0.2 (market/injury/lineup/squad-transfer feeds unavailable).,0.1.0-phase1,2026-09-16T19:12:25+00:00
SERIEA2627_MW35_350_Venezia_Como,Venezia,Como,Dixon-Coles attack/defense edge (lambda=0.60 expected goals) plus home advantage.,Model does not see this as a close match.,Dixon-Coles attack/defense edge (mu=2.82 expected goals).,"Fitted home advantage log-coefficient=0.085, low-score correlation rho=0.003.",No real market odds available for this fixture yet -- model-only prediction.,"Promoted club vs established club; no verified injury/lineup feed connected, so squad_injury factors are not incorporated (see data_quality_notes).","rest_day_diff=, congestion_diff= (matches in last 7 days, home minus away).",Promoted-club opponent: wide team-strength uncertainty (see serie_a_2026_27_dynamic_team_strength.csv).,data_quality_score=0.2 (market/injury/lineup/squad-transfer feeds unavailable).,0.1.0-phase1,2026-09-16T19:12:25+00:00
SERIEA2627_MW36_351_Bologna_Frosinone,Bologna,Frosinone,Dixon-Coles attack/defense edge (lambda=1.73 expected goals) plus home advantage.,Model does not see this as a close match.,Dixon-Coles attack/defense edge (mu=1.05 expected goals).,"Fitted home advantage log-coefficient=0.085, low-score correlation rho=0.003.",No real market odds available for this fixture yet -- model-only prediction.,"Established club vs promoted club; no verified injury/lineup feed connected, so squad_injury factors are not incorporated (see data_quality_notes).","rest_day_diff=, congestion_diff= (matches in last 7 days, home minus away).",Promoted-club opponent: wide team-strength uncertainty (see serie_a_2026_27_dynamic_team_strength.csv).,data_quality_score=0.2 (market/injury/lineup/squad-transfer feeds unavailable).,0.1.0-phase1,2026-09-16T19:12:25+00:00
SERIEA2627_MW36_352_Cagliari_Torino,Cagliari,Torino,Dixon-Coles attack/defense edge (lambda=1.28 expected goals) plus home advantage.,Scoreline entropy 2.82 nats; teams of similar fitted strength.,Dixon-Coles attack/defense edge (mu=1.13 expected goals).,"Fitted home advantage log-coefficient=0.085, low-score correlation rho=0.003.",No real market odds available for this fixture yet -- model-only prediction.,"Established club vs established club; no verified injury/lineup feed connected, so squad_injury factors are not incorporated (see data_quality_notes).","rest_day_diff=, congestion_diff= (matches in last 7 days, home minus away).",Both clubs have substantial recent Serie A history informing this estimate.,data_quality_score=0.2 (market/injury/lineup/squad-transfer feeds unavailable).,0.1.0-phase1,2026-09-16T19:12:25+00:00
SERIEA2627_MW36_353_Como_Atalanta,Como,Atalanta,Dixon-Coles attack/defense edge (lambda=1.43 expected goals) plus home advantage.,Model does not see this as a close match.,Dixon-Coles attack/defense edge (mu=1.11 expected goals).,"Fitted home advantage log-coefficient=0.085, low-score correlation rho=0.003.",No real market odds available for this fixture yet -- model-only prediction.,"Established club vs established club; no verified injury/lineup feed connected, so squad_injury factors are not incorporated (see data_quality_notes).","rest_day_diff=, congestion_diff= (matches in last 7 days, home minus away).",Both clubs have substantial recent Serie A history informing this estimate.,data_quality_score=0.2 (market/injury/lineup/squad-transfer feeds unavailable).,0.1.0-phase1,2026-09-16T19:12:25+00:00
SERIEA2627_MW36_354_Juventus_Internazionale,Juventus,Internazionale,Dixon-Coles attack/defense edge (lambda=1.26 expected goals) plus home advantage.,Model does not see this as a close match.,Dixon-Coles attack/defense edge (mu=1.63 expected goals).,"Fitted home advantage log-coefficient=0.085, low-score correlation rho=0.003.",No real market odds available for this fixture yet -- model-only prediction.,"Established club vs established club; no verified injury/lineup feed connected, so squad_injury factors are not incorporated (see data_quality_notes).","rest_day_diff=, congestion_diff= (matches in last 7 days, home minus away).",Both clubs have substantial recent Serie A history informing this estimate.,data_quality_score=0.2 (market/injury/lineup/squad-transfer feeds unavailable).,0.1.0-phase1,2026-09-16T19:12:25+00:00
SERIEA2627_MW36_355_Lazio_Udinese,Lazio,Udinese,Dixon-Coles attack/defense edge (lambda=1.45 expected goals) plus home advantage.,Model does not see this as a close match.,Dixon-Coles attack/defense edge (mu=1.03 expected goals).,"Fitted home advantage log-coefficient=0.085, low-score correlation rho=0.003.",No real market odds available for this fixture yet -- model-only prediction.,"Established club vs established club; no verified injury/lineup feed connected, so squad_injury factors are not incorporated (see data_quality_notes).","rest_day_diff=, congestion_diff= (matches in last 7 days, home minus away).",Both clubs have substantial recent Serie A history informing this estimate.,data_quality_score=0.2 (market/injury/lineup/squad-transfer feeds unavailable).,0.1.0-phase1,2026-09-16T19:12:25+00:00
SERIEA2627_MW36_356_Lecce_Fiorentina,Lecce,Fiorentina,Dixon-Coles attack/defense edge (lambda=0.91 expected goals) plus home advantage.,Model does not see this as a close match.,Dixon-Coles attack/defense edge (mu=1.32 expected goals).,"Fitted home advantage log-coefficient=0.085, low-score correlation rho=0.003.",No real market odds available for this fixture yet -- model-only prediction.,"Established club vs established club; no verified injury/lineup feed connected, so squad_injury factors are not incorporated (see data_quality_notes).","rest_day_diff=, congestion_diff= (matches in last 7 days, home minus away).",Both clubs have substantial recent Serie A history informing this estimate.,data_quality_score=0.2 (market/injury/lineup/squad-transfer feeds unavailable).,0.1.0-phase1,2026-09-16T19:12:25+00:00
SERIEA2627_MW36_357_Milan_Roma,Milan,Roma,Dixon-Coles attack/defense edge (lambda=1.06 expected goals) plus home advantage.,Scoreline entropy 2.83 nats; teams of similar fitted strength.,Dixon-Coles attack/defense edge (mu=1.37 expected goals).,"Fitted home advantage log-coefficient=0.085, low-score correlation rho=0.003.",No real market odds available for this fixture yet -- model-only prediction.,"Established club vs established club; no verified injury/lineup feed connected, so squad_injury factors are not incorporated (see data_quality_notes).","rest_day_diff=, congestion_diff= (matches in last 7 days, home minus away).",Both clubs have substantial recent Serie A history informing this estimate.,data_quality_score=0.2 (market/injury/lineup/squad-transfer feeds unavailable).,0.1.0-phase1,2026-09-16T19:12:25+00:00
SERIEA2627_MW36_358_Monza_Parma,Monza,Parma,Dixon-Coles attack/defense edge (lambda=0.91 expected goals) plus home advantage.,Model does not see this as a close match.,Dixon-Coles attack/defense edge (mu=1.41 expected goals).,"Fitted home advantage log-coefficient=0.085, low-score correlation rho=0.003.",No real market odds available for this fixture yet -- model-only prediction.,"Promoted club vs established club; no verified injury/lineup feed connected, so squad_injury factors are not incorporated (see data_quality_notes).","rest_day_diff=, congestion_diff= (matches in last 7 days, home minus away).",Promoted-club opponent: wide team-strength uncertainty (see serie_a_2026_27_dynamic_team_strength.csv).,data_quality_score=0.2 (market/injury/lineup/squad-transfer feeds unavailable).,0.1.0-phase1,2026-09-16T19:12:25+00:00
SERIEA2627_MW36_359_Napoli_Genoa,Napoli,Genoa,Dixon-Coles attack/defense edge (lambda=1.68 expected goals) plus home advantage.,Model does not see this as a close match.,Dixon-Coles attack/defense edge (mu=0.73 expected goals).,"Fitted home advantage log-coefficient=0.085, low-score correlation rho=0.003.",No real market odds available for this fixture yet -- model-only prediction.,"Established club vs established club; no verified injury/lineup feed connected, so squad_injury factors are not incorporated (see data_quality_notes).","rest_day_diff=, congestion_diff= (matches in last 7 days, home minus away).",Both clubs have substantial recent Serie A history informing this estimate.,data_quality_score=0.2 (market/injury/lineup/squad-transfer feeds unavailable).,0.1.0-phase1,2026-09-16T19:12:25+00:00
SERIEA2627_MW36_360_Sassuolo_Venezia,Sassuolo,Venezia,Dixon-Coles attack/defense edge (lambda=2.43 expected goals) plus home advantage.,Model does not see this as a close match.,Dixon-Coles attack/defense edge (mu=0.85 expected goals).,"Fitted home advantage log-coefficient=0.085, low-score correlation rho=0.003.",No real market odds available for this fixture yet -- model-only prediction.,"Established club vs promoted club; no verified injury/lineup feed connected, so squad_injury factors are not incorporated (see data_quality_notes).","rest_day_diff=, congestion_diff= (matches in last 7 days, home minus away).",Promoted-club opponent: wide team-strength uncertainty (see serie_a_2026_27_dynamic_team_strength.csv).,data_quality_score=0.2 (market/injury/lineup/squad-transfer feeds unavailable).,0.1.0-phase1,2026-09-16T19:12:25+00:00
SERIEA2627_MW37_361_Atalanta_Lecce,Atalanta,Lecce,Dixon-Coles attack/defense edge (lambda=1.75 expected goals) plus home advantage.,Model does not see this as a close match.,Dixon-Coles attack/defense edge (mu=0.62 expected goals).,"Fitted home advantage log-coefficient=0.085, low-score correlation rho=0.003.",No real market odds available for this fixture yet -- model-only prediction.,"Established club vs established club; no verified injury/lineup feed connected, so squad_injury factors are not incorporated (see data_quality_notes).","rest_day_diff=, congestion_diff= (matches in last 7 days, home minus away).",Both clubs have substantial recent Serie A history informing this estimate.,data_quality_score=0.2 (market/injury/lineup/squad-transfer feeds unavailable).,0.1.0-phase1,2026-09-16T19:12:25+00:00
SERIEA2627_MW37_362_Fiorentina_Monza,Fiorentina,Monza,Dixon-Coles attack/defense edge (lambda=2.35 expected goals) plus home advantage.,Model does not see this as a close match.,Dixon-Coles attack/defense edge (mu=0.90 expected goals).,"Fitted home advantage log-coefficient=0.085, low-score correlation rho=0.003.",No real market odds available for this fixture yet -- model-only prediction.,"Established club vs promoted club; no verified injury/lineup feed connected, so squad_injury factors are not incorporated (see data_quality_notes).","rest_day_diff=, congestion_diff= (matches in last 7 days, home minus away).",Promoted-club opponent: wide team-strength uncertainty (see serie_a_2026_27_dynamic_team_strength.csv).,data_quality_score=0.2 (market/injury/lineup/squad-transfer feeds unavailable).,0.1.0-phase1,2026-09-16T19:12:25+00:00
SERIEA2627_MW37_363_Frosinone_Cagliari,Frosinone,Cagliari,Dixon-Coles attack/defense edge (lambda=1.27 expected goals) plus home advantage.,Scoreline entropy 2.92 nats; teams of similar fitted strength.,Dixon-Coles attack/defense edge (mu=1.34 expected goals).,"Fitted home advantage log-coefficient=0.085, low-score correlation rho=0.003.",No real market odds available for this fixture yet -- model-only prediction.,"Promoted club vs established club; no verified injury/lineup feed connected, so squad_injury factors are not incorporated (see data_quality_notes).","rest_day_diff=, congestion_diff= (matches in last 7 days, home minus away).",Promoted-club opponent: wide team-strength uncertainty (see serie_a_2026_27_dynamic_team_strength.csv).,data_quality_score=0.2 (market/injury/lineup/squad-transfer feeds unavailable).,0.1.0-phase1,2026-09-16T19:12:25+00:00
SERIEA2627_MW37_364_Genoa_Bologna,Genoa,Bologna,Dixon-Coles attack/defense edge (lambda=1.01 expected goals) plus home advantage.,Scoreline entropy 2.76 nats; teams of similar fitted strength.,Dixon-Coles attack/defense edge (mu=1.28 expected goals).,"Fitted home advantage log-coefficient=0.085, low-score correlation rho=0.003.",No real market odds available for this fixture yet -- model-only prediction.,"Established club vs established club; no verified injury/lineup feed connected, so squad_injury factors are not incorporated (see data_quality_notes).","rest_day_diff=, congestion_diff= (matches in last 7 days, home minus away).",Both clubs have substantial recent Serie A history informing this estimate.,data_quality_score=0.2 (market/injury/lineup/squad-transfer feeds unavailable).,0.1.0-phase1,2026-09-16T19:12:25+00:00
SERIEA2627_MW37_365_Internazionale_Lazio,Internazionale,Lazio,Dixon-Coles attack/defense edge (lambda=2.07 expected goals) plus home advantage.,Model does not see this as a close match.,Dixon-Coles attack/defense edge (mu=0.97 expected goals).,"Fitted home advantage log-coefficient=0.085, low-score correlation rho=0.003.",No real market odds available for this fixture yet -- model-only prediction.,"Established club vs established club; no verified injury/lineup feed connected, so squad_injury factors are not incorporated (see data_quality_notes).","rest_day_diff=, congestion_diff= (matches in last 7 days, home minus away).",Both clubs have substantial recent Serie A history informing this estimate.,data_quality_score=0.2 (market/injury/lineup/squad-transfer feeds unavailable).,0.1.0-phase1,2026-09-16T19:12:25+00:00
SERIEA2627_MW37_366_Parma_Juventus,Parma,Juventus,Dixon-Coles attack/defense edge (lambda=0.64 expected goals) plus home advantage.,Model does not see this as a close match.,Dixon-Coles attack/defense edge (mu=1.46 expected goals).,"Fitted home advantage log-coefficient=0.085, low-score correlation rho=0.003.",No real market odds available for this fixture yet -- model-only prediction.,"Established club vs established club; no verified injury/lineup feed connected, so squad_injury factors are not incorporated (see data_quality_notes).","rest_day_diff=, congestion_diff= (matches in last 7 days, home minus away).",Both clubs have substantial recent Serie A history informing this estimate.,data_quality_score=0.2 (market/injury/lineup/squad-transfer feeds unavailable).,0.1.0-phase1,2026-09-16T19:12:25+00:00
SERIEA2627_MW37_367_Roma_Como,Roma,Como,Dixon-Coles attack/defense edge (lambda=1.34 expected goals) plus home advantage.,Scoreline entropy 2.84 nats; teams of similar fitted strength.,Dixon-Coles attack/defense edge (mu=1.10 expected goals).,"Fitted home advantage log-coefficient=0.085, low-score correlation rho=0.003.",No real market odds available for this fixture yet -- model-only prediction.,"Established club vs established club; no verified injury/lineup feed connected, so squad_injury factors are not incorporated (see data_quality_notes).","rest_day_diff=, congestion_diff= (matches in last 7 days, home minus away).",Both clubs have substantial recent Serie A history informing this estimate.,data_quality_score=0.2 (market/injury/lineup/squad-transfer feeds unavailable).,0.1.0-phase1,2026-09-16T19:12:25+00:00
SERIEA2627_MW37_368_Torino_Napoli,Torino,Napoli,Dixon-Coles attack/defense edge (lambda=0.87 expected goals) plus home advantage.,Model does not see this as a close match.,Dixon-Coles attack/defense edge (mu=1.67 expected goals).,"Fitted home advantage log-coefficient=0.085, low-score correlation rho=0.003.",No real market odds available for this fixture yet -- model-only prediction.,"Established club vs established club; no verified injury/lineup feed connected, so squad_injury factors are not incorporated (see data_quality_notes).","rest_day_diff=, congestion_diff= (matches in last 7 days, home minus away).",Both clubs have substantial recent Serie A history informing this estimate.,data_quality_score=0.2 (market/injury/lineup/squad-transfer feeds unavailable).,0.1.0-phase1,2026-09-16T19:12:25+00:00
SERIEA2627_MW37_369_Udinese_Sassuolo,Udinese,Sassuolo,Dixon-Coles attack/defense edge (lambda=1.50 expected goals) plus home advantage.,Scoreline entropy 3.04 nats; teams of similar fitted strength.,Dixon-Coles attack/defense edge (mu=1.41 expected goals).,"Fitted home advantage log-coefficient=0.085, low-score correlation rho=0.003.",No real market odds available for this fixture yet -- model-only prediction.,"Established club vs established club; no verified injury/lineup feed connected, so squad_injury factors are not incorporated (see data_quality_notes).","rest_day_diff=, congestion_diff= (matches in last 7 days, home minus away).",Both clubs have substantial recent Serie A history informing this estimate.,data_quality_score=0.2 (market/injury/lineup/squad-transfer feeds unavailable).,0.1.0-phase1,2026-09-16T19:12:25+00:00
SERIEA2627_MW37_370_Venezia_Milan,Venezia,Milan,Dixon-Coles attack/defense edge (lambda=0.67 expected goals) plus home advantage.,Model does not see this as a close match.,Dixon-Coles attack/defense edge (mu=2.50 expected goals).,"Fitted home advantage log-coefficient=0.085, low-score correlation rho=0.003.",No real market odds available for this fixture yet -- model-only prediction.,"Promoted club vs established club; no verified injury/lineup feed connected, so squad_injury factors are not incorporated (see data_quality_notes).","rest_day_diff=, congestion_diff= (matches in last 7 days, home minus away).",Promoted-club opponent: wide team-strength uncertainty (see serie_a_2026_27_dynamic_team_strength.csv).,data_quality_score=0.2 (market/injury/lineup/squad-transfer feeds unavailable).,0.1.0-phase1,2026-09-16T19:12:25+00:00
SERIEA2627_MW38_371_Bologna_Parma,Bologna,Parma,Dixon-Coles attack/defense edge (lambda=1.33 expected goals) plus home advantage.,Model does not see this as a close match.,Dixon-Coles attack/defense edge (mu=0.75 expected goals).,"Fitted home advantage log-coefficient=0.085, low-score correlation rho=0.003.",No real market odds available for this fixture yet -- model-only prediction.,"Established club vs established club; no verified injury/lineup feed connected, so squad_injury factors are not incorporated (see data_quality_notes).","rest_day_diff=, congestion_diff= (matches in last 7 days, home minus away).",Both clubs have substantial recent Serie A history informing this estimate.,data_quality_score=0.2 (market/injury/lineup/squad-transfer feeds unavailable).,0.1.0-phase1,2026-09-16T19:12:25+00:00
SERIEA2627_MW38_372_Cagliari_Roma,Cagliari,Roma,Dixon-Coles attack/defense edge (lambda=0.76 expected goals) plus home advantage.,Model does not see this as a close match.,Dixon-Coles attack/defense edge (mu=1.73 expected goals).,"Fitted home advantage log-coefficient=0.085, low-score correlation rho=0.003.",No real market odds available for this fixture yet -- model-only prediction.,"Established club vs established club; no verified injury/lineup feed connected, so squad_injury factors are not incorporated (see data_quality_notes).","rest_day_diff=, congestion_diff= (matches in last 7 days, home minus away).",Both clubs have substantial recent Serie A history informing this estimate.,data_quality_score=0.2 (market/injury/lineup/squad-transfer feeds unavailable).,0.1.0-phase1,2026-09-16T19:12:25+00:00
SERIEA2627_MW38_373_Como_Genoa,Como,Genoa,Dixon-Coles attack/defense edge (lambda=1.86 expected goals) plus home advantage.,Model does not see this as a close match.,Dixon-Coles attack/defense edge (mu=0.74 expected goals).,"Fitted home advantage log-coefficient=0.085, low-score correlation rho=0.003.",No real market odds available for this fixture yet -- model-only prediction.,"Established club vs established club; no verified injury/lineup feed connected, so squad_injury factors are not incorporated (see data_quality_notes).","rest_day_diff=, congestion_diff= (matches in last 7 days, home minus away).",Both clubs have substantial recent Serie A history informing this estimate.,data_quality_score=0.2 (market/injury/lineup/squad-transfer feeds unavailable).,0.1.0-phase1,2026-09-16T19:12:25+00:00
SERIEA2627_MW38_374_Juventus_Frosinone,Juventus,Frosinone,Dixon-Coles attack/defense edge (lambda=2.07 expected goals) plus home advantage.,Model does not see this as a close match.,Dixon-Coles attack/defense edge (mu=0.82 expected goals).,"Fitted home advantage log-coefficient=0.085, low-score correlation rho=0.003.",No real market odds available for this fixture yet -- model-only prediction.,"Established club vs promoted club; no verified injury/lineup feed connected, so squad_injury factors are not incorporated (see data_quality_notes).","rest_day_diff=, congestion_diff= (matches in last 7 days, home minus away).",Promoted-club opponent: wide team-strength uncertainty (see serie_a_2026_27_dynamic_team_strength.csv).,data_quality_score=0.2 (market/injury/lineup/squad-transfer feeds unavailable).,0.1.0-phase1,2026-09-16T19:12:25+00:00
SERIEA2627_MW38_375_Lazio_Fiorentina,Lazio,Fiorentina,Dixon-Coles attack/defense edge (lambda=1.43 expected goals) plus home advantage.,Model does not see this as a close match.,Dixon-Coles attack/defense edge (mu=1.04 expected goals).,"Fitted home advantage log-coefficient=0.085, low-score correlation rho=0.003.",No real market odds available for this fixture yet -- model-only prediction.,"Established club vs established club; no verified injury/lineup feed connected, so squad_injury factors are not incorporated (see data_quality_notes).","rest_day_diff=, congestion_diff= (matches in last 7 days, home minus away).",Both clubs have substantial recent Serie A history informing this estimate.,data_quality_score=0.2 (market/injury/lineup/squad-transfer feeds unavailable).,0.1.0-phase1,2026-09-16T19:12:25+00:00
SERIEA2627_MW38_376_Lecce_Venezia,Lecce,Venezia,Dixon-Coles attack/defense edge (lambda=1.45 expected goals) plus home advantage.,Model does not see this as a close match.,Dixon-Coles attack/defense edge (mu=0.81 expected goals).,"Fitted home advantage log-coefficient=0.085, low-score correlation rho=0.003.",No real market odds available for this fixture yet -- model-only prediction.,"Established club vs promoted club; no verified injury/lineup feed connected, so squad_injury factors are not incorporated (see data_quality_notes).","rest_day_diff=, congestion_diff= (matches in last 7 days, home minus away).",Promoted-club opponent: wide team-strength uncertainty (see serie_a_2026_27_dynamic_team_strength.csv).,data_quality_score=0.2 (market/injury/lineup/squad-transfer feeds unavailable).,0.1.0-phase1,2026-09-16T19:12:25+00:00
SERIEA2627_MW38_377_Milan_Udinese,Milan,Udinese,Dixon-Coles attack/defense edge (lambda=1.72 expected goals) plus home advantage.,Model does not see this as a close match.,Dixon-Coles attack/defense edge (mu=0.99 expected goals).,"Fitted home advantage log-coefficient=0.085, low-score correlation rho=0.003.",No real market odds available for this fixture yet -- model-only prediction.,"Established club vs established club; no verified injury/lineup feed connected, so squad_injury factors are not incorporated (see data_quality_notes).","rest_day_diff=, congestion_diff= (matches in last 7 days, home minus away).",Both clubs have substantial recent Serie A history informing this estimate.,data_quality_score=0.2 (market/injury/lineup/squad-transfer feeds unavailable).,0.1.0-phase1,2026-09-16T19:12:25+00:00
SERIEA2627_MW38_378_Monza_Torino,Monza,Torino,Dixon-Coles attack/defense edge (lambda=1.03 expected goals) plus home advantage.,Model does not see this as a close match.,Dixon-Coles attack/defense edge (mu=1.92 expected goals).,"Fitted home advantage log-coefficient=0.085, low-score correlation rho=0.003.",No real market odds available for this fixture yet -- model-only prediction.,"Promoted club vs established club; no verified injury/lineup feed connected, so squad_injury factors are not incorporated (see data_quality_notes).","rest_day_diff=, congestion_diff= (matches in last 7 days, home minus away).",Promoted-club opponent: wide team-strength uncertainty (see serie_a_2026_27_dynamic_team_strength.csv).,data_quality_score=0.2 (market/injury/lineup/squad-transfer feeds unavailable).,0.1.0-phase1,2026-09-16T19:12:25+00:00
SERIEA2627_MW38_379_Napoli_Atalanta,Napoli,Atalanta,Dixon-Coles attack/defense edge (lambda=1.28 expected goals) plus home advantage.,Scoreline entropy 2.81 nats; teams of similar fitted strength.,Dixon-Coles attack/defense edge (mu=1.10 expected goals).,"Fitted home advantage log-coefficient=0.085, low-score correlation rho=0.003.",No real market odds available for this fixture yet -- model-only prediction.,"Established club vs established club; no verified injury/lineup feed connected, so squad_injury factors are not incorporated (see data_quality_notes).","rest_day_diff=, congestion_diff= (matches in last 7 days, home minus away).",Both clubs have substantial recent Serie A history informing this estimate.,data_quality_score=0.2 (market/injury/lineup/squad-transfer feeds unavailable).,0.1.0-phase1,2026-09-16T19:12:25+00:00
SERIEA2627_MW38_380_Sassuolo_Internazionale,Sassuolo,Internazionale,Dixon-Coles attack/defense edge (lambda=1.12 expected goals) plus home advantage.,Model does not see this as a close match.,Dixon-Coles attack/defense edge (mu=2.55 expected goals).,"Fitted home advantage log-coefficient=0.085, low-score correlation rho=0.003.",No real market odds available for this fixture yet -- model-only prediction.,"Established club vs established club; no verified injury/lineup feed connected, so squad_injury factors are not incorporated (see data_quality_notes).","rest_day_diff=, congestion_diff= (matches in last 7 days, home minus away).",Both clubs have substantial recent Serie A history informing this estimate.,data_quality_score=0.2 (market/injury/lineup/squad-transfer feeds unavailable).,0.1.0-phase1,2026-09-16T19:12:25+00:00
