match_id,season,matchweek,date,kickoff_utc,home_team,away_team,stadium,status,prediction_mode,actual_home_goals,actual_away_goals,actual_result,home_expected_goals_model_only,away_expected_goals_model_only,home_expected_goals_market_integrated,away_expected_goals_market_integrated,predicted_score_model_only,predicted_score_market_integrated,predicted_result_model_only,predicted_result_market_integrated,home_win_prob_model_only,draw_prob_model_only,away_win_prob_model_only,moneyline_pick,dc_raw_home_win_prob,dc_raw_draw_prob,dc_raw_away_win_prob,home_win_prob_market_integrated,draw_prob_market_integrated,away_win_prob_market_integrated,top_10_scorelines_model_only_json,top_10_scorelines_market_integrated_json,btts_yes_prob_model_only,btts_no_prob_model_only,btts_pick,total_goals_line_model_only,over_prob_model_only,under_prob_model_only,totals_blend_applied,totals_pick,handicap_line_model_only,home_cover_prob_model_only,away_cover_prob_model_only,handicap_blend_applied,spread_pick,market_available,closing_market_available,market_blend_applied,squad_data_available,injury_data_available,lineup_data_available,home_key_absences_count,away_key_absences_count,home_expected_lineup_strength,away_expected_lineup_strength,rest_day_diff,congestion_diff,model_market_disagreement,confidence,upset_risk,data_quality_score,run_id,data_version,feature_version,model_version,generated_at
BUNDESLIGA2627_MW05_037_SCPaderborn07_VfBStuttgart,2026-27,5,2026-10-09,2026-10-09T00:00:00+00:00,SC Paderborn 07,VfB Stuttgart,Home Deluxe Arena,scheduled,early_week_mode,,,,0.791,1.436,,,0-1,,away_win,,0.227,0.2271,0.5459,VfB Stuttgart,0.1976,0.288,0.5144,,,,"[{""score"": ""0-1"", ""probability"": 0.145697}, {""score"": ""1-1"", ""probability"": 0.131603}, {""score"": ""0-0"", ""probability"": 0.116859}, {""score"": ""0-2"", ""probability"": 0.111171}, {""score"": ""1-2"", ""probability"": 0.087985}, {""score"": ""1-0"", ""probability"": 0.076194}, {""score"": ""0-3"", ""probability"": 0.053228}, {""score"": ""2-1"", ""probability"": 0.048479}, {""score"": ""1-3"", ""probability"": 0.042127}, {""score"": ""2-2"", ""probability"": 0.034817}]",,0.4259,0.5741,No,2.5,0.3847,0.6153,False,Under 2.5,0.5,0.4856,0.5144,False,VfB Stuttgart -0.5,False,False,False,False,False,False,,,,,,,,0.5459,0.4541,0.2,weekly_update_20260921T073919Z_e8b4cc71,2026-08-18.phase1,0.1.0-phase1,0.1.0-phase1,2026-09-21T07:39:19+00:00
BUNDESLIGA2627_MW05_038_1.FCKöln_BorussiaMönchengladbach,2026-27,5,2026-10-09,2026-10-09T00:00:00+00:00,1. FC Köln,Borussia Mönchengladbach,RheinEnergieSTADION,scheduled,early_week_mode,,,,1.725,1.493,,,1-1,,draw,,0.3812,0.291,0.3278,1. FC Köln,0.4258,0.2472,0.3269,,,,"[{""score"": ""1-1"", ""probability"": 0.110769}, {""score"": ""2-1"", ""probability"": 0.088955}, {""score"": ""1-2"", ""probability"": 0.076956}, {""score"": ""2-2"", ""probability"": 0.066389}, {""score"": ""1-0"", ""probability"": 0.061427}, {""score"": ""2-0"", ""probability"": 0.059596}, {""score"": ""0-1"", ""probability"": 0.052109}, {""score"": ""3-1"", ""probability"": 0.05116}, {""score"": ""0-0"", ""probability"": 0.047694}, {""score"": ""0-2"", ""probability"": 0.044603}]",,0.6448,0.3552,Yes,2.5,0.6238,0.3762,False,Over 2.5,-0.25,0.4877,0.5123,False,Borussia Mönchengladbach +0.25,False,False,False,False,False,False,,,,,,,,0.3812,0.6188,0.2,weekly_update_20260921T073919Z_e8b4cc71,2026-08-18.phase1,0.1.0-phase1,0.1.0-phase1,2026-09-21T07:39:19+00:00
BUNDESLIGA2627_MW05_039_1.FCUnionBerlin_SVElversberg,2026-27,5,2026-10-09,2026-10-09T00:00:00+00:00,1. FC Union Berlin,SV Elversberg,An der Alten Försterei,scheduled,early_week_mode,,,,1.444,2.228,,,1-2,,away_win,,0.3287,0.2431,0.4282,SV Elversberg,0.2391,0.2142,0.5467,,,,"[{""score"": ""1-2"", ""probability"": 0.091176}, {""score"": ""1-1"", ""probability"": 0.087937}, {""score"": ""1-3"", ""probability"": 0.067702}, {""score"": ""2-2"", ""probability"": 0.065831}, {""score"": ""0-2"", ""probability"": 0.06314}, {""score"": ""2-1"", ""probability"": 0.059104}, {""score"": ""0-1"", ""probability"": 0.050611}, {""score"": ""2-3"", ""probability"": 0.048882}, {""score"": ""0-3"", ""probability"": 0.046884}, {""score"": ""1-4"", ""probability"": 0.037703}]",,0.6877,0.3123,Yes,2.5,0.6446,0.3554,True,Over 2.5,-0.25,0.3791,0.6209,True,SV Elversberg +0.25,False,False,True,False,False,False,,,,,,,,0.4282,0.5718,0.2,weekly_update_20260921T073919Z_e8b4cc71,2026-08-18.phase1,0.1.0-phase1,0.1.0-phase1,2026-09-21T07:39:19+00:00
BUNDESLIGA2627_MW05_040_1.FSVMainz05_Bayer04Leverkusen,2026-27,5,2026-10-09,2026-10-09T00:00:00+00:00,1. FSV Mainz 05,Bayer 04 Leverkusen,MEWA ARENA,scheduled,early_week_mode,,,,1.332,1.696,,,1-1,,draw,,0.2907,0.278,0.4313,Bayer 04 Leverkusen,0.2938,0.2537,0.4525,,,,"[{""score"": ""1-1"", ""probability"": 0.117479}, {""score"": ""1-2"", ""probability"": 0.092753}, {""score"": ""0-1"", ""probability"": 0.073977}, {""score"": ""2-1"", ""probability"": 0.072841}, {""score"": ""0-2"", ""probability"": 0.069628}, {""score"": ""2-2"", ""probability"": 0.061779}, {""score"": ""0-0"", ""probability"": 0.056516}, {""score"": ""1-0"", ""probability"": 0.056353}, {""score"": ""1-3"", ""probability"": 0.052444}, {""score"": ""2-0"", ""probability"": 0.042942}]",,0.6092,0.3908,Yes,2.5,0.5831,0.4169,False,Over 2.5,0.25,0.4841,0.5159,False,Bayer 04 Leverkusen -0.25,False,False,False,False,False,False,,,,,,,,0.4313,0.5687,0.2,weekly_update_20260921T073919Z_e8b4cc71,2026-08-18.phase1,0.1.0-phase1,0.1.0-phase1,2026-09-21T07:39:19+00:00
BUNDESLIGA2627_MW05_041_FCAugsburg_FCBayernMünchen,2026-27,5,2026-10-09,2026-10-09T00:00:00+00:00,FC Augsburg,FC Bayern München,WWK ARENA,scheduled,early_week_mode,,,,1.079,2.943,,,1-2,,away_win,,0.1215,0.1623,0.7162,FC Bayern München,0.1046,0.1485,0.7469,,,,"[{""score"": ""1-2"", ""probability"": 0.084007}, {""score"": ""1-3"", ""probability"": 0.082407}, {""score"": ""0-2"", ""probability"": 0.077841}, {""score"": ""0-3"", ""probability"": 0.076358}, {""score"": ""1-1"", ""probability"": 0.06133}, {""score"": ""1-4"", ""probability"": 0.060628}, {""score"": ""0-4"", ""probability"": 0.056178}, {""score"": ""0-1"", ""probability"": 0.048663}, {""score"": ""2-2"", ""probability"": 0.045331}, {""score"": ""2-3"", ""probability"": 0.044468}]",,0.6295,0.3705,Yes,4.5,0.4271,0.5729,True,Under 4.5,2.25,0.5603,0.4397,True,FC Augsburg +2.25,False,False,True,False,False,False,,,,,,,,0.7162,0.2838,0.2,weekly_update_20260921T073919Z_e8b4cc71,2026-08-18.phase1,0.1.0-phase1,0.1.0-phase1,2026-09-21T07:39:19+00:00
BUNDESLIGA2627_MW05_042_Sport-ClubFreiburg_FCSchalke04,2026-27,5,2026-10-09,2026-10-09T00:00:00+00:00,Sport-Club Freiburg,FC Schalke 04,Europa-Park Stadion,scheduled,early_week_mode,,,,1.388,0.72,,,1-0,,home_win,,0.5053,0.282,0.2127,Sport-Club Freiburg,0.5202,0.2949,0.185,,,,"[{""score"": ""1-0"", ""probability"": 0.159669}, {""score"": ""0-0"", ""probability"": 0.130555}, {""score"": ""1-1"", ""probability"": 0.130407}, {""score"": ""2-0"", ""probability"": 0.11705}, {""score"": ""2-1"", ""probability"": 0.084238}, {""score"": ""0-1"", ""probability"": 0.078459}, {""score"": ""3-0"", ""probability"": 0.054149}, {""score"": ""1-2"", ""probability"": 0.043682}, {""score"": ""3-1"", ""probability"": 0.038969}, {""score"": ""0-2"", ""probability"": 0.031475}]",,0.394,0.606,No,2.5,0.3524,0.6476,False,Under 2.5,-0.5,0.5202,0.4798,False,Sport-Club Freiburg -0.5,False,False,False,False,False,False,,,,,,,,0.5053,0.4947,0.2,weekly_update_20260921T073919Z_e8b4cc71,2026-08-18.phase1,0.1.0-phase1,0.1.0-phase1,2026-09-21T07:39:19+00:00
BUNDESLIGA2627_MW05_043_TSGHoffenheim_HamburgerSV,2026-27,5,2026-10-09,2026-10-09T00:00:00+00:00,TSG Hoffenheim,Hamburger SV,SNP Arena,scheduled,early_week_mode,,,,2.225,1.118,,,2-1,,home_win,,0.6409,0.2007,0.1584,TSG Hoffenheim,0.6173,0.2087,0.1739,,,,"[{""score"": ""2-1"", ""probability"": 0.097817}, {""score"": ""1-1"", ""probability"": 0.094435}, {""score"": ""2-0"", ""probability"": 0.087471}, {""score"": ""3-1"", ""probability"": 0.072562}, {""score"": ""1-0"", ""probability"": 0.072084}, {""score"": ""3-0"", ""probability"": 0.064887}, {""score"": ""2-2"", ""probability"": 0.054694}, {""score"": ""1-2"", ""probability"": 0.049154}, {""score"": ""0-0"", ""probability"": 0.04185}, {""score"": ""3-2"", ""probability"": 0.040572}]",,0.6069,0.3931,Yes,3.5,0.4535,0.5465,True,Under 3.5,-1.5,0.436,0.564,True,Hamburger SV +1.5,False,False,True,False,False,False,,,,,,,,0.6409,0.3591,0.2,weekly_update_20260921T073919Z_e8b4cc71,2026-08-18.phase1,0.1.0-phase1,0.1.0-phase1,2026-09-21T07:39:19+00:00
BUNDESLIGA2627_MW05_044_RBLeipzig_EintrachtFrankfurt,2026-27,5,2026-10-09,2026-10-09T00:00:00+00:00,RB Leipzig,Eintracht Frankfurt,Red Bull Arena,scheduled,early_week_mode,,,,2.344,1.38,,,2-1,,home_win,,0.5932,0.2117,0.1951,RB Leipzig,0.5837,0.205,0.2113,,,,"[{""score"": ""2-1"", ""probability"": 0.091585}, {""score"": ""1-1"", ""probability"": 0.083941}, {""score"": ""3-1"", ""probability"": 0.071562}, {""score"": ""2-0"", ""probability"": 0.066388}, {""score"": ""2-2"", ""probability"": 0.063172}, {""score"": ""1-2"", ""probability"": 0.053898}, {""score"": ""3-0"", ""probability"": 0.051874}, {""score"": ""1-0"", ""probability"": 0.050841}, {""score"": ""3-2"", ""probability"": 0.049361}, {""score"": ""4-1"", ""probability"": 0.041938}]",,0.6823,0.3177,Yes,3.5,0.5163,0.4837,True,Over 3.5,-1.0,0.5013,0.4987,True,RB Leipzig -1,False,False,True,False,False,False,,,,,,,,0.5932,0.4068,0.2,weekly_update_20260921T073919Z_e8b4cc71,2026-08-18.phase1,0.1.0-phase1,0.1.0-phase1,2026-09-21T07:39:19+00:00
BUNDESLIGA2627_MW05_045_BorussiaDortmund_SVWerderBremen,2026-27,5,2026-10-09,2026-10-09T00:00:00+00:00,Borussia Dortmund,SV Werder Bremen,SIGNAL IDUNA PARK,scheduled,early_week_mode,,,,2.442,0.792,,,2-0,,home_win,,0.6982,0.178,0.1238,Borussia Dortmund,0.7311,0.1728,0.096,,,,"[{""score"": ""2-0"", ""probability"": 0.117618}, {""score"": ""3-0"", ""probability"": 0.095747}, {""score"": ""2-1"", ""probability"": 0.093124}, {""score"": ""1-0"", ""probability"": 0.090662}, {""score"": ""1-1"", ""probability"": 0.081925}, {""score"": ""3-1"", ""probability"": 0.075807}, {""score"": ""4-0"", ""probability"": 0.058457}, {""score"": ""4-1"", ""probability"": 0.046283}, {""score"": ""0-0"", ""probability"": 0.045103}, {""score"": ""2-2"", ""probability"": 0.036865}]",,0.505,0.495,Yes,3.5,0.4471,0.5529,True,Under 3.5,-1.5,0.5056,0.4944,True,Borussia Dortmund -1.5,False,False,True,False,False,False,,,,,,,,0.6982,0.3018,0.2,weekly_update_20260921T073919Z_e8b4cc71,2026-08-18.phase1,0.1.0-phase1,0.1.0-phase1,2026-09-21T07:39:19+00:00
BUNDESLIGA2627_MW06_046_SVElversberg_FCAugsburg,2026-27,6,2026-10-16,2026-10-16T00:00:00+00:00,SV Elversberg,FC Augsburg,URSAPHARM-Arena,scheduled,early_week_mode,,,,2.509,1.346,,,2-1,,home_win,,0.5598,0.2544,0.1858,SV Elversberg,0.622,0.192,0.1859,,,,"[{""score"": ""2-1"", ""probability"": 0.089818}, {""score"": ""1-1"", ""probability"": 0.076915}, {""score"": ""3-1"", ""probability"": 0.075115}, {""score"": ""2-0"", ""probability"": 0.066744}, {""score"": ""2-2"", ""probability"": 0.060435}, {""score"": ""3-0"", ""probability"": 0.055817}, {""score"": ""3-2"", ""probability"": 0.050542}, {""score"": ""1-2"", ""probability"": 0.048177}, {""score"": ""1-0"", ""probability"": 0.04789}, {""score"": ""4-1"", ""probability"": 0.047114}]",,0.6847,0.3153,Yes,2.5,0.7395,0.2605,False,Over 2.5,-1.0,0.5195,0.4805,False,SV Elversberg -1,False,False,False,False,False,False,,,,,,,,0.5598,0.4402,0.2,weekly_update_20260921T073919Z_e8b4cc71,2026-08-18.phase1,0.1.0-phase1,0.1.0-phase1,2026-09-21T07:39:19+00:00
BUNDESLIGA2627_MW06_047_FCSchalke04_1.FSVMainz05,2026-27,6,2026-10-16,2026-10-16T00:00:00+00:00,FC Schalke 04,1. FSV Mainz 05,VELTINS-Arena,scheduled,early_week_mode,,,,0.865,1.023,,,0-0,,draw,,0.3337,0.2633,0.403,1. FSV Mainz 05,0.2887,0.338,0.3733,,,,"[{""score"": ""0-0"", ""probability"": 0.161431}, {""score"": ""0-1"", ""probability"": 0.144965}, {""score"": ""1-1"", ""probability"": 0.143888}, {""score"": ""1-0"", ""probability"": 0.121043}, {""score"": ""0-2"", ""probability"": 0.079204}, {""score"": ""1-2"", ""probability"": 0.068485}, {""score"": ""2-1"", ""probability"": 0.057909}, {""score"": ""2-0"", ""probability"": 0.05663}, {""score"": ""2-2"", ""probability"": 0.029608}, {""score"": ""0-3"", ""probability"": 0.026997}]",,0.3806,0.6194,No,2.5,0.2928,0.7072,False,Under 2.5,0.25,0.5422,0.4578,False,FC Schalke 04 +0.25,False,False,False,False,False,False,,,,,,,,0.403,0.597,0.2,weekly_update_20260921T073919Z_e8b4cc71,2026-08-18.phase1,0.1.0-phase1,0.1.0-phase1,2026-09-21T07:39:19+00:00
BUNDESLIGA2627_MW06_048_SVWerderBremen_SCPaderborn07,2026-27,6,2026-10-16,2026-10-16T00:00:00+00:00,SV Werder Bremen,SC Paderborn 07,Weserstadion,scheduled,early_week_mode,,,,1.195,0.724,,,1-0,,home_win,,0.5229,0.2524,0.2248,SV Werder Bremen,0.4625,0.3228,0.2147,,,,"[{""score"": ""1-0"", ""probability"": 0.165895}, {""score"": ""0-0"", ""probability"": 0.156168}, {""score"": ""1-1"", ""probability"": 0.136416}, {""score"": ""2-0"", ""probability"": 0.104735}, {""score"": ""0-1"", ""probability"": 0.09686}, {""score"": ""2-1"", ""probability"": 0.075862}, {""score"": ""1-2"", ""probability"": 0.04599}, {""score"": ""3-0"", ""probability"": 0.041712}, {""score"": ""0-2"", ""probability"": 0.038493}, {""score"": ""3-1"", ""probability"": 0.030213}]",,0.3687,0.6313,No,2.5,0.3014,0.6986,False,Under 2.5,-0.5,0.4625,0.5375,False,SC Paderborn 07 +0.5,False,False,False,False,False,False,,,,,,,,0.5229,0.4771,0.2,weekly_update_20260921T073919Z_e8b4cc71,2026-08-18.phase1,0.1.0-phase1,0.1.0-phase1,2026-09-21T07:39:19+00:00
BUNDESLIGA2627_MW06_049_HamburgerSV_VfBStuttgart,2026-27,6,2026-10-16,2026-10-16T00:00:00+00:00,Hamburger SV,VfB Stuttgart,Volksparkstadion,scheduled,early_week_mode,,,,1.145,1.993,,,1-1,,draw,,0.2409,0.2777,0.4814,VfB Stuttgart,0.2072,0.2301,0.5627,,,,"[{""score"": ""1-1"", ""probability"": 0.106324}, {""score"": ""1-2"", ""probability"": 0.098641}, {""score"": ""0-2"", ""probability"": 0.086121}, {""score"": ""0-1"", ""probability"": 0.079067}, {""score"": ""1-3"", ""probability"": 0.065537}, {""score"": ""0-3"", ""probability"": 0.057219}, {""score"": ""2-1"", ""probability"": 0.056683}, {""score"": ""2-2"", ""probability"": 0.05649}, {""score"": ""0-0"", ""probability"": 0.050702}, {""score"": ""1-0"", ""probability"": 0.042309}]",,0.5963,0.4037,Yes,2.5,0.607,0.393,False,Over 2.5,0.75,0.4931,0.5069,False,VfB Stuttgart -0.75,False,False,False,False,False,False,,,,,,,,0.4814,0.5186,0.2,weekly_update_20260921T073919Z_e8b4cc71,2026-08-18.phase1,0.1.0-phase1,0.1.0-phase1,2026-09-21T07:39:19+00:00
BUNDESLIGA2627_MW06_050_BorussiaMönchengladbach_TSGHoffenheim,2026-27,6,2026-10-16,2026-10-16T00:00:00+00:00,Borussia Mönchengladbach,TSG Hoffenheim,ista-Borussia-Park,scheduled,early_week_mode,,,,1.794,1.782,,,1-1,,draw,,0.3724,0.286,0.3416,Borussia Mönchengladbach,0.3858,0.2335,0.3807,,,,"[{""score"": ""1-1"", ""probability"": 0.096154}, {""score"": ""2-1"", ""probability"": 0.08029}, {""score"": ""1-2"", ""probability"": 0.079733}, {""score"": ""2-2"", ""probability"": 0.07152}, {""score"": ""3-1"", ""probability"": 0.048013}, {""score"": ""1-3"", ""probability"": 0.047349}, {""score"": ""2-0"", ""probability"": 0.045067}, {""score"": ""0-2"", ""probability"": 0.044444}, {""score"": ""1-0"", ""probability"": 0.043598}, {""score"": ""0-1"", ""probability"": 0.043249}]",,0.6999,0.3001,Yes,2.5,0.6928,0.3072,False,Over 2.5,0.0,0.5025,0.4975,False,Borussia Mönchengladbach (pick'em),False,False,False,False,False,False,,,,,,,,0.3724,0.6276,0.2,weekly_update_20260921T073919Z_e8b4cc71,2026-08-18.phase1,0.1.0-phase1,0.1.0-phase1,2026-09-21T07:39:19+00:00
BUNDESLIGA2627_MW06_051_1.FCUnionBerlin_BorussiaDortmund,2026-27,6,2026-10-16,2026-10-16T00:00:00+00:00,1. FC Union Berlin,Borussia Dortmund,An der Alten Försterei,scheduled,early_week_mode,,,,0.929,2.11,,,0-2,,away_win,,0.1694,0.2225,0.6082,Borussia Dortmund,0.1488,0.2131,0.6381,,,,"[{""score"": ""0-2"", ""probability"": 0.106582}, {""score"": ""1-1"", ""probability"": 0.100856}, {""score"": ""1-2"", ""probability"": 0.099058}, {""score"": ""0-1"", ""probability"": 0.094047}, {""score"": ""0-3"", ""probability"": 0.074969}, {""score"": ""1-3"", ""probability"": 0.069677}, {""score"": ""0-0"", ""probability"": 0.054841}, {""score"": ""2-2"", ""probability"": 0.046033}, {""score"": ""2-1"", ""probability"": 0.043629}, {""score"": ""0-4"", ""probability"": 0.03955}]",,0.5388,0.4612,Yes,2.5,0.5855,0.4145,False,Over 2.5,1.0,0.4776,0.5224,False,Borussia Dortmund -1,False,False,False,False,False,False,,,,,,,,0.6082,0.3918,0.2,weekly_update_20260921T073919Z_e8b4cc71,2026-08-18.phase1,0.1.0-phase1,0.1.0-phase1,2026-09-21T07:39:19+00:00
BUNDESLIGA2627_MW06_052_EintrachtFrankfurt_1.FCKöln,2026-27,6,2026-10-16,2026-10-16T00:00:00+00:00,Eintracht Frankfurt,1. FC Köln,Deutsche Bank Park,scheduled,early_week_mode,,,,2.364,1.352,,,2-1,,home_win,,0.5568,0.2369,0.2063,Eintracht Frankfurt,0.5934,0.203,0.2036,,,,"[{""score"": ""2-1"", ""probability"": 0.091985}, {""score"": ""1-1"", ""probability"": 0.083594}, {""score"": ""3-1"", ""probability"": 0.072488}, {""score"": ""2-0"", ""probability"": 0.068026}, {""score"": ""2-2"", ""probability"": 0.062191}, {""score"": ""3-0"", ""probability"": 0.053608}, {""score"": ""1-2"", ""probability"": 0.052612}, {""score"": ""1-0"", ""probability"": 0.051772}, {""score"": ""3-2"", ""probability"": 0.049009}, {""score"": ""4-1"", ""probability"": 0.042843}]",,0.6773,0.3227,Yes,2.5,0.7171,0.2829,False,Over 2.5,-1.0,0.4893,0.5107,False,1. FC Köln +1,False,False,False,False,False,False,,,,,,,,0.5568,0.4432,0.2,weekly_update_20260921T073919Z_e8b4cc71,2026-08-18.phase1,0.1.0-phase1,0.1.0-phase1,2026-09-21T07:39:19+00:00
BUNDESLIGA2627_MW06_053_Bayer04Leverkusen_Sport-ClubFreiburg,2026-27,6,2026-10-16,2026-10-16T00:00:00+00:00,Bayer 04 Leverkusen,Sport-Club Freiburg,BayArena,scheduled,early_week_mode,,,,2.22,1.15,,,2-1,,home_win,,0.5703,0.2394,0.1903,Bayer 04 Leverkusen,0.6091,0.2101,0.1808,,,,"[{""score"": ""2-1"", ""probability"": 0.097507}, {""score"": ""1-1"", ""probability"": 0.09437}, {""score"": ""2-0"", ""probability"": 0.084803}, {""score"": ""3-1"", ""probability"": 0.072152}, {""score"": ""1-0"", ""probability"": 0.069881}, {""score"": ""3-0"", ""probability"": 0.062751}, {""score"": ""2-2"", ""probability"": 0.056057}, {""score"": ""1-2"", ""probability"": 0.050504}, {""score"": ""3-2"", ""probability"": 0.04148}, {""score"": ""0-0"", ""probability"": 0.040939}]",,0.6156,0.3844,Yes,2.5,0.6542,0.3458,False,Over 2.5,-1.0,0.4997,0.5003,False,Sport-Club Freiburg +1,False,False,False,False,False,False,,,,,,,,0.5703,0.4297,0.2,weekly_update_20260921T073919Z_e8b4cc71,2026-08-18.phase1,0.1.0-phase1,0.1.0-phase1,2026-09-21T07:39:19+00:00
BUNDESLIGA2627_MW06_054_FCBayernMünchen_RBLeipzig,2026-27,6,2026-10-16,2026-10-16T00:00:00+00:00,FC Bayern München,RB Leipzig,Allianz Arena,scheduled,early_week_mode,,,,3.088,1.128,,,3-1,,home_win,,0.6593,0.2255,0.1151,FC Bayern München,0.7576,0.1408,0.1015,,,,"[{""score"": ""3-1"", ""probability"": 0.082075}, {""score"": ""2-1"", ""probability"": 0.079733}, {""score"": ""3-0"", ""probability"": 0.072788}, {""score"": ""2-0"", ""probability"": 0.07071}, {""score"": ""4-1"", ""probability"": 0.063365}, {""score"": ""4-0"", ""probability"": 0.056195}, {""score"": ""1-1"", ""probability"": 0.055471}, {""score"": ""3-2"", ""probability"": 0.046274}, {""score"": ""2-2"", ""probability"": 0.044953}, {""score"": ""1-0"", ""probability"": 0.041961}]",,0.6491,0.3509,Yes,2.5,0.7909,0.2091,False,Over 2.5,-1.75,0.5241,0.4759,False,FC Bayern München -1.75,False,False,False,False,False,False,,,,,,,,0.6593,0.3407,0.2,weekly_update_20260921T073919Z_e8b4cc71,2026-08-18.phase1,0.1.0-phase1,0.1.0-phase1,2026-09-21T07:39:19+00:00
BUNDESLIGA2627_MW07_055_SCPaderborn07_HamburgerSV,2026-27,7,2026-10-23,2026-10-23T00:00:00+00:00,SC Paderborn 07,Hamburger SV,Home Deluxe Arena,scheduled,early_week_mode,,,,0.974,0.81,,,0-0,,draw,,0.3765,0.2842,0.3393,SC Paderborn 07,0.3705,0.3487,0.2808,,,,"[{""score"": ""0-0"", ""probability"": 0.177798}, {""score"": ""1-0"", ""probability"": 0.153751}, {""score"": ""1-1"", ""probability"": 0.142354}, {""score"": ""0-1"", ""probability"": 0.126221}, {""score"": ""2-0"", ""probability"": 0.079665}, {""score"": ""2-1"", ""probability"": 0.064533}, {""score"": ""0-2"", ""probability"": 0.055108}, {""score"": ""1-2"", ""probability"": 0.053673}, {""score"": ""2-2"", ""probability"": 0.026138}, {""score"": ""3-0"", ""probability"": 0.025864}]",,0.3554,0.6446,No,2.5,0.2651,0.7349,False,Under 2.5,-0.25,0.4577,0.5423,False,Hamburger SV +0.25,False,False,False,False,False,False,,,,,,,,0.3765,0.6235,0.2,weekly_update_20260921T073919Z_e8b4cc71,2026-08-18.phase1,0.1.0-phase1,0.1.0-phase1,2026-09-21T07:39:19+00:00
BUNDESLIGA2627_MW07_056_1.FCKöln_FCSchalke04,2026-27,7,2026-10-23,2026-10-23T00:00:00+00:00,1. FC Köln,FC Schalke 04,RheinEnergieSTADION,scheduled,early_week_mode,,,,1.156,0.878,,,1-1,,draw,,0.4035,0.2706,0.326,1. FC Köln,0.4114,0.321,0.2675,,,,"[{""score"": ""1-1"", ""probability"": 0.142632}, {""score"": ""1-0"", ""probability"": 0.141342}, {""score"": ""0-0"", ""probability"": 0.140668}, {""score"": ""0-1"", ""probability"": 0.105015}, {""score"": ""2-0"", ""probability"": 0.087382}, {""score"": ""2-1"", ""probability"": 0.076735}, {""score"": ""1-2"", ""probability"": 0.058298}, {""score"": ""0-2"", ""probability"": 0.050437}, {""score"": ""2-2"", ""probability"": 0.033692}, {""score"": ""3-0"", ""probability"": 0.033667}]",,0.4103,0.5897,No,2.5,0.3325,0.6675,False,Under 2.5,-0.25,0.4917,0.5083,False,FC Schalke 04 +0.25,False,False,False,False,False,False,,,,,,,,0.4035,0.5965,0.2,weekly_update_20260921T073919Z_e8b4cc71,2026-08-18.phase1,0.1.0-phase1,0.1.0-phase1,2026-09-21T07:39:19+00:00
BUNDESLIGA2627_MW07_057_1.FSVMainz05_SVWerderBremen,2026-27,7,2026-10-23,2026-10-23T00:00:00+00:00,1. FSV Mainz 05,SV Werder Bremen,MEWA ARENA,scheduled,early_week_mode,,,,1.778,1.078,,,1-1,,draw,,0.5096,0.2508,0.2396,1. FSV Mainz 05,0.5296,0.2496,0.2208,,,,"[{""score"": ""1-1"", ""probability"": 0.118398}, {""score"": ""2-1"", ""probability"": 0.097987}, {""score"": ""1-0"", ""probability"": 0.094096}, {""score"": ""2-0"", ""probability"": 0.09093}, {""score"": ""0-0"", ""probability"": 0.065703}, {""score"": ""1-2"", ""probability"": 0.059385}, {""score"": ""3-1"", ""probability"": 0.058077}, {""score"": ""3-0"", ""probability"": 0.053894}, {""score"": ""0-1"", ""probability"": 0.053803}, {""score"": ""2-2"", ""probability"": 0.052796}]",,0.5563,0.4437,Yes,2.5,0.5437,0.4563,False,Over 2.5,-0.75,0.4724,0.5276,False,SV Werder Bremen +0.75,False,False,False,False,False,False,,,,,,,,0.5096,0.4904,0.2,weekly_update_20260921T073919Z_e8b4cc71,2026-08-18.phase1,0.1.0-phase1,0.1.0-phase1,2026-09-21T07:39:19+00:00
BUNDESLIGA2627_MW07_058_FCAugsburg_1.FCUnionBerlin,2026-27,7,2026-10-23,2026-10-23T00:00:00+00:00,FC Augsburg,1. FC Union Berlin,WWK ARENA,scheduled,early_week_mode,,,,1.833,1.123,,,1-1,,draw,,0.4868,0.2817,0.2315,FC Augsburg,0.5316,0.2446,0.2238,,,,"[{""score"": ""1-1"", ""probability"": 0.11508}, {""score"": ""2-1"", ""probability"": 0.098158}, {""score"": ""1-0"", ""probability"": 0.087418}, {""score"": ""2-0"", ""probability"": 0.087385}, {""score"": ""1-2"", ""probability"": 0.060167}, {""score"": ""0-0"", ""probability"": 0.059996}, {""score"": ""3-1"", ""probability"": 0.059959}, {""score"": ""2-2"", ""probability"": 0.055129}, {""score"": ""3-0"", ""probability"": 0.053379}, {""score"": ""0-1"", ""probability"": 0.050506}]",,0.5748,0.4252,Yes,2.5,0.5668,0.4332,False,Over 2.5,-0.75,0.4752,0.5248,False,1. FC Union Berlin +0.75,False,False,False,False,False,False,,,,,,,,0.4868,0.5132,0.2,weekly_update_20260921T073919Z_e8b4cc71,2026-08-18.phase1,0.1.0-phase1,0.1.0-phase1,2026-09-21T07:39:19+00:00
BUNDESLIGA2627_MW07_059_Sport-ClubFreiburg_FCBayernMünchen,2026-27,7,2026-10-23,2026-10-23T00:00:00+00:00,Sport-Club Freiburg,FC Bayern München,Europa-Park Stadion,scheduled,early_week_mode,,,,1.228,2.758,,,1-2,,away_win,,0.1616,0.2172,0.6212,FC Bayern München,0.1413,0.1694,0.6894,,,,"[{""score"": ""1-2"", ""probability"": 0.086932}, {""score"": ""1-3"", ""probability"": 0.079929}, {""score"": ""0-2"", ""probability"": 0.070792}, {""score"": ""1-1"", ""probability"": 0.067711}, {""score"": ""0-3"", ""probability"": 0.065089}, {""score"": ""1-4"", ""probability"": 0.055118}, {""score"": ""2-2"", ""probability"": 0.053376}, {""score"": ""2-3"", ""probability"": 0.049076}, {""score"": ""0-1"", ""probability"": 0.04665}, {""score"": ""0-4"", ""probability"": 0.044885}]",,0.6669,0.3331,Yes,2.5,0.7594,0.2406,False,Over 2.5,1.5,0.5098,0.4902,False,Sport-Club Freiburg +1.5,False,False,False,False,False,False,,,,,,,,0.6212,0.3788,0.2,weekly_update_20260921T073919Z_e8b4cc71,2026-08-18.phase1,0.1.0-phase1,0.1.0-phase1,2026-09-21T07:39:19+00:00
BUNDESLIGA2627_MW07_060_TSGHoffenheim_Bayer04Leverkusen,2026-27,7,2026-10-23,2026-10-23T00:00:00+00:00,TSG Hoffenheim,Bayer 04 Leverkusen,SNP Arena,scheduled,early_week_mode,,,,1.555,2.071,,,1-1,,draw,,0.2972,0.2427,0.46,Bayer 04 Leverkusen,0.2847,0.2246,0.4908,,,,"[{""score"": ""1-1"", ""probability"": 0.092162}, {""score"": ""1-2"", ""probability"": 0.088818}, {""score"": ""2-2"", ""probability"": 0.069045}, {""score"": ""2-1"", ""probability"": 0.066694}, {""score"": ""1-3"", ""probability"": 0.0613}, {""score"": ""0-2"", ""probability"": 0.057126}, {""score"": ""0-1"", ""probability"": 0.048812}, {""score"": ""2-3"", ""probability"": 0.047653}, {""score"": ""0-3"", ""probability"": 0.039427}, {""score"": ""3-2"", ""probability"": 0.035783}]",,0.6956,0.3044,Yes,2.5,0.7016,0.2984,False,Over 2.5,0.5,0.5092,0.4908,False,TSG Hoffenheim +0.5,False,False,False,False,False,False,,,,,,,,0.46,0.54,0.2,weekly_update_20260921T073919Z_e8b4cc71,2026-08-18.phase1,0.1.0-phase1,0.1.0-phase1,2026-09-21T07:39:19+00:00
BUNDESLIGA2627_MW07_061_VfBStuttgart_BorussiaMönchengladbach,2026-27,7,2026-10-23,2026-10-23T00:00:00+00:00,VfB Stuttgart,Borussia Mönchengladbach,MHPArena,scheduled,early_week_mode,,,,2.509,1.169,,,2-1,,home_win,,0.5505,0.2524,0.1971,VfB Stuttgart,0.6596,0.1863,0.1541,,,,"[{""score"": ""2-1"", ""probability"": 0.093109}, {""score"": ""1-1"", ""probability"": 0.079731}, {""score"": ""2-0"", ""probability"": 0.079676}, {""score"": ""3-1"", ""probability"": 0.077868}, {""score"": ""3-0"", ""probability"": 0.066634}, {""score"": ""1-0"", ""probability"": 0.058004}, {""score"": ""2-2"", ""probability"": 0.054403}, {""score"": ""4-1"", ""probability"": 0.048842}, {""score"": ""3-2"", ""probability"": 0.045498}, {""score"": ""1-2"", ""probability"": 0.043367}]",,0.6386,0.3614,Yes,2.5,0.7104,0.2896,False,Over 2.5,-1.25,0.5024,0.4976,False,VfB Stuttgart -1.25,False,False,False,False,False,False,,,,,,,,0.5505,0.4495,0.2,weekly_update_20260921T073919Z_e8b4cc71,2026-08-18.phase1,0.1.0-phase1,0.1.0-phase1,2026-09-21T07:39:19+00:00
BUNDESLIGA2627_MW07_062_RBLeipzig_SVElversberg,2026-27,7,2026-10-23,2026-10-23T00:00:00+00:00,RB Leipzig,SV Elversberg,Red Bull Arena,scheduled,early_week_mode,,,,2.211,1.674,,,2-1,,home_win,,0.4817,0.2472,0.2711,RB Leipzig,0.4962,0.2151,0.2887,,,,"[{""score"": ""2-1"", ""probability"": 0.08411}, {""score"": ""1-1"", ""probability"": 0.081738}, {""score"": ""2-2"", ""probability"": 0.070416}, {""score"": ""1-2"", ""probability"": 0.063702}, {""score"": ""3-1"", ""probability"": 0.061984}, {""score"": ""3-2"", ""probability"": 0.051893}, {""score"": ""2-0"", ""probability"": 0.050233}, {""score"": ""1-0"", ""probability"": 0.039794}, {""score"": ""2-3"", ""probability"": 0.039302}, {""score"": ""3-0"", ""probability"": 0.037019}]",,0.7291,0.2709,Yes,2.5,0.7444,0.2556,False,Over 2.5,-0.5,0.4962,0.5038,False,SV Elversberg +0.5,False,False,False,False,False,False,,,,,,,,0.4817,0.5183,0.2,weekly_update_20260921T073919Z_e8b4cc71,2026-08-18.phase1,0.1.0-phase1,0.1.0-phase1,2026-09-21T07:39:19+00:00
BUNDESLIGA2627_MW07_063_BorussiaDortmund_EintrachtFrankfurt,2026-27,7,2026-10-23,2026-10-23T00:00:00+00:00,Borussia Dortmund,Eintracht Frankfurt,SIGNAL IDUNA PARK,scheduled,early_week_mode,,,,2.583,1.088,,,2-1,,home_win,,0.6499,0.2151,0.135,Borussia Dortmund,0.6897,0.1768,0.1334,,,,"[{""score"": ""2-1"", ""probability"": 0.092499}, {""score"": ""2-0"", ""probability"": 0.085037}, {""score"": ""3-1"", ""probability"": 0.079656}, {""score"": ""1-1"", ""probability"": 0.076924}, {""score"": ""3-0"", ""probability"": 0.073231}, {""score"": ""1-0"", ""probability"": 0.060516}, {""score"": ""4-1"", ""probability"": 0.051447}, {""score"": ""2-2"", ""probability"": 0.050307}, {""score"": ""4-0"", ""probability"": 0.047298}, {""score"": ""3-2"", ""probability"": 0.043322}]",,0.6182,0.3818,Yes,2.5,0.7092,0.2908,False,Over 2.5,-1.5,0.4817,0.5183,False,Eintracht Frankfurt +1.5,False,False,False,False,False,False,,,,,,,,0.6499,0.3501,0.2,weekly_update_20260921T073919Z_e8b4cc71,2026-08-18.phase1,0.1.0-phase1,0.1.0-phase1,2026-09-21T07:39:19+00:00
BUNDESLIGA2627_MW08_064_SVElversberg_1.FSVMainz05,2026-27,8,2026-10-30,2026-10-30T00:00:00+00:00,SV Elversberg,1. FSV Mainz 05,URSAPHARM-Arena,scheduled,early_week_mode,,,,2.253,1.415,,,2-1,,home_win,,0.5169,0.2654,0.2177,SV Elversberg,0.5581,0.2121,0.2298,,,,"[{""score"": ""2-1"", ""probability"": 0.091733}, {""score"": ""1-1"", ""probability"": 0.087469}, {""score"": ""3-1"", ""probability"": 0.068898}, {""score"": ""2-2"", ""probability"": 0.06489}, {""score"": ""2-0"", ""probability"": 0.06484}, {""score"": ""1-2"", ""probability"": 0.057598}, {""score"": ""1-0"", ""probability"": 0.051509}, {""score"": ""3-2"", ""probability"": 0.048737}, {""score"": ""3-0"", ""probability"": 0.0487}, {""score"": ""4-1"", ""probability"": 0.03881}]",,0.6835,0.3165,Yes,2.5,0.7089,0.2911,False,Over 2.5,-0.75,0.5063,0.4937,False,SV Elversberg -0.75,False,False,False,False,False,False,,,,,,,,0.5169,0.4831,0.2,weekly_update_20260921T073919Z_e8b4cc71,2026-08-18.phase1,0.1.0-phase1,0.1.0-phase1,2026-09-21T07:39:19+00:00
BUNDESLIGA2627_MW08_065_FCSchalke04_RBLeipzig,2026-27,8,2026-10-30,2026-10-30T00:00:00+00:00,FC Schalke 04,RB Leipzig,VELTINS-Arena,scheduled,early_week_mode,,,,0.806,1.274,,,0-1,,away_win,,0.2469,0.2447,0.5085,RB Leipzig,0.2259,0.3092,0.4649,,,,"[{""score"": ""0-1"", ""probability"": 0.149673}, {""score"": ""1-1"", ""probability"": 0.137788}, {""score"": ""0-0"", ""probability"": 0.134443}, {""score"": ""0-2"", ""probability"": 0.101436}, {""score"": ""1-0"", ""probability"": 0.09113}, {""score"": ""1-2"", ""probability"": 0.081729}, {""score"": ""2-1"", ""probability"": 0.051673}, {""score"": ""0-3"", ""probability"": 0.043088}, {""score"": ""2-0"", ""probability"": 0.040548}, {""score"": ""1-3"", ""probability"": 0.034717}]",,0.4081,0.5919,No,2.5,0.345,0.655,False,Under 2.5,0.5,0.5351,0.4649,False,FC Schalke 04 +0.5,False,False,False,False,False,False,,,,,,,,0.5085,0.4915,0.2,weekly_update_20260921T073919Z_e8b4cc71,2026-08-18.phase1,0.1.0-phase1,0.1.0-phase1,2026-09-21T07:39:19+00:00
BUNDESLIGA2627_MW08_066_SVWerderBremen_TSGHoffenheim,2026-27,8,2026-10-30,2026-10-30T00:00:00+00:00,SV Werder Bremen,TSG Hoffenheim,Weserstadion,scheduled,early_week_mode,,,,1.649,1.655,,,1-1,,draw,,0.348,0.3124,0.3397,SV Werder Bremen,0.3763,0.245,0.3787,,,,"[{""score"": ""1-1"", ""probability"": 0.107694}, {""score"": ""1-2"", ""probability"": 0.082959}, {""score"": ""2-1"", ""probability"": 0.082677}, {""score"": ""2-2"", ""probability"": 0.068416}, {""score"": ""0-1"", ""probability"": 0.053339}, {""score"": ""1-0"", ""probability"": 0.053133}, {""score"": ""0-2"", ""probability"": 0.050297}, {""score"": ""2-0"", ""probability"": 0.049956}, {""score"": ""1-3"", ""probability"": 0.045766}, {""score"": ""3-1"", ""probability"": 0.045455}]",,0.6609,0.3391,Yes,2.5,0.6414,0.3586,False,Over 2.5,0.0,0.4988,0.5012,False,TSG Hoffenheim (pick'em),False,False,False,False,False,False,,,,,,,,0.348,0.652,0.2,weekly_update_20260921T073919Z_e8b4cc71,2026-08-18.phase1,0.1.0-phase1,0.1.0-phase1,2026-09-21T07:39:19+00:00
BUNDESLIGA2627_MW08_067_BorussiaMönchengladbach_SCPaderborn07,2026-27,8,2026-10-30,2026-10-30T00:00:00+00:00,Borussia Mönchengladbach,SC Paderborn 07,ista-Borussia-Park,scheduled,early_week_mode,,,,1.3,0.78,,,1-0,,home_win,,0.5481,0.2318,0.2201,Borussia Mönchengladbach,0.479,0.3065,0.2145,,,,"[{""score"": ""1-0"", ""probability"": 0.153072}, {""score"": ""1-1"", ""probability"": 0.136088}, {""score"": ""0-0"", ""probability"": 0.134432}, {""score"": ""2-0"", ""probability"": 0.105572}, {""score"": ""0-1"", ""probability"": 0.08808}, {""score"": ""2-1"", ""probability"": 0.082315}, {""score"": ""1-2"", ""probability"": 0.049388}, {""score"": ""3-0"", ""probability"": 0.045731}, {""score"": ""0-2"", ""probability"": 0.038004}, {""score"": ""3-1"", ""probability"": 0.035657}]",,0.4032,0.5968,No,2.5,0.3448,0.6552,False,Under 2.5,-0.5,0.479,0.521,False,SC Paderborn 07 +0.5,False,False,False,False,False,False,,,,,,,,0.5481,0.4519,0.2,weekly_update_20260921T073919Z_e8b4cc71,2026-08-18.phase1,0.1.0-phase1,0.1.0-phase1,2026-09-21T07:39:19+00:00
BUNDESLIGA2627_MW08_068_1.FCUnionBerlin_1.FCKöln,2026-27,8,2026-10-30,2026-10-30T00:00:00+00:00,1. FC Union Berlin,1. FC Köln,An der Alten Försterei,scheduled,early_week_mode,,,,1.611,1.385,,,1-1,,draw,,0.4378,0.256,0.3062,1. FC Union Berlin,0.4206,0.2581,0.3213,,,,"[{""score"": ""1-1"", ""probability"": 0.119824}, {""score"": ""2-1"", ""probability"": 0.089845}, {""score"": ""1-2"", ""probability"": 0.077241}, {""score"": ""1-0"", ""probability"": 0.07226}, {""score"": ""2-0"", ""probability"": 0.064873}, {""score"": ""2-2"", ""probability"": 0.062215}, {""score"": ""0-1"", ""probability"": 0.060961}, {""score"": ""0-0"", ""probability"": 0.058277}, {""score"": ""3-1"", ""probability"": 0.048245}, {""score"": ""0-2"", ""probability"": 0.047948}]",,0.6082,0.3918,Yes,2.5,0.5759,0.4241,False,Over 2.5,-0.25,0.4851,0.5149,False,1. FC Köln +0.25,False,False,False,False,False,False,,,,,,,,0.4378,0.5622,0.2,weekly_update_20260921T073919Z_e8b4cc71,2026-08-18.phase1,0.1.0-phase1,0.1.0-phase1,2026-09-21T07:39:19+00:00
BUNDESLIGA2627_MW08_069_FCAugsburg_Sport-ClubFreiburg,2026-27,8,2026-10-30,2026-10-30T00:00:00+00:00,FC Augsburg,Sport-Club Freiburg,WWK ARENA,scheduled,early_week_mode,,,,1.543,1.494,,,1-1,,draw,,0.3695,0.2792,0.3512,FC Augsburg,0.3819,0.2577,0.3604,,,,"[{""score"": ""1-1"", ""probability"": 0.118847}, {""score"": ""2-1"", ""probability"": 0.085341}, {""score"": ""1-2"", ""probability"": 0.08262}, {""score"": ""1-0"", ""probability"": 0.06586}, {""score"": ""2-2"", ""probability"": 0.063731}, {""score"": ""0-1"", ""probability"": 0.063499}, {""score"": ""2-0"", ""probability"": 0.057138}, {""score"": ""0-0"", ""probability"": 0.056227}, {""score"": ""0-2"", ""probability"": 0.053554}, {""score"": ""3-1"", ""probability"": 0.043887}]",,0.6179,0.3821,Yes,2.5,0.5849,0.4151,False,Over 2.5,0.0,0.5108,0.4892,False,FC Augsburg (pick'em),False,False,False,False,False,False,,,,,,,,0.3695,0.6305,0.2,weekly_update_20260921T073919Z_e8b4cc71,2026-08-18.phase1,0.1.0-phase1,0.1.0-phase1,2026-09-21T07:39:19+00:00
BUNDESLIGA2627_MW08_070_EintrachtFrankfurt_HamburgerSV,2026-27,8,2026-10-30,2026-10-30T00:00:00+00:00,Eintracht Frankfurt,Hamburger SV,Deutsche Bank Park,scheduled,early_week_mode,,,,2.278,1.109,,,2-1,,home_win,,0.584,0.2308,0.1851,Eintracht Frankfurt,0.6297,0.2038,0.1665,,,,"[{""score"": ""2-1"", ""probability"": 0.097349}, {""score"": ""1-1"", ""probability"": 0.091824}, {""score"": ""2-0"", ""probability"": 0.087789}, {""score"": ""3-1"", ""probability"": 0.073912}, {""score"": ""1-0"", ""probability"": 0.070738}, {""score"": ""3-0"", ""probability"": 0.066654}, {""score"": ""2-2"", ""probability"": 0.053975}, {""score"": ""1-2"", ""probability"": 0.047394}, {""score"": ""4-1"", ""probability"": 0.042088}, {""score"": ""3-2"", ""probability"": 0.040981}]",,0.6077,0.3923,Yes,2.5,0.6575,0.3425,False,Over 2.5,-1.0,0.5203,0.4797,False,Eintracht Frankfurt -1,False,False,False,False,False,False,,,,,,,,0.584,0.416,0.2,weekly_update_20260921T073919Z_e8b4cc71,2026-08-18.phase1,0.1.0-phase1,0.1.0-phase1,2026-09-21T07:39:19+00:00
BUNDESLIGA2627_MW08_071_Bayer04Leverkusen_VfBStuttgart,2026-27,8,2026-10-30,2026-10-30T00:00:00+00:00,Bayer 04 Leverkusen,VfB Stuttgart,BayArena,scheduled,early_week_mode,,,,2.121,1.393,,,1-1,,draw,,0.5352,0.2546,0.2102,Bayer 04 Leverkusen,0.5354,0.2217,0.2429,,,,"[{""score"": ""1-1"", ""probability"": 0.094575}, {""score"": ""2-1"", ""probability"": 0.093352}, {""score"": ""2-0"", ""probability"": 0.067037}, {""score"": ""3-1"", ""probability"": 0.065989}, {""score"": ""2-2"", ""probability"": 0.064997}, {""score"": ""1-2"", ""probability"": 0.061299}, {""score"": ""1-0"", ""probability"": 0.056687}, {""score"": ""3-0"", ""probability"": 0.047388}, {""score"": ""3-2"", ""probability"": 0.045946}, {""score"": ""0-0"", ""probability"": 0.036348}]",,0.6679,0.3321,Yes,2.5,0.6815,0.3185,False,Over 2.5,-0.75,0.4831,0.5169,False,VfB Stuttgart +0.75,False,False,False,False,False,False,,,,,,,,0.5352,0.4648,0.2,weekly_update_20260921T073919Z_e8b4cc71,2026-08-18.phase1,0.1.0-phase1,0.1.0-phase1,2026-09-21T07:39:19+00:00
BUNDESLIGA2627_MW08_072_FCBayernMünchen_BorussiaDortmund,2026-27,8,2026-10-30,2026-10-30T00:00:00+00:00,FC Bayern München,Borussia Dortmund,Allianz Arena,scheduled,early_week_mode,,,,2.435,1.243,,,2-1,,home_win,,0.6012,0.2305,0.1683,FC Bayern München,0.6302,0.1948,0.175,,,,"[{""score"": ""2-1"", ""probability"": 0.093228}, {""score"": ""1-1"", ""probability"": 0.08226}, {""score"": ""3-1"", ""probability"": 0.075669}, {""score"": ""2-0"", ""probability"": 0.075019}, {""score"": ""3-0"", ""probability"": 0.060889}, {""score"": ""2-2"", ""probability"": 0.057929}, {""score"": ""1-0"", ""probability"": 0.055934}, {""score"": ""1-2"", ""probability"": 0.047581}, {""score"": ""3-2"", ""probability"": 0.047018}, {""score"": ""4-1"", ""probability"": 0.046062}]",,0.6547,0.3453,Yes,2.5,0.7105,0.2895,False,Over 2.5,-1.0,0.5252,0.4748,False,FC Bayern München -1,False,False,False,False,False,False,,,,,,,,0.6012,0.3988,0.2,weekly_update_20260921T073919Z_e8b4cc71,2026-08-18.phase1,0.1.0-phase1,0.1.0-phase1,2026-09-21T07:39:19+00:00
BUNDESLIGA2627_MW09_073_SCPaderborn07_EintrachtFrankfurt,2026-27,9,2026-11-06,2026-11-06T00:00:00+00:00,SC Paderborn 07,Eintracht Frankfurt,Home Deluxe Arena,scheduled,early_week_mode,,,,0.961,1.309,,,1-1,,draw,,0.2677,0.2543,0.4779,Eintracht Frankfurt,0.2642,0.2996,0.4362,,,,"[{""score"": ""1-1"", ""probability"": 0.139609}, {""score"": ""0-1"", ""probability"": 0.125614}, {""score"": ""0-0"", ""probability"": 0.112978}, {""score"": ""1-0"", ""probability"": 0.089633}, {""score"": ""0-2"", ""probability"": 0.08853}, {""score"": ""1-2"", ""probability"": 0.085061}, {""score"": ""2-1"", ""probability"": 0.062434}, {""score"": ""2-0"", ""probability"": 0.047695}, {""score"": ""2-2"", ""probability"": 0.040864}, {""score"": ""0-3"", ""probability"": 0.038629}]",,0.4603,0.5397,No,2.5,0.3959,0.6041,False,Under 2.5,0.25,0.4889,0.5111,False,Eintracht Frankfurt -0.25,False,False,False,False,False,False,,,,,,,,0.4779,0.5221,0.2,weekly_update_20260921T073919Z_e8b4cc71,2026-08-18.phase1,0.1.0-phase1,0.1.0-phase1,2026-09-21T07:39:19+00:00
BUNDESLIGA2627_MW09_074_1.FCKöln_Bayer04Leverkusen,2026-27,9,2026-11-06,2026-11-06T00:00:00+00:00,1. FC Köln,Bayer 04 Leverkusen,RheinEnergieSTADION,scheduled,early_week_mode,,,,1.201,2.16,,,1-2,,away_win,,0.2077,0.2522,0.5401,Bayer 04 Leverkusen,0.198,0.2164,0.5856,,,,"[{""score"": ""1-2"", ""probability"": 0.097263}, {""score"": ""1-1"", ""probability"": 0.096736}, {""score"": ""0-2"", ""probability"": 0.080998}, {""score"": ""1-3"", ""probability"": 0.070035}, {""score"": ""0-1"", ""probability"": 0.068307}, {""score"": ""2-2"", ""probability"": 0.058397}, {""score"": ""0-3"", ""probability"": 0.058323}, {""score"": ""2-1"", ""probability"": 0.054067}, {""score"": ""2-3"", ""probability"": 0.042049}, {""score"": ""0-0"", ""probability"": 0.041401}]",,0.6251,0.3749,Yes,2.5,0.6525,0.3475,False,Over 2.5,1.0,0.5234,0.4766,False,1. FC Köln +1,False,False,False,False,False,False,,,,,,,,0.5401,0.4599,0.2,weekly_update_20260921T073919Z_e8b4cc71,2026-08-18.phase1,0.1.0-phase1,0.1.0-phase1,2026-09-21T07:39:19+00:00
BUNDESLIGA2627_MW09_075_HamburgerSV_BorussiaMönchengladbach,2026-27,9,2026-11-06,2026-11-06T00:00:00+00:00,Hamburger SV,Borussia Mönchengladbach,Volksparkstadion,scheduled,early_week_mode,,,,1.415,1.438,,,1-1,,draw,,0.347,0.2904,0.3626,Borussia Mönchengladbach,0.361,0.2675,0.3715,,,,"[{""score"": ""1-1"", ""probability"": 0.126062}, {""score"": ""1-2"", ""probability"": 0.084381}, {""score"": ""2-1"", ""probability"": 0.083022}, {""score"": ""0-1"", ""probability"": 0.074225}, {""score"": ""1-0"", ""probability"": 0.072889}, {""score"": ""0-0"", ""probability"": 0.066383}, {""score"": ""2-2"", ""probability"": 0.059697}, {""score"": ""0-2"", ""probability"": 0.059636}, {""score"": ""2-0"", ""probability"": 0.05773}, {""score"": ""1-3"", ""probability"": 0.04045}]",,0.5861,0.4139,Yes,2.5,0.5431,0.4569,False,Over 2.5,0.0,0.4948,0.5052,False,Borussia Mönchengladbach (pick'em),False,False,False,False,False,False,,,,,,,,0.3626,0.6374,0.2,weekly_update_20260921T073919Z_e8b4cc71,2026-08-18.phase1,0.1.0-phase1,0.1.0-phase1,2026-09-21T07:39:19+00:00
BUNDESLIGA2627_MW09_076_1.FSVMainz05_FCBayernMünchen,2026-27,9,2026-11-06,2026-11-06T00:00:00+00:00,1. FSV Mainz 05,FC Bayern München,MEWA ARENA,scheduled,early_week_mode,,,,1.135,2.643,,,1-2,,away_win,,0.1509,0.217,0.632,FC Bayern München,0.1361,0.1742,0.6898,,,,"[{""score"": ""1-2"", ""probability"": 0.090812}, {""score"": ""0-2"", ""probability"": 0.08004}, {""score"": ""1-3"", ""probability"": 0.080004}, {""score"": ""1-1"", ""probability"": 0.073822}, {""score"": ""0-3"", ""probability"": 0.070514}, {""score"": ""0-1"", ""probability"": 0.055468}, {""score"": ""1-4"", ""probability"": 0.052862}, {""score"": ""2-2"", ""probability"": 0.051517}, {""score"": ""0-4"", ""probability"": 0.046591}, {""score"": ""2-3"", ""probability"": 0.045386}]",,0.6352,0.3648,Yes,2.5,0.727,0.273,False,Over 2.5,1.5,0.5151,0.4849,False,1. FSV Mainz 05 +1.5,False,False,False,False,False,False,,,,,,,,0.632,0.368,0.2,weekly_update_20260921T073919Z_e8b4cc71,2026-08-18.phase1,0.1.0-phase1,0.1.0-phase1,2026-09-21T07:39:19+00:00
BUNDESLIGA2627_MW09_077_Sport-ClubFreiburg_1.FCUnionBerlin,2026-27,9,2026-11-06,2026-11-06T00:00:00+00:00,Sport-Club Freiburg,1. FC Union Berlin,Europa-Park Stadion,scheduled,early_week_mode,,,,2.085,1.053,,,1-1,,draw,,0.5446,0.2662,0.1893,Sport-Club Freiburg,0.6038,0.2197,0.1765,,,,"[{""score"": ""1-1"", ""probability"": 0.102312}, {""score"": ""2-1"", ""probability"": 0.099297}, {""score"": ""2-0"", ""probability"": 0.094312}, {""score"": ""1-0"", ""probability"": 0.08339}, {""score"": ""3-1"", ""probability"": 0.069017}, {""score"": ""3-0"", ""probability"": 0.065552}, {""score"": ""2-2"", ""probability"": 0.052272}, {""score"": ""0-0"", ""probability"": 0.050453}, {""score"": ""1-2"", ""probability"": 0.050137}, {""score"": ""0-1"", ""probability"": 0.038605}]",,0.5772,0.4228,Yes,2.5,0.6069,0.3931,False,Over 2.5,-1.0,0.4906,0.5094,False,1. FC Union Berlin +1,False,False,False,False,False,False,,,,,,,,0.5446,0.4554,0.2,weekly_update_20260921T073919Z_e8b4cc71,2026-08-18.phase1,0.1.0-phase1,0.1.0-phase1,2026-09-21T07:39:19+00:00
BUNDESLIGA2627_MW09_078_TSGHoffenheim_FCSchalke04,2026-27,9,2026-11-06,2026-11-06T00:00:00+00:00,TSG Hoffenheim,FC Schalke 04,SNP Arena,scheduled,early_week_mode,,,,1.497,0.842,,,1-0,,home_win,,0.5081,0.2639,0.2279,TSG Hoffenheim,0.5174,0.2802,0.2024,,,,"[{""score"": ""1-0"", ""probability"": 0.135391}, {""score"": ""1-1"", ""probability"": 0.130578}, {""score"": ""2-0"", ""probability"": 0.108063}, {""score"": ""0-0"", ""probability"": 0.105521}, {""score"": ""2-1"", ""probability"": 0.090957}, {""score"": ""0-1"", ""probability"": 0.072198}, {""score"": ""3-0"", ""probability"": 0.053908}, {""score"": ""1-2"", ""probability"": 0.051156}, {""score"": ""3-1"", ""probability"": 0.045374}, {""score"": ""2-2"", ""probability"": 0.038279}]",,0.4506,0.5494,No,2.5,0.4141,0.5859,False,Under 2.5,-0.5,0.5174,0.4826,False,TSG Hoffenheim -0.5,False,False,False,False,False,False,,,,,,,,0.5081,0.4919,0.2,weekly_update_20260921T073919Z_e8b4cc71,2026-08-18.phase1,0.1.0-phase1,0.1.0-phase1,2026-09-21T07:39:19+00:00
BUNDESLIGA2627_MW09_079_VfBStuttgart_SVWerderBremen,2026-27,9,2026-11-06,2026-11-06T00:00:00+00:00,VfB Stuttgart,SV Werder Bremen,MHPArena,scheduled,early_week_mode,,,,2.331,1.074,,,2-1,,home_win,,0.5776,0.2266,0.1958,VfB Stuttgart,0.6476,0.1979,0.1545,,,,"[{""score"": ""2-1"", ""probability"": 0.096961}, {""score"": ""2-0"", ""probability"": 0.090248}, {""score"": ""1-1"", ""probability"": 0.089379}, {""score"": ""3-1"", ""probability"": 0.07533}, {""score"": ""1-0"", ""probability"": 0.071265}, {""score"": ""3-0"", ""probability"": 0.070114}, {""score"": ""2-2"", ""probability"": 0.052087}, {""score"": ""1-2"", ""probability"": 0.044696}, {""score"": ""4-1"", ""probability"": 0.043894}, {""score"": ""4-0"", ""probability"": 0.040854}]",,0.6006,0.3994,Yes,2.5,0.661,0.339,False,Over 2.5,-1.25,0.4839,0.5161,False,SV Werder Bremen +1.25,False,False,False,False,False,False,,,,,,,,0.5776,0.4224,0.2,weekly_update_20260921T073919Z_e8b4cc71,2026-08-18.phase1,0.1.0-phase1,0.1.0-phase1,2026-09-21T07:39:19+00:00
BUNDESLIGA2627_MW09_080_RBLeipzig_FCAugsburg,2026-27,9,2026-11-06,2026-11-06T00:00:00+00:00,RB Leipzig,FC Augsburg,Red Bull Arena,scheduled,early_week_mode,,,,2.156,1.098,,,2-1,,home_win,,0.6164,0.2036,0.1801,RB Leipzig,0.608,0.2143,0.1777,,,,"[{""score"": ""2-1"", ""probability"": 0.098587}, {""score"": ""1-1"", ""probability"": 0.098223}, {""score"": ""2-0"", ""probability"": 0.089749}, {""score"": ""1-0"", ""probability"": 0.07645}, {""score"": ""3-1"", ""probability"": 0.070866}, {""score"": ""3-0"", ""probability"": 0.064512}, {""score"": ""2-2"", ""probability"": 0.054148}, {""score"": ""1-2"", ""probability"": 0.05022}, {""score"": ""0-0"", ""probability"": 0.045387}, {""score"": ""3-2"", ""probability"": 0.038922}]",,0.5962,0.4038,Yes,2.5,0.6313,0.3687,False,Over 2.5,-1.0,0.4967,0.5033,False,FC Augsburg +1,False,False,False,False,False,False,,,,,,,,0.6164,0.3836,0.2,weekly_update_20260921T073919Z_e8b4cc71,2026-08-18.phase1,0.1.0-phase1,0.1.0-phase1,2026-09-21T07:39:19+00:00
BUNDESLIGA2627_MW09_081_BorussiaDortmund_SVElversberg,2026-27,9,2026-11-06,2026-11-06T00:00:00+00:00,Borussia Dortmund,SV Elversberg,SIGNAL IDUNA PARK,scheduled,early_week_mode,,,,2.437,1.32,,,2-1,,home_win,,0.5703,0.2485,0.1812,Borussia Dortmund,0.614,0.1968,0.1892,,,,"[{""score"": ""2-1"", ""probability"": 0.091631}, {""score"": ""1-1"", ""probability"": 0.080797}, {""score"": ""3-1"", ""probability"": 0.074421}, {""score"": ""2-0"", ""probability"": 0.069405}, {""score"": ""2-2"", ""probability"": 0.060487}, {""score"": ""3-0"", ""probability"": 0.05637}, {""score"": ""1-0"", ""probability"": 0.051386}, {""score"": ""1-2"", ""probability"": 0.049649}, {""score"": ""3-2"", ""probability"": 0.049126}, {""score"": ""4-1"", ""probability"": 0.045333}]",,0.6743,0.3257,Yes,2.5,0.7238,0.2762,False,Over 2.5,-1.0,0.5101,0.4899,False,Borussia Dortmund -1,False,False,False,False,False,False,,,,,,,,0.5703,0.4297,0.2,weekly_update_20260921T073919Z_e8b4cc71,2026-08-18.phase1,0.1.0-phase1,0.1.0-phase1,2026-09-21T07:39:19+00:00
BUNDESLIGA2627_MW10_082_SVElversberg_Sport-ClubFreiburg,2026-27,10,2026-11-20,2026-11-20T00:00:00+00:00,SV Elversberg,Sport-Club Freiburg,URSAPHARM-Arena,scheduled,early_week_mode,,,,2.352,1.531,,,2-1,,home_win,,0.5024,0.2626,0.235,SV Elversberg,0.5535,0.2063,0.2401,,,,"[{""score"": ""2-1"", ""probability"": 0.087254}, {""score"": ""1-1"", ""probability"": 0.079718}, {""score"": ""3-1"", ""probability"": 0.068395}, {""score"": ""2-2"", ""probability"": 0.066803}, {""score"": ""2-0"", ""probability"": 0.056983}, {""score"": ""1-2"", ""probability"": 0.056815}, {""score"": ""3-2"", ""probability"": 0.052364}, {""score"": ""3-0"", ""probability"": 0.044667}, {""score"": ""1-0"", ""probability"": 0.042954}, {""score"": ""4-1"", ""probability"": 0.040209}]",,0.7146,0.2854,Yes,2.5,0.744,0.256,False,Over 2.5,-0.75,0.5032,0.4968,False,SV Elversberg -0.75,False,False,False,False,False,False,,,,,,,,0.5024,0.4976,0.2,weekly_update_20260921T073919Z_e8b4cc71,2026-08-18.phase1,0.1.0-phase1,0.1.0-phase1,2026-09-21T07:39:19+00:00
BUNDESLIGA2627_MW10_083_FCSchalke04_VfBStuttgart,2026-27,10,2026-11-20,2026-11-20T00:00:00+00:00,FC Schalke 04,VfB Stuttgart,VELTINS-Arena,scheduled,early_week_mode,,,,0.862,1.34,,,0-1,,away_win,,0.289,0.2461,0.4648,VfB Stuttgart,0.2313,0.2992,0.4695,,,,"[{""score"": ""0-1"", ""probability"": 0.138671}, {""score"": ""1-1"", ""probability"": 0.137203}, {""score"": ""0-0"", ""probability"": 0.12001}, {""score"": ""0-2"", ""probability"": 0.099293}, {""score"": ""1-0"", ""probability"": 0.085804}, {""score"": ""1-2"", ""probability"": 0.085599}, {""score"": ""2-1"", ""probability"": 0.055053}, {""score"": ""0-3"", ""probability"": 0.044364}, {""score"": ""2-0"", ""probability"": 0.041072}, {""score"": ""1-3"", ""probability"": 0.038246}]",,0.436,0.564,No,2.5,0.3779,0.6221,False,Under 2.5,0.5,0.5305,0.4695,False,FC Schalke 04 +0.5,False,False,False,False,False,False,,,,,,,,0.4648,0.5352,0.2,weekly_update_20260921T073919Z_e8b4cc71,2026-08-18.phase1,0.1.0-phase1,0.1.0-phase1,2026-09-21T07:39:19+00:00
BUNDESLIGA2627_MW10_084_SVWerderBremen_HamburgerSV,2026-27,10,2026-11-20,2026-11-20T00:00:00+00:00,SV Werder Bremen,Hamburger SV,Weserstadion,scheduled,early_week_mode,,,,1.658,1.048,,,1-1,,draw,,0.4923,0.2775,0.2301,SV Werder Bremen,0.5075,0.2614,0.2311,,,,"[{""score"": ""1-1"", ""probability"": 0.124703}, {""score"": ""1-0"", ""probability"": 0.102126}, {""score"": ""2-1"", ""probability"": 0.096231}, {""score"": ""2-0"", ""probability"": 0.091802}, {""score"": ""0-0"", ""probability"": 0.075414}, {""score"": ""0-1"", ""probability"": 0.061401}, {""score"": ""1-2"", ""probability"": 0.060843}, {""score"": ""3-1"", ""probability"": 0.053181}, {""score"": ""3-0"", ""probability"": 0.050734}, {""score"": ""2-2"", ""probability"": 0.050437}]",,0.5343,0.4657,Yes,2.5,0.5079,0.4921,False,Over 2.5,-0.5,0.5075,0.4925,False,SV Werder Bremen -0.5,False,False,False,False,False,False,,,,,,,,0.4923,0.5077,0.2,weekly_update_20260921T073919Z_e8b4cc71,2026-08-18.phase1,0.1.0-phase1,0.1.0-phase1,2026-09-21T07:39:19+00:00
BUNDESLIGA2627_MW10_085_BorussiaMönchengladbach_BorussiaDortmund,2026-27,10,2026-11-20,2026-11-20T00:00:00+00:00,Borussia Mönchengladbach,Borussia Dortmund,ista-Borussia-Park,scheduled,early_week_mode,,,,1.08,2.097,,,1-1,,draw,,0.1944,0.2349,0.5707,Borussia Dortmund,0.1808,0.2193,0.5999,,,,"[{""score"": ""1-1"", ""probability"": 0.101539}, {""score"": ""1-2"", ""probability"": 0.099083}, {""score"": ""0-2"", ""probability"": 0.091756}, {""score"": ""0-1"", ""probability"": 0.080516}, {""score"": ""1-3"", ""probability"": 0.069242}, {""score"": ""0-3"", ""probability"": 0.064122}, {""score"": ""2-2"", ""probability"": 0.053497}, {""score"": ""2-1"", ""probability"": 0.051035}, {""score"": ""0-0"", ""probability"": 0.048769}, {""score"": ""1-0"", ""probability"": 0.038069}]",,0.5862,0.4138,Yes,2.5,0.615,0.385,False,Over 2.5,1.0,0.5126,0.4874,False,Borussia Mönchengladbach +1,False,False,False,False,False,False,,,,,,,,0.5707,0.4293,0.2,weekly_update_20260921T073919Z_e8b4cc71,2026-08-18.phase1,0.1.0-phase1,0.1.0-phase1,2026-09-21T07:39:19+00:00
BUNDESLIGA2627_MW10_086_1.FCUnionBerlin_RBLeipzig,2026-27,10,2026-11-20,2026-11-20T00:00:00+00:00,1. FC Union Berlin,RB Leipzig,An der Alten Försterei,scheduled,early_week_mode,,,,1.179,1.915,,,1-1,,draw,,0.229,0.2684,0.5026,RB Leipzig,0.225,0.2374,0.5376,,,,"[{""score"": ""1-1"", ""probability"": 0.109961}, {""score"": ""1-2"", ""probability"": 0.097995}, {""score"": ""0-2"", ""probability"": 0.083135}, {""score"": ""0-1"", ""probability"": 0.079241}, {""score"": ""1-3"", ""probability"": 0.062543}, {""score"": ""2-1"", ""probability"": 0.060329}, {""score"": ""2-2"", ""probability"": 0.057755}, {""score"": ""0-3"", ""probability"": 0.053059}, {""score"": ""0-0"", ""probability"": 0.052954}, {""score"": ""1-0"", ""probability"": 0.045863}]",,0.5979,0.4021,Yes,2.5,0.5973,0.4027,False,Over 2.5,0.75,0.5178,0.4822,False,1. FC Union Berlin +0.75,False,False,False,False,False,False,,,,,,,,0.5026,0.4974,0.2,weekly_update_20260921T073919Z_e8b4cc71,2026-08-18.phase1,0.1.0-phase1,0.1.0-phase1,2026-09-21T07:39:19+00:00
BUNDESLIGA2627_MW10_087_FCAugsburg_1.FSVMainz05,2026-27,10,2026-11-20,2026-11-20T00:00:00+00:00,FC Augsburg,1. FSV Mainz 05,WWK ARENA,scheduled,early_week_mode,,,,1.478,1.38,,,1-1,,draw,,0.3943,0.2699,0.3357,FC Augsburg,0.3886,0.2669,0.3445,,,,"[{""score"": ""1-1"", ""probability"": 0.125728}, {""score"": ""2-1"", ""probability"": 0.086504}, {""score"": ""1-2"", ""probability"": 0.080755}, {""score"": ""1-0"", ""probability"": 0.076125}, {""score"": ""0-1"", ""probability"": 0.070488}, {""score"": ""0-0"", ""probability"": 0.066064}, {""score"": ""2-0"", ""probability"": 0.062686}, {""score"": ""2-2"", ""probability"": 0.059686}, {""score"": ""0-2"", ""probability"": 0.05463}, {""score"": ""3-1"", ""probability"": 0.042624}]",,0.5864,0.4136,Yes,2.5,0.5443,0.4557,False,Over 2.5,0.0,0.5221,0.4779,False,FC Augsburg (pick'em),False,False,False,False,False,False,,,,,,,,0.3943,0.6057,0.2,weekly_update_20260921T073919Z_e8b4cc71,2026-08-18.phase1,0.1.0-phase1,0.1.0-phase1,2026-09-21T07:39:19+00:00
BUNDESLIGA2627_MW10_088_EintrachtFrankfurt_TSGHoffenheim,2026-27,10,2026-11-20,2026-11-20T00:00:00+00:00,Eintracht Frankfurt,TSG Hoffenheim,Deutsche Bank Park,scheduled,early_week_mode,,,,2.266,1.751,,,2-1,,home_win,,0.4354,0.2839,0.2807,Eintracht Frankfurt,0.4924,0.2114,0.2961,,,,"[{""score"": ""2-1"", ""probability"": 0.081011}, {""score"": ""1-1"", ""probability"": 0.076809}, {""score"": ""2-2"", ""probability"": 0.070917}, {""score"": ""1-2"", ""probability"": 0.062592}, {""score"": ""3-1"", ""probability"": 0.061191}, {""score"": ""3-2"", ""probability"": 0.053566}, {""score"": ""2-0"", ""probability"": 0.046272}, {""score"": ""2-3"", ""probability"": 0.041386}, {""score"": ""1-3"", ""probability"": 0.036528}, {""score"": ""1-0"", ""probability"": 0.035532}]",,0.7459,0.2541,Yes,2.5,0.7642,0.2358,False,Over 2.5,-0.5,0.4924,0.5076,False,TSG Hoffenheim +0.5,False,False,False,False,False,False,,,,,,,,0.4354,0.5646,0.2,weekly_update_20260921T073919Z_e8b4cc71,2026-08-18.phase1,0.1.0-phase1,0.1.0-phase1,2026-09-21T07:39:19+00:00
BUNDESLIGA2627_MW10_089_Bayer04Leverkusen_SCPaderborn07,2026-27,10,2026-11-20,2026-11-20T00:00:00+00:00,Bayer 04 Leverkusen,SC Paderborn 07,BayArena,scheduled,early_week_mode,,,,1.881,0.543,,,1-0,,home_win,,0.6864,0.2071,0.1065,Bayer 04 Leverkusen,0.6896,0.2184,0.092,,,,"[{""score"": ""1-0"", ""probability"": 0.159986}, {""score"": ""2-0"", ""probability"": 0.156757}, {""score"": ""3-0"", ""probability"": 0.098271}, {""score"": ""1-1"", ""probability"": 0.097175}, {""score"": ""0-0"", ""probability"": 0.095353}, {""score"": ""2-1"", ""probability"": 0.085064}, {""score"": ""3-1"", ""probability"": 0.053327}, {""score"": ""4-0"", ""probability"": 0.046205}, {""score"": ""0-1"", ""probability"": 0.041384}, {""score"": ""4-1"", ""probability"": 0.025073}]",,0.3616,0.6384,No,2.5,0.4363,0.5637,False,Under 2.5,-1.25,0.494,0.506,False,SC Paderborn 07 +1.25,False,False,False,False,False,False,,,,,,,,0.6864,0.3136,0.2,weekly_update_20260921T073919Z_e8b4cc71,2026-08-18.phase1,0.1.0-phase1,0.1.0-phase1,2026-09-21T07:39:19+00:00
BUNDESLIGA2627_MW10_090_FCBayernMünchen_1.FCKöln,2026-27,10,2026-11-20,2026-11-20T00:00:00+00:00,FC Bayern München,1. FC Köln,Allianz Arena,scheduled,early_week_mode,,,,4.22,0.816,,,4-0,,home_win,,0.7984,0.1396,0.062,FC Bayern München,0.9094,0.0624,0.0282,,,,"[{""score"": ""4-0"", ""probability"": 0.088455}, {""score"": ""3-0"", ""probability"": 0.083834}, {""score"": ""5-0"", ""probability"": 0.074664}, {""score"": ""4-1"", ""probability"": 0.072146}, {""score"": ""3-1"", ""probability"": 0.068377}, {""score"": ""5-1"", ""probability"": 0.060898}, {""score"": ""2-0"", ""probability"": 0.059591}, {""score"": ""6-0"", ""probability"": 0.052519}, {""score"": ""2-1"", ""probability"": 0.048604}, {""score"": ""6-1"", ""probability"": 0.042836}]",,0.5509,0.4491,Yes,2.5,0.8748,0.1252,False,Over 2.5,-3.25,0.492,0.508,False,1. FC Köln +3.25,False,False,False,False,False,False,,,,,,,,0.7984,0.2016,0.2,weekly_update_20260921T073919Z_e8b4cc71,2026-08-18.phase1,0.1.0-phase1,0.1.0-phase1,2026-09-21T07:39:19+00:00
BUNDESLIGA2627_MW11_091_SCPaderborn07_FCSchalke04,2026-27,11,2026-11-27,2026-11-27T00:00:00+00:00,SC Paderborn 07,FC Schalke 04,Home Deluxe Arena,scheduled,early_week_mode,,,,0.655,0.61,,,0-0,,draw,,0.3379,0.2697,0.3925,FC Schalke 04,0.3023,0.4236,0.2741,,,,"[{""score"": ""0-0"", ""probability"": 0.290697}, {""score"": ""1-0"", ""probability"": 0.176549}, {""score"": ""0-1"", ""probability"": 0.163767}, {""score"": ""1-1"", ""probability"": 0.121116}, {""score"": ""2-0"", ""probability"": 0.060559}, {""score"": ""0-2"", ""probability"": 0.052477}, {""score"": ""2-1"", ""probability"": 0.036923}, {""score"": ""1-2"", ""probability"": 0.034371}, {""score"": ""3-0"", ""probability"": 0.013222}, {""score"": ""2-2"", ""probability"": 0.011256}]",,0.2277,0.7723,No,2.5,0.1348,0.8652,False,Under 2.5,0.0,0.5141,0.4859,False,SC Paderborn 07 (pick'em),False,False,False,False,False,False,,,,,,,,0.3925,0.6075,0.2,weekly_update_20260921T073919Z_e8b4cc71,2026-08-18.phase1,0.1.0-phase1,0.1.0-phase1,2026-09-21T07:39:19+00:00
BUNDESLIGA2627_MW11_092_SVWerderBremen_BorussiaMönchengladbach,2026-27,11,2026-11-27,2026-11-27T00:00:00+00:00,SV Werder Bremen,Borussia Mönchengladbach,Weserstadion,scheduled,early_week_mode,,,,1.664,1.341,,,1-1,,draw,,0.4098,0.2997,0.2905,SV Werder Bremen,0.4428,0.2558,0.3014,,,,"[{""score"": ""1-1"", ""probability"": 0.118741}, {""score"": ""2-1"", ""probability"": 0.091981}, {""score"": ""1-0"", ""probability"": 0.074217}, {""score"": ""1-2"", ""probability"": 0.074118}, {""score"": ""2-0"", ""probability"": 0.068588}, {""score"": ""2-2"", ""probability"": 0.061677}, {""score"": ""0-1"", ""probability"": 0.05821}, {""score"": ""0-0"", ""probability"": 0.05773}, {""score"": ""3-1"", ""probability"": 0.051028}, {""score"": ""0-2"", ""probability"": 0.044534}]",,0.6068,0.3932,Yes,2.5,0.578,0.422,False,Over 2.5,-0.25,0.5068,0.4932,False,SV Werder Bremen -0.25,False,False,False,False,False,False,,,,,,,,0.4098,0.5902,0.2,weekly_update_20260921T073919Z_e8b4cc71,2026-08-18.phase1,0.1.0-phase1,0.1.0-phase1,2026-09-21T07:39:19+00:00
BUNDESLIGA2627_MW11_093_1.FCKöln_SVElversberg,2026-27,11,2026-11-27,2026-11-27T00:00:00+00:00,1. FC Köln,SV Elversberg,RheinEnergieSTADION,scheduled,early_week_mode,,,,1.599,2.288,,,1-2,,away_win,,0.2477,0.2283,0.524,SV Elversberg,0.2622,0.2107,0.5271,,,,"[{""score"": ""1-2"", ""probability"": 0.085877}, {""score"": ""1-1"", ""probability"": 0.080628}, {""score"": ""2-2"", ""probability"": 0.068665}, {""score"": ""1-3"", ""probability"": 0.065505}, {""score"": ""2-1"", ""probability"": 0.060013}, {""score"": ""0-2"", ""probability"": 0.053702}, {""score"": ""2-3"", ""probability"": 0.052376}, {""score"": ""0-1"", ""probability"": 0.041363}, {""score"": ""0-3"", ""probability"": 0.040962}, {""score"": ""1-4"", ""probability"": 0.037474}]",,0.7225,0.2775,Yes,2.5,0.7448,0.2552,False,Over 2.5,0.75,0.5227,0.4773,False,1. FC Köln +0.75,False,False,False,False,False,False,,,,,,,,0.524,0.476,0.2,weekly_update_20260921T073919Z_e8b4cc71,2026-08-18.phase1,0.1.0-phase1,0.1.0-phase1,2026-09-21T07:39:19+00:00
BUNDESLIGA2627_MW11_094_HamburgerSV_FCBayernMünchen,2026-27,11,2026-11-27,2026-11-27T00:00:00+00:00,Hamburger SV,FC Bayern München,Volksparkstadion,scheduled,early_week_mode,,,,0.839,3.243,,,0-3,,away_win,,0.1044,0.1799,0.7158,FC Bayern München,0.0587,0.1128,0.8285,,,,"[{""score"": ""0-3"", ""probability"": 0.096545}, {""score"": ""0-2"", ""probability"": 0.089317}, {""score"": ""1-3"", ""probability"": 0.080975}, {""score"": ""0-4"", ""probability"": 0.078269}, {""score"": ""1-2"", ""probability"": 0.074912}, {""score"": ""1-4"", ""probability"": 0.065646}, {""score"": ""0-1"", ""probability"": 0.051657}, {""score"": ""0-5"", ""probability"": 0.050762}, {""score"": ""1-1"", ""probability"": 0.049632}, {""score"": ""1-5"", ""probability"": 0.042575}]",,0.5489,0.4511,Yes,2.5,0.7722,0.2278,False,Over 2.5,2.25,0.4934,0.5066,False,FC Bayern München -2.25,False,False,False,False,False,False,,,,,,,,0.7158,0.2842,0.2,weekly_update_20260921T073919Z_e8b4cc71,2026-08-18.phase1,0.1.0-phase1,0.1.0-phase1,2026-09-21T07:39:19+00:00
BUNDESLIGA2627_MW11_095_1.FSVMainz05_1.FCUnionBerlin,2026-27,11,2026-11-27,2026-11-27T00:00:00+00:00,1. FSV Mainz 05,1. FC Union Berlin,MEWA ARENA,scheduled,early_week_mode,,,,1.927,1.009,,,1-1,,draw,,0.5179,0.2806,0.2016,1. FSV Mainz 05,0.5801,0.2341,0.1858,,,,"[{""score"": ""1-1"", ""probability"": 0.110907}, {""score"": ""2-1"", ""probability"": 0.099451}, {""score"": ""2-0"", ""probability"": 0.098583}, {""score"": ""1-0"", ""probability"": 0.094677}, {""score"": ""3-1"", ""probability"": 0.063866}, {""score"": ""3-0"", ""probability"": 0.063308}, {""score"": ""0-0"", ""probability"": 0.060786}, {""score"": ""1-2"", ""probability"": 0.052076}, {""score"": ""2-2"", ""probability"": 0.050163}, {""score"": ""0-1"", ""probability"": 0.045925}]",,0.5505,0.4495,Yes,2.5,0.5621,0.4379,False,Over 2.5,-0.75,0.522,0.478,False,1. FSV Mainz 05 -0.75,False,False,False,False,False,False,,,,,,,,0.5179,0.4821,0.2,weekly_update_20260921T073919Z_e8b4cc71,2026-08-18.phase1,0.1.0-phase1,0.1.0-phase1,2026-09-21T07:39:19+00:00
BUNDESLIGA2627_MW11_096_Sport-ClubFreiburg_RBLeipzig,2026-27,11,2026-11-27,2026-11-27T00:00:00+00:00,Sport-Club Freiburg,RB Leipzig,Europa-Park Stadion,scheduled,early_week_mode,,,,1.567,1.612,,,1-1,,draw,,0.3335,0.3021,0.3644,RB Leipzig,0.3651,0.2507,0.3842,,,,"[{""score"": ""1-1"", ""probability"": 0.112957}, {""score"": ""1-2"", ""probability"": 0.084747}, {""score"": ""2-1"", ""probability"": 0.082403}, {""score"": ""2-2"", ""probability"": 0.066413}, {""score"": ""0-1"", ""probability"": 0.059284}, {""score"": ""1-0"", ""probability"": 0.057428}, {""score"": ""0-2"", ""probability"": 0.054071}, {""score"": ""2-0"", ""probability"": 0.051121}, {""score"": ""0-0"", ""probability"": 0.049428}, {""score"": ""1-3"", ""probability"": 0.045535}]",,0.6413,0.3587,Yes,2.5,0.6157,0.3843,False,Over 2.5,0.0,0.4905,0.5095,False,RB Leipzig (pick'em),False,False,False,False,False,False,,,,,,,,0.3644,0.6356,0.2,weekly_update_20260921T073919Z_e8b4cc71,2026-08-18.phase1,0.1.0-phase1,0.1.0-phase1,2026-09-21T07:39:19+00:00
BUNDESLIGA2627_MW11_097_TSGHoffenheim_FCAugsburg,2026-27,11,2026-11-27,2026-11-27T00:00:00+00:00,TSG Hoffenheim,FC Augsburg,SNP Arena,scheduled,early_week_mode,,,,2.02,1.439,,,1-1,,draw,,0.4987,0.2356,0.2657,TSG Hoffenheim,0.5038,0.2289,0.2673,,,,"[{""score"": ""1-1"", ""probability"": 0.098288}, {""score"": ""2-1"", ""probability"": 0.092393}, {""score"": ""2-2"", ""probability"": 0.066474}, {""score"": ""1-2"", ""probability"": 0.065829}, {""score"": ""2-0"", ""probability"": 0.064209}, {""score"": ""3-1"", ""probability"": 0.062199}, {""score"": ""1-0"", ""probability"": 0.056793}, {""score"": ""3-2"", ""probability"": 0.04475}, {""score"": ""3-0"", ""probability"": 0.043225}, {""score"": ""0-1"", ""probability"": 0.038512}]",,0.6684,0.3316,Yes,2.5,0.6713,0.3287,False,Over 2.5,-0.5,0.5038,0.4962,False,TSG Hoffenheim -0.5,False,False,False,False,False,False,,,,,,,,0.4987,0.5013,0.2,weekly_update_20260921T073919Z_e8b4cc71,2026-08-18.phase1,0.1.0-phase1,0.1.0-phase1,2026-09-21T07:39:19+00:00
BUNDESLIGA2627_MW11_098_VfBStuttgart_EintrachtFrankfurt,2026-27,11,2026-11-27,2026-11-27T00:00:00+00:00,VfB Stuttgart,Eintracht Frankfurt,MHPArena,scheduled,early_week_mode,,,,2.466,1.476,,,2-1,,home_win,,0.5003,0.2634,0.2363,VfB Stuttgart,0.5869,0.1979,0.2151,,,,"[{""score"": ""2-1"", ""probability"": 0.087205}, {""score"": ""1-1"", ""probability"": 0.075988}, {""score"": ""3-1"", ""probability"": 0.071671}, {""score"": ""2-2"", ""probability"": 0.064359}, {""score"": ""2-0"", ""probability"": 0.05908}, {""score"": ""3-2"", ""probability"": 0.052895}, {""score"": ""1-2"", ""probability"": 0.052205}, {""score"": ""3-0"", ""probability"": 0.048556}, {""score"": ""4-1"", ""probability"": 0.044178}, {""score"": ""1-0"", ""probability"": 0.042672}]",,0.7111,0.2889,Yes,2.5,0.753,0.247,False,Over 2.5,-1.0,0.4859,0.5141,False,Eintracht Frankfurt +1,False,False,False,False,False,False,,,,,,,,0.5003,0.4997,0.2,weekly_update_20260921T073919Z_e8b4cc71,2026-08-18.phase1,0.1.0-phase1,0.1.0-phase1,2026-09-21T07:39:19+00:00
BUNDESLIGA2627_MW11_099_BorussiaDortmund_Bayer04Leverkusen,2026-27,11,2026-11-27,2026-11-27T00:00:00+00:00,Borussia Dortmund,Bayer 04 Leverkusen,SIGNAL IDUNA PARK,scheduled,early_week_mode,,,,1.83,1.246,,,1-1,,draw,,0.5148,0.2489,0.2364,Borussia Dortmund,0.5029,0.2446,0.2525,,,,"[{""score"": ""1-1"", ""probability"": 0.113054}, {""score"": ""2-1"", ""probability"": 0.096276}, {""score"": ""2-0"", ""probability"": 0.07725}, {""score"": ""1-0"", ""probability"": 0.076631}, {""score"": ""1-2"", ""probability"": 0.065581}, {""score"": ""2-2"", ""probability"": 0.059994}, {""score"": ""3-1"", ""probability"": 0.058716}, {""score"": ""0-0"", ""probability"": 0.053966}, {""score"": ""0-1"", ""probability"": 0.049708}, {""score"": ""3-0"", ""probability"": 0.047113}]",,0.6059,0.3941,Yes,2.5,0.5935,0.4065,False,Over 2.5,-0.5,0.5029,0.4971,False,Borussia Dortmund -0.5,False,False,False,False,False,False,,,,,,,,0.5148,0.4852,0.2,weekly_update_20260921T073919Z_e8b4cc71,2026-08-18.phase1,0.1.0-phase1,0.1.0-phase1,2026-09-21T07:39:19+00:00
BUNDESLIGA2627_MW12_100_SVElversberg_VfBStuttgart,2026-27,12,2026-12-04,2026-12-04T00:00:00+00:00,SV Elversberg,VfB Stuttgart,URSAPHARM-Arena,scheduled,early_week_mode,,,,2.246,1.854,,,2-1,,home_win,,0.4689,0.262,0.2691,SV Elversberg,0.4686,0.2113,0.3201,,,,"[{""score"": ""2-1"", ""probability"": 0.07753}, {""score"": ""1-1"", ""probability"": 0.074148}, {""score"": ""2-2"", ""probability"": 0.071889}, {""score"": ""1-2"", ""probability"": 0.064001}, {""score"": ""3-1"", ""probability"": 0.058057}, {""score"": ""3-2"", ""probability"": 0.053832}, {""score"": ""2-3"", ""probability"": 0.044438}, {""score"": ""2-0"", ""probability"": 0.041807}, {""score"": ""1-3"", ""probability"": 0.039563}, {""score"": ""3-3"", ""probability"": 0.033277}]",,0.7593,0.2407,Yes,2.5,0.7762,0.2238,False,Over 2.5,-0.25,0.5214,0.4786,False,SV Elversberg -0.25,False,False,False,False,False,False,,,,,,,,0.4689,0.5311,0.2,weekly_update_20260921T073919Z_e8b4cc71,2026-08-18.phase1,0.1.0-phase1,0.1.0-phase1,2026-09-21T07:39:19+00:00
BUNDESLIGA2627_MW12_101_FCSchalke04_BorussiaDortmund,2026-27,12,2026-12-04,2026-12-04T00:00:00+00:00,FC Schalke 04,Borussia Dortmund,VELTINS-Arena,scheduled,early_week_mode,,,,0.635,1.404,,,0-1,,away_win,,0.1847,0.1992,0.6161,Borussia Dortmund,0.1599,0.2919,0.5482,,,,"[{""score"": ""0-1"", ""probability"": 0.174052}, {""score"": ""0-0"", ""probability"": 0.138675}, {""score"": ""0-2"", ""probability"": 0.128276}, {""score"": ""1-1"", ""probability"": 0.124662}, {""score"": ""1-2"", ""probability"": 0.081493}, {""score"": ""1-0"", ""probability"": 0.074011}, {""score"": ""0-3"", ""probability"": 0.060054}, {""score"": ""1-3"", ""probability"": 0.038152}, {""score"": ""2-1"", ""probability"": 0.036862}, {""score"": ""2-0"", ""probability"": 0.026246}]",,0.3634,0.6366,No,2.5,0.3341,0.6659,False,Under 2.5,0.75,0.519,0.481,False,FC Schalke 04 +0.75,False,False,False,False,False,False,,,,,,,,0.6161,0.3839,0.2,weekly_update_20260921T073919Z_e8b4cc71,2026-08-18.phase1,0.1.0-phase1,0.1.0-phase1,2026-09-21T07:39:19+00:00
BUNDESLIGA2627_MW12_102_1.FCUnionBerlin_HamburgerSV,2026-27,12,2026-12-04,2026-12-04T00:00:00+00:00,1. FC Union Berlin,Hamburger SV,An der Alten Försterei,scheduled,early_week_mode,,,,1.552,1.136,,,1-1,,draw,,0.4682,0.2554,0.2764,1. FC Union Berlin,0.4603,0.2702,0.2695,,,,"[{""score"": ""1-1"", ""probability"": 0.128826}, {""score"": ""1-0"", ""probability"": 0.096687}, {""score"": ""2-1"", ""probability"": 0.093065}, {""score"": ""2-0"", ""probability"": 0.081941}, {""score"": ""0-0"", ""probability"": 0.076934}, {""score"": ""0-1"", ""probability"": 0.068364}, {""score"": ""1-2"", ""probability"": 0.068102}, {""score"": ""2-2"", ""probability"": 0.05285}, {""score"": ""3-1"", ""probability"": 0.048148}, {""score"": ""0-2"", ""probability"": 0.043878}]",,0.5439,0.4561,Yes,2.5,0.5034,0.4966,False,Over 2.5,-0.25,0.5279,0.4721,False,1. FC Union Berlin -0.25,False,False,False,False,False,False,,,,,,,,0.4682,0.5318,0.2,weekly_update_20260921T073919Z_e8b4cc71,2026-08-18.phase1,0.1.0-phase1,0.1.0-phase1,2026-09-21T07:39:19+00:00
BUNDESLIGA2627_MW12_103_FCAugsburg_1.FCKöln,2026-27,12,2026-12-04,2026-12-04T00:00:00+00:00,FC Augsburg,1. FC Köln,WWK ARENA,scheduled,early_week_mode,,,,1.882,1.244,,,1-1,,draw,,0.4991,0.2621,0.2388,FC Augsburg,0.5156,0.2402,0.2442,,,,"[{""score"": ""1-1"", ""probability"": 0.110385}, {""score"": ""2-1"", ""probability"": 0.096719}, {""score"": ""2-0"", ""probability"": 0.077753}, {""score"": ""1-0"", ""probability"": 0.074978}, {""score"": ""1-2"", ""probability"": 0.063911}, {""score"": ""3-1"", ""probability"": 0.060691}, {""score"": ""2-2"", ""probability"": 0.060156}, {""score"": ""0-0"", ""probability"": 0.05151}, {""score"": ""3-0"", ""probability"": 0.04879}, {""score"": ""0-1"", ""probability"": 0.046958}]",,0.611,0.389,Yes,2.5,0.6045,0.3955,False,Over 2.5,-0.5,0.5156,0.4844,False,FC Augsburg -0.5,False,False,False,False,False,False,,,,,,,,0.4991,0.5009,0.2,weekly_update_20260921T073919Z_e8b4cc71,2026-08-18.phase1,0.1.0-phase1,0.1.0-phase1,2026-09-21T07:39:19+00:00
BUNDESLIGA2627_MW12_104_EintrachtFrankfurt_SVWerderBremen,2026-27,12,2026-12-04,2026-12-04T00:00:00+00:00,Eintracht Frankfurt,SV Werder Bremen,Deutsche Bank Park,scheduled,early_week_mode,,,,2.124,1.304,,,1-1,,draw,,0.531,0.2296,0.2393,Eintracht Frankfurt,0.5552,0.2209,0.224,,,,"[{""score"": ""1-1"", ""probability"": 0.09658}, {""score"": ""2-1"", ""probability"": 0.095482}, {""score"": ""2-0"", ""probability"": 0.073205}, {""score"": ""3-1"", ""probability"": 0.067604}, {""score"": ""2-2"", ""probability"": 0.06227}, {""score"": ""1-0"", ""probability"": 0.062255}, {""score"": ""1-2"", ""probability"": 0.058633}, {""score"": ""3-0"", ""probability"": 0.051831}, {""score"": ""3-2"", ""probability"": 0.044089}, {""score"": ""0-0"", ""probability"": 0.039126}]",,0.6482,0.3518,Yes,2.5,0.6656,0.3344,False,Over 2.5,-0.75,0.5018,0.4982,False,Eintracht Frankfurt -0.75,False,False,False,False,False,False,,,,,,,,0.531,0.469,0.2,weekly_update_20260921T073919Z_e8b4cc71,2026-08-18.phase1,0.1.0-phase1,0.1.0-phase1,2026-09-21T07:39:19+00:00
BUNDESLIGA2627_MW12_105_Sport-ClubFreiburg_TSGHoffenheim,2026-27,12,2026-12-04,2026-12-04T00:00:00+00:00,Sport-Club Freiburg,TSG Hoffenheim,Europa-Park Stadion,scheduled,early_week_mode,,,,2.053,1.51,,,1-1,,draw,,0.4454,0.2951,0.2595,Sport-Club Freiburg,0.4963,0.2261,0.2776,,,,"[{""score"": ""1-1"", ""probability"": 0.09446}, {""score"": ""2-1"", ""probability"": 0.090266}, {""score"": ""2-2"", ""probability"": 0.068134}, {""score"": ""1-2"", ""probability"": 0.066372}, {""score"": ""3-1"", ""probability"": 0.061775}, {""score"": ""2-0"", ""probability"": 0.059794}, {""score"": ""1-0"", ""probability"": 0.05172}, {""score"": ""3-2"", ""probability"": 0.046628}, {""score"": ""3-0"", ""probability"": 0.040921}, {""score"": ""0-1"", ""probability"": 0.036301}]",,0.6855,0.3145,Yes,2.5,0.6905,0.3095,False,Over 2.5,-0.5,0.4963,0.5037,False,TSG Hoffenheim +0.5,False,False,False,False,False,False,,,,,,,,0.4454,0.5546,0.2,weekly_update_20260921T073919Z_e8b4cc71,2026-08-18.phase1,0.1.0-phase1,0.1.0-phase1,2026-09-21T07:39:19+00:00
BUNDESLIGA2627_MW12_106_Bayer04Leverkusen_BorussiaMönchengladbach,2026-27,12,2026-12-04,2026-12-04T00:00:00+00:00,Bayer 04 Leverkusen,Borussia Mönchengladbach,BayArena,scheduled,early_week_mode,,,,2.62,1.005,,,2-1,,home_win,,0.6285,0.2294,0.1421,Bayer 04 Leverkusen,0.7134,0.1697,0.1169,,,,"[{""score"": ""2-1"", ""probability"": 0.092072}, {""score"": ""2-0"", ""probability"": 0.09164}, {""score"": ""3-1"", ""probability"": 0.080402}, {""score"": ""3-0"", ""probability"": 0.080025}, {""score"": ""1-1"", ""probability"": 0.075508}, {""score"": ""1-0"", ""probability"": 0.064742}, {""score"": ""4-1"", ""probability"": 0.052659}, {""score"": ""4-0"", ""probability"": 0.052412}, {""score"": ""2-2"", ""probability"": 0.046253}, {""score"": ""3-2"", ""probability"": 0.040391}]",,0.5928,0.4072,Yes,2.5,0.7011,0.2989,False,Over 2.5,-1.5,0.506,0.494,False,Bayer 04 Leverkusen -1.5,False,False,False,False,False,False,,,,,,,,0.6285,0.3715,0.2,weekly_update_20260921T073919Z_e8b4cc71,2026-08-18.phase1,0.1.0-phase1,0.1.0-phase1,2026-09-21T07:39:19+00:00
BUNDESLIGA2627_MW12_107_RBLeipzig_1.FSVMainz05,2026-27,12,2026-12-04,2026-12-04T00:00:00+00:00,RB Leipzig,1. FSV Mainz 05,Red Bull Arena,scheduled,early_week_mode,,,,1.937,1.155,,,1-1,,draw,,0.5788,0.2104,0.2108,RB Leipzig,0.548,0.2353,0.2167,,,,"[{""score"": ""1-1"", ""probability"": 0.109178}, {""score"": ""2-1"", ""probability"": 0.098415}, {""score"": ""2-0"", ""probability"": 0.08522}, {""score"": ""1-0"", ""probability"": 0.080462}, {""score"": ""3-1"", ""probability"": 0.063533}, {""score"": ""1-2"", ""probability"": 0.058685}, {""score"": ""2-2"", ""probability"": 0.056826}, {""score"": ""3-0"", ""probability"": 0.055014}, {""score"": ""0-0"", ""probability"": 0.052987}, {""score"": ""0-1"", ""probability"": 0.044933}]",,0.5937,0.4063,Yes,2.5,0.5969,0.4031,False,Over 2.5,-0.75,0.4922,0.5078,False,1. FSV Mainz 05 +0.75,False,False,False,False,False,False,,,,,,,,0.5788,0.4212,0.2,weekly_update_20260921T073919Z_e8b4cc71,2026-08-18.phase1,0.1.0-phase1,0.1.0-phase1,2026-09-21T07:39:19+00:00
BUNDESLIGA2627_MW12_108_FCBayernMünchen_SCPaderborn07,2026-27,12,2026-12-04,2026-12-04T00:00:00+00:00,FC Bayern München,SC Paderborn 07,Allianz Arena,scheduled,early_week_mode,,,,2.93,0.462,,,2-0,,home_win,,0.7828,0.1601,0.0571,FC Bayern München,0.864,0.1042,0.0318,,,,"[{""score"": ""2-0"", ""probability"": 0.144837}, {""score"": ""3-0"", ""probability"": 0.141473}, {""score"": ""4-0"", ""probability"": 0.10364}, {""score"": ""1-0"", ""probability"": 0.095463}, {""score"": ""2-1"", ""probability"": 0.066941}, {""score"": ""3-1"", ""probability"": 0.065386}, {""score"": ""5-0"", ""probability"": 0.060739}, {""score"": ""1-1"", ""probability"": 0.04908}, {""score"": ""4-1"", ""probability"": 0.0479}, {""score"": ""0-0"", ""probability"": 0.037127}]",,0.3537,0.6463,No,2.5,0.6577,0.3423,False,Over 2.5,-2.25,0.5179,0.4821,False,FC Bayern München -2.25,False,False,False,False,False,False,,,,,,,,0.7828,0.2172,0.2,weekly_update_20260921T073919Z_e8b4cc71,2026-08-18.phase1,0.1.0-phase1,0.1.0-phase1,2026-09-21T07:39:19+00:00
BUNDESLIGA2627_MW13_109_SCPaderborn07_SVElversberg,2026-27,13,2026-12-11,2026-12-11T00:00:00+00:00,SC Paderborn 07,SV Elversberg,Home Deluxe Arena,scheduled,early_week_mode,,,,0.906,1.589,,,1-1,,draw,,0.2058,0.2134,0.5808,SV Elversberg,0.2059,0.2692,0.525,,,,"[{""score"": ""1-1"", ""probability"": 0.127598}, {""score"": ""0-1"", ""probability"": 0.122262}, {""score"": ""0-2"", ""probability"": 0.10413}, {""score"": ""1-2"", ""probability"": 0.09436}, {""score"": ""0-0"", ""probability"": 0.091319}, {""score"": ""1-0"", ""probability"": 0.065943}, {""score"": ""0-3"", ""probability"": 0.055148}, {""score"": ""2-1"", ""probability"": 0.053818}, {""score"": ""1-3"", ""probability"": 0.049973}, {""score"": ""2-2"", ""probability"": 0.042753}]",,0.4831,0.5169,No,2.5,0.4549,0.5451,False,Under 2.5,0.5,0.475,0.525,False,SV Elversberg -0.5,False,False,False,False,False,False,,,,,,,,0.5808,0.4192,0.2,weekly_update_20260921T073919Z_e8b4cc71,2026-08-18.phase1,0.1.0-phase1,0.1.0-phase1,2026-09-21T07:39:19+00:00
BUNDESLIGA2627_MW13_110_SVWerderBremen_Bayer04Leverkusen,2026-27,13,2026-12-11,2026-12-11T00:00:00+00:00,SV Werder Bremen,Bayer 04 Leverkusen,Weserstadion,scheduled,early_week_mode,,,,1.158,1.941,,,1-1,,draw,,0.2316,0.2698,0.4987,Bayer 04 Leverkusen,0.2169,0.2349,0.5482,,,,"[{""score"": ""1-1"", ""probability"": 0.108908}, {""score"": ""1-2"", ""probability"": 0.098382}, {""score"": ""0-2"", ""probability"": 0.084937}, {""score"": ""0-1"", ""probability"": 0.080001}, {""score"": ""1-3"", ""probability"": 0.063648}, {""score"": ""2-1"", ""probability"": 0.058715}, {""score"": ""2-2"", ""probability"": 0.056978}, {""score"": ""0-3"", ""probability"": 0.05495}, {""score"": ""0-0"", ""probability"": 0.052624}, {""score"": ""1-0"", ""probability"": 0.04471}]",,0.595,0.405,Yes,2.5,0.5986,0.4014,False,Over 2.5,0.75,0.5076,0.4924,False,SV Werder Bremen +0.75,False,False,False,False,False,False,,,,,,,,0.4987,0.5013,0.2,weekly_update_20260921T073919Z_e8b4cc71,2026-08-18.phase1,0.1.0-phase1,0.1.0-phase1,2026-09-21T07:39:19+00:00
BUNDESLIGA2627_MW13_111_1.FCKöln_RBLeipzig,2026-27,13,2026-12-11,2026-12-11T00:00:00+00:00,1. FC Köln,RB Leipzig,RheinEnergieSTADION,scheduled,early_week_mode,,,,1.305,1.967,,,1-1,,draw,,0.228,0.2807,0.4913,RB Leipzig,0.2458,0.2333,0.5209,,,,"[{""score"": ""1-1"", ""probability"": 0.104615}, {""score"": ""1-2"", ""probability"": 0.095772}, {""score"": ""0-2"", ""probability"": 0.073369}, {""score"": ""0-1"", ""probability"": 0.067375}, {""score"": ""2-1"", ""probability"": 0.063561}, {""score"": ""1-3"", ""probability"": 0.06279}, {""score"": ""2-2"", ""probability"": 0.062508}, {""score"": ""0-3"", ""probability"": 0.048102}, {""score"": ""0-0"", ""probability"": 0.04516}, {""score"": ""1-0"", ""probability"": 0.042284}]",,0.6342,0.3658,Yes,2.5,0.6349,0.3651,False,Over 2.5,0.5,0.4791,0.5209,False,RB Leipzig -0.5,False,False,False,False,False,False,,,,,,,,0.4913,0.5087,0.2,weekly_update_20260921T073919Z_e8b4cc71,2026-08-18.phase1,0.1.0-phase1,0.1.0-phase1,2026-09-21T07:39:19+00:00
BUNDESLIGA2627_MW13_112_HamburgerSV_FCSchalke04,2026-27,13,2026-12-11,2026-12-11T00:00:00+00:00,Hamburger SV,FC Schalke 04,Volksparkstadion,scheduled,early_week_mode,,,,0.948,0.846,,,0-0,,draw,,0.3635,0.28,0.3565,Hamburger SV,0.3535,0.3487,0.2978,,,,"[{""score"": ""0-0"", ""probability"": 0.176203}, {""score"": ""1-0"", ""probability"": 0.147735}, {""score"": ""1-1"", ""probability"": 0.143271}, {""score"": ""0-1"", ""probability"": 0.130801}, {""score"": ""2-0"", ""probability"": 0.074711}, {""score"": ""2-1"", ""probability"": 0.06321}, {""score"": ""0-2"", ""probability"": 0.059521}, {""score"": ""1-2"", ""probability"": 0.05642}, {""score"": ""2-2"", ""probability"": 0.02674}, {""score"": ""3-0"", ""probability"": 0.023606}]",,0.3595,0.6405,No,2.5,0.2678,0.7322,False,Under 2.5,0.0,0.5279,0.4721,False,Hamburger SV (pick'em),False,False,False,False,False,False,,,,,,,,0.3635,0.6365,0.2,weekly_update_20260921T073919Z_e8b4cc71,2026-08-18.phase1,0.1.0-phase1,0.1.0-phase1,2026-09-21T07:39:19+00:00
BUNDESLIGA2627_MW13_113_BorussiaMönchengladbach_EintrachtFrankfurt,2026-27,13,2026-12-11,2026-12-11T00:00:00+00:00,Borussia Mönchengladbach,Eintracht Frankfurt,ista-Borussia-Park,scheduled,early_week_mode,,,,1.779,1.823,,,1-1,,draw,,0.376,0.275,0.349,Borussia Mönchengladbach,0.3748,0.2324,0.3928,,,,"[{""score"": ""1-1"", ""probability"": 0.095007}, {""score"": ""1-2"", ""probability"": 0.080634}, {""score"": ""2-1"", ""probability"": 0.078666}, {""score"": ""2-2"", ""probability"": 0.071721}, {""score"": ""1-3"", ""probability"": 0.04901}, {""score"": ""3-1"", ""probability"": 0.046648}, {""score"": ""0-2"", ""probability"": 0.045327}, {""score"": ""2-3"", ""probability"": 0.043593}, {""score"": ""0-1"", ""probability"": 0.04315}, {""score"": ""2-0"", ""probability"": 0.043142}]",,0.7035,0.2965,Yes,2.5,0.6976,0.3024,False,Over 2.5,0.0,0.491,0.509,False,Eintracht Frankfurt (pick'em),False,False,False,False,False,False,,,,,,,,0.376,0.624,0.2,weekly_update_20260921T073919Z_e8b4cc71,2026-08-18.phase1,0.1.0-phase1,0.1.0-phase1,2026-09-21T07:39:19+00:00
BUNDESLIGA2627_MW13_114_1.FSVMainz05_Sport-ClubFreiburg,2026-27,13,2026-12-11,2026-12-11T00:00:00+00:00,1. FSV Mainz 05,Sport-Club Freiburg,MEWA ARENA,scheduled,early_week_mode,,,,1.622,1.341,,,1-1,,draw,,0.4058,0.2845,0.3097,1. FSV Mainz 05,0.4324,0.2588,0.3088,,,,"[{""score"": ""1-1"", ""probability"": 0.120717}, {""score"": ""2-1"", ""probability"": 0.09113}, {""score"": ""1-0"", ""probability"": 0.075434}, {""score"": ""1-2"", ""probability"": 0.075368}, {""score"": ""2-0"", ""probability"": 0.067938}, {""score"": ""2-2"", ""probability"": 0.061119}, {""score"": ""0-1"", ""probability"": 0.060944}, {""score"": ""0-0"", ""probability"": 0.059996}, {""score"": ""3-1"", ""probability"": 0.049268}, {""score"": ""0-2"", ""probability"": 0.046469}]",,0.601,0.399,Yes,2.5,0.5685,0.4315,False,Over 2.5,-0.25,0.4971,0.5029,False,Sport-Club Freiburg +0.25,False,False,False,False,False,False,,,,,,,,0.4058,0.5942,0.2,weekly_update_20260921T073919Z_e8b4cc71,2026-08-18.phase1,0.1.0-phase1,0.1.0-phase1,2026-09-21T07:39:19+00:00
BUNDESLIGA2627_MW13_115_TSGHoffenheim_FCBayernMünchen,2026-27,13,2026-12-11,2026-12-11T00:00:00+00:00,TSG Hoffenheim,FC Bayern München,SNP Arena,scheduled,early_week_mode,,,,1.324,3.226,,,1-3,,away_win,,0.1445,0.1907,0.6648,FC Bayern München,0.1186,0.1416,0.7398,,,,"[{""score"": ""1-3"", ""probability"": 0.078757}, {""score"": ""1-2"", ""probability"": 0.073238}, {""score"": ""1-4"", ""probability"": 0.063519}, {""score"": ""0-3"", ""probability"": 0.059474}, {""score"": ""0-2"", ""probability"": 0.055307}, {""score"": ""2-3"", ""probability"": 0.052145}, {""score"": ""1-1"", ""probability"": 0.048775}, {""score"": ""2-2"", ""probability"": 0.048491}, {""score"": ""0-4"", ""probability"": 0.047967}, {""score"": ""2-4"", ""probability"": 0.042056}]",,0.708,0.292,Yes,2.5,0.831,0.169,False,Over 2.5,1.75,0.4873,0.5127,False,FC Bayern München -1.75,False,False,False,False,False,False,,,,,,,,0.6648,0.3352,0.2,weekly_update_20260921T073919Z_e8b4cc71,2026-08-18.phase1,0.1.0-phase1,0.1.0-phase1,2026-09-21T07:39:19+00:00
BUNDESLIGA2627_MW13_116_VfBStuttgart_1.FCUnionBerlin,2026-27,13,2026-12-11,2026-12-11T00:00:00+00:00,VfB Stuttgart,1. FC Union Berlin,MHPArena,scheduled,early_week_mode,,,,2.525,1.006,,,2-1,,home_win,,0.5858,0.2467,0.1675,VfB Stuttgart,0.6975,0.1778,0.1247,,,,"[{""score"": ""2-1"", ""probability"": 0.093994}, {""score"": ""2-0"", ""probability"": 0.093453}, {""score"": ""1-1"", ""probability"": 0.079967}, {""score"": ""3-1"", ""probability"": 0.079122}, {""score"": ""3-0"", ""probability"": 0.078666}, {""score"": ""1-0"", ""probability"": 0.068486}, {""score"": ""4-1"", ""probability"": 0.049952}, {""score"": ""4-0"", ""probability"": 0.049664}, {""score"": ""2-2"", ""probability"": 0.047269}, {""score"": ""3-2"", ""probability"": 0.03979}]",,0.5889,0.4111,Yes,2.5,0.6845,0.3155,False,Over 2.5,-1.5,0.4857,0.5143,False,1. FC Union Berlin +1.5,False,False,False,False,False,False,,,,,,,,0.5858,0.4142,0.2,weekly_update_20260921T073919Z_e8b4cc71,2026-08-18.phase1,0.1.0-phase1,0.1.0-phase1,2026-09-21T07:39:19+00:00
BUNDESLIGA2627_MW13_117_BorussiaDortmund_FCAugsburg,2026-27,13,2026-12-11,2026-12-11T00:00:00+00:00,Borussia Dortmund,FC Augsburg,SIGNAL IDUNA PARK,scheduled,early_week_mode,,,,2.377,0.866,,,2-0,,home_win,,0.6853,0.1921,0.1226,Borussia Dortmund,0.7031,0.1837,0.1132,,,,"[{""score"": ""2-0"", ""probability"": 0.11039}, {""score"": ""2-1"", ""probability"": 0.095612}, {""score"": ""3-0"", ""probability"": 0.087452}, {""score"": ""1-0"", ""probability"": 0.086923}, {""score"": ""1-1"", ""probability"": 0.086433}, {""score"": ""3-1"", ""probability"": 0.075745}, {""score"": ""4-0"", ""probability"": 0.05196}, {""score"": ""0-0"", ""probability"": 0.04506}, {""score"": ""4-1"", ""probability"": 0.045005}, {""score"": ""2-2"", ""probability"": 0.041407}]",,0.5315,0.4685,Yes,2.5,0.6287,0.3713,False,Over 2.5,-1.5,0.4815,0.5185,False,FC Augsburg +1.5,False,False,False,False,False,False,,,,,,,,0.6853,0.3147,0.2,weekly_update_20260921T073919Z_e8b4cc71,2026-08-18.phase1,0.1.0-phase1,0.1.0-phase1,2026-09-21T07:39:19+00:00
BUNDESLIGA2627_MW14_118_SVElversberg_HamburgerSV,2026-27,14,2026-12-18,2026-12-18T00:00:00+00:00,SV Elversberg,Hamburger SV,URSAPHARM-Arena,scheduled,early_week_mode,,,,2.765,1.046,,,2-1,,home_win,,0.6282,0.2431,0.1286,SV Elversberg,0.7275,0.1602,0.1123,,,,"[{""score"": ""2-1"", ""probability"": 0.088679}, {""score"": ""2-0"", ""probability"": 0.084793}, {""score"": ""3-1"", ""probability"": 0.08172}, {""score"": ""3-0"", ""probability"": 0.078139}, {""score"": ""1-1"", ""probability"": 0.068916}, {""score"": ""1-0"", ""probability"": 0.05658}, {""score"": ""4-1"", ""probability"": 0.056481}, {""score"": ""4-0"", ""probability"": 0.054005}, {""score"": ""2-2"", ""probability"": 0.046372}, {""score"": ""3-2"", ""probability"": 0.042733}]",,0.6124,0.3876,Yes,2.5,0.7322,0.2678,False,Over 2.5,-1.75,0.4769,0.5231,False,Hamburger SV +1.75,False,False,False,False,False,False,,,,,,,,0.6282,0.3718,0.2,weekly_update_20260921T073919Z_e8b4cc71,2026-08-18.phase1,0.1.0-phase1,0.1.0-phase1,2026-09-21T07:39:19+00:00
BUNDESLIGA2627_MW14_119_FCSchalke04_BorussiaMönchengladbach,2026-27,14,2026-12-18,2026-12-18T00:00:00+00:00,FC Schalke 04,Borussia Mönchengladbach,VELTINS-Arena,scheduled,early_week_mode,,,,1.065,0.967,,,1-1,,draw,,0.3786,0.2887,0.3327,FC Schalke 04,0.3629,0.3251,0.312,,,,"[{""score"": ""1-1"", ""probability"": 0.145008}, {""score"": ""0-0"", ""probability"": 0.141083}, {""score"": ""1-0"", ""probability"": 0.129558}, {""score"": ""0-1"", ""probability"": 0.11673}, {""score"": ""2-0"", ""probability"": 0.074324}, {""score"": ""2-1"", ""probability"": 0.071879}, {""score"": ""1-2"", ""probability"": 0.065273}, {""score"": ""0-2"", ""probability"": 0.061291}, {""score"": ""2-2"", ""probability"": 0.034757}, {""score"": ""3-0"", ""probability"": 0.026385}]",,0.4162,0.5838,No,2.5,0.332,0.668,False,Under 2.5,0.0,0.5255,0.4745,False,FC Schalke 04 (pick'em),False,False,False,False,False,False,,,,,,,,0.3786,0.6214,0.2,weekly_update_20260921T073919Z_e8b4cc71,2026-08-18.phase1,0.1.0-phase1,0.1.0-phase1,2026-09-21T07:39:19+00:00
BUNDESLIGA2627_MW14_120_1.FCUnionBerlin_TSGHoffenheim,2026-27,14,2026-12-18,2026-12-18T00:00:00+00:00,1. FC Union Berlin,TSG Hoffenheim,An der Alten Försterei,scheduled,early_week_mode,,,,1.544,1.793,,,1-1,,draw,,0.3218,0.2851,0.3931,TSG Hoffenheim,0.3271,0.2417,0.4312,,,,"[{""score"": ""1-1"", ""probability"": 0.105707}, {""score"": ""1-2"", ""probability"": 0.088226}, {""score"": ""2-1"", ""probability"": 0.07597}, {""score"": ""2-2"", ""probability"": 0.068114}, {""score"": ""0-2"", ""probability"": 0.057139}, {""score"": ""0-1"", ""probability"": 0.056424}, {""score"": ""1-3"", ""probability"": 0.052735}, {""score"": ""1-0"", ""probability"": 0.047571}, {""score"": ""0-0"", ""probability"": 0.042845}, {""score"": ""2-0"", ""probability"": 0.042366}]",,0.6629,0.3371,Yes,2.5,0.6479,0.3521,False,Over 2.5,0.25,0.5084,0.4916,False,1. FC Union Berlin +0.25,False,False,False,False,False,False,,,,,,,,0.3931,0.6069,0.2,weekly_update_20260921T073919Z_e8b4cc71,2026-08-18.phase1,0.1.0-phase1,0.1.0-phase1,2026-09-21T07:39:19+00:00
BUNDESLIGA2627_MW14_121_1.FSVMainz05_1.FCKöln,2026-27,14,2026-12-18,2026-12-18T00:00:00+00:00,1. FSV Mainz 05,1. FC Köln,MEWA ARENA,scheduled,early_week_mode,,,,1.979,1.117,,,1-1,,draw,,0.5331,0.2597,0.2072,1. FSV Mainz 05,0.5661,0.231,0.2029,,,,"[{""score"": ""1-1"", ""probability"": 0.107424}, {""score"": ""2-1"", ""probability"": 0.098953}, {""score"": ""2-0"", ""probability"": 0.088575}, {""score"": ""1-0"", ""probability"": 0.082089}, {""score"": ""3-1"", ""probability"": 0.065278}, {""score"": ""3-0"", ""probability"": 0.058432}, {""score"": ""1-2"", ""probability"": 0.055858}, {""score"": ""2-2"", ""probability"": 0.055273}, {""score"": ""0-0"", ""probability"": 0.052654}, {""score"": ""0-1"", ""probability"": 0.043106}]",,0.5872,0.4128,Yes,2.5,0.5979,0.4021,False,Over 2.5,-0.75,0.5099,0.4901,False,1. FSV Mainz 05 -0.75,False,False,False,False,False,False,,,,,,,,0.5331,0.4669,0.2,weekly_update_20260921T073919Z_e8b4cc71,2026-08-18.phase1,0.1.0-phase1,0.1.0-phase1,2026-09-21T07:39:19+00:00
BUNDESLIGA2627_MW14_122_FCAugsburg_SCPaderborn07,2026-27,14,2026-12-18,2026-12-18T00:00:00+00:00,FC Augsburg,SC Paderborn 07,WWK ARENA,scheduled,early_week_mode,,,,1.307,0.705,,,1-0,,home_win,,0.5339,0.2652,0.201,FC Augsburg,0.5012,0.3067,0.1921,,,,"[{""score"": ""1-0"", ""probability"": 0.165647}, {""score"": ""0-0"", ""probability"": 0.14288}, {""score"": ""1-1"", ""probability"": 0.132356}, {""score"": ""2-0"", ""probability"": 0.11423}, {""score"": ""0-1"", ""probability"": 0.08512}, {""score"": ""2-1"", ""probability"": 0.080519}, {""score"": ""3-0"", ""probability"": 0.049767}, {""score"": ""1-2"", ""probability"": 0.043424}, {""score"": ""3-1"", ""probability"": 0.03508}, {""score"": ""0-2"", ""probability"": 0.033224}]",,0.3781,0.6219,No,2.5,0.3265,0.6735,False,Under 2.5,-0.5,0.5012,0.4988,False,FC Augsburg -0.5,False,False,False,False,False,False,,,,,,,,0.5339,0.4661,0.2,weekly_update_20260921T073919Z_e8b4cc71,2026-08-18.phase1,0.1.0-phase1,0.1.0-phase1,2026-09-21T07:39:19+00:00
BUNDESLIGA2627_MW14_123_Sport-ClubFreiburg_VfBStuttgart,2026-27,14,2026-12-18,2026-12-18T00:00:00+00:00,Sport-Club Freiburg,VfB Stuttgart,Europa-Park Stadion,scheduled,early_week_mode,,,,1.677,1.695,,,1-1,,draw,,0.3924,0.2855,0.3222,Sport-Club Freiburg,0.3752,0.242,0.3829,,,,"[{""score"": ""1-1"", ""probability"": 0.104796}, {""score"": ""1-2"", ""probability"": 0.082699}, {""score"": ""2-1"", ""probability"": 0.081798}, {""score"": ""2-2"", ""probability"": 0.069342}, {""score"": ""0-1"", ""probability"": 0.050931}, {""score"": ""1-0"", ""probability"": 0.050297}, {""score"": ""0-2"", ""probability"": 0.049315}, {""score"": ""2-0"", ""probability"": 0.048246}, {""score"": ""1-3"", ""probability"": 0.046737}, {""score"": ""3-1"", ""probability"": 0.045724}]",,0.6711,0.3289,Yes,2.5,0.6549,0.3451,False,Over 2.5,0.0,0.4961,0.5039,False,VfB Stuttgart (pick'em),False,False,False,False,False,False,,,,,,,,0.3924,0.6076,0.2,weekly_update_20260921T073919Z_e8b4cc71,2026-08-18.phase1,0.1.0-phase1,0.1.0-phase1,2026-09-21T07:39:19+00:00
BUNDESLIGA2627_MW14_124_Bayer04Leverkusen_EintrachtFrankfurt,2026-27,14,2026-12-18,2026-12-18T00:00:00+00:00,Bayer 04 Leverkusen,Eintracht Frankfurt,BayArena,scheduled,early_week_mode,,,,2.575,1.269,,,2-1,,home_win,,0.5863,0.2446,0.1691,Bayer 04 Leverkusen,0.6499,0.1848,0.1653,,,,"[{""score"": ""2-1"", ""probability"": 0.0902}, {""score"": ""3-1"", ""probability"": 0.077407}, {""score"": ""1-1"", ""probability"": 0.075273}, {""score"": ""2-0"", ""probability"": 0.071077}, {""score"": ""3-0"", ""probability"": 0.060996}, {""score"": ""2-2"", ""probability"": 0.057234}, {""score"": ""1-0"", ""probability"": 0.050014}, {""score"": ""4-1"", ""probability"": 0.049822}, {""score"": ""3-2"", ""probability"": 0.049117}, {""score"": ""1-2"", ""probability"": 0.044462}]",,0.6693,0.3307,Yes,2.5,0.7377,0.2623,False,Over 2.5,-1.25,0.496,0.504,False,Eintracht Frankfurt +1.25,False,False,False,False,False,False,,,,,,,,0.5863,0.4137,0.2,weekly_update_20260921T073919Z_e8b4cc71,2026-08-18.phase1,0.1.0-phase1,0.1.0-phase1,2026-09-21T07:39:19+00:00
BUNDESLIGA2627_MW14_125_RBLeipzig_BorussiaDortmund,2026-27,14,2026-12-18,2026-12-18T00:00:00+00:00,RB Leipzig,Borussia Dortmund,Red Bull Arena,scheduled,early_week_mode,,,,1.423,1.586,,,1-1,,draw,,0.3465,0.248,0.4055,Borussia Dortmund,0.3351,0.2583,0.4067,,,,"[{""score"": ""1-1"", ""probability"": 0.119628}, {""score"": ""1-2"", ""probability"": 0.088316}, {""score"": ""2-1"", ""probability"": 0.079229}, {""score"": ""0-1"", ""probability"": 0.069995}, {""score"": ""2-2"", ""probability"": 0.062833}, {""score"": ""0-2"", ""probability"": 0.062067}, {""score"": ""1-0"", ""probability"": 0.061942}, {""score"": ""0-0"", ""probability"": 0.057609}, {""score"": ""2-0"", ""probability"": 0.049951}, {""score"": ""1-3"", ""probability"": 0.046693}]",,0.6119,0.3881,Yes,2.5,0.5788,0.4212,False,Over 2.5,0.25,0.5288,0.4712,False,RB Leipzig +0.25,False,False,False,False,False,False,,,,,,,,0.4055,0.5945,0.2,weekly_update_20260921T073919Z_e8b4cc71,2026-08-18.phase1,0.1.0-phase1,0.1.0-phase1,2026-09-21T07:39:19+00:00
BUNDESLIGA2627_MW14_126_FCBayernMünchen_SVWerderBremen,2026-27,14,2026-12-18,2026-12-18T00:00:00+00:00,FC Bayern München,SV Werder Bremen,Allianz Arena,scheduled,early_week_mode,,,,3.792,0.787,,,3-0,,home_win,,0.7943,0.1382,0.0674,FC Bayern München,0.8853,0.0787,0.0359,,,,"[{""score"": ""3-0"", ""probability"": 0.094809}, {""score"": ""4-0"", ""probability"": 0.089877}, {""score"": ""2-0"", ""probability"": 0.075009}, {""score"": ""3-1"", ""probability"": 0.074591}, {""score"": ""4-1"", ""probability"": 0.07071}, {""score"": ""5-0"", ""probability"": 0.068161}, {""score"": ""2-1"", ""probability"": 0.059013}, {""score"": ""5-1"", ""probability"": 0.053625}, {""score"": ""6-0"", ""probability"": 0.043077}, {""score"": ""1-0"", ""probability"": 0.037252}]",,0.5345,0.4655,Yes,2.5,0.8324,0.1676,False,Over 2.5,-2.75,0.5199,0.4801,False,FC Bayern München -2.75,False,False,False,False,False,False,,,,,,,,0.7943,0.2057,0.2,weekly_update_20260921T073919Z_e8b4cc71,2026-08-18.phase1,0.1.0-phase1,0.1.0-phase1,2026-09-21T07:39:19+00:00
BUNDESLIGA2627_MW15_127_SCPaderborn07_RBLeipzig,2026-27,15,2027-01-08,2027-01-08T00:00:00+00:00,SC Paderborn 07,RB Leipzig,Home Deluxe Arena,scheduled,early_week_mode,,,,0.74,1.366,,,0-1,,away_win,,0.2011,0.2174,0.5815,RB Leipzig,0.1935,0.2979,0.5085,,,,"[{""score"": ""0-1"", ""probability"": 0.157212}, {""score"": ""1-1"", ""probability"": 0.132179}, {""score"": ""0-0"", ""probability"": 0.130945}, {""score"": ""0-2"", ""probability"": 0.113582}, {""score"": ""1-2"", ""probability"": 0.084015}, {""score"": ""1-0"", ""probability"": 0.080968}, {""score"": ""0-3"", ""probability"": 0.051703}, {""score"": ""2-1"", ""probability"": 0.045507}, {""score"": ""1-3"", ""probability"": 0.038244}, {""score"": ""2-0"", ""probability"": 0.033324}]",,0.3985,0.6015,No,2.5,0.3518,0.6482,False,Under 2.5,0.5,0.4915,0.5085,False,RB Leipzig -0.5,False,False,False,False,False,False,,,,,,,,0.5815,0.4185,0.2,weekly_update_20260921T073919Z_e8b4cc71,2026-08-18.phase1,0.1.0-phase1,0.1.0-phase1,2026-09-21T07:39:19+00:00
BUNDESLIGA2627_MW15_128_SVWerderBremen_1.FCUnionBerlin,2026-27,15,2027-01-08,2027-01-08T00:00:00+00:00,SV Werder Bremen,1. FC Union Berlin,Weserstadion,scheduled,early_week_mode,,,,1.675,1.154,,,1-1,,draw,,0.4499,0.302,0.2481,SV Werder Bremen,0.4869,0.2588,0.2543,,,,"[{""score"": ""1-1"", ""probability"": 0.122656}, {""score"": ""2-1"", ""probability"": 0.095634}, {""score"": ""1-0"", ""probability"": 0.090446}, {""score"": ""2-0"", ""probability"": 0.082854}, {""score"": ""0-0"", ""probability"": 0.067529}, {""score"": ""1-2"", ""probability"": 0.065896}, {""score"": ""0-1"", ""probability"": 0.059685}, {""score"": ""2-2"", ""probability"": 0.055193}, {""score"": ""3-1"", ""probability"": 0.053401}, {""score"": ""3-0"", ""probability"": 0.046265}]",,0.5649,0.4351,Yes,2.5,0.5375,0.4625,False,Over 2.5,-0.5,0.4869,0.5131,False,1. FC Union Berlin +0.5,False,False,False,False,False,False,,,,,,,,0.4499,0.5501,0.2,weekly_update_20260921T073919Z_e8b4cc71,2026-08-18.phase1,0.1.0-phase1,0.1.0-phase1,2026-09-21T07:39:19+00:00
BUNDESLIGA2627_MW15_129_1.FCKöln_Sport-ClubFreiburg,2026-27,15,2027-01-08,2027-01-08T00:00:00+00:00,1. FC Köln,Sport-Club Freiburg,RheinEnergieSTADION,scheduled,early_week_mode,,,,1.462,1.708,,,1-1,,draw,,0.305,0.2786,0.4164,Sport-Club Freiburg,0.3227,0.2493,0.428,,,,"[{""score"": ""1-1"", ""probability"": 0.112674}, {""score"": ""1-2"", ""probability"": 0.089585}, {""score"": ""2-1"", ""probability"": 0.076674}, {""score"": ""2-2"", ""probability"": 0.065487}, {""score"": ""0-1"", ""probability"": 0.063955}, {""score"": ""0-2"", ""probability"": 0.061275}, {""score"": ""1-0"", ""probability"": 0.053616}, {""score"": ""1-3"", ""probability"": 0.05101}, {""score"": ""0-0"", ""probability"": 0.049785}, {""score"": ""2-0"", ""probability"": 0.044885}]",,0.6368,0.3632,Yes,2.5,0.6138,0.3862,False,Over 2.5,0.25,0.5096,0.4904,False,1. FC Köln +0.25,False,False,False,False,False,False,,,,,,,,0.4164,0.5836,0.2,weekly_update_20260921T073919Z_e8b4cc71,2026-08-18.phase1,0.1.0-phase1,0.1.0-phase1,2026-09-21T07:39:19+00:00
BUNDESLIGA2627_MW15_130_HamburgerSV_Bayer04Leverkusen,2026-27,15,2027-01-08,2027-01-08T00:00:00+00:00,Hamburger SV,Bayer 04 Leverkusen,Volksparkstadion,scheduled,early_week_mode,,,,0.985,2.081,,,1-1,,draw,,0.1908,0.2454,0.5638,Bayer 04 Leverkusen,0.163,0.218,0.619,,,,"[{""score"": ""1-1"", ""probability"": 0.102646}, {""score"": ""0-2"", ""probability"": 0.100974}, {""score"": ""1-2"", ""probability"": 0.099434}, {""score"": ""0-1"", ""probability"": 0.089939}, {""score"": ""0-3"", ""probability"": 0.070051}, {""score"": ""1-3"", ""probability"": 0.068982}, {""score"": ""0-0"", ""probability"": 0.053716}, {""score"": ""2-2"", ""probability"": 0.048959}, {""score"": ""2-1"", ""probability"": 0.047048}, {""score"": ""1-0"", ""probability"": 0.038818}]",,0.5554,0.4446,Yes,2.5,0.5913,0.4087,False,Over 2.5,1.0,0.4959,0.5041,False,Bayer 04 Leverkusen -1,False,False,False,False,False,False,,,,,,,,0.5638,0.4362,0.2,weekly_update_20260921T073919Z_e8b4cc71,2026-08-18.phase1,0.1.0-phase1,0.1.0-phase1,2026-09-21T07:39:19+00:00
BUNDESLIGA2627_MW15_131_BorussiaMönchengladbach_FCBayernMünchen,2026-27,15,2027-01-08,2027-01-08T00:00:00+00:00,Borussia Mönchengladbach,FC Bayern München,ista-Borussia-Park,scheduled,early_week_mode,,,,1.073,3.255,,,1-3,,away_win,,0.1199,0.1899,0.6902,FC Bayern München,0.0846,0.1267,0.7887,,,,"[{""score"": ""1-3"", ""probability"": 0.081891}, {""score"": ""0-3"", ""probability"": 0.076318}, {""score"": ""1-2"", ""probability"": 0.075471}, {""score"": ""0-2"", ""probability"": 0.070334}, {""score"": ""1-4"", ""probability"": 0.066643}, {""score"": ""0-4"", ""probability"": 0.062108}, {""score"": ""1-1"", ""probability"": 0.049811}, {""score"": ""2-3"", ""probability"": 0.043936}, {""score"": ""1-5"", ""probability"": 0.043387}, {""score"": ""2-2"", ""probability"": 0.040491}]",,0.6359,0.3641,Yes,2.5,0.8049,0.1951,False,Over 2.5,2.0,0.4846,0.5154,False,FC Bayern München -2,False,False,False,False,False,False,,,,,,,,0.6902,0.3098,0.2,weekly_update_20260921T073919Z_e8b4cc71,2026-08-18.phase1,0.1.0-phase1,0.1.0-phase1,2026-09-21T07:39:19+00:00
BUNDESLIGA2627_MW15_132_EintrachtFrankfurt_FCSchalke04,2026-27,15,2027-01-08,2027-01-08T00:00:00+00:00,Eintracht Frankfurt,FC Schalke 04,Deutsche Bank Park,scheduled,early_week_mode,,,,1.532,0.835,,,1-0,,home_win,,0.5054,0.2655,0.2291,Eintracht Frankfurt,0.5285,0.2758,0.1957,,,,"[{""score"": ""1-0"", ""probability"": 0.134807}, {""score"": ""1-1"", ""probability"": 0.128852}, {""score"": ""2-0"", ""probability"": 0.110066}, {""score"": ""0-0"", ""probability"": 0.102726}, {""score"": ""2-1"", ""probability"": 0.091865}, {""score"": ""0-1"", ""probability"": 0.069403}, {""score"": ""3-0"", ""probability"": 0.056198}, {""score"": ""1-2"", ""probability"": 0.050056}, {""score"": ""3-1"", ""probability"": 0.046905}, {""score"": ""2-2"", ""probability"": 0.038337}]",,0.4525,0.5475,No,2.5,0.4215,0.5785,False,Under 2.5,-0.5,0.5285,0.4715,False,Eintracht Frankfurt -0.5,False,False,False,False,False,False,,,,,,,,0.5054,0.4946,0.2,weekly_update_20260921T073919Z_e8b4cc71,2026-08-18.phase1,0.1.0-phase1,0.1.0-phase1,2026-09-21T07:39:19+00:00
BUNDESLIGA2627_MW15_133_TSGHoffenheim_SVElversberg,2026-27,15,2027-01-08,2027-01-08T00:00:00+00:00,TSG Hoffenheim,SV Elversberg,SNP Arena,scheduled,early_week_mode,,,,2.071,2.193,,,2-2,,draw,,0.3481,0.2533,0.3985,SV Elversberg,0.3724,0.2093,0.4183,,,,"[{""score"": ""2-2"", ""probability"": 0.072589}, {""score"": ""1-2"", ""probability"": 0.070117}, {""score"": ""1-1"", ""probability"": 0.068682}, {""score"": ""2-1"", ""probability"": 0.06619}, {""score"": ""2-3"", ""probability"": 0.053071}, {""score"": ""1-3"", ""probability"": 0.051264}, {""score"": ""3-2"", ""probability"": 0.050099}, {""score"": ""3-1"", ""probability"": 0.045683}, {""score"": ""3-3"", ""probability"": 0.036628}, {""score"": ""0-2"", ""probability"": 0.033864}]",,0.7811,0.2189,Yes,2.5,0.7979,0.2021,False,Over 2.5,0.0,0.4771,0.5229,False,SV Elversberg (pick'em),False,False,False,False,False,False,,,,,,,,0.3985,0.6015,0.2,weekly_update_20260921T073919Z_e8b4cc71,2026-08-18.phase1,0.1.0-phase1,0.1.0-phase1,2026-09-21T07:39:19+00:00
BUNDESLIGA2627_MW15_134_VfBStuttgart_FCAugsburg,2026-27,15,2027-01-08,2027-01-08T00:00:00+00:00,VfB Stuttgart,FC Augsburg,MHPArena,scheduled,early_week_mode,,,,2.268,1.175,,,2-1,,home_win,,0.543,0.2437,0.2133,VfB Stuttgart,0.613,0.2066,0.1804,,,,"[{""score"": ""2-1"", ""probability"": 0.096659}, {""score"": ""1-1"", ""probability"": 0.091556}, {""score"": ""2-0"", ""probability"": 0.082239}, {""score"": ""3-1"", ""probability"": 0.07308}, {""score"": ""1-0"", ""probability"": 0.066188}, {""score"": ""3-0"", ""probability"": 0.062178}, {""score"": ""2-2"", ""probability"": 0.056803}, {""score"": ""1-2"", ""probability"": 0.050086}, {""score"": ""3-2"", ""probability"": 0.042947}, {""score"": ""4-1"", ""probability"": 0.04144}]",,0.626,0.374,Yes,2.5,0.6684,0.3316,False,Over 2.5,-1.0,0.5047,0.4953,False,VfB Stuttgart -1,False,False,False,False,False,False,,,,,,,,0.543,0.457,0.2,weekly_update_20260921T073919Z_e8b4cc71,2026-08-18.phase1,0.1.0-phase1,0.1.0-phase1,2026-09-21T07:39:19+00:00
BUNDESLIGA2627_MW15_135_BorussiaDortmund_1.FSVMainz05,2026-27,15,2027-01-08,2027-01-08T00:00:00+00:00,Borussia Dortmund,1. FSV Mainz 05,SIGNAL IDUNA PARK,scheduled,early_week_mode,,,,2.134,0.911,,,2-0,,home_win,,0.6551,0.2014,0.1435,Borussia Dortmund,0.6475,0.2098,0.1427,,,,"[{""score"": ""2-0"", ""probability"": 0.108461}, {""score"": ""1-1"", ""probability"": 0.099411}, {""score"": ""2-1"", ""probability"": 0.098761}, {""score"": ""1-0"", ""probability"": 0.09476}, {""score"": ""3-0"", ""probability"": 0.077167}, {""score"": ""3-1"", ""probability"": 0.070266}, {""score"": ""0-0"", ""probability"": 0.054485}, {""score"": ""2-2"", ""probability"": 0.044964}, {""score"": ""1-2"", ""probability"": 0.042132}, {""score"": ""4-0"", ""probability"": 0.041177}]",,0.5338,0.4662,Yes,2.5,0.5867,0.4133,False,Over 2.5,-1.25,0.474,0.526,False,1. FSV Mainz 05 +1.25,False,False,False,False,False,False,,,,,,,,0.6551,0.3449,0.2,weekly_update_20260921T073919Z_e8b4cc71,2026-08-18.phase1,0.1.0-phase1,0.1.0-phase1,2026-09-21T07:39:19+00:00
BUNDESLIGA2627_MW16_136_SVElversberg_EintrachtFrankfurt,2026-27,16,2027-01-12,2027-01-12T00:00:00+00:00,SV Elversberg,Eintracht Frankfurt,URSAPHARM-Arena,scheduled,early_week_mode,,,,2.727,1.69,,,2-1,,home_win,,0.5144,0.2755,0.2101,SV Elversberg,0.5921,0.1847,0.2232,,,,"[{""score"": ""2-1"", ""probability"": 0.076003}, {""score"": ""3-1"", ""probability"": 0.069093}, {""score"": ""2-2"", ""probability"": 0.064224}, {""score"": ""1-1"", ""probability"": 0.059874}, {""score"": ""3-2"", ""probability"": 0.058385}, {""score"": ""4-1"", ""probability"": 0.047109}, {""score"": ""1-2"", ""probability"": 0.047098}, {""score"": ""2-0"", ""probability"": 0.044972}, {""score"": ""3-0"", ""probability"": 0.040883}, {""score"": ""4-2"", ""probability"": 0.039808}]",,0.7662,0.2338,Yes,2.5,0.8165,0.1835,False,Over 2.5,-1.0,0.4963,0.5037,False,Eintracht Frankfurt +1,False,False,False,False,False,False,,,,,,,,0.5144,0.4856,0.2,weekly_update_20260921T073919Z_e8b4cc71,2026-08-18.phase1,0.1.0-phase1,0.1.0-phase1,2026-09-21T07:39:19+00:00
BUNDESLIGA2627_MW16_137_FCSchalke04_SVWerderBremen,2026-27,16,2027-01-12,2027-01-12T00:00:00+00:00,FC Schalke 04,SV Werder Bremen,VELTINS-Arena,scheduled,early_week_mode,,,,0.989,0.889,,,0-0,,draw,,0.3933,0.2749,0.3318,FC Schalke 04,0.357,0.3398,0.3032,,,,"[{""score"": ""0-0"", ""probability"": 0.162802}, {""score"": ""1-1"", ""probability"": 0.144412}, {""score"": ""1-0"", ""probability"": 0.141213}, {""score"": ""0-1"", ""probability"": 0.125902}, {""score"": ""2-0"", ""probability"": 0.07479}, {""score"": ""2-1"", ""probability"": 0.066499}, {""score"": ""0-2"", ""probability"": 0.060409}, {""score"": ""1-2"", ""probability"": 0.059765}, {""score"": ""2-2"", ""probability"": 0.029564}, {""score"": ""3-0"", ""probability"": 0.024664}]",,0.38,0.62,No,2.5,0.2905,0.7095,False,Under 2.5,0.0,0.5269,0.4731,False,FC Schalke 04 (pick'em),False,False,False,False,False,False,,,,,,,,0.3933,0.6067,0.2,weekly_update_20260921T073919Z_e8b4cc71,2026-08-18.phase1,0.1.0-phase1,0.1.0-phase1,2026-09-21T07:39:19+00:00
BUNDESLIGA2627_MW16_138_1.FCKöln_BorussiaDortmund,2026-27,16,2027-01-12,2027-01-12T00:00:00+00:00,1. FC Köln,Borussia Dortmund,RheinEnergieSTADION,scheduled,early_week_mode,,,,1.029,2.168,,,1-2,,away_win,,0.1679,0.2316,0.6004,Borussia Dortmund,0.1626,0.2112,0.6262,,,,"[{""score"": ""1-2"", ""probability"": 0.098914}, {""score"": ""1-1"", ""probability"": 0.098036}, {""score"": ""0-2"", ""probability"": 0.096103}, {""score"": ""0-1"", ""probability"": 0.081894}, {""score"": ""1-3"", ""probability"": 0.071472}, {""score"": ""0-3"", ""probability"": 0.069441}, {""score"": ""2-2"", ""probability"": 0.050903}, {""score"": ""0-0"", ""probability"": 0.04768}, {""score"": ""2-1"", ""probability"": 0.046965}, {""score"": ""1-4"", ""probability"": 0.038732}]",,0.5759,0.4241,Yes,2.5,0.6193,0.3807,False,Over 2.5,1.0,0.4864,0.5136,False,Borussia Dortmund -1,False,False,False,False,False,False,,,,,,,,0.6004,0.3996,0.2,weekly_update_20260921T073919Z_e8b4cc71,2026-08-18.phase1,0.1.0-phase1,0.1.0-phase1,2026-09-21T07:39:19+00:00
BUNDESLIGA2627_MW16_139_1.FCUnionBerlin_SCPaderborn07,2026-27,16,2027-01-12,2027-01-12T00:00:00+00:00,1. FC Union Berlin,SC Paderborn 07,An der Alten Försterei,scheduled,early_week_mode,,,,1.118,0.785,,,0-0,,draw,,0.488,0.2518,0.2602,1. FC Union Berlin,0.4232,0.331,0.2458,,,,"[{""score"": ""0-0"", ""probability"": 0.158794}, {""score"": ""1-0"", ""probability"": 0.157029}, {""score"": ""1-1"", ""probability"": 0.140573}, {""score"": ""0-1"", ""probability"": 0.107282}, {""score"": ""2-0"", ""probability"": 0.09325}, {""score"": ""2-1"", ""probability"": 0.073182}, {""score"": ""1-2"", ""probability"": 0.051348}, {""score"": ""0-2"", ""probability"": 0.045909}, {""score"": ""3-0"", ""probability"": 0.034766}, {""score"": ""2-2"", ""probability"": 0.028716}]",,0.3758,0.6242,No,2.5,0.2972,0.7028,False,Under 2.5,-0.25,0.5059,0.4941,False,1. FC Union Berlin -0.25,False,False,False,False,False,False,,,,,,,,0.488,0.512,0.2,weekly_update_20260921T073919Z_e8b4cc71,2026-08-18.phase1,0.1.0-phase1,0.1.0-phase1,2026-09-21T07:39:19+00:00
BUNDESLIGA2627_MW16_140_1.FSVMainz05_TSGHoffenheim,2026-27,16,2027-01-12,2027-01-12T00:00:00+00:00,1. FSV Mainz 05,TSG Hoffenheim,MEWA ARENA,scheduled,early_week_mode,,,,1.897,1.446,,,1-1,,draw,,0.4184,0.3065,0.2751,1. FSV Mainz 05,0.475,0.2373,0.2878,,,,"[{""score"": ""1-1"", ""probability"": 0.104118}, {""score"": ""2-1"", ""probability"": 0.091927}, {""score"": ""1-2"", ""probability"": 0.070097}, {""score"": ""2-2"", ""probability"": 0.066484}, {""score"": ""2-0"", ""probability"": 0.063553}, {""score"": ""1-0"", ""probability"": 0.059811}, {""score"": ""3-1"", ""probability"": 0.058126}, {""score"": ""0-1"", ""probability"": 0.0439}, {""score"": ""0-0"", ""probability"": 0.042519}, {""score"": ""3-2"", ""probability"": 0.042038}]",,0.6571,0.3429,Yes,2.5,0.6491,0.3509,False,Over 2.5,-0.5,0.475,0.525,False,TSG Hoffenheim +0.5,False,False,False,False,False,False,,,,,,,,0.4184,0.5816,0.2,weekly_update_20260921T073919Z_e8b4cc71,2026-08-18.phase1,0.1.0-phase1,0.1.0-phase1,2026-09-21T07:39:19+00:00
BUNDESLIGA2627_MW16_141_FCAugsburg_BorussiaMönchengladbach,2026-27,16,2027-01-12,2027-01-12T00:00:00+00:00,FC Augsburg,Borussia Mönchengladbach,WWK ARENA,scheduled,early_week_mode,,,,1.821,1.305,,,1-1,,draw,,0.449,0.2797,0.2713,FC Augsburg,0.4878,0.2448,0.2675,,,,"[{""score"": ""1-1"", ""probability"": 0.11208}, {""score"": ""2-1"", ""probability"": 0.094979}, {""score"": ""2-0"", ""probability"": 0.072775}, {""score"": ""1-0"", ""probability"": 0.072199}, {""score"": ""1-2"", ""probability"": 0.068083}, {""score"": ""2-2"", ""probability"": 0.061978}, {""score"": ""3-1"", ""probability"": 0.057641}, {""score"": ""0-0"", ""probability"": 0.051655}, {""score"": ""0-1"", ""probability"": 0.049561}, {""score"": ""3-0"", ""probability"": 0.044166}]",,0.6186,0.3814,Yes,2.5,0.6043,0.3957,False,Over 2.5,-0.5,0.4878,0.5122,False,Borussia Mönchengladbach +0.5,False,False,False,False,False,False,,,,,,,,0.449,0.551,0.2,weekly_update_20260921T073919Z_e8b4cc71,2026-08-18.phase1,0.1.0-phase1,0.1.0-phase1,2026-09-21T07:39:19+00:00
BUNDESLIGA2627_MW16_142_Sport-ClubFreiburg_HamburgerSV,2026-27,16,2027-01-12,2027-01-12T00:00:00+00:00,Sport-Club Freiburg,Hamburger SV,Europa-Park Stadion,scheduled,early_week_mode,,,,2.064,0.956,,,2-0,,home_win,,0.5841,0.242,0.1739,Sport-Club Freiburg,0.6222,0.2188,0.159,,,,"[{""score"": ""2-0"", ""probability"": 0.103965}, {""score"": ""1-1"", ""probability"": 0.103488}, {""score"": ""2-1"", ""probability"": 0.099406}, {""score"": ""1-0"", ""probability"": 0.093603}, {""score"": ""3-0"", ""probability"": 0.071518}, {""score"": ""3-1"", ""probability"": 0.068383}, {""score"": ""0-0"", ""probability"": 0.055973}, {""score"": ""2-2"", ""probability"": 0.047524}, {""score"": ""1-2"", ""probability"": 0.046056}, {""score"": ""0-1"", ""probability"": 0.039529}]",,0.5446,0.4554,Yes,2.5,0.5811,0.4189,False,Over 2.5,-1.0,0.5063,0.4937,False,Sport-Club Freiburg -1,False,False,False,False,False,False,,,,,,,,0.5841,0.4159,0.2,weekly_update_20260921T073919Z_e8b4cc71,2026-08-18.phase1,0.1.0-phase1,0.1.0-phase1,2026-09-21T07:39:19+00:00
BUNDESLIGA2627_MW16_143_RBLeipzig_VfBStuttgart,2026-27,16,2027-01-12,2027-01-12T00:00:00+00:00,RB Leipzig,VfB Stuttgart,Red Bull Arena,scheduled,early_week_mode,,,,1.931,1.514,,,1-1,,draw,,0.5198,0.2326,0.2476,RB Leipzig,0.4686,0.234,0.2974,,,,"[{""score"": ""1-1"", ""probability"": 0.100234}, {""score"": ""2-1"", ""probability"": 0.090083}, {""score"": ""1-2"", ""probability"": 0.070622}, {""score"": ""2-2"", ""probability"": 0.068182}, {""score"": ""2-0"", ""probability"": 0.059509}, {""score"": ""3-1"", ""probability"": 0.05798}, {""score"": ""1-0"", ""probability"": 0.054712}, {""score"": ""3-2"", ""probability"": 0.043884}, {""score"": ""0-1"", ""probability"": 0.041397}, {""score"": ""0-0"", ""probability"": 0.038849}]",,0.6737,0.3263,Yes,2.5,0.6687,0.3313,False,Over 2.5,-0.25,0.5271,0.4729,False,RB Leipzig -0.25,False,False,False,False,False,False,,,,,,,,0.5198,0.4802,0.2,weekly_update_20260921T073919Z_e8b4cc71,2026-08-18.phase1,0.1.0-phase1,0.1.0-phase1,2026-09-21T07:39:19+00:00
BUNDESLIGA2627_MW16_144_FCBayernMünchen_Bayer04Leverkusen,2026-27,16,2027-01-12,2027-01-12T00:00:00+00:00,FC Bayern München,Bayer 04 Leverkusen,Allianz Arena,scheduled,early_week_mode,,,,2.841,1.238,,,2-1,,home_win,,0.6627,0.2061,0.1312,FC Bayern München,0.7004,0.1637,0.1359,,,,"[{""score"": ""2-1"", ""probability"": 0.084781}, {""score"": ""3-1"", ""probability"": 0.080283}, {""score"": ""2-0"", ""probability"": 0.068459}, {""score"": ""3-0"", ""probability"": 0.064827}, {""score"": ""1-1"", ""probability"": 0.064118}, {""score"": ""4-1"", ""probability"": 0.057017}, {""score"": ""2-2"", ""probability"": 0.052497}, {""score"": ""3-2"", ""probability"": 0.049712}, {""score"": ""4-0"", ""probability"": 0.04604}, {""score"": ""1-0"", ""probability"": 0.043765}]",,0.673,0.327,Yes,2.5,0.7727,0.2273,False,Over 2.5,-1.5,0.5047,0.4953,False,FC Bayern München -1.5,False,False,False,False,False,False,,,,,,,,0.6627,0.3373,0.2,weekly_update_20260921T073919Z_e8b4cc71,2026-08-18.phase1,0.1.0-phase1,0.1.0-phase1,2026-09-21T07:39:19+00:00
BUNDESLIGA2627_MW17_145_SCPaderborn07_1.FCKöln,2026-27,17,2027-01-15,2027-01-15T00:00:00+00:00,SC Paderborn 07,1. FC Köln,Home Deluxe Arena,scheduled,early_week_mode,,,,1.011,0.988,,,0-0,,draw,,0.3484,0.2832,0.3684,1. FC Köln,0.3417,0.3287,0.3296,,,,"[{""score"": ""0-0"", ""probability"": 0.145558}, {""score"": ""1-1"", ""probability"": 0.145363}, {""score"": ""1-0"", ""probability"": 0.126945}, {""score"": ""0-1"", ""probability"": 0.123813}, {""score"": ""2-0"", ""probability"": 0.069242}, {""score"": ""2-1"", ""probability"": 0.068396}, {""score"": ""1-2"", ""probability"": 0.066832}, {""score"": ""0-2"", ""probability"": 0.066112}, {""score"": ""2-2"", ""probability"": 0.033781}, {""score"": ""3-0"", ""probability"": 0.023332}]",,0.4093,0.5907,No,2.5,0.323,0.677,False,Under 2.5,0.0,0.5061,0.4939,False,SC Paderborn 07 (pick'em),False,False,False,False,False,False,,,,,,,,0.3684,0.6316,0.2,weekly_update_20260921T073919Z_e8b4cc71,2026-08-18.phase1,0.1.0-phase1,0.1.0-phase1,2026-09-21T07:39:19+00:00
BUNDESLIGA2627_MW17_146_SVWerderBremen_SVElversberg,2026-27,17,2027-01-15,2027-01-15T00:00:00+00:00,SV Werder Bremen,SV Elversberg,Weserstadion,scheduled,early_week_mode,,,,1.543,2.056,,,1-1,,draw,,0.2786,0.24,0.4814,SV Elversberg,0.2842,0.2256,0.4901,,,,"[{""score"": ""1-1"", ""probability"": 0.093257}, {""score"": ""1-2"", ""probability"": 0.089242}, {""score"": ""2-2"", ""probability"": 0.068829}, {""score"": ""2-1"", ""probability"": 0.066956}, {""score"": ""1-3"", ""probability"": 0.06116}, {""score"": ""0-2"", ""probability"": 0.057854}, {""score"": ""0-1"", ""probability"": 0.049835}, {""score"": ""2-3"", ""probability"": 0.04717}, {""score"": ""0-3"", ""probability"": 0.039649}, {""score"": ""1-0"", ""probability"": 0.03578}]",,0.692,0.308,Yes,2.5,0.6969,0.3031,False,Over 2.5,0.5,0.5099,0.4901,False,SV Werder Bremen +0.5,False,False,False,False,False,False,,,,,,,,0.4814,0.5186,0.2,weekly_update_20260921T073919Z_e8b4cc71,2026-08-18.phase1,0.1.0-phase1,0.1.0-phase1,2026-09-21T07:39:19+00:00
BUNDESLIGA2627_MW17_147_HamburgerSV_FCAugsburg,2026-27,17,2027-01-15,2027-01-15T00:00:00+00:00,Hamburger SV,FC Augsburg,Volksparkstadion,scheduled,early_week_mode,,,,1.279,1.446,,,1-1,,draw,,0.3243,0.2848,0.3909,FC Augsburg,0.3248,0.2737,0.4015,,,,"[{""score"": ""1-1"", ""probability"": 0.130206}, {""score"": ""1-2"", ""probability"": 0.087657}, {""score"": ""0-1"", ""probability"": 0.085757}, {""score"": ""2-1"", ""probability"": 0.077522}, {""score"": ""1-0"", ""probability"": 0.074801}, {""score"": ""0-0"", ""probability"": 0.074509}, {""score"": ""0-2"", ""probability"": 0.068527}, {""score"": ""2-2"", ""probability"": 0.056064}, {""score"": ""2-0"", ""probability"": 0.053597}, {""score"": ""1-3"", ""probability"": 0.042263}]",,0.5608,0.4392,Yes,2.5,0.5126,0.4874,False,Over 2.5,0.25,0.5301,0.4699,False,Hamburger SV +0.25,False,False,False,False,False,False,,,,,,,,0.3909,0.6091,0.2,weekly_update_20260921T073919Z_e8b4cc71,2026-08-18.phase1,0.1.0-phase1,0.1.0-phase1,2026-09-21T07:39:19+00:00
BUNDESLIGA2627_MW17_148_BorussiaMönchengladbach_1.FCUnionBerlin,2026-27,17,2027-01-15,2027-01-15T00:00:00+00:00,Borussia Mönchengladbach,1. FC Union Berlin,ista-Borussia-Park,scheduled,early_week_mode,,,,1.822,1.243,,,1-1,,draw,,0.482,0.2686,0.2494,Borussia Mönchengladbach,0.502,0.2452,0.2528,,,,"[{""score"": ""1-1"", ""probability"": 0.113527}, {""score"": ""2-1"", ""probability"": 0.096277}, {""score"": ""2-0"", ""probability"": 0.077487}, {""score"": ""1-0"", ""probability"": 0.07721}, {""score"": ""1-2"", ""probability"": 0.065655}, {""score"": ""2-2"", ""probability"": 0.059812}, {""score"": ""3-1"", ""probability"": 0.058473}, {""score"": ""0-0"", ""probability"": 0.054527}, {""score"": ""0-1"", ""probability"": 0.050157}, {""score"": ""3-0"", ""probability"": 0.047061}]",,0.6041,0.3959,Yes,2.5,0.5911,0.4089,False,Over 2.5,-0.5,0.502,0.498,False,Borussia Mönchengladbach -0.5,False,False,False,False,False,False,,,,,,,,0.482,0.518,0.2,weekly_update_20260921T073919Z_e8b4cc71,2026-08-18.phase1,0.1.0-phase1,0.1.0-phase1,2026-09-21T07:39:19+00:00
BUNDESLIGA2627_MW17_149_EintrachtFrankfurt_FCBayernMünchen,2026-27,17,2027-01-15,2027-01-15T00:00:00+00:00,Eintracht Frankfurt,FC Bayern München,Deutsche Bank Park,scheduled,early_week_mode,,,,1.355,3.199,,,1-3,,away_win,,0.1436,0.2019,0.6546,FC Bayern München,0.1248,0.1447,0.7304,,,,"[{""score"": ""1-3"", ""probability"": 0.078254}, {""score"": ""1-2"", ""probability"": 0.073386}, {""score"": ""1-4"", ""probability"": 0.062583}, {""score"": ""0-3"", ""probability"": 0.057737}, {""score"": ""0-2"", ""probability"": 0.054146}, {""score"": ""2-3"", ""probability"": 0.05303}, {""score"": ""2-2"", ""probability"": 0.049732}, {""score"": ""1-1"", ""probability"": 0.049287}, {""score"": ""0-4"", ""probability"": 0.046175}, {""score"": ""2-4"", ""probability"": 0.042411}]",,0.7151,0.2849,Yes,2.5,0.8315,0.1685,False,Over 2.5,1.75,0.4978,0.5022,False,FC Bayern München -1.75,False,False,False,False,False,False,,,,,,,,0.6546,0.3454,0.2,weekly_update_20260921T073919Z_e8b4cc71,2026-08-18.phase1,0.1.0-phase1,0.1.0-phase1,2026-09-21T07:39:19+00:00
BUNDESLIGA2627_MW17_150_Bayer04Leverkusen_FCSchalke04,2026-27,17,2027-01-15,2027-01-15T00:00:00+00:00,Bayer 04 Leverkusen,FC Schalke 04,BayArena,scheduled,early_week_mode,,,,1.755,0.591,,,1-0,,home_win,,0.6186,0.2412,0.1403,Bayer 04 Leverkusen,0.6489,0.2388,0.1123,,,,"[{""score"": ""1-0"", ""probability"": 0.160668}, {""score"": ""2-0"", ""probability"": 0.147459}, {""score"": ""1-1"", ""probability"": 0.106702}, {""score"": ""0-0"", ""probability"": 0.103122}, {""score"": ""2-1"", ""probability"": 0.087162}, {""score"": ""3-0"", ""probability"": 0.086265}, {""score"": ""3-1"", ""probability"": 0.05099}, {""score"": ""0-1"", ""probability"": 0.049222}, {""score"": ""4-0"", ""probability"": 0.037849}, {""score"": ""1-2"", ""probability"": 0.029356}]",,0.3765,0.6235,No,2.5,0.4161,0.5839,False,Under 2.5,-1.0,0.5168,0.4832,False,Bayer 04 Leverkusen -1,False,False,False,False,False,False,,,,,,,,0.6186,0.3814,0.2,weekly_update_20260921T073919Z_e8b4cc71,2026-08-18.phase1,0.1.0-phase1,0.1.0-phase1,2026-09-21T07:39:19+00:00
BUNDESLIGA2627_MW17_151_TSGHoffenheim_RBLeipzig,2026-27,17,2027-01-15,2027-01-15T00:00:00+00:00,TSG Hoffenheim,RB Leipzig,SNP Arena,scheduled,early_week_mode,,,,1.69,1.885,,,1-1,,draw,,0.3194,0.2741,0.4065,RB Leipzig,0.3442,0.2325,0.4233,,,,"[{""score"": ""1-1"", ""probability"": 0.095879}, {""score"": ""1-2"", ""probability"": 0.084131}, {""score"": ""2-1"", ""probability"": 0.075424}, {""score"": ""2-2"", ""probability"": 0.071096}, {""score"": ""1-3"", ""probability"": 0.052869}, {""score"": ""0-2"", ""probability"": 0.049778}, {""score"": ""0-1"", ""probability"": 0.046183}, {""score"": ""2-3"", ""probability"": 0.044677}, {""score"": ""3-1"", ""probability"": 0.042492}, {""score"": ""1-0"", ""probability"": 0.040718}]",,0.6983,0.3017,Yes,2.5,0.6928,0.3072,False,Over 2.5,0.25,0.5186,0.4814,False,TSG Hoffenheim +0.25,False,False,False,False,False,False,,,,,,,,0.4065,0.5935,0.2,weekly_update_20260921T073919Z_e8b4cc71,2026-08-18.phase1,0.1.0-phase1,0.1.0-phase1,2026-09-21T07:39:19+00:00
BUNDESLIGA2627_MW17_152_VfBStuttgart_1.FSVMainz05,2026-27,17,2027-01-15,2027-01-15T00:00:00+00:00,VfB Stuttgart,1. FSV Mainz 05,MHPArena,scheduled,early_week_mode,,,,2.037,1.236,,,1-1,,draw,,0.5047,0.2466,0.2487,VfB Stuttgart,0.5518,0.2273,0.2209,,,,"[{""score"": ""1-1"", ""probability"": 0.102519}, {""score"": ""2-1"", ""probability"": 0.097202}, {""score"": ""2-0"", ""probability"": 0.078666}, {""score"": ""1-0"", ""probability"": 0.070151}, {""score"": ""3-1"", ""probability"": 0.066002}, {""score"": ""2-2"", ""probability"": 0.060053}, {""score"": ""1-2"", ""probability"": 0.058961}, {""score"": ""3-0"", ""probability"": 0.053415}, {""score"": ""0-0"", ""probability"": 0.045}, {""score"": ""3-2"", ""probability"": 0.040777}]",,0.6239,0.3761,Yes,2.5,0.635,0.365,False,Over 2.5,-0.75,0.4973,0.5027,False,1. FSV Mainz 05 +0.75,False,False,False,False,False,False,,,,,,,,0.5047,0.4953,0.2,weekly_update_20260921T073919Z_e8b4cc71,2026-08-18.phase1,0.1.0-phase1,0.1.0-phase1,2026-09-21T07:39:19+00:00
BUNDESLIGA2627_MW17_153_BorussiaDortmund_Sport-ClubFreiburg,2026-27,17,2027-01-15,2027-01-15T00:00:00+00:00,Borussia Dortmund,Sport-Club Freiburg,SIGNAL IDUNA PARK,scheduled,early_week_mode,,,,2.228,0.986,,,2-0,,home_win,,0.6382,0.211,0.1508,Borussia Dortmund,0.6481,0.2038,0.148,,,,"[{""score"": ""2-0"", ""probability"": 0.099867}, {""score"": ""2-1"", ""probability"": 0.098422}, {""score"": ""1-1"", ""probability"": 0.094925}, {""score"": ""1-0"", ""probability"": 0.083102}, {""score"": ""3-0"", ""probability"": 0.074155}, {""score"": ""3-1"", ""probability"": 0.073082}, {""score"": ""2-2"", ""probability"": 0.048499}, {""score"": ""0-0"", ""probability"": 0.04681}, {""score"": ""1-2"", ""probability"": 0.043543}, {""score"": ""4-0"", ""probability"": 0.041297}]",,0.5657,0.4343,Yes,2.5,0.6226,0.3774,False,Over 2.5,-1.25,0.4795,0.5205,False,Sport-Club Freiburg +1.25,False,False,False,False,False,False,,,,,,,,0.6382,0.3618,0.2,weekly_update_20260921T073919Z_e8b4cc71,2026-08-18.phase1,0.1.0-phase1,0.1.0-phase1,2026-09-21T07:39:19+00:00
BUNDESLIGA2627_MW18_154_SCPaderborn07_1.FSVMainz05,2026-27,18,2027-01-22,2027-01-22T00:00:00+00:00,SC Paderborn 07,1. FSV Mainz 05,Home Deluxe Arena,scheduled,early_week_mode,,,,0.794,1.096,,,0-0,,draw,,0.2689,0.2487,0.4824,1. FSV Mainz 05,0.2526,0.3336,0.4138,,,,"[{""score"": ""0-0"", ""probability"": 0.16089}, {""score"": ""0-1"", ""probability"": 0.155851}, {""score"": ""1-1"", ""probability"": 0.141222}, {""score"": ""1-0"", ""probability"": 0.110209}, {""score"": ""0-2"", ""probability"": 0.090738}, {""score"": ""1-2"", ""probability"": 0.072029}, {""score"": ""2-1"", ""probability"": 0.052178}, {""score"": ""2-0"", ""probability"": 0.047616}, {""score"": ""0-3"", ""probability"": 0.033144}, {""score"": ""2-2"", ""probability"": 0.028588}]",,0.3745,0.6255,No,2.5,0.2935,0.7065,False,Under 2.5,0.25,0.5028,0.4972,False,SC Paderborn 07 +0.25,False,False,False,False,False,False,,,,,,,,0.4824,0.5176,0.2,weekly_update_20260921T073919Z_e8b4cc71,2026-08-18.phase1,0.1.0-phase1,0.1.0-phase1,2026-09-21T07:39:19+00:00
BUNDESLIGA2627_MW18_155_FCSchalke04_FCAugsburg,2026-27,18,2027-01-22,2027-01-22T00:00:00+00:00,FC Schalke 04,FC Augsburg,VELTINS-Arena,scheduled,early_week_mode,,,,0.963,0.973,,,0-0,,draw,,0.3683,0.2656,0.3661,FC Schalke 04,0.33,0.3348,0.3352,,,,"[{""score"": ""0-0"", ""probability"": 0.154392}, {""score"": ""1-1"", ""probability"": 0.145224}, {""score"": ""0-1"", ""probability"": 0.130377}, {""score"": ""1-0"", ""probability"": 0.128949}, {""score"": ""0-2"", ""probability"": 0.068289}, {""score"": ""2-0"", ""probability"": 0.066906}, {""score"": ""1-2"", ""probability"": 0.065748}, {""score"": ""2-1"", ""probability"": 0.065079}, {""score"": ""2-2"", ""probability"": 0.031651}, {""score"": ""0-3"", ""probability"": 0.022141}]",,0.3945,0.6055,No,2.5,0.3059,0.6941,False,Under 2.5,0.0,0.4974,0.5026,False,FC Augsburg (pick'em),False,False,False,False,False,False,,,,,,,,0.3683,0.6317,0.2,weekly_update_20260921T073919Z_e8b4cc71,2026-08-18.phase1,0.1.0-phase1,0.1.0-phase1,2026-09-21T07:39:19+00:00
BUNDESLIGA2627_MW18_156_SVWerderBremen_Sport-ClubFreiburg,2026-27,18,2027-01-22,2027-01-22T00:00:00+00:00,SV Werder Bremen,Sport-Club Freiburg,Weserstadion,scheduled,early_week_mode,,,,1.41,1.535,,,1-1,,draw,,0.3359,0.2902,0.3739,Sport-Club Freiburg,0.3414,0.262,0.3966,,,,"[{""score"": ""1-1"", ""probability"": 0.122309}, {""score"": ""1-2"", ""probability"": 0.087371}, {""score"": ""2-1"", ""probability"": 0.080283}, {""score"": ""0-1"", ""probability"": 0.072282}, {""score"": ""1-0"", ""probability"": 0.065733}, {""score"": ""0-2"", ""probability"": 0.061954}, {""score"": ""2-2"", ""probability"": 0.061607}, {""score"": ""0-0"", ""probability"": 0.061056}, {""score"": ""2-0"", ""probability"": 0.05231}, {""score"": ""1-3"", ""probability"": 0.044697}]",,0.6015,0.3985,Yes,2.5,0.5644,0.4356,False,Over 2.5,0.0,0.4724,0.5276,False,Sport-Club Freiburg (pick'em),False,False,False,False,False,False,,,,,,,,0.3739,0.6261,0.2,weekly_update_20260921T073919Z_e8b4cc71,2026-08-18.phase1,0.1.0-phase1,0.1.0-phase1,2026-09-21T07:39:19+00:00
BUNDESLIGA2627_MW18_157_HamburgerSV_BorussiaDortmund,2026-27,18,2027-01-22,2027-01-22T00:00:00+00:00,Hamburger SV,Borussia Dortmund,Volksparkstadion,scheduled,early_week_mode,,,,0.844,2.088,,,0-2,,away_win,,0.1554,0.2253,0.6193,Borussia Dortmund,0.1341,0.2116,0.6543,,,,"[{""score"": ""0-2"", ""probability"": 0.116195}, {""score"": ""0-1"", ""probability"": 0.1043}, {""score"": ""1-1"", ""probability"": 0.100892}, {""score"": ""1-2"", ""probability"": 0.098075}, {""score"": ""0-3"", ""probability"": 0.080891}, {""score"": ""1-3"", ""probability"": 0.068276}, {""score"": ""0-0"", ""probability"": 0.060251}, {""score"": ""0-4"", ""probability"": 0.042235}, {""score"": ""2-2"", ""probability"": 0.04139}, {""score"": ""2-1"", ""probability"": 0.039637}]",,0.5064,0.4936,Yes,2.5,0.5614,0.4386,False,Over 2.5,1.25,0.5225,0.4775,False,Hamburger SV +1.25,False,False,False,False,False,False,,,,,,,,0.6193,0.3807,0.2,weekly_update_20260921T073919Z_e8b4cc71,2026-08-18.phase1,0.1.0-phase1,0.1.0-phase1,2026-09-21T07:39:19+00:00
BUNDESLIGA2627_MW18_158_BorussiaMönchengladbach_RBLeipzig,2026-27,18,2027-01-22,2027-01-22T00:00:00+00:00,Borussia Mönchengladbach,RB Leipzig,ista-Borussia-Park,scheduled,early_week_mode,,,,1.37,1.902,,,1-1,,draw,,0.2619,0.2798,0.4583,RB Leipzig,0.2696,0.2379,0.4925,,,,"[{""score"": ""1-1"", ""probability"": 0.106193}, {""score"": ""1-2"", ""probability"": 0.094024}, {""score"": ""0-2"", ""probability"": 0.068654}, {""score"": ""2-1"", ""probability"": 0.067692}, {""score"": ""0-1"", ""probability"": 0.064843}, {""score"": ""2-2"", ""probability"": 0.064384}, {""score"": ""1-3"", ""probability"": 0.059619}, {""score"": ""0-0"", ""probability"": 0.045284}, {""score"": ""1-0"", ""probability"": 0.044628}, {""score"": ""0-3"", ""probability"": 0.043533}]",,0.6418,0.3582,Yes,2.5,0.6348,0.3652,False,Over 2.5,0.5,0.5075,0.4925,False,Borussia Mönchengladbach +0.5,False,False,False,False,False,False,,,,,,,,0.4583,0.5417,0.2,weekly_update_20260921T073919Z_e8b4cc71,2026-08-18.phase1,0.1.0-phase1,0.1.0-phase1,2026-09-21T07:39:19+00:00
BUNDESLIGA2627_MW18_159_EintrachtFrankfurt_1.FCUnionBerlin,2026-27,18,2027-01-22,2027-01-22T00:00:00+00:00,Eintracht Frankfurt,1. FC Union Berlin,Deutsche Bank Park,scheduled,early_week_mode,,,,2.301,1.221,,,2-1,,home_win,,0.5423,0.2564,0.2013,Eintracht Frankfurt,0.6095,0.205,0.1855,,,,"[{""score"": ""2-1"", ""probability"": 0.095541}, {""score"": ""1-1"", ""probability"": 0.089192}, {""score"": ""2-0"", ""probability"": 0.078246}, {""score"": ""3-1"", ""probability"": 0.073293}, {""score"": ""1-0"", ""probability"": 0.061834}, {""score"": ""3-0"", ""probability"": 0.060025}, {""score"": ""2-2"", ""probability"": 0.05833}, {""score"": ""1-2"", ""probability"": 0.050691}, {""score"": ""3-2"", ""probability"": 0.044747}, {""score"": ""4-1"", ""probability"": 0.042169}]",,0.6406,0.3594,Yes,2.5,0.6831,0.3169,False,Over 2.5,-1.0,0.5023,0.4977,False,Eintracht Frankfurt -1,False,False,False,False,False,False,,,,,,,,0.5423,0.4577,0.2,weekly_update_20260921T073919Z_e8b4cc71,2026-08-18.phase1,0.1.0-phase1,0.1.0-phase1,2026-09-21T07:39:19+00:00
BUNDESLIGA2627_MW18_160_Bayer04Leverkusen_SVElversberg,2026-27,18,2027-01-22,2027-01-22T00:00:00+00:00,Bayer 04 Leverkusen,SV Elversberg,BayArena,scheduled,early_week_mode,,,,2.428,1.54,,,2-1,,home_win,,0.5067,0.2564,0.2369,Bayer 04 Leverkusen,0.5666,0.2014,0.232,,,,"[{""score"": ""2-1"", ""probability"": 0.085916}, {""score"": ""1-1"", ""probability"": 0.076022}, {""score"": ""3-1"", ""probability"": 0.069538}, {""score"": ""2-2"", ""probability"": 0.066168}, {""score"": ""2-0"", ""probability"": 0.055779}, {""score"": ""1-2"", ""probability"": 0.054502}, {""score"": ""3-2"", ""probability"": 0.053554}, {""score"": ""3-0"", ""probability"": 0.045146}, {""score"": ""4-1"", ""probability"": 0.042211}, {""score"": ""1-0"", ""probability"": 0.040691}]",,0.7216,0.2784,Yes,2.5,0.757,0.243,False,Over 2.5,-0.75,0.5165,0.4835,False,Bayer 04 Leverkusen -0.75,False,False,False,False,False,False,,,,,,,,0.5067,0.4933,0.2,weekly_update_20260921T073919Z_e8b4cc71,2026-08-18.phase1,0.1.0-phase1,0.1.0-phase1,2026-09-21T07:39:19+00:00
BUNDESLIGA2627_MW18_161_TSGHoffenheim_1.FCKöln,2026-27,18,2027-01-22,2027-01-22T00:00:00+00:00,TSG Hoffenheim,1. FC Köln,SNP Arena,scheduled,early_week_mode,,,,2.31,1.364,,,2-1,,home_win,,0.5655,0.2251,0.2094,TSG Hoffenheim,0.5803,0.2073,0.2124,,,,"[{""score"": ""2-1"", ""probability"": 0.092418}, {""score"": ""1-1"", ""probability"": 0.085962}, {""score"": ""3-1"", ""probability"": 0.071156}, {""score"": ""2-0"", ""probability"": 0.067773}, {""score"": ""2-2"", ""probability"": 0.063012}, {""score"": ""1-2"", ""probability"": 0.05456}, {""score"": ""1-0"", ""probability"": 0.052742}, {""score"": ""3-0"", ""probability"": 0.052181}, {""score"": ""3-2"", ""probability"": 0.048516}, {""score"": ""4-1"", ""probability"": 0.04109}]",,0.6763,0.3237,Yes,2.5,0.7099,0.2901,False,Over 2.5,-1.0,0.476,0.524,False,1. FC Köln +1,False,False,False,False,False,False,,,,,,,,0.5655,0.4345,0.2,weekly_update_20260921T073919Z_e8b4cc71,2026-08-18.phase1,0.1.0-phase1,0.1.0-phase1,2026-09-21T07:39:19+00:00
BUNDESLIGA2627_MW18_162_VfBStuttgart_FCBayernMünchen,2026-27,18,2027-01-22,2027-01-22T00:00:00+00:00,VfB Stuttgart,FC Bayern München,MHPArena,scheduled,early_week_mode,,,,1.487,2.635,,,1-2,,away_win,,0.1822,0.2145,0.6033,FC Bayern München,0.1976,0.1866,0.6158,,,,"[{""score"": ""1-2"", ""probability"": 0.083823}, {""score"": ""1-3"", ""probability"": 0.073626}, {""score"": ""1-1"", ""probability"": 0.068344}, {""score"": ""2-2"", ""probability"": 0.062331}, {""score"": ""0-2"", ""probability"": 0.056362}, {""score"": ""2-3"", ""probability"": 0.054749}, {""score"": ""0-3"", ""probability"": 0.049506}, {""score"": ""1-4"", ""probability"": 0.048502}, {""score"": ""2-1"", ""probability"": 0.047309}, {""score"": ""0-1"", ""probability"": 0.038056}]",,0.7231,0.2769,Yes,2.5,0.7789,0.2211,False,Over 2.5,1.0,0.4834,0.5166,False,FC Bayern München -1,False,False,False,False,False,False,,,,,,,,0.6033,0.3967,0.2,weekly_update_20260921T073919Z_e8b4cc71,2026-08-18.phase1,0.1.0-phase1,0.1.0-phase1,2026-09-21T07:39:19+00:00
BUNDESLIGA2627_MW19_163_SVElversberg_BorussiaMönchengladbach,2026-27,19,2027-01-29,2027-01-29T00:00:00+00:00,SV Elversberg,Borussia Mönchengladbach,URSAPHARM-Arena,scheduled,early_week_mode,,,,2.775,1.338,,,2-1,,home_win,,0.5508,0.2799,0.1693,SV Elversberg,0.6699,0.1724,0.1576,,,,"[{""score"": ""2-1"", ""probability"": 0.084465}, {""score"": ""3-1"", ""probability"": 0.078136}, {""score"": ""1-1"", ""probability"": 0.065391}, {""score"": ""2-0"", ""probability"": 0.063128}, {""score"": ""3-0"", ""probability"": 0.058397}, {""score"": ""2-2"", ""probability"": 0.056507}, {""score"": ""4-1"", ""probability"": 0.05421}, {""score"": ""3-2"", ""probability"": 0.052273}, {""score"": ""1-0"", ""probability"": 0.040976}, {""score"": ""1-2"", ""probability"": 0.040723}]",,0.6961,0.3039,Yes,2.5,0.7775,0.2225,False,Over 2.5,-1.25,0.522,0.478,False,SV Elversberg -1.25,False,False,False,False,False,False,,,,,,,,0.5508,0.4492,0.2,weekly_update_20260921T073919Z_e8b4cc71,2026-08-18.phase1,0.1.0-phase1,0.1.0-phase1,2026-09-21T07:39:19+00:00
BUNDESLIGA2627_MW19_164_1.FCKöln_VfBStuttgart,2026-27,19,2027-01-29,2027-01-29T00:00:00+00:00,1. FC Köln,VfB Stuttgart,RheinEnergieSTADION,scheduled,early_week_mode,,,,1.397,2.069,,,1-1,,draw,,0.2699,0.2792,0.4509,VfB Stuttgart,0.2511,0.2255,0.5234,,,,"[{""score"": ""1-1"", ""probability"": 0.097055}, {""score"": ""1-2"", ""probability"": 0.093456}, {""score"": ""0-2"", ""probability"": 0.066913}, {""score"": ""2-2"", ""probability"": 0.065263}, {""score"": ""1-3"", ""probability"": 0.064447}, {""score"": ""2-1"", ""probability"": 0.063093}, {""score"": ""0-1"", ""probability"": 0.057981}, {""score"": ""0-3"", ""probability"": 0.046143}, {""score"": ""2-3"", ""probability"": 0.045005}, {""score"": ""0-0"", ""probability"": 0.037975}]",,0.6642,0.3358,Yes,2.5,0.6726,0.3274,False,Over 2.5,0.5,0.4766,0.5234,False,VfB Stuttgart -0.5,False,False,False,False,False,False,,,,,,,,0.4509,0.5491,0.2,weekly_update_20260921T073919Z_e8b4cc71,2026-08-18.phase1,0.1.0-phase1,0.1.0-phase1,2026-09-21T07:39:19+00:00
BUNDESLIGA2627_MW19_165_1.FCUnionBerlin_Bayer04Leverkusen,2026-27,19,2027-01-29,2027-01-29T00:00:00+00:00,1. FC Union Berlin,Bayer 04 Leverkusen,An der Alten Försterei,scheduled,early_week_mode,,,,1.084,2.103,,,1-1,,draw,,0.2099,0.2382,0.5518,Bayer 04 Leverkusen,0.1809,0.2189,0.6002,,,,"[{""score"": ""1-1"", ""probability"": 0.101167}, {""score"": ""1-2"", ""probability"": 0.09902}, {""score"": ""0-2"", ""probability"": 0.091318}, {""score"": ""0-1"", ""probability"": 0.07986}, {""score"": ""1-3"", ""probability"": 0.069408}, {""score"": ""0-3"", ""probability"": 0.06401}, {""score"": ""2-2"", ""probability"": 0.053685}, {""score"": ""2-1"", ""probability"": 0.051059}, {""score"": ""0-0"", ""probability"": 0.048293}, {""score"": ""1-0"", ""probability"": 0.037793}]",,0.588,0.412,Yes,2.5,0.6173,0.3827,False,Over 2.5,1.0,0.5121,0.4879,False,1. FC Union Berlin +1,False,False,False,False,False,False,,,,,,,,0.5518,0.4482,0.2,weekly_update_20260921T073919Z_e8b4cc71,2026-08-18.phase1,0.1.0-phase1,0.1.0-phase1,2026-09-21T07:39:19+00:00
BUNDESLIGA2627_MW19_166_1.FSVMainz05_HamburgerSV,2026-27,19,2027-01-29,2027-01-29T00:00:00+00:00,1. FSV Mainz 05,Hamburger SV,MEWA ARENA,scheduled,early_week_mode,,,,1.907,0.916,,,1-1,,draw,,0.5579,0.2555,0.1867,1. FSV Mainz 05,0.5982,0.2339,0.1679,,,,"[{""score"": ""1-1"", ""probability"": 0.111549}, {""score"": ""2-0"", ""probability"": 0.108058}, {""score"": ""1-0"", ""probability"": 0.105635}, {""score"": ""2-1"", ""probability"": 0.098998}, {""score"": ""3-0"", ""probability"": 0.06868}, {""score"": ""0-0"", ""probability"": 0.067152}, {""score"": ""3-1"", ""probability"": 0.062921}, {""score"": ""1-2"", ""probability"": 0.047567}, {""score"": ""0-1"", ""probability"": 0.046751}, {""score"": ""2-2"", ""probability"": 0.045349}]",,0.5185,0.4815,Yes,2.5,0.5359,0.4641,False,Over 2.5,-1.0,0.4792,0.5208,False,Hamburger SV +1,False,False,False,False,False,False,,,,,,,,0.5579,0.4421,0.2,weekly_update_20260921T073919Z_e8b4cc71,2026-08-18.phase1,0.1.0-phase1,0.1.0-phase1,2026-09-21T07:39:19+00:00
BUNDESLIGA2627_MW19_167_FCAugsburg_EintrachtFrankfurt,2026-27,19,2027-01-29,2027-01-29T00:00:00+00:00,FC Augsburg,Eintracht Frankfurt,WWK ARENA,scheduled,early_week_mode,,,,1.789,1.648,,,1-1,,draw,,0.3888,0.2887,0.3225,FC Augsburg,0.4098,0.2386,0.3516,,,,"[{""score"": ""1-1"", ""probability"": 0.101847}, {""score"": ""2-1"", ""probability"": 0.084816}, {""score"": ""1-2"", ""probability"": 0.078144}, {""score"": ""2-2"", ""probability"": 0.069908}, {""score"": ""2-0"", ""probability"": 0.051452}, {""score"": ""3-1"", ""probability"": 0.050585}, {""score"": ""1-0"", ""probability"": 0.050475}, {""score"": ""0-1"", ""probability"": 0.045951}, {""score"": ""0-2"", ""probability"": 0.043675}, {""score"": ""1-3"", ""probability"": 0.04294}]",,0.6797,0.3203,Yes,2.5,0.6674,0.3326,False,Over 2.5,0.0,0.5291,0.4709,False,FC Augsburg (pick'em),False,False,False,False,False,False,,,,,,,,0.3888,0.6112,0.2,weekly_update_20260921T073919Z_e8b4cc71,2026-08-18.phase1,0.1.0-phase1,0.1.0-phase1,2026-09-21T07:39:19+00:00
BUNDESLIGA2627_MW19_168_Sport-ClubFreiburg_SCPaderborn07,2026-27,19,2027-01-29,2027-01-29T00:00:00+00:00,Sport-Club Freiburg,SC Paderborn 07,Europa-Park Stadion,scheduled,early_week_mode,,,,1.487,0.661,,,1-0,,home_win,,0.5834,0.2544,0.1622,Sport-Club Freiburg,0.5635,0.2799,0.1566,,,,"[{""score"": ""1-0"", ""probability"": 0.16509}, {""score"": ""2-0"", ""probability"": 0.129093}, {""score"": ""0-0"", ""probability"": 0.125247}, {""score"": ""1-1"", ""probability"": 0.123214}, {""score"": ""2-1"", ""probability"": 0.085291}, {""score"": ""0-1"", ""probability"": 0.068609}, {""score"": ""3-0"", ""probability"": 0.063996}, {""score"": ""3-1"", ""probability"": 0.042282}, {""score"": ""1-2"", ""probability"": 0.03789}, {""score"": ""2-2"", ""probability"": 0.028175}]",,0.3827,0.6173,No,2.5,0.3633,0.6367,False,Under 2.5,-0.75,0.4971,0.5029,False,SC Paderborn 07 +0.75,False,False,False,False,False,False,,,,,,,,0.5834,0.4166,0.2,weekly_update_20260921T073919Z_e8b4cc71,2026-08-18.phase1,0.1.0-phase1,0.1.0-phase1,2026-09-21T07:39:19+00:00
BUNDESLIGA2627_MW19_169_RBLeipzig_SVWerderBremen,2026-27,19,2027-01-29,2027-01-29T00:00:00+00:00,RB Leipzig,SV Werder Bremen,Red Bull Arena,scheduled,early_week_mode,,,,2.216,1.004,,,2-1,,home_win,,0.6504,0.1881,0.1615,RB Leipzig,0.6416,0.2057,0.1528,,,,"[{""score"": ""2-1"", ""probability"": 0.098545}, {""score"": ""2-0"", ""probability"": 0.098139}, {""score"": ""1-1"", ""probability"": 0.095547}, {""score"": ""1-0"", ""probability"": 0.081974}, {""score"": ""3-1"", ""probability"": 0.072788}, {""score"": ""3-0"", ""probability"": 0.072488}, {""score"": ""2-2"", ""probability"": 0.049476}, {""score"": ""0-0"", ""probability"": 0.046576}, {""score"": ""1-2"", ""probability"": 0.044656}, {""score"": ""4-1"", ""probability"": 0.040323}]",,0.5711,0.4289,Yes,2.5,0.6241,0.3759,False,Over 2.5,-1.25,0.4731,0.5269,False,SV Werder Bremen +1.25,False,False,False,False,False,False,,,,,,,,0.6504,0.3496,0.2,weekly_update_20260921T073919Z_e8b4cc71,2026-08-18.phase1,0.1.0-phase1,0.1.0-phase1,2026-09-21T07:39:19+00:00
BUNDESLIGA2627_MW19_170_BorussiaDortmund_TSGHoffenheim,2026-27,19,2027-01-29,2027-01-29T00:00:00+00:00,Borussia Dortmund,TSG Hoffenheim,SIGNAL IDUNA PARK,scheduled,early_week_mode,,,,2.605,1.063,,,2-1,,home_win,,0.6441,0.2243,0.1316,Borussia Dortmund,0.6987,0.1738,0.1275,,,,"[{""score"": ""2-1"", ""probability"": 0.092205}, {""score"": ""2-0"", ""probability"": 0.08676}, {""score"": ""3-1"", ""probability"": 0.080075}, {""score"": ""1-1"", ""probability"": 0.076036}, {""score"": ""3-0"", ""probability"": 0.075347}, {""score"": ""1-0"", ""probability"": 0.061347}, {""score"": ""4-1"", ""probability"": 0.052156}, {""score"": ""4-0"", ""probability"": 0.049076}, {""score"": ""2-2"", ""probability"": 0.048996}, {""score"": ""3-2"", ""probability"": 0.04255}]",,0.6113,0.3887,Yes,2.5,0.7087,0.2913,False,Over 2.5,-1.5,0.4913,0.5087,False,TSG Hoffenheim +1.5,False,False,False,False,False,False,,,,,,,,0.6441,0.3559,0.2,weekly_update_20260921T073919Z_e8b4cc71,2026-08-18.phase1,0.1.0-phase1,0.1.0-phase1,2026-09-21T07:39:19+00:00
BUNDESLIGA2627_MW19_171_FCBayernMünchen_FCSchalke04,2026-27,19,2027-01-29,2027-01-29T00:00:00+00:00,FC Bayern München,FC Schalke 04,Allianz Arena,scheduled,early_week_mode,,,,2.734,0.503,,,2-0,,home_win,,0.7474,0.1832,0.0694,FC Bayern München,0.8348,0.1232,0.0419,,,,"[{""score"": ""2-0"", ""probability"": 0.147032}, {""score"": ""3-0"", ""probability"": 0.13402}, {""score"": ""1-0"", ""probability"": 0.103519}, {""score"": ""4-0"", ""probability"": 0.091619}, {""score"": ""2-1"", ""probability"": 0.074022}, {""score"": ""3-1"", ""probability"": 0.067471}, {""score"": ""1-1"", ""probability"": 0.058158}, {""score"": ""5-0"", ""probability"": 0.050107}, {""score"": ""4-1"", ""probability"": 0.046125}, {""score"": ""0-0"", ""probability"": 0.043346}]",,0.3738,0.6262,No,2.5,0.6272,0.3728,False,Over 2.5,-2.0,0.5246,0.4754,False,FC Bayern München -2,False,False,False,False,False,False,,,,,,,,0.7474,0.2526,0.2,weekly_update_20260921T073919Z_e8b4cc71,2026-08-18.phase1,0.1.0-phase1,0.1.0-phase1,2026-09-21T07:39:19+00:00
BUNDESLIGA2627_MW20_172_SCPaderborn07_BorussiaDortmund,2026-27,20,2027-02-05,2027-02-05T00:00:00+00:00,SC Paderborn 07,Borussia Dortmund,Home Deluxe Arena,scheduled,early_week_mode,,,,0.583,1.505,,,0-1,,away_win,,0.1484,0.1736,0.678,Borussia Dortmund,0.1347,0.2751,0.5901,,,,"[{""score"": ""0-1"", ""probability"": 0.178407}, {""score"": ""0-2"", ""probability"": 0.140332}, {""score"": ""0-0"", ""probability"": 0.131977}, {""score"": ""1-1"", ""probability"": 0.116835}, {""score"": ""1-2"", ""probability"": 0.081846}, {""score"": ""0-3"", ""probability"": 0.070402}, {""score"": ""1-0"", ""probability"": 0.06419}, {""score"": ""1-3"", ""probability"": 0.041061}, {""score"": ""2-1"", ""probability"": 0.031716}, {""score"": ""0-4"", ""probability"": 0.02649}]",,0.3519,0.6481,No,2.5,0.3472,0.6528,False,Under 2.5,0.75,0.4782,0.5218,False,Borussia Dortmund -0.75,False,False,False,False,False,False,,,,,,,,0.678,0.322,0.2,weekly_update_20260921T073919Z_e8b4cc71,2026-08-18.phase1,0.1.0-phase1,0.1.0-phase1,2026-09-21T07:39:19+00:00
BUNDESLIGA2627_MW20_173_FCSchalke04_1.FCUnionBerlin,2026-27,20,2027-02-05,2027-02-05T00:00:00+00:00,FC Schalke 04,1. FC Union Berlin,VELTINS-Arena,scheduled,early_week_mode,,,,1.072,0.832,,,0-0,,draw,,0.4174,0.2899,0.2927,FC Schalke 04,0.3967,0.3343,0.269,,,,"[{""score"": ""0-0"", ""probability"": 0.158791}, {""score"": ""1-0"", ""probability"": 0.149774}, {""score"": ""1-1"", ""probability"": 0.142744}, {""score"": ""0-1"", ""probability"": 0.114098}, {""score"": ""2-0"", ""probability"": 0.085561}, {""score"": ""2-1"", ""probability"": 0.071219}, {""score"": ""1-2"", ""probability"": 0.055303}, {""score"": ""0-2"", ""probability"": 0.051592}, {""score"": ""3-0"", ""probability"": 0.030572}, {""score"": ""2-2"", ""probability"": 0.02964}]",,0.3814,0.6186,No,2.5,0.2974,0.7026,False,Under 2.5,-0.25,0.4802,0.5198,False,1. FC Union Berlin +0.25,False,False,False,False,False,False,,,,,,,,0.4174,0.5826,0.2,weekly_update_20260921T073919Z_e8b4cc71,2026-08-18.phase1,0.1.0-phase1,0.1.0-phase1,2026-09-21T07:39:19+00:00
BUNDESLIGA2627_MW20_174_SVWerderBremen_1.FCKöln,2026-27,20,2027-02-05,2027-02-05T00:00:00+00:00,SV Werder Bremen,1. FC Köln,Weserstadion,scheduled,early_week_mode,,,,1.721,1.278,,,1-1,,draw,,0.4627,0.2805,0.2568,SV Werder Bremen,0.4701,0.253,0.2769,,,,"[{""score"": ""1-1"", ""probability"": 0.117764}, {""score"": ""2-1"", ""probability"": 0.094323}, {""score"": ""1-0"", ""probability"": 0.077626}, {""score"": ""2-0"", ""probability"": 0.073792}, {""score"": ""1-2"", ""probability"": 0.070063}, {""score"": ""2-2"", ""probability"": 0.060283}, {""score"": ""0-0"", ""probability"": 0.057978}, {""score"": ""0-1"", ""probability"": 0.055568}, {""score"": ""3-1"", ""probability"": 0.054104}, {""score"": ""3-0"", ""probability"": 0.042327}]",,0.6005,0.3995,Yes,2.5,0.5766,0.4234,False,Over 2.5,-0.5,0.4701,0.5299,False,1. FC Köln +0.5,False,False,False,False,False,False,,,,,,,,0.4627,0.5373,0.2,weekly_update_20260921T073919Z_e8b4cc71,2026-08-18.phase1,0.1.0-phase1,0.1.0-phase1,2026-09-21T07:39:19+00:00
BUNDESLIGA2627_MW20_175_HamburgerSV_RBLeipzig,2026-27,20,2027-02-05,2027-02-05T00:00:00+00:00,Hamburger SV,RB Leipzig,Volksparkstadion,scheduled,early_week_mode,,,,1.07,1.895,,,1-1,,draw,,0.21,0.2744,0.5157,RB Leipzig,0.2034,0.2383,0.5583,,,,"[{""score"": ""1-1"", ""probability"": 0.112323}, {""score"": ""1-2"", ""probability"": 0.099071}, {""score"": ""0-2"", ""probability"": 0.092548}, {""score"": ""0-1"", ""probability"": 0.089914}, {""score"": ""1-3"", ""probability"": 0.06258}, {""score"": ""0-0"", ""probability"": 0.059306}, {""score"": ""0-3"", ""probability"": 0.058459}, {""score"": ""2-1"", ""probability"": 0.055965}, {""score"": ""2-2"", ""probability"": 0.053027}, {""score"": ""1-0"", ""probability"": 0.047415}]",,0.5661,0.4339,Yes,2.5,0.569,0.431,False,Over 2.5,0.75,0.4989,0.5011,False,RB Leipzig -0.75,False,False,False,False,False,False,,,,,,,,0.5157,0.4843,0.2,weekly_update_20260921T073919Z_e8b4cc71,2026-08-18.phase1,0.1.0-phase1,0.1.0-phase1,2026-09-21T07:39:19+00:00
BUNDESLIGA2627_MW20_176_BorussiaMönchengladbach_Sport-ClubFreiburg,2026-27,20,2027-02-05,2027-02-05T00:00:00+00:00,Borussia Mönchengladbach,Sport-Club Freiburg,ista-Borussia-Park,scheduled,early_week_mode,,,,1.534,1.652,,,1-1,,draw,,0.3595,0.2619,0.3786,Sport-Club Freiburg,0.3497,0.25,0.4003,,,,"[{""score"": ""1-1"", ""probability"": 0.112541}, {""score"": ""1-2"", ""probability"": 0.08654}, {""score"": ""2-1"", ""probability"": 0.080348}, {""score"": ""2-2"", ""probability"": 0.066372}, {""score"": ""0-1"", ""probability"": 0.060521}, {""score"": ""0-2"", ""probability"": 0.056418}, {""score"": ""1-0"", ""probability"": 0.055635}, {""score"": ""0-0"", ""probability"": 0.049117}, {""score"": ""2-0"", ""probability"": 0.048634}, {""score"": ""1-3"", ""probability"": 0.047658}]",,0.6418,0.3582,Yes,2.5,0.6171,0.3829,False,Over 2.5,0.0,0.4747,0.5253,False,Sport-Club Freiburg (pick'em),False,False,False,False,False,False,,,,,,,,0.3786,0.6214,0.2,weekly_update_20260921T073919Z_e8b4cc71,2026-08-18.phase1,0.1.0-phase1,0.1.0-phase1,2026-09-21T07:39:19+00:00
BUNDESLIGA2627_MW20_177_EintrachtFrankfurt_1.FSVMainz05,2026-27,20,2027-02-05,2027-02-05T00:00:00+00:00,Eintracht Frankfurt,1. FSV Mainz 05,Deutsche Bank Park,scheduled,early_week_mode,,,,1.856,1.5,,,1-1,,draw,,0.447,0.2512,0.3018,Eintracht Frankfurt,0.4546,0.2389,0.3064,,,,"[{""score"": ""1-1"", ""probability"": 0.104293}, {""score"": ""2-1"", ""probability"": 0.090116}, {""score"": ""1-2"", ""probability"": 0.072817}, {""score"": ""2-2"", ""probability"": 0.06759}, {""score"": ""2-0"", ""probability"": 0.060075}, {""score"": ""1-0"", ""probability"": 0.057514}, {""score"": ""3-1"", ""probability"": 0.055764}, {""score"": ""0-1"", ""probability"": 0.04509}, {""score"": ""0-0"", ""probability"": 0.042071}, {""score"": ""3-2"", ""probability"": 0.041825}]",,0.6627,0.3373,Yes,2.5,0.6517,0.3483,False,Over 2.5,-0.25,0.5144,0.4856,False,Eintracht Frankfurt -0.25,False,False,False,False,False,False,,,,,,,,0.447,0.553,0.2,weekly_update_20260921T073919Z_e8b4cc71,2026-08-18.phase1,0.1.0-phase1,0.1.0-phase1,2026-09-21T07:39:19+00:00
BUNDESLIGA2627_MW20_178_Bayer04Leverkusen_FCAugsburg,2026-27,20,2027-02-05,2027-02-05T00:00:00+00:00,Bayer 04 Leverkusen,FC Augsburg,BayArena,scheduled,early_week_mode,,,,2.368,1.011,,,2-1,,home_win,,0.626,0.22,0.154,Bayer 04 Leverkusen,0.6689,0.1918,0.1392,,,,"[{""score"": ""2-1"", ""probability"": 0.096677}, {""score"": ""2-0"", ""probability"": 0.095671}, {""score"": ""1-1"", ""probability"": 0.0877}, {""score"": ""3-1"", ""probability"": 0.076323}, {""score"": ""3-0"", ""probability"": 0.075529}, {""score"": ""1-0"", ""probability"": 0.07473}, {""score"": ""2-2"", ""probability"": 0.048846}, {""score"": ""4-1"", ""probability"": 0.04519}, {""score"": ""4-0"", ""probability"": 0.04472}, {""score"": ""1-2"", ""probability"": 0.041249}]",,0.5824,0.4176,Yes,2.5,0.6559,0.3441,False,Over 2.5,-1.25,0.5049,0.4951,False,Bayer 04 Leverkusen -1.25,False,False,False,False,False,False,,,,,,,,0.626,0.374,0.2,weekly_update_20260921T073919Z_e8b4cc71,2026-08-18.phase1,0.1.0-phase1,0.1.0-phase1,2026-09-21T07:39:19+00:00
BUNDESLIGA2627_MW20_179_VfBStuttgart_TSGHoffenheim,2026-27,20,2027-02-05,2027-02-05T00:00:00+00:00,VfB Stuttgart,TSG Hoffenheim,MHPArena,scheduled,early_week_mode,,,,2.486,1.442,,,2-1,,home_win,,0.493,0.2761,0.2308,VfB Stuttgart,0.5979,0.1959,0.2063,,,,"[{""score"": ""2-1"", ""probability"": 0.087792}, {""score"": ""1-1"", ""probability"": 0.075858}, {""score"": ""3-1"", ""probability"": 0.072764}, {""score"": ""2-2"", ""probability"": 0.063304}, {""score"": ""2-0"", ""probability"": 0.060876}, {""score"": ""3-2"", ""probability"": 0.052468}, {""score"": ""1-2"", ""probability"": 0.050919}, {""score"": ""3-0"", ""probability"": 0.050456}, {""score"": ""4-1"", ""probability"": 0.045232}, {""score"": ""1-0"", ""probability"": 0.043723}]",,0.7052,0.2948,Yes,2.5,0.751,0.249,False,Over 2.5,-1.0,0.4964,0.5036,False,TSG Hoffenheim +1,False,False,False,False,False,False,,,,,,,,0.493,0.507,0.2,weekly_update_20260921T073919Z_e8b4cc71,2026-08-18.phase1,0.1.0-phase1,0.1.0-phase1,2026-09-21T07:39:19+00:00
BUNDESLIGA2627_MW20_180_FCBayernMünchen_SVElversberg,2026-27,20,2027-02-05,2027-02-05T00:00:00+00:00,FC Bayern München,SV Elversberg,Allianz Arena,scheduled,early_week_mode,,,,3.783,1.312,,,3-1,,home_win,,0.7026,0.199,0.0984,FC Bayern München,0.8073,0.1092,0.0835,,,,"[{""score"": ""3-1"", ""probability"": 0.073685}, {""score"": ""4-1"", ""probability"": 0.069691}, {""score"": ""2-1"", ""probability"": 0.058431}, {""score"": ""3-0"", ""probability"": 0.056167}, {""score"": ""4-0"", ""probability"": 0.053123}, {""score"": ""5-1"", ""probability"": 0.052731}, {""score"": ""3-2"", ""probability"": 0.048333}, {""score"": ""4-2"", ""probability"": 0.045714}, {""score"": ""2-0"", ""probability"": 0.044539}, {""score"": ""5-0"", ""probability"": 0.040195}]",,0.7161,0.2839,Yes,2.5,0.8813,0.1187,False,Over 2.5,-2.25,0.5164,0.4836,False,FC Bayern München -2.25,False,False,False,False,False,False,,,,,,,,0.7026,0.2974,0.2,weekly_update_20260921T073919Z_e8b4cc71,2026-08-18.phase1,0.1.0-phase1,0.1.0-phase1,2026-09-21T07:39:19+00:00
BUNDESLIGA2627_MW21_181_SVElversberg_FCSchalke04,2026-27,21,2027-02-12,2027-02-12T00:00:00+00:00,SV Elversberg,FC Schalke 04,URSAPHARM-Arena,scheduled,early_week_mode,,,,1.859,0.787,,,1-0,,home_win,,0.5826,0.2544,0.163,SV Elversberg,0.62,0.2349,0.1451,,,,"[{""score"": ""1-0"", ""probability"": 0.124149}, {""score"": ""2-0"", ""probability"": 0.122568}, {""score"": ""1-1"", ""probability"": 0.111497}, {""score"": ""2-1"", ""probability"": 0.096482}, {""score"": ""0-0"", ""probability"": 0.078627}, {""score"": ""3-0"", ""probability"": 0.075957}, {""score"": ""3-1"", ""probability"": 0.059791}, {""score"": ""0-1"", ""probability"": 0.048122}, {""score"": ""1-2"", ""probability"": 0.040851}, {""score"": ""2-2"", ""probability"": 0.037974}]",,0.4677,0.5323,No,2.5,0.4931,0.5069,False,Under 2.5,-1.0,0.4964,0.5036,False,FC Schalke 04 +1,False,False,False,False,False,False,,,,,,,,0.5826,0.4174,0.2,weekly_update_20260921T073919Z_e8b4cc71,2026-08-18.phase1,0.1.0-phase1,0.1.0-phase1,2026-09-21T07:39:19+00:00
BUNDESLIGA2627_MW21_182_1.FCKöln_HamburgerSV,2026-27,21,2027-02-12,2027-02-12T00:00:00+00:00,1. FC Köln,Hamburger SV,RheinEnergieSTADION,scheduled,early_week_mode,,,,1.719,1.167,,,1-1,,draw,,0.4609,0.2759,0.2632,1. FC Köln,0.4946,0.2548,0.2506,,,,"[{""score"": ""1-1"", ""probability"": 0.120272}, {""score"": ""2-1"", ""probability"": 0.096218}, {""score"": ""1-0"", ""probability"": 0.087651}, {""score"": ""2-0"", ""probability"": 0.08247}, {""score"": ""1-2"", ""probability"": 0.065313}, {""score"": ""0-0"", ""probability"": 0.064143}, {""score"": ""0-1"", ""probability"": 0.056828}, {""score"": ""2-2"", ""probability"": 0.056129}, {""score"": ""3-1"", ""probability"": 0.055126}, {""score"": ""3-0"", ""probability"": 0.047249}]",,0.5735,0.4265,Yes,2.5,0.5506,0.4494,False,Over 2.5,-0.5,0.4946,0.5054,False,Hamburger SV +0.5,False,False,False,False,False,False,,,,,,,,0.4609,0.5391,0.2,weekly_update_20260921T073919Z_e8b4cc71,2026-08-18.phase1,0.1.0-phase1,0.1.0-phase1,2026-09-21T07:39:19+00:00
BUNDESLIGA2627_MW21_183_1.FCUnionBerlin_FCBayernMünchen,2026-27,21,2027-02-12,2027-02-12T00:00:00+00:00,1. FC Union Berlin,FC Bayern München,An der Alten Försterei,scheduled,early_week_mode,,,,0.924,3.276,,,0-3,,away_win,,0.109,0.1786,0.7125,FC Bayern München,0.0664,0.1162,0.8174,,,,"[{""score"": ""0-3"", ""probability"": 0.088493}, {""score"": ""1-3"", ""probability"": 0.081727}, {""score"": ""0-2"", ""probability"": 0.081026}, {""score"": ""1-2"", ""probability"": 0.074831}, {""score"": ""0-4"", ""probability"": 0.072486}, {""score"": ""1-4"", ""probability"": 0.066944}, {""score"": ""1-1"", ""probability"": 0.049069}, {""score"": ""0-5"", ""probability"": 0.047499}, {""score"": ""0-1"", ""probability"": 0.046069}, {""score"": ""1-5"", ""probability"": 0.043868}]",,0.5834,0.4166,Yes,2.5,0.7884,0.2116,False,Over 2.5,2.25,0.5029,0.4971,False,1. FC Union Berlin +2.25,False,False,False,False,False,False,,,,,,,,0.7125,0.2875,0.2,weekly_update_20260921T073919Z_e8b4cc71,2026-08-18.phase1,0.1.0-phase1,0.1.0-phase1,2026-09-21T07:39:19+00:00
BUNDESLIGA2627_MW21_184_1.FSVMainz05_BorussiaMönchengladbach,2026-27,21,2027-02-12,2027-02-12T00:00:00+00:00,1. FSV Mainz 05,Borussia Mönchengladbach,MEWA ARENA,scheduled,early_week_mode,,,,1.914,1.172,,,1-1,,draw,,0.482,0.2816,0.2364,1. FSV Mainz 05,0.539,0.2374,0.2236,,,,"[{""score"": ""1-1"", ""probability"": 0.110102}, {""score"": ""2-1"", ""probability"": 0.098089}, {""score"": ""2-0"", ""probability"": 0.083687}, {""score"": ""1-0"", ""probability"": 0.079836}, {""score"": ""3-1"", ""probability"": 0.062583}, {""score"": ""1-2"", ""probability"": 0.060066}, {""score"": ""2-2"", ""probability"": 0.057485}, {""score"": ""3-0"", ""probability"": 0.053394}, {""score"": ""0-0"", ""probability"": 0.053294}, {""score"": ""0-1"", ""probability"": 0.045939}]",,0.5961,0.4039,Yes,2.5,0.5958,0.4042,False,Over 2.5,-0.75,0.4834,0.5166,False,Borussia Mönchengladbach +0.75,False,False,False,False,False,False,,,,,,,,0.482,0.518,0.2,weekly_update_20260921T073919Z_e8b4cc71,2026-08-18.phase1,0.1.0-phase1,0.1.0-phase1,2026-09-21T07:39:19+00:00
BUNDESLIGA2627_MW21_185_FCAugsburg_SVWerderBremen,2026-27,21,2027-02-12,2027-02-12T00:00:00+00:00,FC Augsburg,SV Werder Bremen,WWK ARENA,scheduled,early_week_mode,,,,1.691,1.2,,,1-1,,draw,,0.4732,0.2517,0.2752,FC Augsburg,0.4804,0.2567,0.2628,,,,"[{""score"": ""1-1"", ""probability"": 0.121021}, {""score"": ""2-1"", ""probability"": 0.095271}, {""score"": ""1-0"", ""probability"": 0.085527}, {""score"": ""2-0"", ""probability"": 0.079399}, {""score"": ""1-2"", ""probability"": 0.067588}, {""score"": ""0-0"", ""probability"": 0.063876}, {""score"": ""0-1"", ""probability"": 0.058246}, {""score"": ""2-2"", ""probability"": 0.057157}, {""score"": ""3-1"", ""probability"": 0.053711}, {""score"": ""3-0"", ""probability"": 0.044764}]",,0.5784,0.4216,Yes,2.5,0.552,0.448,False,Over 2.5,-0.5,0.4804,0.5196,False,SV Werder Bremen +0.5,False,False,False,False,False,False,,,,,,,,0.4732,0.5268,0.2,weekly_update_20260921T073919Z_e8b4cc71,2026-08-18.phase1,0.1.0-phase1,0.1.0-phase1,2026-09-21T07:39:19+00:00
BUNDESLIGA2627_MW21_186_Sport-ClubFreiburg_EintrachtFrankfurt,2026-27,21,2027-02-12,2027-02-12T00:00:00+00:00,Sport-Club Freiburg,Eintracht Frankfurt,Europa-Park Stadion,scheduled,early_week_mode,,,,2.036,1.545,,,1-1,,draw,,0.4525,0.2814,0.2661,Sport-Club Freiburg,0.4853,0.2269,0.2879,,,,"[{""score"": ""1-1"", ""probability"": 0.094133}, {""score"": ""2-1"", ""probability"": 0.089199}, {""score"": ""2-2"", ""probability"": 0.068911}, {""score"": ""1-2"", ""probability"": 0.067698}, {""score"": ""3-1"", ""probability"": 0.060532}, {""score"": ""2-0"", ""probability"": 0.05773}, {""score"": ""1-0"", ""probability"": 0.050208}, {""score"": ""3-2"", ""probability"": 0.046765}, {""score"": ""3-0"", ""probability"": 0.039177}, {""score"": ""0-1"", ""probability"": 0.036537}]",,0.6905,0.3095,Yes,2.5,0.6938,0.3062,False,Over 2.5,-0.5,0.4853,0.5147,False,Eintracht Frankfurt +0.5,False,False,False,False,False,False,,,,,,,,0.4525,0.5475,0.2,weekly_update_20260921T073919Z_e8b4cc71,2026-08-18.phase1,0.1.0-phase1,0.1.0-phase1,2026-09-21T07:39:19+00:00
BUNDESLIGA2627_MW21_187_TSGHoffenheim_SCPaderborn07,2026-27,21,2027-02-12,2027-02-12T00:00:00+00:00,TSG Hoffenheim,SC Paderborn 07,SNP Arena,scheduled,early_week_mode,,,,1.604,0.773,,,1-0,,home_win,,0.5931,0.2355,0.1713,TSG Hoffenheim,0.5632,0.266,0.1707,,,,"[{""score"": ""1-0"", ""probability"": 0.140416}, {""score"": ""1-1"", ""probability"": 0.12365}, {""score"": ""2-0"", ""probability"": 0.119447}, {""score"": ""0-0"", ""probability"": 0.101428}, {""score"": ""2-1"", ""probability"": 0.092299}, {""score"": ""3-0"", ""probability"": 0.063854}, {""score"": ""0-1"", ""probability"": 0.063228}, {""score"": ""3-1"", ""probability"": 0.049341}, {""score"": ""1-2"", ""probability"": 0.044472}, {""score"": ""2-2"", ""probability"": 0.035661}]",,0.4385,0.5615,No,2.5,0.4241,0.5759,False,Under 2.5,-0.75,0.4998,0.5002,False,SC Paderborn 07 +0.75,False,False,False,False,False,False,,,,,,,,0.5931,0.4069,0.2,weekly_update_20260921T073919Z_e8b4cc71,2026-08-18.phase1,0.1.0-phase1,0.1.0-phase1,2026-09-21T07:39:19+00:00
BUNDESLIGA2627_MW21_188_RBLeipzig_Bayer04Leverkusen,2026-27,21,2027-02-12,2027-02-12T00:00:00+00:00,RB Leipzig,Bayer 04 Leverkusen,Red Bull Arena,scheduled,early_week_mode,,,,1.66,1.581,,,1-1,,draw,,0.4192,0.2434,0.3374,RB Leipzig,0.393,0.2477,0.3593,,,,"[{""score"": ""1-1"", ""probability"": 0.110326}, {""score"": ""2-1"", ""probability"": 0.085248}, {""score"": ""1-2"", ""probability"": 0.081166}, {""score"": ""2-2"", ""probability"": 0.067372}, {""score"": ""1-0"", ""probability"": 0.057351}, {""score"": ""0-1"", ""probability"": 0.05424}, {""score"": ""2-0"", ""probability"": 0.053933}, {""score"": ""0-2"", ""probability"": 0.048892}, {""score"": ""3-1"", ""probability"": 0.047174}, {""score"": ""0-0"", ""probability"": 0.046763}]",,0.6508,0.3492,Yes,2.5,0.6285,0.3715,False,Over 2.5,0.0,0.5169,0.4831,False,RB Leipzig (pick'em),False,False,False,False,False,False,,,,,,,,0.4192,0.5808,0.2,weekly_update_20260921T073919Z_e8b4cc71,2026-08-18.phase1,0.1.0-phase1,0.1.0-phase1,2026-09-21T07:39:19+00:00
BUNDESLIGA2627_MW21_189_BorussiaDortmund_VfBStuttgart,2026-27,21,2027-02-12,2027-02-12T00:00:00+00:00,Borussia Dortmund,VfB Stuttgart,SIGNAL IDUNA PARK,scheduled,early_week_mode,,,,2.128,1.194,,,1-1,,draw,,0.6088,0.2251,0.1661,Borussia Dortmund,0.5806,0.219,0.2004,,,,"[{""score"": ""1-1"", ""probability"": 0.098521}, {""score"": ""2-1"", ""probability"": 0.097585}, {""score"": ""2-0"", ""probability"": 0.081759}, {""score"": ""1-0"", ""probability"": 0.070031}, {""score"": ""3-1"", ""probability"": 0.069222}, {""score"": ""2-2"", ""probability"": 0.058237}, {""score"": ""3-0"", ""probability"": 0.057996}, {""score"": ""1-2"", ""probability"": 0.054733}, {""score"": ""0-0"", ""probability"": 0.042916}, {""score"": ""3-2"", ""probability"": 0.041311}]",,0.6207,0.3793,Yes,2.5,0.6448,0.3552,False,Over 2.5,-0.75,0.5258,0.4742,False,Borussia Dortmund -0.75,False,False,False,False,False,False,,,,,,,,0.6088,0.3912,0.2,weekly_update_20260921T073919Z_e8b4cc71,2026-08-18.phase1,0.1.0-phase1,0.1.0-phase1,2026-09-21T07:39:19+00:00
BUNDESLIGA2627_MW22_190_SVElversberg_1.FCUnionBerlin,2026-27,22,2027-02-19,2027-02-19T00:00:00+00:00,SV Elversberg,1. FC Union Berlin,URSAPHARM-Arena,scheduled,early_week_mode,,,,2.793,1.152,,,2-1,,home_win,,0.5913,0.2651,0.1436,SV Elversberg,0.7104,0.1633,0.1263,,,,"[{""score"": ""2-1"", ""probability"": 0.087157}, {""score"": ""3-1"", ""probability"": 0.081152}, {""score"": ""2-0"", ""probability"": 0.075683}, {""score"": ""3-0"", ""probability"": 0.070469}, {""score"": ""1-1"", ""probability"": 0.067037}, {""score"": ""4-1"", ""probability"": 0.05667}, {""score"": ""2-2"", ""probability"": 0.050185}, {""score"": ""1-0"", ""probability"": 0.049557}, {""score"": ""4-0"", ""probability"": 0.04921}, {""score"": ""3-2"", ""probability"": 0.046727}]",,0.6465,0.3535,Yes,2.5,0.7531,0.2469,False,Over 2.5,-1.5,0.5122,0.4878,False,SV Elversberg -1.5,False,False,False,False,False,False,,,,,,,,0.5913,0.4087,0.2,weekly_update_20260921T073919Z_e8b4cc71,2026-08-18.phase1,0.1.0-phase1,0.1.0-phase1,2026-09-21T07:39:19+00:00
BUNDESLIGA2627_MW22_191_FCSchalke04_Sport-ClubFreiburg,2026-27,22,2027-02-19,2027-02-19T00:00:00+00:00,FC Schalke 04,Sport-Club Freiburg,VELTINS-Arena,scheduled,early_week_mode,,,,0.902,1.107,,,0-0,,draw,,0.3168,0.2547,0.4285,Sport-Club Freiburg,0.284,0.3253,0.3907,,,,"[{""score"": ""0-0"", ""probability"": 0.144039}, {""score"": ""1-1"", ""probability"": 0.143876}, {""score"": ""0-1"", ""probability"": 0.138472}, {""score"": ""1-0"", ""probability"": 0.111069}, {""score"": ""0-2"", ""probability"": 0.082131}, {""score"": ""1-2"", ""probability"": 0.074117}, {""score"": ""2-1"", ""probability"": 0.060432}, {""score"": ""2-0"", ""probability"": 0.054602}, {""score"": ""2-2"", ""probability"": 0.033442}, {""score"": ""0-3"", ""probability"": 0.0303}]",,0.4078,0.5922,No,2.5,0.3258,0.6742,False,Under 2.5,0.25,0.528,0.472,False,FC Schalke 04 +0.25,False,False,False,False,False,False,,,,,,,,0.4285,0.5715,0.2,weekly_update_20260921T073919Z_e8b4cc71,2026-08-18.phase1,0.1.0-phase1,0.1.0-phase1,2026-09-21T07:39:19+00:00
BUNDESLIGA2627_MW22_192_SVWerderBremen_BorussiaDortmund,2026-27,22,2027-02-19,2027-02-19T00:00:00+00:00,SV Werder Bremen,Borussia Dortmund,Weserstadion,scheduled,early_week_mode,,,,0.993,1.948,,,1-1,,draw,,0.1876,0.2482,0.5642,Borussia Dortmund,0.1798,0.2316,0.5885,,,,"[{""score"": ""1-1"", ""probability"": 0.109787}, {""score"": ""0-2"", ""probability"": 0.100243}, {""score"": ""1-2"", ""probability"": 0.099522}, {""score"": ""0-1"", ""probability"": 0.095354}, {""score"": ""0-3"", ""probability"": 0.065077}, {""score"": ""1-3"", ""probability"": 0.064609}, {""score"": ""0-0"", ""probability"": 0.060443}, {""score"": ""2-1"", ""probability"": 0.050732}, {""score"": ""2-2"", ""probability"": 0.049403}, {""score"": ""1-0"", ""probability"": 0.044888}]",,0.5473,0.4527,Yes,2.5,0.5632,0.4368,False,Over 2.5,1.0,0.5278,0.4722,False,SV Werder Bremen +1,False,False,False,False,False,False,,,,,,,,0.5642,0.4358,0.2,weekly_update_20260921T073919Z_e8b4cc71,2026-08-18.phase1,0.1.0-phase1,0.1.0-phase1,2026-09-21T07:39:19+00:00
BUNDESLIGA2627_MW22_193_HamburgerSV_TSGHoffenheim,2026-27,22,2027-02-19,2027-02-19T00:00:00+00:00,Hamburger SV,TSG Hoffenheim,Volksparkstadion,scheduled,early_week_mode,,,,1.402,1.775,,,1-1,,draw,,0.2853,0.3006,0.4141,TSG Hoffenheim,0.2974,0.2465,0.4562,,,,"[{""score"": ""1-1"", ""probability"": 0.111521}, {""score"": ""1-2"", ""probability"": 0.092122}, {""score"": ""2-1"", ""probability"": 0.072788}, {""score"": ""0-1"", ""probability"": 0.066327}, {""score"": ""0-2"", ""probability"": 0.065695}, {""score"": ""2-2"", ""probability"": 0.06459}, {""score"": ""1-3"", ""probability"": 0.054498}, {""score"": ""1-0"", ""probability"": 0.050789}, {""score"": ""0-0"", ""probability"": 0.049422}, {""score"": ""2-0"", ""probability"": 0.041013}]",,0.6338,0.3662,Yes,2.5,0.6152,0.3848,False,Over 2.5,0.25,0.4822,0.5178,False,TSG Hoffenheim -0.25,False,False,False,False,False,False,,,,,,,,0.4141,0.5859,0.2,weekly_update_20260921T073919Z_e8b4cc71,2026-08-18.phase1,0.1.0-phase1,0.1.0-phase1,2026-09-21T07:39:19+00:00
BUNDESLIGA2627_MW22_194_BorussiaMönchengladbach_1.FCKöln,2026-27,22,2027-02-19,2027-02-19T00:00:00+00:00,Borussia Mönchengladbach,1. FC Köln,ista-Borussia-Park,scheduled,early_week_mode,,,,1.872,1.376,,,1-1,,draw,,0.4953,0.2471,0.2577,Borussia Mönchengladbach,0.4842,0.24,0.2758,,,,"[{""score"": ""1-1"", ""probability"": 0.107541}, {""score"": ""2-1"", ""probability"": 0.093686}, {""score"": ""1-2"", ""probability"": 0.068873}, {""score"": ""2-0"", ""probability"": 0.068088}, {""score"": ""1-0"", ""probability"": 0.065324}, {""score"": ""2-2"", ""probability"": 0.064454}, {""score"": ""3-1"", ""probability"": 0.05845}, {""score"": ""0-0"", ""probability"": 0.046304}, {""score"": ""0-1"", ""probability"": 0.046054}, {""score"": ""3-0"", ""probability"": 0.04248}]",,0.6398,0.3602,Yes,2.5,0.6299,0.3701,False,Over 2.5,-0.5,0.4842,0.5158,False,1. FC Köln +0.5,False,False,False,False,False,False,,,,,,,,0.4953,0.5047,0.2,weekly_update_20260921T073919Z_e8b4cc71,2026-08-18.phase1,0.1.0-phase1,0.1.0-phase1,2026-09-21T07:39:19+00:00
BUNDESLIGA2627_MW22_195_EintrachtFrankfurt_RBLeipzig,2026-27,22,2027-02-19,2027-02-19T00:00:00+00:00,Eintracht Frankfurt,RB Leipzig,Deutsche Bank Park,scheduled,early_week_mode,,,,1.73,1.869,,,1-1,,draw,,0.3142,0.2899,0.3959,RB Leipzig,0.3558,0.2321,0.4122,,,,"[{""score"": ""1-1"", ""probability"": 0.095011}, {""score"": ""1-2"", ""probability"": 0.08267}, {""score"": ""2-1"", ""probability"": 0.076498}, {""score"": ""2-2"", ""probability"": 0.071503}, {""score"": ""1-3"", ""probability"": 0.051514}, {""score"": ""0-2"", ""probability"": 0.04779}, {""score"": ""0-1"", ""probability"": 0.044563}, {""score"": ""2-3"", ""probability"": 0.044556}, {""score"": ""3-1"", ""probability"": 0.04411}, {""score"": ""3-2"", ""probability"": 0.04123}]",,0.7024,0.2976,Yes,2.5,0.6971,0.3029,False,Over 2.5,0.0,0.4718,0.5282,False,RB Leipzig (pick'em),False,False,False,False,False,False,,,,,,,,0.3959,0.6041,0.2,weekly_update_20260921T073919Z_e8b4cc71,2026-08-18.phase1,0.1.0-phase1,0.1.0-phase1,2026-09-21T07:39:19+00:00
BUNDESLIGA2627_MW22_196_Bayer04Leverkusen_1.FSVMainz05,2026-27,22,2027-02-19,2027-02-19T00:00:00+00:00,Bayer 04 Leverkusen,1. FSV Mainz 05,BayArena,scheduled,early_week_mode,,,,2.127,1.062,,,1-1,,draw,,0.5918,0.2275,0.1807,Bayer 04 Leverkusen,0.6103,0.216,0.1737,,,,"[{""score"": ""1-1"", ""probability"": 0.10004}, {""score"": ""2-1"", ""probability"": 0.099041}, {""score"": ""2-0"", ""probability"": 0.093229}, {""score"": ""1-0"", ""probability"": 0.080748}, {""score"": ""3-1"", ""probability"": 0.070221}, {""score"": ""3-0"", ""probability"": 0.0661}, {""score"": ""2-2"", ""probability"": 0.052608}, {""score"": ""1-2"", ""probability"": 0.049466}, {""score"": ""0-0"", ""probability"": 0.048127}, {""score"": ""4-1"", ""probability"": 0.03734}]",,0.5832,0.4168,Yes,2.5,0.6177,0.3823,False,Over 2.5,-1.0,0.4978,0.5022,False,1. FSV Mainz 05 +1,False,False,False,False,False,False,,,,,,,,0.5918,0.4082,0.2,weekly_update_20260921T073919Z_e8b4cc71,2026-08-18.phase1,0.1.0-phase1,0.1.0-phase1,2026-09-21T07:39:19+00:00
BUNDESLIGA2627_MW22_197_VfBStuttgart_SCPaderborn07,2026-27,22,2027-02-19,2027-02-19T00:00:00+00:00,VfB Stuttgart,SC Paderborn 07,MHPArena,scheduled,early_week_mode,,,,1.801,0.631,,,1-0,,home_win,,0.6138,0.2454,0.1408,VfB Stuttgart,0.6483,0.2348,0.1169,,,,"[{""score"": ""1-0"", ""probability"": 0.150806}, {""score"": ""2-0"", ""probability"": 0.142488}, {""score"": ""1-1"", ""probability"": 0.107275}, {""score"": ""0-0"", ""probability"": 0.095257}, {""score"": ""2-1"", ""probability"": 0.089933}, {""score"": ""3-0"", ""probability"": 0.085547}, {""score"": ""3-1"", ""probability"": 0.053994}, {""score"": ""0-1"", ""probability"": 0.04803}, {""score"": ""4-0"", ""probability"": 0.038521}, {""score"": ""1-2"", ""probability"": 0.031514}]",,0.3982,0.6018,No,2.5,0.4386,0.5614,False,Under 2.5,-1.0,0.5186,0.4814,False,VfB Stuttgart -1,False,False,False,False,False,False,,,,,,,,0.6138,0.3862,0.2,weekly_update_20260921T073919Z_e8b4cc71,2026-08-18.phase1,0.1.0-phase1,0.1.0-phase1,2026-09-21T07:39:19+00:00
BUNDESLIGA2627_MW22_198_FCBayernMünchen_FCAugsburg,2026-27,22,2027-02-19,2027-02-19T00:00:00+00:00,FC Bayern München,FC Augsburg,Allianz Arena,scheduled,early_week_mode,,,,3.69,0.861,,,3-0,,home_win,,0.777,0.1501,0.0728,FC Bayern München,0.867,0.0884,0.0446,,,,"[{""score"": ""3-0"", ""probability"": 0.089637}, {""score"": ""4-0"", ""probability"": 0.082694}, {""score"": ""3-1"", ""probability"": 0.077147}, {""score"": ""2-0"", ""probability"": 0.072872}, {""score"": ""4-1"", ""probability"": 0.071171}, {""score"": ""2-1"", ""probability"": 0.062718}, {""score"": ""5-0"", ""probability"": 0.061031}, {""score"": ""5-1"", ""probability"": 0.052527}, {""score"": ""6-0"", ""probability"": 0.037536}, {""score"": ""1-0"", ""probability"": 0.036972}]",,0.565,0.435,Yes,2.5,0.8298,0.1702,False,Over 2.5,-2.75,0.4887,0.5113,False,FC Augsburg +2.75,False,False,False,False,False,False,,,,,,,,0.777,0.223,0.2,weekly_update_20260921T073919Z_e8b4cc71,2026-08-18.phase1,0.1.0-phase1,0.1.0-phase1,2026-09-21T07:39:19+00:00
BUNDESLIGA2627_MW23_199_SCPaderborn07_SVWerderBremen,2026-27,23,2027-02-26,2027-02-26T00:00:00+00:00,SC Paderborn 07,SV Werder Bremen,Home Deluxe Arena,scheduled,early_week_mode,,,,0.908,0.953,,,0-0,,draw,,0.3211,0.2684,0.4105,SV Werder Bremen,0.3169,0.3421,0.3409,,,,"[{""score"": ""0-0"", ""probability"": 0.165497}, {""score"": ""1-1"", ""probability"": 0.144565}, {""score"": ""0-1"", ""probability"": 0.138179}, {""score"": ""1-0"", ""probability"": 0.131249}, {""score"": ""0-2"", ""probability"": 0.070589}, {""score"": ""2-0"", ""probability"": 0.064141}, {""score"": ""1-2"", ""probability"": 0.064113}, {""score"": ""2-1"", ""probability"": 0.061114}, {""score"": ""2-2"", ""probability"": 0.029115}, {""score"": ""0-3"", ""probability"": 0.022419}]",,0.3766,0.6234,No,2.5,0.2858,0.7142,False,Under 2.5,0.0,0.488,0.512,False,SV Werder Bremen (pick'em),False,False,False,False,False,False,,,,,,,,0.4105,0.5895,0.2,weekly_update_20260921T073919Z_e8b4cc71,2026-08-18.phase1,0.1.0-phase1,0.1.0-phase1,2026-09-21T07:39:19+00:00
BUNDESLIGA2627_MW23_200_1.FCKöln_EintrachtFrankfurt,2026-27,23,2027-02-26,2027-02-26T00:00:00+00:00,1. FC Köln,Eintracht Frankfurt,RheinEnergieSTADION,scheduled,early_week_mode,,,,1.696,1.885,,,1-1,,draw,,0.3212,0.2922,0.3866,Eintracht Frankfurt,0.3454,0.2323,0.4223,,,,"[{""score"": ""1-1"", ""probability"": 0.09566}, {""score"": ""1-2"", ""probability"": 0.083945}, {""score"": ""2-1"", ""probability"": 0.075495}, {""score"": ""2-2"", ""probability"": 0.071167}, {""score"": ""1-3"", ""probability"": 0.052755}, {""score"": ""0-2"", ""probability"": 0.049508}, {""score"": ""0-1"", ""probability"": 0.045908}, {""score"": ""2-3"", ""probability"": 0.044725}, {""score"": ""3-1"", ""probability"": 0.042669}, {""score"": ""1-0"", ""probability"": 0.040621}]",,0.6992,0.3008,Yes,2.5,0.6938,0.3062,False,Over 2.5,0.25,0.5196,0.4804,False,1. FC Köln +0.25,False,False,False,False,False,False,,,,,,,,0.3866,0.6134,0.2,weekly_update_20260921T073919Z_e8b4cc71,2026-08-18.phase1,0.1.0-phase1,0.1.0-phase1,2026-09-21T07:39:19+00:00
BUNDESLIGA2627_MW23_201_1.FSVMainz05_FCSchalke04,2026-27,23,2027-02-26,2027-02-26T00:00:00+00:00,1. FSV Mainz 05,FC Schalke 04,MEWA ARENA,scheduled,early_week_mode,,,,1.282,0.69,,,1-0,,home_win,,0.488,0.28,0.232,1. FSV Mainz 05,0.4981,0.3106,0.1913,,,,"[{""score"": ""1-0"", ""probability"": 0.169359}, {""score"": ""0-0"", ""probability"": 0.148341}, {""score"": ""1-1"", ""probability"": 0.132221}, {""score"": ""2-0"", ""probability"": 0.114439}, {""score"": ""0-1"", ""probability"": 0.086853}, {""score"": ""2-1"", ""probability"": 0.078913}, {""score"": ""3-0"", ""probability"": 0.048913}, {""score"": ""1-2"", ""probability"": 0.042437}, {""score"": ""3-1"", ""probability"": 0.033729}, {""score"": ""0-2"", ""probability"": 0.033096}]",,0.3691,0.6309,No,2.5,0.3157,0.6843,False,Under 2.5,-0.5,0.4981,0.5019,False,FC Schalke 04 +0.5,False,False,False,False,False,False,,,,,,,,0.488,0.512,0.2,weekly_update_20260921T073919Z_e8b4cc71,2026-08-18.phase1,0.1.0-phase1,0.1.0-phase1,2026-09-21T07:39:19+00:00
BUNDESLIGA2627_MW23_202_FCAugsburg_SVElversberg,2026-27,23,2027-02-26,2027-02-26T00:00:00+00:00,FC Augsburg,SV Elversberg,WWK ARENA,scheduled,early_week_mode,,,,1.687,2.001,,,1-1,,draw,,0.303,0.2586,0.4385,SV Elversberg,0.3242,0.2266,0.4492,,,,"[{""score"": ""1-1"", ""probability"": 0.090757}, {""score"": ""1-2"", ""probability"": 0.084519}, {""score"": ""2-2"", ""probability"": 0.071311}, {""score"": ""2-1"", ""probability"": 0.071282}, {""score"": ""1-3"", ""probability"": 0.056369}, {""score"": ""0-2"", ""probability"": 0.050087}, {""score"": ""2-3"", ""probability"": 0.04756}, {""score"": ""0-1"", ""probability"": 0.043795}, {""score"": ""3-2"", ""probability"": 0.040111}, {""score"": ""3-1"", ""probability"": 0.040095}]",,0.711,0.289,Yes,2.5,0.7125,0.2875,False,Over 2.5,0.25,0.4942,0.5058,False,SV Elversberg -0.25,False,False,False,False,False,False,,,,,,,,0.4385,0.5615,0.2,weekly_update_20260921T073919Z_e8b4cc71,2026-08-18.phase1,0.1.0-phase1,0.1.0-phase1,2026-09-21T07:39:19+00:00
BUNDESLIGA2627_MW23_203_Sport-ClubFreiburg_Bayer04Leverkusen,2026-27,23,2027-02-26,2027-02-26T00:00:00+00:00,Sport-Club Freiburg,Bayer 04 Leverkusen,Europa-Park Stadion,scheduled,early_week_mode,,,,1.442,1.77,,,1-1,,draw,,0.3124,0.2715,0.4161,Bayer 04 Leverkusen,0.3073,0.2458,0.4468,,,,"[{""score"": ""1-1"", ""probability"": 0.110433}, {""score"": ""1-2"", ""probability"": 0.090997}, {""score"": ""2-1"", ""probability"": 0.074109}, {""score"": ""2-2"", ""probability"": 0.065599}, {""score"": ""0-1"", ""probability"": 0.063669}, {""score"": ""0-2"", ""probability"": 0.063113}, {""score"": ""1-3"", ""probability"": 0.053698}, {""score"": ""1-0"", ""probability"": 0.050437}, {""score"": ""0-0"", ""probability"": 0.047907}, {""score"": ""2-0"", ""probability"": 0.041862}]",,0.6411,0.3589,Yes,2.5,0.6226,0.3774,False,Over 2.5,0.25,0.4917,0.5083,False,Bayer 04 Leverkusen -0.25,False,False,False,False,False,False,,,,,,,,0.4161,0.5839,0.2,weekly_update_20260921T073919Z_e8b4cc71,2026-08-18.phase1,0.1.0-phase1,0.1.0-phase1,2026-09-21T07:39:19+00:00
BUNDESLIGA2627_MW23_204_TSGHoffenheim_BorussiaMönchengladbach,2026-27,23,2027-02-26,2027-02-26T00:00:00+00:00,TSG Hoffenheim,Borussia Mönchengladbach,SNP Arena,scheduled,early_week_mode,,,,2.234,1.431,,,2-1,,home_win,,0.5103,0.2465,0.2432,TSG Hoffenheim,0.5508,0.2137,0.2355,,,,"[{""score"": ""2-1"", ""probability"": 0.091488}, {""score"": ""1-1"", ""probability"": 0.087987}, {""score"": ""3-1"", ""probability"": 0.068127}, {""score"": ""2-2"", ""probability"": 0.065446}, {""score"": ""2-0"", ""probability"": 0.063947}, {""score"": ""1-2"", ""probability"": 0.058592}, {""score"": ""1-0"", ""probability"": 0.051169}, {""score"": ""3-2"", ""probability"": 0.048734}, {""score"": ""3-0"", ""probability"": 0.047618}, {""score"": ""4-1"", ""probability"": 0.038048}]",,0.6854,0.3146,Yes,2.5,0.7084,0.2916,False,Over 2.5,-0.75,0.4992,0.5008,False,Borussia Mönchengladbach +0.75,False,False,False,False,False,False,,,,,,,,0.5103,0.4897,0.2,weekly_update_20260921T073919Z_e8b4cc71,2026-08-18.phase1,0.1.0-phase1,0.1.0-phase1,2026-09-21T07:39:19+00:00
BUNDESLIGA2627_MW23_205_VfBStuttgart_HamburgerSV,2026-27,23,2027-02-26,2027-02-26T00:00:00+00:00,VfB Stuttgart,Hamburger SV,MHPArena,scheduled,early_week_mode,,,,2.499,0.913,,,2-0,,home_win,,0.6241,0.2234,0.1525,VfB Stuttgart,0.7134,0.1751,0.1115,,,,"[{""score"": ""2-0"", ""probability"": 0.103032}, {""score"": ""2-1"", ""probability"": 0.094111}, {""score"": ""3-0"", ""probability"": 0.085838}, {""score"": ""1-1"", ""probability"": 0.080899}, {""score"": ""3-1"", ""probability"": 0.078406}, {""score"": ""1-0"", ""probability"": 0.076856}, {""score"": ""4-0"", ""probability"": 0.053635}, {""score"": ""4-1"", ""probability"": 0.048991}, {""score"": ""2-2"", ""probability"": 0.042981}, {""score"": ""0-0"", ""probability"": 0.038578}]",,0.5552,0.4448,Yes,2.5,0.6623,0.3377,False,Over 2.5,-1.5,0.499,0.501,False,Hamburger SV +1.5,False,False,False,False,False,False,,,,,,,,0.6241,0.3759,0.2,weekly_update_20260921T073919Z_e8b4cc71,2026-08-18.phase1,0.1.0-phase1,0.1.0-phase1,2026-09-21T07:39:19+00:00
BUNDESLIGA2627_MW23_206_RBLeipzig_FCBayernMünchen,2026-27,23,2027-02-26,2027-02-26T00:00:00+00:00,RB Leipzig,FC Bayern München,Red Bull Arena,scheduled,early_week_mode,,,,1.414,2.463,,,1-2,,away_win,,0.213,0.2224,0.5646,FC Bayern München,0.2038,0.197,0.5992,,,,"[{""score"": ""1-2"", ""probability"": 0.088935}, {""score"": ""1-1"", ""probability"": 0.077585}, {""score"": ""1-3"", ""probability"": 0.073008}, {""score"": ""0-2"", ""probability"": 0.062899}, {""score"": ""2-2"", ""probability"": 0.062874}, {""score"": ""0-3"", ""probability"": 0.051635}, {""score"": ""2-3"", ""probability"": 0.051614}, {""score"": ""2-1"", ""probability"": 0.05106}, {""score"": ""0-1"", ""probability"": 0.045718}, {""score"": ""1-4"", ""probability"": 0.04495}]",,0.6976,0.3024,Yes,2.5,0.743,0.257,False,Over 2.5,1.0,0.5029,0.4971,False,RB Leipzig +1,False,False,False,False,False,False,,,,,,,,0.5646,0.4354,0.2,weekly_update_20260921T073919Z_e8b4cc71,2026-08-18.phase1,0.1.0-phase1,0.1.0-phase1,2026-09-21T07:39:19+00:00
BUNDESLIGA2627_MW23_207_BorussiaDortmund_1.FCUnionBerlin,2026-27,23,2027-02-26,2027-02-26T00:00:00+00:00,Borussia Dortmund,1. FC Union Berlin,SIGNAL IDUNA PARK,scheduled,early_week_mode,,,,2.646,0.741,,,2-0,,home_win,,0.7068,0.1929,0.1002,Borussia Dortmund,0.7735,0.1507,0.0757,,,,"[{""score"": ""2-0"", ""probability"": 0.118531}, {""score"": ""3-0"", ""probability"": 0.104546}, {""score"": ""2-1"", ""probability"": 0.087855}, {""score"": ""1-0"", ""probability"": 0.084662}, {""score"": ""3-1"", ""probability"": 0.077489}, {""score"": ""1-1"", ""probability"": 0.071334}, {""score"": ""4-0"", ""probability"": 0.069159}, {""score"": ""4-1"", ""probability"": 0.05126}, {""score"": ""0-0"", ""probability"": 0.038788}, {""score"": ""5-0"", ""probability"": 0.036599}]",,0.4912,0.5088,No,2.5,0.6572,0.3428,False,Over 2.5,-1.75,0.5127,0.4873,False,Borussia Dortmund -1.75,False,False,False,False,False,False,,,,,,,,0.7068,0.2932,0.2,weekly_update_20260921T073919Z_e8b4cc71,2026-08-18.phase1,0.1.0-phase1,0.1.0-phase1,2026-09-21T07:39:19+00:00
BUNDESLIGA2627_MW24_208_SVElversberg_RBLeipzig,2026-27,24,2027-03-02,2027-03-02T00:00:00+00:00,SV Elversberg,RB Leipzig,URSAPHARM-Arena,scheduled,early_week_mode,,,,2.1,1.763,,,1-1,,draw,,0.3905,0.2873,0.3222,SV Elversberg,0.4556,0.22,0.3244,,,,"[{""score"": ""1-1"", ""probability"": 0.08359}, {""score"": ""2-1"", ""probability"": 0.081688}, {""score"": ""2-2"", ""probability"": 0.072012}, {""score"": ""1-2"", ""probability"": 0.068596}, {""score"": ""3-1"", ""probability"": 0.057171}, {""score"": ""3-2"", ""probability"": 0.050399}, {""score"": ""2-0"", ""probability"": 0.046332}, {""score"": ""2-3"", ""probability"": 0.042321}, {""score"": ""1-3"", ""probability"": 0.040314}, {""score"": ""1-0"", ""probability"": 0.038358}]",,0.7327,0.2673,Yes,2.5,0.741,0.259,False,Over 2.5,-0.25,0.5106,0.4894,False,SV Elversberg -0.25,False,False,False,False,False,False,,,,,,,,0.3905,0.6095,0.2,weekly_update_20260921T073919Z_e8b4cc71,2026-08-18.phase1,0.1.0-phase1,0.1.0-phase1,2026-09-21T07:39:19+00:00
BUNDESLIGA2627_MW24_209_FCSchalke04_1.FCKöln,2026-27,24,2027-03-02,2027-03-02T00:00:00+00:00,FC Schalke 04,1. FC Köln,VELTINS-Arena,scheduled,early_week_mode,,,,1.101,0.922,,,1-1,,draw,,0.4201,0.2853,0.2946,FC Schalke 04,0.3844,0.3246,0.291,,,,"[{""score"": ""1-1"", ""probability"": 0.144221}, {""score"": ""0-0"", ""probability"": 0.142235}, {""score"": ""1-0"", ""probability"": 0.13568}, {""score"": ""0-1"", ""probability"": 0.111956}, {""score"": ""2-0"", ""probability"": 0.080189}, {""score"": ""2-1"", ""probability"": 0.073917}, {""score"": ""1-2"", ""probability"": 0.061876}, {""score"": ""0-2"", ""probability"": 0.056193}, {""score"": ""2-2"", ""probability"": 0.034068}, {""score"": ""3-0"", ""probability"": 0.029433}]",,0.4119,0.5881,No,2.5,0.3295,0.6705,False,Under 2.5,-0.25,0.4655,0.5345,False,1. FC Köln +0.25,False,False,False,False,False,False,,,,,,,,0.4201,0.5799,0.2,weekly_update_20260921T073919Z_e8b4cc71,2026-08-18.phase1,0.1.0-phase1,0.1.0-phase1,2026-09-21T07:39:19+00:00
BUNDESLIGA2627_MW24_210_SVWerderBremen_1.FSVMainz05,2026-27,24,2027-03-02,2027-03-02T00:00:00+00:00,SV Werder Bremen,1. FSV Mainz 05,Weserstadion,scheduled,early_week_mode,,,,1.351,1.418,,,1-1,,draw,,0.3582,0.2851,0.3567,SV Werder Bremen,0.3487,0.2721,0.3792,,,,"[{""score"": ""1-1"", ""probability"": 0.129078}, {""score"": ""1-2"", ""probability"": 0.085193}, {""score"": ""2-1"", ""probability"": 0.081182}, {""score"": ""0-1"", ""probability"": 0.080003}, {""score"": ""1-0"", ""probability"": 0.075817}, {""score"": ""0-0"", ""probability"": 0.07163}, {""score"": ""0-2"", ""probability"": 0.063047}, {""score"": ""2-2"", ""probability"": 0.057559}, {""score"": ""2-0"", ""probability"": 0.057251}, {""score"": ""1-3"", ""probability"": 0.040268}]",,0.5705,0.4295,Yes,2.5,0.5232,0.4768,False,Over 2.5,0.0,0.4848,0.5152,False,1. FSV Mainz 05 (pick'em),False,False,False,False,False,False,,,,,,,,0.3582,0.6418,0.2,weekly_update_20260921T073919Z_e8b4cc71,2026-08-18.phase1,0.1.0-phase1,0.1.0-phase1,2026-09-21T07:39:19+00:00
BUNDESLIGA2627_MW24_211_HamburgerSV_SCPaderborn07,2026-27,24,2027-03-02,2027-03-02T00:00:00+00:00,Hamburger SV,SC Paderborn 07,Volksparkstadion,scheduled,early_week_mode,,,,1.016,0.777,,,0-0,,draw,,0.4381,0.2755,0.2864,Hamburger SV,0.3924,0.3458,0.2619,,,,"[{""score"": ""0-0"", ""probability"": 0.1763}, {""score"": ""1-0"", ""probability"": 0.159416}, {""score"": ""1-1"", ""probability"": 0.141154}, {""score"": ""0-1"", ""probability"": 0.119605}, {""score"": ""2-0"", ""probability"": 0.085919}, {""score"": ""2-1"", ""probability"": 0.066735}, {""score"": ""1-2"", ""probability"": 0.05103}, {""score"": ""0-2"", ""probability"": 0.050238}, {""score"": ""3-0"", ""probability"": 0.029091}, {""score"": ""2-2"", ""probability"": 0.025918}]",,0.3543,0.6457,No,2.5,0.2674,0.7326,False,Under 2.5,-0.25,0.4788,0.5212,False,SC Paderborn 07 +0.25,False,False,False,False,False,False,,,,,,,,0.4381,0.5619,0.2,weekly_update_20260921T073919Z_e8b4cc71,2026-08-18.phase1,0.1.0-phase1,0.1.0-phase1,2026-09-21T07:39:19+00:00
BUNDESLIGA2627_MW24_212_BorussiaMönchengladbach_VfBStuttgart,2026-27,24,2027-03-02,2027-03-02T00:00:00+00:00,Borussia Mönchengladbach,VfB Stuttgart,ista-Borussia-Park,scheduled,early_week_mode,,,,1.465,2.001,,,1-1,,draw,,0.3211,0.2669,0.412,VfB Stuttgart,0.2759,0.23,0.4941,,,,"[{""score"": ""1-1"", ""probability"": 0.098405}, {""score"": ""1-2"", ""probability"": 0.091644}, {""score"": ""2-2"", ""probability"": 0.067145}, {""score"": ""2-1"", ""probability"": 0.067116}, {""score"": ""0-2"", ""probability"": 0.062541}, {""score"": ""1-3"", ""probability"": 0.061122}, {""score"": ""0-1"", ""probability"": 0.055714}, {""score"": ""2-3"", ""probability"": 0.044782}, {""score"": ""0-3"", ""probability"": 0.041712}, {""score"": ""1-0"", ""probability"": 0.038983}]",,0.6718,0.3282,Yes,2.5,0.6728,0.3272,False,Over 2.5,0.5,0.5059,0.4941,False,Borussia Mönchengladbach +0.5,False,False,False,False,False,False,,,,,,,,0.412,0.588,0.2,weekly_update_20260921T073919Z_e8b4cc71,2026-08-18.phase1,0.1.0-phase1,0.1.0-phase1,2026-09-21T07:39:19+00:00
BUNDESLIGA2627_MW24_213_1.FCUnionBerlin_FCAugsburg,2026-27,24,2027-03-02,2027-03-02T00:00:00+00:00,1. FC Union Berlin,FC Augsburg,An der Alten Försterei,scheduled,early_week_mode,,,,1.409,1.461,,,1-1,,draw,,0.3685,0.2621,0.3694,FC Augsburg,0.3549,0.2665,0.3786,,,,"[{""score"": ""1-1"", ""probability"": 0.125388}, {""score"": ""1-2"", ""probability"": 0.085291}, {""score"": ""2-1"", ""probability"": 0.082203}, {""score"": ""0-1"", ""probability"": 0.074204}, {""score"": ""1-0"", ""probability"": 0.071204}, {""score"": ""0-0"", ""probability"": 0.065369}, {""score"": ""0-2"", ""probability"": 0.060553}, {""score"": ""2-2"", ""probability"": 0.060067}, {""score"": ""2-0"", ""probability"": 0.056249}, {""score"": ""1-3"", ""probability"": 0.041549}]",,0.5889,0.4111,Yes,2.5,0.547,0.453,False,Over 2.5,0.0,0.4881,0.5119,False,FC Augsburg (pick'em),False,False,False,False,False,False,,,,,,,,0.3694,0.6306,0.2,weekly_update_20260921T073919Z_e8b4cc71,2026-08-18.phase1,0.1.0-phase1,0.1.0-phase1,2026-09-21T07:39:19+00:00
BUNDESLIGA2627_MW24_214_EintrachtFrankfurt_BorussiaDortmund,2026-27,24,2027-03-02,2027-03-02T00:00:00+00:00,Eintracht Frankfurt,Borussia Dortmund,Deutsche Bank Park,scheduled,early_week_mode,,,,1.364,2.06,,,1-1,,draw,,0.2346,0.2484,0.517,Borussia Dortmund,0.2453,0.2261,0.5286,,,,"[{""score"": ""1-1"", ""probability"": 0.098363}, {""score"": ""1-2"", ""probability"": 0.094326}, {""score"": ""0-2"", ""probability"": 0.069156}, {""score"": ""1-3"", ""probability"": 0.064779}, {""score"": ""2-2"", ""probability"": 0.064328}, {""score"": ""2-1"", ""probability"": 0.062446}, {""score"": ""0-1"", ""probability"": 0.060335}, {""score"": ""0-3"", ""probability"": 0.047494}, {""score"": ""2-3"", ""probability"": 0.044178}, {""score"": ""0-0"", ""probability"": 0.039381}]",,0.6563,0.3437,Yes,2.5,0.6648,0.3352,False,Over 2.5,0.75,0.5241,0.4759,False,Eintracht Frankfurt +0.75,False,False,False,False,False,False,,,,,,,,0.517,0.483,0.2,weekly_update_20260921T073919Z_e8b4cc71,2026-08-18.phase1,0.1.0-phase1,0.1.0-phase1,2026-09-21T07:39:19+00:00
BUNDESLIGA2627_MW24_215_Bayer04Leverkusen_TSGHoffenheim,2026-27,24,2027-03-02,2027-03-02T00:00:00+00:00,Bayer 04 Leverkusen,TSG Hoffenheim,BayArena,scheduled,early_week_mode,,,,2.596,1.24,,,2-1,,home_win,,0.5791,0.2564,0.1646,Bayer 04 Leverkusen,0.6598,0.1821,0.1581,,,,"[{""score"": ""2-1"", ""probability"": 0.090296}, {""score"": ""3-1"", ""probability"": 0.078145}, {""score"": ""1-1"", ""probability"": 0.074721}, {""score"": ""2-0"", ""probability"": 0.072825}, {""score"": ""3-0"", ""probability"": 0.063025}, {""score"": ""2-2"", ""probability"": 0.055979}, {""score"": ""1-0"", ""probability"": 0.050935}, {""score"": ""4-1"", ""probability"": 0.050722}, {""score"": ""3-2"", ""probability"": 0.048446}, {""score"": ""1-2"", ""probability"": 0.043122}]",,0.6627,0.3373,Yes,2.5,0.7365,0.2635,False,Over 2.5,-1.25,0.506,0.494,False,Bayer 04 Leverkusen -1.25,False,False,False,False,False,False,,,,,,,,0.5791,0.4209,0.2,weekly_update_20260921T073919Z_e8b4cc71,2026-08-18.phase1,0.1.0-phase1,0.1.0-phase1,2026-09-21T07:39:19+00:00
BUNDESLIGA2627_MW24_216_FCBayernMünchen_Sport-ClubFreiburg,2026-27,24,2027-03-02,2027-03-02T00:00:00+00:00,FC Bayern München,Sport-Club Freiburg,Allianz Arena,scheduled,early_week_mode,,,,3.459,0.979,,,3-0,,home_win,,0.7485,0.1653,0.0862,FC Bayern München,0.8273,0.1086,0.0642,,,,"[{""score"": ""3-0"", ""probability"": 0.082261}, {""score"": ""3-1"", ""probability"": 0.080559}, {""score"": ""2-0"", ""probability"": 0.071349}, {""score"": ""4-0"", ""probability"": 0.071131}, {""score"": ""2-1"", ""probability"": 0.069873}, {""score"": ""4-1"", ""probability"": 0.069659}, {""score"": ""5-0"", ""probability"": 0.049205}, {""score"": ""5-1"", ""probability"": 0.048187}, {""score"": ""1-1"", ""probability"": 0.043402}, {""score"": ""3-2"", ""probability"": 0.039446}]",,0.6076,0.3924,Yes,2.5,0.8177,0.1823,False,Over 2.5,-2.25,0.5203,0.4797,False,FC Bayern München -2.25,False,False,False,False,False,False,,,,,,,,0.7485,0.2515,0.2,weekly_update_20260921T073919Z_e8b4cc71,2026-08-18.phase1,0.1.0-phase1,0.1.0-phase1,2026-09-21T07:39:19+00:00
BUNDESLIGA2627_MW25_217_SCPaderborn07_BorussiaMönchengladbach,2026-27,25,2027-03-05,2027-03-05T00:00:00+00:00,SC Paderborn 07,Borussia Mönchengladbach,Home Deluxe Arena,scheduled,early_week_mode,,,,0.978,1.036,,,1-1,,draw,,0.3139,0.2766,0.4095,Borussia Mönchengladbach,0.3211,0.3271,0.3518,,,,"[{""score"": ""1-1"", ""probability"": 0.145252}, {""score"": ""0-0"", ""probability"": 0.143484}, {""score"": ""0-1"", ""probability"": 0.12826}, {""score"": ""1-0"", ""probability"": 0.120433}, {""score"": ""0-2"", ""probability"": 0.071663}, {""score"": ""1-2"", ""probability"": 0.070065}, {""score"": ""2-1"", ""probability"": 0.0661}, {""score"": ""2-0"", ""probability"": 0.063781}, {""score"": ""2-2"", ""probability"": 0.034251}, {""score"": ""0-3"", ""probability"": 0.024756}]",,0.4126,0.5874,No,2.5,0.3271,0.6729,False,Under 2.5,0.0,0.4847,0.5153,False,Borussia Mönchengladbach (pick'em),False,False,False,False,False,False,,,,,,,,0.4095,0.5905,0.2,weekly_update_20260921T073919Z_e8b4cc71,2026-08-18.phase1,0.1.0-phase1,0.1.0-phase1,2026-09-21T07:39:19+00:00
BUNDESLIGA2627_MW25_218_1.FCKöln_1.FCUnionBerlin,2026-27,25,2027-03-05,2027-03-05T00:00:00+00:00,1. FC Köln,1. FC Union Berlin,RheinEnergieSTADION,scheduled,early_week_mode,,,,1.737,1.285,,,1-1,,draw,,0.421,0.2972,0.2817,1. FC Köln,0.4725,0.2516,0.2759,,,,"[{""score"": ""1-1"", ""probability"": 0.116816}, {""score"": ""2-1"", ""probability"": 0.094423}, {""score"": ""1-0"", ""probability"": 0.076572}, {""score"": ""2-0"", ""probability"": 0.073499}, {""score"": ""1-2"", ""probability"": 0.069851}, {""score"": ""2-2"", ""probability"": 0.060653}, {""score"": ""0-0"", ""probability"": 0.056814}, {""score"": ""3-1"", ""probability"": 0.05466}, {""score"": ""0-1"", ""probability"": 0.054545}, {""score"": ""3-0"", ""probability"": 0.042547}]",,0.6039,0.3961,Yes,2.5,0.5815,0.4185,False,Over 2.5,-0.5,0.4725,0.5275,False,1. FC Union Berlin +0.5,False,False,False,False,False,False,,,,,,,,0.421,0.579,0.2,weekly_update_20260921T073919Z_e8b4cc71,2026-08-18.phase1,0.1.0-phase1,0.1.0-phase1,2026-09-21T07:39:19+00:00
BUNDESLIGA2627_MW25_219_HamburgerSV_EintrachtFrankfurt,2026-27,25,2027-03-05,2027-03-05T00:00:00+00:00,Hamburger SV,Eintracht Frankfurt,Volksparkstadion,scheduled,early_week_mode,,,,1.39,1.816,,,1-1,,draw,,0.2889,0.2902,0.4209,Eintracht Frankfurt,0.2879,0.2438,0.4684,,,,"[{""score"": ""1-1"", ""probability"": 0.109847}, {""score"": ""1-2"", ""probability"": 0.092872}, {""score"": ""2-1"", ""probability"": 0.071093}, {""score"": ""0-2"", ""probability"": 0.066791}, {""score"": ""0-1"", ""probability"": 0.065948}, {""score"": ""2-2"", ""probability"": 0.064569}, {""score"": ""1-3"", ""probability"": 0.056233}, {""score"": ""1-0"", ""probability"": 0.048703}, {""score"": ""0-0"", ""probability"": 0.048076}, {""score"": ""0-3"", ""probability"": 0.040441}]",,0.6365,0.3635,Yes,2.5,0.6215,0.3785,False,Over 2.5,0.25,0.4707,0.5293,False,Eintracht Frankfurt -0.25,False,False,False,False,False,False,,,,,,,,0.4209,0.5791,0.2,weekly_update_20260921T073919Z_e8b4cc71,2026-08-18.phase1,0.1.0-phase1,0.1.0-phase1,2026-09-21T07:39:19+00:00
BUNDESLIGA2627_MW25_220_1.FSVMainz05_SVElversberg,2026-27,25,2027-03-05,2027-03-05T00:00:00+00:00,1. FSV Mainz 05,SV Elversberg,MEWA ARENA,scheduled,early_week_mode,,,,1.774,1.797,,,1-1,,draw,,0.3427,0.2642,0.3931,SV Elversberg,0.3785,0.2337,0.3878,,,,"[{""score"": ""1-1"", ""probability"": 0.096348}, {""score"": ""1-2"", ""probability"": 0.080582}, {""score"": ""2-1"", ""probability"": 0.079555}, {""score"": ""2-2"", ""probability"": 0.071477}, {""score"": ""1-3"", ""probability"": 0.048266}, {""score"": ""3-1"", ""probability"": 0.047044}, {""score"": ""0-2"", ""probability"": 0.045423}, {""score"": ""2-0"", ""probability"": 0.044274}, {""score"": ""0-1"", ""probability"": 0.043899}, {""score"": ""1-0"", ""probability"": 0.043255}]",,0.6993,0.3007,Yes,2.5,0.692,0.308,False,Over 2.5,0.0,0.4954,0.5046,False,SV Elversberg (pick'em),False,False,False,False,False,False,,,,,,,,0.3931,0.6069,0.2,weekly_update_20260921T073919Z_e8b4cc71,2026-08-18.phase1,0.1.0-phase1,0.1.0-phase1,2026-09-21T07:39:19+00:00
BUNDESLIGA2627_MW25_221_Sport-ClubFreiburg_FCAugsburg,2026-27,25,2027-03-05,2027-03-05T00:00:00+00:00,Sport-Club Freiburg,FC Augsburg,Europa-Park Stadion,scheduled,early_week_mode,,,,1.873,1.23,,,1-1,,draw,,0.496,0.2626,0.2414,Sport-Club Freiburg,0.5164,0.2411,0.2425,,,,"[{""score"": ""1-1"", ""probability"": 0.111172}, {""score"": ""2-1"", ""probability"": 0.09691}, {""score"": ""2-0"", ""probability"": 0.078768}, {""score"": ""1-0"", ""probability"": 0.076433}, {""score"": ""1-2"", ""probability"": 0.063663}, {""score"": ""3-1"", ""probability"": 0.0605}, {""score"": ""2-2"", ""probability"": 0.059616}, {""score"": ""0-0"", ""probability"": 0.052596}, {""score"": ""3-0"", ""probability"": 0.049174}, {""score"": ""0-1"", ""probability"": 0.047575}]",,0.6067,0.3933,Yes,2.5,0.5995,0.4005,False,Over 2.5,-0.5,0.5164,0.4836,False,Sport-Club Freiburg -0.5,False,False,False,False,False,False,,,,,,,,0.496,0.504,0.2,weekly_update_20260921T073919Z_e8b4cc71,2026-08-18.phase1,0.1.0-phase1,0.1.0-phase1,2026-09-21T07:39:19+00:00
BUNDESLIGA2627_MW25_222_TSGHoffenheim_SVWerderBremen,2026-27,25,2027-03-05,2027-03-05T00:00:00+00:00,TSG Hoffenheim,SV Werder Bremen,SNP Arena,scheduled,early_week_mode,,,,2.075,1.315,,,1-1,,draw,,0.5385,0.2191,0.2424,TSG Hoffenheim,0.5424,0.2248,0.2328,,,,"[{""score"": ""1-1"", ""probability"": 0.098815}, {""score"": ""2-1"", ""probability"": 0.095449}, {""score"": ""2-0"", ""probability"": 0.072565}, {""score"": ""3-1"", ""probability"": 0.066028}, {""score"": ""1-0"", ""probability"": 0.063104}, {""score"": ""2-2"", ""probability"": 0.062775}, {""score"": ""1-2"", ""probability"": 0.060498}, {""score"": ""3-0"", ""probability"": 0.050197}, {""score"": ""3-2"", ""probability"": 0.043425}, {""score"": ""0-0"", ""probability"": 0.040527}]",,0.6466,0.3534,Yes,2.5,0.6583,0.3417,False,Over 2.5,-0.75,0.4891,0.5109,False,SV Werder Bremen +0.75,False,False,False,False,False,False,,,,,,,,0.5385,0.4615,0.2,weekly_update_20260921T073919Z_e8b4cc71,2026-08-18.phase1,0.1.0-phase1,0.1.0-phase1,2026-09-21T07:39:19+00:00
BUNDESLIGA2627_MW25_223_VfBStuttgart_Bayer04Leverkusen,2026-27,25,2027-03-05,2027-03-05T00:00:00+00:00,VfB Stuttgart,Bayer 04 Leverkusen,MHPArena,scheduled,early_week_mode,,,,1.746,1.691,,,1-1,,draw,,0.3528,0.2613,0.3859,Bayer 04 Leverkusen,0.3918,0.2391,0.3691,,,,"[{""score"": ""1-1"", ""probability"": 0.102005}, {""score"": ""2-1"", ""probability"": 0.082903}, {""score"": ""1-2"", ""probability"": 0.080295}, {""score"": ""2-2"", ""probability"": 0.070103}, {""score"": ""1-0"", ""probability"": 0.049098}, {""score"": ""2-0"", ""probability"": 0.04902}, {""score"": ""3-1"", ""probability"": 0.048254}, {""score"": ""0-1"", ""probability"": 0.047331}, {""score"": ""0-2"", ""probability"": 0.045984}, {""score"": ""1-3"", ""probability"": 0.045265}]",,0.6804,0.3196,Yes,2.5,0.6674,0.3326,False,Over 2.5,0.0,0.5114,0.4886,False,VfB Stuttgart (pick'em),False,False,False,False,False,False,,,,,,,,0.3859,0.6141,0.2,weekly_update_20260921T073919Z_e8b4cc71,2026-08-18.phase1,0.1.0-phase1,0.1.0-phase1,2026-09-21T07:39:19+00:00
BUNDESLIGA2627_MW25_224_RBLeipzig_FCSchalke04,2026-27,25,2027-03-05,2027-03-05T00:00:00+00:00,RB Leipzig,FC Schalke 04,Red Bull Arena,scheduled,early_week_mode,,,,1.598,0.643,,,1-0,,home_win,,0.606,0.236,0.158,RB Leipzig,0.5971,0.2633,0.1395,,,,"[{""score"": ""1-0"", ""probability"": 0.161926}, {""score"": ""2-0"", ""probability"": 0.135857}, {""score"": ""1-1"", ""probability"": 0.117368}, {""score"": ""0-0"", ""probability"": 0.114519}, {""score"": ""2-1"", ""probability"": 0.087295}, {""score"": ""3-0"", ""probability"": 0.072365}, {""score"": ""0-1"", ""probability"": 0.060262}, {""score"": ""3-1"", ""probability"": 0.046498}, {""score"": ""1-2"", ""probability"": 0.035102}, {""score"": ""4-0"", ""probability"": 0.028909}]",,0.3863,0.6137,No,2.5,0.3881,0.6119,False,Under 2.5,-0.75,0.5308,0.4692,False,RB Leipzig -0.75,False,False,False,False,False,False,,,,,,,,0.606,0.394,0.2,weekly_update_20260921T073919Z_e8b4cc71,2026-08-18.phase1,0.1.0-phase1,0.1.0-phase1,2026-09-21T07:39:19+00:00
BUNDESLIGA2627_MW25_225_BorussiaDortmund_FCBayernMünchen,2026-27,25,2027-03-05,2027-03-05T00:00:00+00:00,Borussia Dortmund,FC Bayern München,SIGNAL IDUNA PARK,scheduled,early_week_mode,,,,1.558,1.942,,,1-1,,draw,,0.2933,0.2587,0.448,FC Bayern München,0.3056,0.2325,0.4619,,,,"[{""score"": ""1-1"", ""probability"": 0.098168}, {""score"": ""1-2"", ""probability"": 0.088727}, {""score"": ""2-1"", ""probability"": 0.071202}, {""score"": ""2-2"", ""probability"": 0.069132}, {""score"": ""1-3"", ""probability"": 0.057431}, {""score"": ""0-2"", ""probability"": 0.056938}, {""score"": ""0-1"", ""probability"": 0.051859}, {""score"": ""2-3"", ""probability"": 0.044748}, {""score"": ""1-0"", ""probability"": 0.040277}, {""score"": ""3-1"", ""probability"": 0.036985}]",,0.683,0.317,Yes,2.5,0.6791,0.3209,False,Over 2.5,0.25,0.4799,0.5201,False,FC Bayern München -0.25,False,False,False,False,False,False,,,,,,,,0.448,0.552,0.2,weekly_update_20260921T073919Z_e8b4cc71,2026-08-18.phase1,0.1.0-phase1,0.1.0-phase1,2026-09-21T07:39:19+00:00
BUNDESLIGA2627_MW26_226_SVElversberg_BorussiaDortmund,2026-27,26,2027-03-12,2027-03-12T00:00:00+00:00,SV Elversberg,Borussia Dortmund,URSAPHARM-Arena,scheduled,early_week_mode,,,,1.655,1.943,,,1-1,,draw,,0.3005,0.2526,0.4469,Borussia Dortmund,0.3268,0.2304,0.4428,,,,"[{""score"": ""1-1"", ""probability"": 0.094576}, {""score"": ""1-2"", ""probability"": 0.085536}, {""score"": ""2-1"", ""probability"": 0.072874}, {""score"": ""2-2"", ""probability"": 0.070802}, {""score"": ""1-3"", ""probability"": 0.055402}, {""score"": ""0-2"", ""probability"": 0.051668}, {""score"": ""0-1"", ""probability"": 0.046645}, {""score"": ""2-3"", ""probability"": 0.045859}, {""score"": ""3-1"", ""probability"": 0.040214}, {""score"": ""3-2"", ""probability"": 0.039071}]",,0.6996,0.3004,Yes,2.5,0.6969,0.3031,False,Over 2.5,0.25,0.4996,0.5004,False,Borussia Dortmund -0.25,False,False,False,False,False,False,,,,,,,,0.4469,0.5531,0.2,weekly_update_20260921T073919Z_e8b4cc71,2026-08-18.phase1,0.1.0-phase1,0.1.0-phase1,2026-09-21T07:39:19+00:00
BUNDESLIGA2627_MW26_227_FCSchalke04_TSGHoffenheim,2026-27,26,2027-03-12,2027-03-12T00:00:00+00:00,FC Schalke 04,TSG Hoffenheim,VELTINS-Arena,scheduled,early_week_mode,,,,1.055,1.193,,,1-1,,draw,,0.3327,0.2683,0.3991,TSG Hoffenheim,0.3124,0.3064,0.3812,,,,"[{""score"": ""1-1"", ""probability"": 0.142776}, {""score"": ""0-1"", ""probability"": 0.116061}, {""score"": ""0-0"", ""probability"": 0.115379}, {""score"": ""1-0"", ""probability"": 0.101495}, {""score"": ""1-2"", ""probability"": 0.079313}, {""score"": ""0-2"", ""probability"": 0.075147}, {""score"": ""2-1"", ""probability"": 0.070139}, {""score"": ""2-0"", ""probability"": 0.058768}, {""score"": ""2-2"", ""probability"": 0.041855}, {""score"": ""1-3"", ""probability"": 0.031553}]",,0.4642,0.5358,No,2.5,0.3904,0.6096,False,Under 2.5,0.0,0.4656,0.5344,False,TSG Hoffenheim (pick'em),False,False,False,False,False,False,,,,,,,,0.3991,0.6009,0.2,weekly_update_20260921T073919Z_e8b4cc71,2026-08-18.phase1,0.1.0-phase1,0.1.0-phase1,2026-09-21T07:39:19+00:00
BUNDESLIGA2627_MW26_228_SVWerderBremen_VfBStuttgart,2026-27,26,2027-03-12,2027-03-12T00:00:00+00:00,SV Werder Bremen,VfB Stuttgart,Weserstadion,scheduled,early_week_mode,,,,1.347,1.859,,,1-1,,draw,,0.3004,0.2922,0.4074,VfB Stuttgart,0.2713,0.2413,0.4874,,,,"[{""score"": ""1-1"", ""probability"": 0.109017}, {""score"": ""1-2"", ""probability"": 0.094315}, {""score"": ""0-2"", ""probability"": 0.070007}, {""score"": ""2-1"", ""probability"": 0.06836}, {""score"": ""0-1"", ""probability"": 0.067794}, {""score"": ""2-2"", ""probability"": 0.063532}, {""score"": ""1-3"", ""probability"": 0.058435}, {""score"": ""0-0"", ""probability"": 0.04806}, {""score"": ""1-0"", ""probability"": 0.047065}, {""score"": ""0-3"", ""probability"": 0.043375}]",,0.6322,0.3678,Yes,2.5,0.6213,0.3787,False,Over 2.5,0.5,0.5126,0.4874,False,SV Werder Bremen +0.5,False,False,False,False,False,False,,,,,,,,0.4074,0.5926,0.2,weekly_update_20260921T073919Z_e8b4cc71,2026-08-18.phase1,0.1.0-phase1,0.1.0-phase1,2026-09-21T07:39:19+00:00
BUNDESLIGA2627_MW26_229_BorussiaMönchengladbach_HamburgerSV,2026-27,26,2027-03-12,2027-03-12T00:00:00+00:00,Borussia Mönchengladbach,Hamburger SV,ista-Borussia-Park,scheduled,early_week_mode,,,,1.803,1.128,,,1-1,,draw,,0.5254,0.2428,0.2318,Borussia Mönchengladbach,0.5236,0.2473,0.2291,,,,"[{""score"": ""1-1"", ""probability"": 0.116536}, {""score"": ""2-1"", ""probability"": 0.097813}, {""score"": ""1-0"", ""probability"": 0.088086}, {""score"": ""2-0"", ""probability"": 0.086684}, {""score"": ""0-0"", ""probability"": 0.061366}, {""score"": ""1-2"", ""probability"": 0.061205}, {""score"": ""3-1"", ""probability"": 0.058795}, {""score"": ""2-2"", ""probability"": 0.055186}, {""score"": ""3-0"", ""probability"": 0.052106}, {""score"": ""0-1"", ""probability"": 0.052105}]",,0.573,0.427,Yes,2.5,0.5613,0.4387,False,Over 2.5,-0.5,0.5236,0.4764,False,Borussia Mönchengladbach -0.5,False,False,False,False,False,False,,,,,,,,0.5254,0.4746,0.2,weekly_update_20260921T073919Z_e8b4cc71,2026-08-18.phase1,0.1.0-phase1,0.1.0-phase1,2026-09-21T07:39:19+00:00
BUNDESLIGA2627_MW26_230_1.FCUnionBerlin_Sport-ClubFreiburg,2026-27,26,2027-03-12,2027-03-12T00:00:00+00:00,1. FC Union Berlin,Sport-Club Freiburg,An der Alten Försterei,scheduled,early_week_mode,,,,1.32,1.663,,,1-1,,draw,,0.309,0.2607,0.4303,Sport-Club Freiburg,0.2966,0.2564,0.447,,,,"[{""score"": ""1-1"", ""probability"": 0.119425}, {""score"": ""1-2"", ""probability"": 0.092433}, {""score"": ""0-1"", ""probability"": 0.075955}, {""score"": ""2-1"", ""probability"": 0.073385}, {""score"": ""0-2"", ""probability"": 0.070014}, {""score"": ""2-2"", ""probability"": 0.061015}, {""score"": ""0-0"", ""probability"": 0.058892}, {""score"": ""1-0"", ""probability"": 0.058602}, {""score"": ""1-3"", ""probability"": 0.051235}, {""score"": ""2-0"", ""probability"": 0.044131}]",,0.6022,0.3978,Yes,2.5,0.573,0.427,False,Over 2.5,0.25,0.4889,0.5111,False,Sport-Club Freiburg -0.25,False,False,False,False,False,False,,,,,,,,0.4303,0.5697,0.2,weekly_update_20260921T073919Z_e8b4cc71,2026-08-18.phase1,0.1.0-phase1,0.1.0-phase1,2026-09-21T07:39:19+00:00
BUNDESLIGA2627_MW26_231_FCAugsburg_RBLeipzig,2026-27,26,2027-03-12,2027-03-12T00:00:00+00:00,FC Augsburg,RB Leipzig,WWK ARENA,scheduled,early_week_mode,,,,1.377,1.72,,,1-1,,draw,,0.282,0.2948,0.4232,RB Leipzig,0.3007,0.2509,0.4484,,,,"[{""score"": ""1-1"", ""probability"": 0.114971}, {""score"": ""1-2"", ""probability"": 0.092028}, {""score"": ""2-1"", ""probability"": 0.073711}, {""score"": ""0-1"", ""probability"": 0.069755}, {""score"": ""0-2"", ""probability"": 0.066811}, {""score"": ""2-2"", ""probability"": 0.063381}, {""score"": ""1-0"", ""probability"": 0.054289}, {""score"": ""0-0"", ""probability"": 0.053127}, {""score"": ""1-3"", ""probability"": 0.052755}, {""score"": ""2-0"", ""probability"": 0.042862}]",,0.6218,0.3782,Yes,2.5,0.5982,0.4018,False,Over 2.5,0.25,0.4889,0.5111,False,RB Leipzig -0.25,False,False,False,False,False,False,,,,,,,,0.4232,0.5768,0.2,weekly_update_20260921T073919Z_e8b4cc71,2026-08-18.phase1,0.1.0-phase1,0.1.0-phase1,2026-09-21T07:39:19+00:00
BUNDESLIGA2627_MW26_232_EintrachtFrankfurt_SCPaderborn07,2026-27,26,2027-03-12,2027-03-12T00:00:00+00:00,Eintracht Frankfurt,SC Paderborn 07,Deutsche Bank Park,scheduled,early_week_mode,,,,1.641,0.766,,,1-0,,home_win,,0.5895,0.2377,0.1728,Eintracht Frankfurt,0.5744,0.2611,0.1646,,,,"[{""score"": ""1-0"", ""probability"": 0.139372}, {""score"": ""1-1"", ""probability"": 0.121639}, {""score"": ""2-0"", ""probability"": 0.121284}, {""score"": ""0-0"", ""probability"": 0.098435}, {""score"": ""2-1"", ""probability"": 0.092932}, {""score"": ""3-0"", ""probability"": 0.06636}, {""score"": ""0-1"", ""probability"": 0.060578}, {""score"": ""3-1"", ""probability"": 0.050847}, {""score"": ""1-2"", ""probability"": 0.043381}, {""score"": ""2-2"", ""probability"": 0.035604}]",,0.44,0.56,No,2.5,0.4323,0.5677,False,Under 2.5,-0.75,0.5109,0.4891,False,Eintracht Frankfurt -0.75,False,False,False,False,False,False,,,,,,,,0.5895,0.4105,0.2,weekly_update_20260921T073919Z_e8b4cc71,2026-08-18.phase1,0.1.0-phase1,0.1.0-phase1,2026-09-21T07:39:19+00:00
BUNDESLIGA2627_MW26_233_Bayer04Leverkusen_1.FCKöln,2026-27,26,2027-03-12,2027-03-12T00:00:00+00:00,Bayer 04 Leverkusen,1. FC Köln,BayArena,scheduled,early_week_mode,,,,2.709,0.958,,,2-0,,home_win,,0.6751,0.2022,0.1226,Bayer 04 Leverkusen,0.7372,0.1597,0.1031,,,,"[{""score"": ""2-0"", ""probability"": 0.093988}, {""score"": ""2-1"", ""probability"": 0.090005}, {""score"": ""3-0"", ""probability"": 0.084863}, {""score"": ""3-1"", ""probability"": 0.081267}, {""score"": ""1-1"", ""probability"": 0.071389}, {""score"": ""1-0"", ""probability"": 0.064463}, {""score"": ""4-0"", ""probability"": 0.057468}, {""score"": ""4-1"", ""probability"": 0.055033}, {""score"": ""2-2"", ""probability"": 0.043096}, {""score"": ""3-2"", ""probability"": 0.038912}]",,0.58,0.42,Yes,2.5,0.7083,0.2917,False,Over 2.5,-1.75,0.4825,0.5175,False,1. FC Köln +1.75,False,False,False,False,False,False,,,,,,,,0.6751,0.3249,0.2,weekly_update_20260921T073919Z_e8b4cc71,2026-08-18.phase1,0.1.0-phase1,0.1.0-phase1,2026-09-21T07:39:19+00:00
BUNDESLIGA2627_MW26_234_FCBayernMünchen_1.FSVMainz05,2026-27,26,2027-03-12,2027-03-12T00:00:00+00:00,FC Bayern München,1. FSV Mainz 05,Allianz Arena,scheduled,early_week_mode,,,,3.314,0.905,,,3-0,,home_win,,0.7596,0.1576,0.0828,FC Bayern München,0.8247,0.1126,0.0627,,,,"[{""score"": ""3-0"", ""probability"": 0.089906}, {""score"": ""2-0"", ""probability"": 0.081385}, {""score"": ""3-1"", ""probability"": 0.081348}, {""score"": ""4-0"", ""probability"": 0.074489}, {""score"": ""2-1"", ""probability"": 0.073638}, {""score"": ""4-1"", ""probability"": 0.067399}, {""score"": ""5-0"", ""probability"": 0.049373}, {""score"": ""1-1"", ""probability"": 0.047738}, {""score"": ""1-0"", ""probability"": 0.045815}, {""score"": ""5-1"", ""probability"": 0.044673}]",,0.5769,0.4231,Yes,2.5,0.7908,0.2092,False,Over 2.5,-2.25,0.5076,0.4924,False,FC Bayern München -2.25,False,False,False,False,False,False,,,,,,,,0.7596,0.2404,0.2,weekly_update_20260921T073919Z_e8b4cc71,2026-08-18.phase1,0.1.0-phase1,0.1.0-phase1,2026-09-21T07:39:19+00:00
BUNDESLIGA2627_MW27_235_SCPaderborn07_Bayer04Leverkusen,2026-27,27,2027-03-19,2027-03-19T00:00:00+00:00,SC Paderborn 07,Bayer 04 Leverkusen,Home Deluxe Arena,scheduled,early_week_mode,,,,0.68,1.5,,,0-1,,away_win,,0.1801,0.2021,0.6179,Bayer 04 Leverkusen,0.1602,0.2785,0.5614,,,,"[{""score"": ""0-1"", ""probability"": 0.160938}, {""score"": ""0-2"", ""probability"": 0.127111}, {""score"": ""1-1"", ""probability"": 0.123898}, {""score"": ""0-0"", ""probability"": 0.121575}, {""score"": ""1-2"", ""probability"": 0.086493}, {""score"": ""1-0"", ""probability"": 0.068337}, {""score"": ""0-3"", ""probability"": 0.063549}, {""score"": ""1-3"", ""probability"": 0.043242}, {""score"": ""2-1"", ""probability"": 0.03924}, {""score"": ""2-2"", ""probability"": 0.029427}]",,0.392,0.608,No,2.5,0.372,0.628,False,Under 2.5,0.75,0.5045,0.4955,False,SC Paderborn 07 +0.75,False,False,False,False,False,False,,,,,,,,0.6179,0.3821,0.2,weekly_update_20260921T073919Z_e8b4cc71,2026-08-18.phase1,0.1.0-phase1,0.1.0-phase1,2026-09-21T07:39:19+00:00
BUNDESLIGA2627_MW27_236_1.FCKöln_FCBayernMünchen,2026-27,27,2027-03-19,2027-03-19T00:00:00+00:00,1. FC Köln,FC Bayern München,RheinEnergieSTADION,scheduled,early_week_mode,,,,1.023,3.366,,,1-3,,away_win,,0.1086,0.1845,0.7069,FC Bayern München,0.073,0.1168,0.8102,,,,"[{""score"": ""1-3"", ""probability"": 0.081351}, {""score"": ""0-3"", ""probability"": 0.079542}, {""score"": ""1-2"", ""probability"": 0.072511}, {""score"": ""0-2"", ""probability"": 0.070898}, {""score"": ""1-4"", ""probability"": 0.068452}, {""score"": ""0-4"", ""probability"": 0.06693}, {""score"": ""1-1"", ""probability"": 0.046286}, {""score"": ""1-5"", ""probability"": 0.046078}, {""score"": ""0-5"", ""probability"": 0.045054}, {""score"": ""2-3"", ""probability"": 0.0416}]",,0.6213,0.3787,Yes,2.5,0.812,0.188,False,Over 2.5,2.25,0.5045,0.4955,False,1. FC Köln +2.25,False,False,False,False,False,False,,,,,,,,0.7069,0.2931,0.2,weekly_update_20260921T073919Z_e8b4cc71,2026-08-18.phase1,0.1.0-phase1,0.1.0-phase1,2026-09-21T07:39:19+00:00
BUNDESLIGA2627_MW27_237_HamburgerSV_SVWerderBremen,2026-27,27,2027-03-19,2027-03-19T00:00:00+00:00,Hamburger SV,SV Werder Bremen,Volksparkstadion,scheduled,early_week_mode,,,,1.314,1.322,,,1-1,,draw,,0.3638,0.2637,0.3725,SV Werder Bremen,0.3581,0.2803,0.3617,,,,"[{""score"": ""1-1"", ""probability"": 0.133682}, {""score"": ""0-1"", ""probability"": 0.085437}, {""score"": ""1-0"", ""probability"": 0.084882}, {""score"": ""1-2"", ""probability"": 0.082268}, {""score"": ""2-1"", ""probability"": 0.081786}, {""score"": ""0-0"", ""probability"": 0.080843}, {""score"": ""0-2"", ""probability"": 0.062588}, {""score"": ""2-0"", ""probability"": 0.061857}, {""score"": ""2-2"", ""probability"": 0.054068}, {""score"": ""1-3"", ""probability"": 0.036258}]",,0.5457,0.4543,Yes,2.5,0.4907,0.5093,False,Under 2.5,0.0,0.4982,0.5018,False,SV Werder Bremen (pick'em),False,False,False,False,False,False,,,,,,,,0.3725,0.6275,0.2,weekly_update_20260921T073919Z_e8b4cc71,2026-08-18.phase1,0.1.0-phase1,0.1.0-phase1,2026-09-21T07:39:19+00:00
BUNDESLIGA2627_MW27_238_1.FSVMainz05_FCAugsburg,2026-27,27,2027-03-19,2027-03-19T00:00:00+00:00,1. FSV Mainz 05,FC Augsburg,MEWA ARENA,scheduled,early_week_mode,,,,1.73,1.179,,,1-1,,draw,,0.4674,0.2755,0.2571,1. FSV Mainz 05,0.4947,0.2536,0.2517,,,,"[{""score"": ""1-1"", ""probability"": 0.119474}, {""score"": ""2-1"", ""probability"": 0.096225}, {""score"": ""1-0"", ""probability"": 0.086087}, {""score"": ""2-0"", ""probability"": 0.081626}, {""score"": ""1-2"", ""probability"": 0.065555}, {""score"": ""0-0"", ""probability"": 0.062778}, {""score"": ""2-2"", ""probability"": 0.056717}, {""score"": ""0-1"", ""probability"": 0.056017}, {""score"": ""3-1"", ""probability"": 0.055502}, {""score"": ""3-0"", ""probability"": 0.047081}]",,0.5779,0.4221,Yes,2.5,0.5561,0.4439,False,Over 2.5,-0.5,0.4947,0.5053,False,FC Augsburg +0.5,False,False,False,False,False,False,,,,,,,,0.4674,0.5326,0.2,weekly_update_20260921T073919Z_e8b4cc71,2026-08-18.phase1,0.1.0-phase1,0.1.0-phase1,2026-09-21T07:39:19+00:00
BUNDESLIGA2627_MW27_239_Sport-ClubFreiburg_SVElversberg,2026-27,27,2027-03-19,2027-03-19T00:00:00+00:00,Sport-Club Freiburg,SV Elversberg,Europa-Park Stadion,scheduled,early_week_mode,,,,1.92,1.875,,,1-1,,draw,,0.3617,0.2718,0.3665,SV Elversberg,0.3963,0.2251,0.3786,,,,"[{""score"": ""1-1"", ""probability"": 0.086958}, {""score"": ""2-1"", ""probability"": 0.077713}, {""score"": ""1-2"", ""probability"": 0.075903}, {""score"": ""2-2"", ""probability"": 0.07287}, {""score"": ""3-1"", ""probability"": 0.049739}, {""score"": ""1-3"", ""probability"": 0.047449}, {""score"": ""3-2"", ""probability"": 0.046639}, {""score"": ""2-3"", ""probability"": 0.045553}, {""score"": ""2-0"", ""probability"": 0.041439}, {""score"": ""0-2"", ""probability"": 0.039531}]",,0.7285,0.2715,Yes,2.5,0.7303,0.2697,False,Over 2.5,0.0,0.5088,0.4912,False,Sport-Club Freiburg (pick'em),False,False,False,False,False,False,,,,,,,,0.3665,0.6335,0.2,weekly_update_20260921T073919Z_e8b4cc71,2026-08-18.phase1,0.1.0-phase1,0.1.0-phase1,2026-09-21T07:39:19+00:00
BUNDESLIGA2627_MW27_240_TSGHoffenheim_EintrachtFrankfurt,2026-27,27,2027-03-19,2027-03-19T00:00:00+00:00,TSG Hoffenheim,Eintracht Frankfurt,SNP Arena,scheduled,early_week_mode,,,,2.195,1.807,,,2-1,,home_win,,0.4498,0.2547,0.2954,TSG Hoffenheim,0.4671,0.2145,0.3184,,,,"[{""score"": ""2-1"", ""probability"": 0.07961}, {""score"": ""1-1"", ""probability"": 0.077909}, {""score"": ""2-2"", ""probability"": 0.071932}, {""score"": ""1-2"", ""probability"": 0.06553}, {""score"": ""3-1"", ""probability"": 0.058258}, {""score"": ""3-2"", ""probability"": 0.052639}, {""score"": ""2-0"", ""probability"": 0.044054}, {""score"": ""2-3"", ""probability"": 0.043329}, {""score"": ""1-3"", ""probability"": 0.039473}, {""score"": ""1-0"", ""probability"": 0.034749}]",,0.7481,0.2519,Yes,2.5,0.7621,0.2379,False,Over 2.5,-0.25,0.5208,0.4792,False,TSG Hoffenheim -0.25,False,False,False,False,False,False,,,,,,,,0.4498,0.5502,0.2,weekly_update_20260921T073919Z_e8b4cc71,2026-08-18.phase1,0.1.0-phase1,0.1.0-phase1,2026-09-21T07:39:19+00:00
BUNDESLIGA2627_MW27_241_VfBStuttgart_FCSchalke04,2026-27,27,2027-03-19,2027-03-19T00:00:00+00:00,VfB Stuttgart,FC Schalke 04,MHPArena,scheduled,early_week_mode,,,,1.681,0.688,,,1-0,,home_win,,0.5367,0.2765,0.1868,VfB Stuttgart,0.6051,0.2535,0.1414,,,,"[{""score"": ""1-0"", ""probability"": 0.149367}, {""score"": ""2-0"", ""probability"": 0.132278}, {""score"": ""1-1"", ""probability"": 0.116247}, {""score"": ""0-0"", ""probability"": 0.10168}, {""score"": ""2-1"", ""probability"": 0.090942}, {""score"": ""3-0"", ""probability"": 0.074111}, {""score"": ""0-1"", ""probability"": 0.056349}, {""score"": ""3-1"", ""probability"": 0.050951}, {""score"": ""1-2"", ""probability"": 0.037198}, {""score"": ""2-2"", ""probability"": 0.031261}]",,0.4126,0.5874,No,2.5,0.4219,0.5781,False,Under 2.5,-1.0,0.4753,0.5247,False,FC Schalke 04 +1,False,False,False,False,False,False,,,,,,,,0.5367,0.4633,0.2,weekly_update_20260921T073919Z_e8b4cc71,2026-08-18.phase1,0.1.0-phase1,0.1.0-phase1,2026-09-21T07:39:19+00:00
BUNDESLIGA2627_MW27_242_RBLeipzig_1.FCUnionBerlin,2026-27,27,2027-03-19,2027-03-19T00:00:00+00:00,RB Leipzig,1. FC Union Berlin,Red Bull Arena,scheduled,early_week_mode,,,,2.401,0.94,,,2-0,,home_win,,0.6546,0.2058,0.1396,RB Leipzig,0.6906,0.1855,0.1239,,,,"[{""score"": ""2-0"", ""probability"": 0.102129}, {""score"": ""2-1"", ""probability"": 0.096004}, {""score"": ""1-1"", ""probability"": 0.085911}, {""score"": ""3-0"", ""probability"": 0.081733}, {""score"": ""1-0"", ""probability"": 0.079139}, {""score"": ""3-1"", ""probability"": 0.076832}, {""score"": ""4-0"", ""probability"": 0.049058}, {""score"": ""4-1"", ""probability"": 0.046116}, {""score"": ""2-2"", ""probability"": 0.045123}, {""score"": ""0-0"", ""probability"": 0.041372}]",,0.56,0.44,Yes,2.5,0.6484,0.3516,False,Over 2.5,-1.25,0.5265,0.4735,False,RB Leipzig -1.25,False,False,False,False,False,False,,,,,,,,0.6546,0.3454,0.2,weekly_update_20260921T073919Z_e8b4cc71,2026-08-18.phase1,0.1.0-phase1,0.1.0-phase1,2026-09-21T07:39:19+00:00
BUNDESLIGA2627_MW27_243_BorussiaDortmund_BorussiaMönchengladbach,2026-27,27,2027-03-19,2027-03-19T00:00:00+00:00,Borussia Dortmund,Borussia Mönchengladbach,SIGNAL IDUNA PARK,scheduled,early_week_mode,,,,2.629,0.861,,,2-0,,home_win,,0.681,0.2035,0.1155,Borussia Dortmund,0.7454,0.1605,0.0941,,,,"[{""score"": ""2-0"", ""probability"": 0.10556}, {""score"": ""3-0"", ""probability"": 0.092502}, {""score"": ""2-1"", ""probability"": 0.090905}, {""score"": ""3-1"", ""probability"": 0.079659}, {""score"": ""1-0"", ""probability"": 0.075174}, {""score"": ""1-1"", ""probability"": 0.074292}, {""score"": ""4-0"", ""probability"": 0.060794}, {""score"": ""4-1"", ""probability"": 0.052354}, {""score"": ""2-2"", ""probability"": 0.039142}, {""score"": ""0-0"", ""probability"": 0.035682}]",,0.5407,0.4593,Yes,2.5,0.6768,0.3232,False,Over 2.5,-1.75,0.4849,0.5151,False,Borussia Mönchengladbach +1.75,False,False,False,False,False,False,,,,,,,,0.681,0.319,0.2,weekly_update_20260921T073919Z_e8b4cc71,2026-08-18.phase1,0.1.0-phase1,0.1.0-phase1,2026-09-21T07:39:19+00:00
BUNDESLIGA2627_MW28_244_SVElversberg_1.FCKöln,2026-27,28,2027-04-02,2027-04-02T00:00:00+00:00,SV Elversberg,1. FC Köln,URSAPHARM-Arena,scheduled,early_week_mode,,,,2.869,1.275,,,2-1,,home_win,,0.6004,0.2571,0.1425,SV Elversberg,0.6975,0.1633,0.1392,,,,"[{""score"": ""2-1"", ""probability"": 0.083442}, {""score"": ""3-1"", ""probability"": 0.079811}, {""score"": ""2-0"", ""probability"": 0.06543}, {""score"": ""3-0"", ""probability"": 0.062582}, {""score"": ""1-1"", ""probability"": 0.062477}, {""score"": ""4-1"", ""probability"": 0.057253}, {""score"": ""2-2"", ""probability"": 0.053207}, {""score"": ""3-2"", ""probability"": 0.050891}, {""score"": ""4-0"", ""probability"": 0.044894}, {""score"": ""1-0"", ""probability"": 0.041287}]",,0.684,0.316,Yes,2.5,0.7817,0.2183,False,Over 2.5,-1.5,0.5032,0.4968,False,SV Elversberg -1.5,False,False,False,False,False,False,,,,,,,,0.6004,0.3996,0.2,weekly_update_20260921T073919Z_e8b4cc71,2026-08-18.phase1,0.1.0-phase1,0.1.0-phase1,2026-09-21T07:39:19+00:00
BUNDESLIGA2627_MW28_245_FCSchalke04_SCPaderborn07,2026-27,28,2027-04-02,2027-04-02T00:00:00+00:00,FC Schalke 04,SC Paderborn 07,VELTINS-Arena,scheduled,early_week_mode,,,,0.765,0.522,,,0-0,,draw,,0.4864,0.2603,0.2533,FC Schalke 04,0.3677,0.4143,0.218,,,,"[{""score"": ""0-0"", ""probability"": 0.284319}, {""score"": ""1-0"", ""probability"": 0.202927}, {""score"": ""0-1"", ""probability"": 0.136048}, {""score"": ""1-1"", ""probability"": 0.118459}, {""score"": ""2-0"", ""probability"": 0.080702}, {""score"": ""2-1"", ""probability"": 0.042154}, {""score"": ""0-2"", ""probability"": 0.037669}, {""score"": ""1-2"", ""probability"": 0.0288}, {""score"": ""3-0"", ""probability"": 0.020567}, {""score"": ""2-2"", ""probability"": 0.011009}]",,0.2256,0.7744,No,2.5,0.1399,0.8601,False,Under 2.5,-0.25,0.4712,0.5288,False,SC Paderborn 07 +0.25,False,False,False,False,False,False,,,,,,,,0.4864,0.5136,0.2,weekly_update_20260921T073919Z_e8b4cc71,2026-08-18.phase1,0.1.0-phase1,0.1.0-phase1,2026-09-21T07:39:19+00:00
BUNDESLIGA2627_MW28_246_BorussiaMönchengladbach_SVWerderBremen,2026-27,28,2027-04-02,2027-04-02T00:00:00+00:00,Borussia Mönchengladbach,SV Werder Bremen,ista-Borussia-Park,scheduled,early_week_mode,,,,1.682,1.327,,,1-1,,draw,,0.4679,0.236,0.2961,Borussia Mönchengladbach,0.45,0.2549,0.2951,,,,"[{""score"": ""1-1"", ""probability"": 0.118325}, {""score"": ""2-1"", ""probability"": 0.092614}, {""score"": ""1-0"", ""probability"": 0.074813}, {""score"": ""1-2"", ""probability"": 0.073097}, {""score"": ""2-0"", ""probability"": 0.069779}, {""score"": ""2-2"", ""probability"": 0.061461}, {""score"": ""0-0"", ""probability"": 0.057528}, {""score"": ""0-1"", ""probability"": 0.057324}, {""score"": ""3-1"", ""probability"": 0.051914}, {""score"": ""0-2"", ""probability"": 0.043468}]",,0.6062,0.3938,Yes,2.5,0.5788,0.4212,False,Over 2.5,-0.25,0.5137,0.4863,False,Borussia Mönchengladbach -0.25,False,False,False,False,False,False,,,,,,,,0.4679,0.5321,0.2,weekly_update_20260921T073919Z_e8b4cc71,2026-08-18.phase1,0.1.0-phase1,0.1.0-phase1,2026-09-21T07:39:19+00:00
BUNDESLIGA2627_MW28_247_1.FCUnionBerlin_1.FSVMainz05,2026-27,28,2027-04-02,2027-04-02T00:00:00+00:00,1. FC Union Berlin,1. FSV Mainz 05,An der Alten Försterei,scheduled,early_week_mode,,,,1.265,1.536,,,1-1,,draw,,0.3321,0.2547,0.4133,1. FSV Mainz 05,0.3048,0.2676,0.4275,,,,"[{""score"": ""1-1"", ""probability"": 0.126789}, {""score"": ""1-2"", ""probability"": 0.090668}, {""score"": ""0-1"", ""probability"": 0.084542}, {""score"": ""2-1"", ""probability"": 0.074651}, {""score"": ""0-2"", ""probability"": 0.071676}, {""score"": ""0-0"", ""probability"": 0.069491}, {""score"": ""1-0"", ""probability"": 0.068059}, {""score"": ""2-2"", ""probability"": 0.057347}, {""score"": ""2-0"", ""probability"": 0.048589}, {""score"": ""1-3"", ""probability"": 0.046434}]",,0.5721,0.4279,Yes,2.5,0.5309,0.4691,False,Over 2.5,0.25,0.5056,0.4944,False,1. FC Union Berlin +0.25,False,False,False,False,False,False,,,,,,,,0.4133,0.5867,0.2,weekly_update_20260921T073919Z_e8b4cc71,2026-08-18.phase1,0.1.0-phase1,0.1.0-phase1,2026-09-21T07:39:19+00:00
BUNDESLIGA2627_MW28_248_FCAugsburg_TSGHoffenheim,2026-27,28,2027-04-02,2027-04-02T00:00:00+00:00,FC Augsburg,TSG Hoffenheim,WWK ARENA,scheduled,early_week_mode,,,,1.804,1.611,,,1-1,,draw,,0.3826,0.3022,0.3152,FC Augsburg,0.4206,0.2391,0.3404,,,,"[{""score"": ""1-1"", ""probability"": 0.102656}, {""score"": ""2-1"", ""probability"": 0.086213}, {""score"": ""1-2"", ""probability"": 0.076956}, {""score"": ""2-2"", ""probability"": 0.069428}, {""score"": ""2-0"", ""probability"": 0.053529}, {""score"": ""1-0"", ""probability"": 0.052239}, {""score"": ""3-1"", ""probability"": 0.051853}, {""score"": ""0-1"", ""probability"": 0.045868}, {""score"": ""0-2"", ""probability"": 0.04265}, {""score"": ""3-2"", ""probability"": 0.041757}]",,0.6756,0.3244,Yes,2.5,0.6631,0.3369,False,Over 2.5,-0.25,0.4803,0.5197,False,TSG Hoffenheim +0.25,False,False,False,False,False,False,,,,,,,,0.3826,0.6174,0.2,weekly_update_20260921T073919Z_e8b4cc71,2026-08-18.phase1,0.1.0-phase1,0.1.0-phase1,2026-09-21T07:39:19+00:00
BUNDESLIGA2627_MW28_249_EintrachtFrankfurt_VfBStuttgart,2026-27,28,2027-04-02,2027-04-02T00:00:00+00:00,Eintracht Frankfurt,VfB Stuttgart,Deutsche Bank Park,scheduled,early_week_mode,,,,1.851,1.966,,,1-1,,draw,,0.3789,0.2717,0.3494,Eintracht Frankfurt,0.3653,0.224,0.4107,,,,"[{""score"": ""1-1"", ""probability"": 0.086}, {""score"": ""1-2"", ""probability"": 0.078708}, {""score"": ""2-1"", ""probability"": 0.074088}, {""score"": ""2-2"", ""probability"": 0.072839}, {""score"": ""1-3"", ""probability"": 0.051587}, {""score"": ""2-3"", ""probability"": 0.047741}, {""score"": ""3-1"", ""probability"": 0.045709}, {""score"": ""3-2"", ""probability"": 0.044939}, {""score"": ""0-2"", ""probability"": 0.042525}, {""score"": ""2-0"", ""probability"": 0.037679}]",,0.7308,0.2692,Yes,2.5,0.7338,0.2662,False,Over 2.5,0.0,0.4773,0.5227,False,VfB Stuttgart (pick'em),False,False,False,False,False,False,,,,,,,,0.3789,0.6211,0.2,weekly_update_20260921T073919Z_e8b4cc71,2026-08-18.phase1,0.1.0-phase1,0.1.0-phase1,2026-09-21T07:39:19+00:00
BUNDESLIGA2627_MW28_250_Bayer04Leverkusen_BorussiaDortmund,2026-27,28,2027-04-02,2027-04-02T00:00:00+00:00,Bayer 04 Leverkusen,Borussia Dortmund,BayArena,scheduled,early_week_mode,,,,1.563,1.459,,,1-1,,draw,,0.3657,0.2769,0.3574,Bayer 04 Leverkusen,0.3936,0.2582,0.3482,,,,"[{""score"": ""1-1"", ""probability"": 0.119323}, {""score"": ""2-1"", ""probability"": 0.086794}, {""score"": ""1-2"", ""probability"": 0.081036}, {""score"": ""1-0"", ""probability"": 0.067881}, {""score"": ""2-2"", ""probability"": 0.063321}, {""score"": ""0-1"", ""probability"": 0.062831}, {""score"": ""2-0"", ""probability"": 0.059485}, {""score"": ""0-0"", ""probability"": 0.056959}, {""score"": ""0-2"", ""probability"": 0.051854}, {""score"": ""3-1"", ""probability"": 0.045213}]",,0.6149,0.3851,Yes,2.5,0.5817,0.4183,False,Over 2.5,0.0,0.5227,0.4773,False,Bayer 04 Leverkusen (pick'em),False,False,False,False,False,False,,,,,,,,0.3657,0.6343,0.2,weekly_update_20260921T073919Z_e8b4cc71,2026-08-18.phase1,0.1.0-phase1,0.1.0-phase1,2026-09-21T07:39:19+00:00
BUNDESLIGA2627_MW28_251_RBLeipzig_Sport-ClubFreiburg,2026-27,28,2027-04-02,2027-04-02T00:00:00+00:00,RB Leipzig,Sport-Club Freiburg,Red Bull Arena,scheduled,early_week_mode,,,,2.021,1.25,,,1-1,,draw,,0.5571,0.2196,0.2234,RB Leipzig,0.5452,0.2287,0.2261,,,,"[{""score"": ""1-1"", ""probability"": 0.103055}, {""score"": ""2-1"", ""probability"": 0.096952}, {""score"": ""2-0"", ""probability"": 0.077567}, {""score"": ""1-0"", ""probability"": 0.06963}, {""score"": ""3-1"", ""probability"": 0.065321}, {""score"": ""2-2"", ""probability"": 0.060591}, {""score"": ""1-2"", ""probability"": 0.059954}, {""score"": ""3-0"", ""probability"": 0.05226}, {""score"": ""0-0"", ""probability"": 0.045095}, {""score"": ""3-2"", ""probability"": 0.040823}]",,0.626,0.374,Yes,2.5,0.6347,0.3653,False,Over 2.5,-0.75,0.4909,0.5091,False,Sport-Club Freiburg +0.75,False,False,False,False,False,False,,,,,,,,0.5571,0.4429,0.2,weekly_update_20260921T073919Z_e8b4cc71,2026-08-18.phase1,0.1.0-phase1,0.1.0-phase1,2026-09-21T07:39:19+00:00
BUNDESLIGA2627_MW28_252_FCBayernMünchen_HamburgerSV,2026-27,28,2027-04-02,2027-04-02T00:00:00+00:00,FC Bayern München,Hamburger SV,Allianz Arena,scheduled,early_week_mode,,,,4.066,0.669,,,4-0,,home_win,,0.8045,0.1361,0.0594,FC Bayern München,0.9177,0.0597,0.0226,,,,"[{""score"": ""4-0"", ""probability"": 0.102427}, {""score"": ""3-0"", ""probability"": 0.100758}, {""score"": ""5-0"", ""probability"": 0.083298}, {""score"": ""2-0"", ""probability"": 0.074337}, {""score"": ""4-1"", ""probability"": 0.06851}, {""score"": ""3-1"", ""probability"": 0.067394}, {""score"": ""6-0"", ""probability"": 0.056452}, {""score"": ""5-1"", ""probability"": 0.055716}, {""score"": ""2-1"", ""probability"": 0.049722}, {""score"": ""6-1"", ""probability"": 0.037759}]",,0.481,0.519,No,2.5,0.8476,0.1524,False,Over 2.5,-3.25,0.4922,0.5078,False,Hamburger SV +3.25,False,False,False,False,False,False,,,,,,,,0.8045,0.1955,0.2,weekly_update_20260921T073919Z_e8b4cc71,2026-08-18.phase1,0.1.0-phase1,0.1.0-phase1,2026-09-21T07:39:19+00:00
BUNDESLIGA2627_MW29_253_SCPaderborn07_FCBayernMünchen,2026-27,29,2027-04-09,2027-04-09T00:00:00+00:00,SC Paderborn 07,FC Bayern München,Home Deluxe Arena,scheduled,early_week_mode,,,,0.58,2.337,,,0-2,,away_win,,0.1015,0.1367,0.7618,FC Bayern München,0.0694,0.1673,0.7633,,,,"[{""score"": ""0-2"", ""probability"": 0.147899}, {""score"": ""0-1"", ""probability"": 0.121133}, {""score"": ""0-3"", ""probability"": 0.115208}, {""score"": ""1-2"", ""probability"": 0.085715}, {""score"": ""1-1"", ""probability"": 0.078804}, {""score"": ""0-4"", ""probability"": 0.067307}, {""score"": ""1-3"", ""probability"": 0.066768}, {""score"": ""0-0"", ""probability"": 0.059611}, {""score"": ""1-4"", ""probability"": 0.039007}, {""score"": ""0-5"", ""probability"": 0.031458}]",,0.4028,0.5972,No,2.5,0.5575,0.4425,False,Over 2.5,1.75,0.522,0.478,False,SC Paderborn 07 +1.75,False,False,False,False,False,False,,,,,,,,0.7618,0.2382,0.2,weekly_update_20260921T073919Z_e8b4cc71,2026-08-18.phase1,0.1.0-phase1,0.1.0-phase1,2026-09-21T07:39:19+00:00
BUNDESLIGA2627_MW29_254_SVWerderBremen_EintrachtFrankfurt,2026-27,29,2027-04-09,2027-04-09T00:00:00+00:00,SV Werder Bremen,Eintracht Frankfurt,Weserstadion,scheduled,early_week_mode,,,,1.636,1.694,,,1-1,,draw,,0.3516,0.3033,0.3451,SV Werder Bremen,0.3659,0.2438,0.3904,,,,"[{""score"": ""1-1"", ""probability"": 0.106596}, {""score"": ""1-2"", ""probability"": 0.084043}, {""score"": ""2-1"", ""probability"": 0.081147}, {""score"": ""2-2"", ""probability"": 0.068728}, {""score"": ""0-1"", ""probability"": 0.053304}, {""score"": ""0-2"", ""probability"": 0.051386}, {""score"": ""1-0"", ""probability"": 0.051214}, {""score"": ""2-0"", ""probability"": 0.047905}, {""score"": ""1-3"", ""probability"": 0.047454}, {""score"": ""3-1"", ""probability"": 0.04424}]",,0.6645,0.3355,Yes,2.5,0.6464,0.3536,False,Over 2.5,0.0,0.4878,0.5122,False,Eintracht Frankfurt (pick'em),False,False,False,False,False,False,,,,,,,,0.3516,0.6484,0.2,weekly_update_20260921T073919Z_e8b4cc71,2026-08-18.phase1,0.1.0-phase1,0.1.0-phase1,2026-09-21T07:39:19+00:00
BUNDESLIGA2627_MW29_255_1.FCKöln_FCAugsburg,2026-27,29,2027-04-09,2027-04-09T00:00:00+00:00,1. FC Köln,FC Augsburg,RheinEnergieSTADION,scheduled,early_week_mode,,,,1.56,1.501,,,1-1,,draw,,0.3629,0.282,0.3551,1. FC Köln,0.3845,0.2564,0.359,,,,"[{""score"": ""1-1"", ""probability"": 0.117828}, {""score"": ""2-1"", ""probability"": 0.085545}, {""score"": ""1-2"", ""probability"": 0.082333}, {""score"": ""1-0"", ""probability"": 0.06492}, {""score"": ""2-2"", ""probability"": 0.064212}, {""score"": ""0-1"", ""probability"": 0.062177}, {""score"": ""2-0"", ""probability"": 0.056982}, {""score"": ""0-0"", ""probability"": 0.054983}, {""score"": ""0-2"", ""probability"": 0.052784}, {""score"": ""3-1"", ""probability"": 0.044478}]",,0.6219,0.3781,Yes,2.5,0.5903,0.4097,False,Over 2.5,0.0,0.5128,0.4872,False,1. FC Köln (pick'em),False,False,False,False,False,False,,,,,,,,0.3629,0.6371,0.2,weekly_update_20260921T073919Z_e8b4cc71,2026-08-18.phase1,0.1.0-phase1,0.1.0-phase1,2026-09-21T07:39:19+00:00
BUNDESLIGA2627_MW29_256_HamburgerSV_1.FCUnionBerlin,2026-27,29,2027-04-09,2027-04-09T00:00:00+00:00,Hamburger SV,1. FC Union Berlin,Volksparkstadion,scheduled,early_week_mode,,,,1.424,1.238,,,1-1,,draw,,0.3826,0.302,0.3154,Hamburger SV,0.4045,0.2773,0.3182,,,,"[{""score"": ""1-1"", ""probability"": 0.132205}, {""score"": ""1-0"", ""probability"": 0.090293}, {""score"": ""2-1"", ""probability"": 0.087635}, {""score"": ""0-0"", ""probability"": 0.078952}, {""score"": ""0-1"", ""probability"": 0.077278}, {""score"": ""1-2"", ""probability"": 0.076165}, {""score"": ""2-0"", ""probability"": 0.070802}, {""score"": ""2-2"", ""probability"": 0.054236}, {""score"": ""0-2"", ""probability"": 0.05348}, {""score"": ""3-1"", ""probability"": 0.041603}]",,0.5482,0.4518,Yes,2.5,0.497,0.503,False,Under 2.5,-0.25,0.4738,0.5262,False,1. FC Union Berlin +0.25,False,False,False,False,False,False,,,,,,,,0.3826,0.6174,0.2,weekly_update_20260921T073919Z_e8b4cc71,2026-08-18.phase1,0.1.0-phase1,0.1.0-phase1,2026-09-21T07:39:19+00:00
BUNDESLIGA2627_MW29_257_BorussiaMönchengladbach_Bayer04Leverkusen,2026-27,29,2027-04-09,2027-04-09T00:00:00+00:00,Borussia Mönchengladbach,Bayer 04 Leverkusen,ista-Borussia-Park,scheduled,early_week_mode,,,,1.26,2.089,,,1-1,,draw,,0.2421,0.25,0.5079,Bayer 04 Leverkusen,0.2192,0.2232,0.5576,,,,"[{""score"": ""1-1"", ""probability"": 0.099326}, {""score"": ""1-2"", ""probability"": 0.096587}, {""score"": ""0-2"", ""probability"": 0.076666}, {""score"": ""1-3"", ""probability"": 0.067264}, {""score"": ""0-1"", ""probability"": 0.066527}, {""score"": ""2-2"", ""probability"": 0.060843}, {""score"": ""2-1"", ""probability"": 0.058244}, {""score"": ""0-3"", ""probability"": 0.053391}, {""score"": ""2-3"", ""probability"": 0.042371}, {""score"": ""0-0"", ""probability"": 0.041992}]",,0.6345,0.3655,Yes,2.5,0.6502,0.3498,False,Over 2.5,0.75,0.4964,0.5036,False,Bayer 04 Leverkusen -0.75,False,False,False,False,False,False,,,,,,,,0.5079,0.4921,0.2,weekly_update_20260921T073919Z_e8b4cc71,2026-08-18.phase1,0.1.0-phase1,0.1.0-phase1,2026-09-21T07:39:19+00:00
BUNDESLIGA2627_MW29_258_1.FSVMainz05_RBLeipzig,2026-27,29,2027-04-09,2027-04-09T00:00:00+00:00,1. FSV Mainz 05,RB Leipzig,MEWA ARENA,scheduled,early_week_mode,,,,1.448,1.544,,,1-1,,draw,,0.3113,0.308,0.3807,RB Leipzig,0.3489,0.2597,0.3913,,,,"[{""score"": ""1-1"", ""probability"": 0.120516}, {""score"": ""1-2"", ""probability"": 0.086635}, {""score"": ""2-1"", ""probability"": 0.081229}, {""score"": ""0-1"", ""probability"": 0.069144}, {""score"": ""1-0"", ""probability"": 0.06431}, {""score"": ""2-2"", ""probability"": 0.062728}, {""score"": ""0-2"", ""probability"": 0.059827}, {""score"": ""0-0"", ""probability"": 0.05849}, {""score"": ""2-0"", ""probability"": 0.052594}, {""score"": ""1-3"", ""probability"": 0.044602}]",,0.61,0.39,Yes,2.5,0.5751,0.4249,False,Over 2.5,0.0,0.4788,0.5212,False,RB Leipzig (pick'em),False,False,False,False,False,False,,,,,,,,0.3807,0.6193,0.2,weekly_update_20260921T073919Z_e8b4cc71,2026-08-18.phase1,0.1.0-phase1,0.1.0-phase1,2026-09-21T07:39:19+00:00
BUNDESLIGA2627_MW29_259_TSGHoffenheim_Sport-ClubFreiburg,2026-27,29,2027-04-09,2027-04-09T00:00:00+00:00,TSG Hoffenheim,Sport-Club Freiburg,SNP Arena,scheduled,early_week_mode,,,,1.893,1.637,,,1-1,,draw,,0.4303,0.2453,0.3244,TSG Hoffenheim,0.4353,0.2335,0.3312,,,,"[{""score"": ""1-1"", ""probability"": 0.097563}, {""score"": ""2-1"", ""probability"": 0.085961}, {""score"": ""1-2"", ""probability"": 0.074351}, {""score"": ""2-2"", ""probability"": 0.070372}, {""score"": ""3-1"", ""probability"": 0.05424}, {""score"": ""2-0"", ""probability"": 0.052501}, {""score"": ""1-0"", ""probability"": 0.048727}, {""score"": ""3-2"", ""probability"": 0.044404}, {""score"": ""0-1"", ""probability"": 0.041236}, {""score"": ""1-3"", ""probability"": 0.040578}]",,0.6909,0.3091,Yes,2.5,0.6847,0.3153,False,Over 2.5,-0.25,0.4937,0.5063,False,Sport-Club Freiburg +0.25,False,False,False,False,False,False,,,,,,,,0.4303,0.5697,0.2,weekly_update_20260921T073919Z_e8b4cc71,2026-08-18.phase1,0.1.0-phase1,0.1.0-phase1,2026-09-21T07:39:19+00:00
BUNDESLIGA2627_MW29_260_VfBStuttgart_SVElversberg,2026-27,29,2027-04-09,2027-04-09T00:00:00+00:00,VfB Stuttgart,SV Elversberg,MHPArena,scheduled,early_week_mode,,,,2.325,1.792,,,2-1,,home_win,,0.4021,0.275,0.3229,VfB Stuttgart,0.4965,0.208,0.2955,,,,"[{""score"": ""2-1"", ""probability"": 0.078991}, {""score"": ""1-1"", ""probability"": 0.072981}, {""score"": ""2-2"", ""probability"": 0.070757}, {""score"": ""3-1"", ""probability"": 0.061228}, {""score"": ""1-2"", ""probability"": 0.060856}, {""score"": ""3-2"", ""probability"": 0.054846}, {""score"": ""2-0"", ""probability"": 0.044091}, {""score"": ""2-3"", ""probability"": 0.042255}, {""score"": ""1-3"", ""probability"": 0.036342}, {""score"": ""4-1"", ""probability"": 0.035595}]",,0.7568,0.2432,Yes,2.5,0.7784,0.2216,False,Over 2.5,-0.5,0.4965,0.5035,False,SV Elversberg +0.5,False,False,False,False,False,False,,,,,,,,0.4021,0.5979,0.2,weekly_update_20260921T073919Z_e8b4cc71,2026-08-18.phase1,0.1.0-phase1,0.1.0-phase1,2026-09-21T07:39:19+00:00
BUNDESLIGA2627_MW29_261_BorussiaDortmund_FCSchalke04,2026-27,29,2027-04-09,2027-04-09T00:00:00+00:00,Borussia Dortmund,FC Schalke 04,SIGNAL IDUNA PARK,scheduled,early_week_mode,,,,1.761,0.507,,,1-0,,home_win,,0.6609,0.2269,0.1122,Borussia Dortmund,0.6739,0.2324,0.0936,,,,"[{""score"": ""1-0"", ""probability"": 0.17551}, {""score"": ""2-0"", ""probability"": 0.160588}, {""score"": ""0-0"", ""probability"": 0.110411}, {""score"": ""1-1"", ""probability"": 0.099254}, {""score"": ""3-0"", ""probability"": 0.094273}, {""score"": ""2-1"", ""probability"": 0.08136}, {""score"": ""3-1"", ""probability"": 0.047762}, {""score"": ""0-1"", ""probability"": 0.045604}, {""score"": ""4-0"", ""probability"": 0.041507}, {""score"": ""1-2"", ""probability"": 0.023406}]",,0.336,0.664,No,2.5,0.3953,0.6047,False,Under 2.5,-1.25,0.4715,0.5285,False,FC Schalke 04 +1.25,False,False,False,False,False,False,,,,,,,,0.6609,0.3391,0.2,weekly_update_20260921T073919Z_e8b4cc71,2026-08-18.phase1,0.1.0-phase1,0.1.0-phase1,2026-09-21T07:39:19+00:00
BUNDESLIGA2627_MW30_262_SVElversberg_SCPaderborn07,2026-27,30,2027-04-16,2027-04-16T00:00:00+00:00,SV Elversberg,SC Paderborn 07,URSAPHARM-Arena,scheduled,early_week_mode,,,,1.992,0.723,,,2-0,,home_win,,0.6604,0.2188,0.1208,SV Elversberg,0.6651,0.2161,0.1189,,,,"[{""score"": ""2-0"", ""probability"": 0.131428}, {""score"": ""1-0"", ""probability"": 0.12486}, {""score"": ""1-1"", ""probability"": 0.102424}, {""score"": ""2-1"", ""probability"": 0.094978}, {""score"": ""3-0"", ""probability"": 0.08728}, {""score"": ""0-0"", ""probability"": 0.073303}, {""score"": ""3-1"", ""probability"": 0.063074}, {""score"": ""4-0"", ""probability"": 0.043472}, {""score"": ""0-1"", ""probability"": 0.04078}, {""score"": ""1-2"", ""probability"": 0.034451}]",,0.4514,0.5486,No,2.5,0.5099,0.4901,False,Over 2.5,-1.25,0.4809,0.5191,False,SC Paderborn 07 +1.25,False,False,False,False,False,False,,,,,,,,0.6604,0.3396,0.2,weekly_update_20260921T073919Z_e8b4cc71,2026-08-18.phase1,0.1.0-phase1,0.1.0-phase1,2026-09-21T07:39:19+00:00
BUNDESLIGA2627_MW30_263_FCSchalke04_HamburgerSV,2026-27,30,2027-04-16,2027-04-16T00:00:00+00:00,FC Schalke 04,Hamburger SV,VELTINS-Arena,scheduled,early_week_mode,,,,1.061,0.756,,,0-0,,draw,,0.4491,0.2801,0.2708,FC Schalke 04,0.4122,0.3408,0.2469,,,,"[{""score"": ""0-0"", ""probability"": 0.172215}, {""score"": ""1-0"", ""probability"": 0.162762}, {""score"": ""1-1"", ""probability"": 0.140029}, {""score"": ""0-1"", ""probability"": 0.113191}, {""score"": ""2-0"", ""probability"": 0.091471}, {""score"": ""2-1"", ""probability"": 0.069146}, {""score"": ""1-2"", ""probability"": 0.049268}, {""score"": ""0-2"", ""probability"": 0.04644}, {""score"": ""3-0"", ""probability"": 0.032348}, {""score"": ""2-2"", ""probability"": 0.026135}]",,0.3565,0.6435,No,2.5,0.2739,0.7261,False,Under 2.5,-0.25,0.4974,0.5026,False,Hamburger SV +0.25,False,False,False,False,False,False,,,,,,,,0.4491,0.5509,0.2,weekly_update_20260921T073919Z_e8b4cc71,2026-08-18.phase1,0.1.0-phase1,0.1.0-phase1,2026-09-21T07:39:19+00:00
BUNDESLIGA2627_MW30_264_1.FCUnionBerlin_VfBStuttgart,2026-27,30,2027-04-16,2027-04-16T00:00:00+00:00,1. FC Union Berlin,VfB Stuttgart,An der Alten Försterei,scheduled,early_week_mode,,,,1.261,2.014,,,1-1,,draw,,0.2737,0.2641,0.4622,VfB Stuttgart,0.2295,0.2294,0.5411,,,,"[{""score"": ""1-1"", ""probability"": 0.103198}, {""score"": ""1-2"", ""probability"": 0.096735}, {""score"": ""0-2"", ""probability"": 0.076701}, {""score"": ""0-1"", ""probability"": 0.069039}, {""score"": ""1-3"", ""probability"": 0.064938}, {""score"": ""2-2"", ""probability"": 0.061001}, {""score"": ""2-1"", ""probability"": 0.06058}, {""score"": ""0-3"", ""probability"": 0.051489}, {""score"": ""0-0"", ""probability"": 0.044954}, {""score"": ""2-3"", ""probability"": 0.04095}]",,0.6281,0.3719,Yes,2.5,0.6355,0.3645,False,Over 2.5,0.75,0.5131,0.4869,False,1. FC Union Berlin +0.75,False,False,False,False,False,False,,,,,,,,0.4622,0.5378,0.2,weekly_update_20260921T073919Z_e8b4cc71,2026-08-18.phase1,0.1.0-phase1,0.1.0-phase1,2026-09-21T07:39:19+00:00
BUNDESLIGA2627_MW30_265_FCAugsburg_BorussiaDortmund,2026-27,30,2027-04-16,2027-04-16T00:00:00+00:00,FC Augsburg,Borussia Dortmund,WWK ARENA,scheduled,early_week_mode,,,,1.086,1.895,,,1-1,,draw,,0.2107,0.2498,0.5395,Borussia Dortmund,0.2069,0.2384,0.5547,,,,"[{""score"": ""1-1"", ""probability"": 0.112178}, {""score"": ""1-2"", ""probability"": 0.098961}, {""score"": ""0-2"", ""probability"": 0.091117}, {""score"": ""0-1"", ""probability"": 0.088397}, {""score"": ""1-3"", ""probability"": 0.062521}, {""score"": ""0-0"", ""probability"": 0.058482}, {""score"": ""0-3"", ""probability"": 0.057566}, {""score"": ""2-1"", ""probability"": 0.056707}, {""score"": ""2-2"", ""probability"": 0.05374}, {""score"": ""1-0"", ""probability"": 0.047344}]",,0.5707,0.4293,Yes,2.5,0.5726,0.4274,False,Over 2.5,0.75,0.5022,0.4978,False,FC Augsburg +0.75,False,False,False,False,False,False,,,,,,,,0.5395,0.4605,0.2,weekly_update_20260921T073919Z_e8b4cc71,2026-08-18.phase1,0.1.0-phase1,0.1.0-phase1,2026-09-21T07:39:19+00:00
BUNDESLIGA2627_MW30_266_EintrachtFrankfurt_BorussiaMönchengladbach,2026-27,30,2027-04-16,2027-04-16T00:00:00+00:00,Eintracht Frankfurt,Borussia Mönchengladbach,Deutsche Bank Park,scheduled,early_week_mode,,,,2.286,1.419,,,2-1,,home_win,,0.5019,0.2601,0.238,Eintracht Frankfurt,0.564,0.2098,0.2262,,,,"[{""score"": ""2-1"", ""probability"": 0.091271}, {""score"": ""1-1"", ""probability"": 0.085762}, {""score"": ""3-1"", ""probability"": 0.069563}, {""score"": ""2-2"", ""probability"": 0.064742}, {""score"": ""2-0"", ""probability"": 0.064335}, {""score"": ""1-2"", ""probability"": 0.056631}, {""score"": ""1-0"", ""probability"": 0.050348}, {""score"": ""3-2"", ""probability"": 0.049344}, {""score"": ""3-0"", ""probability"": 0.049034}, {""score"": ""4-1"", ""probability"": 0.039764}]",,0.6868,0.3132,Yes,2.5,0.7153,0.2847,False,Over 2.5,-0.75,0.5123,0.4877,False,Eintracht Frankfurt -0.75,False,False,False,False,False,False,,,,,,,,0.5019,0.4981,0.2,weekly_update_20260921T073919Z_e8b4cc71,2026-08-18.phase1,0.1.0-phase1,0.1.0-phase1,2026-09-21T07:39:19+00:00
BUNDESLIGA2627_MW30_267_Sport-ClubFreiburg_1.FSVMainz05,2026-27,30,2027-04-16,2027-04-16T00:00:00+00:00,Sport-Club Freiburg,1. FSV Mainz 05,Europa-Park Stadion,scheduled,early_week_mode,,,,1.682,1.293,,,1-1,,draw,,0.4581,0.2628,0.2791,Sport-Club Freiburg,0.4574,0.2557,0.2869,,,,"[{""score"": ""1-1"", ""probability"": 0.119258}, {""score"": ""2-1"", ""probability"": 0.093365}, {""score"": ""1-0"", ""probability"": 0.077589}, {""score"": ""2-0"", ""probability"": 0.072183}, {""score"": ""1-2"", ""probability"": 0.071797}, {""score"": ""2-2"", ""probability"": 0.060381}, {""score"": ""0-0"", ""probability"": 0.059271}, {""score"": ""0-1"", ""probability"": 0.057762}, {""score"": ""3-1"", ""probability"": 0.052346}, {""score"": ""0-2"", ""probability"": 0.042686}]",,0.5989,0.4011,Yes,2.5,0.5713,0.4287,False,Over 2.5,-0.25,0.5213,0.4787,False,Sport-Club Freiburg -0.25,False,False,False,False,False,False,,,,,,,,0.4581,0.5419,0.2,weekly_update_20260921T073919Z_e8b4cc71,2026-08-18.phase1,0.1.0-phase1,0.1.0-phase1,2026-09-21T07:39:19+00:00
BUNDESLIGA2627_MW30_268_Bayer04Leverkusen_SVWerderBremen,2026-27,30,2027-04-16,2027-04-16T00:00:00+00:00,Bayer 04 Leverkusen,SV Werder Bremen,BayArena,scheduled,early_week_mode,,,,2.434,0.924,,,2-0,,home_win,,0.66,0.1993,0.1407,Bayer 04 Leverkusen,0.7,0.1816,0.1184,,,,"[{""score"": ""2-0"", ""probability"": 0.103231}, {""score"": ""2-1"", ""probability"": 0.095356}, {""score"": ""1-1"", ""probability"": 0.084181}, {""score"": ""3-0"", ""probability"": 0.083743}, {""score"": ""1-0"", ""probability"": 0.079017}, {""score"": ""3-1"", ""probability"": 0.077356}, {""score"": ""4-0"", ""probability"": 0.050951}, {""score"": ""4-1"", ""probability"": 0.047065}, {""score"": ""2-2"", ""probability"": 0.044041}, {""score"": ""0-0"", ""probability"": 0.040676}]",,0.5558,0.4442,Yes,2.5,0.6516,0.3484,False,Over 2.5,-1.5,0.4824,0.5176,False,SV Werder Bremen +1.5,False,False,False,False,False,False,,,,,,,,0.66,0.34,0.2,weekly_update_20260921T073919Z_e8b4cc71,2026-08-18.phase1,0.1.0-phase1,0.1.0-phase1,2026-09-21T07:39:19+00:00
BUNDESLIGA2627_MW30_269_RBLeipzig_1.FCKöln,2026-27,30,2027-04-16,2027-04-16T00:00:00+00:00,RB Leipzig,1. FC Köln,Red Bull Arena,scheduled,early_week_mode,,,,2.466,1.041,,,2-1,,home_win,,0.6685,0.191,0.1404,RB Leipzig,0.6797,0.1846,0.1358,,,,"[{""score"": ""2-1"", ""probability"": 0.095008}, {""score"": ""2-0"", ""probability"": 0.091267}, {""score"": ""1-1"", ""probability"": 0.082764}, {""score"": ""3-1"", ""probability"": 0.078107}, {""score"": ""3-0"", ""probability"": 0.075031}, {""score"": ""1-0"", ""probability"": 0.068291}, {""score"": ""2-2"", ""probability"": 0.049452}, {""score"": ""4-1"", ""probability"": 0.048159}, {""score"": ""4-0"", ""probability"": 0.046263}, {""score"": ""3-2"", ""probability"": 0.040655}]",,0.5976,0.4024,Yes,2.5,0.6802,0.3198,False,Over 2.5,-1.25,0.5193,0.4807,False,RB Leipzig -1.25,False,False,False,False,False,False,,,,,,,,0.6685,0.3315,0.2,weekly_update_20260921T073919Z_e8b4cc71,2026-08-18.phase1,0.1.0-phase1,0.1.0-phase1,2026-09-21T07:39:19+00:00
BUNDESLIGA2627_MW30_270_FCBayernMünchen_TSGHoffenheim,2026-27,30,2027-04-16,2027-04-16T00:00:00+00:00,FC Bayern München,TSG Hoffenheim,Allianz Arena,scheduled,early_week_mode,,,,4.045,1.056,,,4-1,,home_win,,0.7513,0.1729,0.0758,FC Bayern München,0.8678,0.083,0.0492,,,,"[{""score"": ""4-1"", ""probability"": 0.073414}, {""score"": ""3-1"", ""probability"": 0.072592}, {""score"": ""4-0"", ""probability"": 0.069518}, {""score"": ""3-0"", ""probability"": 0.06874}, {""score"": ""5-1"", ""probability"": 0.059396}, {""score"": ""5-0"", ""probability"": 0.056244}, {""score"": ""2-1"", ""probability"": 0.053835}, {""score"": ""2-0"", ""probability"": 0.050978}, {""score"": ""6-1"", ""probability"": 0.040046}, {""score"": ""4-2"", ""probability"": 0.038764}]",,0.6425,0.3575,Yes,2.5,0.8809,0.1191,False,Over 2.5,-2.75,0.5142,0.4858,False,FC Bayern München -2.75,False,False,False,False,False,False,,,,,,,,0.7513,0.2487,0.2,weekly_update_20260921T073919Z_e8b4cc71,2026-08-18.phase1,0.1.0-phase1,0.1.0-phase1,2026-09-21T07:39:19+00:00
BUNDESLIGA2627_MW31_271_SCPaderborn07_FCAugsburg,2026-27,31,2027-04-23,2027-04-23T00:00:00+00:00,SC Paderborn 07,FC Augsburg,Home Deluxe Arena,scheduled,early_week_mode,,,,0.884,1.042,,,0-0,,draw,,0.2977,0.2568,0.4455,FC Augsburg,0.2908,0.3341,0.375,,,,"[{""score"": ""0-0"", ""probability"": 0.155663}, {""score"": ""1-1"", ""probability"": 0.144197}, {""score"": ""0-1"", ""probability"": 0.141901}, {""score"": ""1-0"", ""probability"": 0.118815}, {""score"": ""0-2"", ""probability"": 0.079148}, {""score"": ""1-2"", ""probability"": 0.069958}, {""score"": ""2-1"", ""probability"": 0.059323}, {""score"": ""2-0"", ""probability"": 0.056913}, {""score"": ""2-2"", ""probability"": 0.030917}, {""score"": ""0-3"", ""probability"": 0.0275}]",,0.3899,0.6101,No,2.5,0.3034,0.6966,False,Under 2.5,0.25,0.5414,0.4586,False,SC Paderborn 07 +0.25,False,False,False,False,False,False,,,,,,,,0.4455,0.5545,0.2,weekly_update_20260921T073919Z_e8b4cc71,2026-08-18.phase1,0.1.0-phase1,0.1.0-phase1,2026-09-21T07:39:19+00:00
BUNDESLIGA2627_MW31_272_SVWerderBremen_FCBayernMünchen,2026-27,31,2027-04-23,2027-04-23T00:00:00+00:00,SV Werder Bremen,FC Bayern München,Weserstadion,scheduled,early_week_mode,,,,0.987,3.024,,,0-3,,away_win,,0.1201,0.1984,0.6815,FC Bayern München,0.0869,0.1373,0.7758,,,,"[{""score"": ""0-3"", ""probability"": 0.083866}, {""score"": ""0-2"", ""probability"": 0.0832}, {""score"": ""1-3"", ""probability"": 0.082736}, {""score"": ""1-2"", ""probability"": 0.08208}, {""score"": ""0-4"", ""probability"": 0.063402}, {""score"": ""1-4"", ""probability"": 0.062548}, {""score"": ""1-1"", ""probability"": 0.058316}, {""score"": ""0-1"", ""probability"": 0.050997}, {""score"": ""2-3"", ""probability"": 0.040811}, {""score"": ""2-2"", ""probability"": 0.040487}]",,0.6006,0.3994,Yes,2.5,0.7625,0.2375,False,Over 2.5,2.0,0.5118,0.4882,False,SV Werder Bremen +2,False,False,False,False,False,False,,,,,,,,0.6815,0.3185,0.2,weekly_update_20260921T073919Z_e8b4cc71,2026-08-18.phase1,0.1.0-phase1,0.1.0-phase1,2026-09-21T07:39:19+00:00
BUNDESLIGA2627_MW31_273_1.FCKöln_1.FSVMainz05,2026-27,31,2027-04-23,2027-04-23T00:00:00+00:00,1. FC Köln,1. FSV Mainz 05,RheinEnergieSTADION,scheduled,early_week_mode,,,,1.401,1.578,,,1-1,,draw,,0.327,0.2742,0.3988,1. FSV Mainz 05,0.3311,0.2596,0.4093,,,,"[{""score"": ""1-1"", ""probability"": 0.120749}, {""score"": ""1-2"", ""probability"": 0.088702}, {""score"": ""2-1"", ""probability"": 0.078731}, {""score"": ""0-1"", ""probability"": 0.071895}, {""score"": ""0-2"", ""probability"": 0.06332}, {""score"": ""1-0"", ""probability"": 0.062876}, {""score"": ""2-2"", ""probability"": 0.062129}, {""score"": ""0-0"", ""probability"": 0.059185}, {""score"": ""2-0"", ""probability"": 0.049884}, {""score"": ""1-3"", ""probability"": 0.046665}]",,0.6065,0.3935,Yes,2.5,0.5721,0.4279,False,Over 2.5,0.25,0.5258,0.4742,False,1. FC Köln +0.25,False,False,False,False,False,False,,,,,,,,0.3988,0.6012,0.2,weekly_update_20260921T073919Z_e8b4cc71,2026-08-18.phase1,0.1.0-phase1,0.1.0-phase1,2026-09-21T07:39:19+00:00
BUNDESLIGA2627_MW31_274_HamburgerSV_SVElversberg,2026-27,31,2027-04-23,2027-04-23T00:00:00+00:00,Hamburger SV,SV Elversberg,Volksparkstadion,scheduled,early_week_mode,,,,1.311,2.205,,,1-2,,away_win,,0.22,0.2261,0.5539,SV Elversberg,0.215,0.2146,0.5704,,,,"[{""score"": ""1-2"", ""probability"": 0.094752}, {""score"": ""1-1"", ""probability"": 0.092335}, {""score"": ""0-2"", ""probability"": 0.072252}, {""score"": ""1-3"", ""probability"": 0.069634}, {""score"": ""2-2"", ""probability"": 0.06213}, {""score"": ""0-1"", ""probability"": 0.059162}, {""score"": ""2-1"", ""probability"": 0.056361}, {""score"": ""0-3"", ""probability"": 0.053098}, {""score"": ""2-3"", ""probability"": 0.04566}, {""score"": ""1-4"", ""probability"": 0.038381}]",,0.6563,0.3437,Yes,2.5,0.682,0.318,False,Over 2.5,0.75,0.4827,0.5173,False,SV Elversberg -0.75,False,False,False,False,False,False,,,,,,,,0.5539,0.4461,0.2,weekly_update_20260921T073919Z_e8b4cc71,2026-08-18.phase1,0.1.0-phase1,0.1.0-phase1,2026-09-21T07:39:19+00:00
BUNDESLIGA2627_MW31_275_BorussiaMönchengladbach_FCSchalke04,2026-27,31,2027-04-23,2027-04-23T00:00:00+00:00,Borussia Mönchengladbach,FC Schalke 04,ista-Borussia-Park,scheduled,early_week_mode,,,,1.213,0.849,,,1-0,,home_win,,0.4593,0.2539,0.2868,Borussia Mönchengladbach,0.4356,0.3155,0.2489,,,,"[{""score"": ""1-0"", ""probability"": 0.144529}, {""score"": ""1-1"", ""probability"": 0.140735}, {""score"": ""0-0"", ""probability"": 0.136926}, {""score"": ""0-1"", ""probability"": 0.098306}, {""score"": ""2-0"", ""probability"": 0.093532}, {""score"": ""2-1"", ""probability"": 0.079437}, {""score"": ""1-2"", ""probability"": 0.055634}, {""score"": ""0-2"", ""probability"": 0.045876}, {""score"": ""3-0"", ""probability"": 0.037808}, {""score"": ""2-2"", ""probability"": 0.033733}]",,0.4118,0.5882,No,2.5,0.3401,0.6599,False,Under 2.5,-0.25,0.5145,0.4855,False,Borussia Mönchengladbach -0.25,False,False,False,False,False,False,,,,,,,,0.4593,0.5407,0.2,weekly_update_20260921T073919Z_e8b4cc71,2026-08-18.phase1,0.1.0-phase1,0.1.0-phase1,2026-09-21T07:39:19+00:00
BUNDESLIGA2627_MW31_276_EintrachtFrankfurt_Bayer04Leverkusen,2026-27,31,2027-04-23,2027-04-23T00:00:00+00:00,Eintracht Frankfurt,Bayer 04 Leverkusen,Deutsche Bank Park,scheduled,early_week_mode,,,,1.591,2.053,,,1-1,,draw,,0.2927,0.2582,0.4491,Bayer 04 Leverkusen,0.2952,0.2253,0.4796,,,,"[{""score"": ""1-1"", ""probability"": 0.091759}, {""score"": ""1-2"", ""probability"": 0.087688}, {""score"": ""2-2"", ""probability"": 0.06977}, {""score"": ""2-1"", ""probability"": 0.067964}, {""score"": ""1-3"", ""probability"": 0.060012}, {""score"": ""0-2"", ""probability"": 0.055104}, {""score"": ""2-3"", ""probability"": 0.047749}, {""score"": ""0-1"", ""probability"": 0.047337}, {""score"": ""0-3"", ""probability"": 0.037712}, {""score"": ""3-2"", ""probability"": 0.037009}]",,0.7005,0.2995,Yes,2.5,0.7049,0.2951,False,Over 2.5,0.5,0.5204,0.4796,False,Eintracht Frankfurt +0.5,False,False,False,False,False,False,,,,,,,,0.4491,0.5509,0.2,weekly_update_20260921T073919Z_e8b4cc71,2026-08-18.phase1,0.1.0-phase1,0.1.0-phase1,2026-09-21T07:39:19+00:00
BUNDESLIGA2627_MW31_277_TSGHoffenheim_1.FCUnionBerlin,2026-27,31,2027-04-23,2027-04-23T00:00:00+00:00,TSG Hoffenheim,1. FC Union Berlin,SNP Arena,scheduled,early_week_mode,,,,2.249,1.231,,,2-1,,home_win,,0.5529,0.2418,0.2054,TSG Hoffenheim,0.5967,0.2096,0.1936,,,,"[{""score"": ""2-1"", ""probability"": 0.095961}, {""score"": ""1-1"", ""probability"": 0.09169}, {""score"": ""2-0"", ""probability"": 0.07793}, {""score"": ""3-1"", ""probability"": 0.071924}, {""score"": ""1-0"", ""probability"": 0.06298}, {""score"": ""2-2"", ""probability"": 0.059082}, {""score"": ""3-0"", ""probability"": 0.058409}, {""score"": ""1-2"", ""probability"": 0.052551}, {""score"": ""3-2"", ""probability"": 0.044283}, {""score"": ""4-1"", ""probability"": 0.040431}]",,0.6397,0.3603,Yes,2.5,0.6752,0.3248,False,Over 2.5,-1.0,0.4892,0.5108,False,1. FC Union Berlin +1,False,False,False,False,False,False,,,,,,,,0.5529,0.4471,0.2,weekly_update_20260921T073919Z_e8b4cc71,2026-08-18.phase1,0.1.0-phase1,0.1.0-phase1,2026-09-21T07:39:19+00:00
BUNDESLIGA2627_MW31_278_VfBStuttgart_Sport-ClubFreiburg,2026-27,31,2027-04-23,2027-04-23T00:00:00+00:00,VfB Stuttgart,Sport-Club Freiburg,MHPArena,scheduled,early_week_mode,,,,2.126,1.337,,,1-1,,draw,,0.4814,0.2565,0.2621,VfB Stuttgart,0.5484,0.221,0.2306,,,,"[{""score"": ""1-1"", ""probability"": 0.095711}, {""score"": ""2-1"", ""probability"": 0.094709}, {""score"": ""2-0"", ""probability"": 0.070818}, {""score"": ""3-1"", ""probability"": 0.067117}, {""score"": ""2-2"", ""probability"": 0.06333}, {""score"": ""1-0"", ""probability"": 0.060007}, {""score"": ""1-2"", ""probability"": 0.059577}, {""score"": ""3-0"", ""probability"": 0.050186}, {""score"": ""3-2"", ""probability"": 0.04488}, {""score"": ""0-0"", ""probability"": 0.037951}]",,0.6561,0.3439,Yes,2.5,0.6722,0.3278,False,Over 2.5,-0.75,0.4954,0.5046,False,Sport-Club Freiburg +0.75,False,False,False,False,False,False,,,,,,,,0.4814,0.5186,0.2,weekly_update_20260921T073919Z_e8b4cc71,2026-08-18.phase1,0.1.0-phase1,0.1.0-phase1,2026-09-21T07:39:19+00:00
BUNDESLIGA2627_MW31_279_BorussiaDortmund_RBLeipzig,2026-27,31,2027-04-23,2027-04-23T00:00:00+00:00,Borussia Dortmund,RB Leipzig,SIGNAL IDUNA PARK,scheduled,early_week_mode,,,,1.989,1.135,,,1-1,,draw,,0.5225,0.2728,0.2047,Borussia Dortmund,0.5642,0.2303,0.2055,,,,"[{""score"": ""1-1"", ""probability"": 0.106691}, {""score"": ""2-1"", ""probability"": 0.098767}, {""score"": ""2-0"", ""probability"": 0.087038}, {""score"": ""1-0"", ""probability"": 0.08015}, {""score"": ""3-1"", ""probability"": 0.065479}, {""score"": ""3-0"", ""probability"": 0.057703}, {""score"": ""1-2"", ""probability"": 0.056351}, {""score"": ""2-2"", ""probability"": 0.056038}, {""score"": ""0-0"", ""probability"": 0.051379}, {""score"": ""0-1"", ""probability"": 0.042563}]",,0.593,0.407,Yes,2.5,0.6038,0.3962,False,Over 2.5,-0.75,0.5082,0.4918,False,Borussia Dortmund -0.75,False,False,False,False,False,False,,,,,,,,0.5225,0.4775,0.2,weekly_update_20260921T073919Z_e8b4cc71,2026-08-18.phase1,0.1.0-phase1,0.1.0-phase1,2026-09-21T07:39:19+00:00
BUNDESLIGA2627_MW32_280_SVElversberg_TSGHoffenheim,2026-27,32,2027-05-07,2027-05-07T00:00:00+00:00,SV Elversberg,TSG Hoffenheim,URSAPHARM-Arena,scheduled,early_week_mode,,,,2.75,1.651,,,2-1,,home_win,,0.5174,0.2728,0.2098,SV Elversberg,0.6037,0.1826,0.2137,,,,"[{""score"": ""2-1"", ""probability"": 0.076726}, {""score"": ""3-1"", ""probability"": 0.070341}, {""score"": ""2-2"", ""probability"": 0.063345}, {""score"": ""1-1"", ""probability"": 0.059936}, {""score"": ""3-2"", ""probability"": 0.058074}, {""score"": ""4-1"", ""probability"": 0.048365}, {""score"": ""2-0"", ""probability"": 0.046466}, {""score"": ""1-2"", ""probability"": 0.046064}, {""score"": ""3-0"", ""probability"": 0.042599}, {""score"": ""4-2"", ""probability"": 0.03993}]",,0.7606,0.2394,Yes,2.5,0.8146,0.1854,False,Over 2.5,-1.0,0.5076,0.4924,False,SV Elversberg -1,False,False,False,False,False,False,,,,,,,,0.5174,0.4826,0.2,weekly_update_20260921T073919Z_e8b4cc71,2026-08-18.phase1,0.1.0-phase1,0.1.0-phase1,2026-09-21T07:39:19+00:00
BUNDESLIGA2627_MW32_281_FCSchalke04_EintrachtFrankfurt,2026-27,32,2027-05-07,2027-05-07T00:00:00+00:00,FC Schalke 04,Eintracht Frankfurt,VELTINS-Arena,scheduled,early_week_mode,,,,1.047,1.222,,,1-1,,draw,,0.332,0.2711,0.3969,Eintracht Frankfurt,0.3044,0.3043,0.3913,,,,"[{""score"": ""1-1"", ""probability"": 0.142151}, {""score"": ""0-1"", ""probability"": 0.116614}, {""score"": ""0-0"", ""probability"": 0.113329}, {""score"": ""1-0"", ""probability"": 0.098504}, {""score"": ""1-2"", ""probability"": 0.080822}, {""score"": ""0-2"", ""probability"": 0.077225}, {""score"": ""2-1"", ""probability"": 0.069246}, {""score"": ""2-0"", ""probability"": 0.056687}, {""score"": ""2-2"", ""probability"": 0.042294}, {""score"": ""1-3"", ""probability"": 0.03291}]",,0.4674,0.5326,No,2.5,0.3955,0.6045,False,Under 2.5,0.25,0.5327,0.4673,False,FC Schalke 04 +0.25,False,False,False,False,False,False,,,,,,,,0.3969,0.6031,0.2,weekly_update_20260921T073919Z_e8b4cc71,2026-08-18.phase1,0.1.0-phase1,0.1.0-phase1,2026-09-21T07:39:19+00:00
BUNDESLIGA2627_MW32_282_1.FCUnionBerlin_SVWerderBremen,2026-27,32,2027-05-07,2027-05-07T00:00:00+00:00,1. FC Union Berlin,SV Werder Bremen,An der Alten Försterei,scheduled,early_week_mode,,,,1.447,1.336,,,1-1,,draw,,0.41,0.2418,0.3482,1. FC Union Berlin,0.3898,0.271,0.3392,,,,"[{""score"": ""1-1"", ""probability"": 0.128443}, {""score"": ""2-1"", ""probability"": 0.086528}, {""score"": ""1-0"", ""probability"": 0.080626}, {""score"": ""1-2"", ""probability"": 0.079865}, {""score"": ""0-1"", ""probability"": 0.073734}, {""score"": ""0-0"", ""probability"": 0.070715}, {""score"": ""2-0"", ""probability"": 0.064771}, {""score"": ""2-2"", ""probability"": 0.057797}, {""score"": ""0-2"", ""probability"": 0.05518}, {""score"": ""3-1"", ""probability"": 0.041745}]",,0.5726,0.4274,Yes,2.5,0.5265,0.4735,False,Over 2.5,0.0,0.5253,0.4747,False,1. FC Union Berlin (pick'em),False,False,False,False,False,False,,,,,,,,0.41,0.59,0.2,weekly_update_20260921T073919Z_e8b4cc71,2026-08-18.phase1,0.1.0-phase1,0.1.0-phase1,2026-09-21T07:39:19+00:00
BUNDESLIGA2627_MW32_283_1.FSVMainz05_BorussiaDortmund,2026-27,32,2027-05-07,2027-05-07T00:00:00+00:00,1. FSV Mainz 05,Borussia Dortmund,MEWA ARENA,scheduled,early_week_mode,,,,1.142,1.702,,,1-1,,draw,,0.2365,0.2657,0.4978,Borussia Dortmund,0.2472,0.2565,0.4963,,,,"[{""score"": ""1-1"", ""probability"": 0.121508}, {""score"": ""1-2"", ""probability"": 0.096267}, {""score"": ""0-1"", ""probability"": 0.090667}, {""score"": ""0-2"", ""probability"": 0.084312}, {""score"": ""0-0"", ""probability"": 0.066596}, {""score"": ""2-1"", ""probability"": 0.064575}, {""score"": ""1-0"", ""probability"": 0.058054}, {""score"": ""2-2"", ""probability"": 0.054959}, {""score"": ""1-3"", ""probability"": 0.054621}, {""score"": ""0-3"", ""probability"": 0.047838}]",,0.565,0.435,Yes,2.5,0.5409,0.4591,False,Over 2.5,0.5,0.5037,0.4963,False,1. FSV Mainz 05 +0.5,False,False,False,False,False,False,,,,,,,,0.4978,0.5022,0.2,weekly_update_20260921T073919Z_e8b4cc71,2026-08-18.phase1,0.1.0-phase1,0.1.0-phase1,2026-09-21T07:39:19+00:00
BUNDESLIGA2627_MW32_284_FCAugsburg_VfBStuttgart,2026-27,32,2027-05-07,2027-05-07T00:00:00+00:00,FC Augsburg,VfB Stuttgart,WWK ARENA,scheduled,early_week_mode,,,,1.474,1.809,,,1-1,,draw,,0.3301,0.2874,0.3825,VfB Stuttgart,0.3083,0.2426,0.4491,,,,"[{""score"": ""1-1"", ""probability"": 0.107489}, {""score"": ""1-2"", ""probability"": 0.090498}, {""score"": ""2-1"", ""probability"": 0.073735}, {""score"": ""2-2"", ""probability"": 0.066688}, {""score"": ""0-2"", ""probability"": 0.061404}, {""score"": ""0-1"", ""probability"": 0.060465}, {""score"": ""1-3"", ""probability"": 0.054566}, {""score"": ""1-0"", ""probability"": 0.047889}, {""score"": ""0-0"", ""probability"": 0.044962}, {""score"": ""2-0"", ""probability"": 0.040763}]",,0.652,0.348,Yes,2.5,0.637,0.363,False,Over 2.5,0.25,0.4902,0.5098,False,VfB Stuttgart -0.25,False,False,False,False,False,False,,,,,,,,0.3825,0.6175,0.2,weekly_update_20260921T073919Z_e8b4cc71,2026-08-18.phase1,0.1.0-phase1,0.1.0-phase1,2026-09-21T07:39:19+00:00
BUNDESLIGA2627_MW32_285_Sport-ClubFreiburg_1.FCKöln,2026-27,32,2027-05-07,2027-05-07T00:00:00+00:00,Sport-Club Freiburg,1. FC Köln,Europa-Park Stadion,scheduled,early_week_mode,,,,2.142,1.166,,,1-1,,draw,,0.5589,0.2476,0.1935,Sport-Club Freiburg,0.5897,0.2173,0.1931,,,,"[{""score"": ""1-1"", ""probability"": 0.098208}, {""score"": ""2-1"", ""probability"": 0.097912}, {""score"": ""2-0"", ""probability"": 0.083977}, {""score"": ""1-0"", ""probability"": 0.071623}, {""score"": ""3-1"", ""probability"": 0.069909}, {""score"": ""3-0"", ""probability"": 0.059959}, {""score"": ""2-2"", ""probability"": 0.05708}, {""score"": ""1-2"", ""probability"": 0.053296}, {""score"": ""0-0"", ""probability"": 0.043393}, {""score"": ""3-2"", ""probability"": 0.040755}]",,0.6143,0.3857,Yes,2.5,0.642,0.358,False,Over 2.5,-1.0,0.4797,0.5203,False,1. FC Köln +1,False,False,False,False,False,False,,,,,,,,0.5589,0.4411,0.2,weekly_update_20260921T073919Z_e8b4cc71,2026-08-18.phase1,0.1.0-phase1,0.1.0-phase1,2026-09-21T07:39:19+00:00
BUNDESLIGA2627_MW32_286_Bayer04Leverkusen_HamburgerSV,2026-27,32,2027-05-07,2027-05-07T00:00:00+00:00,Bayer 04 Leverkusen,Hamburger SV,BayArena,scheduled,early_week_mode,,,,2.61,0.785,,,2-0,,home_win,,0.6921,0.1953,0.1126,Bayer 04 Leverkusen,0.7588,0.1571,0.0841,,,,"[{""score"": ""2-0"", ""probability"": 0.114385}, {""score"": ""3-0"", ""probability"": 0.099506}, {""score"": ""2-1"", ""probability"": 0.089829}, {""score"": ""1-0"", ""probability"": 0.082549}, {""score"": ""3-1"", ""probability"": 0.078144}, {""score"": ""1-1"", ""probability"": 0.073951}, {""score"": ""4-0"", ""probability"": 0.064921}, {""score"": ""4-1"", ""probability"": 0.050984}, {""score"": ""0-0"", ""probability"": 0.038699}, {""score"": ""2-2"", ""probability"": 0.035272}]",,0.5091,0.4909,Yes,2.5,0.6588,0.3412,False,Over 2.5,-1.75,0.496,0.504,False,Hamburger SV +1.75,False,False,False,False,False,False,,,,,,,,0.6921,0.3079,0.2,weekly_update_20260921T073919Z_e8b4cc71,2026-08-18.phase1,0.1.0-phase1,0.1.0-phase1,2026-09-21T07:39:19+00:00
BUNDESLIGA2627_MW32_287_RBLeipzig_SCPaderborn07,2026-27,32,2027-05-07,2027-05-07T00:00:00+00:00,RB Leipzig,SC Paderborn 07,Red Bull Arena,scheduled,early_week_mode,,,,1.712,0.59,,,1-0,,home_win,,0.676,0.204,0.12,RB Leipzig,0.6394,0.2447,0.1159,,,,"[{""score"": ""1-0"", ""probability"": 0.163802}, {""score"": ""2-0"", ""probability"": 0.14667}, {""score"": ""1-1"", ""probability"": 0.108552}, {""score"": ""0-0"", ""probability"": 0.107539}, {""score"": ""2-1"", ""probability"": 0.086519}, {""score"": ""3-0"", ""probability"": 0.083719}, {""score"": ""0-1"", ""probability"": 0.051509}, {""score"": ""3-1"", ""probability"": 0.049385}, {""score"": ""4-0"", ""probability"": 0.03584}, {""score"": ""1-2"", ""probability"": 0.029804}]",,0.3727,0.6273,No,2.5,0.4045,0.5955,False,Under 2.5,-1.0,0.5063,0.4937,False,RB Leipzig -1,False,False,False,False,False,False,,,,,,,,0.676,0.324,0.2,weekly_update_20260921T073919Z_e8b4cc71,2026-08-18.phase1,0.1.0-phase1,0.1.0-phase1,2026-09-21T07:39:19+00:00
BUNDESLIGA2627_MW32_288_FCBayernMünchen_BorussiaMönchengladbach,2026-27,32,2027-05-07,2027-05-07T00:00:00+00:00,FC Bayern München,Borussia Mönchengladbach,Allianz Arena,scheduled,early_week_mode,,,,4.082,0.856,,,4-0,,home_win,,0.7736,0.1572,0.0692,FC Bayern München,0.8962,0.0701,0.0336,,,,"[{""score"": ""4-0"", ""probability"": 0.084989}, {""score"": ""3-0"", ""probability"": 0.083285}, {""score"": ""4-1"", ""probability"": 0.072727}, {""score"": ""3-1"", ""probability"": 0.071269}, {""score"": ""5-0"", ""probability"": 0.069382}, {""score"": ""2-0"", ""probability"": 0.061211}, {""score"": ""5-1"", ""probability"": 0.059372}, {""score"": ""2-1"", ""probability"": 0.05238}, {""score"": ""6-0"", ""probability"": 0.047201}, {""score"": ""6-1"", ""probability"": 0.040391}]",,0.567,0.433,Yes,2.5,0.8668,0.1332,False,Over 2.5,-3.0,0.5091,0.4909,False,FC Bayern München -3,False,False,False,False,False,False,,,,,,,,0.7736,0.2264,0.2,weekly_update_20260921T073919Z_e8b4cc71,2026-08-18.phase1,0.1.0-phase1,0.1.0-phase1,2026-09-21T07:39:19+00:00
BUNDESLIGA2627_MW33_289_SCPaderborn07_1.FCUnionBerlin,2026-27,33,2027-05-14,2027-05-14T00:00:00+00:00,SC Paderborn 07,1. FC Union Berlin,Home Deluxe Arena,scheduled,early_week_mode,,,,0.984,0.892,,,0-0,,draw,,0.3491,0.286,0.3649,1. FC Union Berlin,0.3547,0.3402,0.3052,,,,"[{""score"": ""0-0"", ""probability"": 0.163175}, {""score"": ""1-1"", ""probability"": 0.144452}, {""score"": ""1-0"", ""probability"": 0.140772}, {""score"": ""0-1"", ""probability"": 0.126662}, {""score"": ""2-0"", ""probability"": 0.074177}, {""score"": ""2-1"", ""probability"": 0.066164}, {""score"": ""0-2"", ""probability"": 0.060942}, {""score"": ""1-2"", ""probability"": 0.059972}, {""score"": ""2-2"", ""probability"": 0.029509}, {""score"": ""3-0"", ""probability"": 0.024332}]",,0.3795,0.6205,No,2.5,0.2898,0.7102,False,Under 2.5,0.0,0.5247,0.4753,False,SC Paderborn 07 (pick'em),False,False,False,False,False,False,,,,,,,,0.3649,0.6351,0.2,weekly_update_20260921T073919Z_e8b4cc71,2026-08-18.phase1,0.1.0-phase1,0.1.0-phase1,2026-09-21T07:39:19+00:00
BUNDESLIGA2627_MW33_290_SVWerderBremen_FCSchalke04,2026-27,33,2027-05-14,2027-05-14T00:00:00+00:00,SV Werder Bremen,FC Schalke 04,Weserstadion,scheduled,early_week_mode,,,,1.115,0.789,,,0-0,,draw,,0.4372,0.2712,0.2916,SV Werder Bremen,0.421,0.3313,0.2477,,,,"[{""score"": ""0-0"", ""probability"": 0.158714}, {""score"": ""1-0"", ""probability"": 0.156379}, {""score"": ""1-1"", ""probability"": 0.140785}, {""score"": ""0-1"", ""probability"": 0.107817}, {""score"": ""2-0"", ""probability"": 0.0926}, {""score"": ""2-1"", ""probability"": 0.07306}, {""score"": ""1-2"", ""probability"": 0.0517}, {""score"": ""0-2"", ""probability"": 0.046371}, {""score"": ""3-0"", ""probability"": 0.034414}, {""score"": ""2-2"", ""probability"": 0.028821}]",,0.3765,0.6235,No,2.5,0.2973,0.7027,False,Under 2.5,-0.25,0.5038,0.4962,False,SV Werder Bremen -0.25,False,False,False,False,False,False,,,,,,,,0.4372,0.5628,0.2,weekly_update_20260921T073919Z_e8b4cc71,2026-08-18.phase1,0.1.0-phase1,0.1.0-phase1,2026-09-21T07:39:19+00:00
BUNDESLIGA2627_MW33_291_HamburgerSV_Sport-ClubFreiburg,2026-27,33,2027-05-14,2027-05-14T00:00:00+00:00,Hamburger SV,Sport-Club Freiburg,Volksparkstadion,scheduled,early_week_mode,,,,1.199,1.646,,,1-1,,draw,,0.2725,0.2776,0.4499,Sport-Club Freiburg,0.2699,0.2606,0.4695,,,,"[{""score"": ""1-1"", ""probability"": 0.123267}, {""score"": ""1-2"", ""probability"": 0.094426}, {""score"": ""0-1"", ""probability"": 0.087188}, {""score"": ""0-2"", ""probability"": 0.078756}, {""score"": ""2-1"", ""probability"": 0.068789}, {""score"": ""0-0"", ""probability"": 0.06667}, {""score"": ""1-0"", ""probability"": 0.061204}, {""score"": ""2-2"", ""probability"": 0.056607}, {""score"": ""1-3"", ""probability"": 0.051802}, {""score"": ""0-3"", ""probability"": 0.043206}]",,0.5723,0.4277,Yes,2.5,0.5411,0.4589,False,Over 2.5,0.5,0.5305,0.4695,False,Hamburger SV +0.5,False,False,False,False,False,False,,,,,,,,0.4499,0.5501,0.2,weekly_update_20260921T073919Z_e8b4cc71,2026-08-18.phase1,0.1.0-phase1,0.1.0-phase1,2026-09-21T07:39:19+00:00
BUNDESLIGA2627_MW33_292_BorussiaMönchengladbach_FCAugsburg,2026-27,33,2027-05-14,2027-05-14T00:00:00+00:00,Borussia Mönchengladbach,FC Augsburg,ista-Borussia-Park,scheduled,early_week_mode,,,,1.637,1.452,,,1-1,,draw,,0.4242,0.2578,0.3181,Borussia Mönchengladbach,0.413,0.254,0.333,,,,"[{""score"": ""1-1"", ""probability"": 0.116333}, {""score"": ""2-1"", ""probability"": 0.088612}, {""score"": ""1-2"", ""probability"": 0.078618}, {""score"": ""1-0"", ""probability"": 0.066546}, {""score"": ""2-2"", ""probability"": 0.06433}, {""score"": ""2-0"", ""probability"": 0.06103}, {""score"": ""0-1"", ""probability"": 0.058134}, {""score"": ""0-0"", ""probability"": 0.053615}, {""score"": ""3-1"", ""probability"": 0.048338}, {""score"": ""0-2"", ""probability"": 0.04804}]",,0.6248,0.3752,Yes,2.5,0.5963,0.4037,False,Over 2.5,-0.25,0.4765,0.5235,False,FC Augsburg +0.25,False,False,False,False,False,False,,,,,,,,0.4242,0.5758,0.2,weekly_update_20260921T073919Z_e8b4cc71,2026-08-18.phase1,0.1.0-phase1,0.1.0-phase1,2026-09-21T07:39:19+00:00
BUNDESLIGA2627_MW33_293_EintrachtFrankfurt_SVElversberg,2026-27,33,2027-05-14,2027-05-14T00:00:00+00:00,Eintracht Frankfurt,SV Elversberg,Deutsche Bank Park,scheduled,early_week_mode,,,,2.119,2.175,,,2-2,,draw,,0.3485,0.2535,0.3979,SV Elversberg,0.3853,0.2086,0.4061,,,,"[{""score"": ""2-2"", ""probability"": 0.072544}, {""score"": ""1-2"", ""probability"": 0.068464}, {""score"": ""1-1"", ""probability"": 0.06763}, {""score"": ""2-1"", ""probability"": 0.066709}, {""score"": ""2-3"", ""probability"": 0.052593}, {""score"": ""3-2"", ""probability"": 0.051245}, {""score"": ""1-3"", ""probability"": 0.049635}, {""score"": ""3-1"", ""probability"": 0.047123}, {""score"": ""3-3"", ""probability"": 0.037152}, {""score"": ""0-2"", ""probability"": 0.032306}]",,0.7845,0.2155,Yes,2.5,0.8018,0.1982,False,Over 2.5,0.0,0.4896,0.5104,False,SV Elversberg (pick'em),False,False,False,False,False,False,,,,,,,,0.3979,0.6021,0.2,weekly_update_20260921T073919Z_e8b4cc71,2026-08-18.phase1,0.1.0-phase1,0.1.0-phase1,2026-09-21T07:39:19+00:00
BUNDESLIGA2627_MW33_294_Bayer04Leverkusen_FCBayernMünchen,2026-27,33,2027-05-14,2027-05-14T00:00:00+00:00,Bayer 04 Leverkusen,FC Bayern München,BayArena,scheduled,early_week_mode,,,,1.553,2.266,,,1-2,,away_win,,0.2337,0.2522,0.5141,FC Bayern München,0.256,0.2121,0.5319,,,,"[{""score"": ""1-2"", ""probability"": 0.087578}, {""score"": ""1-1"", ""probability"": 0.083053}, {""score"": ""2-2"", ""probability"": 0.068}, {""score"": ""1-3"", ""probability"": 0.066137}, {""score"": ""2-1"", ""probability"": 0.060031}, {""score"": ""0-2"", ""probability"": 0.056396}, {""score"": ""2-3"", ""probability"": 0.051352}, {""score"": ""0-1"", ""probability"": 0.044047}, {""score"": ""0-3"", ""probability"": 0.042589}, {""score"": ""1-4"", ""probability"": 0.037459}]",,0.7122,0.2878,Yes,2.5,0.7339,0.2661,False,Over 2.5,0.75,0.5184,0.4816,False,Bayer 04 Leverkusen +0.75,False,False,False,False,False,False,,,,,,,,0.5141,0.4859,0.2,weekly_update_20260921T073919Z_e8b4cc71,2026-08-18.phase1,0.1.0-phase1,0.1.0-phase1,2026-09-21T07:39:19+00:00
BUNDESLIGA2627_MW33_295_TSGHoffenheim_1.FSVMainz05,2026-27,33,2027-05-14,2027-05-14T00:00:00+00:00,TSG Hoffenheim,1. FSV Mainz 05,SNP Arena,scheduled,early_week_mode,,,,1.814,1.513,,,1-1,,draw,,0.4555,0.2365,0.308,TSG Hoffenheim,0.4423,0.2413,0.3164,,,,"[{""score"": ""1-1"", ""probability"": 0.105881}, {""score"": ""2-1"", ""probability"": 0.089387}, {""score"": ""1-2"", ""probability"": 0.074552}, {""score"": ""2-2"", ""probability"": 0.067611}, {""score"": ""2-0"", ""probability"": 0.059089}, {""score"": ""1-0"", ""probability"": 0.057838}, {""score"": ""3-1"", ""probability"": 0.054043}, {""score"": ""0-1"", ""probability"": 0.047025}, {""score"": ""0-0"", ""probability"": 0.043239}, {""score"": ""0-2"", ""probability"": 0.041103}]",,0.6599,0.3401,Yes,2.5,0.6458,0.3542,False,Over 2.5,-0.25,0.5026,0.4974,False,TSG Hoffenheim -0.25,False,False,False,False,False,False,,,,,,,,0.4555,0.5445,0.2,weekly_update_20260921T073919Z_e8b4cc71,2026-08-18.phase1,0.1.0-phase1,0.1.0-phase1,2026-09-21T07:39:19+00:00
BUNDESLIGA2627_MW33_296_VfBStuttgart_RBLeipzig,2026-27,33,2027-05-14,2027-05-14T00:00:00+00:00,VfB Stuttgart,RB Leipzig,MHPArena,scheduled,early_week_mode,,,,1.898,1.54,,,1-1,,draw,,0.3745,0.2904,0.3351,VfB Stuttgart,0.4559,0.2355,0.3085,,,,"[{""score"": ""1-1"", ""probability"": 0.100899}, {""score"": ""2-1"", ""probability"": 0.089143}, {""score"": ""1-2"", ""probability"": 0.072316}, {""score"": ""2-2"", ""probability"": 0.068634}, {""score"": ""2-0"", ""probability"": 0.057891}, {""score"": ""3-1"", ""probability"": 0.056403}, {""score"": ""1-0"", ""probability"": 0.054024}, {""score"": ""3-2"", ""probability"": 0.043426}, {""score"": ""0-1"", ""probability"": 0.04251}, {""score"": ""0-0"", ""probability"": 0.039107}]",,0.6748,0.3252,Yes,2.5,0.6675,0.3325,False,Over 2.5,-0.25,0.5148,0.4852,False,VfB Stuttgart -0.25,False,False,False,False,False,False,,,,,,,,0.3745,0.6255,0.2,weekly_update_20260921T073919Z_e8b4cc71,2026-08-18.phase1,0.1.0-phase1,0.1.0-phase1,2026-09-21T07:39:19+00:00
BUNDESLIGA2627_MW33_297_BorussiaDortmund_1.FCKöln,2026-27,33,2027-05-14,2027-05-14T00:00:00+00:00,Borussia Dortmund,1. FC Köln,SIGNAL IDUNA PARK,scheduled,early_week_mode,,,,2.718,0.821,,,2-0,,home_win,,0.7217,0.1788,0.0994,Borussia Dortmund,0.7671,0.1502,0.0827,,,,"[{""score"": ""2-0"", ""probability"": 0.107507}, {""score"": ""3-0"", ""probability"": 0.097407}, {""score"": ""2-1"", ""probability"": 0.088242}, {""score"": ""3-1"", ""probability"": 0.079952}, {""score"": ""1-0"", ""probability"": 0.074283}, {""score"": ""1-1"", ""probability"": 0.069748}, {""score"": ""4-0"", ""probability"": 0.066192}, {""score"": ""4-1"", ""probability"": 0.054331}, {""score"": ""2-2"", ""probability"": 0.036215}, {""score"": ""5-0"", ""probability"": 0.035984}]",,0.5277,0.4723,Yes,2.5,0.6857,0.3143,False,Over 2.5,-1.75,0.5115,0.4885,False,Borussia Dortmund -1.75,False,False,False,False,False,False,,,,,,,,0.7217,0.2783,0.2,weekly_update_20260921T073919Z_e8b4cc71,2026-08-18.phase1,0.1.0-phase1,0.1.0-phase1,2026-09-21T07:39:19+00:00
BUNDESLIGA2627_MW34_298_SVElversberg_SVWerderBremen,2026-27,34,2027-05-22,2027-05-22T13:30:00+00:00,SV Elversberg,SV Werder Bremen,URSAPHARM-Arena,scheduled,early_week_mode,,,,2.578,1.23,,,2-1,,home_win,,0.5786,0.2573,0.1641,SV Elversberg,0.6587,0.1831,0.1582,,,,"[{""score"": ""2-1"", ""probability"": 0.090833}, {""score"": ""3-1"", ""probability"": 0.078058}, {""score"": ""1-1"", ""probability"": 0.075697}, {""score"": ""2-0"", ""probability"": 0.073839}, {""score"": ""3-0"", ""probability"": 0.063454}, {""score"": ""2-2"", ""probability"": 0.055869}, {""score"": ""1-0"", ""probability"": 0.052052}, {""score"": ""4-1"", ""probability"": 0.050309}, {""score"": ""3-2"", ""probability"": 0.048011}, {""score"": ""1-2"", ""probability"": 0.043342}]",,0.6592,0.3408,Yes,2.5,0.732,0.268,False,Over 2.5,-1.25,0.5043,0.4957,False,SV Elversberg -1.25,False,False,False,False,False,False,,,,,,,,0.5786,0.4214,0.2,weekly_update_20260921T073919Z_e8b4cc71,2026-08-18.phase1,0.1.0-phase1,0.1.0-phase1,2026-09-21T07:39:19+00:00
BUNDESLIGA2627_MW34_299_FCSchalke04_Bayer04Leverkusen,2026-27,34,2027-05-22,2027-05-22T13:30:00+00:00,FC Schalke 04,Bayer 04 Leverkusen,VELTINS-Arena,scheduled,early_week_mode,,,,0.741,1.4,,,0-1,,away_win,,0.2247,0.2288,0.5465,Bayer 04 Leverkusen,0.1892,0.2931,0.5177,,,,"[{""score"": ""0-1"", ""probability"": 0.155488}, {""score"": ""1-1"", ""probability"": 0.13101}, {""score"": ""0-0"", ""probability"": 0.126616}, {""score"": ""0-2"", ""probability"": 0.115147}, {""score"": ""1-2"", ""probability"": 0.085346}, {""score"": ""1-0"", ""probability"": 0.078083}, {""score"": ""0-3"", ""probability"": 0.05372}, {""score"": ""2-1"", ""probability"": 0.045197}, {""score"": ""1-3"", ""probability"": 0.039817}, {""score"": ""2-0"", ""probability"": 0.032292}]",,0.4034,0.5966,No,2.5,0.3614,0.6386,False,Under 2.5,0.5,0.4823,0.5177,False,Bayer 04 Leverkusen -0.5,False,False,False,False,False,False,,,,,,,,0.5465,0.4535,0.2,weekly_update_20260921T073919Z_e8b4cc71,2026-08-18.phase1,0.1.0-phase1,0.1.0-phase1,2026-09-21T07:39:19+00:00
BUNDESLIGA2627_MW34_300_1.FCKöln_SCPaderborn07,2026-27,34,2027-05-22,2027-05-22T13:30:00+00:00,1. FC Köln,SC Paderborn 07,RheinEnergieSTADION,scheduled,early_week_mode,,,,1.239,0.806,,,1-0,,home_win,,0.4872,0.2575,0.2553,1. FC Köln,0.4543,0.3139,0.2319,,,,"[{""score"": ""1-0"", ""probability"": 0.150693}, {""score"": ""0-0"", ""probability"": 0.138999}, {""score"": ""1-1"", ""probability"": 0.138812}, {""score"": ""2-0"", ""probability"": 0.099267}, {""score"": ""0-1"", ""probability"": 0.094732}, {""score"": ""2-1"", ""probability"": 0.080027}, {""score"": ""1-2"", ""probability"": 0.052087}, {""score"": ""0-2"", ""probability"": 0.042052}, {""score"": ""3-0"", ""probability"": 0.040985}, {""score"": ""3-1"", ""probability"": 0.033041}]",,0.4027,0.5973,No,2.5,0.3354,0.6646,False,Under 2.5,-0.25,0.5327,0.4673,False,1. FC Köln -0.25,False,False,False,False,False,False,,,,,,,,0.4872,0.5128,0.2,weekly_update_20260921T073919Z_e8b4cc71,2026-08-18.phase1,0.1.0-phase1,0.1.0-phase1,2026-09-21T07:39:19+00:00
BUNDESLIGA2627_MW34_301_1.FCUnionBerlin_BorussiaMönchengladbach,2026-27,34,2027-05-22,2027-05-22T13:30:00+00:00,1. FC Union Berlin,Borussia Mönchengladbach,An der Alten Försterei,scheduled,early_week_mode,,,,1.558,1.453,,,1-1,,draw,,0.3869,0.2709,0.3422,1. FC Union Berlin,0.3937,0.2587,0.3476,,,,"[{""score"": ""1-1"", ""probability"": 0.119754}, {""score"": ""2-1"", ""probability"": 0.086843}, {""score"": ""1-2"", ""probability"": 0.080991}, {""score"": ""1-0"", ""probability"": 0.068445}, {""score"": ""0-1"", ""probability"": 0.063275}, {""score"": ""2-2"", ""probability"": 0.063093}, {""score"": ""2-0"", ""probability"": 0.059766}, {""score"": ""0-0"", ""probability"": 0.057518}, {""score"": ""0-2"", ""probability"": 0.051983}, {""score"": ""3-1"", ""probability"": 0.045101}]",,0.6131,0.3869,Yes,2.5,0.5793,0.4207,False,Over 2.5,0.0,0.523,0.477,False,1. FC Union Berlin (pick'em),False,False,False,False,False,False,,,,,,,,0.3869,0.6131,0.2,weekly_update_20260921T073919Z_e8b4cc71,2026-08-18.phase1,0.1.0-phase1,0.1.0-phase1,2026-09-21T07:39:19+00:00
BUNDESLIGA2627_MW34_302_1.FSVMainz05_VfBStuttgart,2026-27,34,2027-05-22,2027-05-22T13:30:00+00:00,1. FSV Mainz 05,VfB Stuttgart,MEWA ARENA,scheduled,early_week_mode,,,,1.549,1.625,,,1-1,,draw,,0.367,0.294,0.339,1. FSV Mainz 05,0.3585,0.2508,0.3907,,,,"[{""score"": ""1-1"", ""probability"": 0.113138}, {""score"": ""1-2"", ""probability"": 0.085547}, {""score"": ""2-1"", ""probability"": 0.081592}, {""score"": ""2-2"", ""probability"": 0.066273}, {""score"": ""0-1"", ""probability"": 0.060156}, {""score"": ""1-0"", ""probability"": 0.057013}, {""score"": ""0-2"", ""probability"": 0.055213}, {""score"": ""2-0"", ""probability"": 0.050225}, {""score"": ""0-0"", ""probability"": 0.049661}, {""score"": ""1-3"", ""probability"": 0.046324}]",,0.6403,0.3597,Yes,2.5,0.6146,0.3854,False,Over 2.5,0.0,0.4839,0.5161,False,VfB Stuttgart (pick'em),False,False,False,False,False,False,,,,,,,,0.367,0.633,0.2,weekly_update_20260921T073919Z_e8b4cc71,2026-08-18.phase1,0.1.0-phase1,0.1.0-phase1,2026-09-21T07:39:19+00:00
BUNDESLIGA2627_MW34_303_FCAugsburg_HamburgerSV,2026-27,34,2027-05-22,2027-05-22T13:30:00+00:00,FC Augsburg,Hamburger SV,WWK ARENA,scheduled,early_week_mode,,,,1.814,1.02,,,1-1,,draw,,0.5267,0.2592,0.2141,FC Augsburg,0.5517,0.2457,0.2027,,,,"[{""score"": ""1-1"", ""probability"": 0.116857}, {""score"": ""2-1"", ""probability"": 0.098649}, {""score"": ""1-0"", ""probability"": 0.098561}, {""score"": ""2-0"", ""probability"": 0.096703}, {""score"": ""0-0"", ""probability"": 0.06687}, {""score"": ""3-1"", ""probability"": 0.05964}, {""score"": ""3-0"", ""probability"": 0.058464}, {""score"": ""1-2"", ""probability"": 0.055485}, {""score"": ""0-1"", ""probability"": 0.051902}, {""score"": ""2-2"", ""probability"": 0.050317}]",,0.5432,0.4568,Yes,2.5,0.5385,0.4615,False,Over 2.5,-0.75,0.4935,0.5065,False,Hamburger SV +0.75,False,False,False,False,False,False,,,,,,,,0.5267,0.4733,0.2,weekly_update_20260921T073919Z_e8b4cc71,2026-08-18.phase1,0.1.0-phase1,0.1.0-phase1,2026-09-21T07:39:19+00:00
BUNDESLIGA2627_MW34_304_Sport-ClubFreiburg_BorussiaDortmund,2026-27,34,2027-05-22,2027-05-22T13:30:00+00:00,Sport-Club Freiburg,Borussia Dortmund,Europa-Park Stadion,scheduled,early_week_mode,,,,1.236,1.776,,,1-1,,draw,,0.2538,0.2639,0.4823,Borussia Dortmund,0.2581,0.2491,0.4928,,,,"[{""score"": ""1-1"", ""probability"": 0.115994}, {""score"": ""1-2"", ""probability"": 0.095911}, {""score"": ""0-1"", ""probability"": 0.079359}, {""score"": ""0-2"", ""probability"": 0.077611}, {""score"": ""2-1"", ""probability"": 0.06672}, {""score"": ""2-2"", ""probability"": 0.059264}, {""score"": ""0-0"", ""probability"": 0.0572}, {""score"": ""1-3"", ""probability"": 0.056795}, {""score"": ""1-0"", ""probability"": 0.052765}, {""score"": ""0-3"", ""probability"": 0.045958}]",,0.5973,0.4027,Yes,2.5,0.5795,0.4205,False,Over 2.5,0.5,0.5072,0.4928,False,Sport-Club Freiburg +0.5,False,False,False,False,False,False,,,,,,,,0.4823,0.5177,0.2,weekly_update_20260921T073919Z_e8b4cc71,2026-08-18.phase1,0.1.0-phase1,0.1.0-phase1,2026-09-21T07:39:19+00:00
BUNDESLIGA2627_MW34_305_RBLeipzig_TSGHoffenheim,2026-27,34,2027-05-22,2027-05-22T13:30:00+00:00,RB Leipzig,TSG Hoffenheim,Red Bull Arena,scheduled,early_week_mode,,,,2.364,1.348,,,2-1,,home_win,,0.5711,0.2359,0.193,RB Leipzig,0.5943,0.203,0.2028,,,,"[{""score"": ""2-1"", ""probability"": 0.092091}, {""score"": ""1-1"", ""probability"": 0.083696}, {""score"": ""3-1"", ""probability"": 0.072566}, {""score"": ""2-0"", ""probability"": 0.068324}, {""score"": ""2-2"", ""probability"": 0.062062}, {""score"": ""3-0"", ""probability"": 0.053839}, {""score"": ""1-2"", ""probability"": 0.052507}, {""score"": ""1-0"", ""probability"": 0.052021}, {""score"": ""3-2"", ""probability"": 0.048904}, {""score"": ""4-1"", ""probability"": 0.042886}]",,0.6763,0.3237,Yes,2.5,0.7163,0.2837,False,Over 2.5,-1.0,0.4901,0.5099,False,TSG Hoffenheim +1,False,False,False,False,False,False,,,,,,,,0.5711,0.4289,0.2,weekly_update_20260921T073919Z_e8b4cc71,2026-08-18.phase1,0.1.0-phase1,0.1.0-phase1,2026-09-21T07:39:19+00:00
BUNDESLIGA2627_MW34_306_FCBayernMünchen_EintrachtFrankfurt,2026-27,34,2027-05-22,2027-05-22T13:30:00+00:00,FC Bayern München,Eintracht Frankfurt,Allianz Arena,scheduled,early_week_mode,,,,4.011,1.081,,,4-1,,home_win,,0.7562,0.1663,0.0776,FC Bayern München,0.8618,0.0859,0.0523,,,,"[{""score"": ""4-1"", ""probability"": 0.073237}, {""score"": ""3-1"", ""probability"": 0.07303}, {""score"": ""4-0"", ""probability"": 0.067758}, {""score"": ""3-0"", ""probability"": 0.067566}, {""score"": ""5-1"", ""probability"": 0.058756}, {""score"": ""2-1"", ""probability"": 0.054618}, {""score"": ""5-0"", ""probability"": 0.05436}, {""score"": ""2-0"", ""probability"": 0.050531}, {""score"": ""4-2"", ""probability"": 0.03958}, {""score"": ""3-2"", ""probability"": 0.039468}]",,0.6505,0.3495,Yes,2.5,0.8803,0.1197,False,Over 2.5,-2.75,0.5044,0.4956,False,FC Bayern München -2.75,False,False,False,False,False,False,,,,,,,,0.7562,0.2438,0.2,weekly_update_20260921T073919Z_e8b4cc71,2026-08-18.phase1,0.1.0-phase1,0.1.0-phase1,2026-09-21T07:39:19+00:00
