match_id,season,matchweek,date,kickoff_utc,home_team,away_team,stadium,status,prediction_mode,actual_home_goals,actual_away_goals,actual_result,home_expected_goals_model_only,away_expected_goals_model_only,home_expected_goals_market_integrated,away_expected_goals_market_integrated,predicted_score_model_only,predicted_score_market_integrated,predicted_result_model_only,predicted_result_market_integrated,home_win_prob_model_only,draw_prob_model_only,away_win_prob_model_only,moneyline_pick,dc_raw_home_win_prob,dc_raw_draw_prob,dc_raw_away_win_prob,home_win_prob_market_integrated,draw_prob_market_integrated,away_win_prob_market_integrated,top_10_scorelines_model_only_json,top_10_scorelines_market_integrated_json,btts_yes_prob_model_only,btts_no_prob_model_only,btts_pick,total_goals_line_model_only,over_prob_model_only,under_prob_model_only,totals_blend_applied,totals_pick,handicap_line_model_only,home_cover_prob_model_only,away_cover_prob_model_only,handicap_blend_applied,spread_pick,market_available,closing_market_available,market_blend_applied,squad_data_available,injury_data_available,lineup_data_available,home_key_absences_count,away_key_absences_count,home_expected_lineup_strength,away_expected_lineup_strength,rest_day_diff,congestion_diff,model_market_disagreement,confidence,upset_risk,data_quality_score,run_id,data_version,feature_version,model_version,generated_at
LALIGA2627_MW06_057_LevanteUD_AthleticClub,2026-27,6,2026-10-21,2026-10-21T18:00:00+00:00,Levante UD,Athletic Club,Estadio Ciutat de València,scheduled,early_week_mode,,,,1.358,1.267,,,1-1,,draw,,0.3306,0.3106,0.3587,Athletic Club,0.3884,0.2655,0.3461,,,,"[{""score"": ""1-1"", ""probability"": 0.126349}, {""score"": ""1-0"", ""probability"": 0.096627}, {""score"": ""0-1"", ""probability"": 0.090067}, {""score"": ""2-1"", ""probability"": 0.084623}, {""score"": ""1-2"", ""probability"": 0.078978}, {""score"": ""0-0"", ""probability"": 0.074135}, {""score"": ""2-0"", ""probability"": 0.066771}, {""score"": ""0-2"", ""probability"": 0.05816}, {""score"": ""2-2"", ""probability"": 0.053624}, {""score"": ""3-1"", ""probability"": 0.038304}]",,0.5354,0.4646,Yes,2.5,0.4879,0.5121,False,Under 2.5,0.0,0.5211,0.4789,False,Levante UD (pick'em),False,False,False,False,False,False,,,,,,,,0.3587,0.6413,0.2,weekly_update_20260922T102609Z_b8bb7f8f,2026-08-18.phase1,0.1.0-phase1,0.1.0-phase1,2026-09-22T10:26:09+00:00
LALIGA2627_MW08_076_MálagaCF_RCDEspanyoldeBarcelona,2026-27,8,2026-10-09,2026-10-09T19:00:00+00:00,Málaga CF,RCD Espanyol de Barcelona,La Rosaleda,scheduled,early_week_mode,,,,0.542,1.234,,,0-1,,away_win,,0.382,0.335,0.283,Málaga CF,0.1614,0.3061,0.5326,,,,"[{""score"": ""0-1"", ""probability"": 0.207454}, {""score"": ""0-0"", ""probability"": 0.170918}, {""score"": ""0-2"", ""probability"": 0.128972}, {""score"": ""1-1"", ""probability"": 0.11476}, {""score"": ""1-0"", ""probability"": 0.09017}, {""score"": ""1-2"", ""probability"": 0.069853}, {""score"": ""0-3"", ""probability"": 0.053056}, {""score"": ""2-1"", ""probability"": 0.030656}, {""score"": ""1-3"", ""probability"": 0.028736}, {""score"": ""2-0"", ""probability"": 0.02484}]",,0.298,0.702,No,2.5,0.2629,0.7371,False,Under 2.5,0.5,0.4674,0.5326,False,RCD Espanyol de Barcelona -0.5,False,False,False,False,False,False,,,,,,,,0.382,0.618,0.2,weekly_update_20260922T102609Z_b8bb7f8f,2026-08-18.phase1,0.1.0-phase1,0.1.0-phase1,2026-09-22T10:26:09+00:00
LALIGA2627_MW08_078_RayoVallecano_AthleticClub,2026-27,8,2026-10-10,2026-10-10T12:00:00+00:00,Rayo Vallecano,Athletic Club,Estadio de Vallecas,scheduled,early_week_mode,,,,1.168,1.02,,,1-1,,draw,,0.3465,0.3009,0.3526,Athletic Club,0.3899,0.2948,0.3153,,,,"[{""score"": ""1-1"", ""probability"": 0.135432}, {""score"": ""1-0"", ""probability"": 0.129102}, {""score"": ""0-0"", ""probability"": 0.113913}, {""score"": ""0-1"", ""probability"": 0.112508}, {""score"": ""2-1"", ""probability"": 0.078041}, {""score"": ""2-0"", ""probability"": 0.07649}, {""score"": ""1-2"", ""probability"": 0.068151}, {""score"": ""0-2"", ""probability"": 0.058332}, {""score"": ""2-2"", ""probability"": 0.039811}, {""score"": ""3-1"", ""probability"": 0.030392}]",,0.4425,0.5575,No,2.5,0.4384,0.5616,True,Under 2.5,0.25,0.5652,0.4348,True,Rayo Vallecano +0.25,False,False,True,False,False,False,,,,,,,,0.3526,0.6474,0.2,weekly_update_20260922T102609Z_b8bb7f8f,2026-08-18.phase1,0.1.0-phase1,0.1.0-phase1,2026-09-22T10:26:09+00:00
LALIGA2627_MW08_071_DeportivoAlavés_AtléticodeMadrid,2026-27,8,2026-10-10,2026-10-10T14:15:00+00:00,Deportivo Alavés,Atlético de Madrid,Mendizorroza,scheduled,early_week_mode,,,,1.099,1.482,,,1-1,,draw,,0.2138,0.2904,0.4958,Atlético de Madrid,0.2792,0.2627,0.4582,,,,"[{""score"": ""1-1"", ""probability"": 0.124997}, {""score"": ""0-1"", ""probability"": 0.110522}, {""score"": ""1-2"", ""probability"": 0.091361}, {""score"": ""0-2"", ""probability"": 0.08315}, {""score"": ""1-0"", ""probability"": 0.081506}, {""score"": ""0-0"", ""probability"": 0.077421}, {""score"": ""2-1"", ""probability"": 0.067738}, {""score"": ""2-2"", ""probability"": 0.050191}, {""score"": ""2-0"", ""probability"": 0.045709}, {""score"": ""1-3"", ""probability"": 0.04513}]",,0.5169,0.4831,Yes,2.5,0.4767,0.5233,False,Under 2.5,0.25,0.4762,0.5238,False,Atlético de Madrid -0.25,False,False,False,False,False,False,,,,,,,,0.4958,0.5042,0.2,weekly_update_20260922T102609Z_b8bb7f8f,2026-08-18.phase1,0.1.0-phase1,0.1.0-phase1,2026-09-22T10:26:09+00:00
LALIGA2627_MW08_074_FCBarcelona_GetafeCF,2026-27,8,2026-10-10,2026-10-10T16:30:00+00:00,FC Barcelona,Getafe CF,Spotify Camp Nou,scheduled,early_week_mode,,,,2.325,0.51,,,2-0,,home_win,,0.8466,0.1006,0.0527,FC Barcelona,0.7822,0.154,0.0638,,,,"[{""score"": ""2-0"", ""probability"": 0.158751}, {""score"": ""1-0"", ""probability"": 0.135604}, {""score"": ""3-0"", ""probability"": 0.12303}, {""score"": ""2-1"", ""probability"": 0.081028}, {""score"": ""4-0"", ""probability"": 0.07151}, {""score"": ""1-1"", ""probability"": 0.070661}, {""score"": ""3-1"", ""probability"": 0.062795}, {""score"": ""0-0"", ""probability"": 0.059697}, {""score"": ""4-1"", ""probability"": 0.036499}, {""score"": ""5-0"", ""probability"": 0.033252}]",,0.3616,0.6384,No,4.5,0.2698,0.7302,True,Under 4.5,-3.0,0.3664,0.6336,True,Getafe CF +3,False,False,True,False,False,False,,,,,,,,0.8466,0.1534,0.2,weekly_update_20260922T102609Z_b8bb7f8f,2026-08-18.phase1,0.1.0-phase1,0.1.0-phase1,2026-09-22T10:26:09+00:00
LALIGA2627_MW08_079_RealMadrid_VillarrealCF,2026-27,8,2026-10-10,2026-10-10T19:00:00+00:00,Real Madrid,Villarreal CF,Bernabéu,scheduled,early_week_mode,,,,2.474,1.152,,,2-1,,home_win,,0.69,0.1779,0.1321,Real Madrid,0.6614,0.1794,0.1592,,,,"[{""score"": ""2-1"", ""probability"": 0.093965}, {""score"": ""2-0"", ""probability"": 0.081568}, {""score"": ""3-1"", ""probability"": 0.077477}, {""score"": ""1-1"", ""probability"": 0.07702}, {""score"": ""3-0"", ""probability"": 0.067255}, {""score"": ""1-0"", ""probability"": 0.064906}, {""score"": ""2-2"", ""probability"": 0.054123}, {""score"": ""4-1"", ""probability"": 0.047912}, {""score"": ""3-2"", ""probability"": 0.044626}, {""score"": ""1-2"", ""probability"": 0.043761}]",,0.6273,0.3727,Yes,3.5,0.5268,0.4732,True,Over 3.5,-1.75,0.4482,0.5518,True,Villarreal CF +1.75,False,False,True,False,False,False,,,,,,,,0.69,0.31,0.2,weekly_update_20260922T102609Z_b8bb7f8f,2026-08-18.phase1,0.1.0-phase1,0.1.0-phase1,2026-09-22T10:26:09+00:00
LALIGA2627_MW08_073_ElcheCF_CeltaVigo,2026-27,8,2026-10-11,2026-10-11T12:00:00+00:00,Elche CF,Celta Vigo,Estadio Martínez Valero,scheduled,early_week_mode,,,,1.487,1.397,,,1-1,,draw,,0.3233,0.2985,0.3782,Celta Vigo,0.3943,0.2515,0.3542,,,,"[{""score"": ""1-1"", ""probability"": 0.117763}, {""score"": ""2-1"", ""probability"": 0.086342}, {""score"": ""1-0"", ""probability"": 0.08155}, {""score"": ""1-2"", ""probability"": 0.081146}, {""score"": ""0-1"", ""probability"": 0.076546}, {""score"": ""2-0"", ""probability"": 0.061802}, {""score"": ""2-2"", ""probability"": 0.060314}, {""score"": ""0-0"", ""probability"": 0.057532}, {""score"": ""0-2"", ""probability"": 0.054587}, {""score"": ""3-1"", ""probability"": 0.042784}]",,0.5841,0.4159,Yes,2.5,0.5083,0.4917,True,Over 2.5,0.0,0.4912,0.5088,True,Celta Vigo (pick'em),False,False,True,False,False,False,,,,,,,,0.3782,0.6218,0.2,weekly_update_20260922T102609Z_b8bb7f8f,2026-08-18.phase1,0.1.0-phase1,0.1.0-phase1,2026-09-22T10:26:09+00:00
LALIGA2627_MW08_080_RealSociedad_RCDeportivo,2026-27,8,2026-10-11,2026-10-11T14:15:00+00:00,Real Sociedad,RC Deportivo,Anoeta,scheduled,early_week_mode,,,,1.79,1.141,,,1-1,,draw,,0.59,0.2385,0.1716,Real Sociedad,0.5242,0.2353,0.2405,,,,"[{""score"": ""1-1"", ""probability"": 0.110441}, {""score"": ""2-1"", ""probability"": 0.097521}, {""score"": ""1-0"", ""probability"": 0.093963}, {""score"": ""2-0"", ""probability"": 0.085454}, {""score"": ""1-2"", ""probability"": 0.062163}, {""score"": ""0-1"", ""probability"": 0.059352}, {""score"": ""3-1"", ""probability"": 0.058198}, {""score"": ""2-2"", ""probability"": 0.055646}, {""score"": ""0-0"", ""probability"": 0.05482}, {""score"": ""3-0"", ""probability"": 0.050997}]",,0.5685,0.4315,Yes,2.5,0.5612,0.4388,False,Over 2.5,-0.5,0.5242,0.4758,False,Real Sociedad -0.5,False,False,False,False,False,False,,,,,,,,0.59,0.41,0.2,weekly_update_20260922T102609Z_b8bb7f8f,2026-08-18.phase1,0.1.0-phase1,0.1.0-phase1,2026-09-22T10:26:09+00:00
LALIGA2627_MW08_072_RealBetis_CAOsasuna,2026-27,8,2026-10-11,2026-10-11T16:30:00+00:00,Real Betis,CA Osasuna,Estadio La Cartuja,scheduled,early_week_mode,,,,1.836,0.88,,,1-0,,home_win,,0.5785,0.2422,0.1793,Real Betis,0.5977,0.2278,0.1746,,,,"[{""score"": ""1-0"", ""probability"": 0.120022}, {""score"": ""2-0"", ""probability"": 0.111503}, {""score"": ""1-1"", ""probability"": 0.108363}, {""score"": ""2-1"", ""probability"": 0.098103}, {""score"": ""3-0"", ""probability"": 0.068223}, {""score"": ""0-0"", ""probability"": 0.067659}, {""score"": ""3-1"", ""probability"": 0.060024}, {""score"": ""0-1"", ""probability"": 0.056763}, {""score"": ""1-2"", ""probability"": 0.047023}, {""score"": ""2-2"", ""probability"": 0.043157}]",,0.4933,0.5067,No,2.5,0.5297,0.4703,True,Over 2.5,-0.75,0.5233,0.4767,True,Real Betis -0.75,False,False,True,False,False,False,,,,,,,,0.5785,0.4215,0.2,weekly_update_20260922T102609Z_b8bb7f8f,2026-08-18.phase1,0.1.0-phase1,0.1.0-phase1,2026-09-22T10:26:09+00:00
LALIGA2627_MW08_077_R.RacingClub_ValenciaCF,2026-27,8,2026-10-11,2026-10-11T19:00:00+00:00,R. Racing Club,Valencia CF,El Sardinero,scheduled,early_week_mode,,,,1.778,2.137,,,1-2,,away_win,,0.3724,0.2654,0.3622,R. Racing Club,0.3262,0.2087,0.4651,,,,"[{""score"": ""1-2"", ""probability"": 0.080994}, {""score"": ""1-1"", ""probability"": 0.076854}, {""score"": ""2-2"", ""probability"": 0.072006}, {""score"": ""2-1"", ""probability"": 0.067398}, {""score"": ""1-3"", ""probability"": 0.057687}, {""score"": ""2-3"", ""probability"": 0.051286}, {""score"": ""0-2"", ""probability"": 0.045552}, {""score"": ""3-2"", ""probability"": 0.042677}, {""score"": ""0-1"", ""probability"": 0.041594}, {""score"": ""3-1"", ""probability"": 0.039946}]",,0.7339,0.2661,Yes,2.5,0.749,0.251,False,Over 2.5,0.25,0.4827,0.5173,False,Valencia CF -0.25,False,False,False,False,False,False,,,,,,,,0.3724,0.6276,0.2,weekly_update_20260922T102609Z_b8bb7f8f,2026-08-18.phase1,0.1.0-phase1,0.1.0-phase1,2026-09-22T10:26:09+00:00
LALIGA2627_MW08_075_LevanteUD_SevillaFC,2026-27,8,2026-10-12,2026-10-12T19:00:00+00:00,Levante UD,Sevilla FC,Estadio Ciutat de València,scheduled,early_week_mode,,,,1.61,1.266,,,1-1,,draw,,0.3584,0.2925,0.3491,Levante UD,0.4529,0.248,0.2991,,,,"[{""score"": ""1-1"", ""probability"": 0.116453}, {""score"": ""2-1"", ""probability"": 0.0925}, {""score"": ""1-0"", ""probability"": 0.089188}, {""score"": ""2-0"", ""probability"": 0.073091}, {""score"": ""1-2"", ""probability"": 0.072688}, {""score"": ""0-1"", ""probability"": 0.069747}, {""score"": ""2-2"", ""probability"": 0.058531}, {""score"": ""0-0"", ""probability"": 0.057942}, {""score"": ""3-1"", ""probability"": 0.049656}, {""score"": ""0-2"", ""probability"": 0.045134}]",,0.5761,0.4239,Yes,2.5,0.5026,0.4974,True,Over 2.5,0.0,0.5406,0.4594,True,Levante UD (pick'em),False,False,True,False,False,False,,,,,,,,0.3584,0.6416,0.2,weekly_update_20260922T102609Z_b8bb7f8f,2026-08-18.phase1,0.1.0-phase1,0.1.0-phase1,2026-09-22T10:26:09+00:00
LALIGA2627_MW09_081_RealBetis_FCBarcelona,2026-27,9,2026-10-17,2026-10-17T16:30:00+00:00,Real Betis,FC Barcelona,Estadio La Cartuja,scheduled,early_week_mode,,,,1.281,2.033,,,1-2,,away_win,,0.1731,0.213,0.6138,FC Barcelona,0.237,0.2165,0.5466,,,,"[{""score"": ""1-2"", ""probability"": 0.0963}, {""score"": ""1-1"", ""probability"": 0.09602}, {""score"": ""0-2"", ""probability"": 0.075155}, {""score"": ""0-1"", ""probability"": 0.072616}, {""score"": ""1-3"", ""probability"": 0.065273}, {""score"": ""2-2"", ""probability"": 0.061697}, {""score"": ""2-1"", ""probability"": 0.060682}, {""score"": ""0-3"", ""probability"": 0.050941}, {""score"": ""1-0"", ""probability"": 0.045276}, {""score"": ""2-3"", ""probability"": 0.041819}]",,0.6291,0.3709,Yes,2.5,0.6897,0.3103,True,Over 2.5,1.25,0.5651,0.4349,True,Real Betis +1.25,False,False,True,False,False,False,,,,,,,,0.6138,0.3862,0.2,weekly_update_20260922T102609Z_b8bb7f8f,2026-08-18.phase1,0.1.0-phase1,0.1.0-phase1,2026-09-22T10:26:09+00:00
LALIGA2627_MW09_082_CeltaVigo_DeportivoAlavés,2026-27,9,2026-10-18,2026-10-18T14:15:00+00:00,Celta Vigo,Deportivo Alavés,Estadio ABANCA Balaídos,scheduled,early_week_mode,,,,1.505,0.961,,,1-0,,home_win,,0.5031,0.2823,0.2146,Celta Vigo,0.4971,0.2633,0.2395,,,,"[{""score"": ""1-0"", ""probability"": 0.126096}, {""score"": ""1-1"", ""probability"": 0.1245}, {""score"": ""2-0"", ""probability"": 0.096189}, {""score"": ""2-1"", ""probability"": 0.092444}, {""score"": ""0-0"", ""probability"": 0.086571}, {""score"": ""0-1"", ""probability"": 0.079887}, {""score"": ""1-2"", ""probability"": 0.059015}, {""score"": ""3-0"", ""probability"": 0.048269}, {""score"": ""3-1"", ""probability"": 0.04639}, {""score"": ""2-2"", ""probability"": 0.044422}]",,0.4822,0.5178,No,2.5,0.4476,0.5524,False,Under 2.5,-0.5,0.4971,0.5029,False,Deportivo Alavés +0.5,False,False,False,False,False,False,,,,,,,,0.5031,0.4969,0.2,weekly_update_20260922T102609Z_b8bb7f8f,2026-08-18.phase1,0.1.0-phase1,0.1.0-phase1,2026-09-22T10:26:09+00:00
LALIGA2627_MW09_083_RCDeportivo_LevanteUD,2026-27,9,2026-10-16,2026-10-16T19:00:00+00:00,RC Deportivo,Levante UD,Estadio ABANCA-RIAZOR,scheduled,early_week_mode,,,,1.669,1.255,,,1-1,,draw,,0.4797,0.2777,0.2426,RC Deportivo,0.4695,0.2439,0.2866,,,,"[{""score"": ""1-1"", ""probability"": 0.11406}, {""score"": ""2-1"", ""probability"": 0.093901}, {""score"": ""1-0"", ""probability"": 0.088084}, {""score"": ""2-0"", ""probability"": 0.074806}, {""score"": ""1-2"", ""probability"": 0.070616}, {""score"": ""0-1"", ""probability"": 0.065857}, {""score"": ""2-2"", ""probability"": 0.058936}, {""score"": ""0-0"", ""probability"": 0.055246}, {""score"": ""3-1"", ""probability"": 0.052246}, {""score"": ""0-2"", ""probability"": 0.042306}]",,0.5818,0.4182,Yes,2.5,0.5596,0.4404,False,Over 2.5,-0.25,0.5304,0.4696,False,RC Deportivo -0.25,False,False,False,False,False,False,,,,,,,,0.4797,0.5203,0.2,weekly_update_20260922T102609Z_b8bb7f8f,2026-08-18.phase1,0.1.0-phase1,0.1.0-phase1,2026-09-22T10:26:09+00:00
LALIGA2627_MW09_084_RCDEspanyoldeBarcelona_AtléticodeMadrid,2026-27,9,2026-10-17,2026-10-17T12:00:00+00:00,RCD Espanyol de Barcelona,Atlético de Madrid,RCDE Stadium,scheduled,early_week_mode,,,,1.084,1.6,,,1-1,,draw,,0.2041,0.2793,0.5166,Atlético de Madrid,0.256,0.2524,0.4915,,,,"[{""score"": ""1-1"", ""probability"": 0.120097}, {""score"": ""0-1"", ""probability"": 0.107646}, {""score"": ""1-2"", ""probability"": 0.094745}, {""score"": ""0-2"", ""probability"": 0.087394}, {""score"": ""1-0"", ""probability"": 0.072434}, {""score"": ""0-0"", ""probability"": 0.069948}, {""score"": ""2-1"", ""probability"": 0.064216}, {""score"": ""2-2"", ""probability"": 0.051357}, {""score"": ""1-3"", ""probability"": 0.050516}, {""score"": ""0-3"", ""probability"": 0.046596}]",,0.5297,0.4703,Yes,2.5,0.5023,0.4977,False,Over 2.5,0.5,0.5085,0.4915,False,RCD Espanyol de Barcelona +0.5,False,False,False,False,False,False,,,,,,,,0.5166,0.4834,0.2,weekly_update_20260922T102609Z_b8bb7f8f,2026-08-18.phase1,0.1.0-phase1,0.1.0-phase1,2026-09-22T10:26:09+00:00
LALIGA2627_MW09_085_GetafeCF_RayoVallecano,2026-27,9,2026-10-19,2026-10-19T19:00:00+00:00,Getafe CF,Rayo Vallecano,Coliseum,scheduled,early_week_mode,,,,0.889,0.742,,,0-0,,draw,,0.3933,0.3235,0.2833,Getafe CF,0.3659,0.3514,0.2827,,,,"[{""score"": ""0-0"", ""probability"": 0.197572}, {""score"": ""1-0"", ""probability"": 0.172227}, {""score"": ""0-1"", ""probability"": 0.143501}, {""score"": ""1-1"", ""probability"": 0.130884}, {""score"": ""2-0"", ""probability"": 0.077318}, {""score"": ""2-1"", ""probability"": 0.057369}, {""score"": ""0-2"", ""probability"": 0.053897}, {""score"": ""1-2"", ""probability"": 0.047898}, {""score"": ""3-0"", ""probability"": 0.022904}, {""score"": ""2-2"", ""probability"": 0.021283}]",,0.3102,0.6898,No,2.5,0.2961,0.7039,True,Under 2.5,-0.25,0.4581,0.5419,True,Rayo Vallecano +0.25,False,False,True,False,False,False,,,,,,,,0.3933,0.6067,0.2,weekly_update_20260922T102609Z_b8bb7f8f,2026-08-18.phase1,0.1.0-phase1,0.1.0-phase1,2026-09-22T10:26:09+00:00
LALIGA2627_MW09_086_MálagaCF_RealSociedad,2026-27,9,2026-10-18,2026-10-18T16:30:00+00:00,Málaga CF,Real Sociedad,La Rosaleda,scheduled,early_week_mode,,,,0.569,1.492,,,0-1,,away_win,,0.3237,0.327,0.3493,Real Sociedad,0.1391,0.2636,0.5973,,,,"[{""score"": ""0-1"", ""probability"": 0.188496}, {""score"": ""0-2"", ""probability"": 0.141713}, {""score"": ""0-0"", ""probability"": 0.128835}, {""score"": ""1-1"", ""probability"": 0.10959}, {""score"": ""1-2"", ""probability"": 0.080637}, {""score"": ""1-0"", ""probability"": 0.070975}, {""score"": ""0-3"", ""probability"": 0.070472}, {""score"": ""1-3"", ""probability"": 0.040099}, {""score"": ""2-1"", ""probability"": 0.030756}, {""score"": ""0-4"", ""probability"": 0.026283}]",,0.3378,0.6622,No,2.5,0.3398,0.6602,False,Under 2.5,0.75,0.4731,0.5269,False,Real Sociedad -0.75,False,False,False,False,False,False,,,,,,,,0.3493,0.6507,0.2,weekly_update_20260922T102609Z_b8bb7f8f,2026-08-18.phase1,0.1.0-phase1,0.1.0-phase1,2026-09-22T10:26:09+00:00
LALIGA2627_MW09_087_CAOsasuna_R.RacingClub,2026-27,9,2026-10-18,2026-10-18T12:00:00+00:00,CA Osasuna,R. Racing Club,Estadio El Sadar,scheduled,early_week_mode,,,,2.932,1.346,,,2-1,,home_win,,0.5906,0.2042,0.2052,CA Osasuna,0.6968,0.1551,0.1481,,,,"[{""score"": ""2-1"", ""probability"": 0.080505}, {""score"": ""3-1"", ""probability"": 0.078693}, {""score"": ""2-0"", ""probability"": 0.059821}, {""score"": ""3-0"", ""probability"": 0.058475}, {""score"": ""4-1"", ""probability"": 0.057692}, {""score"": ""1-1"", ""probability"": 0.055661}, {""score"": ""2-2"", ""probability"": 0.054171}, {""score"": ""3-2"", ""probability"": 0.052952}, {""score"": ""4-0"", ""probability"": 0.042869}, {""score"": ""1-0"", ""probability"": 0.040043}]",,0.7009,0.2991,Yes,2.5,0.7992,0.2008,False,Over 2.5,-1.5,0.5019,0.4981,False,CA Osasuna -1.5,False,False,False,False,False,False,,,,,,,,0.5906,0.4094,0.2,weekly_update_20260922T102609Z_b8bb7f8f,2026-08-18.phase1,0.1.0-phase1,0.1.0-phase1,2026-09-22T10:26:09+00:00
LALIGA2627_MW09_088_RealMadrid_SevillaFC,2026-27,9,2026-10-18,2026-10-18T19:00:00+00:00,Real Madrid,Sevilla FC,Bernabéu,scheduled,early_week_mode,,,,2.561,0.77,,,2-0,,home_win,,0.7487,0.1541,0.0972,Real Madrid,0.7589,0.1519,0.0892,,,,"[{""score"": ""2-0"", ""probability"": 0.117372}, {""score"": ""3-0"", ""probability"": 0.100186}, {""score"": ""1-0"", ""probability"": 0.090699}, {""score"": ""2-1"", ""probability"": 0.09043}, {""score"": ""3-1"", ""probability"": 0.077189}, {""score"": ""1-1"", ""probability"": 0.071601}, {""score"": ""4-0"", ""probability"": 0.064137}, {""score"": ""4-1"", ""probability"": 0.049415}, {""score"": ""0-0"", ""probability"": 0.036771}, {""score"": ""2-2"", ""probability"": 0.034836}]",,0.4966,0.5034,No,3.5,0.4622,0.5378,True,Under 3.5,-2.0,0.4509,0.5491,True,Sevilla FC +2,False,False,True,False,False,False,,,,,,,,0.7487,0.2513,0.2,weekly_update_20260922T102609Z_b8bb7f8f,2026-08-18.phase1,0.1.0-phase1,0.1.0-phase1,2026-09-22T10:26:09+00:00
LALIGA2627_MW09_089_ValenciaCF_AthleticClub,2026-27,9,2026-10-17,2026-10-17T19:00:00+00:00,Valencia CF,Athletic Club,Camp de Mestalla,scheduled,early_week_mode,,,,1.154,1.109,,,1-1,,draw,,0.3325,0.301,0.3664,Athletic Club,0.3662,0.29,0.3438,,,,"[{""score"": ""1-1"", ""probability"": 0.134976}, {""score"": ""1-0"", ""probability"": 0.11822}, {""score"": ""0-1"", ""probability"": 0.113528}, {""score"": ""0-0"", ""probability"": 0.105849}, {""score"": ""2-1"", ""probability"": 0.076834}, {""score"": ""1-2"", ""probability"": 0.073832}, {""score"": ""2-0"", ""probability"": 0.069279}, {""score"": ""0-2"", ""probability"": 0.06397}, {""score"": ""2-2"", ""probability"": 0.042607}, {""score"": ""3-1"", ""probability"": 0.02956}]",,0.4607,0.5393,No,2.5,0.4328,0.5672,True,Under 2.5,0.25,0.526,0.474,True,Valencia CF +0.25,False,False,True,False,False,False,,,,,,,,0.3664,0.6336,0.2,weekly_update_20260922T102609Z_b8bb7f8f,2026-08-18.phase1,0.1.0-phase1,0.1.0-phase1,2026-09-22T10:26:09+00:00
LALIGA2627_MW09_090_VillarrealCF_ElcheCF,2026-27,9,2026-10-17,2026-10-17T14:15:00+00:00,Villarreal CF,Elche CF,Estadio de la Cerámica,scheduled,early_week_mode,,,,2.578,1.182,,,2-1,,home_win,,0.663,0.1956,0.1413,Villarreal CF,0.6732,0.1727,0.1541,,,,"[{""score"": ""2-1"", ""probability"": 0.091584}, {""score"": ""3-1"", ""probability"": 0.078709}, {""score"": ""2-0"", ""probability"": 0.077509}, {""score"": ""1-1"", ""probability"": 0.072022}, {""score"": ""3-0"", ""probability"": 0.066613}, {""score"": ""1-0"", ""probability"": 0.059148}, {""score"": ""2-2"", ""probability"": 0.054108}, {""score"": ""4-1"", ""probability"": 0.050733}, {""score"": ""3-2"", ""probability"": 0.046501}, {""score"": ""4-0"", ""probability"": 0.042936}]",,0.6415,0.3585,Yes,2.5,0.6859,0.3141,True,Over 2.5,-1.25,0.4967,0.5033,True,Elche CF +1.25,False,False,True,False,False,False,,,,,,,,0.663,0.337,0.2,weekly_update_20260922T102609Z_b8bb7f8f,2026-08-18.phase1,0.1.0-phase1,0.1.0-phase1,2026-09-22T10:26:09+00:00
LALIGA2627_MW10_091_DeportivoAlavés_MálagaCF,2026-27,10,2026-10-25,2026-10-25T00:00:00+00:00,Deportivo Alavés,Málaga CF,Mendizorroza,scheduled,early_week_mode,,,,1.683,0.373,,,1-0,,home_win,,0.5844,0.2577,0.1579,Deportivo Alavés,0.7003,0.2241,0.0756,,,,"[{""score"": ""1-0"", ""probability"": 0.214299}, {""score"": ""2-0"", ""probability"": 0.181238}, {""score"": ""0-0"", ""probability"": 0.129111}, {""score"": ""3-0"", ""probability"": 0.10166}, {""score"": ""1-1"", ""probability"": 0.081446}, {""score"": ""2-1"", ""probability"": 0.067598}, {""score"": ""0-1"", ""probability"": 0.046638}, {""score"": ""4-0"", ""probability"": 0.042768}, {""score"": ""3-1"", ""probability"": 0.037917}, {""score"": ""4-1"", ""probability"": 0.015951}]",,0.2546,0.7454,No,2.5,0.3384,0.6616,False,Under 2.5,-1.25,0.4833,0.5167,False,Málaga CF +1.25,False,False,False,False,False,False,,,,,,,,0.5844,0.4156,0.2,weekly_update_20260922T102609Z_b8bb7f8f,2026-08-18.phase1,0.1.0-phase1,0.1.0-phase1,2026-09-22T10:26:09+00:00
LALIGA2627_MW10_092_AthleticClub_GetafeCF,2026-27,10,2026-10-25,2026-10-25T00:00:00+00:00,Athletic Club,Getafe CF,Estadio San Mamés,scheduled,early_week_mode,,,,1.081,0.609,,,1-0,,home_win,,0.4572,0.3221,0.2207,Athletic Club,0.4654,0.3308,0.2038,,,,"[{""score"": ""1-0"", ""probability"": 0.197763}, {""score"": ""0-0"", ""probability"": 0.186078}, {""score"": ""1-1"", ""probability"": 0.123151}, {""score"": ""0-1"", ""probability"": 0.110654}, {""score"": ""2-0"", ""probability"": 0.107844}, {""score"": ""2-1"", ""probability"": 0.06569}, {""score"": ""3-0"", ""probability"": 0.038877}, {""score"": ""1-2"", ""probability"": 0.036998}, {""score"": ""0-2"", ""probability"": 0.03421}, {""score"": ""3-1"", ""probability"": 0.023681}]",,0.3032,0.6968,No,2.5,0.2403,0.7597,False,Under 2.5,-0.5,0.4654,0.5346,False,Getafe CF +0.5,False,False,False,False,False,False,,,,,,,,0.4572,0.5428,0.2,weekly_update_20260922T102609Z_b8bb7f8f,2026-08-18.phase1,0.1.0-phase1,0.1.0-phase1,2026-09-22T10:26:09+00:00
LALIGA2627_MW10_093_AtléticodeMadrid_RCDeportivo,2026-27,10,2026-10-25,2026-10-25T00:00:00+00:00,Atlético de Madrid,RC Deportivo,Riyadh Air Metropolitano,scheduled,early_week_mode,,,,2.269,0.838,,,2-0,,home_win,,0.7482,0.1571,0.0947,Atlético de Madrid,0.6955,0.1823,0.1222,,,,"[{""score"": ""2-0"", ""probability"": 0.115169}, {""score"": ""1-0"", ""probability"": 0.100336}, {""score"": ""2-1"", ""probability"": 0.096563}, {""score"": ""3-0"", ""probability"": 0.087113}, {""score"": ""1-1"", ""probability"": 0.08628}, {""score"": ""3-1"", ""probability"": 0.07304}, {""score"": ""4-0"", ""probability"": 0.049418}, {""score"": ""0-0"", ""probability"": 0.045904}, {""score"": ""4-1"", ""probability"": 0.041435}, {""score"": ""2-2"", ""probability"": 0.040482}]",,0.5101,0.4899,Yes,2.5,0.6003,0.3997,False,Over 2.5,-1.25,0.5208,0.4792,False,Atlético de Madrid -1.25,False,False,False,False,False,False,,,,,,,,0.7482,0.2518,0.2,weekly_update_20260922T102609Z_b8bb7f8f,2026-08-18.phase1,0.1.0-phase1,0.1.0-phase1,2026-09-22T10:26:09+00:00
LALIGA2627_MW10_094_CeltaVigo_RealBetis,2026-27,10,2026-10-25,2026-10-25T00:00:00+00:00,Celta Vigo,Real Betis,Estadio ABANCA Balaídos,scheduled,early_week_mode,,,,1.385,1.218,,,1-1,,draw,,0.3795,0.3026,0.318,Celta Vigo,0.4061,0.2661,0.3278,,,,"[{""score"": ""1-1"", ""probability"": 0.126642}, {""score"": ""1-0"", ""probability"": 0.100876}, {""score"": ""0-1"", ""probability"": 0.088468}, {""score"": ""2-1"", ""probability"": 0.08652}, {""score"": ""1-2"", ""probability"": 0.076056}, {""score"": ""0-0"", ""probability"": 0.075785}, {""score"": ""2-0"", ""probability"": 0.071056}, {""score"": ""0-2"", ""probability"": 0.054907}, {""score"": ""2-2"", ""probability"": 0.052675}, {""score"": ""3-1"", ""probability"": 0.039948}]",,0.5296,0.4704,Yes,2.5,0.4823,0.5177,False,Under 2.5,-0.25,0.4727,0.5273,False,Real Betis +0.25,False,False,False,False,False,False,,,,,,,,0.3795,0.6205,0.2,weekly_update_20260922T102609Z_b8bb7f8f,2026-08-18.phase1,0.1.0-phase1,0.1.0-phase1,2026-09-22T10:26:09+00:00
LALIGA2627_MW10_096_R.RacingClub_RCDEspanyoldeBarcelona,2026-27,10,2026-10-25,2026-10-25T00:00:00+00:00,R. Racing Club,RCD Espanyol de Barcelona,El Sardinero,scheduled,early_week_mode,,,,1.779,2.205,,,1-2,,away_win,,0.4232,0.2704,0.3063,R. Racing Club,0.3156,0.2056,0.4789,,,,"[{""score"": ""1-2"", ""probability"": 0.080539}, {""score"": ""1-1"", ""probability"": 0.074066}, {""score"": ""2-2"", ""probability"": 0.071637}, {""score"": ""2-1"", ""probability"": 0.064986}, {""score"": ""1-3"", ""probability"": 0.059188}, {""score"": ""2-3"", ""probability"": 0.052647}, {""score"": ""0-2"", ""probability"": 0.045273}, {""score"": ""3-2"", ""probability"": 0.04248}, {""score"": ""0-1"", ""probability"": 0.040064}, {""score"": ""3-1"", ""probability"": 0.038536}]",,0.7405,0.2595,Yes,2.5,0.7594,0.2406,False,Over 2.5,0.5,0.5211,0.4789,False,R. Racing Club +0.5,False,False,False,False,False,False,,,,,,,,0.4232,0.5768,0.2,weekly_update_20260922T102609Z_b8bb7f8f,2026-08-18.phase1,0.1.0-phase1,0.1.0-phase1,2026-09-22T10:26:09+00:00
LALIGA2627_MW10_097_RayoVallecano_ElcheCF,2026-27,10,2026-10-25,2026-10-25T00:00:00+00:00,Rayo Vallecano,Elche CF,Estadio de Vallecas,scheduled,early_week_mode,,,,1.594,1.118,,,1-1,,draw,,0.5009,0.2841,0.215,Rayo Vallecano,0.4821,0.2524,0.2655,,,,"[{""score"": ""1-1"", ""probability"": 0.11997}, {""score"": ""1-0"", ""probability"": 0.104176}, {""score"": ""2-1"", ""probability"": 0.094312}, {""score"": ""2-0"", ""probability"": 0.084321}, {""score"": ""0-1"", ""probability"": 0.072619}, {""score"": ""0-0"", ""probability"": 0.068009}, {""score"": ""1-2"", ""probability"": 0.066182}, {""score"": ""2-2"", ""probability"": 0.052744}, {""score"": ""3-1"", ""probability"": 0.050108}, {""score"": ""3-0"", ""probability"": 0.044799}]",,0.5381,0.4619,Yes,2.5,0.5094,0.4906,False,Over 2.5,-0.5,0.4821,0.5179,False,Elche CF +0.5,False,False,False,False,False,False,,,,,,,,0.5009,0.4991,0.2,weekly_update_20260922T102609Z_b8bb7f8f,2026-08-18.phase1,0.1.0-phase1,0.1.0-phase1,2026-09-22T10:26:09+00:00
LALIGA2627_MW10_098_RealSociedad_LevanteUD,2026-27,10,2026-10-25,2026-10-25T00:00:00+00:00,Real Sociedad,Levante UD,Anoeta,scheduled,early_week_mode,,,,1.939,1.251,,,1-1,,draw,,0.5452,0.2521,0.2027,Real Sociedad,0.5329,0.2234,0.2436,,,,"[{""score"": ""1-1"", ""probability"": 0.101261}, {""score"": ""2-1"", ""probability"": 0.096851}, {""score"": ""1-0"", ""probability"": 0.078494}, {""score"": ""2-0"", ""probability"": 0.077441}, {""score"": ""3-1"", ""probability"": 0.062604}, {""score"": ""1-2"", ""probability"": 0.062461}, {""score"": ""2-2"", ""probability"": 0.060563}, {""score"": ""0-1"", ""probability"": 0.050135}, {""score"": ""3-0"", ""probability"": 0.050058}, {""score"": ""0-0"", ""probability"": 0.042561}]",,0.6124,0.3876,Yes,2.5,0.6179,0.3821,False,Over 2.5,-0.75,0.4771,0.5229,False,Levante UD +0.75,False,False,False,False,False,False,,,,,,,,0.5452,0.4548,0.2,weekly_update_20260922T102609Z_b8bb7f8f,2026-08-18.phase1,0.1.0-phase1,0.1.0-phase1,2026-09-22T10:26:09+00:00
LALIGA2627_MW10_099_SevillaFC_CAOsasuna,2026-27,10,2026-10-25,2026-10-25T00:00:00+00:00,Sevilla FC,CA Osasuna,Ramón Sánchez-Pizjuán,scheduled,early_week_mode,,,,1.517,1.038,,,1-1,,draw,,0.5301,0.2692,0.2007,Sevilla FC,0.4816,0.2609,0.2575,,,,"[{""score"": ""1-1"", ""probability"": 0.124017}, {""score"": ""1-0"", ""probability"": 0.116189}, {""score"": ""2-1"", ""probability"": 0.092802}, {""score"": ""2-0"", ""probability"": 0.089417}, {""score"": ""0-0"", ""probability"": 0.079374}, {""score"": ""0-1"", ""probability"": 0.078948}, {""score"": ""1-2"", ""probability"": 0.063483}, {""score"": ""2-2"", ""probability"": 0.048158}, {""score"": ""3-1"", ""probability"": 0.046933}, {""score"": ""3-0"", ""probability"": 0.045221}]",,0.5058,0.4942,Yes,2.5,0.4702,0.5298,False,Under 2.5,-0.5,0.4816,0.5184,False,CA Osasuna +0.5,False,False,False,False,False,False,,,,,,,,0.5301,0.4699,0.2,weekly_update_20260922T102609Z_b8bb7f8f,2026-08-18.phase1,0.1.0-phase1,0.1.0-phase1,2026-09-22T10:26:09+00:00
LALIGA2627_MW10_100_ValenciaCF_VillarrealCF,2026-27,10,2026-10-25,2026-10-25T00:00:00+00:00,Valencia CF,Villarreal CF,Camp de Mestalla,scheduled,early_week_mode,,,,1.322,1.656,,,1-1,,draw,,0.3014,0.3043,0.3943,Villarreal CF,0.305,0.2434,0.4516,,,,"[{""score"": ""1-1"", ""probability"": 0.11296}, {""score"": ""1-2"", ""probability"": 0.092255}, {""score"": ""0-1"", ""probability"": 0.082739}, {""score"": ""2-1"", ""probability"": 0.073665}, {""score"": ""0-2"", ""probability"": 0.069773}, {""score"": ""1-0"", ""probability"": 0.065758}, {""score"": ""2-2"", ""probability"": 0.060991}, {""score"": ""0-0"", ""probability"": 0.052426}, {""score"": ""1-3"", ""probability"": 0.050921}, {""score"": ""2-0"", ""probability"": 0.044487}]",,0.5949,0.4051,Yes,2.5,0.5719,0.4281,False,Over 2.5,0.25,0.4876,0.5124,False,Villarreal CF -0.25,False,False,False,False,False,False,,,,,,,,0.3943,0.6057,0.2,weekly_update_20260922T102609Z_b8bb7f8f,2026-08-18.phase1,0.1.0-phase1,0.1.0-phase1,2026-09-22T10:26:09+00:00
LALIGA2627_MW10_095_FCBarcelona_RealMadrid,2026-27,10,2026-10-25,2026-10-25T20:00:00+00:00,FC Barcelona,Real Madrid,Spotify Camp Nou,scheduled,early_week_mode,,,,2.232,1.345,,,2-1,,home_win,,0.5405,0.251,0.2085,FC Barcelona,0.5737,0.2028,0.2235,,,,"[{""score"": ""2-1"", ""probability"": 0.093731}, {""score"": ""1-1"", ""probability"": 0.085162}, {""score"": ""3-1"", ""probability"": 0.069721}, {""score"": ""2-0"", ""probability"": 0.069699}, {""score"": ""2-2"", ""probability"": 0.063025}, {""score"": ""1-0"", ""probability"": 0.061312}, {""score"": ""1-2"", ""probability"": 0.056485}, {""score"": ""3-0"", ""probability"": 0.051845}, {""score"": ""3-2"", ""probability"": 0.046881}, {""score"": ""4-1"", ""probability"": 0.038896}]",,0.6611,0.3389,Yes,2.5,0.6929,0.3071,False,Over 2.5,-0.75,0.5198,0.4802,False,FC Barcelona -0.75,False,False,False,False,False,False,,,,,,,,0.5405,0.4595,0.2,weekly_update_20260922T102609Z_b8bb7f8f,2026-08-18.phase1,0.1.0-phase1,0.1.0-phase1,2026-09-22T10:26:09+00:00
LALIGA2627_MW11_101_AthleticClub_RealSociedad,2026-27,11,2026-11-01,2026-11-01T00:00:00+00:00,Athletic Club,Real Sociedad,Estadio San Mamés,scheduled,early_week_mode,,,,1.568,1.07,,,1-1,,draw,,0.4428,0.3016,0.2556,Athletic Club,0.487,0.2555,0.2575,,,,"[{""score"": ""1-1"", ""probability"": 0.121606}, {""score"": ""1-0"", ""probability"": 0.110456}, {""score"": ""2-1"", ""probability"": 0.094067}, {""score"": ""2-0"", ""probability"": 0.087912}, {""score"": ""0-1"", ""probability"": 0.074835}, {""score"": ""0-0"", ""probability"": 0.073131}, {""score"": ""1-2"", ""probability"": 0.064177}, {""score"": ""2-2"", ""probability"": 0.050327}, {""score"": ""3-1"", ""probability"": 0.049177}, {""score"": ""3-0"", ""probability"": 0.045959}]",,0.5217,0.4783,Yes,2.5,0.4911,0.5089,False,Under 2.5,-0.5,0.487,0.513,False,Real Sociedad +0.5,False,False,False,False,False,False,,,,,,,,0.4428,0.5572,0.2,weekly_update_20260922T102609Z_b8bb7f8f,2026-08-18.phase1,0.1.0-phase1,0.1.0-phase1,2026-09-22T10:26:09+00:00
LALIGA2627_MW11_102_RealBetis_MálagaCF,2026-27,11,2026-11-01,2026-11-01T00:00:00+00:00,Real Betis,Málaga CF,Estadio La Cartuja,scheduled,early_week_mode,,,,2.132,0.343,,,2-0,,home_win,,0.6752,0.2055,0.1192,Real Betis,0.7933,0.1597,0.047,,,,"[{""score"": ""2-0"", ""probability"": 0.191317}, {""score"": ""1-0"", ""probability"": 0.178623}, {""score"": ""3-0"", ""probability"": 0.135963}, {""score"": ""0-0"", ""probability"": 0.085026}, {""score"": ""4-0"", ""probability"": 0.072469}, {""score"": ""2-1"", ""probability"": 0.065655}, {""score"": ""1-1"", ""probability"": 0.062437}, {""score"": ""3-1"", ""probability"": 0.046659}, {""score"": ""5-0"", ""probability"": 0.030901}, {""score"": ""0-1"", ""probability"": 0.028041}]",,0.2569,0.7431,No,2.5,0.4496,0.5504,False,Under 2.5,-1.75,0.4799,0.5201,False,Málaga CF +1.75,False,False,False,False,False,False,,,,,,,,0.6752,0.3248,0.2,weekly_update_20260922T102609Z_b8bb7f8f,2026-08-18.phase1,0.1.0-phase1,0.1.0-phase1,2026-09-22T10:26:09+00:00
LALIGA2627_MW11_103_RCDeportivo_CAOsasuna,2026-27,11,2026-11-01,2026-11-01T00:00:00+00:00,RC Deportivo,CA Osasuna,Estadio ABANCA-RIAZOR,scheduled,early_week_mode,,,,1.487,1.088,,,1-1,,draw,,0.4878,0.2868,0.2255,RC Deportivo,0.462,0.2625,0.2755,,,,"[{""score"": ""1-1"", ""probability"": 0.124885}, {""score"": ""1-0"", ""probability"": 0.111497}, {""score"": ""2-1"", ""probability"": 0.091616}, {""score"": ""2-0"", ""probability"": 0.08418}, {""score"": ""0-1"", ""probability"": 0.081128}, {""score"": ""0-0"", ""probability"": 0.077796}, {""score"": ""1-2"", ""probability"": 0.067036}, {""score"": ""2-2"", ""probability"": 0.049854}, {""score"": ""3-1"", ""probability"": 0.045423}, {""score"": ""0-2"", ""probability"": 0.045069}]",,0.515,0.485,Yes,2.5,0.4754,0.5246,False,Under 2.5,-0.25,0.5276,0.4724,False,RC Deportivo -0.25,False,False,False,False,False,False,,,,,,,,0.4878,0.5122,0.2,weekly_update_20260922T102609Z_b8bb7f8f,2026-08-18.phase1,0.1.0-phase1,0.1.0-phase1,2026-09-22T10:26:09+00:00
LALIGA2627_MW11_104_ElcheCF_ValenciaCF,2026-27,11,2026-11-01,2026-11-01T00:00:00+00:00,Elche CF,Valencia CF,Estadio Martínez Valero,scheduled,early_week_mode,,,,1.636,1.17,,,1-1,,draw,,0.3549,0.3032,0.3419,Elche CF,0.4805,0.248,0.2715,,,,"[{""score"": ""1-1"", ""probability"": 0.117306}, {""score"": ""1-0"", ""probability"": 0.097279}, {""score"": ""2-1"", ""probability"": 0.094639}, {""score"": ""2-0"", ""probability"": 0.080864}, {""score"": ""0-1"", ""probability"": 0.069149}, {""score"": ""1-2"", ""probability"": 0.067713}, {""score"": ""0-0"", ""probability"": 0.062036}, {""score"": ""2-2"", ""probability"": 0.05538}, {""score"": ""3-1"", ""probability"": 0.051602}, {""score"": ""3-0"", ""probability"": 0.044091}]",,0.557,0.443,Yes,2.5,0.532,0.468,False,Over 2.5,-0.5,0.4805,0.5195,False,Valencia CF +0.5,False,False,False,False,False,False,,,,,,,,0.3549,0.6451,0.2,weekly_update_20260922T102609Z_b8bb7f8f,2026-08-18.phase1,0.1.0-phase1,0.1.0-phase1,2026-09-22T10:26:09+00:00
LALIGA2627_MW11_105_FCBarcelona_DeportivoAlavés,2026-27,11,2026-11-01,2026-11-01T00:00:00+00:00,FC Barcelona,Deportivo Alavés,Spotify Camp Nou,scheduled,early_week_mode,,,,2.973,0.752,,,2-0,,home_win,,0.8041,0.1224,0.0736,FC Barcelona,0.8173,0.1187,0.064,,,,"[{""score"": ""2-0"", ""probability"": 0.106967}, {""score"": ""3-0"", ""probability"": 0.106016}, {""score"": ""2-1"", ""probability"": 0.08041}, {""score"": ""3-1"", ""probability"": 0.079695}, {""score"": ""4-0"", ""probability"": 0.078805}, {""score"": ""1-0"", ""probability"": 0.071207}, {""score"": ""4-1"", ""probability"": 0.059239}, {""score"": ""1-1"", ""probability"": 0.054832}, {""score"": ""5-0"", ""probability"": 0.046862}, {""score"": ""5-1"", ""probability"": 0.035228}]",,0.5021,0.4979,Yes,2.5,0.7178,0.2822,False,Over 2.5,-2.0,0.5232,0.4768,False,FC Barcelona -2,False,False,False,False,False,False,,,,,,,,0.8041,0.1959,0.2,weekly_update_20260922T102609Z_b8bb7f8f,2026-08-18.phase1,0.1.0-phase1,0.1.0-phase1,2026-09-22T10:26:09+00:00
LALIGA2627_MW11_106_GetafeCF_SevillaFC,2026-27,11,2026-11-01,2026-11-01T00:00:00+00:00,Getafe CF,Sevilla FC,Coliseum,scheduled,early_week_mode,,,,0.972,0.803,,,0-0,,draw,,0.3847,0.3348,0.2805,Getafe CF,0.3796,0.3336,0.2868,,,,"[{""score"": ""0-0"", ""probability"": 0.171369}, {""score"": ""1-0"", ""probability"": 0.162965}, {""score"": ""0-1"", ""probability"": 0.134279}, {""score"": ""1-1"", ""probability"": 0.134095}, {""score"": ""2-0"", ""probability"": 0.080077}, {""score"": ""2-1"", ""probability"": 0.064279}, {""score"": ""0-2"", ""probability"": 0.054624}, {""score"": ""1-2"", ""probability"": 0.053089}, {""score"": ""3-0"", ""probability"": 0.025942}, {""score"": ""2-2"", ""probability"": 0.025799}]",,0.3449,0.6551,No,2.5,0.2626,0.7374,False,Under 2.5,-0.25,0.463,0.537,False,Sevilla FC +0.25,False,False,False,False,False,False,,,,,,,,0.3847,0.6153,0.2,weekly_update_20260922T102609Z_b8bb7f8f,2026-08-18.phase1,0.1.0-phase1,0.1.0-phase1,2026-09-22T10:26:09+00:00
LALIGA2627_MW11_107_LevanteUD_AtléticodeMadrid,2026-27,11,2026-11-01,2026-11-01T00:00:00+00:00,Levante UD,Atlético de Madrid,Estadio Ciutat de València,scheduled,early_week_mode,,,,1.236,1.827,,,1-1,,draw,,0.188,0.26,0.552,Atlético de Madrid,0.257,0.2321,0.5109,,,,"[{""score"": ""1-1"", ""probability"": 0.10703}, {""score"": ""1-2"", ""probability"": 0.09644}, {""score"": ""0-1"", ""probability"": 0.083952}, {""score"": ""0-2"", ""probability"": 0.078013}, {""score"": ""2-1"", ""probability"": 0.065257}, {""score"": ""2-2"", ""probability"": 0.05961}, {""score"": ""1-3"", ""probability"": 0.058729}, {""score"": ""1-0"", ""probability"": 0.056337}, {""score"": ""0-0"", ""probability"": 0.0482}, {""score"": ""0-3"", ""probability"": 0.047508}]",,0.5968,0.4032,Yes,2.5,0.5907,0.4093,False,Over 2.5,0.5,0.4891,0.5109,False,Atlético de Madrid -0.5,False,False,False,False,False,False,,,,,,,,0.552,0.448,0.2,weekly_update_20260922T102609Z_b8bb7f8f,2026-08-18.phase1,0.1.0-phase1,0.1.0-phase1,2026-09-22T10:26:09+00:00
LALIGA2627_MW11_108_R.RacingClub_RealMadrid,2026-27,11,2026-11-01,2026-11-01T00:00:00+00:00,R. Racing Club,Real Madrid,El Sardinero,scheduled,early_week_mode,,,,1.237,3.997,,,1-3,,away_win,,0.1593,0.1808,0.6599,Real Madrid,0.068,0.0916,0.8404,,,,"[{""score"": ""1-3"", ""probability"": 0.071719}, {""score"": ""1-4"", ""probability"": 0.071671}, {""score"": ""0-3"", ""probability"": 0.057978}, {""score"": ""0-4"", ""probability"": 0.05794}, {""score"": ""1-5"", ""probability"": 0.057299}, {""score"": ""1-2"", ""probability"": 0.053824}, {""score"": ""0-5"", ""probability"": 0.046322}, {""score"": ""2-3"", ""probability"": 0.044358}, {""score"": ""2-4"", ""probability"": 0.044328}, {""score"": ""0-2"", ""probability"": 0.043512}]",,0.6968,0.3032,Yes,2.5,0.8914,0.1086,False,Over 2.5,2.5,0.4805,0.5195,False,Real Madrid -2.5,False,False,False,False,False,False,,,,,,,,0.6599,0.3401,0.2,weekly_update_20260922T102609Z_b8bb7f8f,2026-08-18.phase1,0.1.0-phase1,0.1.0-phase1,2026-09-22T10:26:09+00:00
LALIGA2627_MW11_109_RayoVallecano_CeltaVigo,2026-27,11,2026-11-01,2026-11-01T00:00:00+00:00,Rayo Vallecano,Celta Vigo,Estadio de Vallecas,scheduled,early_week_mode,,,,1.252,1.111,,,1-1,,draw,,0.3763,0.3112,0.3125,Rayo Vallecano,0.3934,0.282,0.3246,,,,"[{""score"": ""1-1"", ""probability"": 0.132762}, {""score"": ""1-0"", ""probability"": 0.116123}, {""score"": ""0-1"", ""probability"": 0.10283}, {""score"": ""0-0"", ""probability"": 0.096019}, {""score"": ""2-1"", ""probability"": 0.081956}, {""score"": ""2-0"", ""probability"": 0.073798}, {""score"": ""1-2"", ""probability"": 0.072718}, {""score"": ""0-2"", ""probability"": 0.058099}, {""score"": ""2-2"", ""probability"": 0.045508}, {""score"": ""3-1"", ""probability"": 0.034193}]",,0.4806,0.5194,No,2.5,0.4204,0.5796,False,Under 2.5,0.0,0.5344,0.4656,False,Rayo Vallecano (pick'em),False,False,False,False,False,False,,,,,,,,0.3763,0.6237,0.2,weekly_update_20260922T102609Z_b8bb7f8f,2026-08-18.phase1,0.1.0-phase1,0.1.0-phase1,2026-09-22T10:26:09+00:00
LALIGA2627_MW11_110_VillarrealCF_RCDEspanyoldeBarcelona,2026-27,11,2026-11-01,2026-11-01T00:00:00+00:00,Villarreal CF,RCD Espanyol de Barcelona,Estadio de la Cerámica,scheduled,early_week_mode,,,,2.229,1.014,,,2-1,,home_win,,0.6352,0.2185,0.1463,Villarreal CF,0.6471,0.1942,0.1587,,,,"[{""score"": ""2-1"", ""probability"": 0.09841}, {""score"": ""2-0"", ""probability"": 0.097046}, {""score"": ""1-1"", ""probability"": 0.089518}, {""score"": ""1-0"", ""probability"": 0.085865}, {""score"": ""3-1"", ""probability"": 0.073115}, {""score"": ""3-0"", ""probability"": 0.072102}, {""score"": ""2-2"", ""probability"": 0.049897}, {""score"": ""1-2"", ""probability"": 0.044772}, {""score"": ""4-1"", ""probability"": 0.040742}, {""score"": ""0-0"", ""probability"": 0.040283}]",,0.5698,0.4302,Yes,2.5,0.6288,0.3712,False,Over 2.5,-1.25,0.4753,0.5247,False,RCD Espanyol de Barcelona +1.25,False,False,False,False,False,False,,,,,,,,0.6352,0.3648,0.2,weekly_update_20260922T102609Z_b8bb7f8f,2026-08-18.phase1,0.1.0-phase1,0.1.0-phase1,2026-09-22T10:26:09+00:00
LALIGA2627_MW12_111_AtléticodeMadrid_FCBarcelona,2026-27,12,2026-11-08,2026-11-08T00:00:00+00:00,Atlético de Madrid,FC Barcelona,Riyadh Air Metropolitano,scheduled,early_week_mode,,,,1.529,1.841,,,1-1,,draw,,0.293,0.2967,0.4103,FC Barcelona,0.3213,0.2275,0.4511,,,,"[{""score"": ""1-1"", ""probability"": 0.098144}, {""score"": ""1-2"", ""probability"": 0.089126}, {""score"": ""2-1"", ""probability"": 0.074008}, {""score"": ""2-2"", ""probability"": 0.068133}, {""score"": ""0-1"", ""probability"": 0.061989}, {""score"": ""0-2"", ""probability"": 0.058294}, {""score"": ""1-3"", ""probability"": 0.0547}, {""score"": ""1-0"", ""probability"": 0.051248}, {""score"": ""2-3"", ""probability"": 0.041816}, {""score"": ""2-0"", ""probability"": 0.040195}]",,0.6603,0.3397,Yes,2.5,0.6544,0.3456,False,Over 2.5,0.25,0.492,0.508,False,FC Barcelona -0.25,False,False,False,False,False,False,,,,,,,,0.4103,0.5897,0.2,weekly_update_20260922T102609Z_b8bb7f8f,2026-08-18.phase1,0.1.0-phase1,0.1.0-phase1,2026-09-22T10:26:09+00:00
LALIGA2627_MW12_112_CeltaVigo_LevanteUD,2026-27,12,2026-11-08,2026-11-08T00:00:00+00:00,Celta Vigo,Levante UD,Estadio ABANCA Balaídos,scheduled,early_week_mode,,,,1.856,1.081,,,1-1,,draw,,0.5501,0.2529,0.197,Celta Vigo,0.5533,0.2293,0.2175,,,,"[{""score"": ""1-1"", ""probability"": 0.107865}, {""score"": ""2-1"", ""probability"": 0.098736}, {""score"": ""1-0"", ""probability"": 0.096937}, {""score"": ""2-0"", ""probability"": 0.091313}, {""score"": ""3-1"", ""probability"": 0.061083}, {""score"": ""1-2"", ""probability"": 0.057526}, {""score"": ""3-0"", ""probability"": 0.05649}, {""score"": ""0-1"", ""probability"": 0.055866}, {""score"": ""0-0"", ""probability"": 0.054484}, {""score"": ""2-2"", ""probability"": 0.053382}]",,0.559,0.441,Yes,2.5,0.5625,0.4375,False,Over 2.5,-0.75,0.4946,0.5054,False,Levante UD +0.75,False,False,False,False,False,False,,,,,,,,0.5501,0.4499,0.2,weekly_update_20260922T102609Z_b8bb7f8f,2026-08-18.phase1,0.1.0-phase1,0.1.0-phase1,2026-09-22T10:26:09+00:00
LALIGA2627_MW12_113_ElcheCF_RealBetis,2026-27,12,2026-11-08,2026-11-08T00:00:00+00:00,Elche CF,Real Betis,Estadio Martínez Valero,scheduled,early_week_mode,,,,1.395,1.551,,,1-1,,draw,,0.2778,0.3021,0.4201,Real Betis,0.3416,0.2479,0.4105,,,,"[{""score"": ""1-1"", ""probability"": 0.115281}, {""score"": ""1-2"", ""probability"": 0.088166}, {""score"": ""0-1"", ""probability"": 0.079947}, {""score"": ""2-1"", ""probability"": 0.079323}, {""score"": ""1-0"", ""probability"": 0.071771}, {""score"": ""0-2"", ""probability"": 0.063197}, {""score"": ""2-2"", ""probability"": 0.0615}, {""score"": ""0-0"", ""probability"": 0.054132}, {""score"": ""2-0"", ""probability"": 0.051155}, {""score"": ""1-3"", ""probability"": 0.045571}]",,0.5942,0.4058,Yes,2.5,0.5645,0.4355,False,Over 2.5,0.25,0.5275,0.4725,False,Elche CF +0.25,False,False,False,False,False,False,,,,,,,,0.4201,0.5799,0.2,weekly_update_20260922T102609Z_b8bb7f8f,2026-08-18.phase1,0.1.0-phase1,0.1.0-phase1,2026-09-22T10:26:09+00:00
LALIGA2627_MW12_114_RCDEspanyoldeBarcelona_RCDeportivo,2026-27,12,2026-11-08,2026-11-08T00:00:00+00:00,RCD Espanyol de Barcelona,RC Deportivo,RCDE Stadium,scheduled,early_week_mode,,,,1.481,1.086,,,1-1,,draw,,0.5059,0.2768,0.2173,RCD Espanyol de Barcelona,0.4608,0.2631,0.2761,,,,"[{""score"": ""1-1"", ""probability"": 0.125166}, {""score"": ""1-0"", ""probability"": 0.111964}, {""score"": ""2-1"", ""probability"": 0.091429}, {""score"": ""2-0"", ""probability"": 0.084169}, {""score"": ""0-1"", ""probability"": 0.081667}, {""score"": ""0-0"", ""probability"": 0.078445}, {""score"": ""1-2"", ""probability"": 0.067058}, {""score"": ""2-2"", ""probability"": 0.049657}, {""score"": ""0-2"", ""probability"": 0.045278}, {""score"": ""3-1"", ""probability"": 0.045136}]",,0.5136,0.4864,Yes,2.5,0.4733,0.5267,False,Under 2.5,-0.25,0.5266,0.4734,False,RCD Espanyol de Barcelona -0.25,False,False,False,False,False,False,,,,,,,,0.5059,0.4941,0.2,weekly_update_20260922T102609Z_b8bb7f8f,2026-08-18.phase1,0.1.0-phase1,0.1.0-phase1,2026-09-22T10:26:09+00:00
LALIGA2627_MW12_115_MálagaCF_R.RacingClub,2026-27,12,2026-11-08,2026-11-08T00:00:00+00:00,Málaga CF,R. Racing Club,La Rosaleda,scheduled,early_week_mode,,,,1.144,1.563,,,1-1,,draw,,0.4659,0.264,0.2701,Málaga CF,0.2769,0.2546,0.4685,,,,"[{""score"": ""1-1"", ""probability"": 0.120974}, {""score"": ""0-1"", ""probability"": 0.102686}, {""score"": ""1-2"", ""probability"": 0.093266}, {""score"": ""0-2"", ""probability"": 0.081539}, {""score"": ""1-0"", ""probability"": 0.0747}, {""score"": ""0-0"", ""probability"": 0.068385}, {""score"": ""2-1"", ""probability"": 0.068247}, {""score"": ""2-2"", ""probability"": 0.053339}, {""score"": ""1-3"", ""probability"": 0.048596}, {""score"": ""2-0"", ""probability"": 0.04366}]",,0.5403,0.4597,Yes,2.5,0.5081,0.4919,False,Over 2.5,0.5,0.5315,0.4685,False,Málaga CF +0.5,False,False,False,False,False,False,,,,,,,,0.4659,0.5341,0.2,weekly_update_20260922T102609Z_b8bb7f8f,2026-08-18.phase1,0.1.0-phase1,0.1.0-phase1,2026-09-22T10:26:09+00:00
LALIGA2627_MW12_116_CAOsasuna_AthleticClub,2026-27,12,2026-11-08,2026-11-08T00:00:00+00:00,CA Osasuna,Athletic Club,Estadio El Sadar,scheduled,early_week_mode,,,,1.177,1.129,,,1-1,,draw,,0.3188,0.3233,0.3579,Athletic Club,0.3685,0.2867,0.3448,,,,"[{""score"": ""1-1"", ""probability"": 0.134241}, {""score"": ""1-0"", ""probability"": 0.115433}, {""score"": ""0-1"", ""probability"": 0.11065}, {""score"": ""0-0"", ""probability"": 0.101414}, {""score"": ""2-1"", ""probability"": 0.077952}, {""score"": ""1-2"", ""probability"": 0.074772}, {""score"": ""2-0"", ""probability"": 0.069025}, {""score"": ""0-2"", ""probability"": 0.063509}, {""score"": ""2-2"", ""probability"": 0.044017}, {""score"": ""3-1"", ""probability"": 0.030592}]",,0.4701,0.5299,No,2.5,0.4057,0.5943,False,Under 2.5,0.0,0.5118,0.4882,False,CA Osasuna (pick'em),False,False,False,False,False,False,,,,,,,,0.3579,0.6421,0.2,weekly_update_20260922T102609Z_b8bb7f8f,2026-08-18.phase1,0.1.0-phase1,0.1.0-phase1,2026-09-22T10:26:09+00:00
LALIGA2627_MW12_117_RealSociedad_RayoVallecano,2026-27,12,2026-11-08,2026-11-08T00:00:00+00:00,Real Sociedad,Rayo Vallecano,Anoeta,scheduled,early_week_mode,,,,1.561,1.076,,,1-1,,draw,,0.4776,0.2811,0.2412,Real Sociedad,0.4838,0.2561,0.2601,,,,"[{""score"": ""1-1"", ""probability"": 0.121874}, {""score"": ""1-0"", ""probability"": 0.110074}, {""score"": ""2-1"", ""probability"": 0.09384}, {""score"": ""2-0"", ""probability"": 0.087211}, {""score"": ""0-1"", ""probability"": 0.075354}, {""score"": ""0-0"", ""probability"": 0.073223}, {""score"": ""1-2"", ""probability"": 0.064679}, {""score"": ""2-2"", ""probability"": 0.050486}, {""score"": ""3-1"", ""probability"": 0.048832}, {""score"": ""3-0"", ""probability"": 0.045382}]",,0.5224,0.4776,Yes,2.5,0.4908,0.5092,False,Under 2.5,-0.5,0.4838,0.5162,False,Rayo Vallecano +0.5,False,False,False,False,False,False,,,,,,,,0.4776,0.5224,0.2,weekly_update_20260922T102609Z_b8bb7f8f,2026-08-18.phase1,0.1.0-phase1,0.1.0-phase1,2026-09-22T10:26:09+00:00
LALIGA2627_MW12_118_SevillaFC_DeportivoAlavés,2026-27,12,2026-11-08,2026-11-08T00:00:00+00:00,Sevilla FC,Deportivo Alavés,Ramón Sánchez-Pizjuán,scheduled,early_week_mode,,,,1.381,1.064,,,1-1,,draw,,0.4779,0.288,0.234,Sevilla FC,0.4395,0.2729,0.2876,,,,"[{""score"": ""1-1"", ""probability"": 0.129186}, {""score"": ""1-0"", ""probability"": 0.11802}, {""score"": ""0-1"", ""probability"": 0.090514}, {""score"": ""0-0"", ""probability"": 0.088475}, {""score"": ""2-1"", ""probability"": 0.088}, {""score"": ""2-0"", ""probability"": 0.08271}, {""score"": ""1-2"", ""probability"": 0.067791}, {""score"": ""0-2"", ""probability"": 0.049084}, {""score"": ""2-2"", ""probability"": 0.046813}, {""score"": ""3-1"", ""probability"": 0.040513}]",,0.4921,0.5079,No,2.5,0.442,0.558,False,Under 2.5,-0.25,0.5078,0.4922,False,Sevilla FC -0.25,False,False,False,False,False,False,,,,,,,,0.4779,0.5221,0.2,weekly_update_20260922T102609Z_b8bb7f8f,2026-08-18.phase1,0.1.0-phase1,0.1.0-phase1,2026-09-22T10:26:09+00:00
LALIGA2627_MW12_119_ValenciaCF_RealMadrid,2026-27,12,2026-11-08,2026-11-08T00:00:00+00:00,Valencia CF,Real Madrid,Camp de Mestalla,scheduled,early_week_mode,,,,0.947,1.892,,,0-1,,away_win,,0.1813,0.2573,0.5614,Real Madrid,0.1827,0.2236,0.5937,,,,"[{""score"": ""0-1"", ""probability"": 0.109289}, {""score"": ""1-1"", ""probability"": 0.10625}, {""score"": ""0-2"", ""probability"": 0.104744}, {""score"": ""1-2"", ""probability"": 0.099141}, {""score"": ""0-3"", ""probability"": 0.066053}, {""score"": ""1-3"", ""probability"": 0.06252}, {""score"": ""0-0"", ""probability"": 0.059972}, {""score"": ""1-0"", ""probability"": 0.053958}, {""score"": ""2-1"", ""probability"": 0.049601}, {""score"": ""2-2"", ""probability"": 0.046919}]",,0.5211,0.4789,Yes,2.5,0.5396,0.4604,False,Over 2.5,1.0,0.5277,0.4723,False,Valencia CF +1,False,False,False,False,False,False,,,,,,,,0.5614,0.4386,0.2,weekly_update_20260922T102609Z_b8bb7f8f,2026-08-18.phase1,0.1.0-phase1,0.1.0-phase1,2026-09-22T10:26:09+00:00
LALIGA2627_MW12_120_VillarrealCF_GetafeCF,2026-27,12,2026-11-08,2026-11-08T00:00:00+00:00,Villarreal CF,Getafe CF,Estadio de la Cerámica,scheduled,early_week_mode,,,,1.615,0.698,,,1-0,,home_win,,0.5841,0.255,0.161,Villarreal CF,0.5929,0.2493,0.1578,,,,"[{""score"": ""1-0"", ""probability"": 0.158344}, {""score"": ""2-0"", ""probability"": 0.129082}, {""score"": ""1-1"", ""probability"": 0.113102}, {""score"": ""0-0"", ""probability"": 0.100547}, {""score"": ""2-1"", ""probability"": 0.090076}, {""score"": ""3-0"", ""probability"": 0.069478}, {""score"": ""0-1"", ""probability"": 0.067558}, {""score"": ""3-1"", ""probability"": 0.048483}, {""score"": ""1-2"", ""probability"": 0.038927}, {""score"": ""2-2"", ""probability"": 0.031428}]",,0.4039,0.5961,No,2.5,0.4073,0.5927,False,Under 2.5,-0.75,0.5261,0.4739,False,Villarreal CF -0.75,False,False,False,False,False,False,,,,,,,,0.5841,0.4159,0.2,weekly_update_20260922T102609Z_b8bb7f8f,2026-08-18.phase1,0.1.0-phase1,0.1.0-phase1,2026-09-22T10:26:09+00:00
LALIGA2627_MW13_121_DeportivoAlavés_RCDeportivo,2026-27,13,2026-11-22,2026-11-22T00:00:00+00:00,Deportivo Alavés,RC Deportivo,Mendizorroza,scheduled,early_week_mode,,,,1.501,1.006,,,1-1,,draw,,0.5226,0.2785,0.1989,Deportivo Alavés,0.485,0.263,0.252,,,,"[{""score"": ""1-1"", ""probability"": 0.12478}, {""score"": ""1-0"", ""probability"": 0.120611}, {""score"": ""2-1"", ""probability"": 0.092378}, {""score"": ""2-0"", ""probability"": 0.091791}, {""score"": ""0-0"", ""probability"": 0.083174}, {""score"": ""0-1"", ""probability"": 0.080308}, {""score"": ""1-2"", ""probability"": 0.061937}, {""score"": ""2-2"", ""probability"": 0.046484}, {""score"": ""3-1"", ""probability"": 0.04622}, {""score"": ""3-0"", ""probability"": 0.045926}]",,0.4947,0.5053,No,2.5,0.4581,0.5419,False,Under 2.5,-0.5,0.485,0.515,False,RC Deportivo +0.5,False,False,False,False,False,False,,,,,,,,0.5226,0.4774,0.2,weekly_update_20260922T102609Z_b8bb7f8f,2026-08-18.phase1,0.1.0-phase1,0.1.0-phase1,2026-09-22T10:26:09+00:00
LALIGA2627_MW13_122_AthleticClub_RCDEspanyoldeBarcelona,2026-27,13,2026-11-22,2026-11-22T00:00:00+00:00,Athletic Club,RCD Espanyol de Barcelona,Estadio San Mamés,scheduled,early_week_mode,,,,1.493,0.885,,,1-0,,home_win,,0.5089,0.2824,0.2088,Athletic Club,0.5127,0.2656,0.2217,,,,"[{""score"": ""1-0"", ""probability"": 0.136758}, {""score"": ""1-1"", ""probability"": 0.124231}, {""score"": ""2-0"", ""probability"": 0.103337}, {""score"": ""0-0"", ""probability"": 0.094425}, {""score"": ""2-1"", ""probability"": 0.09147}, {""score"": ""0-1"", ""probability"": 0.080402}, {""score"": ""1-2"", ""probability"": 0.054236}, {""score"": ""3-0"", ""probability"": 0.051422}, {""score"": ""3-1"", ""probability"": 0.045517}, {""score"": ""2-2"", ""probability"": 0.040483}]",,0.457,0.543,No,2.5,0.4245,0.5755,False,Under 2.5,-0.5,0.5127,0.4873,False,Athletic Club -0.5,False,False,False,False,False,False,,,,,,,,0.5089,0.4911,0.2,weekly_update_20260922T102609Z_b8bb7f8f,2026-08-18.phase1,0.1.0-phase1,0.1.0-phase1,2026-09-22T10:26:09+00:00
LALIGA2627_MW13_123_FCBarcelona_VillarrealCF,2026-27,13,2026-11-22,2026-11-22T00:00:00+00:00,FC Barcelona,Villarreal CF,Spotify Camp Nou,scheduled,early_week_mode,,,,3.117,1.177,,,3-1,,home_win,,0.7119,0.1713,0.1168,FC Barcelona,0.7553,0.1354,0.1093,,,,"[{""score"": ""3-1"", ""probability"": 0.081485}, {""score"": ""2-1"", ""probability"": 0.078419}, {""score"": ""3-0"", ""probability"": 0.069228}, {""score"": ""2-0"", ""probability"": 0.066622}, {""score"": ""4-1"", ""probability"": 0.063504}, {""score"": ""4-0"", ""probability"": 0.053951}, {""score"": ""1-1"", ""probability"": 0.051004}, {""score"": ""3-2"", ""probability"": 0.047957}, {""score"": ""2-2"", ""probability"": 0.046152}, {""score"": ""1-0"", ""probability"": 0.042051}]",,0.6617,0.3383,Yes,2.5,0.801,0.199,False,Over 2.5,-1.75,0.5202,0.4798,False,FC Barcelona -1.75,False,False,False,False,False,False,,,,,,,,0.7119,0.2881,0.2,weekly_update_20260922T102609Z_b8bb7f8f,2026-08-18.phase1,0.1.0-phase1,0.1.0-phase1,2026-09-22T10:26:09+00:00
LALIGA2627_MW13_124_GetafeCF_AtléticodeMadrid,2026-27,13,2026-11-22,2026-11-22T00:00:00+00:00,Getafe CF,Atlético de Madrid,Coliseum,scheduled,early_week_mode,,,,0.746,1.159,,,0-1,,away_win,,0.2248,0.319,0.4562,Atlético de Madrid,0.2348,0.3117,0.4535,,,,"[{""score"": ""0-1"", ""probability"": 0.170716}, {""score"": ""0-0"", ""probability"": 0.150622}, {""score"": ""1-1"", ""probability"": 0.13045}, {""score"": ""1-0"", ""probability"": 0.109277}, {""score"": ""0-2"", ""probability"": 0.099937}, {""score"": ""1-2"", ""probability"": 0.074556}, {""score"": ""2-1"", ""probability"": 0.047999}, {""score"": ""2-0"", ""probability"": 0.041422}, {""score"": ""0-3"", ""probability"": 0.038602}, {""score"": ""1-3"", ""probability"": 0.028798}]",,0.3625,0.6375,No,2.5,0.2976,0.7024,False,Under 2.5,0.25,0.4686,0.5314,False,Atlético de Madrid -0.25,False,False,False,False,False,False,,,,,,,,0.4562,0.5438,0.2,weekly_update_20260922T102609Z_b8bb7f8f,2026-08-18.phase1,0.1.0-phase1,0.1.0-phase1,2026-09-22T10:26:09+00:00
LALIGA2627_MW13_125_LevanteUD_ElcheCF,2026-27,13,2026-11-22,2026-11-22T00:00:00+00:00,Levante UD,Elche CF,Estadio Ciutat de València,scheduled,early_week_mode,,,,1.853,1.389,,,1-1,,draw,,0.4566,0.2839,0.2594,Levante UD,0.483,0.2291,0.2879,,,,"[{""score"": ""1-1"", ""probability"": 0.102008}, {""score"": ""2-1"", ""probability"": 0.093206}, {""score"": ""1-0"", ""probability"": 0.071039}, {""score"": ""1-2"", ""probability"": 0.069902}, {""score"": ""2-0"", ""probability"": 0.067085}, {""score"": ""2-2"", ""probability"": 0.064749}, {""score"": ""3-1"", ""probability"": 0.057557}, {""score"": ""0-1"", ""probability"": 0.052931}, {""score"": ""3-0"", ""probability"": 0.041427}, {""score"": ""0-0"", ""probability"": 0.040478}]",,0.6344,0.3656,Yes,2.5,0.6287,0.3713,False,Over 2.5,-0.5,0.483,0.517,False,Elche CF +0.5,False,False,False,False,False,False,,,,,,,,0.4566,0.5434,0.2,weekly_update_20260922T102609Z_b8bb7f8f,2026-08-18.phase1,0.1.0-phase1,0.1.0-phase1,2026-09-22T10:26:09+00:00
LALIGA2627_MW13_126_CAOsasuna_MálagaCF,2026-27,13,2026-11-22,2026-11-22T00:00:00+00:00,CA Osasuna,Málaga CF,Estadio El Sadar,scheduled,early_week_mode,,,,1.642,0.41,,,1-0,,home_win,,0.5582,0.2621,0.1797,CA Osasuna,0.6802,0.2331,0.0867,,,,"[{""score"": ""1-0"", ""probability"": 0.209881}, {""score"": ""2-0"", ""probability"": 0.173236}, {""score"": ""0-0"", ""probability"": 0.129774}, {""score"": ""3-0"", ""probability"": 0.094789}, {""score"": ""1-1"", ""probability"": 0.087671}, {""score"": ""2-1"", ""probability"": 0.07098}, {""score"": ""0-1"", ""probability"": 0.051494}, {""score"": ""4-0"", ""probability"": 0.038899}, {""score"": ""3-1"", ""probability"": 0.038838}, {""score"": ""1-2"", ""probability"": 0.017717}]",,0.2722,0.7278,No,2.5,0.3371,0.6629,False,Under 2.5,-1.0,0.5356,0.4644,False,CA Osasuna -1,False,False,False,False,False,False,,,,,,,,0.5582,0.4418,0.2,weekly_update_20260922T102609Z_b8bb7f8f,2026-08-18.phase1,0.1.0-phase1,0.1.0-phase1,2026-09-22T10:26:09+00:00
LALIGA2627_MW13_127_R.RacingClub_RealSociedad,2026-27,13,2026-11-22,2026-11-22T00:00:00+00:00,R. Racing Club,Real Sociedad,El Sardinero,scheduled,early_week_mode,,,,1.869,2.665,,,1-2,,away_win,,0.3403,0.2614,0.3984,Real Sociedad,0.2665,0.1836,0.5499,,,,"[{""score"": ""1-2"", ""probability"": 0.071401}, {""score"": ""2-2"", ""probability"": 0.066722}, {""score"": ""1-3"", ""probability"": 0.063431}, {""score"": ""2-3"", ""probability"": 0.059275}, {""score"": ""1-1"", ""probability"": 0.054319}, {""score"": ""2-1"", ""probability"": 0.050071}, {""score"": ""1-4"", ""probability"": 0.042263}, {""score"": ""3-2"", ""probability"": 0.041567}, {""score"": ""2-4"", ""probability"": 0.039494}, {""score"": ""0-2"", ""probability"": 0.038204}]",,0.7875,0.2125,Yes,2.5,0.8299,0.1701,False,Over 2.5,0.75,0.4977,0.5023,False,Real Sociedad -0.75,False,False,False,False,False,False,,,,,,,,0.3984,0.6016,0.2,weekly_update_20260922T102609Z_b8bb7f8f,2026-08-18.phase1,0.1.0-phase1,0.1.0-phase1,2026-09-22T10:26:09+00:00
LALIGA2627_MW13_128_RayoVallecano_ValenciaCF,2026-27,13,2026-11-22,2026-11-22T00:00:00+00:00,Rayo Vallecano,Valencia CF,Estadio de Vallecas,scheduled,early_week_mode,,,,1.377,0.93,,,1-0,,home_win,,0.4116,0.3071,0.2813,Rayo Vallecano,0.4704,0.2777,0.2519,,,,"[{""score"": ""1-0"", ""probability"": 0.13529}, {""score"": ""1-1"", ""probability"": 0.129248}, {""score"": ""0-0"", ""probability"": 0.101261}, {""score"": ""2-0"", ""probability"": 0.094371}, {""score"": ""0-1"", ""probability"": 0.090818}, {""score"": ""2-1"", ""probability"": 0.087794}, {""score"": ""1-2"", ""probability"": 0.059304}, {""score"": ""3-0"", ""probability"": 0.043324}, {""score"": ""0-2"", ""probability"": 0.04306}, {""score"": ""2-2"", ""probability"": 0.040838}]",,0.4546,0.5454,No,2.5,0.406,0.594,False,Under 2.5,-0.5,0.4704,0.5296,False,Valencia CF +0.5,False,False,False,False,False,False,,,,,,,,0.4116,0.5884,0.2,weekly_update_20260922T102609Z_b8bb7f8f,2026-08-18.phase1,0.1.0-phase1,0.1.0-phase1,2026-09-22T10:26:09+00:00
LALIGA2627_MW13_129_RealMadrid_CeltaVigo,2026-27,13,2026-11-22,2026-11-22T00:00:00+00:00,Real Madrid,Celta Vigo,Bernabéu,scheduled,early_week_mode,,,,2.313,0.84,,,2-0,,home_win,,0.7193,0.1674,0.1133,Real Madrid,0.703,0.1783,0.1187,,,,"[{""score"": ""2-0"", ""probability"": 0.11438}, {""score"": ""1-0"", ""probability"": 0.097755}, {""score"": ""2-1"", ""probability"": 0.096059}, {""score"": ""3-0"", ""probability"": 0.088191}, {""score"": ""1-1"", ""probability"": 0.084199}, {""score"": ""3-1"", ""probability"": 0.074065}, {""score"": ""4-0"", ""probability"": 0.050999}, {""score"": ""0-0"", ""probability"": 0.043898}, {""score"": ""4-1"", ""probability"": 0.04283}, {""score"": ""2-2"", ""probability"": 0.040337}]",,0.5131,0.4869,Yes,2.5,0.6099,0.3901,False,Over 2.5,-1.5,0.4725,0.5275,False,Celta Vigo +1.5,False,False,False,False,False,False,,,,,,,,0.7193,0.2807,0.2,weekly_update_20260922T102609Z_b8bb7f8f,2026-08-18.phase1,0.1.0-phase1,0.1.0-phase1,2026-09-22T10:26:09+00:00
LALIGA2627_MW13_130_SevillaFC_RealBetis,2026-27,13,2026-11-22,2026-11-22T00:00:00+00:00,Sevilla FC,Real Betis,Ramón Sánchez-Pizjuán,scheduled,early_week_mode,,,,1.271,1.348,,,1-1,,draw,,0.3639,0.3049,0.3313,Sevilla FC,0.349,0.266,0.385,,,,"[{""score"": ""1-1"", ""probability"": 0.126586}, {""score"": ""0-1"", ""probability"": 0.096544}, {""score"": ""1-0"", ""probability"": 0.090915}, {""score"": ""1-2"", ""probability"": 0.08416}, {""score"": ""2-1"", ""probability"": 0.079338}, {""score"": ""0-0"", ""probability"": 0.074614}, {""score"": ""0-2"", ""probability"": 0.066228}, {""score"": ""2-0"", ""probability"": 0.058857}, {""score"": ""2-2"", ""probability"": 0.053474}, {""score"": ""1-3"", ""probability"": 0.037816}]",,0.5342,0.4658,Yes,2.5,0.4863,0.5137,False,Under 2.5,0.0,0.482,0.518,False,Real Betis (pick'em),False,False,False,False,False,False,,,,,,,,0.3639,0.6361,0.2,weekly_update_20260922T102609Z_b8bb7f8f,2026-08-18.phase1,0.1.0-phase1,0.1.0-phase1,2026-09-22T10:26:09+00:00
LALIGA2627_MW14_131_RealBetis_RayoVallecano,2026-27,14,2026-11-29,2026-11-29T00:00:00+00:00,Real Betis,Rayo Vallecano,Estadio La Cartuja,scheduled,early_week_mode,,,,1.658,0.873,,,1-0,,home_win,,0.543,0.2641,0.1929,Real Betis,0.5577,0.2469,0.1953,,,,"[{""score"": ""1-0"", ""probability"": 0.13034}, {""score"": ""1-1"", ""probability"": 0.116765}, {""score"": ""2-0"", ""probability"": 0.109385}, {""score"": ""2-1"", ""probability"": 0.095502}, {""score"": ""0-0"", ""probability"": 0.081139}, {""score"": ""0-1"", ""probability"": 0.067873}, {""score"": ""3-0"", ""probability"": 0.060464}, {""score"": ""3-1"", ""probability"": 0.05279}, {""score"": ""1-2"", ""probability"": 0.050281}, {""score"": ""2-2"", ""probability"": 0.04169}]",,0.473,0.527,No,2.5,0.4642,0.5358,False,Under 2.5,-0.75,0.4948,0.5052,False,Rayo Vallecano +0.75,False,False,False,False,False,False,,,,,,,,0.543,0.457,0.2,weekly_update_20260922T102609Z_b8bb7f8f,2026-08-18.phase1,0.1.0-phase1,0.1.0-phase1,2026-09-22T10:26:09+00:00
LALIGA2627_MW14_132_CeltaVigo_VillarrealCF,2026-27,14,2026-11-29,2026-11-29T00:00:00+00:00,Celta Vigo,Villarreal CF,Estadio ABANCA Balaídos,scheduled,early_week_mode,,,,1.578,1.505,,,1-1,,draw,,0.3295,0.2975,0.373,Villarreal CF,0.3949,0.2421,0.363,,,,"[{""score"": ""1-1"", ""probability"": 0.110316}, {""score"": ""2-1"", ""probability"": 0.085879}, {""score"": ""1-2"", ""probability"": 0.081878}, {""score"": ""1-0"", ""probability"": 0.070815}, {""score"": ""0-1"", ""probability"": 0.067447}, {""score"": ""2-2"", ""probability"": 0.064617}, {""score"": ""2-0"", ""probability"": 0.057068}, {""score"": ""0-2"", ""probability"": 0.051875}, {""score"": ""0-0"", ""probability"": 0.047312}, {""score"": ""3-1"", ""probability"": 0.045183}]",,0.6189,0.3811,Yes,2.5,0.5952,0.4048,False,Over 2.5,0.0,0.516,0.484,False,Celta Vigo (pick'em),False,False,False,False,False,False,,,,,,,,0.373,0.627,0.2,weekly_update_20260922T102609Z_b8bb7f8f,2026-08-18.phase1,0.1.0-phase1,0.1.0-phase1,2026-09-22T10:26:09+00:00
LALIGA2627_MW14_133_RCDeportivo_FCBarcelona,2026-27,14,2026-11-29,2026-11-29T00:00:00+00:00,RC Deportivo,FC Barcelona,Estadio ABANCA-RIAZOR,scheduled,early_week_mode,,,,1.038,2.515,,,1-2,,away_win,,0.1612,0.2039,0.635,FC Barcelona,0.1355,0.1712,0.6933,,,,"[{""score"": ""1-2"", ""probability"": 0.094119}, {""score"": ""0-2"", ""probability"": 0.090647}, {""score"": ""1-3"", ""probability"": 0.078914}, {""score"": ""0-3"", ""probability"": 0.076002}, {""score"": ""1-1"", ""probability"": 0.075866}, {""score"": ""0-1"", ""probability"": 0.071046}, {""score"": ""1-4"", ""probability"": 0.049624}, {""score"": ""2-2"", ""probability"": 0.048862}, {""score"": ""0-4"", ""probability"": 0.047793}, {""score"": ""2-3"", ""probability"": 0.040968}]",,0.5947,0.4053,Yes,2.5,0.6886,0.3114,False,Over 2.5,1.5,0.523,0.477,False,RC Deportivo +1.5,False,False,False,False,False,False,,,,,,,,0.635,0.365,0.2,weekly_update_20260922T102609Z_b8bb7f8f,2026-08-18.phase1,0.1.0-phase1,0.1.0-phase1,2026-09-22T10:26:09+00:00
LALIGA2627_MW14_134_ElcheCF_AtléticodeMadrid,2026-27,14,2026-11-29,2026-11-29T00:00:00+00:00,Elche CF,Atlético de Madrid,Estadio Martínez Valero,scheduled,early_week_mode,,,,1.263,1.85,,,1-1,,draw,,0.1854,0.2609,0.5537,Atlético de Madrid,0.2596,0.2302,0.5101,,,,"[{""score"": ""1-1"", ""probability"": 0.105329}, {""score"": ""1-2"", ""probability"": 0.096118}, {""score"": ""0-1"", ""probability"": 0.08082}, {""score"": ""0-2"", ""probability"": 0.07609}, {""score"": ""2-1"", ""probability"": 0.065624}, {""score"": ""2-2"", ""probability"": 0.06071}, {""score"": ""1-3"", ""probability"": 0.05928}, {""score"": ""1-0"", ""probability"": 0.054726}, {""score"": ""0-3"", ""probability"": 0.046927}, {""score"": ""0-0"", ""probability"": 0.045884}]",,0.6059,0.3941,Yes,2.5,0.6017,0.3983,False,Over 2.5,0.5,0.4899,0.5101,False,Atlético de Madrid -0.5,False,False,False,False,False,False,,,,,,,,0.5537,0.4463,0.2,weekly_update_20260922T102609Z_b8bb7f8f,2026-08-18.phase1,0.1.0-phase1,0.1.0-phase1,2026-09-22T10:26:09+00:00
LALIGA2627_MW14_135_RCDEspanyoldeBarcelona_GetafeCF,2026-27,14,2026-11-29,2026-11-29T00:00:00+00:00,RCD Espanyol de Barcelona,Getafe CF,RCDE Stadium,scheduled,early_week_mode,,,,1.018,0.718,,,0-0,,draw,,0.3888,0.3371,0.2741,RCD Espanyol de Barcelona,0.4155,0.3342,0.2504,,,,"[{""score"": ""0-0"", ""probability"": 0.178013}, {""score"": ""1-0"", ""probability"": 0.177554}, {""score"": ""1-1"", ""probability"": 0.1306}, {""score"": ""0-1"", ""probability"": 0.124838}, {""score"": ""2-0"", ""probability"": 0.091233}, {""score"": ""2-1"", ""probability"": 0.065542}, {""score"": ""1-2"", ""probability"": 0.046275}, {""score"": ""0-2"", ""probability"": 0.045478}, {""score"": ""3-0"", ""probability"": 0.030944}, {""score"": ""2-2"", ""probability"": 0.023543}]",,0.329,0.671,No,2.5,0.2523,0.7477,False,Under 2.5,-0.25,0.499,0.501,False,Getafe CF +0.25,False,False,False,False,False,False,,,,,,,,0.3888,0.6112,0.2,weekly_update_20260922T102609Z_b8bb7f8f,2026-08-18.phase1,0.1.0-phase1,0.1.0-phase1,2026-09-22T10:26:09+00:00
LALIGA2627_MW14_136_LevanteUD_R.RacingClub,2026-27,14,2026-11-29,2026-11-29T00:00:00+00:00,Levante UD,R. Racing Club,Estadio Ciutat de València,scheduled,early_week_mode,,,,3.382,1.51,,,3-1,,home_win,,0.6111,0.1942,0.1947,Levante UD,0.7297,0.1357,0.1347,,,,"[{""score"": ""3-1"", ""probability"": 0.073662}, {""score"": ""2-1"", ""probability"": 0.065336}, {""score"": ""4-1"", ""probability"": 0.062286}, {""score"": ""3-2"", ""probability"": 0.055624}, {""score"": ""2-2"", ""probability"": 0.049337}, {""score"": ""3-0"", ""probability"": 0.048774}, {""score"": ""4-2"", ""probability"": 0.047034}, {""score"": ""2-0"", ""probability"": 0.043261}, {""score"": ""5-1"", ""probability"": 0.042134}, {""score"": ""4-0"", ""probability"": 0.041242}]",,0.753,0.247,Yes,2.5,0.8649,0.1351,False,Over 2.5,-1.75,0.5068,0.4932,False,Levante UD -1.75,False,False,False,False,False,False,,,,,,,,0.6111,0.3889,0.2,weekly_update_20260922T102609Z_b8bb7f8f,2026-08-18.phase1,0.1.0-phase1,0.1.0-phase1,2026-09-22T10:26:09+00:00
LALIGA2627_MW14_137_MálagaCF_AthleticClub,2026-27,14,2026-11-29,2026-11-29T00:00:00+00:00,Málaga CF,Athletic Club,La Rosaleda,scheduled,early_week_mode,,,,0.459,1.312,,,0-1,,away_win,,0.3158,0.3403,0.3439,Athletic Club,0.1282,0.292,0.5798,,,,"[{""score"": ""0-1"", ""probability"": 0.22181}, {""score"": ""0-0"", ""probability"": 0.171583}, {""score"": ""0-2"", ""probability"": 0.146402}, {""score"": ""1-1"", ""probability"": 0.103919}, {""score"": ""1-0"", ""probability"": 0.076737}, {""score"": ""1-2"", ""probability"": 0.067231}, {""score"": ""0-3"", ""probability"": 0.064013}, {""score"": ""1-3"", ""probability"": 0.029396}, {""score"": ""2-1"", ""probability"": 0.023537}, {""score"": ""0-4"", ""probability"": 0.020992}]",,0.2705,0.7295,No,2.5,0.2616,0.7384,False,Under 2.5,0.75,0.4942,0.5058,False,Athletic Club -0.75,False,False,False,False,False,False,,,,,,,,0.3439,0.6561,0.2,weekly_update_20260922T102609Z_b8bb7f8f,2026-08-18.phase1,0.1.0-phase1,0.1.0-phase1,2026-09-22T10:26:09+00:00
LALIGA2627_MW14_138_RealMadrid_DeportivoAlavés,2026-27,14,2026-11-29,2026-11-29T00:00:00+00:00,Real Madrid,Deportivo Alavés,Bernabéu,scheduled,early_week_mode,,,,2.359,0.736,,,2-0,,home_win,,0.7543,0.1509,0.0948,Real Madrid,0.735,0.1676,0.0974,,,,"[{""score"": ""2-0"", ""probability"": 0.126102}, {""score"": ""1-0"", ""probability"": 0.105814}, {""score"": ""3-0"", ""probability"": 0.099172}, {""score"": ""2-1"", ""probability"": 0.092775}, {""score"": ""1-1"", ""probability"": 0.079727}, {""score"": ""3-1"", ""probability"": 0.072962}, {""score"": ""4-0"", ""probability"": 0.058494}, {""score"": ""0-0"", ""probability"": 0.04639}, {""score"": ""4-1"", ""probability"": 0.043035}, {""score"": ""2-2"", ""probability"": 0.034128}]",,0.4727,0.5273,No,2.5,0.5975,0.4025,False,Over 2.5,-1.5,0.5053,0.4947,False,Real Madrid -1.5,False,False,False,False,False,False,,,,,,,,0.7543,0.2457,0.2,weekly_update_20260922T102609Z_b8bb7f8f,2026-08-18.phase1,0.1.0-phase1,0.1.0-phase1,2026-09-22T10:26:09+00:00
LALIGA2627_MW14_139_RealSociedad_SevillaFC,2026-27,14,2026-11-29,2026-11-29T00:00:00+00:00,Real Sociedad,Sevilla FC,Anoeta,scheduled,early_week_mode,,,,1.707,1.164,,,1-1,,draw,,0.4498,0.29,0.2602,Real Sociedad,0.4993,0.2422,0.2585,,,,"[{""score"": ""1-1"", ""probability"": 0.114088}, {""score"": ""2-1"", ""probability"": 0.096069}, {""score"": ""1-0"", ""probability"": 0.095128}, {""score"": ""2-0"", ""probability"": 0.082528}, {""score"": ""1-2"", ""probability"": 0.065502}, {""score"": ""0-1"", ""probability"": 0.064368}, {""score"": ""0-0"", ""probability"": 0.058174}, {""score"": ""2-2"", ""probability"": 0.055916}, {""score"": ""3-1"", ""probability"": 0.054672}, {""score"": ""3-0"", ""probability"": 0.046966}]",,0.5646,0.4354,Yes,2.5,0.5473,0.4527,False,Over 2.5,-0.5,0.4993,0.5007,False,Sevilla FC +0.5,False,False,False,False,False,False,,,,,,,,0.4498,0.5502,0.2,weekly_update_20260922T102609Z_b8bb7f8f,2026-08-18.phase1,0.1.0-phase1,0.1.0-phase1,2026-09-22T10:26:09+00:00
LALIGA2627_MW14_140_ValenciaCF_CAOsasuna,2026-27,14,2026-11-29,2026-11-29T00:00:00+00:00,Valencia CF,CA Osasuna,Camp de Mestalla,scheduled,early_week_mode,,,,1.385,1.032,,,1-1,,draw,,0.5125,0.2803,0.2072,Valencia CF,0.4483,0.2736,0.2781,,,,"[{""score"": ""1-1"", ""probability"": 0.129223}, {""score"": ""1-0"", ""probability"": 0.121812}, {""score"": ""0-0"", ""probability"": 0.090945}, {""score"": ""0-1"", ""probability"": 0.090255}, {""score"": ""2-1"", ""probability"": 0.088298}, {""score"": ""2-0"", ""probability"": 0.085594}, {""score"": ""1-2"", ""probability"": 0.065748}, {""score"": ""0-2"", ""probability"": 0.047457}, {""score"": ""2-2"", ""probability"": 0.045544}, {""score"": ""3-1"", ""probability"": 0.040776}]",,0.4843,0.5157,No,2.5,0.4347,0.5653,False,Under 2.5,-0.25,0.5167,0.4833,False,Valencia CF -0.25,False,False,False,False,False,False,,,,,,,,0.5125,0.4875,0.2,weekly_update_20260922T102609Z_b8bb7f8f,2026-08-18.phase1,0.1.0-phase1,0.1.0-phase1,2026-09-22T10:26:09+00:00
LALIGA2627_MW15_141_DeportivoAlavés_RCDEspanyoldeBarcelona,2026-27,15,2026-12-06,2026-12-06T00:00:00+00:00,Deportivo Alavés,RCD Espanyol de Barcelona,Mendizorroza,scheduled,early_week_mode,,,,1.423,0.967,,,1-0,,home_win,,0.4385,0.3097,0.2518,Deportivo Alavés,0.4739,0.2717,0.2543,,,,"[{""score"": ""1-0"", ""probability"": 0.128611}, {""score"": ""1-1"", ""probability"": 0.127806}, {""score"": ""0-0"", ""probability"": 0.093303}, {""score"": ""2-0"", ""probability"": 0.092772}, {""score"": ""2-1"", ""probability"": 0.08973}, {""score"": ""0-1"", ""probability"": 0.086831}, {""score"": ""1-2"", ""probability"": 0.060969}, {""score"": ""3-0"", ""probability"": 0.04402}, {""score"": ""2-2"", ""probability"": 0.043394}, {""score"": ""0-2"", ""probability"": 0.042831}]",,0.4723,0.5277,No,2.5,0.4278,0.5722,False,Under 2.5,-0.5,0.4739,0.5261,False,RCD Espanyol de Barcelona +0.5,False,False,False,False,False,False,,,,,,,,0.4385,0.5615,0.2,weekly_update_20260922T102609Z_b8bb7f8f,2026-08-18.phase1,0.1.0-phase1,0.1.0-phase1,2026-09-22T10:26:09+00:00
LALIGA2627_MW15_142_AthleticClub_RealMadrid,2026-27,15,2026-12-06,2026-12-06T00:00:00+00:00,Athletic Club,Real Madrid,Estadio San Mamés,scheduled,early_week_mode,,,,1.038,1.605,,,1-1,,draw,,0.2052,0.2797,0.5151,Real Madrid,0.2437,0.2525,0.5038,,,,"[{""score"": ""1-1"", ""probability"": 0.120173}, {""score"": ""0-1"", ""probability"": 0.112567}, {""score"": ""1-2"", ""probability"": 0.095123}, {""score"": ""0-2"", ""probability"": 0.091637}, {""score"": ""0-0"", ""probability"": 0.072787}, {""score"": ""1-0"", ""probability"": 0.072232}, {""score"": ""2-1"", ""probability"": 0.061525}, {""score"": ""1-3"", ""probability"": 0.050887}, {""score"": ""2-2"", ""probability"": 0.049371}, {""score"": ""0-3"", ""probability"": 0.049022}]",,0.5177,0.4823,Yes,2.5,0.4923,0.5077,False,Under 2.5,0.5,0.4962,0.5038,False,Real Madrid -0.5,False,False,False,False,False,False,,,,,,,,0.5151,0.4849,0.2,weekly_update_20260922T102609Z_b8bb7f8f,2026-08-18.phase1,0.1.0-phase1,0.1.0-phase1,2026-09-22T10:26:09+00:00
LALIGA2627_MW15_143_AtléticodeMadrid_RealBetis,2026-27,15,2026-12-06,2026-12-06T00:00:00+00:00,Atlético de Madrid,Real Betis,Riyadh Air Metropolitano,scheduled,early_week_mode,,,,1.834,1.035,,,1-1,,draw,,0.5872,0.2383,0.1745,Atlético de Madrid,0.5595,0.2307,0.2098,,,,"[{""score"": ""1-1"", ""probability"": 0.109209}, {""score"": ""1-0"", ""probability"": 0.10263}, {""score"": ""2-1"", ""probability"": 0.098809}, {""score"": ""2-0"", ""probability"": 0.095494}, {""score"": ""3-1"", ""probability"": 0.060419}, {""score"": ""3-0"", ""probability"": 0.058392}, {""score"": ""0-0"", ""probability"": 0.058236}, {""score"": ""0-1"", ""probability"": 0.057242}, {""score"": ""1-2"", ""probability"": 0.055733}, {""score"": ""2-2"", ""probability"": 0.051119}]",,0.5432,0.4568,Yes,2.5,0.5468,0.4532,False,Over 2.5,-0.75,0.4999,0.5001,False,Real Betis +0.75,False,False,False,False,False,False,,,,,,,,0.5872,0.4128,0.2,weekly_update_20260922T102609Z_b8bb7f8f,2026-08-18.phase1,0.1.0-phase1,0.1.0-phase1,2026-09-22T10:26:09+00:00
LALIGA2627_MW15_144_FCBarcelona_CeltaVigo,2026-27,15,2026-12-06,2026-12-06T00:00:00+00:00,FC Barcelona,Celta Vigo,Spotify Camp Nou,scheduled,early_week_mode,,,,2.915,0.858,,,2-0,,home_win,,0.778,0.1356,0.0864,FC Barcelona,0.7898,0.1301,0.0801,,,,"[{""score"": ""2-0"", ""probability"": 0.097943}, {""score"": ""3-0"", ""probability"": 0.095171}, {""score"": ""2-1"", ""probability"": 0.084045}, {""score"": ""3-1"", ""probability"": 0.081666}, {""score"": ""4-0"", ""probability"": 0.069357}, {""score"": ""1-0"", ""probability"": 0.066405}, {""score"": ""4-1"", ""probability"": 0.059516}, {""score"": ""1-1"", ""probability"": 0.058456}, {""score"": ""5-0"", ""probability"": 0.040436}, {""score"": ""2-2"", ""probability"": 0.03606}]",,0.5455,0.4545,Yes,2.5,0.7259,0.2741,False,Over 2.5,-2.0,0.4911,0.5089,False,Celta Vigo +2,False,False,False,False,False,False,,,,,,,,0.778,0.222,0.2,weekly_update_20260922T102609Z_b8bb7f8f,2026-08-18.phase1,0.1.0-phase1,0.1.0-phase1,2026-09-22T10:26:09+00:00
LALIGA2627_MW15_145_GetafeCF_ValenciaCF,2026-27,15,2026-12-06,2026-12-06T00:00:00+00:00,Getafe CF,Valencia CF,Coliseum,scheduled,early_week_mode,,,,0.966,0.733,,,0-0,,draw,,0.3935,0.3389,0.2676,Getafe CF,0.3946,0.3407,0.2647,,,,"[{""score"": ""0-0"", ""probability"": 0.184645}, {""score"": ""1-0"", ""probability"": 0.174871}, {""score"": ""0-1"", ""probability"": 0.132254}, {""score"": ""1-1"", ""probability"": 0.131265}, {""score"": ""2-0"", ""probability"": 0.085326}, {""score"": ""2-1"", ""probability"": 0.062542}, {""score"": ""0-2"", ""probability"": 0.049123}, {""score"": ""1-2"", ""probability"": 0.047455}, {""score"": ""3-0"", ""probability"": 0.027476}, {""score"": ""2-2"", ""probability"": 0.022921}]",,0.3236,0.6764,No,2.5,0.2425,0.7575,False,Under 2.5,-0.25,0.4798,0.5202,False,Valencia CF +0.25,False,False,False,False,False,False,,,,,,,,0.3935,0.6065,0.2,weekly_update_20260922T102609Z_b8bb7f8f,2026-08-18.phase1,0.1.0-phase1,0.1.0-phase1,2026-09-22T10:26:09+00:00
LALIGA2627_MW15_146_CAOsasuna_ElcheCF,2026-27,15,2026-12-06,2026-12-06T00:00:00+00:00,CA Osasuna,Elche CF,Estadio El Sadar,scheduled,early_week_mode,,,,1.606,1.238,,,1-1,,draw,,0.4377,0.2966,0.2657,CA Osasuna,0.4579,0.249,0.2931,,,,"[{""score"": ""1-1"", ""probability"": 0.117288}, {""score"": ""2-1"", ""probability"": 0.092916}, {""score"": ""1-0"", ""probability"": 0.091858}, {""score"": ""2-0"", ""probability"": 0.07505}, {""score"": ""1-2"", ""probability"": 0.071619}, {""score"": ""0-1"", ""probability"": 0.070439}, {""score"": ""0-0"", ""probability"": 0.059772}, {""score"": ""2-2"", ""probability"": 0.057517}, {""score"": ""3-1"", ""probability"": 0.049747}, {""score"": ""0-2"", ""probability"": 0.044589}]",,0.5692,0.4308,Yes,2.5,0.541,0.459,False,Over 2.5,-0.25,0.5202,0.4798,False,CA Osasuna -0.25,False,False,False,False,False,False,,,,,,,,0.4377,0.5623,0.2,weekly_update_20260922T102609Z_b8bb7f8f,2026-08-18.phase1,0.1.0-phase1,0.1.0-phase1,2026-09-22T10:26:09+00:00
LALIGA2627_MW15_147_R.RacingClub_RCDeportivo,2026-27,15,2026-12-06,2026-12-06T00:00:00+00:00,R. Racing Club,RC Deportivo,El Sardinero,scheduled,early_week_mode,,,,1.876,2.294,,,1-2,,away_win,,0.4462,0.2653,0.2885,R. Racing Club,0.3212,0.2007,0.4782,,,,"[{""score"": ""1-2"", ""probability"": 0.076339}, {""score"": ""2-2"", ""probability"": 0.071601}, {""score"": ""1-1"", ""probability"": 0.06747}, {""score"": ""2-1"", ""probability"": 0.062424}, {""score"": ""1-3"", ""probability"": 0.058375}, {""score"": ""2-3"", ""probability"": 0.054751}, {""score"": ""3-2"", ""probability"": 0.044771}, {""score"": ""0-2"", ""probability"": 0.040695}, {""score"": ""3-1"", ""probability"": 0.039033}, {""score"": ""0-1"", ""probability"": 0.034564}]",,0.7622,0.2378,Yes,2.5,0.7856,0.2144,False,Over 2.5,0.5,0.5218,0.4782,False,R. Racing Club +0.5,False,False,False,False,False,False,,,,,,,,0.4462,0.5538,0.2,weekly_update_20260922T102609Z_b8bb7f8f,2026-08-18.phase1,0.1.0-phase1,0.1.0-phase1,2026-09-22T10:26:09+00:00
LALIGA2627_MW15_148_RayoVallecano_LevanteUD,2026-27,15,2026-12-06,2026-12-06T00:00:00+00:00,Rayo Vallecano,Levante UD,Estadio de Vallecas,scheduled,early_week_mode,,,,1.574,1.095,,,1-1,,draw,,0.4877,0.2819,0.2305,Rayo Vallecano,0.4826,0.2546,0.2628,,,,"[{""score"": ""1-1"", ""probability"": 0.121139}, {""score"": ""1-0"", ""probability"": 0.107526}, {""score"": ""2-1"", ""probability"": 0.094032}, {""score"": ""2-0"", ""probability"": 0.085907}, {""score"": ""0-1"", ""probability"": 0.074282}, {""score"": ""0-0"", ""probability"": 0.071011}, {""score"": ""1-2"", ""probability"": 0.065398}, {""score"": ""2-2"", ""probability"": 0.051462}, {""score"": ""3-1"", ""probability"": 0.04933}, {""score"": ""3-0"", ""probability"": 0.045068}]",,0.5291,0.4709,Yes,2.5,0.4986,0.5014,False,Under 2.5,-0.5,0.4826,0.5174,False,Levante UD +0.5,False,False,False,False,False,False,,,,,,,,0.4877,0.5123,0.2,weekly_update_20260922T102609Z_b8bb7f8f,2026-08-18.phase1,0.1.0-phase1,0.1.0-phase1,2026-09-22T10:26:09+00:00
LALIGA2627_MW15_149_SevillaFC_MálagaCF,2026-27,15,2026-12-06,2026-12-06T00:00:00+00:00,Sevilla FC,Málaga CF,Ramón Sánchez-Pizjuán,scheduled,early_week_mode,,,,1.762,0.405,,,1-0,,home_win,,0.6443,0.2215,0.1341,Sevilla FC,0.7084,0.2143,0.0774,,,,"[{""score"": ""1-0"", ""probability"": 0.200696}, {""score"": ""2-0"", ""probability"": 0.177828}, {""score"": ""0-0"", ""probability"": 0.115649}, {""score"": ""3-0"", ""probability"": 0.104459}, {""score"": ""1-1"", ""probability"": 0.082824}, {""score"": ""2-1"", ""probability"": 0.071988}, {""score"": ""4-0"", ""probability"": 0.04602}, {""score"": ""0-1"", ""probability"": 0.045237}, {""score"": ""3-1"", ""probability"": 0.042287}, {""score"": ""4-1"", ""probability"": 0.01863}]",,0.2769,0.7231,No,2.5,0.3684,0.6316,False,Under 2.5,-1.25,0.4971,0.5029,False,Málaga CF +1.25,False,False,False,False,False,False,,,,,,,,0.6443,0.3557,0.2,weekly_update_20260922T102609Z_b8bb7f8f,2026-08-18.phase1,0.1.0-phase1,0.1.0-phase1,2026-09-22T10:26:09+00:00
LALIGA2627_MW15_150_VillarrealCF_RealSociedad,2026-27,15,2026-12-06,2026-12-06T00:00:00+00:00,Villarreal CF,Real Sociedad,Estadio de la Cerámica,scheduled,early_week_mode,,,,2.342,1.226,,,2-1,,home_win,,0.569,0.2469,0.1841,Villarreal CF,0.6211,0.1921,0.1868,,,,"[{""score"": ""2-1"", ""probability"": 0.094935}, {""score"": ""1-1"", ""probability"": 0.082199}, {""score"": ""2-0"", ""probability"": 0.077445}, {""score"": ""3-1"", ""probability"": 0.074102}, {""score"": ""1-0"", ""probability"": 0.06503}, {""score"": ""3-0"", ""probability"": 0.06045}, {""score"": ""2-2"", ""probability"": 0.058187}, {""score"": ""1-2"", ""probability"": 0.049697}, {""score"": ""3-2"", ""probability"": 0.045418}, {""score"": ""4-1"", ""probability"": 0.04338}]",,0.6396,0.3604,Yes,2.5,0.6912,0.3088,False,Over 2.5,-1.0,0.5121,0.4879,False,Villarreal CF -1,False,False,False,False,False,False,,,,,,,,0.569,0.431,0.2,weekly_update_20260922T102609Z_b8bb7f8f,2026-08-18.phase1,0.1.0-phase1,0.1.0-phase1,2026-09-22T10:26:09+00:00
LALIGA2627_MW16_151_AtléticodeMadrid_ValenciaCF,2026-27,16,2026-12-13,2026-12-13T00:00:00+00:00,Atlético de Madrid,Valencia CF,Riyadh Air Metropolitano,scheduled,early_week_mode,,,,2.151,0.781,,,2-0,,home_win,,0.6632,0.2087,0.1281,Atlético de Madrid,0.6874,0.1908,0.1218,,,,"[{""score"": ""2-0"", ""probability"": 0.123337}, {""score"": ""1-0"", ""probability"": 0.113453}, {""score"": ""2-1"", ""probability"": 0.096322}, {""score"": ""1-1"", ""probability"": 0.090797}, {""score"": ""3-0"", ""probability"": 0.088428}, {""score"": ""3-1"", ""probability"": 0.069059}, {""score"": ""0-0"", ""probability"": 0.054553}, {""score"": ""4-0"", ""probability"": 0.047549}, {""score"": ""0-1"", ""probability"": 0.040409}, {""score"": ""2-2"", ""probability"": 0.037612}]",,0.4802,0.5198,No,2.5,0.5612,0.4388,False,Over 2.5,-1.25,0.5067,0.4933,False,Atlético de Madrid -1.25,False,False,False,False,False,False,,,,,,,,0.6632,0.3368,0.2,weekly_update_20260922T102609Z_b8bb7f8f,2026-08-18.phase1,0.1.0-phase1,0.1.0-phase1,2026-09-22T10:26:09+00:00
LALIGA2627_MW16_152_RealBetis_R.RacingClub,2026-27,16,2026-12-13,2026-12-13T00:00:00+00:00,Real Betis,R. Racing Club,Estadio La Cartuja,scheduled,early_week_mode,,,,3.809,1.127,,,3-1,,home_win,,0.7286,0.1487,0.1227,Real Betis,0.8398,0.0944,0.0658,,,,"[{""score"": ""3-1"", ""probability"": 0.075794}, {""score"": ""4-1"", ""probability"": 0.07217}, {""score"": ""3-0"", ""probability"": 0.067242}, {""score"": ""4-0"", ""probability"": 0.064027}, {""score"": ""2-1"", ""probability"": 0.059699}, {""score"": ""5-1"", ""probability"": 0.054976}, {""score"": ""2-0"", ""probability"": 0.052964}, {""score"": ""5-0"", ""probability"": 0.048773}, {""score"": ""3-2"", ""probability"": 0.042717}, {""score"": ""4-2"", ""probability"": 0.040674}]",,0.6612,0.3388,Yes,2.5,0.8677,0.1323,False,Over 2.5,-2.5,0.5075,0.4925,False,Real Betis -2.5,False,False,False,False,False,False,,,,,,,,0.7286,0.2714,0.2,weekly_update_20260922T102609Z_b8bb7f8f,2026-08-18.phase1,0.1.0-phase1,0.1.0-phase1,2026-09-22T10:26:09+00:00
LALIGA2627_MW16_153_RCDeportivo_AthleticClub,2026-27,16,2026-12-13,2026-12-13T00:00:00+00:00,RC Deportivo,Athletic Club,Estadio ABANCA-RIAZOR,scheduled,early_week_mode,,,,1.239,1.17,,,1-1,,draw,,0.3864,0.3084,0.3052,RC Deportivo,0.377,0.2794,0.3436,,,,"[{""score"": ""1-1"", ""probability"": 0.13212}, {""score"": ""1-0"", ""probability"": 0.109592}, {""score"": ""0-1"", ""probability"": 0.103384}, {""score"": ""0-0"", ""probability"": 0.091684}, {""score"": ""2-1"", ""probability"": 0.080745}, {""score"": ""1-2"", ""probability"": 0.076244}, {""score"": ""2-0"", ""probability"": 0.06901}, {""score"": ""0-2"", ""probability"": 0.061531}, {""score"": ""2-2"", ""probability"": 0.047238}, {""score"": ""3-1"", ""probability"": 0.033351}]",,0.4917,0.5083,No,2.5,0.4327,0.5673,False,Under 2.5,0.0,0.5167,0.4833,False,RC Deportivo (pick'em),False,False,False,False,False,False,,,,,,,,0.3864,0.6136,0.2,weekly_update_20260922T102609Z_b8bb7f8f,2026-08-18.phase1,0.1.0-phase1,0.1.0-phase1,2026-09-22T10:26:09+00:00
LALIGA2627_MW16_154_ElcheCF_SevillaFC,2026-27,16,2026-12-13,2026-12-13T00:00:00+00:00,Elche CF,Sevilla FC,Estadio Martínez Valero,scheduled,early_week_mode,,,,1.646,1.282,,,1-1,,draw,,0.3446,0.2981,0.3573,Sevilla FC,0.4579,0.2451,0.297,,,,"[{""score"": ""1-1"", ""probability"": 0.114485}, {""score"": ""2-1"", ""probability"": 0.092925}, {""score"": ""1-0"", ""probability"": 0.086558}, {""score"": ""2-0"", ""probability"": 0.072502}, {""score"": ""1-2"", ""probability"": 0.072371}, {""score"": ""0-1"", ""probability"": 0.067069}, {""score"": ""2-2"", ""probability"": 0.05955}, {""score"": ""0-0"", ""probability"": 0.055095}, {""score"": ""3-1"", ""probability"": 0.050975}, {""score"": ""0-2"", ""probability"": 0.043976}]",,0.5846,0.4154,Yes,2.5,0.5603,0.4397,False,Over 2.5,-0.25,0.5192,0.4808,False,Elche CF -0.25,False,False,False,False,False,False,,,,,,,,0.3573,0.6427,0.2,weekly_update_20260922T102609Z_b8bb7f8f,2026-08-18.phase1,0.1.0-phase1,0.1.0-phase1,2026-09-22T10:26:09+00:00
LALIGA2627_MW16_155_RCDEspanyoldeBarcelona_CeltaVigo,2026-27,16,2026-12-13,2026-12-13T00:00:00+00:00,RCD Espanyol de Barcelona,Celta Vigo,RCDE Stadium,scheduled,early_week_mode,,,,1.276,1.208,,,1-1,,draw,,0.3483,0.3107,0.341,RCD Espanyol de Barcelona,0.379,0.2744,0.3465,,,,"[{""score"": ""1-1"", ""probability"": 0.130349}, {""score"": ""1-0"", ""probability"": 0.10469}, {""score"": ""0-1"", ""probability"": 0.099017}, {""score"": ""0-0"", ""probability"": 0.085216}, {""score"": ""2-1"", ""probability"": 0.082019}, {""score"": ""1-2"", ""probability"": 0.077648}, {""score"": ""2-0"", ""probability"": 0.067909}, {""score"": ""0-2"", ""probability"": 0.060864}, {""score"": ""2-2"", ""probability"": 0.049531}, {""score"": ""3-1"", ""probability"": 0.034879}]",,0.5071,0.4929,Yes,2.5,0.452,0.548,False,Under 2.5,0.0,0.5162,0.4838,False,RCD Espanyol de Barcelona (pick'em),False,False,False,False,False,False,,,,,,,,0.3483,0.6517,0.2,weekly_update_20260922T102609Z_b8bb7f8f,2026-08-18.phase1,0.1.0-phase1,0.1.0-phase1,2026-09-22T10:26:09+00:00
LALIGA2627_MW16_156_LevanteUD_DeportivoAlavés,2026-27,16,2026-12-13,2026-12-13T00:00:00+00:00,Levante UD,Deportivo Alavés,Estadio Ciutat de València,scheduled,early_week_mode,,,,1.484,1.208,,,1-1,,draw,,0.399,0.3047,0.2962,Levante UD,0.4338,0.2591,0.3071,,,,"[{""score"": ""1-1"", ""probability"": 0.123117}, {""score"": ""1-0"", ""probability"": 0.098825}, {""score"": ""2-1"", ""probability"": 0.090102}, {""score"": ""0-1"", ""probability"": 0.080176}, {""score"": ""2-0"", ""probability"": 0.074559}, {""score"": ""1-2"", ""probability"": 0.073382}, {""score"": ""0-0"", ""probability"": 0.069399}, {""score"": ""2-2"", ""probability"": 0.054443}, {""score"": ""0-2"", ""probability"": 0.049455}, {""score"": ""3-1"", ""probability"": 0.044565}]",,0.544,0.456,Yes,2.5,0.5045,0.4955,False,Over 2.5,-0.25,0.4985,0.5015,False,Deportivo Alavés +0.25,False,False,False,False,False,False,,,,,,,,0.399,0.601,0.2,weekly_update_20260922T102609Z_b8bb7f8f,2026-08-18.phase1,0.1.0-phase1,0.1.0-phase1,2026-09-22T10:26:09+00:00
LALIGA2627_MW16_157_MálagaCF_FCBarcelona,2026-27,16,2026-12-13,2026-12-13T00:00:00+00:00,Málaga CF,FC Barcelona,La Rosaleda,scheduled,early_week_mode,,,,0.385,2.82,,,0-2,,away_win,,0.1463,0.2018,0.6519,FC Barcelona,0.03,0.0995,0.8704,,,,"[{""score"": ""0-2"", ""probability"": 0.161719}, {""score"": ""0-3"", ""probability"": 0.15201}, {""score"": ""0-1"", ""probability"": 0.114091}, {""score"": ""0-4"", ""probability"": 0.107163}, {""score"": ""1-2"", ""probability"": 0.06223}, {""score"": ""0-5"", ""probability"": 0.060438}, {""score"": ""1-3"", ""probability"": 0.058494}, {""score"": ""1-1"", ""probability"": 0.044744}, {""score"": ""0-0"", ""probability"": 0.041282}, {""score"": ""1-4"", ""probability"": 0.041237}]",,0.3009,0.6991,No,2.5,0.6201,0.3799,False,Over 2.5,2.25,0.4898,0.5102,False,FC Barcelona -2.25,False,False,False,False,False,False,,,,,,,,0.6519,0.3481,0.2,weekly_update_20260922T102609Z_b8bb7f8f,2026-08-18.phase1,0.1.0-phase1,0.1.0-phase1,2026-09-22T10:26:09+00:00
LALIGA2627_MW16_158_RealMadrid_CAOsasuna,2026-27,16,2026-12-13,2026-12-13T00:00:00+00:00,Real Madrid,CA Osasuna,Bernabéu,scheduled,early_week_mode,,,,2.592,0.718,,,2-0,,home_win,,0.7833,0.1352,0.0815,Real Madrid,0.7749,0.1455,0.0796,,,,"[{""score"": ""2-0"", ""probability"": 0.122892}, {""score"": ""3-0"", ""probability"": 0.10617}, {""score"": ""1-0"", ""probability"": 0.093895}, {""score"": ""2-1"", ""probability"": 0.088196}, {""score"": ""3-1"", ""probability"": 0.076195}, {""score"": ""1-1"", ""probability"": 0.068994}, {""score"": ""4-0"", ""probability"": 0.068792}, {""score"": ""4-1"", ""probability"": 0.04937}, {""score"": ""0-0"", ""probability"": 0.037526}, {""score"": ""5-0"", ""probability"": 0.035659}]",,0.4746,0.5254,No,2.5,0.6419,0.3581,False,Over 2.5,-1.75,0.506,0.494,False,Real Madrid -1.75,False,False,False,False,False,False,,,,,,,,0.7833,0.2167,0.2,weekly_update_20260922T102609Z_b8bb7f8f,2026-08-18.phase1,0.1.0-phase1,0.1.0-phase1,2026-09-22T10:26:09+00:00
LALIGA2627_MW16_159_RealSociedad_GetafeCF,2026-27,16,2026-12-13,2026-12-13T00:00:00+00:00,Real Sociedad,Getafe CF,Anoeta,scheduled,early_week_mode,,,,1.23,0.755,,,1-0,,home_win,,0.4605,0.3099,0.2296,Real Sociedad,0.4728,0.3013,0.2259,,,,"[{""score"": ""1-0"", ""probability"": 0.167268}, {""score"": ""0-0"", ""probability"": 0.139172}, {""score"": ""1-1"", ""probability"": 0.129324}, {""score"": ""2-0"", ""probability"": 0.103949}, {""score"": ""0-1"", ""probability"": 0.101959}, {""score"": ""2-1"", ""probability"": 0.078455}, {""score"": ""1-2"", ""probability"": 0.048141}, {""score"": ""3-0"", ""probability"": 0.042619}, {""score"": ""0-2"", ""probability"": 0.039139}, {""score"": ""3-1"", ""probability"": 0.032167}]",,0.3767,0.6233,No,2.5,0.3192,0.6808,False,Under 2.5,-0.5,0.4728,0.5272,False,Getafe CF +0.5,False,False,False,False,False,False,,,,,,,,0.4605,0.5395,0.2,weekly_update_20260922T102609Z_b8bb7f8f,2026-08-18.phase1,0.1.0-phase1,0.1.0-phase1,2026-09-22T10:26:09+00:00
LALIGA2627_MW16_160_VillarrealCF_RayoVallecano,2026-27,16,2026-12-13,2026-12-13T00:00:00+00:00,Villarreal CF,Rayo Vallecano,Estadio de la Cerámica,scheduled,early_week_mode,,,,2.049,0.995,,,2-0,,home_win,,0.6086,0.2274,0.1639,Villarreal CF,0.6158,0.2097,0.1744,,,,"[{""score"": ""2-0"", ""probability"": 0.100056}, {""score"": ""2-1"", ""probability"": 0.099541}, {""score"": ""1-1"", ""probability"": 0.098476}, {""score"": ""1-0"", ""probability"": 0.096305}, {""score"": ""3-0"", ""probability"": 0.068353}, {""score"": ""3-1"", ""probability"": 0.068001}, {""score"": ""2-2"", ""probability"": 0.049515}, {""score"": ""0-0"", ""probability"": 0.04898}, {""score"": ""1-2"", ""probability"": 0.04832}, {""score"": ""0-1"", ""probability"": 0.046062}]",,0.5504,0.4496,Yes,2.5,0.5865,0.4135,False,Over 2.5,-1.0,0.4978,0.5022,False,Rayo Vallecano +1,False,False,False,False,False,False,,,,,,,,0.6086,0.3914,0.2,weekly_update_20260922T102609Z_b8bb7f8f,2026-08-18.phase1,0.1.0-phase1,0.1.0-phase1,2026-09-22T10:26:09+00:00
LALIGA2627_MW17_161_DeportivoAlavés_ElcheCF,2026-27,17,2026-12-20,2026-12-20T00:00:00+00:00,Deportivo Alavés,Elche CF,Mendizorroza,scheduled,early_week_mode,,,,1.647,1.127,,,1-1,,draw,,0.4804,0.2938,0.2258,Deportivo Alavés,0.4931,0.2477,0.2591,,,,"[{""score"": ""1-1"", ""probability"": 0.117467}, {""score"": ""1-0"", ""probability"": 0.10122}, {""score"": ""2-1"", ""probability"": 0.095397}, {""score"": ""2-0"", ""probability"": 0.084646}, {""score"": ""0-1"", ""probability"": 0.068777}, {""score"": ""1-2"", ""probability"": 0.065295}, {""score"": ""0-0"", ""probability"": 0.064035}, {""score"": ""2-2"", ""probability"": 0.053757}, {""score"": ""3-1"", ""probability"": 0.05236}, {""score"": ""3-0"", ""probability"": 0.046459}]",,0.5473,0.4527,Yes,2.5,0.5242,0.4758,False,Over 2.5,-0.5,0.4931,0.5069,False,Elche CF +0.5,False,False,False,False,False,False,,,,,,,,0.4804,0.5196,0.2,weekly_update_20260922T102609Z_b8bb7f8f,2026-08-18.phase1,0.1.0-phase1,0.1.0-phase1,2026-09-22T10:26:09+00:00
LALIGA2627_MW17_162_AthleticClub_RealBetis,2026-27,17,2026-12-20,2026-12-20T00:00:00+00:00,Athletic Club,Real Betis,Estadio San Mamés,scheduled,early_week_mode,,,,1.273,1.137,,,1-1,,draw,,0.3778,0.3126,0.3096,Athletic Club,0.3935,0.2788,0.3277,,,,"[{""score"": ""1-1"", ""probability"": 0.131807}, {""score"": ""1-0"", ""probability"": 0.112602}, {""score"": ""0-1"", ""probability"": 0.10038}, {""score"": ""0-0"", ""probability"": 0.091678}, {""score"": ""2-1"", ""probability"": 0.082729}, {""score"": ""1-2"", ""probability"": 0.07389}, {""score"": ""2-0"", ""probability"": 0.072786}, {""score"": ""0-2"", ""probability"": 0.058063}, {""score"": ""2-2"", ""probability"": 0.047015}, {""score"": ""3-1"", ""probability"": 0.035093}]",,0.4907,0.5093,No,2.5,0.4327,0.5673,False,Under 2.5,0.0,0.5329,0.4671,False,Athletic Club (pick'em),False,False,False,False,False,False,,,,,,,,0.3778,0.6222,0.2,weekly_update_20260922T102609Z_b8bb7f8f,2026-08-18.phase1,0.1.0-phase1,0.1.0-phase1,2026-09-22T10:26:09+00:00
LALIGA2627_MW17_163_CeltaVigo_AtléticodeMadrid,2026-27,17,2026-12-20,2026-12-20T00:00:00+00:00,Celta Vigo,Atlético de Madrid,Estadio ABANCA Balaídos,scheduled,early_week_mode,,,,1.254,1.453,,,1-1,,draw,,0.2545,0.2935,0.452,Atlético de Madrid,0.3245,0.2597,0.4158,,,,"[{""score"": ""1-1"", ""probability"": 0.123273}, {""score"": ""0-1"", ""probability"": 0.095278}, {""score"": ""1-2"", ""probability"": 0.088336}, {""score"": ""1-0"", ""probability"": 0.082022}, {""score"": ""2-1"", ""probability"": 0.076258}, {""score"": ""0-2"", ""probability"": 0.07043}, {""score"": ""0-0"", ""probability"": 0.068403}, {""score"": ""2-2"", ""probability"": 0.055397}, {""score"": ""2-0"", ""probability"": 0.052487}, {""score"": ""1-3"", ""probability"": 0.042781}]",,0.5492,0.4508,Yes,2.5,0.5081,0.4919,False,Over 2.5,0.25,0.5193,0.4807,False,Celta Vigo +0.25,False,False,False,False,False,False,,,,,,,,0.452,0.548,0.2,weekly_update_20260922T102609Z_b8bb7f8f,2026-08-18.phase1,0.1.0-phase1,0.1.0-phase1,2026-09-22T10:26:09+00:00
LALIGA2627_MW17_164_RCDeportivo_RealMadrid,2026-27,17,2026-12-20,2026-12-20T00:00:00+00:00,RC Deportivo,Real Madrid,Estadio ABANCA-RIAZOR,scheduled,early_week_mode,,,,1.016,1.996,,,1-1,,draw,,0.2014,0.2344,0.5642,Real Madrid,0.1852,0.2153,0.5995,,,,"[{""score"": ""1-1"", ""probability"": 0.101161}, {""score"": ""1-2"", ""probability"": 0.099584}, {""score"": ""0-2"", ""probability"": 0.097998}, {""score"": ""0-1"", ""probability"": 0.096825}, {""score"": ""1-3"", ""probability"": 0.066254}, {""score"": ""0-3"", ""probability"": 0.065198}, {""score"": ""2-1"", ""probability"": 0.050702}, {""score"": ""2-2"", ""probability"": 0.050598}, {""score"": ""0-0"", ""probability"": 0.050573}, {""score"": ""1-0"", ""probability"": 0.048623}]",,0.5527,0.4473,Yes,2.5,0.5794,0.4206,False,Over 2.5,1.0,0.5187,0.4813,False,RC Deportivo +1,False,False,False,False,False,False,,,,,,,,0.5642,0.4358,0.2,weekly_update_20260922T102609Z_b8bb7f8f,2026-08-18.phase1,0.1.0-phase1,0.1.0-phase1,2026-09-22T10:26:09+00:00
LALIGA2627_MW17_165_FCBarcelona_RealSociedad,2026-27,17,2026-12-20,2026-12-20T00:00:00+00:00,FC Barcelona,Real Sociedad,Spotify Camp Nou,scheduled,early_week_mode,,,,3.372,0.897,,,3-0,,home_win,,0.7796,0.1377,0.0828,FC Barcelona,0.8347,0.1034,0.062,,,,"[{""score"": ""3-0"", ""probability"": 0.090185}, {""score"": ""3-1"", ""probability"": 0.080861}, {""score"": ""2-0"", ""probability"": 0.080245}, {""score"": ""4-0"", ""probability"": 0.076017}, {""score"": ""2-1"", ""probability"": 0.071948}, {""score"": ""4-1"", ""probability"": 0.068157}, {""score"": ""5-0"", ""probability"": 0.05126}, {""score"": ""1-0"", ""probability"": 0.047013}, {""score"": ""5-1"", ""probability"": 0.04596}, {""score"": ""1-1"", ""probability"": 0.043266}]",,0.5721,0.4279,Yes,2.5,0.797,0.203,False,Over 2.5,-2.25,0.5198,0.4802,False,FC Barcelona -2.25,False,False,False,False,False,False,,,,,,,,0.7796,0.2204,0.2,weekly_update_20260922T102609Z_b8bb7f8f,2026-08-18.phase1,0.1.0-phase1,0.1.0-phase1,2026-09-22T10:26:09+00:00
LALIGA2627_MW17_166_GetafeCF_LevanteUD,2026-27,17,2026-12-20,2026-12-20T00:00:00+00:00,Getafe CF,Levante UD,Coliseum,scheduled,early_week_mode,,,,1.104,0.862,,,1-0,,home_win,,0.4637,0.3092,0.2271,Getafe CF,0.4074,0.3122,0.2804,,,,"[{""score"": ""1-0"", ""probability"": 0.152683}, {""score"": ""0-0"", ""probability"": 0.141804}, {""score"": ""1-1"", ""probability"": 0.135089}, {""score"": ""0-1"", ""probability"": 0.118878}, {""score"": ""2-0"", ""probability"": 0.085287}, {""score"": ""2-1"", ""probability"": 0.073552}, {""score"": ""1-2"", ""probability"": 0.05746}, {""score"": ""0-2"", ""probability"": 0.052051}, {""score"": ""2-2"", ""probability"": 0.031716}, {""score"": ""3-0"", ""probability"": 0.031383}]",,0.3881,0.6119,No,2.5,0.3142,0.6858,False,Under 2.5,-0.25,0.4855,0.5145,False,Levante UD +0.25,False,False,False,False,False,False,,,,,,,,0.4637,0.5363,0.2,weekly_update_20260922T102609Z_b8bb7f8f,2026-08-18.phase1,0.1.0-phase1,0.1.0-phase1,2026-09-22T10:26:09+00:00
LALIGA2627_MW17_167_CAOsasuna_VillarrealCF,2026-27,17,2026-12-20,2026-12-20T00:00:00+00:00,CA Osasuna,Villarreal CF,Estadio El Sadar,scheduled,early_week_mode,,,,1.349,1.686,,,1-1,,draw,,0.2421,0.2907,0.4672,Villarreal CF,0.3062,0.2408,0.4531,,,,"[{""score"": ""1-1"", ""probability"": 0.110854}, {""score"": ""1-2"", ""probability"": 0.09219}, {""score"": ""0-1"", ""probability"": 0.079567}, {""score"": ""2-1"", ""probability"": 0.073745}, {""score"": ""0-2"", ""probability"": 0.06835}, {""score"": ""1-0"", ""probability"": 0.063347}, {""score"": ""2-2"", ""probability"": 0.062173}, {""score"": ""1-3"", ""probability"": 0.051816}, {""score"": ""0-0"", ""probability"": 0.049585}, {""score"": ""2-0"", ""probability"": 0.043735}]",,0.6048,0.3952,Yes,2.5,0.5846,0.4154,False,Over 2.5,0.25,0.4867,0.5133,False,Villarreal CF -0.25,False,False,False,False,False,False,,,,,,,,0.4672,0.5328,0.2,weekly_update_20260922T102609Z_b8bb7f8f,2026-08-18.phase1,0.1.0-phase1,0.1.0-phase1,2026-09-22T10:26:09+00:00
LALIGA2627_MW17_168_RayoVallecano_MálagaCF,2026-27,17,2026-12-20,2026-12-20T00:00:00+00:00,Rayo Vallecano,Málaga CF,Estadio de Vallecas,scheduled,early_week_mode,,,,1.629,0.37,,,1-0,,home_win,,0.588,0.2533,0.1587,Rayo Vallecano,0.6889,0.2326,0.0785,,,,"[{""score"": ""1-0"", ""probability"": 0.219541}, {""score"": ""2-0"", ""probability"": 0.179723}, {""score"": ""0-0"", ""probability"": 0.136591}, {""score"": ""3-0"", ""probability"": 0.097585}, {""score"": ""1-1"", ""probability"": 0.082805}, {""score"": ""2-1"", ""probability"": 0.066526}, {""score"": ""0-1"", ""probability"": 0.04902}, {""score"": ""4-0"", ""probability"": 0.039739}, {""score"": ""3-1"", ""probability"": 0.036122}, {""score"": ""1-2"", ""probability"": 0.015118}]",,0.2498,0.7502,No,2.5,0.323,0.677,False,Under 2.5,-1.25,0.4691,0.5309,False,Málaga CF +1.25,False,False,False,False,False,False,,,,,,,,0.588,0.412,0.2,weekly_update_20260922T102609Z_b8bb7f8f,2026-08-18.phase1,0.1.0-phase1,0.1.0-phase1,2026-09-22T10:26:09+00:00
LALIGA2627_MW17_169_SevillaFC_R.RacingClub,2026-27,17,2026-12-20,2026-12-20T00:00:00+00:00,Sevilla FC,R. Racing Club,Ramón Sánchez-Pizjuán,scheduled,early_week_mode,,,,3.148,1.33,,,3-1,,home_win,,0.6926,0.1611,0.1463,Sevilla FC,0.731,0.141,0.1279,,,,"[{""score"": ""3-1"", ""probability"": 0.078944}, {""score"": ""2-1"", ""probability"": 0.075228}, {""score"": ""4-1"", ""probability"": 0.062133}, {""score"": ""3-0"", ""probability"": 0.059372}, {""score"": ""2-0"", ""probability"": 0.056578}, {""score"": ""3-2"", ""probability"": 0.052484}, {""score"": ""2-2"", ""probability"": 0.050013}, {""score"": ""1-1"", ""probability"": 0.048449}, {""score"": ""4-0"", ""probability"": 0.046729}, {""score"": ""4-2"", ""probability"": 0.041307}]",,0.7043,0.2957,Yes,2.5,0.823,0.177,False,Over 2.5,-1.75,0.4977,0.5023,False,R. Racing Club +1.75,False,False,False,False,False,False,,,,,,,,0.6926,0.3074,0.2,weekly_update_20260922T102609Z_b8bb7f8f,2026-08-18.phase1,0.1.0-phase1,0.1.0-phase1,2026-09-22T10:26:09+00:00
LALIGA2627_MW17_170_ValenciaCF_RCDEspanyoldeBarcelona,2026-27,17,2026-12-20,2026-12-20T00:00:00+00:00,Valencia CF,RCD Espanyol de Barcelona,Camp de Mestalla,scheduled,early_week_mode,,,,1.361,1.043,,,1-1,,draw,,0.4793,0.2899,0.2308,Valencia CF,0.4389,0.2755,0.2856,,,,"[{""score"": ""1-1"", ""probability"": 0.130019}, {""score"": ""1-0"", ""probability"": 0.121151}, {""score"": ""0-1"", ""probability"": 0.092456}, {""score"": ""0-0"", ""probability"": 0.092063}, {""score"": ""2-1"", ""probability"": 0.087291}, {""score"": ""2-0"", ""probability"": 0.083657}, {""score"": ""1-2"", ""probability"": 0.066913}, {""score"": ""0-2"", ""probability"": 0.049157}, {""score"": ""2-2"", ""probability"": 0.045541}, {""score"": ""3-1"", ""probability"": 0.039607}]",,0.4835,0.5165,No,2.5,0.4315,0.5685,False,Under 2.5,-0.25,0.5078,0.4922,False,Valencia CF -0.25,False,False,False,False,False,False,,,,,,,,0.4793,0.5207,0.2,weekly_update_20260922T102609Z_b8bb7f8f,2026-08-18.phase1,0.1.0-phase1,0.1.0-phase1,2026-09-22T10:26:09+00:00
LALIGA2627_MW18_171_RealBetis_DeportivoAlavés,2026-27,18,2027-01-03,2027-01-03T00:00:00+00:00,Real Betis,Deportivo Alavés,Estadio La Cartuja,scheduled,early_week_mode,,,,1.671,0.902,,,1-0,,home_win,,0.5552,0.265,0.1798,Real Betis,0.5535,0.2458,0.2006,,,,"[{""score"": ""1-0"", ""probability"": 0.125945}, {""score"": ""1-1"", ""probability"": 0.116605}, {""score"": ""2-0"", ""probability"": 0.106544}, {""score"": ""2-1"", ""probability"": 0.096097}, {""score"": ""0-0"", ""probability"": 0.077904}, {""score"": ""0-1"", ""probability"": 0.067255}, {""score"": ""3-0"", ""probability"": 0.059342}, {""score"": ""3-1"", ""probability"": 0.053523}, {""score"": ""1-2"", ""probability"": 0.051872}, {""score"": ""2-2"", ""probability"": 0.043337}]",,0.484,0.516,No,2.5,0.4747,0.5253,False,Under 2.5,-0.75,0.4912,0.5088,False,Deportivo Alavés +0.75,False,False,False,False,False,False,,,,,,,,0.5552,0.4448,0.2,weekly_update_20260922T102609Z_b8bb7f8f,2026-08-18.phase1,0.1.0-phase1,0.1.0-phase1,2026-09-22T10:26:09+00:00
LALIGA2627_MW18_172_CeltaVigo_RCDeportivo,2026-27,18,2027-01-03,2027-01-03T00:00:00+00:00,Celta Vigo,RC Deportivo,Estadio ABANCA Balaídos,scheduled,early_week_mode,,,,1.713,0.987,,,1-1,,draw,,0.5846,0.2429,0.1725,Celta Vigo,0.5428,0.242,0.2152,,,,"[{""score"": ""1-1"", ""probability"": 0.115177}, {""score"": ""1-0"", ""probability"": 0.113584}, {""score"": ""2-0"", ""probability"": 0.098649}, {""score"": ""2-1"", ""probability"": 0.097335}, {""score"": ""0-0"", ""probability"": 0.068766}, {""score"": ""0-1"", ""probability"": 0.064744}, {""score"": ""3-0"", ""probability"": 0.056343}, {""score"": ""1-2"", ""probability"": 0.05605}, {""score"": ""3-1"", ""probability"": 0.055593}, {""score"": ""2-2"", ""probability"": 0.048019}]",,0.5157,0.4843,Yes,2.5,0.5064,0.4936,False,Over 2.5,-0.75,0.4822,0.5178,False,RC Deportivo +0.75,False,False,False,False,False,False,,,,,,,,0.5846,0.4154,0.2,weekly_update_20260922T102609Z_b8bb7f8f,2026-08-18.phase1,0.1.0-phase1,0.1.0-phase1,2026-09-22T10:26:09+00:00
LALIGA2627_MW18_173_RCDEspanyoldeBarcelona_FCBarcelona,2026-27,18,2027-01-03,2027-01-03T00:00:00+00:00,RCD Espanyol de Barcelona,FC Barcelona,RCDE Stadium,scheduled,early_week_mode,,,,0.998,2.385,,,0-2,,away_win,,0.1226,0.2007,0.6766,FC Barcelona,0.1403,0.18,0.6797,,,,"[{""score"": ""0-2"", ""probability"": 0.09663}, {""score"": ""1-2"", ""probability"": 0.096425}, {""score"": ""1-1"", ""probability"": 0.081959}, {""score"": ""0-1"", ""probability"": 0.079906}, {""score"": ""0-3"", ""probability"": 0.076834}, {""score"": ""1-3"", ""probability"": 0.076671}, {""score"": ""2-2"", ""probability"": 0.04811}, {""score"": ""0-4"", ""probability"": 0.04582}, {""score"": ""1-4"", ""probability"": 0.045722}, {""score"": ""2-1"", ""probability"": 0.040337}]",,0.5743,0.4257,Yes,2.5,0.6567,0.3433,False,Over 2.5,1.25,0.4876,0.5124,False,FC Barcelona -1.25,False,False,False,False,False,False,,,,,,,,0.6766,0.3234,0.2,weekly_update_20260922T102609Z_b8bb7f8f,2026-08-18.phase1,0.1.0-phase1,0.1.0-phase1,2026-09-22T10:26:09+00:00
LALIGA2627_MW18_174_LevanteUD_ValenciaCF,2026-27,18,2027-01-03,2027-01-03T00:00:00+00:00,Levante UD,Valencia CF,Estadio Ciutat de València,scheduled,early_week_mode,,,,1.601,1.156,,,1-1,,draw,,0.3661,0.2989,0.335,Levante UD,0.4752,0.2512,0.2736,,,,"[{""score"": ""1-1"", ""probability"": 0.119129}, {""score"": ""1-0"", ""probability"": 0.100072}, {""score"": ""2-1"", ""probability"": 0.094054}, {""score"": ""2-0"", ""probability"": 0.081389}, {""score"": ""0-1"", ""probability"": 0.071794}, {""score"": ""1-2"", ""probability"": 0.067899}, {""score"": ""0-0"", ""probability"": 0.065142}, {""score"": ""2-2"", ""probability"": 0.054345}, {""score"": ""3-1"", ""probability"": 0.050186}, {""score"": ""3-0"", ""probability"": 0.043428}]",,0.5485,0.4515,Yes,2.5,0.5201,0.4799,False,Over 2.5,-0.5,0.4752,0.5248,False,Valencia CF +0.5,False,False,False,False,False,False,,,,,,,,0.3661,0.6339,0.2,weekly_update_20260922T102609Z_b8bb7f8f,2026-08-18.phase1,0.1.0-phase1,0.1.0-phase1,2026-09-22T10:26:09+00:00
LALIGA2627_MW18_175_MálagaCF_ElcheCF,2026-27,18,2027-01-03,2027-01-03T00:00:00+00:00,Málaga CF,Elche CF,La Rosaleda,scheduled,early_week_mode,,,,0.626,1.438,,,0-1,,away_win,,0.4045,0.3234,0.2721,Málaga CF,0.1604,0.2728,0.5668,,,,"[{""score"": ""0-1"", ""probability"": 0.180886}, {""score"": ""0-2"", ""probability"": 0.131189}, {""score"": ""0-0"", ""probability"": 0.128455}, {""score"": ""1-1"", ""probability"": 0.115883}, {""score"": ""1-2"", ""probability"": 0.08219}, {""score"": ""1-0"", ""probability"": 0.077919}, {""score"": ""0-3"", ""probability"": 0.062884}, {""score"": ""1-3"", ""probability"": 0.039397}, {""score"": ""2-1"", ""probability"": 0.035808}, {""score"": ""2-2"", ""probability"": 0.025746}]",,0.3566,0.6434,No,2.5,0.3408,0.6592,False,Under 2.5,0.75,0.5023,0.4977,False,Málaga CF +0.75,False,False,False,False,False,False,,,,,,,,0.4045,0.5955,0.2,weekly_update_20260922T102609Z_b8bb7f8f,2026-08-18.phase1,0.1.0-phase1,0.1.0-phase1,2026-09-22T10:26:09+00:00
LALIGA2627_MW18_176_R.RacingClub_AthleticClub,2026-27,18,2027-01-03,2027-01-03T00:00:00+00:00,R. Racing Club,Athletic Club,El Sardinero,scheduled,early_week_mode,,,,1.508,2.343,,,1-2,,away_win,,0.3311,0.2677,0.4012,Athletic Club,0.2412,0.1976,0.5612,,,,"[{""score"": ""1-2"", ""probability"": 0.088045}, {""score"": ""1-1"", ""probability"": 0.076178}, {""score"": ""1-3"", ""probability"": 0.068773}, {""score"": ""2-2"", ""probability"": 0.066401}, {""score"": ""0-2"", ""probability"": 0.058371}, {""score"": ""2-1"", ""probability"": 0.056672}, {""score"": ""2-3"", ""probability"": 0.051867}, {""score"": ""0-1"", ""probability"": 0.048785}, {""score"": ""0-3"", ""probability"": 0.045595}, {""score"": ""1-4"", ""probability"": 0.04029}]",,0.7049,0.2951,Yes,2.5,0.7392,0.2608,False,Over 2.5,0.75,0.4906,0.5094,False,Athletic Club -0.75,False,False,False,False,False,False,,,,,,,,0.4012,0.5988,0.2,weekly_update_20260922T102609Z_b8bb7f8f,2026-08-18.phase1,0.1.0-phase1,0.1.0-phase1,2026-09-22T10:26:09+00:00
LALIGA2627_MW18_177_RayoVallecano_AtléticodeMadrid,2026-27,18,2027-01-03,2027-01-03T00:00:00+00:00,Rayo Vallecano,Atlético de Madrid,Estadio de Vallecas,scheduled,early_week_mode,,,,1.064,1.471,,,1-1,,draw,,0.221,0.2857,0.4933,Atlético de Madrid,0.2719,0.2646,0.4634,,,,"[{""score"": ""1-1"", ""probability"": 0.12578}, {""score"": ""0-1"", ""probability"": 0.114948}, {""score"": ""1-2"", ""probability"": 0.091239}, {""score"": ""0-2"", ""probability"": 0.085784}, {""score"": ""1-0"", ""probability"": 0.082654}, {""score"": ""0-0"", ""probability"": 0.081025}, {""score"": ""2-1"", ""probability"": 0.065981}, {""score"": ""2-2"", ""probability"": 0.04852}, {""score"": ""2-0"", ""probability"": 0.044863}, {""score"": ""1-3"", ""probability"": 0.044729}]",,0.506,0.494,Yes,2.5,0.4649,0.5351,False,Under 2.5,0.25,0.4704,0.5296,False,Atlético de Madrid -0.25,False,False,False,False,False,False,,,,,,,,0.4933,0.5067,0.2,weekly_update_20260922T102609Z_b8bb7f8f,2026-08-18.phase1,0.1.0-phase1,0.1.0-phase1,2026-09-22T10:26:09+00:00
LALIGA2627_MW18_178_RealMadrid_GetafeCF,2026-27,18,2027-01-03,2027-01-03T00:00:00+00:00,Real Madrid,Getafe CF,Bernabéu,scheduled,early_week_mode,,,,1.845,0.5,,,1-0,,home_win,,0.7234,0.1748,0.1018,Real Madrid,0.6993,0.2093,0.0914,,,,"[{""score"": ""1-0"", ""probability"": 0.17574}, {""score"": ""2-0"", ""probability"": 0.163228}, {""score"": ""3-0"", ""probability"": 0.100377}, {""score"": ""0-0"", ""probability"": 0.097135}, {""score"": ""1-1"", ""probability"": 0.089612}, {""score"": ""2-1"", ""probability"": 0.081538}, {""score"": ""3-1"", ""probability"": 0.050142}, {""score"": ""0-1"", ""probability"": 0.046699}, {""score"": ""4-0"", ""probability"": 0.046295}, {""score"": ""4-1"", ""probability"": 0.023126}]",,0.3323,0.6677,No,2.5,0.4156,0.5844,False,Under 2.5,-1.25,0.4962,0.5038,False,Getafe CF +1.25,False,False,False,False,False,False,,,,,,,,0.7234,0.2766,0.2,weekly_update_20260922T102609Z_b8bb7f8f,2026-08-18.phase1,0.1.0-phase1,0.1.0-phase1,2026-09-22T10:26:09+00:00
LALIGA2627_MW18_179_RealSociedad_CAOsasuna,2026-27,18,2027-01-03,2027-01-03T00:00:00+00:00,Real Sociedad,CA Osasuna,Anoeta,scheduled,early_week_mode,,,,1.728,1.084,,,1-1,,draw,,0.544,0.2634,0.1926,Real Sociedad,0.5228,0.2408,0.2364,,,,"[{""score"": ""1-1"", ""probability"": 0.114103}, {""score"": ""1-0"", ""probability"": 0.102253}, {""score"": ""2-1"", ""probability"": 0.097247}, {""score"": ""2-0"", ""probability"": 0.089685}, {""score"": ""0-1"", ""probability"": 0.063587}, {""score"": ""0-0"", ""probability"": 0.061619}, {""score"": ""1-2"", ""probability"": 0.061022}, {""score"": ""3-1"", ""probability"": 0.056014}, {""score"": ""2-2"", ""probability"": 0.052723}, {""score"": ""3-0"", ""probability"": 0.051659}]",,0.5458,0.4542,Yes,2.5,0.5334,0.4666,False,Over 2.5,-0.5,0.5228,0.4772,False,Real Sociedad -0.5,False,False,False,False,False,False,,,,,,,,0.544,0.456,0.2,weekly_update_20260922T102609Z_b8bb7f8f,2026-08-18.phase1,0.1.0-phase1,0.1.0-phase1,2026-09-22T10:26:09+00:00
LALIGA2627_MW18_180_VillarrealCF_SevillaFC,2026-27,18,2027-01-03,2027-01-03T00:00:00+00:00,Villarreal CF,Sevilla FC,Estadio de la Cerámica,scheduled,early_week_mode,,,,2.241,1.076,,,2-1,,home_win,,0.5736,0.2447,0.1817,Villarreal CF,0.6353,0.1954,0.1693,,,,"[{""score"": ""2-1"", ""probability"": 0.098021}, {""score"": ""2-0"", ""probability"": 0.091074}, {""score"": ""1-1"", ""probability"": 0.088671}, {""score"": ""1-0"", ""probability"": 0.080065}, {""score"": ""3-1"", ""probability"": 0.073233}, {""score"": ""3-0"", ""probability"": 0.068042}, {""score"": ""2-2"", ""probability"": 0.052749}, {""score"": ""1-2"", ""probability"": 0.04707}, {""score"": ""4-1"", ""probability"": 0.041034}, {""score"": ""3-2"", ""probability"": 0.039409}]",,0.5902,0.4098,Yes,2.5,0.6439,0.3561,False,Over 2.5,-1.0,0.5221,0.4779,False,Villarreal CF -1,False,False,False,False,False,False,,,,,,,,0.5736,0.4264,0.2,weekly_update_20260922T102609Z_b8bb7f8f,2026-08-18.phase1,0.1.0-phase1,0.1.0-phase1,2026-09-22T10:26:09+00:00
LALIGA2627_MW19_181_DeportivoAlavés_RealSociedad,2026-27,19,2027-01-10,2027-01-10T00:00:00+00:00,Deportivo Alavés,Real Sociedad,Mendizorroza,scheduled,early_week_mode,,,,1.495,1.169,,,1-1,,draw,,0.3759,0.3135,0.3105,Deportivo Alavés,0.4455,0.2595,0.295,,,,"[{""score"": ""1-1"", ""probability"": 0.123413}, {""score"": ""1-0"", ""probability"": 0.102445}, {""score"": ""2-1"", ""probability"": 0.091029}, {""score"": ""0-1"", ""probability"": 0.079728}, {""score"": ""2-0"", ""probability"": 0.077856}, {""score"": ""0-0"", ""probability"": 0.071298}, {""score"": ""1-2"", ""probability"": 0.071168}, {""score"": ""2-2"", ""probability"": 0.053216}, {""score"": ""0-2"", ""probability"": 0.047588}, {""score"": ""3-1"", ""probability"": 0.045378}]",,0.5365,0.4635,Yes,2.5,0.4977,0.5023,False,Under 2.5,-0.25,0.5104,0.4896,False,Deportivo Alavés -0.25,False,False,False,False,False,False,,,,,,,,0.3759,0.6241,0.2,weekly_update_20260922T102609Z_b8bb7f8f,2026-08-18.phase1,0.1.0-phase1,0.1.0-phase1,2026-09-22T10:26:09+00:00
LALIGA2627_MW19_182_AthleticClub_VillarrealCF,2026-27,19,2027-01-10,2027-01-10T00:00:00+00:00,Athletic Club,Villarreal CF,Estadio San Mamés,scheduled,early_week_mode,,,,1.45,1.405,,,1-1,,draw,,0.3325,0.3115,0.356,Villarreal CF,0.3836,0.2532,0.3632,,,,"[{""score"": ""1-1"", ""probability"": 0.118881}, {""score"": ""2-1"", ""probability"": 0.085023}, {""score"": ""1-2"", ""probability"": 0.082363}, {""score"": ""1-0"", ""probability"": 0.081868}, {""score"": ""0-1"", ""probability"": 0.079256}, {""score"": ""2-0"", ""probability"": 0.060527}, {""score"": ""2-2"", ""probability"": 0.059716}, {""score"": ""0-0"", ""probability"": 0.059184}, {""score"": ""0-2"", ""probability"": 0.056799}, {""score"": ""3-1"", ""probability"": 0.041097}]",,0.5792,0.4208,Yes,2.5,0.5435,0.4565,False,Over 2.5,0.0,0.5102,0.4898,False,Athletic Club (pick'em),False,False,False,False,False,False,,,,,,,,0.356,0.644,0.2,weekly_update_20260922T102609Z_b8bb7f8f,2026-08-18.phase1,0.1.0-phase1,0.1.0-phase1,2026-09-22T10:26:09+00:00
LALIGA2627_MW19_183_AtléticodeMadrid_R.RacingClub,2026-27,19,2027-01-10,2027-01-10T00:00:00+00:00,Atlético de Madrid,R. Racing Club,Riyadh Air Metropolitano,scheduled,early_week_mode,,,,4.545,1.021,,,4-1,,home_win,,0.8191,0.1001,0.0808,Atlético de Madrid,0.9058,0.0595,0.0346,,,,"[{""score"": ""4-1"", ""probability"": 0.072525}, {""score"": ""4-0"", ""probability"": 0.071059}, {""score"": ""5-1"", ""probability"": 0.06592}, {""score"": ""5-0"", ""probability"": 0.064588}, {""score"": ""3-1"", ""probability"": 0.063833}, {""score"": ""3-0"", ""probability"": 0.062543}, {""score"": ""6-1"", ""probability"": 0.049931}, {""score"": ""6-0"", ""probability"": 0.048921}, {""score"": ""2-1"", ""probability"": 0.042137}, {""score"": ""2-0"", ""probability"": 0.041286}]",,0.6328,0.3672,Yes,2.5,0.9118,0.0882,False,Over 2.5,-3.25,0.5069,0.4931,False,Atlético de Madrid -3.25,False,False,False,False,False,False,,,,,,,,0.8191,0.1809,0.2,weekly_update_20260922T102609Z_b8bb7f8f,2026-08-18.phase1,0.1.0-phase1,0.1.0-phase1,2026-09-22T10:26:09+00:00
LALIGA2627_MW19_184_RCDeportivo_RayoVallecano,2026-27,19,2027-01-10,2027-01-10T00:00:00+00:00,RC Deportivo,Rayo Vallecano,Estadio ABANCA-RIAZOR,scheduled,early_week_mode,,,,1.344,1.08,,,1-1,,draw,,0.4473,0.2956,0.2571,RC Deportivo,0.4257,0.2756,0.2987,,,,"[{""score"": ""1-1"", ""probability"": 0.130335}, {""score"": ""1-0"", ""probability"": 0.117275}, {""score"": ""0-1"", ""probability"": 0.093908}, {""score"": ""0-0"", ""probability"": 0.09036}, {""score"": ""2-1"", ""probability"": 0.086381}, {""score"": ""2-0"", ""probability"": 0.079983}, {""score"": ""1-2"", ""probability"": 0.069425}, {""score"": ""0-2"", ""probability"": 0.051665}, {""score"": ""2-2"", ""probability"": 0.046645}, {""score"": ""3-1"", ""probability"": 0.038691}]",,0.4899,0.5101,No,2.5,0.4365,0.5635,False,Under 2.5,-0.25,0.4946,0.5054,False,Rayo Vallecano +0.25,False,False,False,False,False,False,,,,,,,,0.4473,0.5527,0.2,weekly_update_20260922T102609Z_b8bb7f8f,2026-08-18.phase1,0.1.0-phase1,0.1.0-phase1,2026-09-22T10:26:09+00:00
LALIGA2627_MW19_185_ElcheCF_GetafeCF,2026-27,19,2027-01-10,2027-01-10T00:00:00+00:00,Elche CF,Getafe CF,Estadio Martínez Valero,scheduled,early_week_mode,,,,1.186,0.831,,,1-0,,home_win,,0.3638,0.3336,0.3026,Elche CF,0.44,0.3039,0.2561,,,,"[{""score"": ""1-0"", ""probability"": 0.156009}, {""score"": ""0-0"", ""probability"": 0.13491}, {""score"": ""1-1"", ""probability"": 0.132946}, {""score"": ""0-1"", ""probability"": 0.108806}, {""score"": ""2-0"", ""probability"": 0.093553}, {""score"": ""2-1"", ""probability"": 0.077742}, {""score"": ""1-2"", ""probability"": 0.054489}, {""score"": ""0-2"", ""probability"": 0.045958}, {""score"": ""3-0"", ""probability"": 0.036973}, {""score"": ""2-2"", ""probability"": 0.032302}]",,0.3937,0.6063,No,2.5,0.3278,0.6722,False,Under 2.5,-0.25,0.516,0.484,False,Elche CF -0.25,False,False,False,False,False,False,,,,,,,,0.3638,0.6362,0.2,weekly_update_20260922T102609Z_b8bb7f8f,2026-08-18.phase1,0.1.0-phase1,0.1.0-phase1,2026-09-22T10:26:09+00:00
LALIGA2627_MW19_186_RCDEspanyoldeBarcelona_RealBetis,2026-27,19,2027-01-10,2027-01-10T00:00:00+00:00,RCD Espanyol de Barcelona,Real Betis,RCDE Stadium,scheduled,early_week_mode,,,,1.197,1.341,,,1-1,,draw,,0.306,0.3108,0.3831,Real Betis,0.3309,0.2703,0.3987,,,,"[{""score"": ""1-1"", ""probability"": 0.128605}, {""score"": ""0-1"", ""probability"": 0.104211}, {""score"": ""1-0"", ""probability"": 0.092889}, {""score"": ""1-2"", ""probability"": 0.085029}, {""score"": ""0-0"", ""probability"": 0.080786}, {""score"": ""2-1"", ""probability"": 0.075944}, {""score"": ""0-2"", ""probability"": 0.071018}, {""score"": ""2-0"", ""probability"": 0.056652}, {""score"": ""2-2"", ""probability"": 0.050902}, {""score"": ""1-3"", ""probability"": 0.037994}]",,0.5171,0.4829,Yes,2.5,0.4658,0.5342,False,Under 2.5,0.25,0.5337,0.4663,False,RCD Espanyol de Barcelona +0.25,False,False,False,False,False,False,,,,,,,,0.3831,0.6169,0.2,weekly_update_20260922T102609Z_b8bb7f8f,2026-08-18.phase1,0.1.0-phase1,0.1.0-phase1,2026-09-22T10:26:09+00:00
LALIGA2627_MW19_187_CAOsasuna_FCBarcelona,2026-27,19,2027-01-10,2027-01-10T00:00:00+00:00,CA Osasuna,FC Barcelona,Estadio El Sadar,scheduled,early_week_mode,,,,0.987,2.428,,,0-2,,away_win,,0.1131,0.1933,0.6936,FC Barcelona,0.1345,0.1758,0.6897,,,,"[{""score"": ""0-2"", ""probability"": 0.097044}, {""score"": ""1-2"", ""probability"": 0.095739}, {""score"": ""1-1"", ""probability"": 0.079955}, {""score"": ""0-1"", ""probability"": 0.07886}, {""score"": ""0-3"", ""probability"": 0.078534}, {""score"": ""1-3"", ""probability"": 0.077478}, {""score"": ""0-4"", ""probability"": 0.047666}, {""score"": ""2-2"", ""probability"": 0.047226}, {""score"": ""1-4"", ""probability"": 0.047025}, {""score"": ""2-1"", ""probability"": 0.038904}]",,0.5728,0.4272,Yes,2.5,0.6627,0.3373,False,Over 2.5,1.25,0.4764,0.5236,False,FC Barcelona -1.25,False,False,False,False,False,False,,,,,,,,0.6936,0.3064,0.2,weekly_update_20260922T102609Z_b8bb7f8f,2026-08-18.phase1,0.1.0-phase1,0.1.0-phase1,2026-09-22T10:26:09+00:00
LALIGA2627_MW19_188_RealMadrid_LevanteUD,2026-27,19,2027-01-10,2027-01-10T00:00:00+00:00,Real Madrid,Levante UD,Bernabéu,scheduled,early_week_mode,,,,2.909,0.828,,,2-0,,home_win,,0.7904,0.1268,0.0828,Real Madrid,0.7949,0.1285,0.0765,,,,"[{""score"": ""2-0"", ""probability"": 0.101163}, {""score"": ""3-0"", ""probability"": 0.09808}, {""score"": ""2-1"", ""probability"": 0.083738}, {""score"": ""3-1"", ""probability"": 0.081186}, {""score"": ""4-0"", ""probability"": 0.071318}, {""score"": ""1-0"", ""probability"": 0.06877}, {""score"": ""4-1"", ""probability"": 0.059033}, {""score"": ""1-1"", ""probability"": 0.058373}, {""score"": ""5-0"", ""probability"": 0.041486}, {""score"": ""2-2"", ""probability"": 0.034657}]",,0.533,0.467,Yes,2.5,0.7198,0.2802,False,Over 2.5,-2.0,0.4956,0.5044,False,Levante UD +2,False,False,False,False,False,False,,,,,,,,0.7904,0.2096,0.2,weekly_update_20260922T102609Z_b8bb7f8f,2026-08-18.phase1,0.1.0-phase1,0.1.0-phase1,2026-09-22T10:26:09+00:00
LALIGA2627_MW19_189_SevillaFC_CeltaVigo,2026-27,19,2027-01-10,2027-01-10T00:00:00+00:00,Sevilla FC,Celta Vigo,Ramón Sánchez-Pizjuán,scheduled,early_week_mode,,,,1.354,1.215,,,1-1,,draw,,0.4147,0.2973,0.288,Sevilla FC,0.3986,0.2685,0.3329,,,,"[{""score"": ""1-1"", ""probability"": 0.127781}, {""score"": ""1-0"", ""probability"": 0.102049}, {""score"": ""0-1"", ""probability"": 0.091354}, {""score"": ""2-1"", ""probability"": 0.085337}, {""score"": ""0-0"", ""probability"": 0.07838}, {""score"": ""1-2"", ""probability"": 0.076543}, {""score"": ""2-0"", ""probability"": 0.070265}, {""score"": ""0-2"", ""probability"": 0.056528}, {""score"": ""2-2"", ""probability"": 0.051822}, {""score"": ""3-1"", ""probability"": 0.038517}]",,0.5233,0.4767,Yes,2.5,0.4736,0.5264,False,Under 2.5,0.0,0.5328,0.4672,False,Sevilla FC (pick'em),False,False,False,False,False,False,,,,,,,,0.4147,0.5853,0.2,weekly_update_20260922T102609Z_b8bb7f8f,2026-08-18.phase1,0.1.0-phase1,0.1.0-phase1,2026-09-22T10:26:09+00:00
LALIGA2627_MW19_190_ValenciaCF_MálagaCF,2026-27,19,2027-01-10,2027-01-10T00:00:00+00:00,Valencia CF,Málaga CF,Camp de Mestalla,scheduled,early_week_mode,,,,1.609,0.402,,,1-0,,home_win,,0.6119,0.2401,0.148,Valencia CF,0.6748,0.2379,0.0873,,,,"[{""score"": ""1-0"", ""probability"": 0.214098}, {""score"": ""2-0"", ""probability"": 0.173218}, {""score"": ""0-0"", ""probability"": 0.134982}, {""score"": ""3-0"", ""probability"": 0.092912}, {""score"": ""1-1"", ""probability"": 0.087818}, {""score"": ""2-1"", ""probability"": 0.069698}, {""score"": ""0-1"", ""probability"": 0.052641}, {""score"": ""3-1"", ""probability"": 0.037385}, {""score"": ""4-0"", ""probability"": 0.037377}, {""score"": ""1-2"", ""probability"": 0.017428}]",,0.2662,0.7338,No,2.5,0.3264,0.6736,False,Under 2.5,-1.0,0.529,0.471,False,Valencia CF -1,False,False,False,False,False,False,,,,,,,,0.6119,0.3881,0.2,weekly_update_20260922T102609Z_b8bb7f8f,2026-08-18.phase1,0.1.0-phase1,0.1.0-phase1,2026-09-22T10:26:09+00:00
LALIGA2627_MW20_191_AtléticodeMadrid_RealSociedad,2026-27,20,2027-01-17,2027-01-17T00:00:00+00:00,Atlético de Madrid,Real Sociedad,Riyadh Air Metropolitano,scheduled,early_week_mode,,,,2.261,0.974,,,2-0,,home_win,,0.6486,0.2156,0.1358,Atlético de Madrid,0.6624,0.1897,0.1479,,,,"[{""score"": ""2-0"", ""probability"": 0.100658}, {""score"": ""2-1"", ""probability"": 0.098049}, {""score"": ""1-1"", ""probability"": 0.087932}, {""score"": ""1-0"", ""probability"": 0.087852}, {""score"": ""3-0"", ""probability"": 0.075856}, {""score"": ""3-1"", ""probability"": 0.073891}, {""score"": ""2-2"", ""probability"": 0.047754}, {""score"": ""4-0"", ""probability"": 0.042874}, {""score"": ""1-2"", ""probability"": 0.042245}, {""score"": ""4-1"", ""probability"": 0.041763}]",,0.5587,0.4413,Yes,2.5,0.6271,0.3729,False,Over 2.5,-1.25,0.4905,0.5095,False,Real Sociedad +1.25,False,False,False,False,False,False,,,,,,,,0.6486,0.3514,0.2,weekly_update_20260922T102609Z_b8bb7f8f,2026-08-18.phase1,0.1.0-phase1,0.1.0-phase1,2026-09-22T10:26:09+00:00
LALIGA2627_MW20_192_RealBetis_RCDeportivo,2026-27,20,2027-01-17,2027-01-17T00:00:00+00:00,Real Betis,RC Deportivo,Estadio La Cartuja,scheduled,early_week_mode,,,,1.902,0.926,,,1-0,,home_win,,0.632,0.2239,0.1441,Real Betis,0.6009,0.2221,0.177,,,,"[{""score"": ""1-0"", ""probability"": 0.111068}, {""score"": ""2-0"", ""probability"": 0.106975}, {""score"": ""1-1"", ""probability"": 0.105607}, {""score"": ""2-1"", ""probability"": 0.099056}, {""score"": ""3-0"", ""probability"": 0.067813}, {""score"": ""3-1"", ""probability"": 0.062793}, {""score"": ""0-0"", ""probability"": 0.06059}, {""score"": ""0-1"", ""probability"": 0.053345}, {""score"": ""1-2"", ""probability"": 0.048232}, {""score"": ""2-2"", ""probability"": 0.045862}]",,0.5151,0.4849,Yes,2.5,0.5371,0.4629,False,Over 2.5,-1.0,0.479,0.521,False,RC Deportivo +1,False,False,False,False,False,False,,,,,,,,0.632,0.368,0.2,weekly_update_20260922T102609Z_b8bb7f8f,2026-08-18.phase1,0.1.0-phase1,0.1.0-phase1,2026-09-22T10:26:09+00:00
LALIGA2627_MW20_193_CeltaVigo_ValenciaCF,2026-27,20,2027-01-17,2027-01-17T00:00:00+00:00,Celta Vigo,Valencia CF,Estadio ABANCA Balaídos,scheduled,early_week_mode,,,,1.624,0.919,,,1-0,,home_win,,0.4697,0.2866,0.2437,Celta Vigo,0.5378,0.251,0.2113,,,,"[{""score"": ""1-0"", ""probability"": 0.126078}, {""score"": ""1-1"", ""probability"": 0.118968}, {""score"": ""2-0"", ""probability"": 0.103694}, {""score"": ""2-1"", ""probability"": 0.095297}, {""score"": ""0-0"", ""probability"": 0.080238}, {""score"": ""0-1"", ""probability"": 0.070643}, {""score"": ""3-0"", ""probability"": 0.056137}, {""score"": ""1-2"", ""probability"": 0.053926}, {""score"": ""3-1"", ""probability"": 0.051591}, {""score"": ""2-2"", ""probability"": 0.04379}]",,0.4842,0.5158,No,2.5,0.4672,0.5328,False,Under 2.5,-0.75,0.4757,0.5243,False,Valencia CF +0.75,False,False,False,False,False,False,,,,,,,,0.4697,0.5303,0.2,weekly_update_20260922T102609Z_b8bb7f8f,2026-08-18.phase1,0.1.0-phase1,0.1.0-phase1,2026-09-22T10:26:09+00:00
LALIGA2627_MW20_194_FCBarcelona_ElcheCF,2026-27,20,2027-01-17,2027-01-17T00:00:00+00:00,FC Barcelona,Elche CF,Spotify Camp Nou,scheduled,early_week_mode,,,,3.712,0.864,,,3-0,,home_win,,0.8321,0.1038,0.0641,FC Barcelona,0.8703,0.0835,0.0463,,,,"[{""score"": ""3-0"", ""probability"": 0.088986}, {""score"": ""4-0"", ""probability"": 0.082584}, {""score"": ""3-1"", ""probability"": 0.076906}, {""score"": ""2-0"", ""probability"": 0.071913}, {""score"": ""4-1"", ""probability"": 0.071374}, {""score"": ""2-1"", ""probability"": 0.062151}, {""score"": ""5-0"", ""probability"": 0.061315}, {""score"": ""5-1"", ""probability"": 0.052991}, {""score"": ""1-0"", ""probability"": 0.038283}, {""score"": ""6-0"", ""probability"": 0.037936}]",,0.5648,0.4352,Yes,2.5,0.8325,0.1675,False,Over 2.5,-2.75,0.492,0.508,False,Elche CF +2.75,False,False,False,False,False,False,,,,,,,,0.8321,0.1679,0.2,weekly_update_20260922T102609Z_b8bb7f8f,2026-08-18.phase1,0.1.0-phase1,0.1.0-phase1,2026-09-22T10:26:09+00:00
LALIGA2627_MW20_195_GetafeCF_AthleticClub,2026-27,20,2027-01-17,2027-01-17T00:00:00+00:00,Getafe CF,Athletic Club,Coliseum,scheduled,early_week_mode,,,,0.819,0.804,,,0-0,,draw,,0.363,0.3545,0.2825,Getafe CF,0.3276,0.3538,0.3187,,,,"[{""score"": ""0-0"", ""probability"": 0.199023}, {""score"": ""1-0"", ""probability"": 0.159846}, {""score"": ""0-1"", ""probability"": 0.156762}, {""score"": ""1-1"", ""probability"": 0.131719}, {""score"": ""2-0"", ""probability"": 0.066229}, {""score"": ""0-2"", ""probability"": 0.063726}, {""score"": ""2-1"", ""probability"": 0.053239}, {""score"": ""1-2"", ""probability"": 0.052223}, {""score"": ""2-2"", ""probability"": 0.021398}, {""score"": ""3-0"", ""probability"": 0.018092}]",,0.3108,0.6892,No,2.5,0.2227,0.7773,False,Under 2.5,0.0,0.5044,0.4956,False,Getafe CF (pick'em),False,False,False,False,False,False,,,,,,,,0.363,0.637,0.2,weekly_update_20260922T102609Z_b8bb7f8f,2026-08-18.phase1,0.1.0-phase1,0.1.0-phase1,2026-09-22T10:26:09+00:00
LALIGA2627_MW20_196_LevanteUD_RCDEspanyoldeBarcelona,2026-27,20,2027-01-17,2027-01-17T00:00:00+00:00,Levante UD,RCD Espanyol de Barcelona,Estadio Ciutat de València,scheduled,early_week_mode,,,,1.602,1.192,,,1-1,,draw,,0.4142,0.2972,0.2886,Levante UD,0.467,0.2504,0.2826,,,,"[{""score"": ""1-1"", ""probability"": 0.118446}, {""score"": ""1-0"", ""probability"": 0.096381}, {""score"": ""2-1"", ""probability"": 0.093562}, {""score"": ""2-0"", ""probability"": 0.078467}, {""score"": ""0-1"", ""probability"": 0.071346}, {""score"": ""1-2"", ""probability"": 0.069658}, {""score"": ""0-0"", ""probability"": 0.062791}, {""score"": ""2-2"", ""probability"": 0.055781}, {""score"": ""3-1"", ""probability"": 0.049948}, {""score"": ""0-2"", ""probability"": 0.043494}]",,0.5577,0.4423,Yes,2.5,0.5291,0.4709,False,Over 2.5,-0.25,0.5296,0.4704,False,Levante UD -0.25,False,False,False,False,False,False,,,,,,,,0.4142,0.5858,0.2,weekly_update_20260922T102609Z_b8bb7f8f,2026-08-18.phase1,0.1.0-phase1,0.1.0-phase1,2026-09-22T10:26:09+00:00
LALIGA2627_MW20_197_MálagaCF_RealMadrid,2026-27,20,2027-01-17,2027-01-17T00:00:00+00:00,Málaga CF,Real Madrid,La Rosaleda,scheduled,early_week_mode,,,,0.377,2.238,,,0-2,,away_win,,0.1768,0.2338,0.5894,Real Madrid,0.0478,0.151,0.8012,,,,"[{""score"": ""0-2"", ""probability"": 0.183413}, {""score"": ""0-1"", ""probability"": 0.163089}, {""score"": ""0-3"", ""probability"": 0.1368}, {""score"": ""0-4"", ""probability"": 0.076526}, {""score"": ""0-0"", ""probability"": 0.074115}, {""score"": ""1-2"", ""probability"": 0.069075}, {""score"": ""1-1"", ""probability"": 0.06259}, {""score"": ""1-3"", ""probability"": 0.05152}, {""score"": ""0-5"", ""probability"": 0.034246}, {""score"": ""1-4"", ""probability"": 0.02882}]",,0.2812,0.7188,No,2.5,0.4849,0.5151,False,Under 2.5,1.75,0.5016,0.4984,False,Málaga CF +1.75,False,False,False,False,False,False,,,,,,,,0.5894,0.4106,0.2,weekly_update_20260922T102609Z_b8bb7f8f,2026-08-18.phase1,0.1.0-phase1,0.1.0-phase1,2026-09-22T10:26:09+00:00
LALIGA2627_MW20_198_R.RacingClub_CAOsasuna,2026-27,20,2027-01-17,2027-01-17T00:00:00+00:00,R. Racing Club,CA Osasuna,El Sardinero,scheduled,early_week_mode,,,,1.811,2.18,,,1-2,,away_win,,0.4395,0.2694,0.2911,R. Racing Club,0.326,0.2064,0.4677,,,,"[{""score"": ""1-2"", ""probability"": 0.079592}, {""score"": ""1-1"", ""probability"": 0.074036}, {""score"": ""2-2"", ""probability"": 0.072053}, {""score"": ""2-1"", ""probability"": 0.066114}, {""score"": ""1-3"", ""probability"": 0.057828}, {""score"": ""2-3"", ""probability"": 0.052351}, {""score"": ""0-2"", ""probability"": 0.043959}, {""score"": ""3-2"", ""probability"": 0.043486}, {""score"": ""3-1"", ""probability"": 0.039901}, {""score"": ""0-1"", ""probability"": 0.039331}]",,0.7428,0.2572,Yes,2.5,0.7603,0.2397,False,Over 2.5,0.25,0.4808,0.5192,False,CA Osasuna -0.25,False,False,False,False,False,False,,,,,,,,0.4395,0.5605,0.2,weekly_update_20260922T102609Z_b8bb7f8f,2026-08-18.phase1,0.1.0-phase1,0.1.0-phase1,2026-09-22T10:26:09+00:00
LALIGA2627_MW20_199_RayoVallecano_SevillaFC,2026-27,20,2027-01-17,2027-01-17T00:00:00+00:00,Rayo Vallecano,Sevilla FC,Estadio de Vallecas,scheduled,early_week_mode,,,,1.386,1.019,,,1-1,,draw,,0.401,0.3039,0.2951,Rayo Vallecano,0.4513,0.274,0.2746,,,,"[{""score"": ""1-1"", ""probability"": 0.129256}, {""score"": ""1-0"", ""probability"": 0.123393}, {""score"": ""0-0"", ""probability"": 0.092074}, {""score"": ""0-1"", ""probability"": 0.090264}, {""score"": ""2-1"", ""probability"": 0.088333}, {""score"": ""2-0"", ""probability"": 0.086703}, {""score"": ""1-2"", ""probability"": 0.06495}, {""score"": ""0-2"", ""probability"": 0.046875}, {""score"": ""2-2"", ""probability"": 0.044998}, {""score"": ""3-1"", ""probability"": 0.040798}]",,0.4809,0.5191,No,2.5,0.4314,0.5686,False,Under 2.5,-0.25,0.5198,0.4802,False,Rayo Vallecano -0.25,False,False,False,False,False,False,,,,,,,,0.401,0.599,0.2,weekly_update_20260922T102609Z_b8bb7f8f,2026-08-18.phase1,0.1.0-phase1,0.1.0-phase1,2026-09-22T10:26:09+00:00
LALIGA2627_MW20_200_VillarrealCF_DeportivoAlavés,2026-27,20,2027-01-17,2027-01-17T00:00:00+00:00,Villarreal CF,Deportivo Alavés,Estadio de la Cerámica,scheduled,early_week_mode,,,,2.065,1.028,,,2-1,,home_win,,0.6166,0.2288,0.1545,Villarreal CF,0.6113,0.2093,0.1794,,,,"[{""score"": ""2-1"", ""probability"": 0.099463}, {""score"": ""1-1"", ""probability"": 0.097656}, {""score"": ""2-0"", ""probability"": 0.096778}, {""score"": ""1-0"", ""probability"": 0.092404}, {""score"": ""3-1"", ""probability"": 0.068466}, {""score"": ""3-0"", ""probability"": 0.066617}, {""score"": ""2-2"", ""probability"": 0.051112}, {""score"": ""1-2"", ""probability"": 0.049502}, {""score"": ""0-0"", ""probability"": 0.046714}, {""score"": ""0-1"", ""probability"": 0.045323}]",,0.5621,0.4379,Yes,2.5,0.5972,0.4028,False,Over 2.5,-1.0,0.4943,0.5057,False,Deportivo Alavés +1,False,False,False,False,False,False,,,,,,,,0.6166,0.3834,0.2,weekly_update_20260922T102609Z_b8bb7f8f,2026-08-18.phase1,0.1.0-phase1,0.1.0-phase1,2026-09-22T10:26:09+00:00
LALIGA2627_MW21_201_DeportivoAlavés_FCBarcelona,2026-27,21,2027-01-24,2027-01-24T00:00:00+00:00,Deportivo Alavés,FC Barcelona,Mendizorroza,scheduled,early_week_mode,,,,1.011,2.21,,,1-2,,away_win,,0.1297,0.2108,0.6595,FC Barcelona,0.1601,0.1957,0.6441,,,,"[{""score"": ""1-2"", ""probability"": 0.098594}, {""score"": ""0-2"", ""probability"": 0.097488}, {""score"": ""1-1"", ""probability"": 0.090452}, {""score"": ""0-1"", ""probability"": 0.086995}, {""score"": ""1-3"", ""probability"": 0.072632}, {""score"": ""0-3"", ""probability"": 0.071817}, {""score"": ""2-2"", ""probability"": 0.049857}, {""score"": ""2-1"", ""probability"": 0.045118}, {""score"": ""0-0"", ""probability"": 0.041147}, {""score"": ""1-4"", ""probability"": 0.04013}]",,0.5677,0.4323,Yes,2.5,0.6244,0.3756,False,Over 2.5,1.25,0.5284,0.4716,False,Deportivo Alavés +1.25,False,False,False,False,False,False,,,,,,,,0.6595,0.3405,0.2,weekly_update_20260922T102609Z_b8bb7f8f,2026-08-18.phase1,0.1.0-phase1,0.1.0-phase1,2026-09-22T10:26:09+00:00
LALIGA2627_MW21_202_AthleticClub_LevanteUD,2026-27,21,2027-01-24,2027-01-24T00:00:00+00:00,Athletic Club,Levante UD,Estadio San Mamés,scheduled,early_week_mode,,,,1.705,1.009,,,1-1,,draw,,0.5455,0.2585,0.196,Athletic Club,0.5353,0.2429,0.2218,,,,"[{""score"": ""1-1"", ""probability"": 0.115583}, {""score"": ""1-0"", ""probability"": 0.11139}, {""score"": ""2-1"", ""probability"": 0.097201}, {""score"": ""2-0"", ""probability"": 0.096302}, {""score"": ""0-0"", ""probability"": 0.067818}, {""score"": ""0-1"", ""probability"": 0.065299}, {""score"": ""1-2"", ""probability"": 0.05754}, {""score"": ""3-1"", ""probability"": 0.055245}, {""score"": ""3-0"", ""probability"": 0.054734}, {""score"": ""2-2"", ""probability"": 0.049054}]",,0.5216,0.4784,Yes,2.5,0.5099,0.4901,False,Over 2.5,-0.75,0.4751,0.5249,False,Levante UD +0.75,False,False,False,False,False,False,,,,,,,,0.5455,0.4545,0.2,weekly_update_20260922T102609Z_b8bb7f8f,2026-08-18.phase1,0.1.0-phase1,0.1.0-phase1,2026-09-22T10:26:09+00:00
LALIGA2627_MW21_203_RCDeportivo_AtléticodeMadrid,2026-27,21,2027-01-24,2027-01-24T00:00:00+00:00,RC Deportivo,Atlético de Madrid,Estadio ABANCA-RIAZOR,scheduled,early_week_mode,,,,1.128,1.687,,,1-1,,draw,,0.2514,0.2723,0.4763,Atlético de Madrid,0.2531,0.2443,0.5026,,,,"[{""score"": ""1-1"", ""probability"": 0.115588}, {""score"": ""0-1"", ""probability"": 0.099509}, {""score"": ""1-2"", ""probability"": 0.096155}, {""score"": ""0-2"", ""probability"": 0.085241}, {""score"": ""1-0"", ""probability"": 0.066032}, {""score"": ""2-1"", ""probability"": 0.064308}, {""score"": ""0-0"", ""probability"": 0.061497}, {""score"": ""2-2"", ""probability"": 0.054233}, {""score"": ""1-3"", ""probability"": 0.05406}, {""score"": ""0-3"", ""probability"": 0.047924}]",,0.5527,0.4473,Yes,2.5,0.534,0.466,False,Over 2.5,0.5,0.4974,0.5026,False,Atlético de Madrid -0.5,False,False,False,False,False,False,,,,,,,,0.4763,0.5237,0.2,weekly_update_20260922T102609Z_b8bb7f8f,2026-08-18.phase1,0.1.0-phase1,0.1.0-phase1,2026-09-22T10:26:09+00:00
LALIGA2627_MW21_204_ElcheCF_RayoVallecano,2026-27,21,2027-01-24,2027-01-24T00:00:00+00:00,Elche CF,Rayo Vallecano,Estadio Martínez Valero,scheduled,early_week_mode,,,,1.505,1.185,,,1-1,,draw,,0.3676,0.3083,0.3241,Elche CF,0.4444,0.2583,0.2973,,,,"[{""score"": ""1-1"", ""probability"": 0.122744}, {""score"": ""1-0"", ""probability"": 0.100534}, {""score"": ""2-1"", ""probability"": 0.091099}, {""score"": ""0-1"", ""probability"": 0.078795}, {""score"": ""2-0"", ""probability"": 0.076895}, {""score"": ""1-2"", ""probability"": 0.071722}, {""score"": ""0-0"", ""probability"": 0.069582}, {""score"": ""2-2"", ""probability"": 0.053963}, {""score"": ""0-2"", ""probability"": 0.047662}, {""score"": ""3-1"", ""probability"": 0.045695}]",,0.5417,0.4583,Yes,2.5,0.5038,0.4962,False,Over 2.5,-0.25,0.509,0.491,False,Elche CF -0.25,False,False,False,False,False,False,,,,,,,,0.3676,0.6324,0.2,weekly_update_20260922T102609Z_b8bb7f8f,2026-08-18.phase1,0.1.0-phase1,0.1.0-phase1,2026-09-22T10:26:09+00:00
LALIGA2627_MW21_205_RCDEspanyoldeBarcelona_VillarrealCF,2026-27,21,2027-01-24,2027-01-24T00:00:00+00:00,RCD Espanyol de Barcelona,Villarreal CF,RCDE Stadium,scheduled,early_week_mode,,,,1.364,1.657,,,1-1,,draw,,0.2623,0.2952,0.4425,Villarreal CF,0.315,0.2423,0.4427,,,,"[{""score"": ""1-1"", ""probability"": 0.111716}, {""score"": ""1-2"", ""probability"": 0.091285}, {""score"": ""0-1"", ""probability"": 0.079258}, {""score"": ""2-1"", ""probability"": 0.075172}, {""score"": ""0-2"", ""probability"": 0.06691}, {""score"": ""1-0"", ""probability"": 0.065001}, {""score"": ""2-2"", ""probability"": 0.062269}, {""score"": ""1-3"", ""probability"": 0.050411}, {""score"": ""0-0"", ""probability"": 0.050272}, {""score"": ""2-0"", ""probability"": 0.045374}]",,0.6039,0.3961,Yes,2.5,0.5815,0.4185,False,Over 2.5,0.25,0.4967,0.5033,False,Villarreal CF -0.25,False,False,False,False,False,False,,,,,,,,0.4425,0.5575,0.2,weekly_update_20260922T102609Z_b8bb7f8f,2026-08-18.phase1,0.1.0-phase1,0.1.0-phase1,2026-09-22T10:26:09+00:00
LALIGA2627_MW21_206_GetafeCF_CAOsasuna,2026-27,21,2027-01-24,2027-01-24T00:00:00+00:00,Getafe CF,CA Osasuna,Coliseum,scheduled,early_week_mode,,,,0.984,0.748,,,0-0,,draw,,0.4652,0.3231,0.2117,Getafe CF,0.3969,0.3368,0.2663,,,,"[{""score"": ""0-0"", ""probability"": 0.178827}, {""score"": ""1-0"", ""probability"": 0.172357}, {""score"": ""1-1"", ""probability"": 0.132005}, {""score"": ""0-1"", ""probability"": 0.13058}, {""score"": ""2-0"", ""probability"": 0.085654}, {""score"": ""2-1"", ""probability"": 0.064045}, {""score"": ""0-2"", ""probability"": 0.049488}, {""score"": ""1-2"", ""probability"": 0.048681}, {""score"": ""3-0"", ""probability"": 0.028086}, {""score"": ""2-2"", ""probability"": 0.023944}]",,0.3315,0.6685,No,2.5,0.2511,0.7489,False,Under 2.5,-0.25,0.4811,0.5189,False,CA Osasuna +0.25,False,False,False,False,False,False,,,,,,,,0.4652,0.5348,0.2,weekly_update_20260922T102609Z_b8bb7f8f,2026-08-18.phase1,0.1.0-phase1,0.1.0-phase1,2026-09-22T10:26:09+00:00
LALIGA2627_MW21_207_R.RacingClub_CeltaVigo,2026-27,21,2027-01-24,2027-01-24T00:00:00+00:00,R. Racing Club,Celta Vigo,El Sardinero,scheduled,early_week_mode,,,,1.616,2.551,,,1-2,,away_win,,0.3429,0.2652,0.3919,Celta Vigo,0.2349,0.1866,0.5785,,,,"[{""score"": ""1-2"", ""probability"": 0.081614}, {""score"": ""1-3"", ""probability"": 0.06939}, {""score"": ""2-2"", ""probability"": 0.06594}, {""score"": ""1-1"", ""probability"": 0.064874}, {""score"": ""2-3"", ""probability"": 0.056064}, {""score"": ""2-1"", ""probability"": 0.051703}, {""score"": ""0-2"", ""probability"": 0.050507}, {""score"": ""1-4"", ""probability"": 0.044248}, {""score"": ""0-3"", ""probability"": 0.042943}, {""score"": ""0-1"", ""probability"": 0.038722}]",,0.7396,0.2604,Yes,2.5,0.785,0.215,False,Over 2.5,1.0,0.5216,0.4784,False,R. Racing Club +1,False,False,False,False,False,False,,,,,,,,0.3919,0.6081,0.2,weekly_update_20260922T102609Z_b8bb7f8f,2026-08-18.phase1,0.1.0-phase1,0.1.0-phase1,2026-09-22T10:26:09+00:00
LALIGA2627_MW21_208_RealMadrid_RealBetis,2026-27,21,2027-01-24,2027-01-24T00:00:00+00:00,Real Madrid,Real Betis,Bernabéu,scheduled,early_week_mode,,,,2.171,0.932,,,2-0,,home_win,,0.6755,0.1883,0.1362,Real Madrid,0.655,0.1961,0.1488,,,,"[{""score"": ""2-0"", ""probability"": 0.10588}, {""score"": ""2-1"", ""probability"": 0.098693}, {""score"": ""1-0"", ""probability"": 0.096298}, {""score"": ""1-1"", ""probability"": 0.092179}, {""score"": ""3-0"", ""probability"": 0.076614}, {""score"": ""3-1"", ""probability"": 0.071414}, {""score"": ""0-0"", ""probability"": 0.046188}, {""score"": ""2-2"", ""probability"": 0.045997}, {""score"": ""1-2"", ""probability"": 0.042378}, {""score"": ""4-0"", ""probability"": 0.041579}]",,0.5383,0.4617,Yes,2.5,0.5993,0.4007,False,Over 2.5,-1.25,0.4792,0.5208,False,Real Betis +1.25,False,False,False,False,False,False,,,,,,,,0.6755,0.3245,0.2,weekly_update_20260922T102609Z_b8bb7f8f,2026-08-18.phase1,0.1.0-phase1,0.1.0-phase1,2026-09-22T10:26:09+00:00
LALIGA2627_MW21_209_RealSociedad_MálagaCF,2026-27,21,2027-01-24,2027-01-24T00:00:00+00:00,Real Sociedad,Málaga CF,Anoeta,scheduled,early_week_mode,,,,2.007,0.423,,,2-0,,home_win,,0.647,0.2179,0.1351,Real Sociedad,0.7514,0.1823,0.0663,,,,"[{""score"": ""2-0"", ""probability"": 0.177362}, {""score"": ""1-0"", ""probability"": 0.175707}, {""score"": ""3-0"", ""probability"": 0.118661}, {""score"": ""0-0"", ""probability"": 0.089084}, {""score"": ""1-1"", ""probability"": 0.075777}, {""score"": ""2-1"", ""probability"": 0.075013}, {""score"": ""4-0"", ""probability"": 0.059541}, {""score"": ""3-1"", ""probability"": 0.050186}, {""score"": ""0-1"", ""probability"": 0.036214}, {""score"": ""4-1"", ""probability"": 0.025182}]",,0.2996,0.7004,No,2.5,0.438,0.562,False,Under 2.5,-1.5,0.4893,0.5107,False,Málaga CF +1.5,False,False,False,False,False,False,,,,,,,,0.647,0.353,0.2,weekly_update_20260922T102609Z_b8bb7f8f,2026-08-18.phase1,0.1.0-phase1,0.1.0-phase1,2026-09-22T10:26:09+00:00
LALIGA2627_MW21_210_ValenciaCF_SevillaFC,2026-27,21,2027-01-24,2027-01-24T00:00:00+00:00,Valencia CF,Sevilla FC,Camp de Mestalla,scheduled,early_week_mode,,,,1.369,1.107,,,1-1,,draw,,0.4189,0.303,0.2781,Valencia CF,0.4262,0.2722,0.3015,,,,"[{""score"": ""1-1"", ""probability"": 0.129177}, {""score"": ""1-0"", ""probability"": 0.113305}, {""score"": ""0-1"", ""probability"": 0.091338}, {""score"": ""2-1"", ""probability"": 0.087208}, {""score"": ""0-0"", ""probability"": 0.085811}, {""score"": ""2-0"", ""probability"": 0.078746}, {""score"": ""1-2"", ""probability"": 0.070559}, {""score"": ""0-2"", ""probability"": 0.051548}, {""score"": ""2-2"", ""probability"": 0.04829}, {""score"": ""3-1"", ""probability"": 0.03979}]",,0.501,0.499,Yes,2.5,0.4501,0.5499,False,Under 2.5,-0.25,0.4943,0.5057,False,Sevilla FC +0.25,False,False,False,False,False,False,,,,,,,,0.4189,0.5811,0.2,weekly_update_20260922T102609Z_b8bb7f8f,2026-08-18.phase1,0.1.0-phase1,0.1.0-phase1,2026-09-22T10:26:09+00:00
LALIGA2627_MW22_211_AtléticodeMadrid_RCDEspanyoldeBarcelona,2026-27,22,2027-01-31,2027-01-31T00:00:00+00:00,Atlético de Madrid,RCD Espanyol de Barcelona,Riyadh Air Metropolitano,scheduled,early_week_mode,,,,2.152,0.806,,,2-0,,home_win,,0.7011,0.1862,0.1127,Atlético de Madrid,0.6816,0.192,0.1264,,,,"[{""score"": ""2-0"", ""probability"": 0.120302}, {""score"": ""1-0"", ""probability"": 0.110567}, {""score"": ""2-1"", ""probability"": 0.09694}, {""score"": ""1-1"", ""probability"": 0.091334}, {""score"": ""3-0"", ""probability"": 0.086294}, {""score"": ""3-1"", ""probability"": 0.069537}, {""score"": ""0-0"", ""probability"": 0.053196}, {""score"": ""4-0"", ""probability"": 0.046425}, {""score"": ""0-1"", ""probability"": 0.040627}, {""score"": ""2-2"", ""probability"": 0.039057}]",,0.4902,0.5098,No,2.5,0.5671,0.4329,False,Over 2.5,-1.25,0.5016,0.4984,False,Atlético de Madrid -1.25,False,False,False,False,False,False,,,,,,,,0.7011,0.2989,0.2,weekly_update_20260922T102609Z_b8bb7f8f,2026-08-18.phase1,0.1.0-phase1,0.1.0-phase1,2026-09-22T10:26:09+00:00
LALIGA2627_MW22_212_RealBetis_ElcheCF,2026-27,22,2027-01-31,2027-01-31T00:00:00+00:00,Real Betis,Elche CF,Estadio La Cartuja,scheduled,early_week_mode,,,,2.086,1.037,,,2-1,,home_win,,0.6129,0.2334,0.1537,Real Betis,0.6135,0.2076,0.1789,,,,"[{""score"": ""2-1"", ""probability"": 0.09936}, {""score"": ""1-1"", ""probability"": 0.096567}, {""score"": ""2-0"", ""probability"": 0.095819}, {""score"": ""1-0"", ""probability"": 0.090551}, {""score"": ""3-1"", ""probability"": 0.069094}, {""score"": ""3-0"", ""probability"": 0.066632}, {""score"": ""2-2"", ""probability"": 0.051516}, {""score"": ""1-2"", ""probability"": 0.049388}, {""score"": ""0-0"", ""probability"": 0.045344}, {""score"": ""0-1"", ""probability"": 0.04435}]",,0.5666,0.4334,Yes,2.5,0.6037,0.3963,False,Over 2.5,-1.0,0.497,0.503,False,Elche CF +1,False,False,False,False,False,False,,,,,,,,0.6129,0.3871,0.2,weekly_update_20260922T102609Z_b8bb7f8f,2026-08-18.phase1,0.1.0-phase1,0.1.0-phase1,2026-09-22T10:26:09+00:00
LALIGA2627_MW22_213_CeltaVigo_GetafeCF,2026-27,22,2027-01-31,2027-01-31T00:00:00+00:00,Celta Vigo,Getafe CF,Estadio ABANCA Balaídos,scheduled,early_week_mode,,,,1.177,0.653,,,1-0,,home_win,,0.4713,0.3087,0.22,Celta Vigo,0.484,0.3129,0.2031,,,,"[{""score"": ""1-0"", ""probability"": 0.187192}, {""score"": ""0-0"", ""probability"": 0.162153}, {""score"": ""1-1"", ""probability"": 0.124954}, {""score"": ""2-0"", ""probability"": 0.111178}, {""score"": ""0-1"", ""probability"": 0.10301}, {""score"": ""2-1"", ""probability"": 0.072549}, {""score"": ""3-0"", ""probability"": 0.043626}, {""score"": ""1-2"", ""probability"": 0.040216}, {""score"": ""0-2"", ""probability"": 0.034163}, {""score"": ""3-1"", ""probability"": 0.028468}]",,0.3333,0.6667,No,2.5,0.2773,0.7227,False,Under 2.5,-0.5,0.484,0.516,False,Getafe CF +0.5,False,False,False,False,False,False,,,,,,,,0.4713,0.5287,0.2,weekly_update_20260922T102609Z_b8bb7f8f,2026-08-18.phase1,0.1.0-phase1,0.1.0-phase1,2026-09-22T10:26:09+00:00
LALIGA2627_MW22_214_FCBarcelona_ValenciaCF,2026-27,22,2027-01-31,2027-01-31T00:00:00+00:00,FC Barcelona,Valencia CF,Spotify Camp Nou,scheduled,early_week_mode,,,,3.208,0.719,,,3-0,,home_win,,0.7872,0.1332,0.0796,FC Barcelona,0.8484,0.101,0.0506,,,,"[{""score"": ""3-0"", ""probability"": 0.109064}, {""score"": ""2-0"", ""probability"": 0.102004}, {""score"": ""4-0"", ""probability"": 0.08746}, {""score"": ""3-1"", ""probability"": 0.0784}, {""score"": ""2-1"", ""probability"": 0.073325}, {""score"": ""1-0"", ""probability"": 0.062972}, {""score"": ""4-1"", ""probability"": 0.06287}, {""score"": ""5-0"", ""probability"": 0.056108}, {""score"": ""1-1"", ""probability"": 0.046348}, {""score"": ""5-1"", ""probability"": 0.040333}]",,0.4925,0.5075,No,2.5,0.7495,0.2505,False,Over 2.5,-2.25,0.5227,0.4773,False,FC Barcelona -2.25,False,False,False,False,False,False,,,,,,,,0.7872,0.2128,0.2,weekly_update_20260922T102609Z_b8bb7f8f,2026-08-18.phase1,0.1.0-phase1,0.1.0-phase1,2026-09-22T10:26:09+00:00
LALIGA2627_MW22_215_LevanteUD_RealSociedad,2026-27,22,2027-01-31,2027-01-31T00:00:00+00:00,Levante UD,Real Sociedad,Estadio Ciutat de València,scheduled,early_week_mode,,,,1.683,1.441,,,1-1,,draw,,0.3439,0.2975,0.3586,Real Sociedad,0.4326,0.2386,0.3287,,,,"[{""score"": ""1-1"", ""probability"": 0.108145}, {""score"": ""2-1"", ""probability"": 0.089747}, {""score"": ""1-2"", ""probability"": 0.076882}, {""score"": ""1-0"", ""probability"": 0.072543}, {""score"": ""2-2"", ""probability"": 0.06468}, {""score"": ""2-0"", ""probability"": 0.062264}, {""score"": ""0-1"", ""probability"": 0.061933}, {""score"": ""3-1"", ""probability"": 0.050335}, {""score"": ""0-2"", ""probability"": 0.045693}, {""score"": ""0-0"", ""probability"": 0.045454}]",,0.6229,0.3771,Yes,2.5,0.604,0.396,False,Over 2.5,-0.25,0.4923,0.5077,False,Real Sociedad +0.25,False,False,False,False,False,False,,,,,,,,0.3586,0.6414,0.2,weekly_update_20260922T102609Z_b8bb7f8f,2026-08-18.phase1,0.1.0-phase1,0.1.0-phase1,2026-09-22T10:26:09+00:00
LALIGA2627_MW22_216_MálagaCF_DeportivoAlavés,2026-27,22,2027-01-31,2027-01-31T00:00:00+00:00,Málaga CF,Deportivo Alavés,La Rosaleda,scheduled,early_week_mode,,,,0.502,1.251,,,0-1,,away_win,,0.3674,0.3401,0.2925,Málaga CF,0.1474,0.3034,0.5492,,,,"[{""score"": ""0-1"", ""probability"": 0.215299}, {""score"": ""0-0"", ""probability"": 0.174825}, {""score"": ""0-2"", ""probability"": 0.135582}, {""score"": ""1-1"", ""probability"": 0.110284}, {""score"": ""1-0"", ""probability"": 0.085478}, {""score"": ""1-2"", ""probability"": 0.068034}, {""score"": ""0-3"", ""probability"": 0.056528}, {""score"": ""1-3"", ""probability"": 0.028365}, {""score"": ""2-1"", ""probability"": 0.027294}, {""score"": ""2-0"", ""probability"": 0.021822}]",,0.2831,0.7169,No,2.5,0.2567,0.7433,False,Under 2.5,0.75,0.5235,0.4765,False,Málaga CF +0.75,False,False,False,False,False,False,,,,,,,,0.3674,0.6326,0.2,weekly_update_20260922T102609Z_b8bb7f8f,2026-08-18.phase1,0.1.0-phase1,0.1.0-phase1,2026-09-22T10:26:09+00:00
LALIGA2627_MW22_217_CAOsasuna_RCDeportivo,2026-27,22,2027-01-31,2027-01-31T00:00:00+00:00,CA Osasuna,RC Deportivo,Estadio El Sadar,scheduled,early_week_mode,,,,1.464,1.106,,,1-1,,draw,,0.4907,0.2812,0.2281,CA Osasuna,0.452,0.264,0.284,,,,"[{""score"": ""1-1"", ""probability"": 0.12563}, {""score"": ""1-0"", ""probability"": 0.110388}, {""score"": ""2-1"", ""probability"": 0.090726}, {""score"": ""0-1"", ""probability"": 0.082931}, {""score"": ""2-0"", ""probability"": 0.082064}, {""score"": ""0-0"", ""probability"": 0.07826}, {""score"": ""1-2"", ""probability"": 0.068503}, {""score"": ""2-2"", ""probability"": 0.050152}, {""score"": ""0-2"", ""probability"": 0.046785}, {""score"": ""3-1"", ""probability"": 0.044281}]",,0.516,0.484,Yes,2.5,0.4739,0.5261,False,Under 2.5,-0.25,0.518,0.482,False,CA Osasuna -0.25,False,False,False,False,False,False,,,,,,,,0.4907,0.5093,0.2,weekly_update_20260922T102609Z_b8bb7f8f,2026-08-18.phase1,0.1.0-phase1,0.1.0-phase1,2026-09-22T10:26:09+00:00
LALIGA2627_MW22_218_RayoVallecano_RealMadrid,2026-27,22,2027-01-31,2027-01-31T00:00:00+00:00,Rayo Vallecano,Real Madrid,Estadio de Vallecas,scheduled,early_week_mode,,,,0.958,1.74,,,0-1,,away_win,,0.1711,0.2428,0.5861,Real Madrid,0.2047,0.2391,0.5562,,,,"[{""score"": ""0-1"", ""probability"": 0.115601}, {""score"": ""1-1"", ""probability"": 0.113786}, {""score"": ""0-2"", ""probability"": 0.10194}, {""score"": ""1-2"", ""probability"": 0.097673}, {""score"": ""0-0"", ""probability"": 0.068854}, {""score"": ""1-0"", ""probability"": 0.062947}, {""score"": ""0-3"", ""probability"": 0.059139}, {""score"": ""1-3"", ""probability"": 0.056663}, {""score"": ""2-1"", ""probability"": 0.053771}, {""score"": ""2-2"", ""probability"": 0.046792}]",,0.5098,0.4902,Yes,2.5,0.506,0.494,False,Over 2.5,0.75,0.5049,0.4951,False,Rayo Vallecano +0.75,False,False,False,False,False,False,,,,,,,,0.5861,0.4139,0.2,weekly_update_20260922T102609Z_b8bb7f8f,2026-08-18.phase1,0.1.0-phase1,0.1.0-phase1,2026-09-22T10:26:09+00:00
LALIGA2627_MW22_219_SevillaFC_AthleticClub,2026-27,22,2027-01-31,2027-01-31T00:00:00+00:00,Sevilla FC,Athletic Club,Ramón Sánchez-Pizjuán,scheduled,early_week_mode,,,,1.264,1.116,,,1-1,,draw,,0.4052,0.3152,0.2796,Sevilla FC,0.3957,0.2806,0.3236,,,,"[{""score"": ""1-1"", ""probability"": 0.132356}, {""score"": ""1-0"", ""probability"": 0.115215}, {""score"": ""0-1"", ""probability"": 0.101498}, {""score"": ""0-0"", ""probability"": 0.094372}, {""score"": ""2-1"", ""probability"": 0.08251}, {""score"": ""2-0"", ""probability"": 0.073948}, {""score"": ""1-2"", ""probability"": 0.072839}, {""score"": ""0-2"", ""probability"": 0.057628}, {""score"": ""2-2"", ""probability"": 0.046032}, {""score"": ""3-1"", ""probability"": 0.034763}]",,0.4842,0.5158,No,2.5,0.425,0.575,False,Under 2.5,-0.25,0.4659,0.5341,False,Athletic Club +0.25,False,False,False,False,False,False,,,,,,,,0.4052,0.5948,0.2,weekly_update_20260922T102609Z_b8bb7f8f,2026-08-18.phase1,0.1.0-phase1,0.1.0-phase1,2026-09-22T10:26:09+00:00
LALIGA2627_MW22_220_VillarrealCF_R.RacingClub,2026-27,22,2027-01-31,2027-01-31T00:00:00+00:00,Villarreal CF,R. Racing Club,Estadio de la Cerámica,scheduled,early_week_mode,,,,4.707,1.284,,,4-1,,home_win,,0.7746,0.1223,0.1031,Villarreal CF,0.8858,0.0671,0.0471,,,,"[{""score"": ""4-1"", ""probability"": 0.069183}, {""score"": ""5-1"", ""probability"": 0.065131}, {""score"": ""3-1"", ""probability"": 0.058789}, {""score"": ""4-0"", ""probability"": 0.053864}, {""score"": ""6-1"", ""probability"": 0.051097}, {""score"": ""5-0"", ""probability"": 0.050709}, {""score"": ""3-0"", ""probability"": 0.045772}, {""score"": ""4-2"", ""probability"": 0.044429}, {""score"": ""5-2"", ""probability"": 0.041827}, {""score"": ""6-0"", ""probability"": 0.039783}]",,0.7165,0.2835,Yes,2.5,0.9343,0.0657,False,Over 2.5,-3.25,0.4859,0.5141,False,R. Racing Club +3.25,False,False,False,False,False,False,,,,,,,,0.7746,0.2254,0.2,weekly_update_20260922T102609Z_b8bb7f8f,2026-08-18.phase1,0.1.0-phase1,0.1.0-phase1,2026-09-22T10:26:09+00:00
LALIGA2627_MW23_221_DeportivoAlavés_CeltaVigo,2026-27,23,2027-02-07,2027-02-07T00:00:00+00:00,Deportivo Alavés,Celta Vigo,Mendizorroza,scheduled,early_week_mode,,,,1.293,1.119,,,1-1,,draw,,0.3599,0.3175,0.3226,Deportivo Alavés,0.403,0.2781,0.3189,,,,"[{""score"": ""1-1"", ""probability"": 0.131477}, {""score"": ""1-0"", ""probability"": 0.114117}, {""score"": ""0-1"", ""probability"": 0.09852}, {""score"": ""0-0"", ""probability"": 0.091422}, {""score"": ""2-1"", ""probability"": 0.083846}, {""score"": ""2-0"", ""probability"": 0.07493}, {""score"": ""1-2"", ""probability"": 0.072563}, {""score"": ""0-2"", ""probability"": 0.05612}, {""score"": ""2-2"", ""probability"": 0.046912}, {""score"": ""3-1"", ""probability"": 0.036138}]",,0.4904,0.5096,No,2.5,0.4334,0.5666,False,Under 2.5,-0.25,0.4725,0.5275,False,Celta Vigo +0.25,False,False,False,False,False,False,,,,,,,,0.3599,0.6401,0.2,weekly_update_20260922T102609Z_b8bb7f8f,2026-08-18.phase1,0.1.0-phase1,0.1.0-phase1,2026-09-22T10:26:09+00:00
LALIGA2627_MW23_222_AthleticClub_CAOsasuna,2026-27,23,2027-02-07,2027-02-07T00:00:00+00:00,Athletic Club,CA Osasuna,Estadio San Mamés,scheduled,early_week_mode,,,,1.519,0.875,,,1-0,,home_win,,0.5427,0.2712,0.1861,Athletic Club,0.5222,0.2626,0.2151,,,,"[{""score"": ""1-0"", ""probability"": 0.136933}, {""score"": ""1-1"", ""probability"": 0.12296}, {""score"": ""2-0"", ""probability"": 0.105293}, {""score"": ""0-0"", ""probability"": 0.092892}, {""score"": ""2-1"", ""probability"": 0.092143}, {""score"": ""0-1"", ""probability"": 0.078161}, {""score"": ""3-0"", ""probability"": 0.053326}, {""score"": ""1-2"", ""probability"": 0.053072}, {""score"": ""3-1"", ""probability"": 0.046666}, {""score"": ""2-2"", ""probability"": 0.040318}]",,0.4572,0.5428,No,2.5,0.4288,0.5712,False,Under 2.5,-0.5,0.5222,0.4778,False,Athletic Club -0.5,False,False,False,False,False,False,,,,,,,,0.5427,0.4573,0.2,weekly_update_20260922T102609Z_b8bb7f8f,2026-08-18.phase1,0.1.0-phase1,0.1.0-phase1,2026-09-22T10:26:09+00:00
LALIGA2627_MW23_223_RealBetis_SevillaFC,2026-27,23,2027-02-07,2027-02-07T00:00:00+00:00,Real Betis,Sevilla FC,Estadio La Cartuja,scheduled,early_week_mode,,,,1.814,0.945,,,1-0,,home_win,,0.5105,0.2735,0.216,Real Betis,0.5766,0.2314,0.192,,,,"[{""score"": ""1-0"", ""probability"": 0.113521}, {""score"": ""1-1"", ""probability"": 0.110131}, {""score"": ""2-0"", ""probability"": 0.104294}, {""score"": ""2-1"", ""probability"": 0.098509}, {""score"": ""0-0"", ""probability"": 0.064915}, {""score"": ""3-0"", ""probability"": 0.063047}, {""score"": ""3-1"", ""probability"": 0.059551}, {""score"": ""0-1"", ""probability"": 0.058408}, {""score"": ""1-2"", ""probability"": 0.051306}, {""score"": ""2-2"", ""probability"": 0.046523}]",,0.513,0.487,Yes,2.5,0.5204,0.4796,False,Over 2.5,-0.75,0.5155,0.4845,False,Real Betis -0.75,False,False,False,False,False,False,,,,,,,,0.5105,0.4895,0.2,weekly_update_20260922T102609Z_b8bb7f8f,2026-08-18.phase1,0.1.0-phase1,0.1.0-phase1,2026-09-22T10:26:09+00:00
LALIGA2627_MW23_224_RCDeportivo_MálagaCF,2026-27,23,2027-02-07,2027-02-07T00:00:00+00:00,RC Deportivo,Málaga CF,Estadio ABANCA-RIAZOR,scheduled,early_week_mode,,,,1.728,0.425,,,1-0,,home_win,,0.5617,0.2576,0.1807,RC Deportivo,0.6953,0.2208,0.0839,,,,"[{""score"": ""1-0"", ""probability"": 0.199657}, {""score"": ""2-0"", ""probability"": 0.173479}, {""score"": ""0-0"", ""probability"": 0.11742}, {""score"": ""3-0"", ""probability"": 0.099902}, {""score"": ""1-1"", ""probability"": 0.086426}, {""score"": ""2-1"", ""probability"": 0.073642}, {""score"": ""0-1"", ""probability"": 0.048174}, {""score"": ""4-0"", ""probability"": 0.043148}, {""score"": ""3-1"", ""probability"": 0.042409}, {""score"": ""4-1"", ""probability"": 0.018316}]",,0.2856,0.7144,No,2.5,0.3644,0.6356,False,Under 2.5,-1.25,0.4832,0.5168,False,Málaga CF +1.25,False,False,False,False,False,False,,,,,,,,0.5617,0.4383,0.2,weekly_update_20260922T102609Z_b8bb7f8f,2026-08-18.phase1,0.1.0-phase1,0.1.0-phase1,2026-09-22T10:26:09+00:00
LALIGA2627_MW23_225_ElcheCF_LevanteUD,2026-27,23,2027-02-07,2027-02-07T00:00:00+00:00,Elche CF,Levante UD,Estadio Martínez Valero,scheduled,early_week_mode,,,,1.869,1.377,,,1-1,,draw,,0.4279,0.2883,0.2838,Elche CF,0.4894,0.2281,0.2825,,,,"[{""score"": ""1-1"", ""probability"": 0.101574}, {""score"": ""2-1"", ""probability"": 0.093644}, {""score"": ""1-0"", ""probability"": 0.071385}, {""score"": ""1-2"", ""probability"": 0.068984}, {""score"": ""2-0"", ""probability"": 0.068006}, {""score"": ""2-2"", ""probability"": 0.064474}, {""score"": ""3-1"", ""probability"": 0.058347}, {""score"": ""0-1"", ""probability"": 0.052224}, {""score"": ""3-0"", ""probability"": 0.042373}, {""score"": ""0-0"", ""probability"": 0.040306}]",,0.6337,0.3663,Yes,2.5,0.6296,0.3704,False,Over 2.5,-0.5,0.4894,0.5106,False,Levante UD +0.5,False,False,False,False,False,False,,,,,,,,0.4279,0.5721,0.2,weekly_update_20260922T102609Z_b8bb7f8f,2026-08-18.phase1,0.1.0-phase1,0.1.0-phase1,2026-09-22T10:26:09+00:00
LALIGA2627_MW23_226_RCDEspanyoldeBarcelona_RayoVallecano,2026-27,23,2027-02-07,2027-02-07T00:00:00+00:00,RCD Espanyol de Barcelona,Rayo Vallecano,RCDE Stadium,scheduled,early_week_mode,,,,1.291,1.024,,,1-1,,draw,,0.3985,0.3091,0.2925,RCD Espanyol de Barcelona,0.4241,0.2829,0.2929,,,,"[{""score"": ""1-1"", ""probability"": 0.132352}, {""score"": ""1-0"", ""probability"": 0.125675}, {""score"": ""0-0"", ""probability"": 0.100501}, {""score"": ""0-1"", ""probability"": 0.099297}, {""score"": ""2-1"", ""probability"": 0.084302}, {""score"": ""2-0"", ""probability"": 0.08231}, {""score"": ""1-2"", ""probability"": 0.066857}, {""score"": ""0-2"", ""probability"": 0.05177}, {""score"": ""2-2"", ""probability"": 0.043171}, {""score"": ""3-1"", ""probability"": 0.03629}]",,0.4665,0.5335,No,2.5,0.4081,0.5919,False,Under 2.5,-0.25,0.4949,0.5051,False,Rayo Vallecano +0.25,False,False,False,False,False,False,,,,,,,,0.3985,0.6015,0.2,weekly_update_20260922T102609Z_b8bb7f8f,2026-08-18.phase1,0.1.0-phase1,0.1.0-phase1,2026-09-22T10:26:09+00:00
LALIGA2627_MW23_227_FCBarcelona_AtléticodeMadrid,2026-27,23,2027-02-07,2027-02-07T00:00:00+00:00,FC Barcelona,Atlético de Madrid,Spotify Camp Nou,scheduled,early_week_mode,,,,2.477,1.136,,,2-1,,home_win,,0.6066,0.2324,0.161,FC Barcelona,0.6654,0.1785,0.1561,,,,"[{""score"": ""2-1"", ""probability"": 0.094087}, {""score"": ""2-0"", ""probability"": 0.082792}, {""score"": ""3-1"", ""probability"": 0.077689}, {""score"": ""1-1"", ""probability"": 0.077009}, {""score"": ""3-0"", ""probability"": 0.068362}, {""score"": ""1-0"", ""probability"": 0.0658}, {""score"": ""2-2"", ""probability"": 0.053461}, {""score"": ""4-1"", ""probability"": 0.048111}, {""score"": ""3-2"", ""probability"": 0.044143}, {""score"": ""1-2"", ""probability"": 0.043163}]",,0.623,0.377,Yes,2.5,0.6993,0.3007,False,Over 2.5,-1.25,0.5034,0.4966,False,FC Barcelona -1.25,False,False,False,False,False,False,,,,,,,,0.6066,0.3934,0.2,weekly_update_20260922T102609Z_b8bb7f8f,2026-08-18.phase1,0.1.0-phase1,0.1.0-phase1,2026-09-22T10:26:09+00:00
LALIGA2627_MW23_228_GetafeCF_VillarrealCF,2026-27,23,2027-02-07,2027-02-07T00:00:00+00:00,Getafe CF,Villarreal CF,Coliseum,scheduled,early_week_mode,,,,0.939,1.2,,,0-1,,away_win,,0.2806,0.3272,0.3922,Villarreal CF,0.2854,0.2965,0.4181,,,,"[{""score"": ""0-1"", ""probability"": 0.139521}, {""score"": ""1-1"", ""probability"": 0.134526}, {""score"": ""0-0"", ""probability"": 0.119593}, {""score"": ""1-0"", ""probability"": 0.108738}, {""score"": ""0-2"", ""probability"": 0.084823}, {""score"": ""1-2"", ""probability"": 0.079635}, {""score"": ""2-1"", ""probability"": 0.062292}, {""score"": ""2-0"", ""probability"": 0.0519}, {""score"": ""2-2"", ""probability"": 0.037382}, {""score"": ""0-3"", ""probability"": 0.033935}]",,0.4274,0.5726,No,2.5,0.3609,0.6391,False,Under 2.5,0.25,0.5078,0.4922,False,Getafe CF +0.25,False,False,False,False,False,False,,,,,,,,0.3922,0.6078,0.2,weekly_update_20260922T102609Z_b8bb7f8f,2026-08-18.phase1,0.1.0-phase1,0.1.0-phase1,2026-09-22T10:26:09+00:00
LALIGA2627_MW23_229_RealSociedad_RealMadrid,2026-27,23,2027-02-07,2027-02-07T00:00:00+00:00,Real Sociedad,Real Madrid,Anoeta,scheduled,early_week_mode,,,,1.181,1.989,,,1-1,,draw,,0.1937,0.262,0.5443,Real Madrid,0.2214,0.219,0.5596,,,,"[{""score"": ""1-1"", ""probability"": 0.100076}, {""score"": ""1-2"", ""probability"": 0.098153}, {""score"": ""0-2"", ""probability"": 0.08314}, {""score"": ""0-1"", ""probability"": 0.08226}, {""score"": ""1-3"", ""probability"": 0.065061}, {""score"": ""2-1"", ""probability"": 0.058272}, {""score"": ""2-2"", ""probability"": 0.057939}, {""score"": ""0-3"", ""probability"": 0.055109}, {""score"": ""1-0"", ""probability"": 0.048285}, {""score"": ""0-0"", ""probability"": 0.043408}]",,0.5994,0.4006,Yes,2.5,0.6135,0.3865,False,Over 2.5,0.75,0.4972,0.5028,False,Real Madrid -0.75,False,False,False,False,False,False,,,,,,,,0.5443,0.4557,0.2,weekly_update_20260922T102609Z_b8bb7f8f,2026-08-18.phase1,0.1.0-phase1,0.1.0-phase1,2026-09-22T10:26:09+00:00
LALIGA2627_MW23_230_ValenciaCF_R.RacingClub,2026-27,23,2027-02-07,2027-02-07T00:00:00+00:00,Valencia CF,R. Racing Club,Camp de Mestalla,scheduled,early_week_mode,,,,2.875,1.322,,,2-1,,home_win,,0.6573,0.1773,0.1654,Valencia CF,0.6927,0.1579,0.1495,,,,"[{""score"": ""2-1"", ""probability"": 0.08243}, {""score"": ""3-1"", ""probability"": 0.078987}, {""score"": ""2-0"", ""probability"": 0.06237}, {""score"": ""3-0"", ""probability"": 0.059766}, {""score"": ""1-1"", ""probability"": 0.058137}, {""score"": ""4-1"", ""probability"": 0.056766}, {""score"": ""2-2"", ""probability"": 0.05447}, {""score"": ""3-2"", ""probability"": 0.052195}, {""score"": ""4-0"", ""probability"": 0.042952}, {""score"": ""1-0"", ""probability"": 0.042603}]",,0.6926,0.3074,Yes,2.5,0.7887,0.2113,False,Over 2.5,-1.5,0.4953,0.5047,False,R. Racing Club +1.5,False,False,False,False,False,False,,,,,,,,0.6573,0.3427,0.2,weekly_update_20260922T102609Z_b8bb7f8f,2026-08-18.phase1,0.1.0-phase1,0.1.0-phase1,2026-09-22T10:26:09+00:00
LALIGA2627_MW24_231_CeltaVigo_RayoVallecano,2026-27,24,2027-02-14,2027-02-14T00:00:00+00:00,Celta Vigo,Rayo Vallecano,Estadio ABANCA Balaídos,scheduled,early_week_mode,,,,1.494,0.93,,,1-0,,home_win,,0.4888,0.2809,0.2303,Celta Vigo,0.5018,0.265,0.2333,,,,"[{""score"": ""1-0"", ""probability"": 0.130584}, {""score"": ""1-1"", ""probability"": 0.124752}, {""score"": ""2-0"", ""probability"": 0.098817}, {""score"": ""2-1"", ""probability"": 0.091931}, {""score"": ""0-0"", ""probability"": 0.090226}, {""score"": ""0-1"", ""probability"": 0.080671}, {""score"": ""1-2"", ""probability"": 0.057242}, {""score"": ""3-0"", ""probability"": 0.049214}, {""score"": ""3-1"", ""probability"": 0.045784}, {""score"": ""2-2"", ""probability"": 0.042762}]",,0.4713,0.5287,No,2.5,0.4366,0.5634,False,Under 2.5,-0.5,0.5018,0.4982,False,Celta Vigo -0.5,False,False,False,False,False,False,,,,,,,,0.4888,0.5112,0.2,weekly_update_20260922T102609Z_b8bb7f8f,2026-08-18.phase1,0.1.0-phase1,0.1.0-phase1,2026-09-22T10:26:09+00:00
LALIGA2627_MW24_232_ElcheCF_RCDeportivo,2026-27,24,2027-02-14,2027-02-14T00:00:00+00:00,Elche CF,RC Deportivo,Estadio Martínez Valero,scheduled,early_week_mode,,,,1.726,1.257,,,1-1,,draw,,0.486,0.2797,0.2343,Elche CF,0.4827,0.2397,0.2776,,,,"[{""score"": ""1-1"", ""probability"": 0.111415}, {""score"": ""2-1"", ""probability"": 0.094831}, {""score"": ""1-0"", ""probability"": 0.085955}, {""score"": ""2-0"", ""probability"": 0.075472}, {""score"": ""1-2"", ""probability"": 0.069047}, {""score"": ""0-1"", ""probability"": 0.062173}, {""score"": ""2-2"", ""probability"": 0.059578}, {""score"": ""3-1"", ""probability"": 0.05455}, {""score"": ""0-0"", ""probability"": 0.052197}, {""score"": ""3-0"", ""probability"": 0.043414}]",,0.5895,0.4105,Yes,2.5,0.5728,0.4272,False,Over 2.5,-0.5,0.4827,0.5173,False,RC Deportivo +0.5,False,False,False,False,False,False,,,,,,,,0.486,0.514,0.2,weekly_update_20260922T102609Z_b8bb7f8f,2026-08-18.phase1,0.1.0-phase1,0.1.0-phase1,2026-09-22T10:26:09+00:00
LALIGA2627_MW24_233_LevanteUD_MálagaCF,2026-27,24,2027-02-14,2027-02-14T00:00:00+00:00,Levante UD,Málaga CF,Estadio Ciutat de València,scheduled,early_week_mode,,,,1.893,0.46,,,1-0,,home_win,,0.583,0.2439,0.1731,Levante UD,0.72,0.2,0.08,,,,"[{""score"": ""1-0"", ""probability"": 0.178894}, {""score"": ""2-0"", ""probability"": 0.170427}, {""score"": ""3-0"", ""probability"": 0.107555}, {""score"": ""0-0"", ""probability"": 0.096229}, {""score"": ""1-1"", ""probability"": 0.083919}, {""score"": ""2-1"", ""probability"": 0.078363}, {""score"": ""4-0"", ""probability"": 0.050908}, {""score"": ""3-1"", ""probability"": 0.049455}, {""score"": ""0-1"", ""probability"": 0.042584}, {""score"": ""4-1"", ""probability"": 0.023408}]",,0.3142,0.6858,No,2.5,0.4179,0.5821,False,Under 2.5,-1.25,0.5179,0.4821,False,Levante UD -1.25,False,False,False,False,False,False,,,,,,,,0.583,0.417,0.2,weekly_update_20260922T102609Z_b8bb7f8f,2026-08-18.phase1,0.1.0-phase1,0.1.0-phase1,2026-09-22T10:26:09+00:00
LALIGA2627_MW24_234_CAOsasuna_AtléticodeMadrid,2026-27,24,2027-02-14,2027-02-14T00:00:00+00:00,CA Osasuna,Atlético de Madrid,Estadio El Sadar,scheduled,early_week_mode,,,,1.072,1.628,,,1-1,,draw,,0.187,0.2717,0.5413,Atlético de Madrid,0.2485,0.25,0.5015,,,,"[{""score"": ""1-1"", ""probability"": 0.118913}, {""score"": ""0-1"", ""probability"": 0.107827}, {""score"": ""1-2"", ""probability"": 0.095478}, {""score"": ""0-2"", ""probability"": 0.089081}, {""score"": ""1-0"", ""probability"": 0.070439}, {""score"": ""0-0"", ""probability"": 0.06884}, {""score"": ""2-1"", ""probability"": 0.06286}, {""score"": ""1-3"", ""probability"": 0.051811}, {""score"": ""2-2"", ""probability"": 0.051167}, {""score"": ""0-3"", ""probability"": 0.04834}]",,0.5301,0.4699,Yes,2.5,0.5063,0.4937,False,Over 2.5,0.5,0.4985,0.5015,False,Atlético de Madrid -0.5,False,False,False,False,False,False,,,,,,,,0.5413,0.4587,0.2,weekly_update_20260922T102609Z_b8bb7f8f,2026-08-18.phase1,0.1.0-phase1,0.1.0-phase1,2026-09-22T10:26:09+00:00
LALIGA2627_MW24_235_R.RacingClub_GetafeCF,2026-27,24,2027-02-14,2027-02-14T00:00:00+00:00,R. Racing Club,Getafe CF,El Sardinero,scheduled,early_week_mode,,,,1.289,1.517,,,1-1,,draw,,0.4092,0.2868,0.3039,R. Racing Club,0.3214,0.2539,0.4247,,,,"[{""score"": ""1-1"", ""probability"": 0.119828}, {""score"": ""0-1"", ""probability"": 0.09009}, {""score"": ""1-2"", ""probability"": 0.089666}, {""score"": ""1-0"", ""probability"": 0.076283}, {""score"": ""2-1"", ""probability"": 0.076167}, {""score"": ""0-2"", ""probability"": 0.069574}, {""score"": ""0-0"", ""probability"": 0.062078}, {""score"": ""2-2"", ""probability"": 0.057779}, {""score"": ""2-0"", ""probability"": 0.050204}, {""score"": ""1-3"", ""probability"": 0.045346}]",,0.5671,0.4329,Yes,2.5,0.5319,0.4681,False,Over 2.5,0.25,0.5118,0.4882,False,R. Racing Club +0.25,False,False,False,False,False,False,,,,,,,,0.4092,0.5908,0.2,weekly_update_20260922T102609Z_b8bb7f8f,2026-08-18.phase1,0.1.0-phase1,0.1.0-phase1,2026-09-22T10:26:09+00:00
LALIGA2627_MW24_236_RealMadrid_AthleticClub,2026-27,24,2027-02-14,2027-02-14T00:00:00+00:00,Real Madrid,Athletic Club,Bernabéu,scheduled,early_week_mode,,,,2.159,0.772,,,2-0,,home_win,,0.6989,0.1882,0.1129,Real Madrid,0.6912,0.1894,0.1194,,,,"[{""score"": ""2-0"", ""probability"": 0.124429}, {""score"": ""1-0"", ""probability"": 0.114033}, {""score"": ""2-1"", ""probability"": 0.096005}, {""score"": ""1-1"", ""probability"": 0.090151}, {""score"": ""3-0"", ""probability"": 0.089555}, {""score"": ""3-1"", ""probability"": 0.069097}, {""score"": ""0-0"", ""probability"": 0.054603}, {""score"": ""4-0"", ""probability"": 0.048341}, {""score"": ""0-1"", ""probability"": 0.039962}, {""score"": ""4-1"", ""probability"": 0.037298}]",,0.4768,0.5232,No,2.5,0.5609,0.4391,False,Over 2.5,-1.25,0.5107,0.4893,False,Real Madrid -1.25,False,False,False,False,False,False,,,,,,,,0.6989,0.3011,0.2,weekly_update_20260922T102609Z_b8bb7f8f,2026-08-18.phase1,0.1.0-phase1,0.1.0-phase1,2026-09-22T10:26:09+00:00
LALIGA2627_MW24_237_RealSociedad_RealBetis,2026-27,24,2027-02-14,2027-02-14T00:00:00+00:00,Real Sociedad,Real Betis,Anoeta,scheduled,early_week_mode,,,,1.447,1.408,,,1-1,,draw,,0.3729,0.3027,0.3245,Real Sociedad,0.3822,0.2531,0.3647,,,,"[{""score"": ""1-1"", ""probability"": 0.118857}, {""score"": ""2-1"", ""probability"": 0.084845}, {""score"": ""1-2"", ""probability"": 0.08256}, {""score"": ""1-0"", ""probability"": 0.081637}, {""score"": ""0-1"", ""probability"": 0.079395}, {""score"": ""2-0"", ""probability"": 0.060245}, {""score"": ""2-2"", ""probability"": 0.059745}, {""score"": ""0-0"", ""probability"": 0.059133}, {""score"": ""0-2"", ""probability"": 0.057043}, {""score"": ""3-1"", ""probability"": 0.040933}]",,0.5794,0.4206,Yes,2.5,0.5437,0.4563,False,Over 2.5,0.0,0.5088,0.4912,False,Real Sociedad (pick'em),False,False,False,False,False,False,,,,,,,,0.3729,0.6271,0.2,weekly_update_20260922T102609Z_b8bb7f8f,2026-08-18.phase1,0.1.0-phase1,0.1.0-phase1,2026-09-22T10:26:09+00:00
LALIGA2627_MW24_238_SevillaFC_RCDEspanyoldeBarcelona,2026-27,24,2027-02-14,2027-02-14T00:00:00+00:00,Sevilla FC,RCD Espanyol de Barcelona,Ramón Sánchez-Pizjuán,scheduled,early_week_mode,,,,1.491,1.05,,,1-1,,draw,,0.4956,0.2796,0.2247,Sevilla FC,0.4719,0.2631,0.265,,,,"[{""score"": ""1-1"", ""probability"": 0.12506}, {""score"": ""1-0"", ""probability"": 0.115816}, {""score"": ""2-1"", ""probability"": 0.091949}, {""score"": ""2-0"", ""probability"": 0.087589}, {""score"": ""0-1"", ""probability"": 0.081057}, {""score"": ""0-0"", ""probability"": 0.080528}, {""score"": ""1-2"", ""probability"": 0.064752}, {""score"": ""2-2"", ""probability"": 0.048263}, {""score"": ""3-1"", ""probability"": 0.04569}, {""score"": ""3-0"", ""probability"": 0.043523}]",,0.5053,0.4947,Yes,2.5,0.4665,0.5335,False,Under 2.5,-0.5,0.4719,0.5281,False,RCD Espanyol de Barcelona +0.5,False,False,False,False,False,False,,,,,,,,0.4956,0.5044,0.2,weekly_update_20260922T102609Z_b8bb7f8f,2026-08-18.phase1,0.1.0-phase1,0.1.0-phase1,2026-09-22T10:26:09+00:00
LALIGA2627_MW24_239_ValenciaCF_DeportivoAlavés,2026-27,24,2027-02-14,2027-02-14T00:00:00+00:00,Valencia CF,Deportivo Alavés,Camp de Mestalla,scheduled,early_week_mode,,,,1.261,1.058,,,1-1,,draw,,0.4626,0.298,0.2394,Valencia CF,0.408,0.2841,0.3079,,,,"[{""score"": ""1-1"", ""probability"": 0.133048}, {""score"": ""1-0"", ""probability"": 0.122298}, {""score"": ""0-1"", ""probability"": 0.10226}, {""score"": ""0-0"", ""probability"": 0.100211}, {""score"": ""2-1"", ""probability"": 0.082758}, {""score"": ""2-0"", ""probability"": 0.078256}, {""score"": ""1-2"", ""probability"": 0.069396}, {""score"": ""0-2"", ""probability"": 0.055026}, {""score"": ""2-2"", ""probability"": 0.043759}, {""score"": ""3-1"", ""probability"": 0.03479}]",,0.4696,0.5304,No,2.5,0.4089,0.5911,False,Under 2.5,-0.25,0.479,0.521,False,Deportivo Alavés +0.25,False,False,False,False,False,False,,,,,,,,0.4626,0.5374,0.2,weekly_update_20260922T102609Z_b8bb7f8f,2026-08-18.phase1,0.1.0-phase1,0.1.0-phase1,2026-09-22T10:26:09+00:00
LALIGA2627_MW24_240_VillarrealCF_FCBarcelona,2026-27,24,2027-02-14,2027-02-14T00:00:00+00:00,Villarreal CF,FC Barcelona,Estadio de la Cerámica,scheduled,early_week_mode,,,,1.584,2.317,,,1-2,,away_win,,0.2132,0.2573,0.5295,FC Barcelona,0.2596,0.1999,0.5405,,,,"[{""score"": ""1-2"", ""probability"": 0.086054}, {""score"": ""1-1"", ""probability"": 0.0753}, {""score"": ""2-2"", ""probability"": 0.068137}, {""score"": ""1-3"", ""probability"": 0.066464}, {""score"": ""2-1"", ""probability"": 0.058813}, {""score"": ""0-2"", ""probability"": 0.054341}, {""score"": ""2-3"", ""probability"": 0.052626}, {""score"": ""0-1"", ""probability"": 0.045883}, {""score"": ""0-3"", ""probability"": 0.04197}, {""score"": ""1-4"", ""probability"": 0.0385}]",,0.7174,0.2826,Yes,2.5,0.7468,0.2532,False,Over 2.5,0.75,0.5105,0.4895,False,Villarreal CF +0.75,False,False,False,False,False,False,,,,,,,,0.5295,0.4705,0.2,weekly_update_20260922T102609Z_b8bb7f8f,2026-08-18.phase1,0.1.0-phase1,0.1.0-phase1,2026-09-22T10:26:09+00:00
LALIGA2627_MW25_241_DeportivoAlavés_R.RacingClub,2026-27,25,2027-02-21,2027-02-21T00:00:00+00:00,Deportivo Alavés,R. Racing Club,Mendizorroza,scheduled,early_week_mode,,,,3.006,1.225,,,3-1,,home_win,,0.6184,0.1997,0.1819,Deportivo Alavés,0.731,0.1449,0.124,,,,"[{""score"": ""3-1"", ""probability"": 0.080933}, {""score"": ""2-1"", ""probability"": 0.080766}, {""score"": ""3-0"", ""probability"": 0.066064}, {""score"": ""2-0"", ""probability"": 0.065928}, {""score"": ""4-1"", ""probability"": 0.060825}, {""score"": ""1-1"", ""probability"": 0.054472}, {""score"": ""4-0"", ""probability"": 0.04965}, {""score"": ""3-2"", ""probability"": 0.049574}, {""score"": ""2-2"", ""probability"": 0.049472}, {""score"": ""1-0"", ""probability"": 0.043122}]",,0.6719,0.3281,Yes,2.5,0.7931,0.2069,False,Over 2.5,-1.75,0.4905,0.5095,False,R. Racing Club +1.75,False,False,False,False,False,False,,,,,,,,0.6184,0.3816,0.2,weekly_update_20260922T102609Z_b8bb7f8f,2026-08-18.phase1,0.1.0-phase1,0.1.0-phase1,2026-09-22T10:26:09+00:00
LALIGA2627_MW25_242_AthleticClub_CeltaVigo,2026-27,25,2027-02-21,2027-02-21T00:00:00+00:00,Athletic Club,Celta Vigo,Estadio San Mamés,scheduled,early_week_mode,,,,1.356,1.024,,,1-1,,draw,,0.429,0.3024,0.2686,Athletic Club,0.442,0.2767,0.2812,,,,"[{""score"": ""1-1"", ""probability"": 0.13028}, {""score"": ""1-0"", ""probability"": 0.123724}, {""score"": ""0-0"", ""probability"": 0.094314}, {""score"": ""0-1"", ""probability"": 0.093005}, {""score"": ""2-1"", ""probability"": 0.087131}, {""score"": ""2-0"", ""probability"": 0.085084}, {""score"": ""1-2"", ""probability"": 0.065802}, {""score"": ""0-2"", ""probability"": 0.048527}, {""score"": ""2-2"", ""probability"": 0.044614}, {""score"": ""3-1"", ""probability"": 0.039383}]",,0.4775,0.5225,No,2.5,0.4251,0.5749,False,Under 2.5,-0.25,0.5112,0.4888,False,Athletic Club -0.25,False,False,False,False,False,False,,,,,,,,0.429,0.571,0.2,weekly_update_20260922T102609Z_b8bb7f8f,2026-08-18.phase1,0.1.0-phase1,0.1.0-phase1,2026-09-22T10:26:09+00:00
LALIGA2627_MW25_243_AtléticodeMadrid_ElcheCF,2026-27,25,2027-02-21,2027-02-21T00:00:00+00:00,Atlético de Madrid,Elche CF,Riyadh Air Metropolitano,scheduled,early_week_mode,,,,2.489,0.939,,,2-0,,home_win,,0.7324,0.1658,0.1019,Atlético de Madrid,0.7107,0.1682,0.1211,,,,"[{""score"": ""2-0"", ""probability"": 0.100635}, {""score"": ""2-1"", ""probability"": 0.09449}, {""score"": ""3-0"", ""probability"": 0.083501}, {""score"": ""1-0"", ""probability"": 0.079811}, {""score"": ""3-1"", ""probability"": 0.078402}, {""score"": ""1-1"", ""probability"": 0.076963}, {""score"": ""4-0"", ""probability"": 0.051963}, {""score"": ""4-1"", ""probability"": 0.04879}, {""score"": ""2-2"", ""probability"": 0.04436}, {""score"": ""3-2"", ""probability"": 0.036807}]",,0.5594,0.4406,Yes,2.5,0.6653,0.3347,False,Over 2.5,-1.5,0.4915,0.5085,False,Elche CF +1.5,False,False,False,False,False,False,,,,,,,,0.7324,0.2676,0.2,weekly_update_20260922T102609Z_b8bb7f8f,2026-08-18.phase1,0.1.0-phase1,0.1.0-phase1,2026-09-22T10:26:09+00:00
LALIGA2627_MW25_244_RCDeportivo_RealSociedad,2026-27,25,2027-02-21,2027-02-21T00:00:00+00:00,RC Deportivo,Real Sociedad,Estadio ABANCA-RIAZOR,scheduled,early_week_mode,,,,1.535,1.331,,,1-1,,draw,,0.4026,0.2943,0.3031,RC Deportivo,0.4202,0.2512,0.3286,,,,"[{""score"": ""1-1"", ""probability"": 0.117904}, {""score"": ""2-1"", ""probability"": 0.089284}, {""score"": ""1-0"", ""probability"": 0.085799}, {""score"": ""1-2"", ""probability"": 0.077384}, {""score"": ""0-1"", ""probability"": 0.074151}, {""score"": ""2-0"", ""probability"": 0.067094}, {""score"": ""2-2"", ""probability"": 0.059406}, {""score"": ""0-0"", ""probability"": 0.058525}, {""score"": ""0-2"", ""probability"": 0.050402}, {""score"": ""3-1"", ""probability"": 0.045694}]",,0.5788,0.4212,Yes,2.5,0.5461,0.4539,False,Over 2.5,-0.25,0.483,0.517,False,Real Sociedad +0.25,False,False,False,False,False,False,,,,,,,,0.4026,0.5974,0.2,weekly_update_20260922T102609Z_b8bb7f8f,2026-08-18.phase1,0.1.0-phase1,0.1.0-phase1,2026-09-22T10:26:09+00:00
LALIGA2627_MW25_245_RCDEspanyoldeBarcelona_CAOsasuna,2026-27,25,2027-02-21,2027-02-21T00:00:00+00:00,RCD Espanyol de Barcelona,CA Osasuna,RCDE Stadium,scheduled,early_week_mode,,,,1.429,1.032,,,1-1,,draw,,0.4642,0.297,0.2388,RCD Espanyol de Barcelona,0.46,0.2694,0.2706,,,,"[{""score"": ""1-1"", ""probability"": 0.127583}, {""score"": ""1-0"", ""probability"": 0.120205}, {""score"": ""2-1"", ""probability"": 0.089951}, {""score"": ""2-0"", ""probability"": 0.087153}, {""score"": ""0-0"", ""probability"": 0.087033}, {""score"": ""0-1"", ""probability"": 0.086309}, {""score"": ""1-2"", ""probability"": 0.064946}, {""score"": ""2-2"", ""probability"": 0.046419}, {""score"": ""0-2"", ""probability"": 0.045433}, {""score"": ""3-1"", ""probability"": 0.042861}]",,0.4913,0.5087,No,2.5,0.4463,0.5537,False,Under 2.5,-0.25,0.5273,0.4727,False,RCD Espanyol de Barcelona -0.25,False,False,False,False,False,False,,,,,,,,0.4642,0.5358,0.2,weekly_update_20260922T102609Z_b8bb7f8f,2026-08-18.phase1,0.1.0-phase1,0.1.0-phase1,2026-09-22T10:26:09+00:00
LALIGA2627_MW25_246_FCBarcelona_LevanteUD,2026-27,25,2027-02-21,2027-02-21T00:00:00+00:00,FC Barcelona,Levante UD,Spotify Camp Nou,scheduled,early_week_mode,,,,3.665,0.846,,,3-0,,home_win,,0.8312,0.1038,0.065,FC Barcelona,0.8692,0.0846,0.0462,,,,"[{""score"": ""3-0"", ""probability"": 0.091349}, {""score"": ""4-0"", ""probability"": 0.08371}, {""score"": ""3-1"", ""probability"": 0.07726}, {""score"": ""2-0"", ""probability"": 0.074764}, {""score"": ""4-1"", ""probability"": 0.070799}, {""score"": ""2-1"", ""probability"": 0.063233}, {""score"": ""5-0"", ""probability"": 0.061367}, {""score"": ""5-1"", ""probability"": 0.051902}, {""score"": ""1-0"", ""probability"": 0.040319}, {""score"": ""6-0"", ""probability"": 0.03749}]",,0.5564,0.4436,Yes,2.5,0.8254,0.1746,False,Over 2.5,-2.75,0.487,0.513,False,Levante UD +2.75,False,False,False,False,False,False,,,,,,,,0.8312,0.1688,0.2,weekly_update_20260922T102609Z_b8bb7f8f,2026-08-18.phase1,0.1.0-phase1,0.1.0-phase1,2026-09-22T10:26:09+00:00
LALIGA2627_MW25_247_MálagaCF_RealBetis,2026-27,25,2027-02-21,2027-02-21T00:00:00+00:00,Málaga CF,Real Betis,La Rosaleda,scheduled,early_week_mode,,,,0.462,1.585,,,0-1,,away_win,,0.3016,0.3179,0.3806,Real Betis,0.1033,0.2451,0.6516,,,,"[{""score"": ""0-1"", ""probability"": 0.20345}, {""score"": ""0-2"", ""probability"": 0.162234}, {""score"": ""0-0"", ""probability"": 0.130506}, {""score"": ""1-1"", ""probability"": 0.095834}, {""score"": ""0-3"", ""probability"": 0.085698}, {""score"": ""1-2"", ""probability"": 0.074903}, {""score"": ""1-0"", ""probability"": 0.058353}, {""score"": ""1-3"", ""probability"": 0.039566}, {""score"": ""0-4"", ""probability"": 0.033951}, {""score"": ""2-1"", ""probability"": 0.021823}]",,0.2953,0.7047,No,2.5,0.3359,0.6641,False,Under 2.5,1.0,0.4924,0.5076,False,Real Betis -1,False,False,False,False,False,False,,,,,,,,0.3806,0.6194,0.2,weekly_update_20260922T102609Z_b8bb7f8f,2026-08-18.phase1,0.1.0-phase1,0.1.0-phase1,2026-09-22T10:26:09+00:00
LALIGA2627_MW25_248_RayoVallecano_GetafeCF,2026-27,25,2027-02-21,2027-02-21T00:00:00+00:00,Rayo Vallecano,Getafe CF,Estadio de Vallecas,scheduled,early_week_mode,,,,0.998,0.661,,,0-0,,draw,,0.4156,0.3352,0.2493,Rayo Vallecano,0.4239,0.3416,0.2345,,,,"[{""score"": ""0-0"", ""probability"": 0.192094}, {""score"": ""1-0"", ""probability"": 0.188306}, {""score"": ""1-1"", ""probability"": 0.127255}, {""score"": ""0-1"", ""probability"": 0.124021}, {""score"": ""2-0"", ""probability"": 0.09485}, {""score"": ""2-1"", ""probability"": 0.062654}, {""score"": ""0-2"", ""probability"": 0.041532}, {""score"": ""1-2"", ""probability"": 0.041459}, {""score"": ""3-0"", ""probability"": 0.031561}, {""score"": ""3-1"", ""probability"": 0.020848}]",,0.307,0.693,No,2.5,0.2319,0.7681,False,Under 2.5,-0.25,0.5093,0.4907,False,Rayo Vallecano -0.25,False,False,False,False,False,False,,,,,,,,0.4156,0.5844,0.2,weekly_update_20260922T102609Z_b8bb7f8f,2026-08-18.phase1,0.1.0-phase1,0.1.0-phase1,2026-09-22T10:26:09+00:00
LALIGA2627_MW25_249_SevillaFC_RealMadrid,2026-27,25,2027-02-21,2027-02-21T00:00:00+00:00,Sevilla FC,Real Madrid,Ramón Sánchez-Pizjuán,scheduled,early_week_mode,,,,1.037,1.903,,,1-1,,draw,,0.1887,0.2628,0.5485,Real Madrid,0.2011,0.2243,0.5745,,,,"[{""score"": ""1-1"", ""probability"": 0.105763}, {""score"": ""1-2"", ""probability"": 0.099286}, {""score"": ""0-1"", ""probability"": 0.099213}, {""score"": ""0-2"", ""probability"": 0.095785}, {""score"": ""1-3"", ""probability"": 0.062992}, {""score"": ""0-3"", ""probability"": 0.06077}, {""score"": ""0-0"", ""probability"": 0.054315}, {""score"": ""2-1"", ""probability"": 0.054071}, {""score"": ""1-0"", ""probability"": 0.053377}, {""score"": ""2-2"", ""probability"": 0.051458}]",,0.5505,0.4495,Yes,2.5,0.5631,0.4369,False,Over 2.5,0.75,0.4847,0.5153,False,Real Madrid -0.75,False,False,False,False,False,False,,,,,,,,0.5485,0.4515,0.2,weekly_update_20260922T102609Z_b8bb7f8f,2026-08-18.phase1,0.1.0-phase1,0.1.0-phase1,2026-09-22T10:26:09+00:00
LALIGA2627_MW25_250_VillarrealCF_ValenciaCF,2026-27,25,2027-02-21,2027-02-21T00:00:00+00:00,Villarreal CF,Valencia CF,Estadio de la Cerámica,scheduled,early_week_mode,,,,2.228,0.983,,,2-0,,home_win,,0.5885,0.2398,0.1717,Villarreal CF,0.6542,0.193,0.1528,,,,"[{""score"": ""2-0"", ""probability"": 0.100139}, {""score"": ""2-1"", ""probability"": 0.098416}, {""score"": ""1-1"", ""probability"": 0.089569}, {""score"": ""1-0"", ""probability"": 0.088685}, {""score"": ""3-0"", ""probability"": 0.074363}, {""score"": ""3-1"", ""probability"": 0.073083}, {""score"": ""2-2"", ""probability"": 0.048361}, {""score"": ""1-2"", ""probability"": 0.043416}, {""score"": ""0-0"", ""probability"": 0.04157}, {""score"": ""4-0"", ""probability"": 0.041416}]",,0.5595,0.4405,Yes,2.5,0.6221,0.3779,False,Over 2.5,-1.25,0.4814,0.5186,False,Valencia CF +1.25,False,False,False,False,False,False,,,,,,,,0.5885,0.4115,0.2,weekly_update_20260922T102609Z_b8bb7f8f,2026-08-18.phase1,0.1.0-phase1,0.1.0-phase1,2026-09-22T10:26:09+00:00
LALIGA2627_MW26_251_AthleticClub_FCBarcelona,2026-27,26,2027-02-28,2027-02-28T00:00:00+00:00,Athletic Club,FC Barcelona,Estadio San Mamés,scheduled,early_week_mode,,,,1.061,2.023,,,1-1,,draw,,0.1613,0.2464,0.5923,FC Barcelona,0.1914,0.214,0.5947,,,,"[{""score"": ""1-1"", ""probability"": 0.099656}, {""score"": ""1-2"", ""probability"": 0.099412}, {""score"": ""0-2"", ""probability"": 0.093729}, {""score"": ""0-1"", ""probability"": 0.091332}, {""score"": ""1-3"", ""probability"": 0.067022}, {""score"": ""0-3"", ""probability"": 0.06319}, {""score"": ""2-2"", ""probability"": 0.052719}, {""score"": ""2-1"", ""probability"": 0.052132}, {""score"": ""1-0"", ""probability"": 0.047251}, {""score"": ""0-0"", ""probability"": 0.047178}]",,0.5686,0.4314,Yes,2.5,0.5951,0.4049,False,Over 2.5,1.0,0.522,0.478,False,Athletic Club +1,False,False,False,False,False,False,,,,,,,,0.5923,0.4077,0.2,weekly_update_20260922T102609Z_b8bb7f8f,2026-08-18.phase1,0.1.0-phase1,0.1.0-phase1,2026-09-22T10:26:09+00:00
LALIGA2627_MW26_252_RealBetis_VillarrealCF,2026-27,26,2027-02-28,2027-02-28T00:00:00+00:00,Real Betis,Villarreal CF,Estadio La Cartuja,scheduled,early_week_mode,,,,1.752,1.412,,,1-1,,draw,,0.3851,0.2964,0.3185,Real Betis,0.455,0.2352,0.3099,,,,"[{""score"": ""1-1"", ""probability"": 0.105983}, {""score"": ""2-1"", ""probability"": 0.091573}, {""score"": ""1-2"", ""probability"": 0.073823}, {""score"": ""1-0"", ""probability"": 0.072588}, {""score"": ""2-0"", ""probability"": 0.064841}, {""score"": ""2-2"", ""probability"": 0.064663}, {""score"": ""0-1"", ""probability"": 0.058239}, {""score"": ""3-1"", ""probability"": 0.053474}, {""score"": ""0-0"", ""probability"": 0.043694}, {""score"": ""0-2"", ""probability"": 0.04214}]",,0.6266,0.3734,Yes,2.5,0.6125,0.3875,False,Over 2.5,-0.25,0.5138,0.4862,False,Real Betis -0.25,False,False,False,False,False,False,,,,,,,,0.3851,0.6149,0.2,weekly_update_20260922T102609Z_b8bb7f8f,2026-08-18.phase1,0.1.0-phase1,0.1.0-phase1,2026-09-22T10:26:09+00:00
LALIGA2627_MW26_253_CeltaVigo_RCDEspanyoldeBarcelona,2026-27,26,2027-02-28,2027-02-28T00:00:00+00:00,Celta Vigo,RCD Espanyol de Barcelona,Estadio ABANCA Balaídos,scheduled,early_week_mode,,,,1.625,0.948,,,1-0,,home_win,,0.52,0.273,0.207,Celta Vigo,0.5307,0.2509,0.2184,,,,"[{""score"": ""1-0"", ""probability"": 0.122358}, {""score"": ""1-1"", ""probability"": 0.119179}, {""score"": ""2-0"", ""probability"": 0.100725}, {""score"": ""2-1"", ""probability"": 0.095514}, {""score"": ""0-0"", ""probability"": 0.077914}, {""score"": ""0-1"", ""probability"": 0.070731}, {""score"": ""1-2"", ""probability"": 0.05574}, {""score"": ""3-0"", ""probability"": 0.054557}, {""score"": ""3-1"", ""probability"": 0.051734}, {""score"": ""2-2"", ""probability"": 0.045286}]",,0.4936,0.5064,No,2.5,0.4748,0.5252,False,Under 2.5,-0.5,0.5307,0.4693,False,Celta Vigo -0.5,False,False,False,False,False,False,,,,,,,,0.52,0.48,0.2,weekly_update_20260922T102609Z_b8bb7f8f,2026-08-18.phase1,0.1.0-phase1,0.1.0-phase1,2026-09-22T10:26:09+00:00
LALIGA2627_MW26_254_GetafeCF_DeportivoAlavés,2026-27,26,2027-02-28,2027-02-28T00:00:00+00:00,Getafe CF,Deportivo Alavés,Coliseum,scheduled,early_week_mode,,,,0.895,0.767,,,0-0,,draw,,0.4201,0.3406,0.2393,Getafe CF,0.3625,0.3477,0.2898,,,,"[{""score"": ""0-0"", ""probability"": 0.191556}, {""score"": ""1-0"", ""probability"": 0.168134}, {""score"": ""0-1"", ""probability"": 0.143664}, {""score"": ""1-1"", ""probability"": 0.132043}, {""score"": ""2-0"", ""probability"": 0.076081}, {""score"": ""2-1"", ""probability"": 0.058317}, {""score"": ""0-2"", ""probability"": 0.055747}, {""score"": ""1-2"", ""probability"": 0.049919}, {""score"": ""3-0"", ""probability"": 0.022709}, {""score"": ""2-2"", ""probability"": 0.02235}]",,0.3185,0.6815,No,2.5,0.2328,0.7672,False,Under 2.5,0.0,0.5363,0.4637,False,Getafe CF (pick'em),False,False,False,False,False,False,,,,,,,,0.4201,0.5799,0.2,weekly_update_20260922T102609Z_b8bb7f8f,2026-08-18.phase1,0.1.0-phase1,0.1.0-phase1,2026-09-22T10:26:09+00:00
LALIGA2627_MW26_255_LevanteUD_RCDeportivo,2026-27,26,2027-02-28,2027-02-28T00:00:00+00:00,Levante UD,RC Deportivo,Estadio Ciutat de València,scheduled,early_week_mode,,,,1.689,1.241,,,1-1,,draw,,0.5132,0.2673,0.2195,Levante UD,0.4774,0.2427,0.2799,,,,"[{""score"": ""1-1"", ""probability"": 0.113487}, {""score"": ""2-1"", ""probability"": 0.094528}, {""score"": ""1-0"", ""probability"": 0.08869}, {""score"": ""2-0"", ""probability"": 0.076191}, {""score"": ""1-2"", ""probability"": 0.069445}, {""score"": ""0-1"", ""probability"": 0.064748}, {""score"": ""2-2"", ""probability"": 0.05864}, {""score"": ""0-0"", ""probability"": 0.054969}, {""score"": ""3-1"", ""probability"": 0.053213}, {""score"": ""3-0"", ""probability"": 0.04289}]",,0.581,0.419,Yes,2.5,0.5608,0.4392,False,Over 2.5,-0.5,0.4774,0.5226,False,RC Deportivo +0.5,False,False,False,False,False,False,,,,,,,,0.5132,0.4868,0.2,weekly_update_20260922T102609Z_b8bb7f8f,2026-08-18.phase1,0.1.0-phase1,0.1.0-phase1,2026-09-22T10:26:09+00:00
LALIGA2627_MW26_256_MálagaCF_AtléticodeMadrid,2026-27,26,2027-02-28,2027-02-28T00:00:00+00:00,Málaga CF,Atlético de Madrid,La Rosaleda,scheduled,early_week_mode,,,,0.418,1.891,,,0-1,,away_win,,0.2148,0.28,0.5051,Atlético de Madrid,0.072,0.1971,0.7309,,,,"[{""score"": ""0-1"", ""probability"": 0.18684}, {""score"": ""0-2"", ""probability"": 0.177667}, {""score"": ""0-3"", ""probability"": 0.111982}, {""score"": ""0-0"", ""probability"": 0.100464}, {""score"": ""1-1"", ""probability"": 0.079643}, {""score"": ""1-2"", ""probability"": 0.074275}, {""score"": ""0-4"", ""probability"": 0.052936}, {""score"": ""1-3"", ""probability"": 0.046815}, {""score"": ""1-0"", ""probability"": 0.040467}, {""score"": ""1-4"", ""probability"": 0.02213}]",,0.2912,0.7088,No,2.5,0.4062,0.5938,False,Under 2.5,1.25,0.4728,0.5272,False,Atlético de Madrid -1.25,False,False,False,False,False,False,,,,,,,,0.5051,0.4949,0.2,weekly_update_20260922T102609Z_b8bb7f8f,2026-08-18.phase1,0.1.0-phase1,0.1.0-phase1,2026-09-22T10:26:09+00:00
LALIGA2627_MW26_257_CAOsasuna_SevillaFC,2026-27,26,2027-02-28,2027-02-28T00:00:00+00:00,CA Osasuna,Sevilla FC,Estadio El Sadar,scheduled,early_week_mode,,,,1.396,1.128,,,1-1,,draw,,0.3406,0.3068,0.3525,Sevilla FC,0.429,0.2691,0.3019,,,,"[{""score"": ""1-1"", ""probability"": 0.127925}, {""score"": ""1-0"", ""probability"": 0.110162}, {""score"": ""0-1"", ""probability"": 0.088637}, {""score"": ""2-1"", ""probability"": 0.088099}, {""score"": ""0-0"", ""probability"": 0.081875}, {""score"": ""2-0"", ""probability"": 0.078122}, {""score"": ""1-2"", ""probability"": 0.071152}, {""score"": ""0-2"", ""probability"": 0.050957}, {""score"": ""2-2"", ""probability"": 0.049675}, {""score"": ""3-1"", ""probability"": 0.041004}]",,0.5106,0.4894,Yes,2.5,0.4623,0.5377,False,Under 2.5,-0.25,0.4963,0.5037,False,Sevilla FC +0.25,False,False,False,False,False,False,,,,,,,,0.3525,0.6475,0.2,weekly_update_20260922T102609Z_b8bb7f8f,2026-08-18.phase1,0.1.0-phase1,0.1.0-phase1,2026-09-22T10:26:09+00:00
LALIGA2627_MW26_258_R.RacingClub_RayoVallecano,2026-27,26,2027-02-28,2027-02-28T00:00:00+00:00,R. Racing Club,Rayo Vallecano,El Sardinero,scheduled,early_week_mode,,,,1.636,2.163,,,1-2,,away_win,,0.3998,0.2722,0.328,R. Racing Club,0.2926,0.2086,0.4987,,,,"[{""score"": ""1-2"", ""probability"": 0.08575}, {""score"": ""1-1"", ""probability"": 0.08038}, {""score"": ""2-2"", ""probability"": 0.070132}, {""score"": ""2-1"", ""probability"": 0.064847}, {""score"": ""1-3"", ""probability"": 0.061825}, {""score"": ""0-2"", ""probability"": 0.052423}, {""score"": ""2-3"", ""probability"": 0.050564}, {""score"": ""0-1"", ""probability"": 0.047382}, {""score"": ""3-2"", ""probability"": 0.038239}, {""score"": ""0-3"", ""probability"": 0.037797}]",,0.7136,0.2864,Yes,2.5,0.7308,0.2692,False,Over 2.5,0.5,0.5013,0.4987,False,R. Racing Club +0.5,False,False,False,False,False,False,,,,,,,,0.3998,0.6002,0.2,weekly_update_20260922T102609Z_b8bb7f8f,2026-08-18.phase1,0.1.0-phase1,0.1.0-phase1,2026-09-22T10:26:09+00:00
LALIGA2627_MW26_259_RealMadrid_ValenciaCF,2026-27,26,2027-02-28,2027-02-28T00:00:00+00:00,Real Madrid,Valencia CF,Bernabéu,scheduled,early_week_mode,,,,2.545,0.704,,,2-0,,home_win,,0.7356,0.1627,0.1017,Real Madrid,0.7712,0.1485,0.0803,,,,"[{""score"": ""2-0"", ""probability"": 0.125911}, {""score"": ""3-0"", ""probability"": 0.106825}, {""score"": ""1-0"", ""probability"": 0.09798}, {""score"": ""2-1"", ""probability"": 0.088582}, {""score"": ""3-1"", ""probability"": 0.075155}, {""score"": ""1-1"", ""probability"": 0.070563}, {""score"": ""4-0"", ""probability"": 0.067974}, {""score"": ""4-1"", ""probability"": 0.047822}, {""score"": ""0-0"", ""probability"": 0.039829}, {""score"": ""5-0"", ""probability"": 0.034602}]",,0.4664,0.5336,No,2.5,0.6297,0.3703,False,Over 2.5,-1.75,0.4989,0.5011,False,Valencia CF +1.75,False,False,False,False,False,False,,,,,,,,0.7356,0.2644,0.2,weekly_update_20260922T102609Z_b8bb7f8f,2026-08-18.phase1,0.1.0-phase1,0.1.0-phase1,2026-09-22T10:26:09+00:00
LALIGA2627_MW26_260_RealSociedad_ElcheCF,2026-27,26,2027-02-28,2027-02-28T00:00:00+00:00,Real Sociedad,Elche CF,Anoeta,scheduled,early_week_mode,,,,1.964,1.278,,,1-1,,draw,,0.5533,0.2533,0.1935,Real Sociedad,0.5323,0.2217,0.2461,,,,"[{""score"": ""1-1"", ""probability"": 0.09948}, {""score"": ""2-1"", ""probability"": 0.09636}, {""score"": ""1-0"", ""probability"": 0.075435}, {""score"": ""2-0"", ""probability"": 0.0754}, {""score"": ""3-1"", ""probability"": 0.063082}, {""score"": ""1-2"", ""probability"": 0.062704}, {""score"": ""2-2"", ""probability"": 0.061573}, {""score"": ""3-0"", ""probability"": 0.049361}, {""score"": ""0-1"", ""probability"": 0.048616}, {""score"": ""0-0"", ""probability"": 0.040448}]",,0.6215,0.3785,Yes,2.5,0.6287,0.3713,False,Over 2.5,-0.75,0.4768,0.5232,False,Elche CF +0.75,False,False,False,False,False,False,,,,,,,,0.5533,0.4467,0.2,weekly_update_20260922T102609Z_b8bb7f8f,2026-08-18.phase1,0.1.0-phase1,0.1.0-phase1,2026-09-22T10:26:09+00:00
LALIGA2627_MW27_261_DeportivoAlavés_AthleticClub,2026-27,27,2027-03-07,2027-03-07T00:00:00+00:00,Deportivo Alavés,Athletic Club,Mendizorroza,scheduled,early_week_mode,,,,1.207,1.028,,,1-1,,draw,,0.3616,0.3295,0.3089,Deportivo Alavés,0.3993,0.2907,0.31,,,,"[{""score"": ""1-1"", ""probability"": 0.134584}, {""score"": ""1-0"", ""probability"": 0.12731}, {""score"": ""0-0"", ""probability"": 0.108821}, {""score"": ""0-1"", ""probability"": 0.108167}, {""score"": ""2-1"", ""probability"": 0.080116}, {""score"": ""2-0"", ""probability"": 0.077931}, {""score"": ""1-2"", ""probability"": 0.06824}, {""score"": ""0-2"", ""probability"": 0.056539}, {""score"": ""2-2"", ""probability"": 0.041181}, {""score"": ""3-1"", ""probability"": 0.032232}]",,0.452,0.548,No,2.5,0.3866,0.6134,False,Under 2.5,-0.25,0.472,0.528,False,Athletic Club +0.25,False,False,False,False,False,False,,,,,,,,0.3616,0.6384,0.2,weekly_update_20260922T102609Z_b8bb7f8f,2026-08-18.phase1,0.1.0-phase1,0.1.0-phase1,2026-09-22T10:26:09+00:00
LALIGA2627_MW27_262_AtléticodeMadrid_CeltaVigo,2026-27,27,2027-03-07,2027-03-07T00:00:00+00:00,Atlético de Madrid,Celta Vigo,Riyadh Air Metropolitano,scheduled,early_week_mode,,,,1.955,0.932,,,1-0,,home_win,,0.6393,0.2153,0.1454,Atlético de Madrid,0.6109,0.217,0.1721,,,,"[{""score"": ""1-0"", ""probability"": 0.10759}, {""score"": ""2-0"", ""probability"": 0.106519}, {""score"": ""1-1"", ""probability"": 0.103003}, {""score"": ""2-1"", ""probability"": 0.099303}, {""score"": ""3-0"", ""probability"": 0.069404}, {""score"": ""3-1"", ""probability"": 0.064702}, {""score"": ""0-0"", ""probability"": 0.057155}, {""score"": ""0-1"", ""probability"": 0.050582}, {""score"": ""1-2"", ""probability"": 0.047361}, {""score"": ""2-2"", ""probability"": 0.046288}]",,0.5219,0.4781,Yes,2.5,0.5509,0.4491,False,Over 2.5,-1.0,0.4899,0.5101,False,Celta Vigo +1,False,False,False,False,False,False,,,,,,,,0.6393,0.3607,0.2,weekly_update_20260922T102609Z_b8bb7f8f,2026-08-18.phase1,0.1.0-phase1,0.1.0-phase1,2026-09-22T10:26:09+00:00
LALIGA2627_MW27_263_RCDeportivo_GetafeCF,2026-27,27,2027-03-07,2027-03-07T00:00:00+00:00,RC Deportivo,Getafe CF,Estadio ABANCA-RIAZOR,scheduled,early_week_mode,,,,1.059,0.758,,,1-0,,home_win,,0.4433,0.319,0.2378,RC Deportivo,0.419,0.3253,0.2557,,,,"[{""score"": ""1-0"", ""probability"": 0.17039}, {""score"": ""0-0"", ""probability"": 0.164427}, {""score"": ""1-1"", ""probability"": 0.13223}, {""score"": ""0-1"", ""probability"": 0.121405}, {""score"": ""2-0"", ""probability"": 0.091149}, {""score"": ""2-1"", ""probability"": 0.069048}, {""score"": ""1-2"", ""probability"": 0.049404}, {""score"": ""0-2"", ""probability"": 0.046664}, {""score"": ""3-0"", ""probability"": 0.032167}, {""score"": ""2-2"", ""probability"": 0.026153}]",,0.3487,0.6513,No,2.5,0.2737,0.7263,False,Under 2.5,-0.25,0.5003,0.4997,False,RC Deportivo -0.25,False,False,False,False,False,False,,,,,,,,0.4433,0.5567,0.2,weekly_update_20260922T102609Z_b8bb7f8f,2026-08-18.phase1,0.1.0-phase1,0.1.0-phase1,2026-09-22T10:26:09+00:00
LALIGA2627_MW27_264_ElcheCF_MálagaCF,2026-27,27,2027-03-07,2027-03-07T00:00:00+00:00,Elche CF,Málaga CF,Estadio Martínez Valero,scheduled,early_week_mode,,,,1.935,0.466,,,1-0,,home_win,,0.5603,0.2556,0.1842,Elche CF,0.7265,0.195,0.0785,,,,"[{""score"": ""1-0"", ""probability"": 0.174358}, {""score"": ""2-0"", ""probability"": 0.16975}, {""score"": ""3-0"", ""probability"": 0.10947}, {""score"": ""0-0"", ""probability"": 0.091829}, {""score"": ""1-1"", ""probability"": 0.082841}, {""score"": ""2-1"", ""probability"": 0.079047}, {""score"": ""4-0"", ""probability"": 0.052947}, {""score"": ""3-1"", ""probability"": 0.050977}, {""score"": ""0-1"", ""probability"": 0.041114}, {""score"": ""4-1"", ""probability"": 0.024656}]",,0.3196,0.6804,No,2.5,0.4303,0.5697,False,Under 2.5,-1.25,0.5268,0.4732,False,Elche CF -1.25,False,False,False,False,False,False,,,,,,,,0.5603,0.4397,0.2,weekly_update_20260922T102609Z_b8bb7f8f,2026-08-18.phase1,0.1.0-phase1,0.1.0-phase1,2026-09-22T10:26:09+00:00
LALIGA2627_MW27_265_RCDEspanyoldeBarcelona_R.RacingClub,2026-27,27,2027-03-07,2027-03-07T00:00:00+00:00,RCD Espanyol de Barcelona,R. Racing Club,RCDE Stadium,scheduled,early_week_mode,,,,2.966,1.322,,,2-1,,home_win,,0.6051,0.1994,0.1955,RCD Espanyol de Barcelona,0.7064,0.152,0.1416,,,,"[{""score"": ""2-1"", ""probability"": 0.080127}, {""score"": ""3-1"", ""probability"": 0.079223}, {""score"": ""2-0"", ""probability"": 0.060598}, {""score"": ""3-0"", ""probability"": 0.059914}, {""score"": ""4-1"", ""probability"": 0.058747}, {""score"": ""1-1"", ""probability"": 0.054771}, {""score"": ""2-2"", ""probability"": 0.052975}, {""score"": ""3-2"", ""probability"": 0.052378}, {""score"": ""4-0"", ""probability"": 0.044429}, {""score"": ""1-0"", ""probability"": 0.040116}]",,0.6963,0.3037,Yes,2.5,0.8005,0.1995,False,Over 2.5,-1.5,0.5128,0.4872,False,RCD Espanyol de Barcelona -1.5,False,False,False,False,False,False,,,,,,,,0.6051,0.3949,0.2,weekly_update_20260922T102609Z_b8bb7f8f,2026-08-18.phase1,0.1.0-phase1,0.1.0-phase1,2026-09-22T10:26:09+00:00
LALIGA2627_MW27_266_FCBarcelona_RealBetis,2026-27,27,2027-03-07,2027-03-07T00:00:00+00:00,FC Barcelona,Real Betis,Spotify Camp Nou,scheduled,early_week_mode,,,,2.736,0.952,,,2-0,,home_win,,0.7458,0.1527,0.1014,FC Barcelona,0.7463,0.1493,0.1044,,,,"[{""score"": ""2-0"", ""probability"": 0.093818}, {""score"": ""2-1"", ""probability"": 0.089353}, {""score"": ""3-0"", ""probability"": 0.085554}, {""score"": ""3-1"", ""probability"": 0.081482}, {""score"": ""1-0"", ""probability"": 0.067688}, {""score"": ""1-1"", ""probability"": 0.066222}, {""score"": ""4-0"", ""probability"": 0.058513}, {""score"": ""4-1"", ""probability"": 0.055728}, {""score"": ""2-2"", ""probability"": 0.04255}, {""score"": ""3-2"", ""probability"": 0.038802}]",,0.5752,0.4248,Yes,2.5,0.712,0.288,False,Over 2.5,-1.75,0.4891,0.5109,False,Real Betis +1.75,False,False,False,False,False,False,,,,,,,,0.7458,0.2542,0.2,weekly_update_20260922T102609Z_b8bb7f8f,2026-08-18.phase1,0.1.0-phase1,0.1.0-phase1,2026-09-22T10:26:09+00:00
LALIGA2627_MW27_267_RayoVallecano_CAOsasuna,2026-27,27,2027-03-07,2027-03-07T00:00:00+00:00,Rayo Vallecano,CA Osasuna,Estadio de Vallecas,scheduled,early_week_mode,,,,1.402,0.949,,,1-0,,home_win,,0.4904,0.2928,0.2168,Rayo Vallecano,0.4727,0.2744,0.2529,,,,"[{""score"": ""1-0"", ""probability"": 0.131816}, {""score"": ""1-1"", ""probability"": 0.128493}, {""score"": ""0-0"", ""probability"": 0.096979}, {""score"": ""2-0"", ""probability"": 0.093653}, {""score"": ""2-1"", ""probability"": 0.088877}, {""score"": ""0-1"", ""probability"": 0.088635}, {""score"": ""1-2"", ""probability"": 0.060143}, {""score"": ""3-0"", ""probability"": 0.04378}, {""score"": ""0-2"", ""probability"": 0.042885}, {""score"": ""2-2"", ""probability"": 0.042173}]",,0.4638,0.5362,No,2.5,0.4175,0.5825,False,Under 2.5,-0.5,0.4727,0.5273,False,CA Osasuna +0.5,False,False,False,False,False,False,,,,,,,,0.4904,0.5096,0.2,weekly_update_20260922T102609Z_b8bb7f8f,2026-08-18.phase1,0.1.0-phase1,0.1.0-phase1,2026-09-22T10:26:09+00:00
LALIGA2627_MW27_268_SevillaFC_RealSociedad,2026-27,27,2027-03-07,2027-03-07T00:00:00+00:00,Sevilla FC,Real Sociedad,Ramón Sánchez-Pizjuán,scheduled,early_week_mode,,,,1.566,1.269,,,1-1,,draw,,0.4241,0.2984,0.2775,Sevilla FC,0.4412,0.2511,0.3077,,,,"[{""score"": ""1-1"", ""probability"": 0.118294}, {""score"": ""2-1"", ""probability"": 0.091374}, {""score"": ""1-0"", ""probability"": 0.090347}, {""score"": ""1-2"", ""probability"": 0.074039}, {""score"": ""0-1"", ""probability"": 0.072903}, {""score"": ""2-0"", ""probability"": 0.072005}, {""score"": ""0-0"", ""probability"": 0.060319}, {""score"": ""2-2"", ""probability"": 0.057977}, {""score"": ""3-1"", ""probability"": 0.047701}, {""score"": ""0-2"", ""probability"": 0.047276}]",,0.5703,0.4297,Yes,2.5,0.5389,0.4611,False,Over 2.5,-0.25,0.504,0.496,False,Sevilla FC -0.25,False,False,False,False,False,False,,,,,,,,0.4241,0.5759,0.2,weekly_update_20260922T102609Z_b8bb7f8f,2026-08-18.phase1,0.1.0-phase1,0.1.0-phase1,2026-09-22T10:26:09+00:00
LALIGA2627_MW27_269_ValenciaCF_LevanteUD,2026-27,27,2027-03-07,2027-03-07T00:00:00+00:00,Valencia CF,Levante UD,Camp de Mestalla,scheduled,early_week_mode,,,,1.555,1.19,,,1-1,,draw,,0.512,0.2686,0.2194,Valencia CF,0.4559,0.2542,0.2899,,,,"[{""score"": ""1-1"", ""probability"": 0.120544}, {""score"": ""1-0"", ""probability"": 0.098302}, {""score"": ""2-1"", ""probability"": 0.092435}, {""score"": ""2-0"", ""probability"": 0.077688}, {""score"": ""0-1"", ""probability"": 0.074845}, {""score"": ""1-2"", ""probability"": 0.07074}, {""score"": ""0-0"", ""probability"": 0.065916}, {""score"": ""2-2"", ""probability"": 0.054991}, {""score"": ""3-1"", ""probability"": 0.047904}, {""score"": ""0-2"", ""probability"": 0.0455}]",,0.5504,0.4496,Yes,2.5,0.5172,0.4828,False,Over 2.5,-0.25,0.5195,0.4805,False,Valencia CF -0.25,False,False,False,False,False,False,,,,,,,,0.512,0.488,0.2,weekly_update_20260922T102609Z_b8bb7f8f,2026-08-18.phase1,0.1.0-phase1,0.1.0-phase1,2026-09-22T10:26:09+00:00
LALIGA2627_MW27_270_VillarrealCF_RealMadrid,2026-27,27,2027-03-07,2027-03-07T00:00:00+00:00,Villarreal CF,Real Madrid,Estadio de la Cerámica,scheduled,early_week_mode,,,,1.55,1.839,,,1-1,,draw,,0.2729,0.2827,0.4444,Real Madrid,0.3265,0.2272,0.4463,,,,"[{""score"": ""1-1"", ""probability"": 0.097544}, {""score"": ""1-2"", ""probability"": 0.088454}, {""score"": ""2-1"", ""probability"": 0.074564}, {""score"": ""2-2"", ""probability"": 0.068546}, {""score"": ""0-1"", ""probability"": 0.060759}, {""score"": ""0-2"", ""probability"": 0.057072}, {""score"": ""1-3"", ""probability"": 0.05421}, {""score"": ""1-0"", ""probability"": 0.05101}, {""score"": ""2-3"", ""probability"": 0.042009}, {""score"": ""2-0"", ""probability"": 0.040555}]",,0.6637,0.3363,Yes,2.5,0.658,0.342,False,Over 2.5,0.25,0.4969,0.5031,False,Real Madrid -0.25,False,False,False,False,False,False,,,,,,,,0.4444,0.5556,0.2,weekly_update_20260922T102609Z_b8bb7f8f,2026-08-18.phase1,0.1.0-phase1,0.1.0-phase1,2026-09-22T10:26:09+00:00
LALIGA2627_MW28_271_DeportivoAlavés_SevillaFC,2026-27,28,2027-03-14,2027-03-14T00:00:00+00:00,Deportivo Alavés,Sevilla FC,Mendizorroza,scheduled,early_week_mode,,,,1.431,1.027,,,1-1,,draw,,0.386,0.3102,0.3037,Deportivo Alavés,0.4618,0.2694,0.2688,,,,"[{""score"": ""1-1"", ""probability"": 0.127529}, {""score"": ""1-0"", ""probability"": 0.120812}, {""score"": ""2-1"", ""probability"": 0.090034}, {""score"": ""2-0"", ""probability"": 0.087704}, {""score"": ""0-0"", ""probability"": 0.087341}, {""score"": ""0-1"", ""probability"": 0.086153}, {""score"": ""1-2"", ""probability"": 0.06457}, {""score"": ""2-2"", ""probability"": 0.046213}, {""score"": ""0-2"", ""probability"": 0.045109}, {""score"": ""3-1"", ""probability"": 0.042959}]",,0.4901,0.5099,No,2.5,0.4454,0.5546,False,Under 2.5,-0.25,0.5291,0.4709,False,Deportivo Alavés -0.25,False,False,False,False,False,False,,,,,,,,0.386,0.614,0.2,weekly_update_20260922T102609Z_b8bb7f8f,2026-08-18.phase1,0.1.0-phase1,0.1.0-phase1,2026-09-22T10:26:09+00:00
LALIGA2627_MW28_272_AthleticClub_ValenciaCF,2026-27,28,2027-03-14,2027-03-14T00:00:00+00:00,Athletic Club,Valencia CF,Estadio San Mamés,scheduled,early_week_mode,,,,1.492,0.858,,,1-0,,home_win,,0.4616,0.2987,0.2397,Athletic Club,0.5195,0.2659,0.2146,,,,"[{""score"": ""1-0"", ""probability"": 0.140629}, {""score"": ""1-1"", ""probability"": 0.123762}, {""score"": ""2-0"", ""probability"": 0.106169}, {""score"": ""0-0"", ""probability"": 0.097055}, {""score"": ""2-1"", ""probability"": 0.091079}, {""score"": ""0-1"", ""probability"": 0.08014}, {""score"": ""3-0"", ""probability"": 0.052805}, {""score"": ""1-2"", ""probability"": 0.052365}, {""score"": ""3-1"", ""probability"": 0.045299}, {""score"": ""2-2"", ""probability"": 0.039067}]",,0.4481,0.5519,No,2.5,0.4171,0.5829,False,Under 2.5,-0.5,0.5195,0.4805,False,Athletic Club -0.5,False,False,False,False,False,False,,,,,,,,0.4616,0.5384,0.2,weekly_update_20260922T102609Z_b8bb7f8f,2026-08-18.phase1,0.1.0-phase1,0.1.0-phase1,2026-09-22T10:26:09+00:00
LALIGA2627_MW28_273_RealBetis_LevanteUD,2026-27,28,2027-03-14,2027-03-14T00:00:00+00:00,Real Betis,Levante UD,Estadio La Cartuja,scheduled,early_week_mode,,,,2.06,1.015,,,2-1,,home_win,,0.6018,0.2342,0.164,Real Betis,0.6133,0.2094,0.1773,,,,"[{""score"": ""2-1"", ""probability"": 0.099505}, {""score"": ""2-0"", ""probability"": 0.098056}, {""score"": ""1-1"", ""probability"": 0.097941}, {""score"": ""1-0"", ""probability"": 0.093876}, {""score"": ""3-1"", ""probability"": 0.068324}, {""score"": ""3-0"", ""probability"": 0.067329}, {""score"": ""2-2"", ""probability"": 0.050488}, {""score"": ""1-2"", ""probability"": 0.04902}, {""score"": ""0-0"", ""probability"": 0.047548}, {""score"": ""0-1"", ""probability"": 0.045572}]",,0.5576,0.4424,Yes,2.5,0.5932,0.4068,False,Over 2.5,-1.0,0.4959,0.5041,False,Levante UD +1,False,False,False,False,False,False,,,,,,,,0.6018,0.3982,0.2,weekly_update_20260922T102609Z_b8bb7f8f,2026-08-18.phase1,0.1.0-phase1,0.1.0-phase1,2026-09-22T10:26:09+00:00
LALIGA2627_MW28_274_ElcheCF_VillarrealCF,2026-27,28,2027-03-14,2027-03-14T00:00:00+00:00,Elche CF,Villarreal CF,Estadio Martínez Valero,scheduled,early_week_mode,,,,1.59,1.916,,,1-1,,draw,,0.2378,0.2818,0.4803,Villarreal CF,0.3222,0.2223,0.4555,,,,"[{""score"": ""1-1"", ""probability"": 0.092717}, {""score"": ""1-2"", ""probability"": 0.087634}, {""score"": ""2-1"", ""probability"": 0.072695}, {""score"": ""2-2"", ""probability"": 0.069655}, {""score"": ""0-1"", ""probability"": 0.056274}, {""score"": ""1-3"", ""probability"": 0.05598}, {""score"": ""0-2"", ""probability"": 0.055127}, {""score"": ""1-0"", ""probability"": 0.046466}, {""score"": ""2-3"", ""probability"": 0.044495}, {""score"": ""3-1"", ""probability"": 0.038521}]",,0.6801,0.3199,Yes,2.5,0.6802,0.3198,False,Over 2.5,0.25,0.4889,0.5111,False,Villarreal CF -0.25,False,False,False,False,False,False,,,,,,,,0.4803,0.5197,0.2,weekly_update_20260922T102609Z_b8bb7f8f,2026-08-18.phase1,0.1.0-phase1,0.1.0-phase1,2026-09-22T10:26:09+00:00
LALIGA2627_MW28_275_FCBarcelona_RCDeportivo,2026-27,28,2027-03-14,2027-03-14T00:00:00+00:00,FC Barcelona,RC Deportivo,Spotify Camp Nou,scheduled,early_week_mode,,,,3.384,0.772,,,3-0,,home_win,,0.842,0.0984,0.0596,FC Barcelona,0.8563,0.0944,0.0493,,,,"[{""score"": ""3-0"", ""probability"": 0.102053}, {""score"": ""2-0"", ""probability"": 0.090471}, {""score"": ""4-0"", ""probability"": 0.086339}, {""score"": ""3-1"", ""probability"": 0.078761}, {""score"": ""2-1"", ""probability"": 0.069822}, {""score"": ""4-1"", ""probability"": 0.066633}, {""score"": ""5-0"", ""probability"": 0.058435}, {""score"": ""1-0"", ""probability"": 0.052901}, {""score"": ""5-1"", ""probability"": 0.045098}, {""score"": ""1-1"", ""probability"": 0.041833}]",,0.52,0.48,Yes,2.5,0.7821,0.2179,False,Over 2.5,-2.5,0.4957,0.5043,False,RC Deportivo +2.5,False,False,False,False,False,False,,,,,,,,0.842,0.158,0.2,weekly_update_20260922T102609Z_b8bb7f8f,2026-08-18.phase1,0.1.0-phase1,0.1.0-phase1,2026-09-22T10:26:09+00:00
LALIGA2627_MW28_276_GetafeCF_RealSociedad,2026-27,28,2027-03-14,2027-03-14T00:00:00+00:00,Getafe CF,Real Sociedad,Coliseum,scheduled,early_week_mode,,,,1.015,0.914,,,0-0,,draw,,0.3777,0.3365,0.2859,Getafe CF,0.3677,0.3184,0.3139,,,,"[{""score"": ""0-0"", ""probability"": 0.147053}, {""score"": ""1-0"", ""probability"": 0.145581}, {""score"": ""1-1"", ""probability"": 0.136647}, {""score"": ""0-1"", ""probability"": 0.130892}, {""score"": ""2-0"", ""probability"": 0.074854}, {""score"": ""2-1"", ""probability"": 0.068435}, {""score"": ""1-2"", ""probability"": 0.061617}, {""score"": ""0-2"", ""probability"": 0.060682}, {""score"": ""2-2"", ""probability"": 0.031283}, {""score"": ""3-0"", ""probability"": 0.025336}]",,0.384,0.616,No,2.5,0.3043,0.6957,False,Under 2.5,0.0,0.5269,0.4731,False,Getafe CF (pick'em),False,False,False,False,False,False,,,,,,,,0.3777,0.6223,0.2,weekly_update_20260922T102609Z_b8bb7f8f,2026-08-18.phase1,0.1.0-phase1,0.1.0-phase1,2026-09-22T10:26:09+00:00
LALIGA2627_MW28_277_MálagaCF_RayoVallecano,2026-27,28,2027-03-14,2027-03-14T00:00:00+00:00,Málaga CF,Rayo Vallecano,La Rosaleda,scheduled,early_week_mode,,,,0.498,1.211,,,0-1,,away_win,,0.3671,0.334,0.2989,Málaga CF,0.151,0.3109,0.5381,,,,"[{""score"": ""0-1"", ""probability"": 0.217755}, {""score"": ""0-0"", ""probability"": 0.182593}, {""score"": ""0-2"", ""probability"": 0.132734}, {""score"": ""1-1"", ""probability"": 0.110693}, {""score"": ""1-0"", ""probability"": 0.088682}, {""score"": ""1-2"", ""probability"": 0.066102}, {""score"": ""0-3"", ""probability"": 0.053569}, {""score"": ""2-1"", ""probability"": 0.027189}, {""score"": ""1-3"", ""probability"": 0.026678}, {""score"": ""2-0"", ""probability"": 0.022456}]",,0.2769,0.7231,No,2.5,0.2451,0.7549,False,Under 2.5,0.75,0.5346,0.4654,False,Málaga CF +0.75,False,False,False,False,False,False,,,,,,,,0.3671,0.6329,0.2,weekly_update_20260922T102609Z_b8bb7f8f,2026-08-18.phase1,0.1.0-phase1,0.1.0-phase1,2026-09-22T10:26:09+00:00
LALIGA2627_MW28_278_CAOsasuna_CeltaVigo,2026-27,28,2027-03-14,2027-03-14T00:00:00+00:00,CA Osasuna,Celta Vigo,Estadio El Sadar,scheduled,early_week_mode,,,,1.261,1.229,,,1-1,,draw,,0.3209,0.3112,0.368,Celta Vigo,0.3706,0.2741,0.3553,,,,"[{""score"": ""1-1"", ""probability"": 0.130247}, {""score"": ""1-0"", ""probability"": 0.102751}, {""score"": ""0-1"", ""probability"": 0.100096}, {""score"": ""0-0"", ""probability"": 0.084635}, {""score"": ""2-1"", ""probability"": 0.081025}, {""score"": ""1-2"", ""probability"": 0.078966}, {""score"": ""2-0"", ""probability"": 0.065914}, {""score"": ""0-2"", ""probability"": 0.062608}, {""score"": ""2-2"", ""probability"": 0.0498}, {""score"": ""3-1"", ""probability"": 0.034065}]",,0.5088,0.4912,Yes,2.5,0.4537,0.5463,False,Under 2.5,0.0,0.5076,0.4924,False,CA Osasuna (pick'em),False,False,False,False,False,False,,,,,,,,0.368,0.632,0.2,weekly_update_20260922T102609Z_b8bb7f8f,2026-08-18.phase1,0.1.0-phase1,0.1.0-phase1,2026-09-22T10:26:09+00:00
LALIGA2627_MW28_279_R.RacingClub_AtléticodeMadrid,2026-27,28,2027-03-14,2027-03-14T00:00:00+00:00,R. Racing Club,Atlético de Madrid,El Sardinero,scheduled,early_week_mode,,,,1.373,3.378,,,1-3,,away_win,,0.1961,0.2104,0.5935,Atlético de Madrid,0.1169,0.1297,0.7533,,,,"[{""score"": ""1-3"", ""probability"": 0.076848}, {""score"": ""1-2"", ""probability"": 0.068249}, {""score"": ""1-4"", ""probability"": 0.064898}, {""score"": ""0-3"", ""probability"": 0.055965}, {""score"": ""2-3"", ""probability"": 0.052761}, {""score"": ""0-2"", ""probability"": 0.049703}, {""score"": ""0-4"", ""probability"": 0.047263}, {""score"": ""2-2"", ""probability"": 0.046858}, {""score"": ""2-4"", ""probability"": 0.044557}, {""score"": ""1-5"", ""probability"": 0.043845}]",,0.7216,0.2784,Yes,2.5,0.8516,0.1484,False,Over 2.5,2.0,0.5165,0.4835,False,R. Racing Club +2,False,False,False,False,False,False,,,,,,,,0.5935,0.4065,0.2,weekly_update_20260922T102609Z_b8bb7f8f,2026-08-18.phase1,0.1.0-phase1,0.1.0-phase1,2026-09-22T10:26:09+00:00
LALIGA2627_MW28_280_RealMadrid_RCDEspanyoldeBarcelona,2026-27,28,2027-03-14,2027-03-14T00:00:00+00:00,Real Madrid,RCD Espanyol de Barcelona,Bernabéu,scheduled,early_week_mode,,,,2.547,0.726,,,2-0,,home_win,,0.768,0.1428,0.0892,Real Madrid,0.7665,0.15,0.0835,,,,"[{""score"": ""2-0"", ""probability"": 0.123091}, {""score"": ""3-0"", ""probability"": 0.104485}, {""score"": ""1-0"", ""probability"": 0.095708}, {""score"": ""2-1"", ""probability"": 0.089353}, {""score"": ""3-1"", ""probability"": 0.075847}, {""score"": ""1-1"", ""probability"": 0.071142}, {""score"": ""4-0"", ""probability"": 0.066519}, {""score"": ""4-1"", ""probability"": 0.048287}, {""score"": ""0-0"", ""probability"": 0.038928}, {""score"": ""5-0"", ""probability"": 0.033878}]",,0.4766,0.5234,No,2.5,0.6345,0.3655,False,Over 2.5,-1.75,0.4945,0.5055,False,RCD Espanyol de Barcelona +1.75,False,False,False,False,False,False,,,,,,,,0.768,0.232,0.2,weekly_update_20260922T102609Z_b8bb7f8f,2026-08-18.phase1,0.1.0-phase1,0.1.0-phase1,2026-09-22T10:26:09+00:00
LALIGA2627_MW29_281_AtléticodeMadrid_GetafeCF,2026-27,29,2027-03-21,2027-03-21T00:00:00+00:00,Atlético de Madrid,Getafe CF,Riyadh Air Metropolitano,scheduled,early_week_mode,,,,1.559,0.555,,,1-0,,home_win,,0.6482,0.2256,0.1262,Atlético de Madrid,0.6186,0.253,0.1284,,,,"[{""score"": ""1-0"", ""probability"": 0.186917}, {""score"": ""2-0"", ""probability"": 0.146822}, {""score"": ""0-0"", ""probability"": 0.122255}, {""score"": ""1-1"", ""probability"": 0.105882}, {""score"": ""2-1"", ""probability"": 0.081415}, {""score"": ""3-0"", ""probability"": 0.076298}, {""score"": ""0-1"", ""probability"": 0.065558}, {""score"": ""3-1"", ""probability"": 0.042308}, {""score"": ""4-0"", ""probability"": 0.029737}, {""score"": ""1-2"", ""probability"": 0.028958}]",,0.3375,0.6625,No,2.5,0.354,0.646,False,Under 2.5,-1.0,0.4781,0.5219,False,Getafe CF +1,False,False,False,False,False,False,,,,,,,,0.6482,0.3518,0.2,weekly_update_20260922T102609Z_b8bb7f8f,2026-08-18.phase1,0.1.0-phase1,0.1.0-phase1,2026-09-22T10:26:09+00:00
LALIGA2627_MW29_282_CeltaVigo_RealMadrid,2026-27,29,2027-03-21,2027-03-21T00:00:00+00:00,Celta Vigo,Real Madrid,Estadio ABANCA Balaídos,scheduled,early_week_mode,,,,1.13,1.719,,,1-1,,draw,,0.1976,0.2564,0.5459,Real Madrid,0.2485,0.2414,0.5101,,,,"[{""score"": ""1-1"", ""probability"": 0.114017}, {""score"": ""0-1"", ""probability"": 0.097994}, {""score"": ""1-2"", ""probability"": 0.096685}, {""score"": ""0-2"", ""probability"": 0.085571}, {""score"": ""1-0"", ""probability"": 0.063869}, {""score"": ""2-1"", ""probability"": 0.063539}, {""score"": ""0-0"", ""probability"": 0.059444}, {""score"": ""1-3"", ""probability"": 0.05541}, {""score"": ""2-2"", ""probability"": 0.054621}, {""score"": ""0-3"", ""probability"": 0.049041}]",,0.5572,0.4428,Yes,2.5,0.5421,0.4579,False,Over 2.5,0.5,0.4899,0.5101,False,Real Madrid -0.5,False,False,False,False,False,False,,,,,,,,0.5459,0.4541,0.2,weekly_update_20260922T102609Z_b8bb7f8f,2026-08-18.phase1,0.1.0-phase1,0.1.0-phase1,2026-09-22T10:26:09+00:00
LALIGA2627_MW29_283_RCDEspanyoldeBarcelona_AthleticClub,2026-27,29,2027-03-21,2027-03-21T00:00:00+00:00,RCD Espanyol de Barcelona,Athletic Club,RCDE Stadium,scheduled,early_week_mode,,,,1.191,1.11,,,1-1,,draw,,0.3503,0.3228,0.327,RCD Espanyol de Barcelona,0.3766,0.287,0.3364,,,,"[{""score"": ""1-1"", ""probability"": 0.134241}, {""score"": ""1-0"", ""probability"": 0.117517}, {""score"": ""0-1"", ""probability"": 0.109373}, {""score"": ""0-0"", ""probability"": 0.102033}, {""score"": ""2-1"", ""probability"": 0.078847}, {""score"": ""1-2"", ""probability"": 0.073467}, {""score"": ""2-0"", ""probability"": 0.071059}, {""score"": ""0-2"", ""probability"": 0.061692}, {""score"": ""2-2"", ""probability"": 0.043745}, {""score"": ""3-1"", ""probability"": 0.031299}]",,0.4684,0.5316,No,2.5,0.4041,0.5959,False,Under 2.5,0.0,0.5201,0.4799,False,RCD Espanyol de Barcelona (pick'em),False,False,False,False,False,False,,,,,,,,0.3503,0.6497,0.2,weekly_update_20260922T102609Z_b8bb7f8f,2026-08-18.phase1,0.1.0-phase1,0.1.0-phase1,2026-09-22T10:26:09+00:00
LALIGA2627_MW29_284_LevanteUD_CAOsasuna,2026-27,29,2027-03-21,2027-03-21T00:00:00+00:00,Levante UD,CA Osasuna,Estadio Ciutat de València,scheduled,early_week_mode,,,,1.63,1.179,,,1-1,,draw,,0.448,0.2912,0.2608,Levante UD,0.4771,0.2484,0.2745,,,,"[{""score"": ""1-1"", ""probability"": 0.117418}, {""score"": ""1-0"", ""probability"": 0.09666}, {""score"": ""2-1"", ""probability"": 0.094398}, {""score"": ""2-0"", ""probability"": 0.080077}, {""score"": ""0-1"", ""probability"": 0.069463}, {""score"": ""1-2"", ""probability"": 0.068269}, {""score"": ""0-0"", ""probability"": 0.061871}, {""score"": ""2-2"", ""probability"": 0.05564}, {""score"": ""3-1"", ""probability"": 0.05129}, {""score"": ""3-0"", ""probability"": 0.043509}]",,0.5583,0.4417,Yes,2.5,0.5326,0.4674,False,Over 2.5,-0.5,0.4771,0.5229,False,CA Osasuna +0.5,False,False,False,False,False,False,,,,,,,,0.448,0.552,0.2,weekly_update_20260922T102609Z_b8bb7f8f,2026-08-18.phase1,0.1.0-phase1,0.1.0-phase1,2026-09-22T10:26:09+00:00
LALIGA2627_MW29_285_R.RacingClub_RealBetis,2026-27,29,2027-03-21,2027-03-21T00:00:00+00:00,R. Racing Club,Real Betis,El Sardinero,scheduled,early_week_mode,,,,1.516,2.831,,,1-2,,away_win,,0.2938,0.2581,0.4481,Real Betis,0.1852,0.1676,0.6472,,,,"[{""score"": ""1-2"", ""probability"": 0.07884}, {""score"": ""1-3"", ""probability"": 0.074399}, {""score"": ""2-2"", ""probability"": 0.05978}, {""score"": ""1-1"", ""probability"": 0.056464}, {""score"": ""2-3"", ""probability"": 0.056412}, {""score"": ""1-4"", ""probability"": 0.052656}, {""score"": ""0-2"", ""probability"": 0.051989}, {""score"": ""0-3"", ""probability"": 0.049061}, {""score"": ""2-1"", ""probability"": 0.042232}, {""score"": ""2-4"", ""probability"": 0.039926}]",,0.7351,0.2649,Yes,2.5,0.808,0.192,False,Over 2.5,1.25,0.5001,0.4999,False,R. Racing Club +1.25,False,False,False,False,False,False,,,,,,,,0.4481,0.5519,0.2,weekly_update_20260922T102609Z_b8bb7f8f,2026-08-18.phase1,0.1.0-phase1,0.1.0-phase1,2026-09-22T10:26:09+00:00
LALIGA2627_MW29_286_RayoVallecano_FCBarcelona,2026-27,29,2027-03-21,2027-03-21T00:00:00+00:00,Rayo Vallecano,FC Barcelona,Estadio de Vallecas,scheduled,early_week_mode,,,,0.979,2.193,,,0-2,,away_win,,0.1329,0.2079,0.6593,FC Barcelona,0.1556,0.196,0.6484,,,,"[{""score"": ""0-2"", ""probability"": 0.100846}, {""score"": ""1-2"", ""probability"": 0.098727}, {""score"": ""1-1"", ""probability"": 0.091263}, {""score"": ""0-1"", ""probability"": 0.090718}, {""score"": ""0-3"", ""probability"": 0.07373}, {""score"": ""1-3"", ""probability"": 0.07218}, {""score"": ""2-2"", ""probability"": 0.048326}, {""score"": ""2-1"", ""probability"": 0.044066}, {""score"": ""0-0"", ""probability"": 0.043164}, {""score"": ""0-4"", ""probability"": 0.040428}]",,0.5559,0.4441,Yes,2.5,0.6141,0.3859,False,Over 2.5,1.25,0.5255,0.4745,False,Rayo Vallecano +1.25,False,False,False,False,False,False,,,,,,,,0.6593,0.3407,0.2,weekly_update_20260922T102609Z_b8bb7f8f,2026-08-18.phase1,0.1.0-phase1,0.1.0-phase1,2026-09-22T10:26:09+00:00
LALIGA2627_MW29_287_RealSociedad_DeportivoAlavés,2026-27,29,2027-03-21,2027-03-21T00:00:00+00:00,Real Sociedad,Deportivo Alavés,Anoeta,scheduled,early_week_mode,,,,1.573,1.112,,,1-1,,draw,,0.4923,0.2831,0.2246,Real Sociedad,0.4785,0.2544,0.2672,,,,"[{""score"": ""1-1"", ""probability"": 0.120982}, {""score"": ""1-0"", ""probability"": 0.105719}, {""score"": ""2-1"", ""probability"": 0.093862}, {""score"": ""2-0"", ""probability"": 0.08444}, {""score"": ""0-1"", ""probability"": 0.074225}, {""score"": ""0-0"", ""probability"": 0.069894}, {""score"": ""1-2"", ""probability"": 0.066328}, {""score"": ""2-2"", ""probability"": 0.052168}, {""score"": ""3-1"", ""probability"": 0.049216}, {""score"": ""3-0"", ""probability"": 0.044275}]",,0.5334,0.4666,Yes,2.5,0.5026,0.4974,False,Over 2.5,-0.5,0.4785,0.5215,False,Deportivo Alavés +0.5,False,False,False,False,False,False,,,,,,,,0.4923,0.5077,0.2,weekly_update_20260922T102609Z_b8bb7f8f,2026-08-18.phase1,0.1.0-phase1,0.1.0-phase1,2026-09-22T10:26:09+00:00
LALIGA2627_MW29_288_SevillaFC_ElcheCF,2026-27,29,2027-03-21,2027-03-21T00:00:00+00:00,Sevilla FC,Elche CF,Ramón Sánchez-Pizjuán,scheduled,early_week_mode,,,,1.724,1.223,,,1-1,,draw,,0.5387,0.2586,0.2027,Sevilla FC,0.4899,0.2402,0.2699,,,,"[{""score"": ""1-1"", ""probability"": 0.112199}, {""score"": ""2-1"", ""probability"": 0.095422}, {""score"": ""1-0"", ""probability"": 0.088957}, {""score"": ""2-0"", ""probability"": 0.078009}, {""score"": ""1-2"", ""probability"": 0.06769}, {""score"": ""0-1"", ""probability"": 0.062662}, {""score"": ""2-2"", ""probability"": 0.058361}, {""score"": ""3-1"", ""probability"": 0.054847}, {""score"": ""0-0"", ""probability"": 0.053995}, {""score"": ""3-0"", ""probability"": 0.044838}]",,0.5814,0.4186,Yes,2.5,0.5649,0.4351,False,Over 2.5,-0.5,0.4899,0.5101,False,Elche CF +0.5,False,False,False,False,False,False,,,,,,,,0.5387,0.4613,0.2,weekly_update_20260922T102609Z_b8bb7f8f,2026-08-18.phase1,0.1.0-phase1,0.1.0-phase1,2026-09-22T10:26:09+00:00
LALIGA2627_MW29_289_ValenciaCF_RCDeportivo,2026-27,29,2027-03-21,2027-03-21T00:00:00+00:00,Valencia CF,RC Deportivo,Camp de Mestalla,scheduled,early_week_mode,,,,1.435,1.086,,,1-1,,draw,,0.5531,0.2573,0.1896,Valencia CF,0.449,0.2672,0.2838,,,,"[{""score"": ""1-1"", ""probability"": 0.126979}, {""score"": ""1-0"", ""probability"": 0.113644}, {""score"": ""2-1"", ""probability"": 0.089894}, {""score"": ""0-1"", ""probability"": 0.085541}, {""score"": ""2-0"", ""probability"": 0.082797}, {""score"": ""0-0"", ""probability"": 0.082098}, {""score"": ""1-2"", ""probability"": 0.067996}, {""score"": ""2-2"", ""probability"": 0.048799}, {""score"": ""0-2"", ""probability"": 0.047372}, {""score"": ""3-1"", ""probability"": 0.04301}]",,0.5064,0.4936,Yes,2.5,0.4616,0.5384,False,Under 2.5,-0.25,0.5158,0.4842,False,Valencia CF -0.25,False,False,False,False,False,False,,,,,,,,0.5531,0.4469,0.2,weekly_update_20260922T102609Z_b8bb7f8f,2026-08-18.phase1,0.1.0-phase1,0.1.0-phase1,2026-09-22T10:26:09+00:00
LALIGA2627_MW29_290_VillarrealCF_MálagaCF,2026-27,29,2027-03-21,2027-03-21T00:00:00+00:00,Villarreal CF,Málaga CF,Estadio de la Cerámica,scheduled,early_week_mode,,,,2.635,0.391,,,2-0,,home_win,,0.7246,0.1732,0.1021,Villarreal CF,0.8497,0.1145,0.0358,,,,"[{""score"": ""2-0"", ""probability"": 0.168677}, {""score"": ""3-0"", ""probability"": 0.148149}, {""score"": ""1-0"", ""probability"": 0.127344}, {""score"": ""4-0"", ""probability"": 0.09759}, {""score"": ""2-1"", ""probability"": 0.06596}, {""score"": ""3-1"", ""probability"": 0.057932}, {""score"": ""5-0"", ""probability"": 0.051428}, {""score"": ""1-1"", ""probability"": 0.050755}, {""score"": ""0-0"", ""probability"": 0.04928}, {""score"": ""4-1"", ""probability"": 0.038162}]",,0.3011,0.6989,No,2.5,0.5819,0.4181,False,Over 2.5,-2.0,0.5267,0.4733,False,Villarreal CF -2,False,False,False,False,False,False,,,,,,,,0.7246,0.2754,0.2,weekly_update_20260922T102609Z_b8bb7f8f,2026-08-18.phase1,0.1.0-phase1,0.1.0-phase1,2026-09-22T10:26:09+00:00
LALIGA2627_MW30_291_AthleticClub_R.RacingClub,2026-27,30,2027-04-04,2027-04-04T00:00:00+00:00,Athletic Club,R. Racing Club,Estadio San Mamés,scheduled,early_week_mode,,,,3.153,1.121,,,3-1,,home_win,,0.6939,0.1623,0.1438,Athletic Club,0.7703,0.1301,0.0996,,,,"[{""score"": ""3-1"", ""probability"": 0.081982}, {""score"": ""2-1"", ""probability"": 0.078012}, {""score"": ""3-0"", ""probability"": 0.073124}, {""score"": ""2-0"", ""probability"": 0.069583}, {""score"": ""4-1"", ""probability"": 0.064616}, {""score"": ""4-0"", ""probability"": 0.057634}, {""score"": ""1-1"", ""probability"": 0.05017}, {""score"": ""3-2"", ""probability"": 0.045957}, {""score"": ""2-2"", ""probability"": 0.043731}, {""score"": ""1-0"", ""probability"": 0.043461}]",,0.6458,0.3542,Yes,2.5,0.7983,0.2017,False,Over 2.5,-2.0,0.4878,0.5122,False,R. Racing Club +2,False,False,False,False,False,False,,,,,,,,0.6939,0.3061,0.2,weekly_update_20260922T102609Z_b8bb7f8f,2026-08-18.phase1,0.1.0-phase1,0.1.0-phase1,2026-09-22T10:26:09+00:00
LALIGA2627_MW30_292_RealBetis_CeltaVigo,2026-27,30,2027-04-04,2027-04-04T00:00:00+00:00,Real Betis,Celta Vigo,Estadio La Cartuja,scheduled,early_week_mode,,,,1.638,1.03,,,1-1,,draw,,0.4913,0.2803,0.2284,Real Betis,0.5141,0.2494,0.2365,,,,"[{""score"": ""1-1"", ""probability"": 0.118682}, {""score"": ""1-0"", ""probability"": 0.112098}, {""score"": ""2-1"", ""probability"": 0.095892}, {""score"": ""2-0"", ""probability"": 0.093138}, {""score"": ""0-0"", ""probability"": 0.071022}, {""score"": ""0-1"", ""probability"": 0.069853}, {""score"": ""1-2"", ""probability"": 0.060267}, {""score"": ""3-1"", ""probability"": 0.052363}, {""score"": ""3-0"", ""probability"": 0.050859}, {""score"": ""2-2"", ""probability"": 0.049364}]",,0.5195,0.4805,Yes,2.5,0.4984,0.5016,False,Under 2.5,-0.5,0.5141,0.4859,False,Real Betis -0.5,False,False,False,False,False,False,,,,,,,,0.4913,0.5087,0.2,weekly_update_20260922T102609Z_b8bb7f8f,2026-08-18.phase1,0.1.0-phase1,0.1.0-phase1,2026-09-22T10:26:09+00:00
LALIGA2627_MW30_293_RCDeportivo_VillarrealCF,2026-27,30,2027-04-04,2027-04-04T00:00:00+00:00,RC Deportivo,Villarreal CF,Estadio ABANCA-RIAZOR,scheduled,early_week_mode,,,,1.42,1.747,,,1-1,,draw,,0.315,0.2862,0.3988,Villarreal CF,0.3124,0.2353,0.4523,,,,"[{""score"": ""1-1"", ""probability"": 0.105978}, {""score"": ""1-2"", ""probability"": 0.091313}, {""score"": ""2-1"", ""probability"": 0.0742}, {""score"": ""0-1"", ""probability"": 0.072204}, {""score"": ""2-2"", ""probability"": 0.064812}, {""score"": ""0-2"", ""probability"": 0.064325}, {""score"": ""1-0"", ""probability"": 0.058402}, {""score"": ""1-3"", ""probability"": 0.053174}, {""score"": ""0-0"", ""probability"": 0.043593}, {""score"": ""2-0"", ""probability"": 0.042474}]",,0.6274,0.3726,Yes,2.5,0.613,0.387,False,Over 2.5,0.25,0.4889,0.5111,False,Villarreal CF -0.25,False,False,False,False,False,False,,,,,,,,0.3988,0.6012,0.2,weekly_update_20260922T102609Z_b8bb7f8f,2026-08-18.phase1,0.1.0-phase1,0.1.0-phase1,2026-09-22T10:26:09+00:00
LALIGA2627_MW30_294_ElcheCF_DeportivoAlavés,2026-27,30,2027-04-04,2027-04-04T00:00:00+00:00,Elche CF,Deportivo Alavés,Estadio Martínez Valero,scheduled,early_week_mode,,,,1.516,1.224,,,1-1,,draw,,0.3849,0.3131,0.302,Elche CF,0.4386,0.2562,0.3052,,,,"[{""score"": ""1-1"", ""probability"": 0.121461}, {""score"": ""1-0"", ""probability"": 0.096247}, {""score"": ""2-1"", ""probability"": 0.090833}, {""score"": ""0-1"", ""probability"": 0.07737}, {""score"": ""2-0"", ""probability"": 0.074217}, {""score"": ""1-2"", ""probability"": 0.073318}, {""score"": ""0-0"", ""probability"": 0.066212}, {""score"": ""2-2"", ""probability"": 0.055584}, {""score"": ""0-2"", ""probability"": 0.048355}, {""score"": ""3-1"", ""probability"": 0.045909}]",,0.5526,0.4474,Yes,2.5,0.5161,0.4839,False,Over 2.5,-0.25,0.5027,0.4973,False,Elche CF -0.25,False,False,False,False,False,False,,,,,,,,0.3849,0.6151,0.2,weekly_update_20260922T102609Z_b8bb7f8f,2026-08-18.phase1,0.1.0-phase1,0.1.0-phase1,2026-09-22T10:26:09+00:00
LALIGA2627_MW30_295_FCBarcelona_SevillaFC,2026-27,30,2027-04-04,2027-04-04T00:00:00+00:00,FC Barcelona,Sevilla FC,Spotify Camp Nou,scheduled,early_week_mode,,,,3.227,0.787,,,3-0,,home_win,,0.7815,0.1371,0.0814,FC Barcelona,0.8386,0.1046,0.0568,,,,"[{""score"": ""3-0"", ""probability"": 0.101744}, {""score"": ""2-0"", ""probability"": 0.094583}, {""score"": ""4-0"", ""probability"": 0.082085}, {""score"": ""3-1"", ""probability"": 0.080095}, {""score"": ""2-1"", ""probability"": 0.074458}, {""score"": ""4-1"", ""probability"": 0.06462}, {""score"": ""1-0"", ""probability"": 0.057983}, {""score"": ""5-0"", ""probability"": 0.05298}, {""score"": ""1-1"", ""probability"": 0.04678}, {""score"": ""5-1"", ""probability"": 0.041707}]",,0.5238,0.4762,Yes,2.5,0.7626,0.2374,False,Over 2.5,-2.25,0.5133,0.4867,False,FC Barcelona -2.25,False,False,False,False,False,False,,,,,,,,0.7815,0.2185,0.2,weekly_update_20260922T102609Z_b8bb7f8f,2026-08-18.phase1,0.1.0-phase1,0.1.0-phase1,2026-09-22T10:26:09+00:00
LALIGA2627_MW30_296_GetafeCF_RCDEspanyoldeBarcelona,2026-27,30,2027-04-04,2027-04-04T00:00:00+00:00,Getafe CF,RCD Espanyol de Barcelona,Coliseum,scheduled,early_week_mode,,,,0.967,0.756,,,0-0,,draw,,0.4357,0.3311,0.2332,Getafe CF,0.389,0.3386,0.2724,,,,"[{""score"": ""0-0"", ""probability"": 0.180358}, {""score"": ""1-0"", ""probability"": 0.170788}, {""score"": ""0-1"", ""probability"": 0.133251}, {""score"": ""1-1"", ""probability"": 0.132321}, {""score"": ""2-0"", ""probability"": 0.083402}, {""score"": ""2-1"", ""probability"": 0.063077}, {""score"": ""0-2"", ""probability"": 0.051068}, {""score"": ""1-2"", ""probability"": 0.049358}, {""score"": ""3-0"", ""probability"": 0.02687}, {""score"": ""2-2"", ""probability"": 0.023853}]",,0.3306,0.6694,No,2.5,0.2488,0.7512,False,Under 2.5,-0.25,0.4737,0.5263,False,RCD Espanyol de Barcelona +0.25,False,False,False,False,False,False,,,,,,,,0.4357,0.5643,0.2,weekly_update_20260922T102609Z_b8bb7f8f,2026-08-18.phase1,0.1.0-phase1,0.1.0-phase1,2026-09-22T10:26:09+00:00
LALIGA2627_MW30_297_LevanteUD_RayoVallecano,2026-27,30,2027-04-04,2027-04-04T00:00:00+00:00,Levante UD,Rayo Vallecano,Estadio Ciutat de València,scheduled,early_week_mode,,,,1.473,1.17,,,1-1,,draw,,0.3842,0.3007,0.3151,Levante UD,0.4395,0.2613,0.2992,,,,"[{""score"": ""1-1"", ""probability"": 0.124326}, {""score"": ""1-0"", ""probability"": 0.10315}, {""score"": ""2-1"", ""probability"": 0.090299}, {""score"": ""0-1"", ""probability"": 0.081592}, {""score"": ""2-0"", ""probability"": 0.077192}, {""score"": ""0-0"", ""probability"": 0.072879}, {""score"": ""1-2"", ""probability"": 0.071731}, {""score"": ""2-2"", ""probability"": 0.052816}, {""score"": ""0-2"", ""probability"": 0.04871}, {""score"": ""3-1"", ""probability"": 0.044325}]",,0.5331,0.4669,Yes,2.5,0.4922,0.5078,False,Under 2.5,-0.25,0.5048,0.4952,False,Levante UD -0.25,False,False,False,False,False,False,,,,,,,,0.3842,0.6158,0.2,weekly_update_20260922T102609Z_b8bb7f8f,2026-08-18.phase1,0.1.0-phase1,0.1.0-phase1,2026-09-22T10:26:09+00:00
LALIGA2627_MW30_298_MálagaCF_CAOsasuna,2026-27,30,2027-04-04,2027-04-04T00:00:00+00:00,Málaga CF,CA Osasuna,La Rosaleda,scheduled,early_week_mode,,,,0.551,1.22,,,0-1,,away_win,,0.3947,0.334,0.2713,Málaga CF,0.1661,0.3084,0.5255,,,,"[{""score"": ""0-1"", ""probability"": 0.205973}, {""score"": ""0-0"", ""probability"": 0.171679}, {""score"": ""0-2"", ""probability"": 0.126614}, {""score"": ""1-1"", ""probability"": 0.115981}, {""score"": ""1-0"", ""probability"": 0.092194}, {""score"": ""1-2"", ""probability"": 0.069795}, {""score"": ""0-3"", ""probability"": 0.051494}, {""score"": ""2-1"", ""probability"": 0.031533}, {""score"": ""1-3"", ""probability"": 0.028386}, {""score"": ""2-0"", ""probability"": 0.025844}]",,0.3002,0.6998,No,2.5,0.2617,0.7383,False,Under 2.5,0.5,0.4745,0.5255,False,CA Osasuna -0.5,False,False,False,False,False,False,,,,,,,,0.3947,0.6053,0.2,weekly_update_20260922T102609Z_b8bb7f8f,2026-08-18.phase1,0.1.0-phase1,0.1.0-phase1,2026-09-22T10:26:09+00:00
LALIGA2627_MW30_299_RealMadrid_AtléticodeMadrid,2026-27,30,2027-04-04,2027-04-04T00:00:00+00:00,Real Madrid,Atlético de Madrid,Bernabéu,scheduled,early_week_mode,,,,1.966,1.112,,,1-1,,draw,,0.5176,0.2687,0.2137,Real Madrid,0.5704,0.22,0.2096,,,,"[{""score"": ""1-1"", ""probability"": 0.102101}, {""score"": ""2-1"", ""probability"": 0.098984}, {""score"": ""1-0"", ""probability"": 0.089168}, {""score"": ""2-0"", ""probability"": 0.088997}, {""score"": ""3-1"", ""probability"": 0.064854}, {""score"": ""3-0"", ""probability"": 0.058311}, {""score"": ""1-2"", ""probability"": 0.056009}, {""score"": ""2-2"", ""probability"": 0.055046}, {""score"": ""0-1"", ""probability"": 0.049853}, {""score"": ""0-0"", ""probability"": 0.047455}]",,0.5785,0.4215,Yes,2.5,0.5939,0.4061,False,Over 2.5,-0.75,0.5125,0.4875,False,Real Madrid -0.75,False,False,False,False,False,False,,,,,,,,0.5176,0.4824,0.2,weekly_update_20260922T102609Z_b8bb7f8f,2026-08-18.phase1,0.1.0-phase1,0.1.0-phase1,2026-09-22T10:26:09+00:00
LALIGA2627_MW30_300_RealSociedad_ValenciaCF,2026-27,30,2027-04-04,2027-04-04T00:00:00+00:00,Real Sociedad,Valencia CF,Anoeta,scheduled,early_week_mode,,,,1.697,1.063,,,1-1,,draw,,0.4602,0.2897,0.2501,Real Sociedad,0.5205,0.2437,0.2358,,,,"[{""score"": ""1-1"", ""probability"": 0.115753}, {""score"": ""1-0"", ""probability"": 0.105848}, {""score"": ""2-1"", ""probability"": 0.096883}, {""score"": ""2-0"", ""probability"": 0.091144}, {""score"": ""0-1"", ""probability"": 0.065714}, {""score"": ""0-0"", ""probability"": 0.064871}, {""score"": ""1-2"", ""probability"": 0.060685}, {""score"": ""3-1"", ""probability"": 0.054803}, {""score"": ""3-0"", ""probability"": 0.051557}, {""score"": ""2-2"", ""probability"": 0.051491}]",,0.5362,0.4638,Yes,2.5,0.5209,0.4791,False,Over 2.5,-0.5,0.5205,0.4795,False,Real Sociedad -0.5,False,False,False,False,False,False,,,,,,,,0.4602,0.5398,0.2,weekly_update_20260922T102609Z_b8bb7f8f,2026-08-18.phase1,0.1.0-phase1,0.1.0-phase1,2026-09-22T10:26:09+00:00
LALIGA2627_MW31_301_DeportivoAlavés_RealBetis,2026-27,31,2027-04-11,2027-04-11T00:00:00+00:00,Deportivo Alavés,Real Betis,Mendizorroza,scheduled,early_week_mode,,,,1.213,1.242,,,1-1,,draw,,0.3118,0.3197,0.3685,Real Betis,0.3549,0.2764,0.3686,,,,"[{""score"": ""1-1"", ""probability"": 0.131129}, {""score"": ""0-1"", ""probability"": 0.104816}, {""score"": ""1-0"", ""probability"": 0.102368}, {""score"": ""0-0"", ""probability"": 0.087608}, {""score"": ""1-2"", ""probability"": 0.080324}, {""score"": ""2-1"", ""probability"": 0.078479}, {""score"": ""0-2"", ""probability"": 0.066195}, {""score"": ""2-0"", ""probability"": 0.063189}, {""score"": ""2-2"", ""probability"": 0.048734}, {""score"": ""1-3"", ""probability"": 0.033253}]",,0.5016,0.4984,Yes,2.5,0.4447,0.5553,False,Under 2.5,0.0,0.4931,0.5069,False,Real Betis (pick'em),False,False,False,False,False,False,,,,,,,,0.3685,0.6315,0.2,weekly_update_20260922T102609Z_b8bb7f8f,2026-08-18.phase1,0.1.0-phase1,0.1.0-phase1,2026-09-22T10:26:09+00:00
LALIGA2627_MW31_302_AtléticodeMadrid_LevanteUD,2026-27,31,2027-04-11,2027-04-11T00:00:00+00:00,Atlético de Madrid,Levante UD,Riyadh Air Metropolitano,scheduled,early_week_mode,,,,2.458,0.919,,,2-0,,home_win,,0.7295,0.1655,0.105,Atlético de Madrid,0.7099,0.1698,0.1203,,,,"[{""score"": ""2-0"", ""probability"": 0.103285}, {""score"": ""2-1"", ""probability"": 0.094903}, {""score"": ""3-0"", ""probability"": 0.08462}, {""score"": ""1-0"", ""probability"": 0.082981}, {""score"": ""1-1"", ""probability"": 0.078286}, {""score"": ""3-1"", ""probability"": 0.077754}, {""score"": ""4-0"", ""probability"": 0.051997}, {""score"": ""4-1"", ""probability"": 0.047778}, {""score"": ""2-2"", ""probability"": 0.043601}, {""score"": ""3-2"", ""probability"": 0.035722}]",,0.5506,0.4494,Yes,2.5,0.6554,0.3446,False,Over 2.5,-1.5,0.4887,0.5113,False,Levante UD +1.5,False,False,False,False,False,False,,,,,,,,0.7295,0.2705,0.2,weekly_update_20260922T102609Z_b8bb7f8f,2026-08-18.phase1,0.1.0-phase1,0.1.0-phase1,2026-09-22T10:26:09+00:00
LALIGA2627_MW31_303_CeltaVigo_ElcheCF,2026-27,31,2027-04-11,2027-04-11T00:00:00+00:00,Celta Vigo,Elche CF,Estadio ABANCA Balaídos,scheduled,early_week_mode,,,,1.88,1.105,,,1-1,,draw,,0.5629,0.2527,0.1844,Celta Vigo,0.5531,0.2274,0.2196,,,,"[{""score"": ""1-1"", ""probability"": 0.106472}, {""score"": ""2-1"", ""probability"": 0.098705}, {""score"": ""1-0"", ""probability"": 0.093608}, {""score"": ""2-0"", ""probability"": 0.089331}, {""score"": ""3-1"", ""probability"": 0.061842}, {""score"": ""1-2"", ""probability"": 0.058024}, {""score"": ""3-0"", ""probability"": 0.055969}, {""score"": ""2-2"", ""probability"": 0.054531}, {""score"": ""0-1"", ""probability"": 0.054432}, {""score"": ""0-0"", ""probability"": 0.052016}]",,0.5681,0.4319,Yes,2.5,0.5733,0.4267,False,Over 2.5,-0.75,0.4948,0.5052,False,Elche CF +0.75,False,False,False,False,False,False,,,,,,,,0.5629,0.4371,0.2,weekly_update_20260922T102609Z_b8bb7f8f,2026-08-18.phase1,0.1.0-phase1,0.1.0-phase1,2026-09-22T10:26:09+00:00
LALIGA2627_MW31_304_RCDEspanyoldeBarcelona_MálagaCF,2026-27,31,2027-04-11,2027-04-11T00:00:00+00:00,RCD Espanyol de Barcelona,Málaga CF,RCDE Stadium,scheduled,early_week_mode,,,,1.66,0.403,,,1-0,,home_win,,0.5714,0.2573,0.1713,RCD Espanyol de Barcelona,0.6866,0.2297,0.0837,,,,"[{""score"": ""1-0"", ""probability"": 0.209844}, {""score"": ""2-0"", ""probability"": 0.175178}, {""score"": ""0-0"", ""probability"": 0.128258}, {""score"": ""3-0"", ""probability"": 0.096952}, {""score"": ""1-1"", ""probability"": 0.086117}, {""score"": ""2-1"", ""probability"": 0.070522}, {""score"": ""0-1"", ""probability"": 0.049994}, {""score"": ""4-0"", ""probability"": 0.040244}, {""score"": ""3-1"", ""probability"": 0.03903}, {""score"": ""1-2"", ""probability"": 0.017099}]",,0.2696,0.7304,No,2.5,0.3403,0.6597,False,Under 2.5,-1.25,0.4701,0.5299,False,Málaga CF +1.25,False,False,False,False,False,False,,,,,,,,0.5714,0.4286,0.2,weekly_update_20260922T102609Z_b8bb7f8f,2026-08-18.phase1,0.1.0-phase1,0.1.0-phase1,2026-09-22T10:26:09+00:00
LALIGA2627_MW31_305_CAOsasuna_RealMadrid,2026-27,31,2027-04-11,2027-04-11T00:00:00+00:00,CA Osasuna,Real Madrid,Estadio El Sadar,scheduled,early_week_mode,,,,0.966,1.926,,,0-1,,away_win,,0.1444,0.2269,0.6287,Real Madrid,0.1826,0.2206,0.5967,,,,"[{""score"": ""0-1"", ""probability"": 0.105453}, {""score"": ""1-1"", ""probability"": 0.104609}, {""score"": ""0-2"", ""probability"": 0.102942}, {""score"": ""1-2"", ""probability"": 0.099394}, {""score"": ""0-3"", ""probability"": 0.066104}, {""score"": ""1-3"", ""probability"": 0.063825}, {""score"": ""0-0"", ""probability"": 0.056896}, {""score"": ""1-0"", ""probability"": 0.052145}, {""score"": ""2-1"", ""probability"": 0.049816}, {""score"": ""2-2"", ""probability"": 0.047984}]",,0.5304,0.4696,Yes,2.5,0.5521,0.4479,False,Over 2.5,1.0,0.5238,0.4762,False,CA Osasuna +1,False,False,False,False,False,False,,,,,,,,0.6287,0.3713,0.2,weekly_update_20260922T102609Z_b8bb7f8f,2026-08-18.phase1,0.1.0-phase1,0.1.0-phase1,2026-09-22T10:26:09+00:00
LALIGA2627_MW31_306_R.RacingClub_FCBarcelona,2026-27,31,2027-04-11,2027-04-11T00:00:00+00:00,R. Racing Club,FC Barcelona,El Sardinero,scheduled,early_week_mode,,,,1.264,5.038,,,1-5,,away_win,,0.129,0.1577,0.7133,FC Barcelona,0.0375,0.0564,0.9061,,,,"[{""score"": ""1-5"", ""probability"": 0.067411}, {""score"": ""1-4"", ""probability"": 0.066908}, {""score"": ""1-6"", ""probability"": 0.056599}, {""score"": ""0-5"", ""probability"": 0.053336}, {""score"": ""1-3"", ""probability"": 0.053126}, {""score"": ""0-4"", ""probability"": 0.052937}, {""score"": ""0-6"", ""probability"": 0.044781}, {""score"": ""2-5"", ""probability"": 0.042601}, {""score"": ""2-4"", ""probability"": 0.042283}, {""score"": ""0-3"", ""probability"": 0.042033}]",,0.7126,0.2874,Yes,2.5,0.9464,0.0536,False,Over 2.5,3.5,0.5085,0.4915,False,R. Racing Club +3.5,False,False,False,False,False,False,,,,,,,,0.7133,0.2867,0.2,weekly_update_20260922T102609Z_b8bb7f8f,2026-08-18.phase1,0.1.0-phase1,0.1.0-phase1,2026-09-22T10:26:09+00:00
LALIGA2627_MW31_307_RayoVallecano_RealSociedad,2026-27,31,2027-04-11,2027-04-11T00:00:00+00:00,Rayo Vallecano,Real Sociedad,Estadio de Vallecas,scheduled,early_week_mode,,,,1.448,1.16,,,1-1,,draw,,0.3928,0.3068,0.3004,Rayo Vallecano,0.4352,0.2636,0.3012,,,,"[{""score"": ""1-1"", ""probability"": 0.125475}, {""score"": ""1-0"", ""probability"": 0.104964}, {""score"": ""2-1"", ""probability"": 0.089589}, {""score"": ""0-1"", ""probability"": 0.083797}, {""score"": ""2-0"", ""probability"": 0.077207}, {""score"": ""0-0"", ""probability"": 0.075386}, {""score"": ""1-2"", ""probability"": 0.071811}, {""score"": ""2-2"", ""probability"": 0.051978}, {""score"": ""0-2"", ""probability"": 0.049606}, {""score"": ""3-1"", ""probability"": 0.043231}]",,0.5269,0.4731,Yes,2.5,0.4836,0.5164,False,Under 2.5,-0.25,0.5011,0.4989,False,Rayo Vallecano -0.25,False,False,False,False,False,False,,,,,,,,0.3928,0.6072,0.2,weekly_update_20260922T102609Z_b8bb7f8f,2026-08-18.phase1,0.1.0-phase1,0.1.0-phase1,2026-09-22T10:26:09+00:00
LALIGA2627_MW31_308_SevillaFC_RCDeportivo,2026-27,31,2027-04-11,2027-04-11T00:00:00+00:00,Sevilla FC,RC Deportivo,Ramón Sánchez-Pizjuán,scheduled,early_week_mode,,,,1.572,1.092,,,1-1,,draw,,0.589,0.2399,0.1711,Sevilla FC,0.4827,0.2548,0.2625,,,,"[{""score"": ""1-1"", ""probability"": 0.121247}, {""score"": ""1-0"", ""probability"": 0.107849}, {""score"": ""2-1"", ""probability"": 0.094001}, {""score"": ""2-0"", ""probability"": 0.086058}, {""score"": ""0-1"", ""probability"": 0.074441}, {""score"": ""0-0"", ""probability"": 0.071302}, {""score"": ""1-2"", ""probability"": 0.065321}, {""score"": ""2-2"", ""probability"": 0.051339}, {""score"": ""3-1"", ""probability"": 0.049254}, {""score"": ""3-0"", ""probability"": 0.045092}]",,0.5282,0.4718,Yes,2.5,0.4975,0.5025,False,Under 2.5,-0.5,0.4827,0.5173,False,RC Deportivo +0.5,False,False,False,False,False,False,,,,,,,,0.589,0.411,0.2,weekly_update_20260922T102609Z_b8bb7f8f,2026-08-18.phase1,0.1.0-phase1,0.1.0-phase1,2026-09-22T10:26:09+00:00
LALIGA2627_MW31_309_ValenciaCF_GetafeCF,2026-27,31,2027-04-11,2027-04-11T00:00:00+00:00,Valencia CF,Getafe CF,Camp de Mestalla,scheduled,early_week_mode,,,,0.986,0.718,,,0-0,,draw,,0.4319,0.3259,0.2422,Valencia CF,0.4051,0.339,0.2559,,,,"[{""score"": ""0-0"", ""probability"": 0.183695}, {""score"": ""1-0"", ""probability"": 0.177628}, {""score"": ""1-1"", ""probability"": 0.130589}, {""score"": ""0-1"", ""probability"": 0.128855}, {""score"": ""2-0"", ""probability"": 0.088457}, {""score"": ""2-1"", ""probability"": 0.063515}, {""score"": ""0-2"", ""probability"": 0.046898}, {""score"": ""1-2"", ""probability"": 0.046248}, {""score"": ""3-0"", ""probability"": 0.029077}, {""score"": ""2-2"", ""probability"": 0.022803}]",,0.323,0.677,No,2.5,0.2439,0.7561,False,Under 2.5,-0.25,0.4898,0.5102,False,Getafe CF +0.25,False,False,False,False,False,False,,,,,,,,0.4319,0.5681,0.2,weekly_update_20260922T102609Z_b8bb7f8f,2026-08-18.phase1,0.1.0-phase1,0.1.0-phase1,2026-09-22T10:26:09+00:00
LALIGA2627_MW31_310_VillarrealCF_AthleticClub,2026-27,31,2027-04-11,2027-04-11T00:00:00+00:00,Villarreal CF,Athletic Club,Estadio de la Cerámica,scheduled,early_week_mode,,,,1.89,1.078,,,1-1,,draw,,0.5435,0.2668,0.1897,Villarreal CF,0.5617,0.2262,0.2121,,,,"[{""score"": ""1-1"", ""probability"": 0.106202}, {""score"": ""2-1"", ""probability"": 0.098991}, {""score"": ""1-0"", ""probability"": 0.095755}, {""score"": ""2-0"", ""probability"": 0.091844}, {""score"": ""3-1"", ""probability"": 0.06236}, {""score"": ""3-0"", ""probability"": 0.057857}, {""score"": ""1-2"", ""probability"": 0.056457}, {""score"": ""0-1"", ""probability"": 0.053992}, {""score"": ""2-2"", ""probability"": 0.053348}, {""score"": ""0-0"", ""probability"": 0.052872}]",,0.5614,0.4386,Yes,2.5,0.5695,0.4305,False,Over 2.5,-0.75,0.5031,0.4969,False,Villarreal CF -0.75,False,False,False,False,False,False,,,,,,,,0.5435,0.4565,0.2,weekly_update_20260922T102609Z_b8bb7f8f,2026-08-18.phase1,0.1.0-phase1,0.1.0-phase1,2026-09-22T10:26:09+00:00
LALIGA2627_MW32_311_DeportivoAlavés_RayoVallecano,2026-27,32,2027-04-18,2027-04-18T00:00:00+00:00,Deportivo Alavés,Rayo Vallecano,Mendizorroza,scheduled,early_week_mode,,,,1.309,0.949,,,1-0,,home_win,,0.4073,0.3155,0.2772,Deportivo Alavés,0.4469,0.2844,0.2687,,,,"[{""score"": ""1-0"", ""probability"": 0.1351}, {""score"": ""1-1"", ""probability"": 0.13168}, {""score"": ""0-0"", ""probability"": 0.106372}, {""score"": ""0-1"", ""probability"": 0.097453}, {""score"": ""2-0"", ""probability"": 0.089584}, {""score"": ""2-1"", ""probability"": 0.085006}, {""score"": ""1-2"", ""probability"": 0.061628}, {""score"": ""0-2"", ""probability"": 0.047085}, {""score"": ""2-2"", ""probability"": 0.040331}, {""score"": ""3-0"", ""probability"": 0.039084}]",,0.4491,0.5509,No,2.5,0.3927,0.6073,False,Under 2.5,-0.25,0.518,0.482,False,Deportivo Alavés -0.25,False,False,False,False,False,False,,,,,,,,0.4073,0.5927,0.2,weekly_update_20260922T102609Z_b8bb7f8f,2026-08-18.phase1,0.1.0-phase1,0.1.0-phase1,2026-09-22T10:26:09+00:00
LALIGA2627_MW32_312_AtléticodeMadrid_SevillaFC,2026-27,32,2027-04-18,2027-04-18T00:00:00+00:00,Atlético de Madrid,Sevilla FC,Riyadh Air Metropolitano,scheduled,early_week_mode,,,,2.164,0.855,,,2-0,,home_win,,0.654,0.2135,0.1325,Atlético de Madrid,0.672,0.1933,0.1347,,,,"[{""score"": ""2-0"", ""probability"": 0.114399}, {""score"": ""1-0"", ""probability"": 0.104488}, {""score"": ""2-1"", ""probability"": 0.09784}, {""score"": ""1-1"", ""probability"": 0.091672}, {""score"": ""3-0"", ""probability"": 0.082518}, {""score"": ""3-1"", ""probability"": 0.070574}, {""score"": ""0-0"", ""probability"": 0.050105}, {""score"": ""4-0"", ""probability"": 0.044641}, {""score"": ""2-2"", ""probability"": 0.041839}, {""score"": ""0-1"", ""probability"": 0.040544}]",,0.51,0.49,Yes,2.5,0.5809,0.4191,False,Over 2.5,-1.25,0.4938,0.5062,False,Sevilla FC +1.25,False,False,False,False,False,False,,,,,,,,0.654,0.346,0.2,weekly_update_20260922T102609Z_b8bb7f8f,2026-08-18.phase1,0.1.0-phase1,0.1.0-phase1,2026-09-22T10:26:09+00:00
LALIGA2627_MW32_313_RealBetis_AthleticClub,2026-27,32,2027-04-18,2027-04-18T00:00:00+00:00,Real Betis,Athletic Club,Estadio La Cartuja,scheduled,early_week_mode,,,,1.529,0.946,,,1-0,,home_win,,0.483,0.295,0.2221,Real Betis,0.507,0.261,0.232,,,,"[{""score"": ""1-0"", ""probability"": 0.127021}, {""score"": ""1-1"", ""probability"": 0.123407}, {""score"": ""2-0"", ""probability"": 0.098399}, {""score"": ""2-1"", ""probability"": 0.093075}, {""score"": ""0-0"", ""probability"": 0.085836}, {""score"": ""0-1"", ""probability"": 0.077932}, {""score"": ""1-2"", ""probability"": 0.057573}, {""score"": ""3-0"", ""probability"": 0.050156}, {""score"": ""3-1"", ""probability"": 0.047442}, {""score"": ""2-2"", ""probability"": 0.044019}]",,0.4808,0.5192,No,2.5,0.4498,0.5502,False,Under 2.5,-0.5,0.507,0.493,False,Real Betis -0.5,False,False,False,False,False,False,,,,,,,,0.483,0.517,0.2,weekly_update_20260922T102609Z_b8bb7f8f,2026-08-18.phase1,0.1.0-phase1,0.1.0-phase1,2026-09-22T10:26:09+00:00
LALIGA2627_MW32_314_RCDeportivo_CeltaVigo,2026-27,32,2027-04-18,2027-04-18T00:00:00+00:00,RC Deportivo,Celta Vigo,Estadio ABANCA-RIAZOR,scheduled,early_week_mode,,,,1.327,1.274,,,1-1,,draw,,0.4011,0.2977,0.3011,RC Deportivo,0.379,0.2672,0.3538,,,,"[{""score"": ""1-1"", ""probability"": 0.127167}, {""score"": ""1-0"", ""probability"": 0.096769}, {""score"": ""0-1"", ""probability"": 0.092771}, {""score"": ""2-1"", ""probability"": 0.083259}, {""score"": ""1-2"", ""probability"": 0.079879}, {""score"": ""0-0"", ""probability"": 0.075924}, {""score"": ""2-0"", ""probability"": 0.065374}, {""score"": ""0-2"", ""probability"": 0.060175}, {""score"": ""2-2"", ""probability"": 0.053018}, {""score"": ""3-1"", ""probability"": 0.036841}]",,0.5309,0.4691,Yes,2.5,0.4818,0.5182,False,Under 2.5,0.0,0.5126,0.4874,False,RC Deportivo (pick'em),False,False,False,False,False,False,,,,,,,,0.4011,0.5989,0.2,weekly_update_20260922T102609Z_b8bb7f8f,2026-08-18.phase1,0.1.0-phase1,0.1.0-phase1,2026-09-22T10:26:09+00:00
LALIGA2627_MW32_315_ElcheCF_CAOsasuna,2026-27,32,2027-04-18,2027-04-18T00:00:00+00:00,Elche CF,CA Osasuna,Estadio Martínez Valero,scheduled,early_week_mode,,,,1.666,1.194,,,1-1,,draw,,0.4337,0.2993,0.267,Elche CF,0.4824,0.2452,0.2724,,,,"[{""score"": ""1-1"", ""probability"": 0.115513}, {""score"": ""2-1"", ""probability"": 0.094896}, {""score"": ""1-0"", ""probability"": 0.093874}, {""score"": ""2-0"", ""probability"": 0.079486}, {""score"": ""1-2"", ""probability"": 0.068018}, {""score"": ""0-1"", ""probability"": 0.066841}, {""score"": ""0-0"", ""probability"": 0.058868}, {""score"": ""2-2"", ""probability"": 0.056647}, {""score"": ""3-1"", ""probability"": 0.052688}, {""score"": ""3-0"", ""probability"": 0.044132}]",,0.5667,0.4333,Yes,2.5,0.5446,0.4554,False,Over 2.5,-0.5,0.4824,0.5176,False,CA Osasuna +0.5,False,False,False,False,False,False,,,,,,,,0.4337,0.5663,0.2,weekly_update_20260922T102609Z_b8bb7f8f,2026-08-18.phase1,0.1.0-phase1,0.1.0-phase1,2026-09-22T10:26:09+00:00
LALIGA2627_MW32_316_FCBarcelona_RCDEspanyoldeBarcelona,2026-27,32,2027-04-18,2027-04-18T00:00:00+00:00,FC Barcelona,RCD Espanyol de Barcelona,Spotify Camp Nou,scheduled,early_week_mode,,,,3.209,0.742,,,3-0,,home_win,,0.813,0.1166,0.0704,FC Barcelona,0.8446,0.1025,0.0529,,,,"[{""score"": ""3-0"", ""probability"": 0.106589}, {""score"": ""2-0"", ""probability"": 0.099639}, {""score"": ""4-0"", ""probability"": 0.085518}, {""score"": ""3-1"", ""probability"": 0.079058}, {""score"": ""2-1"", ""probability"": 0.073903}, {""score"": ""4-1"", ""probability"": 0.063429}, {""score"": ""1-0"", ""probability"": 0.061461}, {""score"": ""5-0"", ""probability"": 0.05489}, {""score"": ""1-1"", ""probability"": 0.04669}, {""score"": ""5-1"", ""probability"": 0.040712}]",,0.5031,0.4969,Yes,2.5,0.7532,0.2468,False,Over 2.5,-2.25,0.5186,0.4814,False,FC Barcelona -2.25,False,False,False,False,False,False,,,,,,,,0.813,0.187,0.2,weekly_update_20260922T102609Z_b8bb7f8f,2026-08-18.phase1,0.1.0-phase1,0.1.0-phase1,2026-09-22T10:26:09+00:00
LALIGA2627_MW32_317_GetafeCF_RealMadrid,2026-27,32,2027-04-18,2027-04-18T00:00:00+00:00,Getafe CF,Real Madrid,Coliseum,scheduled,early_week_mode,,,,0.672,1.371,,,0-1,,away_win,,0.1787,0.2724,0.5489,Real Madrid,0.1813,0.2828,0.5358,,,,"[{""score"": ""0-1"", ""probability"": 0.176071}, {""score"": ""0-0"", ""probability"": 0.131244}, {""score"": ""0-2"", ""probability"": 0.121846}, {""score"": ""1-1"", ""probability"": 0.121079}, {""score"": ""1-0"", ""probability"": 0.085456}, {""score"": ""1-2"", ""probability"": 0.081888}, {""score"": ""0-3"", ""probability"": 0.055694}, {""score"": ""2-1"", ""probability"": 0.040134}, {""score"": ""1-3"", ""probability"": 0.03743}, {""score"": ""2-0"", ""probability"": 0.029268}]",,0.3668,0.6332,No,2.5,0.335,0.665,False,Under 2.5,0.75,0.5321,0.4679,False,Getafe CF +0.75,False,False,False,False,False,False,,,,,,,,0.5489,0.4511,0.2,weekly_update_20260922T102609Z_b8bb7f8f,2026-08-18.phase1,0.1.0-phase1,0.1.0-phase1,2026-09-22T10:26:09+00:00
LALIGA2627_MW32_318_LevanteUD_VillarrealCF,2026-27,32,2027-04-18,2027-04-18T00:00:00+00:00,Levante UD,Villarreal CF,Estadio Ciutat de València,scheduled,early_week_mode,,,,1.556,1.892,,,1-1,,draw,,0.2457,0.2809,0.4734,Villarreal CF,0.3187,0.2242,0.4571,,,,"[{""score"": ""1-1"", ""probability"": 0.094952}, {""score"": ""1-2"", ""probability"": 0.088616}, {""score"": ""2-1"", ""probability"": 0.072855}, {""score"": ""2-2"", ""probability"": 0.06893}, {""score"": ""0-1"", ""probability"": 0.058918}, {""score"": ""0-2"", ""probability"": 0.056963}, {""score"": ""1-3"", ""probability"": 0.055895}, {""score"": ""1-0"", ""probability"": 0.04821}, {""score"": ""2-3"", ""probability"": 0.043477}, {""score"": ""2-0"", ""probability"": 0.038502}]",,0.6713,0.3287,Yes,2.5,0.6693,0.3307,False,Over 2.5,0.25,0.4869,0.5131,False,Villarreal CF -0.25,False,False,False,False,False,False,,,,,,,,0.4734,0.5266,0.2,weekly_update_20260922T102609Z_b8bb7f8f,2026-08-18.phase1,0.1.0-phase1,0.1.0-phase1,2026-09-22T10:26:09+00:00
LALIGA2627_MW32_319_MálagaCF_ValenciaCF,2026-27,32,2027-04-18,2027-04-18T00:00:00+00:00,Málaga CF,Valencia CF,La Rosaleda,scheduled,early_week_mode,,,,0.541,1.196,,,0-1,,away_win,,0.3426,0.3375,0.3199,Málaga CF,0.1661,0.3129,0.521,,,,"[{""score"": ""0-1"", ""probability"": 0.208912}, {""score"": ""0-0"", ""probability"": 0.177544}, {""score"": ""0-2"", ""probability"": 0.125874}, {""score"": ""1-1"", ""probability"": 0.115509}, {""score"": ""1-0"", ""probability"": 0.093696}, {""score"": ""1-2"", ""probability"": 0.068141}, {""score"": ""0-3"", ""probability"": 0.050185}, {""score"": ""2-1"", ""probability"": 0.030841}, {""score"": ""1-3"", ""probability"": 0.027167}, {""score"": ""2-0"", ""probability"": 0.025785}]",,0.2932,0.7068,No,2.5,0.2527,0.7473,False,Under 2.5,0.5,0.479,0.521,False,Valencia CF -0.5,False,False,False,False,False,False,,,,,,,,0.3426,0.6574,0.2,weekly_update_20260922T102609Z_b8bb7f8f,2026-08-18.phase1,0.1.0-phase1,0.1.0-phase1,2026-09-22T10:26:09+00:00
LALIGA2627_MW32_320_RealSociedad_R.RacingClub,2026-27,32,2027-04-18,2027-04-18T00:00:00+00:00,Real Sociedad,R. Racing Club,Anoeta,scheduled,early_week_mode,,,,3.586,1.389,,,3-1,,home_win,,0.6931,0.1599,0.1469,Real Sociedad,0.7755,0.1193,0.1052,,,,"[{""score"": ""3-1"", ""probability"": 0.074604}, {""score"": ""4-1"", ""probability"": 0.066875}, {""score"": ""2-1"", ""probability"": 0.062419}, {""score"": ""3-0"", ""probability"": 0.053704}, {""score"": ""3-2"", ""probability"": 0.051818}, {""score"": ""4-0"", ""probability"": 0.04814}, {""score"": ""5-1"", ""probability"": 0.047957}, {""score"": ""4-2"", ""probability"": 0.04645}, {""score"": ""2-0"", ""probability"": 0.044933}, {""score"": ""2-2"", ""probability"": 0.043355}]",,0.7301,0.2699,Yes,2.5,0.8717,0.1283,False,Over 2.5,-2.0,0.5162,0.4838,False,Real Sociedad -2,False,False,False,False,False,False,,,,,,,,0.6931,0.3069,0.2,weekly_update_20260922T102609Z_b8bb7f8f,2026-08-18.phase1,0.1.0-phase1,0.1.0-phase1,2026-09-22T10:26:09+00:00
LALIGA2627_MW33_321_AthleticClub_RCDeportivo,2026-27,33,2027-04-21,2027-04-21T00:00:00+00:00,Athletic Club,RC Deportivo,Estadio San Mamés,scheduled,early_week_mode,,,,1.574,0.921,,,1-0,,home_win,,0.5912,0.2443,0.1646,Athletic Club,0.5247,0.2564,0.2189,,,,"[{""score"": ""1-0"", ""probability"": 0.128199}, {""score"": ""1-1"", ""probability"": 0.121235}, {""score"": ""2-0"", ""probability"": 0.102198}, {""score"": ""2-1"", ""probability"": 0.094126}, {""score"": ""0-0"", ""probability"": 0.08413}, {""score"": ""0-1"", ""probability"": 0.074325}, {""score"": ""1-2"", ""probability"": 0.055072}, {""score"": ""3-0"", ""probability"": 0.053625}, {""score"": ""3-1"", ""probability"": 0.04939}, {""score"": ""2-2"", ""probability"": 0.043346}]",,0.4788,0.5212,No,2.5,0.4549,0.5451,False,Under 2.5,-0.5,0.5247,0.4753,False,Athletic Club -0.5,False,False,False,False,False,False,,,,,,,,0.5912,0.4088,0.2,weekly_update_20260922T102609Z_b8bb7f8f,2026-08-18.phase1,0.1.0-phase1,0.1.0-phase1,2026-09-22T10:26:09+00:00
LALIGA2627_MW33_322_CeltaVigo_FCBarcelona,2026-27,33,2027-04-21,2027-04-21T00:00:00+00:00,Celta Vigo,FC Barcelona,Estadio ABANCA Balaídos,scheduled,early_week_mode,,,,1.154,2.167,,,1-2,,away_win,,0.153,0.223,0.624,FC Barcelona,0.1933,0.2039,0.6028,,,,"[{""score"": ""1-2"", ""probability"": 0.097897}, {""score"": ""1-1"", ""probability"": 0.091607}, {""score"": ""0-2"", ""probability"": 0.084798}, {""score"": ""0-1"", ""probability"": 0.077029}, {""score"": ""1-3"", ""probability"": 0.070705}, {""score"": ""0-3"", ""probability"": 0.061245}, {""score"": ""2-2"", ""probability"": 0.056509}, {""score"": ""2-1"", ""probability"": 0.052161}, {""score"": ""2-3"", ""probability"": 0.040814}, {""score"": ""1-0"", ""probability"": 0.040461}]",,0.6075,0.3925,Yes,2.5,0.6447,0.3553,False,Over 2.5,1.0,0.5099,0.4901,False,Celta Vigo +1,False,False,False,False,False,False,,,,,,,,0.624,0.376,0.2,weekly_update_20260922T102609Z_b8bb7f8f,2026-08-18.phase1,0.1.0-phase1,0.1.0-phase1,2026-09-22T10:26:09+00:00
LALIGA2627_MW33_323_RCDEspanyoldeBarcelona_RealSociedad,2026-27,33,2027-04-21,2027-04-21T00:00:00+00:00,RCD Espanyol de Barcelona,Real Sociedad,RCDE Stadium,scheduled,early_week_mode,,,,1.476,1.262,,,1-1,,draw,,0.364,0.308,0.328,RCD Espanyol de Barcelona,0.4199,0.2578,0.3223,,,,"[{""score"": ""1-1"", ""probability"": 0.122196}, {""score"": ""1-0"", ""probability"": 0.093857}, {""score"": ""2-1"", ""probability"": 0.088931}, {""score"": ""0-1"", ""probability"": 0.080031}, {""score"": ""1-2"", ""probability"": 0.076058}, {""score"": ""2-0"", ""probability"": 0.07047}, {""score"": ""0-0"", ""probability"": 0.066389}, {""score"": ""2-2"", ""probability"": 0.056114}, {""score"": ""0-2"", ""probability"": 0.051545}, {""score"": ""3-1"", ""probability"": 0.043741}]",,0.5546,0.4454,Yes,2.5,0.5155,0.4845,False,Over 2.5,-0.25,0.4844,0.5156,False,Real Sociedad +0.25,False,False,False,False,False,False,,,,,,,,0.364,0.636,0.2,weekly_update_20260922T102609Z_b8bb7f8f,2026-08-18.phase1,0.1.0-phase1,0.1.0-phase1,2026-09-22T10:26:09+00:00
LALIGA2627_MW33_324_GetafeCF_RealBetis,2026-27,33,2027-04-21,2027-04-21T00:00:00+00:00,Getafe CF,Real Betis,Coliseum,scheduled,early_week_mode,,,,0.824,0.971,,,0-0,,draw,,0.3199,0.3415,0.3386,Draw,0.2939,0.3318,0.3744,,,,"[{""score"": ""0-0"", ""probability"": 0.167947}, {""score"": ""0-1"", ""probability"": 0.159496}, {""score"": ""1-0"", ""probability"": 0.135037}, {""score"": ""1-1"", ""probability"": 0.134746}, {""score"": ""0-2"", ""probability"": 0.078335}, {""score"": ""1-2"", ""probability"": 0.064541}, {""score"": ""2-0"", ""probability"": 0.056383}, {""score"": ""2-1"", ""probability"": 0.054756}, {""score"": ""2-2"", ""probability"": 0.026588}, {""score"": ""0-3"", ""probability"": 0.025358}]",,0.3506,0.6494,No,2.5,0.2681,0.7319,False,Under 2.5,0.0,0.4598,0.5402,False,Real Betis (pick'em),False,False,False,False,False,False,,,,,,,,0.3415,0.6585,0.2,weekly_update_20260922T102609Z_b8bb7f8f,2026-08-18.phase1,0.1.0-phase1,0.1.0-phase1,2026-09-22T10:26:09+00:00
LALIGA2627_MW33_325_CAOsasuna_DeportivoAlavés,2026-27,33,2027-04-21,2027-04-21T00:00:00+00:00,CA Osasuna,Deportivo Alavés,Estadio El Sadar,scheduled,early_week_mode,,,,1.286,1.077,,,1-1,,draw,,0.3819,0.3177,0.3003,CA Osasuna,0.4107,0.2808,0.3085,,,,"[{""score"": ""1-1"", ""probability"": 0.132165}, {""score"": ""1-0"", ""probability"": 0.119273}, {""score"": ""0-1"", ""probability"": 0.099545}, {""score"": ""0-0"", ""probability"": 0.0959}, {""score"": ""2-1"", ""probability"": 0.08386}, {""score"": ""2-0"", ""probability"": 0.077875}, {""score"": ""1-2"", ""probability"": 0.070195}, {""score"": ""0-2"", ""probability"": 0.054563}, {""score"": ""2-2"", ""probability"": 0.045153}, {""score"": ""3-1"", ""probability"": 0.035962}]",,0.479,0.521,No,2.5,0.4207,0.5793,False,Under 2.5,-0.25,0.4809,0.5191,False,Deportivo Alavés +0.25,False,False,False,False,False,False,,,,,,,,0.3819,0.6181,0.2,weekly_update_20260922T102609Z_b8bb7f8f,2026-08-18.phase1,0.1.0-phase1,0.1.0-phase1,2026-09-22T10:26:09+00:00
LALIGA2627_MW33_326_R.RacingClub_MálagaCF,2026-27,33,2027-04-21,2027-04-21T00:00:00+00:00,R. Racing Club,Málaga CF,El Sardinero,scheduled,early_week_mode,,,,2.103,0.85,,,2-0,,home_win,,0.5424,0.2403,0.2173,R. Racing Club,0.6614,0.1991,0.1396,,,,"[{""score"": ""2-0"", ""probability"": 0.115411}, {""score"": ""1-0"", ""probability"": 0.108474}, {""score"": ""2-1"", ""probability"": 0.09812}, {""score"": ""1-1"", ""probability"": 0.094598}, {""score"": ""3-0"", ""probability"": 0.080903}, {""score"": ""3-1"", ""probability"": 0.068782}, {""score"": ""0-0"", ""probability"": 0.053475}, {""score"": ""0-1"", ""probability"": 0.043088}, {""score"": ""4-0"", ""probability"": 0.042535}, {""score"": ""2-2"", ""probability"": 0.04171}]",,0.504,0.496,Yes,2.5,0.5661,0.4339,False,Over 2.5,-1.25,0.4809,0.5191,False,Málaga CF +1.25,False,False,False,False,False,False,,,,,,,,0.5424,0.4576,0.2,weekly_update_20260922T102609Z_b8bb7f8f,2026-08-18.phase1,0.1.0-phase1,0.1.0-phase1,2026-09-22T10:26:09+00:00
LALIGA2627_MW33_327_RealMadrid_ElcheCF,2026-27,33,2027-04-21,2027-04-21T00:00:00+00:00,Real Madrid,Elche CF,Bernabéu,scheduled,early_week_mode,,,,2.946,0.846,,,2-0,,home_win,,0.7928,0.1265,0.0808,Real Madrid,0.7961,0.1271,0.0768,,,,"[{""score"": ""2-0"", ""probability"": 0.098215}, {""score"": ""3-0"", ""probability"": 0.096436}, {""score"": ""2-1"", ""probability"": 0.083075}, {""score"": ""3-1"", ""probability"": 0.08157}, {""score"": ""4-0"", ""probability"": 0.071017}, {""score"": ""1-0"", ""probability"": 0.065909}, {""score"": ""4-1"", ""probability"": 0.060069}, {""score"": ""1-1"", ""probability"": 0.057181}, {""score"": ""5-0"", ""probability"": 0.041838}, {""score"": ""5-1"", ""probability"": 0.035389}]",,0.5415,0.4585,Yes,2.5,0.7288,0.2712,False,Over 2.5,-2.0,0.4995,0.5005,False,Elche CF +2,False,False,False,False,False,False,,,,,,,,0.7928,0.2072,0.2,weekly_update_20260922T102609Z_b8bb7f8f,2026-08-18.phase1,0.1.0-phase1,0.1.0-phase1,2026-09-22T10:26:09+00:00
LALIGA2627_MW33_328_SevillaFC_LevanteUD,2026-27,33,2027-04-21,2027-04-21T00:00:00+00:00,Sevilla FC,Levante UD,Ramón Sánchez-Pizjuán,scheduled,early_week_mode,,,,1.703,1.197,,,1-1,,draw,,0.5318,0.2573,0.2109,Sevilla FC,0.4906,0.2422,0.2672,,,,"[{""score"": ""1-1"", ""probability"": 0.113733}, {""score"": ""2-1"", ""probability"": 0.095508}, {""score"": ""1-0"", ""probability"": 0.092178}, {""score"": ""2-0"", ""probability"": 0.079786}, {""score"": ""1-2"", ""probability"": 0.067148}, {""score"": ""0-1"", ""probability"": 0.064348}, {""score"": ""2-2"", ""probability"": 0.057164}, {""score"": ""0-0"", ""probability"": 0.056588}, {""score"": ""3-1"", ""probability"": 0.054205}, {""score"": ""3-0"", ""probability"": 0.045282}]",,0.5723,0.4277,Yes,2.5,0.5539,0.4461,False,Over 2.5,-0.5,0.4906,0.5094,False,Levante UD +0.5,False,False,False,False,False,False,,,,,,,,0.5318,0.4682,0.2,weekly_update_20260922T102609Z_b8bb7f8f,2026-08-18.phase1,0.1.0-phase1,0.1.0-phase1,2026-09-22T10:26:09+00:00
LALIGA2627_MW33_329_ValenciaCF_RayoVallecano,2026-27,33,2027-04-21,2027-04-21T00:00:00+00:00,Valencia CF,Rayo Vallecano,Camp de Mestalla,scheduled,early_week_mode,,,,1.252,1.024,,,1-1,,draw,,0.4477,0.2957,0.2566,Valencia CF,0.413,0.2867,0.3002,,,,"[{""score"": ""1-1"", ""probability"": 0.133483}, {""score"": ""1-0"", ""probability"": 0.126813}, {""score"": ""0-0"", ""probability"": 0.104579}, {""score"": ""0-1"", ""probability"": 0.103389}, {""score"": ""2-1"", ""probability"": 0.082401}, {""score"": ""2-0"", ""probability"": 0.080494}, {""score"": ""1-2"", ""probability"": 0.067395}, {""score"": ""0-2"", ""probability"": 0.053846}, {""score"": ""2-2"", ""probability"": 0.042176}, {""score"": ""3-1"", ""probability"": 0.034378}]",,0.4593,0.5407,No,2.5,0.3974,0.6026,False,Under 2.5,-0.25,0.4847,0.5153,False,Rayo Vallecano +0.25,False,False,False,False,False,False,,,,,,,,0.4477,0.5523,0.2,weekly_update_20260922T102609Z_b8bb7f8f,2026-08-18.phase1,0.1.0-phase1,0.1.0-phase1,2026-09-22T10:26:09+00:00
LALIGA2627_MW33_330_VillarrealCF_AtléticodeMadrid,2026-27,33,2027-04-21,2027-04-21T00:00:00+00:00,Villarreal CF,Atlético de Madrid,Estadio de la Cerámica,scheduled,early_week_mode,,,,1.72,1.554,,,1-1,,draw,,0.3449,0.3032,0.3519,Atlético de Madrid,0.4186,0.2333,0.3482,,,,"[{""score"": ""1-1"", ""probability"": 0.102577}, {""score"": ""2-1"", ""probability"": 0.087041}, {""score"": ""1-2"", ""probability"": 0.078606}, {""score"": ""2-2"", ""probability"": 0.067618}, {""score"": ""1-0"", ""probability"": 0.063733}, {""score"": ""0-1"", ""probability"": 0.057421}, {""score"": ""2-0"", ""probability"": 0.056022}, {""score"": ""3-1"", ""probability"": 0.049916}, {""score"": ""0-2"", ""probability"": 0.045689}, {""score"": ""1-3"", ""probability"": 0.04071}]",,0.6488,0.3512,Yes,2.5,0.6353,0.3647,False,Over 2.5,-0.25,0.4769,0.5231,False,Atlético de Madrid +0.25,False,False,False,False,False,False,,,,,,,,0.3519,0.6481,0.2,weekly_update_20260922T102609Z_b8bb7f8f,2026-08-18.phase1,0.1.0-phase1,0.1.0-phase1,2026-09-22T10:26:09+00:00
LALIGA2627_MW34_331_AtléticodeMadrid_DeportivoAlavés,2026-27,34,2027-05-02,2027-05-02T00:00:00+00:00,Atlético de Madrid,Deportivo Alavés,Riyadh Air Metropolitano,scheduled,early_week_mode,,,,1.994,0.817,,,2-0,,home_win,,0.6836,0.1967,0.1197,Atlético de Madrid,0.6476,0.2088,0.1436,,,,"[{""score"": ""2-0"", ""probability"": 0.119634}, {""score"": ""1-0"", ""probability"": 0.118661}, {""score"": ""1-1"", ""probability"": 0.099358}, {""score"": ""2-1"", ""probability"": 0.097704}, {""score"": ""3-0"", ""probability"": 0.079507}, {""score"": ""3-1"", ""probability"": 0.064932}, {""score"": ""0-0"", ""probability"": 0.061541}, {""score"": ""0-1"", ""probability"": 0.04781}, {""score"": ""1-2"", ""probability"": 0.040022}, {""score"": ""2-2"", ""probability"": 0.039897}]",,0.4834,0.5166,No,2.5,0.5329,0.4671,False,Over 2.5,-1.0,0.5242,0.4758,False,Atlético de Madrid -1,False,False,False,False,False,False,,,,,,,,0.6836,0.3164,0.2,weekly_update_20260922T102609Z_b8bb7f8f,2026-08-18.phase1,0.1.0-phase1,0.1.0-phase1,2026-09-22T10:26:09+00:00
LALIGA2627_MW34_332_RealBetis_ValenciaCF,2026-27,34,2027-05-02,2027-05-02T00:00:00+00:00,Real Betis,Valencia CF,Estadio La Cartuja,scheduled,early_week_mode,,,,1.803,0.862,,,1-0,,home_win,,0.5232,0.2717,0.2051,Real Betis,0.5945,0.2309,0.1746,,,,"[{""score"": ""1-0"", ""probability"": 0.123974}, {""score"": ""2-0"", ""probability"": 0.11308}, {""score"": ""1-1"", ""probability"": 0.109699}, {""score"": ""2-1"", ""probability"": 0.09753}, {""score"": ""0-0"", ""probability"": 0.07109}, {""score"": ""3-0"", ""probability"": 0.067946}, {""score"": ""3-1"", ""probability"": 0.058602}, {""score"": ""0-1"", ""probability"": 0.058541}, {""score"": ""1-2"", ""probability"": 0.046665}, {""score"": ""2-2"", ""probability"": 0.042059}]",,0.4841,0.5159,No,2.5,0.4977,0.5023,False,Under 2.5,-1.0,0.4694,0.5306,False,Valencia CF +1,False,False,False,False,False,False,,,,,,,,0.5232,0.4768,0.2,weekly_update_20260922T102609Z_b8bb7f8f,2026-08-18.phase1,0.1.0-phase1,0.1.0-phase1,2026-09-22T10:26:09+00:00
LALIGA2627_MW34_333_CeltaVigo_SevillaFC,2026-27,34,2027-05-02,2027-05-02T00:00:00+00:00,Celta Vigo,Sevilla FC,Estadio ABANCA Balaídos,scheduled,early_week_mode,,,,1.634,1.006,,,1-1,,draw,,0.4563,0.2868,0.2569,Celta Vigo,0.5187,0.2499,0.2314,,,,"[{""score"": ""1-1"", ""probability"": 0.118925}, {""score"": ""1-0"", ""probability"": 0.114945}, {""score"": ""2-1"", ""probability"": 0.095842}, {""score"": ""2-0"", ""probability"": 0.095227}, {""score"": ""0-0"", ""probability"": 0.072949}, {""score"": ""0-1"", ""probability"": 0.070181}, {""score"": ""1-2"", ""probability"": 0.059034}, {""score"": ""3-1"", ""probability"": 0.052201}, {""score"": ""3-0"", ""probability"": 0.051866}, {""score"": ""2-2"", ""probability"": 0.04823}]",,0.5123,0.4877,Yes,2.5,0.4916,0.5084,False,Under 2.5,-0.5,0.5187,0.4813,False,Celta Vigo -0.5,False,False,False,False,False,False,,,,,,,,0.4563,0.5437,0.2,weekly_update_20260922T102609Z_b8bb7f8f,2026-08-18.phase1,0.1.0-phase1,0.1.0-phase1,2026-09-22T10:26:09+00:00
LALIGA2627_MW34_334_RCDeportivo_R.RacingClub,2026-27,34,2027-05-02,2027-05-02T00:00:00+00:00,RC Deportivo,R. Racing Club,Estadio ABANCA-RIAZOR,scheduled,early_week_mode,,,,3.086,1.394,,,3-1,,home_win,,0.5839,0.2074,0.2087,RC Deportivo,0.7102,0.1476,0.1421,,,,"[{""score"": ""3-1"", ""probability"": 0.077733}, {""score"": ""2-1"", ""probability"": 0.075559}, {""score"": ""4-1"", ""probability"": 0.059978}, {""score"": ""3-0"", ""probability"": 0.055751}, {""score"": ""3-2"", ""probability"": 0.054192}, {""score"": ""2-0"", ""probability"": 0.054191}, {""score"": ""2-2"", ""probability"": 0.052676}, {""score"": ""1-1"", ""probability"": 0.049637}, {""score"": ""4-0"", ""probability"": 0.043016}, {""score"": ""4-2"", ""probability"": 0.041814}]",,0.7182,0.2818,Yes,2.5,0.8234,0.1766,False,Over 2.5,-1.5,0.5217,0.4783,False,RC Deportivo -1.5,False,False,False,False,False,False,,,,,,,,0.5839,0.4161,0.2,weekly_update_20260922T102609Z_b8bb7f8f,2026-08-18.phase1,0.1.0-phase1,0.1.0-phase1,2026-09-22T10:26:09+00:00
LALIGA2627_MW34_335_ElcheCF_RCDEspanyoldeBarcelona,2026-27,34,2027-05-02,2027-05-02T00:00:00+00:00,Elche CF,RCD Espanyol de Barcelona,Estadio Martínez Valero,scheduled,early_week_mode,,,,1.637,1.208,,,1-1,,draw,,0.3991,0.3048,0.2961,Elche CF,0.4722,0.2473,0.2805,,,,"[{""score"": ""1-1"", ""probability"": 0.116577}, {""score"": ""2-1"", ""probability"": 0.094098}, {""score"": ""1-0"", ""probability"": 0.093645}, {""score"": ""2-0"", ""probability"": 0.077923}, {""score"": ""1-2"", ""probability"": 0.069433}, {""score"": ""0-1"", ""probability"": 0.068684}, {""score"": ""0-0"", ""probability"": 0.05977}, {""score"": ""2-2"", ""probability"": 0.056816}, {""score"": ""3-1"", ""probability"": 0.051333}, {""score"": ""3-0"", ""probability"": 0.042509}]",,0.5662,0.4338,Yes,2.5,0.541,0.459,False,Over 2.5,-0.5,0.4722,0.5278,False,RCD Espanyol de Barcelona +0.5,False,False,False,False,False,False,,,,,,,,0.3991,0.6009,0.2,weekly_update_20260922T102609Z_b8bb7f8f,2026-08-18.phase1,0.1.0-phase1,0.1.0-phase1,2026-09-22T10:26:09+00:00
LALIGA2627_MW34_336_FCBarcelona_CAOsasuna,2026-27,34,2027-05-02,2027-05-02T00:00:00+00:00,FC Barcelona,CA Osasuna,Spotify Camp Nou,scheduled,early_week_mode,,,,3.266,0.733,,,3-0,,home_win,,0.8241,0.1108,0.0651,FC Barcelona,0.8516,0.0985,0.0499,,,,"[{""score"": ""3-0"", ""probability"": 0.107114}, {""score"": ""2-0"", ""probability"": 0.098381}, {""score"": ""4-0"", ""probability"": 0.087466}, {""score"": ""3-1"", ""probability"": 0.078545}, {""score"": ""2-1"", ""probability"": 0.072142}, {""score"": ""4-1"", ""probability"": 0.064138}, {""score"": ""1-0"", ""probability"": 0.059633}, {""score"": ""5-0"", ""probability"": 0.057138}, {""score"": ""1-1"", ""probability"": 0.044782}, {""score"": ""5-1"", ""probability"": 0.041898}]",,0.5003,0.4997,Yes,2.5,0.7603,0.2397,False,Over 2.5,-2.5,0.48,0.52,False,CA Osasuna +2.5,False,False,False,False,False,False,,,,,,,,0.8241,0.1759,0.2,weekly_update_20260922T102609Z_b8bb7f8f,2026-08-18.phase1,0.1.0-phase1,0.1.0-phase1,2026-09-22T10:26:09+00:00
LALIGA2627_MW34_337_LevanteUD_RealMadrid,2026-27,34,2027-05-02,2027-05-02T00:00:00+00:00,Levante UD,Real Madrid,Estadio Ciutat de València,scheduled,early_week_mode,,,,1.114,2.162,,,1-2,,away_win,,0.1439,0.2173,0.6388,Real Madrid,0.1856,0.2032,0.6111,,,,"[{""score"": ""1-2"", ""probability"": 0.098405}, {""score"": ""1-1"", ""probability"": 0.092289}, {""score"": ""0-2"", ""probability"": 0.088364}, {""score"": ""0-1"", ""probability"": 0.080494}, {""score"": ""1-3"", ""probability"": 0.070914}, {""score"": ""0-3"", ""probability"": 0.063678}, {""score"": ""2-2"", ""probability"": 0.054794}, {""score"": ""2-1"", ""probability"": 0.050691}, {""score"": ""1-0"", ""probability"": 0.040857}, {""score"": ""2-3"", ""probability"": 0.039486}]",,0.5955,0.4045,Yes,2.5,0.6355,0.3645,False,Over 2.5,1.0,0.5025,0.4975,False,Levante UD +1,False,False,False,False,False,False,,,,,,,,0.6388,0.3612,0.2,weekly_update_20260922T102609Z_b8bb7f8f,2026-08-18.phase1,0.1.0-phase1,0.1.0-phase1,2026-09-22T10:26:09+00:00
LALIGA2627_MW34_338_MálagaCF_GetafeCF,2026-27,34,2027-05-02,2027-05-02T00:00:00+00:00,Málaga CF,Getafe CF,La Rosaleda,scheduled,early_week_mode,,,,0.392,0.849,,,0-0,,draw,,0.3597,0.3706,0.2697,Draw,0.1603,0.3962,0.4435,,,,"[{""score"": ""0-0"", ""probability"": 0.290238}, {""score"": ""0-1"", ""probability"": 0.244037}, {""score"": ""1-0"", ""probability"": 0.112037}, {""score"": ""0-2"", ""probability"": 0.104187}, {""score"": ""1-1"", ""probability"": 0.097598}, {""score"": ""1-2"", ""probability"": 0.04088}, {""score"": ""0-3"", ""probability"": 0.029494}, {""score"": ""2-0"", ""probability"": 0.02224}, {""score"": ""2-1"", ""probability"": 0.018888}, {""score"": ""1-3"", ""probability"": 0.011573}]",,0.1871,0.8129,No,2.5,0.1297,0.8703,False,Under 2.5,0.25,0.4574,0.5426,False,Getafe CF -0.25,False,False,False,False,False,False,,,,,,,,0.3706,0.6294,0.2,weekly_update_20260922T102609Z_b8bb7f8f,2026-08-18.phase1,0.1.0-phase1,0.1.0-phase1,2026-09-22T10:26:09+00:00
LALIGA2627_MW34_339_RayoVallecano_VillarrealCF,2026-27,34,2027-05-02,2027-05-02T00:00:00+00:00,Rayo Vallecano,Villarreal CF,Estadio de Vallecas,scheduled,early_week_mode,,,,1.338,1.523,,,1-1,,draw,,0.2812,0.2996,0.4192,Villarreal CF,0.3327,0.2517,0.4156,,,,"[{""score"": ""1-1"", ""probability"": 0.118166}, {""score"": ""1-2"", ""probability"": 0.088781}, {""score"": ""0-1"", ""probability"": 0.085483}, {""score"": ""2-1"", ""probability"": 0.078007}, {""score"": ""1-0"", ""probability"": 0.074915}, {""score"": ""0-2"", ""probability"": 0.066331}, {""score"": ""2-2"", ""probability"": 0.059415}, {""score"": ""0-0"", ""probability"": 0.058773}, {""score"": ""2-0"", ""probability"": 0.051208}, {""score"": ""1-3"", ""probability"": 0.045081}]",,0.5785,0.4215,Yes,2.5,0.5451,0.4549,False,Over 2.5,0.25,0.5215,0.4785,False,Rayo Vallecano +0.25,False,False,False,False,False,False,,,,,,,,0.4192,0.5808,0.2,weekly_update_20260922T102609Z_b8bb7f8f,2026-08-18.phase1,0.1.0-phase1,0.1.0-phase1,2026-09-22T10:26:09+00:00
LALIGA2627_MW34_340_RealSociedad_AthleticClub,2026-27,34,2027-05-02,2027-05-02T00:00:00+00:00,Real Sociedad,Athletic Club,Anoeta,scheduled,early_week_mode,,,,1.44,1.166,,,1-1,,draw,,0.4198,0.3102,0.2701,Real Sociedad,0.4318,0.2641,0.3041,,,,"[{""score"": ""1-1"", ""probability"": 0.125692}, {""score"": ""1-0"", ""probability"": 0.104652}, {""score"": ""2-1"", ""probability"": 0.089243}, {""score"": ""0-1"", ""probability"": 0.084421}, {""score"": ""2-0"", ""probability"": 0.076555}, {""score"": ""0-0"", ""probability"": 0.075588}, {""score"": ""1-2"", ""probability"": 0.072268}, {""score"": ""2-2"", ""probability"": 0.052017}, {""score"": ""0-2"", ""probability"": 0.050201}, {""score"": ""3-1"", ""probability"": 0.042824}]",,0.5269,0.4731,Yes,2.5,0.4829,0.5171,False,Under 2.5,-0.25,0.4979,0.5021,False,Athletic Club +0.25,False,False,False,False,False,False,,,,,,,,0.4198,0.5802,0.2,weekly_update_20260922T102609Z_b8bb7f8f,2026-08-18.phase1,0.1.0-phase1,0.1.0-phase1,2026-09-22T10:26:09+00:00
LALIGA2627_MW35_341_DeportivoAlavés_LevanteUD,2026-27,35,2027-05-09,2027-05-09T00:00:00+00:00,Deportivo Alavés,Levante UD,Mendizorroza,scheduled,early_week_mode,,,,1.626,1.103,,,1-1,,draw,,0.4703,0.2897,0.24,Deportivo Alavés,0.4937,0.2498,0.2565,,,,"[{""score"": ""1-1"", ""probability"": 0.118712}, {""score"": ""1-0"", ""probability"": 0.104564}, {""score"": ""2-1"", ""probability"": 0.095194}, {""score"": ""2-0"", ""probability"": 0.086312}, {""score"": ""0-1"", ""probability"": 0.070413}, {""score"": ""0-0"", ""probability"": 0.066915}, {""score"": ""1-2"", ""probability"": 0.064575}, {""score"": ""2-2"", ""probability"": 0.052495}, {""score"": ""3-1"", ""probability"": 0.05159}, {""score"": ""3-0"", ""probability"": 0.046777}]",,0.5383,0.4617,Yes,2.5,0.5134,0.4866,False,Over 2.5,-0.5,0.4937,0.5063,False,Levante UD +0.5,False,False,False,False,False,False,,,,,,,,0.4703,0.5297,0.2,weekly_update_20260922T102609Z_b8bb7f8f,2026-08-18.phase1,0.1.0-phase1,0.1.0-phase1,2026-09-22T10:26:09+00:00
LALIGA2627_MW35_342_AthleticClub_MálagaCF,2026-27,35,2027-05-09,2027-05-09T00:00:00+00:00,Athletic Club,Málaga CF,Estadio San Mamés,scheduled,early_week_mode,,,,1.765,0.341,,,1-0,,home_win,,0.6418,0.2271,0.1311,Athletic Club,0.7271,0.2089,0.064,,,,"[{""score"": ""1-0"", ""probability"": 0.213804}, {""score"": ""2-0"", ""probability"": 0.189547}, {""score"": ""0-0"", ""probability"": 0.122732}, {""score"": ""3-0"", ""probability"": 0.111502}, {""score"": ""1-1"", ""probability"": 0.074332}, {""score"": ""2-1"", ""probability"": 0.064699}, {""score"": ""4-0"", ""probability"": 0.049193}, {""score"": ""0-1"", ""probability"": 0.04054}, {""score"": ""3-1"", ""probability"": 0.03806}, {""score"": ""5-0"", ""probability"": 0.017363}]",,0.2407,0.7593,No,2.5,0.352,0.648,False,Under 2.5,-1.25,0.5131,0.4869,False,Athletic Club -1.25,False,False,False,False,False,False,,,,,,,,0.6418,0.3582,0.2,weekly_update_20260922T102609Z_b8bb7f8f,2026-08-18.phase1,0.1.0-phase1,0.1.0-phase1,2026-09-22T10:26:09+00:00
LALIGA2627_MW35_343_RealBetis_RCDEspanyoldeBarcelona,2026-27,35,2027-05-09,2027-05-09T00:00:00+00:00,Real Betis,RCD Espanyol de Barcelona,Estadio La Cartuja,scheduled,early_week_mode,,,,1.804,0.89,,,1-0,,home_win,,0.5715,0.255,0.1735,Real Betis,0.5878,0.2314,0.1807,,,,"[{""score"": ""1-0"", ""probability"": 0.120524}, {""score"": ""1-1"", ""probability"": 0.110081}, {""score"": ""2-0"", ""probability"": 0.11003}, {""score"": ""2-1"", ""probability"": 0.097919}, {""score"": ""0-0"", ""probability"": 0.06915}, {""score"": ""3-0"", ""probability"": 0.066146}, {""score"": ""3-1"", ""probability"": 0.058865}, {""score"": ""0-1"", ""probability"": 0.058715}, {""score"": ""1-2"", ""probability"": 0.048317}, {""score"": ""2-2"", ""probability"": 0.04357}]",,0.4937,0.5063,No,2.5,0.5047,0.4953,False,Over 2.5,-0.75,0.5257,0.4743,False,Real Betis -0.75,False,False,False,False,False,False,,,,,,,,0.5715,0.4285,0.2,weekly_update_20260922T102609Z_b8bb7f8f,2026-08-18.phase1,0.1.0-phase1,0.1.0-phase1,2026-09-22T10:26:09+00:00
LALIGA2627_MW35_344_GetafeCF_ElcheCF,2026-27,35,2027-05-09,2027-05-09T00:00:00+00:00,Getafe CF,Elche CF,Coliseum,scheduled,early_week_mode,,,,1.118,0.881,,,1-0,,home_win,,0.4744,0.3127,0.2128,Getafe CF,0.4072,0.3092,0.2835,,,,"[{""score"": ""1-0"", ""probability"": 0.149582}, {""score"": ""0-0"", ""probability"": 0.137273}, {""score"": ""1-1"", ""probability"": 0.135274}, {""score"": ""0-1"", ""probability"": 0.117518}, {""score"": ""2-0"", ""probability"": 0.084643}, {""score"": ""2-1"", ""probability"": 0.074592}, {""score"": ""1-2"", ""probability"": 0.058796}, {""score"": ""0-2"", ""probability"": 0.052591}, {""score"": ""2-2"", ""probability"": 0.032867}, {""score"": ""3-0"", ""probability"": 0.031544}]",,0.3961,0.6039,No,2.5,0.3231,0.6769,False,Under 2.5,-0.25,0.4845,0.5155,False,Elche CF +0.25,False,False,False,False,False,False,,,,,,,,0.4744,0.5256,0.2,weekly_update_20260922T102609Z_b8bb7f8f,2026-08-18.phase1,0.1.0-phase1,0.1.0-phase1,2026-09-22T10:26:09+00:00
LALIGA2627_MW35_345_CAOsasuna_RealSociedad,2026-27,35,2027-05-09,2027-05-09T00:00:00+00:00,CA Osasuna,Real Sociedad,Estadio El Sadar,scheduled,early_week_mode,,,,1.459,1.284,,,1-1,,draw,,0.3315,0.3091,0.3595,Real Sociedad,0.4108,0.258,0.3311,,,,"[{""score"": ""1-1"", ""probability"": 0.12226}, {""score"": ""1-0"", ""probability"": 0.092237}, {""score"": ""2-1"", ""probability"": 0.087967}, {""score"": ""0-1"", ""probability"": 0.081011}, {""score"": ""1-2"", ""probability"": 0.07745}, {""score"": ""2-0"", ""probability"": 0.068489}, {""score"": ""0-0"", ""probability"": 0.066024}, {""score"": ""2-2"", ""probability"": 0.056493}, {""score"": ""0-2"", ""probability"": 0.053091}, {""score"": ""3-1"", ""probability"": 0.042776}]",,0.5567,0.4433,Yes,2.5,0.5169,0.4831,False,Over 2.5,-0.25,0.4753,0.5247,False,Real Sociedad +0.25,False,False,False,False,False,False,,,,,,,,0.3595,0.6405,0.2,weekly_update_20260922T102609Z_b8bb7f8f,2026-08-18.phase1,0.1.0-phase1,0.1.0-phase1,2026-09-22T10:26:09+00:00
LALIGA2627_MW35_346_R.RacingClub_SevillaFC,2026-27,35,2027-05-09,2027-05-09T00:00:00+00:00,R. Racing Club,Sevilla FC,El Sardinero,scheduled,early_week_mode,,,,1.789,2.34,,,1-2,,away_win,,0.3389,0.2596,0.4015,Sevilla FC,0.2969,0.1991,0.504,,,,"[{""score"": ""1-2"", ""probability"": 0.078921}, {""score"": ""2-2"", ""probability"": 0.07059}, {""score"": ""1-1"", ""probability"": 0.068382}, {""score"": ""1-3"", ""probability"": 0.061559}, {""score"": ""2-1"", ""probability"": 0.060333}, {""score"": ""2-3"", ""probability"": 0.05506}, {""score"": ""0-2"", ""probability"": 0.044118}, {""score"": ""3-2"", ""probability"": 0.042092}, {""score"": ""0-1"", ""probability"": 0.03678}, {""score"": ""1-4"", ""probability"": 0.036012}]",,0.7535,0.2465,Yes,2.5,0.78,0.22,False,Over 2.5,0.5,0.496,0.504,False,Sevilla FC -0.5,False,False,False,False,False,False,,,,,,,,0.4015,0.5985,0.2,weekly_update_20260922T102609Z_b8bb7f8f,2026-08-18.phase1,0.1.0-phase1,0.1.0-phase1,2026-09-22T10:26:09+00:00
LALIGA2627_MW35_347_RayoVallecano_RCDeportivo,2026-27,35,2027-05-09,2027-05-09T00:00:00+00:00,Rayo Vallecano,RC Deportivo,Estadio de Vallecas,scheduled,early_week_mode,,,,1.453,0.999,,,1-1,,draw,,0.5276,0.2733,0.199,Rayo Vallecano,0.4742,0.268,0.2579,,,,"[{""score"": ""1-1"", ""probability"": 0.126732}, {""score"": ""1-0"", ""probability"": 0.123443}, {""score"": ""2-0"", ""probability"": 0.09093}, {""score"": ""2-1"", ""probability"": 0.090821}, {""score"": ""0-0"", ""probability"": 0.087862}, {""score"": ""0-1"", ""probability"": 0.084318}, {""score"": ""1-2"", ""probability"": 0.062431}, {""score"": ""2-2"", ""probability"": 0.045356}, {""score"": ""3-0"", ""probability"": 0.04404}, {""score"": ""3-1"", ""probability"": 0.043987}]",,0.4857,0.5143,No,2.5,0.4437,0.5563,False,Under 2.5,-0.5,0.4742,0.5258,False,RC Deportivo +0.5,False,False,False,False,False,False,,,,,,,,0.5276,0.4724,0.2,weekly_update_20260922T102609Z_b8bb7f8f,2026-08-18.phase1,0.1.0-phase1,0.1.0-phase1,2026-09-22T10:26:09+00:00
LALIGA2627_MW35_348_RealMadrid_FCBarcelona,2026-27,35,2027-05-09,2027-05-09T00:00:00+00:00,Real Madrid,FC Barcelona,Bernabéu,scheduled,early_week_mode,,,,1.809,1.659,,,1-1,,draw,,0.359,0.2835,0.3574,Real Madrid,0.418,0.2259,0.3561,,,,"[{""score"": ""1-1"", ""probability"": 0.094879}, {""score"": ""2-1"", ""probability"": 0.084665}, {""score"": ""1-2"", ""probability"": 0.077618}, {""score"": ""2-2"", ""probability"": 0.070216}, {""score"": ""1-0"", ""probability"": 0.055138}, {""score"": ""3-1"", ""probability"": 0.05106}, {""score"": ""2-0"", ""probability"": 0.051044}, {""score"": ""0-1"", ""probability"": 0.050441}, {""score"": ""1-3"", ""probability"": 0.042915}, {""score"": ""0-2"", ""probability"": 0.042901}]",,0.6783,0.3217,Yes,2.5,0.6731,0.3269,False,Over 2.5,-0.25,0.4745,0.5255,False,FC Barcelona +0.25,False,False,False,False,False,False,,,,,,,,0.359,0.641,0.2,weekly_update_20260922T102609Z_b8bb7f8f,2026-08-18.phase1,0.1.0-phase1,0.1.0-phase1,2026-09-22T10:26:09+00:00
LALIGA2627_MW35_349_ValenciaCF_AtléticodeMadrid,2026-27,35,2027-05-09,2027-05-09T00:00:00+00:00,Valencia CF,Atlético de Madrid,Camp de Mestalla,scheduled,early_week_mode,,,,1.051,1.599,,,1-1,,draw,,0.2319,0.2988,0.4693,Atlético de Madrid,0.2478,0.2529,0.4993,,,,"[{""score"": ""1-1"", ""probability"": 0.120387}, {""score"": ""0-1"", ""probability"": 0.11139}, {""score"": ""1-2"", ""probability"": 0.094926}, {""score"": ""0-2"", ""probability"": 0.090347}, {""score"": ""1-0"", ""probability"": 0.072646}, {""score"": ""0-0"", ""probability"": 0.072331}, {""score"": ""2-1"", ""probability"": 0.062386}, {""score"": ""1-3"", ""probability"": 0.050587}, {""score"": ""2-2"", ""probability"": 0.049869}, {""score"": ""0-3"", ""probability"": 0.048146}]",,0.5205,0.4795,Yes,2.5,0.4939,0.5061,False,Under 2.5,0.5,0.5007,0.4993,False,Valencia CF +0.5,False,False,False,False,False,False,,,,,,,,0.4693,0.5307,0.2,weekly_update_20260922T102609Z_b8bb7f8f,2026-08-18.phase1,0.1.0-phase1,0.1.0-phase1,2026-09-22T10:26:09+00:00
LALIGA2627_MW35_350_VillarrealCF_CeltaVigo,2026-27,35,2027-05-09,2027-05-09T00:00:00+00:00,Villarreal CF,Celta Vigo,Estadio de la Cerámica,scheduled,early_week_mode,,,,2.025,1.173,,,1-1,,draw,,0.5589,0.2481,0.193,Villarreal CF,0.569,0.2159,0.215,,,,"[{""score"": ""1-1"", ""probability"": 0.098396}, {""score"": ""2-1"", ""probability"": 0.098254}, {""score"": ""2-0"", ""probability"": 0.083749}, {""score"": ""1-0"", ""probability"": 0.081397}, {""score"": ""3-1"", ""probability"": 0.066308}, {""score"": ""2-2"", ""probability"": 0.057635}, {""score"": ""1-2"", ""probability"": 0.056935}, {""score"": ""3-0"", ""probability"": 0.056519}, {""score"": ""0-1"", ""probability"": 0.046605}, {""score"": ""0-0"", ""probability"": 0.042199}]",,0.6007,0.3993,Yes,2.5,0.6195,0.3805,False,Over 2.5,-0.75,0.5122,0.4878,False,Villarreal CF -0.75,False,False,False,False,False,False,,,,,,,,0.5589,0.4411,0.2,weekly_update_20260922T102609Z_b8bb7f8f,2026-08-18.phase1,0.1.0-phase1,0.1.0-phase1,2026-09-22T10:26:09+00:00
LALIGA2627_MW36_351_AtléticodeMadrid_RayoVallecano,2026-27,36,2027-05-16,2027-05-16T00:00:00+00:00,Atlético de Madrid,Rayo Vallecano,Riyadh Air Metropolitano,scheduled,early_week_mode,,,,1.979,0.791,,,2-0,,home_win,,0.678,0.195,0.127,Atlético de Madrid,0.651,0.2093,0.1398,,,,"[{""score"": ""2-0"", ""probability"": 0.122788}, {""score"": ""1-0"", ""probability"": 0.12276}, {""score"": ""1-1"", ""probability"": 0.099465}, {""score"": ""2-1"", ""probability"": 0.09707}, {""score"": ""3-0"", ""probability"": 0.080986}, {""score"": ""0-0"", ""probability"": 0.064073}, {""score"": ""3-1"", ""probability"": 0.064024}, {""score"": ""0-1"", ""probability"": 0.048236}, {""score"": ""4-0"", ""probability"": 0.040062}, {""score"": ""1-2"", ""probability"": 0.038783}]",,0.4722,0.5278,No,2.5,0.5231,0.4769,False,Over 2.5,-1.0,0.5266,0.4734,False,Atlético de Madrid -1,False,False,False,False,False,False,,,,,,,,0.678,0.322,0.2,weekly_update_20260922T102609Z_b8bb7f8f,2026-08-18.phase1,0.1.0-phase1,0.1.0-phase1,2026-09-22T10:26:09+00:00
LALIGA2627_MW36_352_RCDeportivo_DeportivoAlavés,2026-27,36,2027-05-16,2027-05-16T00:00:00+00:00,RC Deportivo,Deportivo Alavés,Estadio ABANCA-RIAZOR,scheduled,early_week_mode,,,,1.354,1.116,,,1-1,,draw,,0.4493,0.3009,0.2498,RC Deportivo,0.4204,0.2731,0.3065,,,,"[{""score"": ""1-1"", ""probability"": 0.129578}, {""score"": ""1-0"", ""probability"": 0.112807}, {""score"": ""0-1"", ""probability"": 0.092644}, {""score"": ""2-1"", ""probability"": 0.086533}, {""score"": ""0-0"", ""probability"": 0.086373}, {""score"": ""2-0"", ""probability"": 0.07756}, {""score"": ""1-2"", ""probability"": 0.071304}, {""score"": ""0-2"", ""probability"": 0.052662}, {""score"": ""2-2"", ""probability"": 0.048272}, {""score"": ""3-1"", ""probability"": 0.039055}]",,0.5005,0.4995,Yes,2.5,0.4484,0.5516,False,Under 2.5,-0.25,0.4887,0.5113,False,Deportivo Alavés +0.25,False,False,False,False,False,False,,,,,,,,0.4493,0.5507,0.2,weekly_update_20260922T102609Z_b8bb7f8f,2026-08-18.phase1,0.1.0-phase1,0.1.0-phase1,2026-09-22T10:26:09+00:00
LALIGA2627_MW36_353_ElcheCF_AthleticClub,2026-27,36,2027-05-16,2027-05-16T00:00:00+00:00,Elche CF,Athletic Club,Estadio Martínez Valero,scheduled,early_week_mode,,,,1.388,1.284,,,1-1,,draw,,0.3224,0.3147,0.3629,Athletic Club,0.3927,0.2628,0.3445,,,,"[{""score"": ""1-1"", ""probability"": 0.124898}, {""score"": ""1-0"", ""probability"": 0.094293}, {""score"": ""0-1"", ""probability"": 0.087092}, {""score"": ""2-1"", ""probability"": 0.08548}, {""score"": ""1-2"", ""probability"": 0.079067}, {""score"": ""0-0"", ""probability"": 0.07087}, {""score"": ""2-0"", ""probability"": 0.066598}, {""score"": ""0-2"", ""probability"": 0.05698}, {""score"": ""2-2"", ""probability"": 0.054857}, {""score"": ""3-1"", ""probability"": 0.039538}]",,0.5441,0.4559,Yes,2.5,0.4993,0.5007,False,Under 2.5,0.0,0.5241,0.4759,False,Elche CF (pick'em),False,False,False,False,False,False,,,,,,,,0.3629,0.6371,0.2,weekly_update_20260922T102609Z_b8bb7f8f,2026-08-18.phase1,0.1.0-phase1,0.1.0-phase1,2026-09-22T10:26:09+00:00
LALIGA2627_MW36_354_RCDEspanyoldeBarcelona_ValenciaCF,2026-27,36,2027-05-16,2027-05-16T00:00:00+00:00,RCD Espanyol de Barcelona,Valencia CF,RCDE Stadium,scheduled,early_week_mode,,,,1.404,1.012,,,1-1,,draw,,0.3835,0.3091,0.3074,RCD Espanyol de Barcelona,0.4579,0.2725,0.2696,,,,"[{""score"": ""1-1"", ""probability"": 0.128605}, {""score"": ""1-0"", ""probability"": 0.123638}, {""score"": ""0-0"", ""probability"": 0.091062}, {""score"": ""2-1"", ""probability"": 0.089044}, {""score"": ""0-1"", ""probability"": 0.088623}, {""score"": ""2-0"", ""probability"": 0.088008}, {""score"": ""1-2"", ""probability"": 0.064177}, {""score"": ""0-2"", ""probability"": 0.045716}, {""score"": ""2-2"", ""probability"": 0.045046}, {""score"": ""3-1"", ""probability"": 0.041667}]",,0.4818,0.5182,No,2.5,0.4343,0.5657,False,Under 2.5,-0.25,0.5261,0.4739,False,RCD Espanyol de Barcelona -0.25,False,False,False,False,False,False,,,,,,,,0.3835,0.6165,0.2,weekly_update_20260922T102609Z_b8bb7f8f,2026-08-18.phase1,0.1.0-phase1,0.1.0-phase1,2026-09-22T10:26:09+00:00
LALIGA2627_MW36_355_LevanteUD_GetafeCF,2026-27,36,2027-05-16,2027-05-16T00:00:00+00:00,Levante UD,Getafe CF,Estadio Ciutat de València,scheduled,early_week_mode,,,,1.16,0.821,,,1-0,,home_win,,0.3783,0.3255,0.2962,Levante UD,0.435,0.3077,0.2573,,,,"[{""score"": ""1-0"", ""probability"": 0.158263}, {""score"": ""0-0"", ""probability"": 0.139768}, {""score"": ""1-1"", ""probability"": 0.13315}, {""score"": ""0-1"", ""probability"": 0.111394}, {""score"": ""2-0"", ""probability"": 0.092862}, {""score"": ""2-1"", ""probability"": 0.076196}, {""score"": ""1-2"", ""probability"": 0.053885}, {""score"": ""0-2"", ""probability"": 0.046442}, {""score"": ""3-0"", ""probability"": 0.035914}, {""score"": ""2-2"", ""probability"": 0.03126}]",,0.3862,0.6138,No,2.5,0.3181,0.6819,False,Under 2.5,-0.25,0.5119,0.4881,False,Levante UD -0.25,False,False,False,False,False,False,,,,,,,,0.3783,0.6217,0.2,weekly_update_20260922T102609Z_b8bb7f8f,2026-08-18.phase1,0.1.0-phase1,0.1.0-phase1,2026-09-22T10:26:09+00:00
LALIGA2627_MW36_356_MálagaCF_CeltaVigo,2026-27,36,2027-05-16,2027-05-16T00:00:00+00:00,Málaga CF,Celta Vigo,La Rosaleda,scheduled,early_week_mode,,,,0.492,1.428,,,0-1,,away_win,,0.3325,0.3247,0.3428,Celta Vigo,0.1254,0.2721,0.6025,,,,"[{""score"": ""0-1"", ""probability"": 0.207962}, {""score"": ""0-2"", ""probability"": 0.149474}, {""score"": ""0-0"", ""probability"": 0.148064}, {""score"": ""1-1"", ""probability"": 0.104425}, {""score"": ""1-2"", ""probability"": 0.073536}, {""score"": ""0-3"", ""probability"": 0.071139}, {""score"": ""1-0"", ""probability"": 0.070728}, {""score"": ""1-3"", ""probability"": 0.034998}, {""score"": ""0-4"", ""probability"": 0.025393}, {""score"": ""2-1"", ""probability"": 0.025338}]",,0.2968,0.7032,No,2.5,0.3016,0.6984,False,Under 2.5,0.75,0.4701,0.5299,False,Celta Vigo -0.75,False,False,False,False,False,False,,,,,,,,0.3428,0.6572,0.2,weekly_update_20260922T102609Z_b8bb7f8f,2026-08-18.phase1,0.1.0-phase1,0.1.0-phase1,2026-09-22T10:26:09+00:00
LALIGA2627_MW36_357_CAOsasuna_RealBetis,2026-27,36,2027-05-16,2027-05-16T00:00:00+00:00,CA Osasuna,Real Betis,Estadio El Sadar,scheduled,early_week_mode,,,,1.184,1.364,,,1-1,,draw,,0.2823,0.3088,0.4089,Real Betis,0.3228,0.2692,0.408,,,,"[{""score"": ""1-1"", ""probability"": 0.128088}, {""score"": ""0-1"", ""probability"": 0.105003}, {""score"": ""1-0"", ""probability"": 0.09087}, {""score"": ""1-2"", ""probability"": 0.086192}, {""score"": ""0-0"", ""probability"": 0.079975}, {""score"": ""2-1"", ""probability"": 0.074779}, {""score"": ""0-2"", ""probability"": 0.072816}, {""score"": ""2-0"", ""probability"": 0.05481}, {""score"": ""2-2"", ""probability"": 0.051012}, {""score"": ""1-3"", ""probability"": 0.039198}]",,0.5183,0.4817,Yes,2.5,0.4684,0.5316,False,Under 2.5,0.25,0.5247,0.4753,False,CA Osasuna +0.25,False,False,False,False,False,False,,,,,,,,0.4089,0.5911,0.2,weekly_update_20260922T102609Z_b8bb7f8f,2026-08-18.phase1,0.1.0-phase1,0.1.0-phase1,2026-09-22T10:26:09+00:00
LALIGA2627_MW36_358_RealMadrid_R.RacingClub,2026-27,36,2027-05-16,2027-05-16T00:00:00+00:00,Real Madrid,R. Racing Club,Bernabéu,scheduled,early_week_mode,,,,5.378,0.919,,,5-0,,home_win,,0.8516,0.0823,0.0661,Real Madrid,0.949,0.0343,0.0167,,,,"[{""score"": ""5-0"", ""probability"": 0.076315}, {""score"": ""4-0"", ""probability"": 0.070952}, {""score"": ""5-1"", ""probability"": 0.070167}, {""score"": ""6-0"", ""probability"": 0.068403}, {""score"": ""4-1"", ""probability"": 0.065236}, {""score"": ""6-1"", ""probability"": 0.062892}, {""score"": ""3-0"", ""probability"": 0.052772}, {""score"": ""7-0"", ""probability"": 0.052552}, {""score"": ""3-1"", ""probability"": 0.048521}, {""score"": ""7-1"", ""probability"": 0.048319}]",,0.5983,0.4017,Yes,2.5,0.9448,0.0552,False,Over 2.5,-4.0,0.507,0.493,False,Real Madrid -4,False,False,False,False,False,False,,,,,,,,0.8516,0.1484,0.2,weekly_update_20260922T102609Z_b8bb7f8f,2026-08-18.phase1,0.1.0-phase1,0.1.0-phase1,2026-09-22T10:26:09+00:00
LALIGA2627_MW36_359_RealSociedad_FCBarcelona,2026-27,36,2027-05-16,2027-05-16T00:00:00+00:00,Real Sociedad,FC Barcelona,Anoeta,scheduled,early_week_mode,,,,1.206,2.506,,,1-2,,away_win,,0.1503,0.2282,0.6215,FC Barcelona,0.1655,0.179,0.6555,,,,"[{""score"": ""1-2"", ""probability"": 0.09261}, {""score"": ""1-3"", ""probability"": 0.077362}, {""score"": ""0-2"", ""probability"": 0.076774}, {""score"": ""1-1"", ""probability"": 0.074926}, {""score"": ""0-3"", ""probability"": 0.064134}, {""score"": ""0-1"", ""probability"": 0.060253}, {""score"": ""2-2"", ""probability"": 0.055856}, {""score"": ""1-4"", ""probability"": 0.048469}, {""score"": ""2-3"", ""probability"": 0.04666}, {""score"": ""2-1"", ""probability"": 0.044577}]",,0.6445,0.3555,Yes,2.5,0.7163,0.2837,False,Over 2.5,1.25,0.5045,0.4955,False,Real Sociedad +1.25,False,False,False,False,False,False,,,,,,,,0.6215,0.3785,0.2,weekly_update_20260922T102609Z_b8bb7f8f,2026-08-18.phase1,0.1.0-phase1,0.1.0-phase1,2026-09-22T10:26:09+00:00
LALIGA2627_MW36_360_SevillaFC_VillarrealCF,2026-27,36,2027-05-16,2027-05-16T00:00:00+00:00,Sevilla FC,Villarreal CF,Ramón Sánchez-Pizjuán,scheduled,early_week_mode,,,,1.448,1.666,,,1-1,,draw,,0.3156,0.3028,0.3816,Villarreal CF,0.3333,0.2394,0.4273,,,,"[{""score"": ""1-1"", ""probability"": 0.10865}, {""score"": ""1-2"", ""probability"": 0.089274}, {""score"": ""2-1"", ""probability"": 0.077595}, {""score"": ""0-1"", ""probability"": 0.072541}, {""score"": ""2-2"", ""probability"": 0.064635}, {""score"": ""1-0"", ""probability"": 0.062858}, {""score"": ""0-2"", ""probability"": 0.061653}, {""score"": ""1-3"", ""probability"": 0.049575}, {""score"": ""2-0"", ""probability"": 0.046577}, {""score"": ""0-0"", ""probability"": 0.045903}]",,0.6218,0.3782,Yes,2.5,0.6018,0.3982,False,Over 2.5,0.25,0.5128,0.4872,False,Sevilla FC +0.25,False,False,False,False,False,False,,,,,,,,0.3816,0.6184,0.2,weekly_update_20260922T102609Z_b8bb7f8f,2026-08-18.phase1,0.1.0-phase1,0.1.0-phase1,2026-09-22T10:26:09+00:00
LALIGA2627_MW37_361_DeportivoAlavés_RealMadrid,2026-27,37,2027-05-23,2027-05-23T00:00:00+00:00,Deportivo Alavés,Real Madrid,Mendizorroza,scheduled,early_week_mode,,,,0.99,1.754,,,1-1,,draw,,0.1665,0.2461,0.5874,Real Madrid,0.2104,0.238,0.5516,,,,"[{""score"": ""1-1"", ""probability"": 0.11324}, {""score"": ""0-1"", ""probability"": 0.111316}, {""score"": ""0-2"", ""probability"": 0.098953}, {""score"": ""1-2"", ""probability"": 0.097944}, {""score"": ""0-0"", ""probability"": 0.06589}, {""score"": ""1-0"", ""probability"": 0.06216}, {""score"": ""0-3"", ""probability"": 0.057843}, {""score"": ""1-3"", ""probability"": 0.057253}, {""score"": ""2-1"", ""probability"": 0.055282}, {""score"": ""2-2"", ""probability"": 0.048473}]",,0.5211,0.4789,Yes,2.5,0.5169,0.4831,False,Over 2.5,0.75,0.5089,0.4911,False,Deportivo Alavés +0.75,False,False,False,False,False,False,,,,,,,,0.5874,0.4126,0.2,weekly_update_20260922T102609Z_b8bb7f8f,2026-08-18.phase1,0.1.0-phase1,0.1.0-phase1,2026-09-22T10:26:09+00:00
LALIGA2627_MW37_362_AtléticodeMadrid_AthleticClub,2026-27,37,2027-05-23,2027-05-23T00:00:00+00:00,Atlético de Madrid,Athletic Club,Riyadh Air Metropolitano,scheduled,early_week_mode,,,,1.825,0.856,,,1-0,,home_win,,0.6212,0.238,0.1409,Atlético de Madrid,0.601,0.2283,0.1706,,,,"[{""score"": ""1-0"", ""probability"": 0.123507}, {""score"": ""2-0"", ""probability"": 0.11402}, {""score"": ""1-1"", ""probability"": 0.108515}, {""score"": ""2-1"", ""probability"": 0.097656}, {""score"": ""0-0"", ""probability"": 0.06997}, {""score"": ""3-0"", ""probability"": 0.069347}, {""score"": ""3-1"", ""probability"": 0.059395}, {""score"": ""0-1"", ""probability"": 0.057193}, {""score"": ""1-2"", ""probability"": 0.04584}, {""score"": ""2-2"", ""probability"": 0.04182}]",,0.484,0.516,No,2.5,0.5017,0.4983,False,Over 2.5,-1.0,0.476,0.524,False,Athletic Club +1,False,False,False,False,False,False,,,,,,,,0.6212,0.3788,0.2,weekly_update_20260922T102609Z_b8bb7f8f,2026-08-18.phase1,0.1.0-phase1,0.1.0-phase1,2026-09-22T10:26:09+00:00
LALIGA2627_MW37_363_CeltaVigo_RealSociedad,2026-27,37,2027-05-23,2027-05-23T00:00:00+00:00,Celta Vigo,Real Sociedad,Estadio ABANCA Balaídos,scheduled,early_week_mode,,,,1.707,1.146,,,1-1,,draw,,0.4497,0.2894,0.2609,Celta Vigo,0.5033,0.2424,0.2543,,,,"[{""score"": ""1-1"", ""probability"": 0.114368}, {""score"": ""1-0"", ""probability"": 0.096866}, {""score"": ""2-1"", ""probability"": 0.096295}, {""score"": ""2-0"", ""probability"": 0.084006}, {""score"": ""1-2"", ""probability"": 0.06466}, {""score"": ""0-1"", ""probability"": 0.064533}, {""score"": ""0-0"", ""probability"": 0.059203}, {""score"": ""2-2"", ""probability"": 0.055192}, {""score"": ""3-1"", ""probability"": 0.054796}, {""score"": ""3-0"", ""probability"": 0.047803}]",,0.56,0.44,Yes,2.5,0.5431,0.4569,False,Over 2.5,-0.5,0.5033,0.4967,False,Celta Vigo -0.5,False,False,False,False,False,False,,,,,,,,0.4497,0.5503,0.2,weekly_update_20260922T102609Z_b8bb7f8f,2026-08-18.phase1,0.1.0-phase1,0.1.0-phase1,2026-09-22T10:26:09+00:00
LALIGA2627_MW37_364_RCDeportivo_RCDEspanyoldeBarcelona,2026-27,37,2027-05-23,2027-05-23T00:00:00+00:00,RC Deportivo,RCD Espanyol de Barcelona,Estadio ABANCA-RIAZOR,scheduled,early_week_mode,,,,1.461,1.101,,,1-1,,draw,,0.473,0.2901,0.2369,RC Deportivo,0.4523,0.2644,0.2832,,,,"[{""score"": ""1-1"", ""probability"": 0.125797}, {""score"": ""1-0"", ""probability"": 0.111017}, {""score"": ""2-1"", ""probability"": 0.090673}, {""score"": ""0-1"", ""probability"": 0.083203}, {""score"": ""2-0"", ""probability"": 0.082368}, {""score"": ""0-0"", ""probability"": 0.078841}, {""score"": ""1-2"", ""probability"": 0.068301}, {""score"": ""2-2"", ""probability"": 0.049908}, {""score"": ""0-2"", ""probability"": 0.046736}, {""score"": ""3-1"", ""probability"": 0.044171}]",,0.5143,0.4857,Yes,2.5,0.472,0.528,False,Under 2.5,-0.25,0.5184,0.4816,False,RC Deportivo -0.25,False,False,False,False,False,False,,,,,,,,0.473,0.527,0.2,weekly_update_20260922T102609Z_b8bb7f8f,2026-08-18.phase1,0.1.0-phase1,0.1.0-phase1,2026-09-22T10:26:09+00:00
LALIGA2627_MW37_365_FCBarcelona_MálagaCF,2026-27,37,2027-05-23,2027-05-23T00:00:00+00:00,FC Barcelona,Málaga CF,Spotify Camp Nou,scheduled,early_week_mode,,,,3.794,0.286,,,3-0,,home_win,,0.847,0.0978,0.0553,FC Barcelona,0.949,0.0421,0.0089,,,,"[{""score"": ""3-0"", ""probability"": 0.156372}, {""score"": ""4-0"", ""probability"": 0.148312}, {""score"": ""2-0"", ""probability"": 0.123653}, {""score"": ""5-0"", ""probability"": 0.112534}, {""score"": ""6-0"", ""probability"": 0.071156}, {""score"": ""1-0"", ""probability"": 0.06493}, {""score"": ""3-1"", ""probability"": 0.044725}, {""score"": ""4-1"", ""probability"": 0.04242}, {""score"": ""7-0"", ""probability"": 0.038565}, {""score"": ""2-1"", ""probability"": 0.035367}]",,0.2433,0.7567,No,2.5,0.7697,0.2303,False,Over 2.5,-3.25,0.514,0.486,False,FC Barcelona -3.25,False,False,False,False,False,False,,,,,,,,0.847,0.153,0.2,weekly_update_20260922T102609Z_b8bb7f8f,2026-08-18.phase1,0.1.0-phase1,0.1.0-phase1,2026-09-22T10:26:09+00:00
LALIGA2627_MW37_366_R.RacingClub_LevanteUD,2026-27,37,2027-05-23,2027-05-23T00:00:00+00:00,R. Racing Club,Levante UD,El Sardinero,scheduled,early_week_mode,,,,2.032,2.514,,,2-2,,draw,,0.4247,0.2633,0.312,R. Racing Club,0.318,0.1906,0.4914,,,,"[{""score"": ""2-2"", ""probability"": 0.069318}, {""score"": ""1-2"", ""probability"": 0.068231}, {""score"": ""2-3"", ""probability"": 0.058089}, {""score"": ""1-3"", ""probability"": 0.057178}, {""score"": ""2-1"", ""probability"": 0.055145}, {""score"": ""1-1"", ""probability"": 0.055027}, {""score"": ""3-2"", ""probability"": 0.046948}, {""score"": ""3-3"", ""probability"": 0.039343}, {""score"": ""3-1"", ""probability"": 0.037349}, {""score"": ""2-4"", ""probability"": 0.036509}]",,0.7992,0.2008,Yes,2.5,0.8313,0.1687,False,Over 2.5,0.5,0.5086,0.4914,False,R. Racing Club +0.5,False,False,False,False,False,False,,,,,,,,0.4247,0.5753,0.2,weekly_update_20260922T102609Z_b8bb7f8f,2026-08-18.phase1,0.1.0-phase1,0.1.0-phase1,2026-09-22T10:26:09+00:00
LALIGA2627_MW37_367_RayoVallecano_RealBetis,2026-27,37,2027-05-23,2027-05-23T00:00:00+00:00,Rayo Vallecano,Real Betis,Estadio de Vallecas,scheduled,early_week_mode,,,,1.175,1.233,,,1-1,,draw,,0.3255,0.3143,0.3603,Real Betis,0.3462,0.2796,0.3743,,,,"[{""score"": ""1-1"", ""probability"": 0.132196}, {""score"": ""0-1"", ""probability"": 0.109222}, {""score"": ""1-0"", ""probability"": 0.104001}, {""score"": ""0-0"", ""probability"": 0.091861}, {""score"": ""1-2"", ""probability"": 0.080366}, {""score"": ""2-1"", ""probability"": 0.076586}, {""score"": ""0-2"", ""probability"": 0.068418}, {""score"": ""2-0"", ""probability"": 0.062134}, {""score"": ""2-2"", ""probability"": 0.0472}, {""score"": ""1-3"", ""probability"": 0.033019}]",,0.4914,0.5086,No,2.5,0.4322,0.5678,False,Under 2.5,0.0,0.486,0.514,False,Real Betis (pick'em),False,False,False,False,False,False,,,,,,,,0.3603,0.6397,0.2,weekly_update_20260922T102609Z_b8bb7f8f,2026-08-18.phase1,0.1.0-phase1,0.1.0-phase1,2026-09-22T10:26:09+00:00
LALIGA2627_MW37_368_SevillaFC_GetafeCF,2026-27,37,2027-05-23,2027-05-23T00:00:00+00:00,Sevilla FC,Getafe CF,Ramón Sánchez-Pizjuán,scheduled,early_week_mode,,,,1.08,0.722,,,1-0,,home_win,,0.4481,0.3155,0.2364,Sevilla FC,0.4348,0.3245,0.2407,,,,"[{""score"": ""1-0"", ""probability"": 0.176326}, {""score"": ""0-0"", ""probability"": 0.166681}, {""score"": ""1-1"", ""probability"": 0.130427}, {""score"": ""0-1"", ""probability"": 0.117362}, {""score"": ""2-0"", ""probability"": 0.096167}, {""score"": ""2-1"", ""probability"": 0.069471}, {""score"": ""1-2"", ""probability"": 0.046471}, {""score"": ""0-2"", ""probability"": 0.043031}, {""score"": ""3-0"", ""probability"": 0.034619}, {""score"": ""2-2"", ""probability"": 0.025093}]",,0.3415,0.6585,No,2.5,0.27,0.73,False,Under 2.5,-0.25,0.5159,0.4841,False,Sevilla FC -0.25,False,False,False,False,False,False,,,,,,,,0.4481,0.5519,0.2,weekly_update_20260922T102609Z_b8bb7f8f,2026-08-18.phase1,0.1.0-phase1,0.1.0-phase1,2026-09-22T10:26:09+00:00
LALIGA2627_MW37_369_ValenciaCF_ElcheCF,2026-27,37,2027-05-23,2027-05-23T00:00:00+00:00,Valencia CF,Elche CF,Camp de Mestalla,scheduled,early_week_mode,,,,1.575,1.216,,,1-1,,draw,,0.5218,0.2698,0.2084,Valencia CF,0.4551,0.2519,0.293,,,,"[{""score"": ""1-1"", ""probability"": 0.119161}, {""score"": ""1-0"", ""probability"": 0.095061}, {""score"": ""2-1"", ""probability"": 0.09254}, {""score"": ""2-0"", ""probability"": 0.076113}, {""score"": ""0-1"", ""probability"": 0.073035}, {""score"": ""1-2"", ""probability"": 0.071457}, {""score"": ""0-0"", ""probability"": 0.063017}, {""score"": ""2-2"", ""probability"": 0.056256}, {""score"": ""3-1"", ""probability"": 0.04857}, {""score"": ""0-2"", ""probability"": 0.045382}]",,0.5594,0.4406,Yes,2.5,0.5282,0.4718,False,Over 2.5,-0.25,0.518,0.482,False,Valencia CF -0.25,False,False,False,False,False,False,,,,,,,,0.5218,0.4782,0.2,weekly_update_20260922T102609Z_b8bb7f8f,2026-08-18.phase1,0.1.0-phase1,0.1.0-phase1,2026-09-22T10:26:09+00:00
LALIGA2627_MW37_370_VillarrealCF_CAOsasuna,2026-27,37,2027-05-23,2027-05-23T00:00:00+00:00,Villarreal CF,CA Osasuna,Estadio de la Cerámica,scheduled,early_week_mode,,,,2.269,1.003,,,2-1,,home_win,,0.6588,0.2085,0.1327,Villarreal CF,0.6573,0.1902,0.1525,,,,"[{""score"": ""2-1"", ""probability"": 0.097996}, {""score"": ""2-0"", ""probability"": 0.097747}, {""score"": ""1-1"", ""probability"": 0.087585}, {""score"": ""1-0"", ""probability"": 0.084989}, {""score"": ""3-1"", ""probability"": 0.074102}, {""score"": ""3-0"", ""probability"": 0.073914}, {""score"": ""2-2"", ""probability"": 0.049122}, {""score"": ""1-2"", ""probability"": 0.043308}, {""score"": ""4-1"", ""probability"": 0.042025}, {""score"": ""4-0"", ""probability"": 0.041919}]",,0.5687,0.4313,Yes,2.5,0.6345,0.3655,False,Over 2.5,-1.25,0.4863,0.5137,False,CA Osasuna +1.25,False,False,False,False,False,False,,,,,,,,0.6588,0.3412,0.2,weekly_update_20260922T102609Z_b8bb7f8f,2026-08-18.phase1,0.1.0-phase1,0.1.0-phase1,2026-09-22T10:26:09+00:00
LALIGA2627_MW38_371_AthleticClub_RayoVallecano,2026-27,38,2027-05-30,2027-05-30T00:00:00+00:00,Athletic Club,Rayo Vallecano,Estadio San Mamés,scheduled,early_week_mode,,,,1.373,0.868,,,1-0,,home_win,,0.4773,0.2898,0.2329,Athletic Club,0.4846,0.2798,0.2357,,,,"[{""score"": ""1-0"", ""probability"": 0.144235}, {""score"": ""1-1"", ""probability"": 0.128513}, {""score"": ""0-0"", ""probability"": 0.108093}, {""score"": ""2-0"", ""probability"": 0.100188}, {""score"": ""0-1"", ""probability"": 0.090609}, {""score"": ""2-1"", ""probability"": 0.087004}, {""score"": ""1-2"", ""probability"": 0.055043}, {""score"": ""3-0"", ""probability"": 0.045841}, {""score"": ""0-2"", ""probability"": 0.0401}, {""score"": ""3-1"", ""probability"": 0.039808}]",,0.435,0.565,No,2.5,0.3883,0.6117,False,Under 2.5,-0.5,0.4846,0.5154,False,Rayo Vallecano +0.5,False,False,False,False,False,False,,,,,,,,0.4773,0.5227,0.2,weekly_update_20260922T102609Z_b8bb7f8f,2026-08-18.phase1,0.1.0-phase1,0.1.0-phase1,2026-09-22T10:26:09+00:00
LALIGA2627_MW38_372_RealBetis_AtléticodeMadrid,2026-27,38,2027-05-30,2027-05-30T00:00:00+00:00,Real Betis,Atlético de Madrid,Estadio La Cartuja,scheduled,early_week_mode,,,,1.392,1.364,,,1-1,,draw,,0.2981,0.3035,0.3984,Atlético de Madrid,0.3773,0.2584,0.3643,,,,"[{""score"": ""1-1"", ""probability"": 0.12233}, {""score"": ""1-0"", ""probability"": 0.086839}, {""score"": ""0-1"", ""probability"": 0.085023}, {""score"": ""2-1"", ""probability"": 0.083991}, {""score"": ""1-2"", ""probability"": 0.082267}, {""score"": ""0-0"", ""probability"": 0.065233}, {""score"": ""2-0"", ""probability"": 0.061599}, {""score"": ""0-2"", ""probability"": 0.059097}, {""score"": ""2-2"", ""probability"": 0.057261}, {""score"": ""3-1"", ""probability"": 0.038974}]",,0.5609,0.4391,Yes,2.5,0.5199,0.4801,False,Over 2.5,0.0,0.5065,0.4935,False,Real Betis (pick'em),False,False,False,False,False,False,,,,,,,,0.3984,0.6016,0.2,weekly_update_20260922T102609Z_b8bb7f8f,2026-08-18.phase1,0.1.0-phase1,0.1.0-phase1,2026-09-22T10:26:09+00:00
LALIGA2627_MW38_373_ElcheCF_R.RacingClub,2026-27,38,2027-05-30,2027-05-30T00:00:00+00:00,Elche CF,R. Racing Club,Estadio Martínez Valero,scheduled,early_week_mode,,,,3.456,1.53,,,3-1,,home_win,,0.5784,0.207,0.2146,Elche CF,0.7358,0.1325,0.1316,,,,"[{""score"": ""3-1"", ""probability"": 0.0726}, {""score"": ""2-1"", ""probability"": 0.063017}, {""score"": ""4-1"", ""probability"": 0.06273}, {""score"": ""3-2"", ""probability"": 0.055522}, {""score"": ""2-2"", ""probability"": 0.048193}, {""score"": ""4-2"", ""probability"": 0.047974}, {""score"": ""3-0"", ""probability"": 0.047466}, {""score"": ""5-1"", ""probability"": 0.043362}, {""score"": ""2-0"", ""probability"": 0.041201}, {""score"": ""4-0"", ""probability"": 0.041013}]",,0.7589,0.2411,Yes,2.5,0.873,0.127,False,Over 2.5,-1.75,0.516,0.484,False,Elche CF -1.75,False,False,False,False,False,False,,,,,,,,0.5784,0.4216,0.2,weekly_update_20260922T102609Z_b8bb7f8f,2026-08-18.phase1,0.1.0-phase1,0.1.0-phase1,2026-09-22T10:26:09+00:00
LALIGA2627_MW38_374_RCDEspanyoldeBarcelona_DeportivoAlavés,2026-27,38,2027-05-30,2027-05-30T00:00:00+00:00,RCD Espanyol de Barcelona,Deportivo Alavés,RCDE Stadium,scheduled,early_week_mode,,,,1.301,1.058,,,1-1,,draw,,0.4157,0.3124,0.2719,RCD Espanyol de Barcelona,0.4191,0.2804,0.3005,,,,"[{""score"": ""1-1"", ""probability"": 0.131878}, {""score"": ""1-0"", ""probability"": 0.121161}, {""score"": ""0-1"", ""probability"": 0.098181}, {""score"": ""0-0"", ""probability"": 0.096276}, {""score"": ""2-1"", ""probability"": 0.08464}, {""score"": ""2-0"", ""probability"": 0.079996}, {""score"": ""1-2"", ""probability"": 0.06882}, {""score"": ""0-2"", ""probability"": 0.052887}, {""score"": ""2-2"", ""probability"": 0.044777}, {""score"": ""3-1"", ""probability"": 0.036713}]",,0.477,0.523,No,2.5,0.4196,0.5804,False,Under 2.5,-0.25,0.4892,0.5108,False,Deportivo Alavés +0.25,False,False,False,False,False,False,,,,,,,,0.4157,0.5843,0.2,weekly_update_20260922T102609Z_b8bb7f8f,2026-08-18.phase1,0.1.0-phase1,0.1.0-phase1,2026-09-22T10:26:09+00:00
LALIGA2627_MW38_375_GetafeCF_FCBarcelona,2026-27,38,2027-05-30,2027-05-30T00:00:00+00:00,Getafe CF,FC Barcelona,Coliseum,scheduled,early_week_mode,,,,0.687,1.728,,,0-1,,away_win,,0.1418,0.2348,0.6234,FC Barcelona,0.1427,0.2343,0.623,,,,"[{""score"": ""0-1"", ""probability"": 0.153021}, {""score"": ""0-2"", ""probability"": 0.13348}, {""score"": ""1-1"", ""probability"": 0.107539}, {""score"": ""1-2"", ""probability"": 0.091659}, {""score"": ""0-0"", ""probability"": 0.090852}, {""score"": ""0-3"", ""probability"": 0.076889}, {""score"": ""1-0"", ""probability"": 0.059925}, {""score"": ""1-3"", ""probability"": 0.052799}, {""score"": ""2-1"", ""probability"": 0.036422}, {""score"": ""0-4"", ""probability"": 0.033218}]",,0.41,0.59,No,2.5,0.4341,0.5659,False,Under 2.5,1.0,0.5094,0.4906,False,Getafe CF +1,False,False,False,False,False,False,,,,,,,,0.6234,0.3766,0.2,weekly_update_20260922T102609Z_b8bb7f8f,2026-08-18.phase1,0.1.0-phase1,0.1.0-phase1,2026-09-22T10:26:09+00:00
LALIGA2627_MW38_376_LevanteUD_CeltaVigo,2026-27,38,2027-05-30,2027-05-30T00:00:00+00:00,Levante UD,Celta Vigo,Estadio Ciutat de València,scheduled,early_week_mode,,,,1.455,1.379,,,1-1,,draw,,0.3332,0.3005,0.3664,Celta Vigo,0.3899,0.2541,0.356,,,,"[{""score"": ""1-1"", ""probability"": 0.119554}, {""score"": ""2-1"", ""probability"": 0.08578}, {""score"": ""1-0"", ""probability"": 0.083866}, {""score"": ""1-2"", ""probability"": 0.081342}, {""score"": ""0-1"", ""probability"": 0.079443}, {""score"": ""2-0"", ""probability"": 0.062183}, {""score"": ""0-0"", ""probability"": 0.060388}, {""score"": ""2-2"", ""probability"": 0.059166}, {""score"": ""0-2"", ""probability"": 0.055915}, {""score"": ""3-1"", ""probability"": 0.041596}]",,0.5752,0.4248,Yes,2.5,0.5387,0.4613,False,Over 2.5,0.0,0.517,0.483,False,Levante UD (pick'em),False,False,False,False,False,False,,,,,,,,0.3664,0.6336,0.2,weekly_update_20260922T102609Z_b8bb7f8f,2026-08-18.phase1,0.1.0-phase1,0.1.0-phase1,2026-09-22T10:26:09+00:00
LALIGA2627_MW38_377_MálagaCF_SevillaFC,2026-27,38,2027-05-30,2027-05-30T00:00:00+00:00,Málaga CF,Sevilla FC,La Rosaleda,scheduled,early_week_mode,,,,0.545,1.31,,,0-1,,away_win,,0.3203,0.3293,0.3504,Sevilla FC,0.153,0.2928,0.5542,,,,"[{""score"": ""0-1"", ""probability"": 0.203502}, {""score"": ""0-0"", ""probability"": 0.158072}, {""score"": ""0-2"", ""probability"": 0.134285}, {""score"": ""1-1"", ""probability"": 0.113206}, {""score"": ""1-0"", ""probability"": 0.083718}, {""score"": ""1-2"", ""probability"": 0.073136}, {""score"": ""0-3"", ""probability"": 0.058631}, {""score"": ""1-3"", ""probability"": 0.031932}, {""score"": ""2-1"", ""probability"": 0.030409}, {""score"": ""2-0"", ""probability"": 0.023216}]",,0.3082,0.6918,No,2.5,0.284,0.716,False,Under 2.5,0.75,0.5173,0.4827,False,Málaga CF +0.75,False,False,False,False,False,False,,,,,,,,0.3504,0.6496,0.2,weekly_update_20260922T102609Z_b8bb7f8f,2026-08-18.phase1,0.1.0-phase1,0.1.0-phase1,2026-09-22T10:26:09+00:00
LALIGA2627_MW38_378_CAOsasuna_ValenciaCF,2026-27,38,2027-05-30,2027-05-30T00:00:00+00:00,CA Osasuna,Valencia CF,Estadio El Sadar,scheduled,early_week_mode,,,,1.388,1.03,,,1-1,,draw,,0.3517,0.3115,0.3368,CA Osasuna,0.4494,0.2735,0.2772,,,,"[{""score"": ""1-1"", ""probability"": 0.129141}, {""score"": ""1-0"", ""probability"": 0.121955}, {""score"": ""0-0"", ""probability"": 0.090887}, {""score"": ""0-1"", ""probability"": 0.090034}, {""score"": ""2-1"", ""probability"": 0.088399}, {""score"": ""2-0"", ""probability"": 0.085845}, {""score"": ""1-2"", ""probability"": 0.065589}, {""score"": ""0-2"", ""probability"": 0.047259}, {""score"": ""2-2"", ""probability"": 0.045515}, {""score"": ""3-1"", ""probability"": 0.040896}]",,0.4842,0.5158,No,2.5,0.4349,0.5651,False,Under 2.5,-0.25,0.5177,0.4823,False,CA Osasuna -0.25,False,False,False,False,False,False,,,,,,,,0.3517,0.6483,0.2,weekly_update_20260922T102609Z_b8bb7f8f,2026-08-18.phase1,0.1.0-phase1,0.1.0-phase1,2026-09-22T10:26:09+00:00
LALIGA2627_MW38_379_RealMadrid_RCDeportivo,2026-27,38,2027-05-30,2027-05-30T00:00:00+00:00,Real Madrid,RC Deportivo,Bernabéu,scheduled,early_week_mode,,,,2.685,0.755,,,2-0,,home_win,,0.804,0.1204,0.0756,Real Madrid,0.78,0.1405,0.0795,,,,"[{""score"": ""2-0"", ""probability"": 0.11575}, {""score"": ""3-0"", ""probability"": 0.103606}, {""score"": ""2-1"", ""probability"": 0.087428}, {""score"": ""1-0"", ""probability"": 0.085316}, {""score"": ""3-1"", ""probability"": 0.078256}, {""score"": ""4-0"", ""probability"": 0.069552}, {""score"": ""1-1"", ""probability"": 0.066013}, {""score"": ""4-1"", ""probability"": 0.052534}, {""score"": ""5-0"", ""probability"": 0.037353}, {""score"": ""2-2"", ""probability"": 0.033018}]",,0.4948,0.5052,No,2.5,0.6674,0.3326,False,Over 2.5,-1.75,0.518,0.482,False,Real Madrid -1.75,False,False,False,False,False,False,,,,,,,,0.804,0.196,0.2,weekly_update_20260922T102609Z_b8bb7f8f,2026-08-18.phase1,0.1.0-phase1,0.1.0-phase1,2026-09-22T10:26:09+00:00
LALIGA2627_MW38_380_RealSociedad_VillarrealCF,2026-27,38,2027-05-30,2027-05-30T00:00:00+00:00,Real Sociedad,Villarreal CF,Anoeta,scheduled,early_week_mode,,,,1.649,1.741,,,1-1,,draw,,0.3235,0.3007,0.3757,Villarreal CF,0.3664,0.2293,0.4044,,,,"[{""score"": ""1-1"", ""probability"": 0.098132}, {""score"": ""1-2"", ""probability"": 0.084242}, {""score"": ""2-1"", ""probability"": 0.079821}, {""score"": ""2-2"", ""probability"": 0.069466}, {""score"": ""0-1"", ""probability"": 0.057363}, {""score"": ""1-0"", ""probability"": 0.054284}, {""score"": ""0-2"", ""probability"": 0.05108}, {""score"": ""1-3"", ""probability"": 0.048875}, {""score"": ""2-0"", ""probability"": 0.04586}, {""score"": ""3-1"", ""probability"": 0.04388}]",,0.6674,0.3326,Yes,2.5,0.6582,0.3418,False,Over 2.5,0.0,0.481,0.519,False,Villarreal CF (pick'em),False,False,False,False,False,False,,,,,,,,0.3757,0.6243,0.2,weekly_update_20260922T102609Z_b8bb7f8f,2026-08-18.phase1,0.1.0-phase1,0.1.0-phase1,2026-09-22T10:26:09+00:00
