match_id,season,matchweek,date,kickoff_utc,home_team,away_team,stadium,status,prediction_mode,actual_home_goals,actual_away_goals,actual_result,home_expected_goals_model_only,away_expected_goals_model_only,home_expected_goals_market_integrated,away_expected_goals_market_integrated,predicted_score_model_only,predicted_score_market_integrated,predicted_result_model_only,predicted_result_market_integrated,home_win_prob_model_only,draw_prob_model_only,away_win_prob_model_only,moneyline_pick,dc_raw_home_win_prob,dc_raw_draw_prob,dc_raw_away_win_prob,home_win_prob_market_integrated,draw_prob_market_integrated,away_win_prob_market_integrated,top_10_scorelines_model_only_json,top_10_scorelines_market_integrated_json,btts_yes_prob_model_only,btts_no_prob_model_only,btts_pick,total_goals_line_model_only,over_prob_model_only,under_prob_model_only,totals_blend_applied,totals_pick,handicap_line_model_only,home_cover_prob_model_only,away_cover_prob_model_only,handicap_blend_applied,spread_pick,market_available,closing_market_available,market_blend_applied,squad_data_available,injury_data_available,lineup_data_available,home_key_absences_count,away_key_absences_count,home_expected_lineup_strength,away_expected_lineup_strength,rest_day_diff,congestion_diff,model_market_disagreement,confidence,upset_risk,data_quality_score,run_id,data_version,feature_version,model_version,generated_at
LIGUE12627_MW02_012_LOSCLille_ParisSaint-Germain,2026-27,2,2026-08-28,2026-08-28T18:45:00+00:00,LOSC Lille,Paris Saint-Germain,Stade Pierre-Mauroy,scheduled,early_week_mode,,,,1.131,1.466,,,1-1,,draw,,0.2569,0.305,0.4381,Paris Saint-Germain,0.2841,0.2753,0.4406,,,,"[{""score"": ""1-1"", ""probability"": 0.131317}, {""score"": ""0-1"", ""probability"": 0.101406}, {""score"": ""1-2"", ""probability"": 0.09056}, {""score"": ""0-0"", ""probability"": 0.082286}, {""score"": ""0-2"", ""probability"": 0.080082}, {""score"": ""1-0"", ""probability"": 0.076408}, {""score"": ""2-1"", ""probability"": 0.069832}, {""score"": ""2-2"", ""probability"": 0.051204}, {""score"": ""2-0"", ""probability"": 0.047619}, {""score"": ""1-3"", ""probability"": 0.044268}]",,0.5288,0.4712,Yes,2.5,0.4809,0.5191,False,Under 2.5,0.25,0.4905,0.5095,False,Paris Saint-Germain -0.25,False,False,False,False,False,False,,,,,,,,0.4381,0.5619,0.2,weekly_update_20260916T234430Z_a723fb01,2026-08-18.phase1,0.1.0-phase1,0.1.0-phase1,2026-09-16T23:44:30+00:00
LIGUE12627_MW02_018_RCStrasbourgAlsace_RCLens,2026-27,2,2026-08-29,2026-08-29T15:15:00+00:00,RC Strasbourg Alsace,RC Lens,Stade de la Meinau,scheduled,early_week_mode,,,,1.42,1.683,,,1-1,,draw,,0.3351,0.2477,0.4172,RC Lens,0.3182,0.2498,0.4319,,,,"[{""score"": ""1-1"", ""probability"": 0.114137}, {""score"": ""1-2"", ""probability"": 0.090339}, {""score"": ""2-1"", ""probability"": 0.076209}, {""score"": ""0-1"", ""probability"": 0.068816}, {""score"": ""2-2"", ""probability"": 0.064134}, {""score"": ""0-2"", ""probability"": 0.063626}, {""score"": ""1-0"", ""probability"": 0.05699}, {""score"": ""0-0"", ""probability"": 0.051709}, {""score"": ""1-3"", ""probability"": 0.050684}, {""score"": ""2-0"", ""probability"": 0.045279}]",,0.6241,0.3759,Yes,2.5,0.5994,0.4006,False,Over 2.5,0.25,0.5056,0.4944,False,RC Strasbourg Alsace +0.25,False,False,False,False,False,False,,,,,,,,0.4172,0.5828,0.2,weekly_update_20260916T234430Z_a723fb01,2026-08-18.phase1,0.1.0-phase1,0.1.0-phase1,2026-09-16T23:44:30+00:00
LIGUE12627_MW02_010_AJAuxerre_AngersSCO,2026-27,2,2026-08-29,2026-08-29T18:45:00+00:00,AJ Auxerre,Angers SCO,Stade de l'Abbé-Deschamps,scheduled,early_week_mode,,,,1.392,0.769,,,1-0,,home_win,,0.5049,0.2765,0.2187,AJ Auxerre,0.5094,0.2914,0.1992,,,,"[{""score"": ""1-0"", ""probability"": 0.152582}, {""score"": ""1-1"", ""probability"": 0.131136}, {""score"": ""0-0"", ""probability"": 0.123034}, {""score"": ""2-0"", ""probability"": 0.111609}, {""score"": ""2-1"", ""probability"": 0.085829}, {""score"": ""0-1"", ""probability"": 0.080816}, {""score"": ""3-0"", ""probability"": 0.051779}, {""score"": ""1-2"", ""probability"": 0.047423}, {""score"": ""3-1"", ""probability"": 0.039819}, {""score"": ""0-2"", ""probability"": 0.034074}]",,0.4109,0.5891,No,2.5,0.3667,0.6333,False,Under 2.5,-0.5,0.5094,0.4906,False,AJ Auxerre -0.5,False,False,False,False,False,False,,,,,,,,0.5049,0.4951,0.2,weekly_update_20260916T234430Z_a723fb01,2026-08-18.phase1,0.1.0-phase1,0.1.0-phase1,2026-09-16T23:44:30+00:00
LIGUE12627_MW02_011_StadeBrestois29_ToulouseFC,2026-27,2,2026-08-29,2026-08-29T18:45:00+00:00,Stade Brestois 29,Toulouse FC,Stade Francis-Le Blé,scheduled,early_week_mode,,,,1.427,1.31,,,1-1,,draw,,0.3846,0.2858,0.3296,Stade Brestois 29,0.3912,0.271,0.3379,,,,"[{""score"": ""1-1"", ""probability"": 0.128736}, {""score"": ""2-1"", ""probability"": 0.086368}, {""score"": ""1-0"", ""probability"": 0.084753}, {""score"": ""1-2"", ""probability"": 0.07932}, {""score"": ""0-1"", ""probability"": 0.077212}, {""score"": ""0-0"", ""probability"": 0.072433}, {""score"": ""2-0"", ""probability"": 0.065918}, {""score"": ""2-2"", ""probability"": 0.056581}, {""score"": ""0-2"", ""probability"": 0.0556}, {""score"": ""3-1"", ""probability"": 0.041072}]",,0.5626,0.4374,Yes,2.5,0.5153,0.4847,False,Over 2.5,0.0,0.5266,0.4734,False,Stade Brestois 29 (pick'em),False,False,False,False,False,False,,,,,,,,0.3846,0.6154,0.2,weekly_update_20260916T234430Z_a723fb01,2026-08-18.phase1,0.1.0-phase1,0.1.0-phase1,2026-09-16T23:44:30+00:00
LIGUE12627_MW02_013_FCLorient_EstacTroyes,2026-27,2,2026-08-29,2026-08-29T18:45:00+00:00,FC Lorient,Estac Troyes,Stade du Moustoir,scheduled,early_week_mode,,,,1.567,0.593,,,1-0,,home_win,,0.6042,0.2579,0.138,FC Lorient,0.6043,0.2637,0.132,,,,"[{""score"": ""1-0"", ""probability"": 0.173873}, {""score"": ""2-0"", ""probability"": 0.141535}, {""score"": ""0-0"", ""probability"": 0.122071}, {""score"": ""1-1"", ""probability"": 0.11398}, {""score"": ""2-1"", ""probability"": 0.083988}, {""score"": ""3-0"", ""probability"": 0.073925}, {""score"": ""0-1"", ""probability"": 0.061635}, {""score"": ""3-1"", ""probability"": 0.043867}, {""score"": ""1-2"", ""probability"": 0.031807}, {""score"": ""4-0"", ""probability"": 0.028959}]",,0.3609,0.6391,No,2.5,0.3666,0.6334,False,Under 2.5,-1.0,0.4683,0.5317,False,Estac Troyes +1,False,False,False,False,False,False,,,,,,,,0.6042,0.3958,0.2,weekly_update_20260916T234430Z_a723fb01,2026-08-18.phase1,0.1.0-phase1,0.1.0-phase1,2026-09-16T23:44:30+00:00
LIGUE12627_MW02_014_OlympiqueLyonnais_HavreAthleticClub,2026-27,2,2026-08-29,2026-08-29T18:45:00+00:00,Olympique Lyonnais,Havre Athletic Club,Parc Olympique Lyonnais,scheduled,early_week_mode,,,,1.897,0.812,,,1-0,,home_win,,0.609,0.2445,0.1465,Olympique Lyonnais,0.6232,0.2291,0.1476,,,,"[{""score"": ""1-0"", ""probability"": 0.119859}, {""score"": ""2-0"", ""probability"": 0.119856}, {""score"": ""1-1"", ""probability"": 0.109088}, {""score"": ""2-1"", ""probability"": 0.097328}, {""score"": ""3-0"", ""probability"": 0.075798}, {""score"": ""0-0"", ""probability"": 0.073084}, {""score"": ""3-1"", ""probability"": 0.061551}, {""score"": ""0-1"", ""probability"": 0.047589}, {""score"": ""1-2"", ""probability"": 0.041658}, {""score"": ""2-2"", ""probability"": 0.039517}]",,0.4791,0.5209,No,2.5,0.5086,0.4914,False,Over 2.5,-1.0,0.5004,0.4996,False,Olympique Lyonnais -1,False,False,False,False,False,False,,,,,,,,0.609,0.391,0.2,weekly_update_20260916T234430Z_a723fb01,2026-08-18.phase1,0.1.0-phase1,0.1.0-phase1,2026-09-16T23:44:30+00:00
LIGUE12627_MW02_016_ParisFC_OGCNice,2026-27,2,2026-08-30,2026-08-30T13:00:00+00:00,Paris FC,OGC Nice,Stade Jean-Bouin,scheduled,early_week_mode,,,,1.534,1.063,,,1-1,,draw,,0.4876,0.2782,0.2342,Paris FC,0.4739,0.2708,0.2553,,,,"[{""score"": ""1-1"", ""probability"": 0.129153}, {""score"": ""1-0"", ""probability"": 0.106548}, {""score"": ""2-1"", ""probability"": 0.09318}, {""score"": ""2-0"", ""probability"": 0.087626}, {""score"": ""0-0"", ""probability"": 0.082138}, {""score"": ""0-1"", ""probability"": 0.071493}, {""score"": ""1-2"", ""probability"": 0.064585}, {""score"": ""2-2"", ""probability"": 0.049543}, {""score"": ""3-1"", ""probability"": 0.047652}, {""score"": ""3-0"", ""probability"": 0.044812}]",,0.5212,0.4788,Yes,2.5,0.4809,0.5191,False,Under 2.5,-0.5,0.4739,0.5261,False,OGC Nice +0.5,False,False,False,False,False,False,,,,,,,,0.4876,0.5124,0.2,weekly_update_20260916T234430Z_a723fb01,2026-08-18.phase1,0.1.0-phase1,0.1.0-phase1,2026-09-16T23:44:30+00:00
LIGUE12627_MW02_017_StadeRennaisFC_LeMansFC,2026-27,2,2026-08-30,2026-08-30T15:15:00+00:00,Stade Rennais FC,Le Mans FC,Roazhon Park,scheduled,early_week_mode,,,,3.258,1.298,,,3-1,,home_win,,0.667,0.2009,0.1322,Stade Rennais FC,0.7493,0.1374,0.1133,,,,"[{""score"": ""3-1"", ""probability"": 0.079099}, {""score"": ""2-1"", ""probability"": 0.072843}, {""score"": ""4-1"", ""probability"": 0.06442}, {""score"": ""3-0"", ""probability"": 0.060961}, {""score"": ""2-0"", ""probability"": 0.056139}, {""score"": ""3-2"", ""probability"": 0.051318}, {""score"": ""4-0"", ""probability"": 0.049647}, {""score"": ""1-1"", ""probability"": 0.04755}, {""score"": ""2-2"", ""probability"": 0.047259}, {""score"": ""5-1"", ""probability"": 0.041971}]",,0.7015,0.2985,Yes,2.5,0.8315,0.1685,False,Over 2.5,-1.75,0.5232,0.4768,False,Stade Rennais FC -1.75,False,False,False,False,False,False,,,,,,,,0.667,0.333,0.2,weekly_update_20260916T234430Z_a723fb01,2026-08-18.phase1,0.1.0-phase1,0.1.0-phase1,2026-09-16T23:44:30+00:00
LIGUE12627_MW02_015_ASMonaco_OlympiquedeMarseille,2026-27,2,2026-08-30,2026-08-30T18:45:00+00:00,AS Monaco,Olympique de Marseille,Stade Louis II,scheduled,early_week_mode,,,,1.852,1.718,,,1-1,,draw,,0.3853,0.2297,0.385,AS Monaco,0.4115,0.2313,0.3572,,,,"[{""score"": ""1-1"", ""probability"": 0.095257}, {""score"": ""2-1"", ""probability"": 0.082964}, {""score"": ""1-2"", ""probability"": 0.076971}, {""score"": ""2-2"", ""probability"": 0.071277}, {""score"": ""3-1"", ""probability"": 0.051218}, {""score"": ""2-0"", ""probability"": 0.048283}, {""score"": ""1-0"", ""probability"": 0.046474}, {""score"": ""1-3"", ""probability"": 0.044086}, {""score"": ""3-2"", ""probability"": 0.044003}, {""score"": ""0-1"", ""probability"": 0.042708}]",,0.6975,0.3025,Yes,2.5,0.6919,0.3081,False,Over 2.5,0.0,0.5271,0.4729,False,AS Monaco (pick'em),False,False,False,False,False,False,,,,,,,,0.3853,0.6147,0.2,weekly_update_20260916T234430Z_a723fb01,2026-08-18.phase1,0.1.0-phase1,0.1.0-phase1,2026-09-16T23:44:30+00:00
LIGUE12627_MW03_026_ToulouseFC_LOSCLille,2026-27,3,2026-09-03,2026-09-03T18:45:00+00:00,Toulouse FC,LOSC Lille,Stadium de Toulouse,scheduled,early_week_mode,,,,1.026,1.279,,,1-1,,draw,,0.2569,0.305,0.4381,LOSC Lille,0.2893,0.297,0.4138,,,,"[{""score"": ""1-1"", ""probability"": 0.139183}, {""score"": ""0-1"", ""probability"": 0.119289}, {""score"": ""0-0"", ""probability"": 0.108005}, {""score"": ""1-0"", ""probability"": 0.094055}, {""score"": ""1-2"", ""probability"": 0.083726}, {""score"": ""0-2"", ""probability"": 0.081592}, {""score"": ""2-1"", ""probability"": 0.067164}, {""score"": ""2-0"", ""probability"": 0.052505}, {""score"": ""2-2"", ""probability"": 0.042958}, {""score"": ""1-3"", ""probability"": 0.0357}]",,0.4714,0.5286,No,2.5,0.4054,0.5946,False,Under 2.5,0.25,0.512,0.488,False,Toulouse FC +0.25,False,False,False,False,False,False,,,,,,,,0.4381,0.5619,0.2,weekly_update_20260916T234430Z_a723fb01,2026-08-18.phase1,0.1.0-phase1,0.1.0-phase1,2026-09-16T23:44:30+00:00
LIGUE12627_MW03_022_OlympiqueLyonnais_AJAuxerre,2026-27,3,2026-09-04,2026-09-04T17:00:00+00:00,Olympique Lyonnais,AJ Auxerre,Parc Olympique Lyonnais,scheduled,early_week_mode,,,,1.863,0.978,,,1-1,,draw,,0.5592,0.229,0.2117,Olympique Lyonnais,0.5743,0.2377,0.188,,,,"[{""score"": ""1-1"", ""probability"": 0.113109}, {""score"": ""1-0"", ""probability"": 0.102056}, {""score"": ""2-0"", ""probability"": 0.10131}, {""score"": ""2-1"", ""probability"": 0.099072}, {""score"": ""0-0"", ""probability"": 0.065133}, {""score"": ""3-0"", ""probability"": 0.0629}, {""score"": ""3-1"", ""probability"": 0.06151}, {""score"": ""1-2"", ""probability"": 0.052016}, {""score"": ""0-1"", ""probability"": 0.050386}, {""score"": ""2-2"", ""probability"": 0.048442}]",,0.5337,0.4663,Yes,2.5,0.5401,0.4599,False,Over 2.5,-0.75,0.5152,0.4848,False,Olympique Lyonnais -0.75,False,False,False,False,False,False,,,,,,,,0.5592,0.4408,0.2,weekly_update_20260916T234430Z_a723fb01,2026-08-18.phase1,0.1.0-phase1,0.1.0-phase1,2026-09-16T23:44:30+00:00
LIGUE12627_MW03_025_ParisSaint-Germain_ASMonaco,2026-27,3,2026-09-04,2026-09-04T19:05:00+00:00,Paris Saint-Germain,AS Monaco,Parc des Princes,scheduled,early_week_mode,,,,2.52,1.131,,,2-1,,home_win,,0.6623,0.1995,0.1382,Paris Saint-Germain,0.6703,0.1824,0.1473,,,,"[{""score"": ""2-1"", ""probability"": 0.093366}, {""score"": ""2-0"", ""probability"": 0.082558}, {""score"": ""1-1"", ""probability"": 0.0788}, {""score"": ""3-1"", ""probability"": 0.078414}, {""score"": ""3-0"", ""probability"": 0.069337}, {""score"": ""1-0"", ""probability"": 0.060846}, {""score"": ""2-2"", ""probability"": 0.052795}, {""score"": ""4-1"", ""probability"": 0.049393}, {""score"": ""3-2"", ""probability"": 0.04434}, {""score"": ""4-0"", ""probability"": 0.043675}]",,0.6274,0.3726,Yes,2.5,0.7057,0.2943,False,Over 2.5,-1.25,0.5123,0.4877,False,Paris Saint-Germain -1.25,False,False,False,False,False,False,,,,,,,,0.6623,0.3377,0.2,weekly_update_20260916T234430Z_a723fb01,2026-08-18.phase1,0.1.0-phase1,0.1.0-phase1,2026-09-16T23:44:30+00:00
LIGUE12627_MW03_021_RCLens_FCLorient,2026-27,3,2026-09-05,2026-09-05T15:15:00+00:00,RC Lens,FC Lorient,Stade Bollaert-Delelis,scheduled,early_week_mode,,,,2.016,0.99,,,1-1,,draw,,0.5914,0.2204,0.1881,RC Lens,0.6051,0.2225,0.1724,,,,"[{""score"": ""1-1"", ""probability"": 0.105059}, {""score"": ""2-0"", ""probability"": 0.10061}, {""score"": ""2-1"", ""probability"": 0.099588}, {""score"": ""1-0"", ""probability"": 0.093574}, {""score"": ""3-0"", ""probability"": 0.067601}, {""score"": ""3-1"", ""probability"": 0.066915}, {""score"": ""0-0"", ""probability"": 0.055771}, {""score"": ""2-2"", ""probability"": 0.049288}, {""score"": ""1-2"", ""probability"": 0.048903}, {""score"": ""0-1"", ""probability"": 0.042769}]",,0.5509,0.4491,Yes,2.5,0.578,0.422,False,Over 2.5,-1.0,0.4889,0.5111,False,FC Lorient +1,False,False,False,False,False,False,,,,,,,,0.5914,0.4086,0.2,weekly_update_20260916T234430Z_a723fb01,2026-08-18.phase1,0.1.0-phase1,0.1.0-phase1,2026-09-16T23:44:30+00:00
LIGUE12627_MW03_020_HavreAthleticClub_StadeBrestois29,2026-27,3,2026-09-05,2026-09-05T18:45:00+00:00,Havre Athletic Club,Stade Brestois 29,Stade Océane,scheduled,early_week_mode,,,,1.232,1.249,,,1-1,,draw,,0.353,0.276,0.371,Stade Brestois 29,0.3522,0.2875,0.3602,,,,"[{""score"": ""1-1"", ""probability"": 0.136869}, {""score"": ""0-1"", ""probability"": 0.096324}, {""score"": ""1-0"", ""probability"": 0.094923}, {""score"": ""0-0"", ""probability"": 0.09178}, {""score"": ""1-2"", ""probability"": 0.080391}, {""score"": ""2-1"", ""probability"": 0.079313}, {""score"": ""0-2"", ""probability"": 0.065239}, {""score"": ""2-0"", ""probability"": 0.0635}, {""score"": ""2-2"", ""probability"": 0.049531}, {""score"": ""1-3"", ""probability"": 0.03347}]",,0.5134,0.4866,Yes,2.5,0.4514,0.5486,False,Under 2.5,0.0,0.496,0.504,False,Stade Brestois 29 (pick'em),False,False,False,False,False,False,,,,,,,,0.371,0.629,0.2,weekly_update_20260916T234430Z_a723fb01,2026-08-18.phase1,0.1.0-phase1,0.1.0-phase1,2026-09-16T23:44:30+00:00
LIGUE12627_MW03_024_OGCNice_LeMansFC,2026-27,3,2026-09-05,2026-09-05T18:45:00+00:00,OGC Nice,Le Mans FC,Allianz Riviera,scheduled,early_week_mode,,,,2.358,1.287,,,2-1,,home_win,,0.5737,0.1991,0.2271,OGC Nice,0.6069,0.2004,0.1927,,,,"[{""score"": ""2-1"", ""probability"": 0.093531}, {""score"": ""1-1"", ""probability"": 0.084357}, {""score"": ""3-1"", ""probability"": 0.073508}, {""score"": ""2-0"", ""probability"": 0.072658}, {""score"": ""2-2"", ""probability"": 0.0602}, {""score"": ""3-0"", ""probability"": 0.057103}, {""score"": ""1-0"", ""probability"": 0.056615}, {""score"": ""1-2"", ""probability"": 0.051066}, {""score"": ""3-2"", ""probability"": 0.047313}, {""score"": ""4-1"", ""probability"": 0.043329}]",,0.6604,0.3396,Yes,2.5,0.7049,0.2951,False,Over 2.5,-1.0,0.5012,0.4988,False,OGC Nice -1,False,False,False,False,False,False,,,,,,,,0.5737,0.4263,0.2,weekly_update_20260916T234430Z_a723fb01,2026-08-18.phase1,0.1.0-phase1,0.1.0-phase1,2026-09-16T23:44:30+00:00
LIGUE12627_MW03_027_EstacTroyes_RCStrasbourgAlsace,2026-27,3,2026-09-06,2026-09-06T13:00:00+00:00,Estac Troyes,RC Strasbourg Alsace,Stade de l'Aube,scheduled,early_week_mode,,,,0.734,1.517,,,0-1,,away_win,,0.1961,0.2784,0.5255,RC Strasbourg Alsace,0.173,0.2743,0.5527,,,,"[{""score"": ""0-1"", ""probability"": 0.15231}, {""score"": ""1-1"", ""probability"": 0.124649}, {""score"": ""0-2"", ""probability"": 0.121173}, {""score"": ""0-0"", ""probability"": 0.112685}, {""score"": ""1-2"", ""probability"": 0.088938}, {""score"": ""1-0"", ""probability"": 0.069852}, {""score"": ""0-3"", ""probability"": 0.061284}, {""score"": ""1-3"", ""probability"": 0.044981}, {""score"": ""2-1"", ""probability"": 0.043024}, {""score"": ""2-2"", ""probability"": 0.032639}]",,0.4134,0.5866,No,2.5,0.391,0.609,False,Under 2.5,0.75,0.5122,0.4878,False,Estac Troyes +0.75,False,False,False,False,False,False,,,,,,,,0.5255,0.4745,0.2,weekly_update_20260916T234430Z_a723fb01,2026-08-18.phase1,0.1.0-phase1,0.1.0-phase1,2026-09-16T23:44:30+00:00
LIGUE12627_MW03_019_AngersSCO_StadeRennaisFC,2026-27,3,2026-09-06,2026-09-06T15:15:00+00:00,Angers SCO,Stade Rennais FC,Stade Raymond Kopa,scheduled,early_week_mode,,,,0.957,1.636,,,1-1,,draw,,0.2374,0.2618,0.5008,Stade Rennais FC,0.2132,0.2614,0.5254,,,,"[{""score"": ""1-1"", ""probability"": 0.124531}, {""score"": ""0-1"", ""probability"": 0.114987}, {""score"": ""0-2"", ""probability"": 0.1001}, {""score"": ""1-2"", ""probability"": 0.095789}, {""score"": ""0-0"", ""probability"": 0.082235}, {""score"": ""1-0"", ""probability"": 0.064198}, {""score"": ""2-1"", ""probability"": 0.05604}, {""score"": ""0-3"", ""probability"": 0.054577}, {""score"": ""1-3"", ""probability"": 0.052227}, {""score"": ""2-2"", ""probability"": 0.045832}]",,0.5033,0.4967,Yes,2.5,0.4797,0.5203,False,Under 2.5,0.5,0.4746,0.5254,False,Stade Rennais FC -0.5,False,False,False,False,False,False,,,,,,,,0.5008,0.4992,0.2,weekly_update_20260916T234430Z_a723fb01,2026-08-18.phase1,0.1.0-phase1,0.1.0-phase1,2026-09-16T23:44:30+00:00
LIGUE12627_MW03_023_OlympiquedeMarseille_ParisFC,2026-27,3,2026-09-06,2026-09-06T18:45:00+00:00,Olympique de Marseille,Paris FC,Stade Vélodrome,scheduled,early_week_mode,,,,1.94,1.161,,,1-1,,draw,,0.5375,0.2285,0.234,Olympique de Marseille,0.5484,0.2328,0.2188,,,,"[{""score"": ""1-1"", ""probability"": 0.107817}, {""score"": ""2-1"", ""probability"": 0.098342}, {""score"": ""2-0"", ""probability"": 0.084704}, {""score"": ""1-0"", ""probability"": 0.080928}, {""score"": ""3-1"", ""probability"": 0.063581}, {""score"": ""1-2"", ""probability"": 0.058865}, {""score"": ""2-2"", ""probability"": 0.057087}, {""score"": ""3-0"", ""probability"": 0.054764}, {""score"": ""0-0"", ""probability"": 0.051444}, {""score"": ""0-1"", ""probability"": 0.045868}]",,0.5945,0.4055,Yes,2.5,0.5989,0.4011,False,Over 2.5,-0.75,0.4924,0.5076,False,Paris FC +0.75,False,False,False,False,False,False,,,,,,,,0.5375,0.4625,0.2,weekly_update_20260916T234430Z_a723fb01,2026-08-18.phase1,0.1.0-phase1,0.1.0-phase1,2026-09-16T23:44:30+00:00
LIGUE12627_MW04_035_StadeRennaisFC_OlympiquedeMarseille,2026-27,4,2026-09-11,2026-09-11T18:45:00+00:00,Stade Rennais FC,Olympique de Marseille,Roazhon Park,scheduled,early_week_mode,,,,1.781,1.737,,,1-1,,draw,,0.3853,0.2297,0.385,Stade Rennais FC,0.3921,0.2338,0.3741,,,,"[{""score"": ""1-1"", ""probability"": 0.097603}, {""score"": ""2-1"", ""probability"": 0.081729}, {""score"": ""1-2"", ""probability"": 0.07971}, {""score"": ""2-2"", ""probability"": 0.070967}, {""score"": ""3-1"", ""probability"": 0.04851}, {""score"": ""2-0"", ""probability"": 0.047062}, {""score"": ""1-0"", ""probability"": 0.047054}, {""score"": ""1-3"", ""probability"": 0.046142}, {""score"": ""0-1"", ""probability"": 0.045747}, {""score"": ""0-2"", ""probability"": 0.044764}]",,0.6908,0.3092,Yes,2.5,0.6823,0.3177,False,Over 2.5,0.0,0.509,0.491,False,Stade Rennais FC (pick'em),False,False,False,False,False,False,,,,,,,,0.3853,0.6147,0.2,weekly_update_20260916T234430Z_a723fb01,2026-08-18.phase1,0.1.0-phase1,0.1.0-phase1,2026-09-16T23:44:30+00:00
LIGUE12627_MW04_036_RCStrasbourgAlsace_ASMonaco,2026-27,4,2026-09-12,2026-09-12T15:15:00+00:00,RC Strasbourg Alsace,AS Monaco,Stade de la Meinau,scheduled,early_week_mode,,,,1.779,1.678,,,1-1,,draw,,0.3853,0.2297,0.385,RC Strasbourg Alsace,0.4028,0.236,0.3612,,,,"[{""score"": ""1-1"", ""probability"": 0.100069}, {""score"": ""2-1"", ""probability"": 0.08372}, {""score"": ""1-2"", ""probability"": 0.078965}, {""score"": ""2-2"", ""probability"": 0.070242}, {""score"": ""1-0"", ""probability"": 0.050136}, {""score"": ""2-0"", ""probability"": 0.049892}, {""score"": ""3-1"", ""probability"": 0.049648}, {""score"": ""0-1"", ""probability"": 0.04695}, {""score"": ""0-2"", ""probability"": 0.044385}, {""score"": ""1-3"", ""probability"": 0.044168}]",,0.6819,0.3181,Yes,2.5,0.6711,0.3289,False,Over 2.5,0.0,0.5208,0.4792,False,RC Strasbourg Alsace (pick'em),False,False,False,False,False,False,,,,,,,,0.3853,0.6147,0.2,weekly_update_20260916T234430Z_a723fb01,2026-08-18.phase1,0.1.0-phase1,0.1.0-phase1,2026-09-16T23:44:30+00:00
LIGUE12627_MW04_028_AJAuxerre_OGCNice,2026-27,4,2026-09-12,2026-09-12T18:45:00+00:00,AJ Auxerre,OGC Nice,Stade de l'Abbé-Deschamps,scheduled,early_week_mode,,,,1.352,1.133,,,1-1,,draw,,0.3984,0.2961,0.3055,AJ Auxerre,0.4094,0.2852,0.3054,,,,"[{""score"": ""1-1"", ""probability"": 0.135722}, {""score"": ""1-0"", ""probability"": 0.104549}, {""score"": ""0-0"", ""probability"": 0.091399}, {""score"": ""0-1"", ""probability"": 0.086371}, {""score"": ""2-1"", ""probability"": 0.086264}, {""score"": ""2-0"", ""probability"": 0.076109}, {""score"": ""1-2"", ""probability"": 0.07234}, {""score"": ""0-2"", ""probability"": 0.053523}, {""score"": ""2-2"", ""probability"": 0.048887}, {""score"": ""3-1"", ""probability"": 0.038864}]",,0.5106,0.4894,Yes,2.5,0.4523,0.5477,False,Under 2.5,-0.25,0.4807,0.5193,False,OGC Nice +0.25,False,False,False,False,False,False,,,,,,,,0.3984,0.6016,0.2,weekly_update_20260916T234430Z_a723fb01,2026-08-18.phase1,0.1.0-phase1,0.1.0-phase1,2026-09-16T23:44:30+00:00
LIGUE12627_MW04_030_HavreAthleticClub_AngersSCO,2026-27,4,2026-09-12,2026-09-12T18:45:00+00:00,Havre Athletic Club,Angers SCO,Stade Océane,scheduled,early_week_mode,,,,1.156,0.783,,,1-0,,home_win,,0.4509,0.3171,0.232,Havre Athletic Club,0.4365,0.3231,0.2403,,,,"[{""score"": ""1-0"", ""probability"": 0.158006}, {""score"": ""0-0"", ""probability"": 0.152079}, {""score"": ""1-1"", ""probability"": 0.138456}, {""score"": ""0-1"", ""probability"": 0.104439}, {""score"": ""2-0"", ""probability"": 0.096065}, {""score"": ""2-1"", ""probability"": 0.075249}, {""score"": ""1-2"", ""probability"": 0.051002}, {""score"": ""0-2"", ""probability"": 0.04413}, {""score"": ""3-0"", ""probability"": 0.037008}, {""score"": ""2-2"", ""probability"": 0.029472}]",,0.3804,0.6196,No,2.5,0.3068,0.6932,False,Under 2.5,-0.25,0.5173,0.4827,False,Havre Athletic Club -0.25,False,False,False,False,False,False,,,,,,,,0.4509,0.5491,0.2,weekly_update_20260916T234430Z_a723fb01,2026-08-18.phase1,0.1.0-phase1,0.1.0-phase1,2026-09-16T23:44:30+00:00
LIGUE12627_MW04_033_FCLorient_ToulouseFC,2026-27,4,2026-09-12,2026-09-12T18:45:00+00:00,FC Lorient,Toulouse FC,Stade du Moustoir,scheduled,early_week_mode,,,,1.426,1.193,,,1-1,,draw,,0.3984,0.2961,0.3055,FC Lorient,0.4163,0.2763,0.3074,,,,"[{""score"": ""1-1"", ""probability"": 0.13181}, {""score"": ""1-0"", ""probability"": 0.096103}, {""score"": ""2-1"", ""probability"": 0.08842}, {""score"": ""0-0"", ""probability"": 0.080707}, {""score"": ""0-1"", ""probability"": 0.079065}, {""score"": ""2-0"", ""probability"": 0.074137}, {""score"": ""1-2"", ""probability"": 0.073926}, {""score"": ""2-2"", ""probability"": 0.052728}, {""score"": ""0-2"", ""probability"": 0.051824}, {""score"": ""3-1"", ""probability"": 0.042043}]",,0.5371,0.4629,Yes,2.5,0.4864,0.5136,False,Under 2.5,-0.25,0.4854,0.5146,False,Toulouse FC +0.25,False,False,False,False,False,False,,,,,,,,0.3984,0.6016,0.2,weekly_update_20260916T234430Z_a723fb01,2026-08-18.phase1,0.1.0-phase1,0.1.0-phase1,2026-09-16T23:44:30+00:00
LIGUE12627_MW04_034_ParisFC_OlympiqueLyonnais,2026-27,4,2026-09-12,2026-09-12T18:45:00+00:00,Paris FC,Olympique Lyonnais,Stade Jean-Bouin,scheduled,early_week_mode,,,,1.351,1.436,,,1-1,,draw,,0.3355,0.2834,0.3811,Olympique Lyonnais,0.3466,0.2684,0.3851,,,,"[{""score"": ""1-1"", ""probability"": 0.127088}, {""score"": ""1-2"", ""probability"": 0.085808}, {""score"": ""0-1"", ""probability"": 0.080912}, {""score"": ""2-1"", ""probability"": 0.080744}, {""score"": ""1-0"", ""probability"": 0.075691}, {""score"": ""0-0"", ""probability"": 0.069179}, {""score"": ""0-2"", ""probability"": 0.063512}, {""score"": ""2-2"", ""probability"": 0.057965}, {""score"": ""2-0"", ""probability"": 0.056237}, {""score"": ""1-3"", ""probability"": 0.041067}]",,0.5723,0.4277,Yes,2.5,0.5274,0.4726,False,Over 2.5,0.0,0.4808,0.5192,False,Olympique Lyonnais (pick'em),False,False,False,False,False,False,,,,,,,,0.3811,0.6189,0.2,weekly_update_20260916T234430Z_a723fb01,2026-08-18.phase1,0.1.0-phase1,0.1.0-phase1,2026-09-16T23:44:30+00:00
LIGUE12627_MW04_032_LOSCLille_EstacTroyes,2026-27,4,2026-09-13,2026-09-13T13:00:00+00:00,LOSC Lille,Estac Troyes,Stade Pierre-Mauroy,scheduled,early_week_mode,,,,1.71,0.419,,,1-0,,home_win,,0.6475,0.2256,0.1269,LOSC Lille,0.6887,0.2315,0.0798,,,,"[{""score"": ""1-0"", ""probability"": 0.197922}, {""score"": ""2-0"", ""probability"": 0.173854}, {""score"": ""0-0"", ""probability"": 0.124279}, {""score"": ""3-0"", ""probability"": 0.099107}, {""score"": ""1-1"", ""probability"": 0.090682}, {""score"": ""2-1"", ""probability"": 0.072929}, {""score"": ""0-1"", ""probability"": 0.044477}, {""score"": ""4-0"", ""probability"": 0.042373}, {""score"": ""3-1"", ""probability"": 0.041574}, {""score"": ""1-2"", ""probability"": 0.017889}]",,0.286,0.714,No,2.5,0.3583,0.6417,False,Under 2.5,-1.25,0.4786,0.5214,False,Estac Troyes +1.25,False,False,False,False,False,False,,,,,,,,0.6475,0.3525,0.2,weekly_update_20260916T234430Z_a723fb01,2026-08-18.phase1,0.1.0-phase1,0.1.0-phase1,2026-09-16T23:44:30+00:00
LIGUE12627_MW04_031_LeMansFC_RCLens,2026-27,4,2026-09-13,2026-09-13T15:15:00+00:00,Le Mans FC,RC Lens,Stade Marie-Marvingt,scheduled,early_week_mode,,,,1.247,2.792,,,1-2,,away_win,,0.1967,0.1937,0.6096,RC Lens,0.142,0.1663,0.6917,,,,"[{""score"": ""1-2"", ""probability"": 0.085812}, {""score"": ""1-3"", ""probability"": 0.079872}, {""score"": ""0-2"", ""probability"": 0.068812}, {""score"": ""1-1"", ""probability"": 0.065349}, {""score"": ""0-3"", ""probability"": 0.064049}, {""score"": ""1-4"", ""probability"": 0.055758}, {""score"": ""2-2"", ""probability"": 0.053506}, {""score"": ""2-3"", ""probability"": 0.049802}, {""score"": ""0-1"", ""probability"": 0.045399}, {""score"": ""0-4"", ""probability"": 0.044712}]",,0.6728,0.3272,Yes,2.5,0.7671,0.2329,False,Over 2.5,1.5,0.5066,0.4934,False,Le Mans FC +1.5,False,False,False,False,False,False,,,,,,,,0.6096,0.3904,0.2,weekly_update_20260916T234430Z_a723fb01,2026-08-18.phase1,0.1.0-phase1,0.1.0-phase1,2026-09-16T23:44:30+00:00
LIGUE12627_MW04_029_StadeBrestois29_ParisSaint-Germain,2026-27,4,2026-09-13,2026-09-13T18:45:00+00:00,Stade Brestois 29,Paris Saint-Germain,Stade Francis-Le Blé,scheduled,early_week_mode,,,,1.036,2.279,,,1-2,,away_win,,0.2051,0.202,0.5929,Paris Saint-Germain,0.1535,0.1992,0.6473,,,,"[{""score"": ""1-2"", ""probability"": 0.097812}, {""score"": ""0-2"", ""probability"": 0.094394}, {""score"": ""1-1"", ""probability"": 0.091267}, {""score"": ""0-1"", ""probability"": 0.07741}, {""score"": ""1-3"", ""probability"": 0.074304}, {""score"": ""0-3"", ""probability"": 0.071708}, {""score"": ""2-2"", ""probability"": 0.050677}, {""score"": ""2-1"", ""probability"": 0.044473}, {""score"": ""1-4"", ""probability"": 0.042335}, {""score"": ""0-0"", ""probability"": 0.041778}]",,0.5845,0.4155,Yes,2.5,0.6434,0.3566,False,Over 2.5,1.25,0.5194,0.4806,False,Stade Brestois 29 +1.25,False,False,False,False,False,False,,,,,,,,0.5929,0.4071,0.2,weekly_update_20260916T234430Z_a723fb01,2026-08-18.phase1,0.1.0-phase1,0.1.0-phase1,2026-09-16T23:44:30+00:00
LIGUE12627_MW05_042_ASMonaco_RCLens,2026-27,5,2026-09-18,2026-09-18T18:45:00+00:00,AS Monaco,RC Lens,Stade Louis II,scheduled,early_week_mode,,,,1.6,1.653,,,1-1,,draw,,0.4221,0.248,0.3299,AS Monaco,0.3664,0.245,0.3886,,,,"[{""score"": ""1-1"", ""probability"": 0.108712}, {""score"": ""1-2"", ""probability"": 0.084492}, {""score"": ""2-1"", ""probability"": 0.081822}, {""score"": ""2-2"", ""probability"": 0.067614}, {""score"": ""0-1"", ""probability"": 0.057417}, {""score"": ""1-0"", ""probability"": 0.055399}, {""score"": ""0-2"", ""probability"": 0.052791}, {""score"": ""2-0"", ""probability"": 0.049508}, {""score"": ""1-3"", ""probability"": 0.046547}, {""score"": ""0-0"", ""probability"": 0.04512}]",,0.6518,0.3482,Yes,3.5,0.4096,0.5904,True,Under 3.5,-0.5,0.4172,0.5828,True,RC Lens +0.5,False,False,True,False,False,False,,,,,,,,0.4221,0.5779,0.2,weekly_update_20260916T234430Z_a723fb01,2026-08-18.phase1,0.1.0-phase1,0.1.0-phase1,2026-09-16T23:44:30+00:00
LIGUE12627_MW05_044_ParisFC_RCStrasbourgAlsace,2026-27,5,2026-09-19,2026-09-19T15:15:00+00:00,Paris FC,RC Strasbourg Alsace,Stade Jean-Bouin,scheduled,early_week_mode,,,,1.558,1.356,,,1-1,,draw,,0.4364,0.2566,0.3069,Paris FC,0.4149,0.2602,0.3249,,,,"[{""score"": ""1-1"", ""probability"": 0.121885}, {""score"": ""2-1"", ""probability"": 0.089314}, {""score"": ""1-2"", ""probability"": 0.077704}, {""score"": ""1-0"", ""probability"": 0.077309}, {""score"": ""0-1"", ""probability"": 0.066317}, {""score"": ""2-0"", ""probability"": 0.065881}, {""score"": ""0-0"", ""probability"": 0.061516}, {""score"": ""2-2"", ""probability"": 0.06054}, {""score"": ""0-2"", ""probability"": 0.049866}, {""score"": ""3-1"", ""probability"": 0.046391}]",,0.5932,0.4068,Yes,2.5,0.5648,0.4352,True,Over 2.5,-0.5,0.4501,0.5499,True,RC Strasbourg Alsace +0.5,False,False,True,False,False,False,,,,,,,,0.4364,0.5636,0.2,weekly_update_20260916T234430Z_a723fb01,2026-08-18.phase1,0.1.0-phase1,0.1.0-phase1,2026-09-16T23:44:30+00:00
LIGUE12627_MW05_037_AngersSCO_EstacTroyes,2026-27,5,2026-09-19,2026-09-19T18:45:00+00:00,Angers SCO,Estac Troyes,Stade Raymond Kopa,scheduled,early_week_mode,,,,0.983,0.611,,,0-0,,draw,,0.4206,0.3117,0.2678,Angers SCO,0.4256,0.3601,0.2143,,,,"[{""score"": ""0-0"", ""probability"": 0.210785}, {""score"": ""1-0"", ""probability"": 0.191858}, {""score"": ""1-1"", ""probability"": 0.129741}, {""score"": ""0-1"", ""probability"": 0.116441}, {""score"": ""2-0"", ""probability"": 0.098071}, {""score"": ""2-1"", ""probability"": 0.059962}, {""score"": ""0-2"", ""probability"": 0.037956}, {""score"": ""1-2"", ""probability"": 0.037303}, {""score"": ""3-0"", ""probability"": 0.032128}, {""score"": ""3-1"", ""probability"": 0.019644}]",,0.2939,0.7061,No,2.5,0.3289,0.6711,True,Under 2.5,-0.5,0.4294,0.5706,True,Estac Troyes +0.5,False,False,True,False,False,False,,,,,,,,0.4206,0.5794,0.2,weekly_update_20260916T234430Z_a723fb01,2026-08-18.phase1,0.1.0-phase1,0.1.0-phase1,2026-09-16T23:44:30+00:00
LIGUE12627_MW05_039_LeMansFC_FCLorient,2026-27,5,2026-09-19,2026-09-19T18:45:00+00:00,Le Mans FC,FC Lorient,Stade Marie-Marvingt,scheduled,early_week_mode,,,,1.566,2.096,,,1-1,,draw,,0.3065,0.2546,0.4389,FC Lorient,0.2842,0.2211,0.4948,,,,"[{""score"": ""1-1"", ""probability"": 0.089686}, {""score"": ""1-2"", ""probability"": 0.08838}, {""score"": ""2-2"", ""probability"": 0.069194}, {""score"": ""2-1"", ""probability"": 0.06604}, {""score"": ""1-3"", ""probability"": 0.061734}, {""score"": ""0-2"", ""probability"": 0.056442}, {""score"": ""0-1"", ""probability"": 0.048534}, {""score"": ""2-3"", ""probability"": 0.048333}, {""score"": ""0-3"", ""probability"": 0.039425}, {""score"": ""3-2"", ""probability"": 0.036116}]",,0.6991,0.3009,Yes,2.5,0.6202,0.3798,True,Over 2.5,0.0,0.4442,0.5558,True,FC Lorient (pick'em),False,False,True,False,False,False,,,,,,,,0.4389,0.5611,0.2,weekly_update_20260916T234430Z_a723fb01,2026-08-18.phase1,0.1.0-phase1,0.1.0-phase1,2026-09-16T23:44:30+00:00
LIGUE12627_MW05_040_OlympiqueLyonnais_StadeRennaisFC,2026-27,5,2026-09-19,2026-09-19T18:45:00+00:00,Olympique Lyonnais,Stade Rennais FC,Parc Olympique Lyonnais,scheduled,early_week_mode,,,,1.904,1.399,,,1-1,,draw,,0.4749,0.235,0.2901,Olympique Lyonnais,0.4878,0.2353,0.277,,,,"[{""score"": ""1-1"", ""probability"": 0.104156}, {""score"": ""2-1"", ""probability"": 0.093273}, {""score"": ""1-2"", ""probability"": 0.068513}, {""score"": ""2-0"", ""probability"": 0.066681}, {""score"": ""2-2"", ""probability"": 0.065235}, {""score"": ""1-0"", ""probability"": 0.063836}, {""score"": ""3-1"", ""probability"": 0.059207}, {""score"": ""0-1"", ""probability"": 0.045246}, {""score"": ""0-0"", ""probability"": 0.042971}, {""score"": ""3-0"", ""probability"": 0.042327}]",,0.6471,0.3529,Yes,3.5,0.4203,0.5797,True,Under 3.5,-0.5,0.4696,0.5304,True,Stade Rennais FC +0.5,False,False,True,False,False,False,,,,,,,,0.4749,0.5251,0.2,weekly_update_20260916T234430Z_a723fb01,2026-08-18.phase1,0.1.0-phase1,0.1.0-phase1,2026-09-16T23:44:30+00:00
LIGUE12627_MW05_045_ToulouseFC_HavreAthleticClub,2026-27,5,2026-09-19,2026-09-19T18:45:00+00:00,Toulouse FC,Havre Athletic Club,Stadium de Toulouse,scheduled,early_week_mode,,,,1.459,0.869,,,1-0,,home_win,,0.5181,0.2649,0.2171,Toulouse FC,0.5016,0.2819,0.2164,,,,"[{""score"": ""1-0"", ""probability"": 0.134434}, {""score"": ""1-1"", ""probability"": 0.131444}, {""score"": ""0-0"", ""probability"": 0.105347}, {""score"": ""2-0"", ""probability"": 0.103744}, {""score"": ""2-1"", ""probability"": 0.090159}, {""score"": ""0-1"", ""probability"": 0.076938}, {""score"": ""1-2"", ""probability"": 0.053718}, {""score"": ""3-0"", ""probability"": 0.05044}, {""score"": ""3-1"", ""probability"": 0.043835}, {""score"": ""2-2"", ""probability"": 0.039176}]",,0.4534,0.5466,No,2.5,0.4556,0.5444,True,Under 2.5,-0.5,0.5201,0.4799,True,Toulouse FC -0.5,False,False,True,False,False,False,,,,,,,,0.5181,0.4819,0.2,weekly_update_20260916T234430Z_a723fb01,2026-08-18.phase1,0.1.0-phase1,0.1.0-phase1,2026-09-16T23:44:30+00:00
LIGUE12627_MW05_038_AJAuxerre_StadeBrestois29,2026-27,5,2026-09-20,2026-09-20T13:00:00+00:00,AJ Auxerre,Stade Brestois 29,Stade de l'Abbé-Deschamps,scheduled,early_week_mode,,,,1.484,1.226,,,1-1,,draw,,0.3712,0.2821,0.3467,AJ Auxerre,0.4239,0.2705,0.3056,,,,"[{""score"": ""1-1"", ""probability"": 0.128713}, {""score"": ""1-0"", ""probability"": 0.091069}, {""score"": ""2-1"", ""probability"": 0.089822}, {""score"": ""1-2"", ""probability"": 0.07422}, {""score"": ""0-0"", ""probability"": 0.074185}, {""score"": ""0-1"", ""probability"": 0.073921}, {""score"": ""2-0"", ""probability"": 0.073252}, {""score"": ""2-2"", ""probability"": 0.05507}, {""score"": ""0-2"", ""probability"": 0.050015}, {""score"": ""3-1"", ""probability"": 0.044431}]",,0.554,0.446,Yes,2.5,0.5183,0.4817,True,Over 2.5,0.0,0.5166,0.4834,True,AJ Auxerre (pick'em),False,False,True,False,False,False,,,,,,,,0.3712,0.6288,0.2,weekly_update_20260916T234430Z_a723fb01,2026-08-18.phase1,0.1.0-phase1,0.1.0-phase1,2026-09-16T23:44:30+00:00
LIGUE12627_MW05_043_OGCNice_LOSCLille,2026-27,5,2026-09-20,2026-09-20T15:15:00+00:00,OGC Nice,LOSC Lille,Allianz Riviera,scheduled,early_week_mode,,,,0.989,1.357,,,1-1,,draw,,0.2535,0.2803,0.4662,LOSC Lille,0.2649,0.2906,0.4445,,,,"[{""score"": ""1-1"", ""probability"": 0.136623}, {""score"": ""0-1"", ""probability"": 0.121855}, {""score"": ""0-0"", ""probability"": 0.103891}, {""score"": ""0-2"", ""probability"": 0.088213}, {""score"": ""1-2"", ""probability"": 0.087205}, {""score"": ""1-0"", ""probability"": 0.086542}, {""score"": ""2-1"", ""probability"": 0.063513}, {""score"": ""2-0"", ""probability"": 0.046793}, {""score"": ""2-2"", ""probability"": 0.043104}, {""score"": ""0-3"", ""probability"": 0.039911}]",,0.4744,0.5256,No,2.5,0.4574,0.5426,True,Under 2.5,0.5,0.5434,0.4566,True,OGC Nice +0.5,False,False,True,False,False,False,,,,,,,,0.4662,0.5338,0.2,weekly_update_20260916T234430Z_a723fb01,2026-08-18.phase1,0.1.0-phase1,0.1.0-phase1,2026-09-16T23:44:30+00:00
LIGUE12627_MW05_041_OlympiquedeMarseille_ParisSaint-Germain,2026-27,5,2026-09-20,2026-09-20T18:45:00+00:00,Olympique de Marseille,Paris Saint-Germain,Stade Vélodrome,scheduled,early_week_mode,,,,1.435,1.912,,,1-1,,draw,,0.199,0.2152,0.5858,Paris Saint-Germain,0.284,0.2343,0.4817,,,,"[{""score"": ""1-1"", ""probability"": 0.102674}, {""score"": ""1-2"", ""probability"": 0.092308}, {""score"": ""2-1"", ""probability"": 0.069306}, {""score"": ""2-2"", ""probability"": 0.06625}, {""score"": ""0-2"", ""probability"": 0.064308}, {""score"": ""0-1"", ""probability"": 0.061167}, {""score"": ""1-3"", ""probability"": 0.058825}, {""score"": ""1-0"", ""probability"": 0.044403}, {""score"": ""2-3"", ""probability"": 0.042219}, {""score"": ""0-0"", ""probability"": 0.041296}]",,0.6554,0.3446,Yes,3.5,0.4605,0.5395,True,Under 3.5,1.5,0.6407,0.3593,True,Olympique de Marseille +1.5,False,False,True,False,False,False,,,,,,,,0.5858,0.4142,0.2,weekly_update_20260916T234430Z_a723fb01,2026-08-18.phase1,0.1.0-phase1,0.1.0-phase1,2026-09-16T23:44:30+00:00
LIGUE12627_MW06_047_RCLens_OlympiqueLyonnais,2026-27,6,2026-10-09,2026-10-09T18:45:00+00:00,RC Lens,Olympique Lyonnais,Stade Bollaert-Delelis,scheduled,early_week_mode,,,,1.776,1.235,,,1-1,,draw,,0.484,0.2495,0.2665,RC Lens,0.4939,0.2467,0.2593,,,,"[{""score"": ""1-1"", ""probability"": 0.114832}, {""score"": ""2-1"", ""probability"": 0.095912}, {""score"": ""1-0"", ""probability"": 0.080585}, {""score"": ""2-0"", ""probability"": 0.077631}, {""score"": ""1-2"", ""probability"": 0.066717}, {""score"": ""2-2"", ""probability"": 0.05925}, {""score"": ""3-1"", ""probability"": 0.056784}, {""score"": ""0-0"", ""probability"": 0.056047}, {""score"": ""0-1"", ""probability"": 0.053976}, {""score"": ""3-0"", ""probability"": 0.045961}]",,0.596,0.404,Yes,2.5,0.5897,0.4103,True,Over 2.5,-0.25,0.535,0.465,True,RC Lens -0.25,False,False,True,False,False,False,,,,,,,,0.484,0.516,0.2,weekly_update_20260916T234430Z_a723fb01,2026-08-18.phase1,0.1.0-phase1,0.1.0-phase1,2026-09-16T23:44:30+00:00
LIGUE12627_MW06_048_LOSCLille_HavreAthleticClub,2026-27,6,2026-10-10,2026-10-10T15:15:00+00:00,LOSC Lille,Havre Athletic Club,Stade Pierre-Mauroy,scheduled,early_week_mode,,,,1.659,0.651,,,1-0,,home_win,,0.6343,0.2278,0.1379,LOSC Lille,0.6109,0.2527,0.1364,,,,"[{""score"": ""1-0"", ""probability"": 0.157822}, {""score"": ""2-0"", ""probability"": 0.136539}, {""score"": ""1-1"", ""probability"": 0.11402}, {""score"": ""0-0"", ""probability"": 0.106002}, {""score"": ""2-1"", ""probability"": 0.088953}, {""score"": ""3-0"", ""probability"": 0.075505}, {""score"": ""0-1"", ""probability"": 0.057858}, {""score"": ""3-1"", ""probability"": 0.049191}, {""score"": ""1-2"", ""probability"": 0.034932}, {""score"": ""4-0"", ""probability"": 0.031316}]",,0.3944,0.6056,No,2.5,0.4791,0.5209,True,Under 2.5,-1.5,0.3928,0.6072,True,Havre Athletic Club +1.5,False,False,True,False,False,False,,,,,,,,0.6343,0.3657,0.2,weekly_update_20260916T234430Z_a723fb01,2026-08-18.phase1,0.1.0-phase1,0.1.0-phase1,2026-09-16T23:44:30+00:00
LIGUE12627_MW06_046_StadeBrestois29_AngersSCO,2026-27,6,2026-10-10,2026-10-10T18:45:00+00:00,Stade Brestois 29,Angers SCO,Stade Francis-Le Blé,scheduled,early_week_mode,,,,1.559,0.856,,,1-0,,home_win,,0.5017,0.2642,0.2341,Stade Brestois 29,0.5312,0.27,0.1988,,,,"[{""score"": ""1-0"", ""probability"": 0.131738}, {""score"": ""1-1"", ""probability"": 0.126826}, {""score"": ""2-0"", ""probability"": 0.108556}, {""score"": ""0-0"", ""probability"": 0.096896}, {""score"": ""2-1"", ""probability"": 0.092969}, {""score"": ""0-1"", ""probability"": 0.068978}, {""score"": ""3-0"", ""probability"": 0.056406}, {""score"": ""1-2"", ""probability"": 0.051077}, {""score"": ""3-1"", ""probability"": 0.048307}, {""score"": ""2-2"", ""probability"": 0.03981}]",,0.4618,0.5382,No,2.5,0.4795,0.5205,True,Under 2.5,-0.5,0.5156,0.4844,True,Stade Brestois 29 -0.5,False,False,True,False,False,False,,,,,,,,0.5017,0.4983,0.2,weekly_update_20260916T234430Z_a723fb01,2026-08-18.phase1,0.1.0-phase1,0.1.0-phase1,2026-09-16T23:44:30+00:00
LIGUE12627_MW06_049_FCLorient_ParisFC,2026-27,6,2026-10-10,2026-10-10T18:45:00+00:00,FC Lorient,Paris FC,Stade du Moustoir,scheduled,early_week_mode,,,,1.4,1.26,,,1-1,,draw,,0.3584,0.2799,0.3617,Paris FC,0.3948,0.2753,0.3299,,,,"[{""score"": ""1-1"", ""probability"": 0.1312}, {""score"": ""1-0"", ""probability"": 0.090144}, {""score"": ""2-1"", ""probability"": 0.086379}, {""score"": ""0-1"", ""probability"": 0.080333}, {""score"": ""0-0"", ""probability"": 0.077765}, {""score"": ""1-2"", ""probability"": 0.077727}, {""score"": ""2-0"", ""probability"": 0.068566}, {""score"": ""0-2"", ""probability"": 0.055518}, {""score"": ""2-2"", ""probability"": 0.05441}, {""score"": ""3-1"", ""probability"": 0.040311}]",,0.5475,0.4525,Yes,2.5,0.5118,0.4882,True,Over 2.5,0.0,0.4948,0.5052,True,Paris FC (pick'em),False,False,True,False,False,False,,,,,,,,0.3617,0.6383,0.2,weekly_update_20260916T234430Z_a723fb01,2026-08-18.phase1,0.1.0-phase1,0.1.0-phase1,2026-09-16T23:44:30+00:00
LIGUE12627_MW06_050_ASMonaco_ToulouseFC,2026-27,6,2026-10-10,2026-10-10T18:45:00+00:00,AS Monaco,Toulouse FC,Stade Louis II,scheduled,early_week_mode,,,,1.895,1.19,,,1-1,,draw,,0.5128,0.2417,0.2455,AS Monaco,0.5317,0.2369,0.2314,,,,"[{""score"": ""1-1"", ""probability"": 0.109657}, {""score"": ""2-1"", ""probability"": 0.097724}, {""score"": ""2-0"", ""probability"": 0.08211}, {""score"": ""1-0"", ""probability"": 0.080133}, {""score"": ""3-1"", ""probability"": 0.061731}, {""score"": ""1-2"", ""probability"": 0.061373}, {""score"": ""2-2"", ""probability"": 0.058153}, {""score"": ""0-0"", ""probability"": 0.05225}, {""score"": ""3-0"", ""probability"": 0.051868}, {""score"": ""0-1"", ""probability"": 0.047899}]",,0.5977,0.4023,Yes,2.5,0.5762,0.4238,True,Over 2.5,-0.5,0.5139,0.4861,True,AS Monaco -0.5,False,False,True,False,False,False,,,,,,,,0.5128,0.4872,0.2,weekly_update_20260916T234430Z_a723fb01,2026-08-18.phase1,0.1.0-phase1,0.1.0-phase1,2026-09-16T23:44:30+00:00
LIGUE12627_MW06_052_ParisSaint-Germain_LeMansFC,2026-27,6,2026-10-10,2026-10-10T18:45:00+00:00,Paris Saint-Germain,Le Mans FC,Parc des Princes,scheduled,early_week_mode,,,,4.257,0.881,,,4-0,,home_win,,1.0,0.0,0.0,Paris Saint-Germain,0.9042,0.0642,0.0316,,,,"[{""score"": ""4-0"", ""probability"": 0.082788}, {""score"": ""3-0"", ""probability"": 0.077791}, {""score"": ""4-1"", ""probability"": 0.072951}, {""score"": ""5-0"", ""probability"": 0.070485}, {""score"": ""3-1"", ""probability"": 0.068547}, {""score"": ""5-1"", ""probability"": 0.06211}, {""score"": ""2-0"", ""probability"": 0.054822}, {""score"": ""6-0"", ""probability"": 0.050009}, {""score"": ""2-1"", ""probability"": 0.048307}, {""score"": ""6-1"", ""probability"": 0.044066}]",,0.5786,0.4214,Yes,4.5,0.4916,0.5084,True,Under 4.5,-2.75,0.5364,0.4636,True,Paris Saint-Germain -2.75,False,False,True,False,False,False,,,,,,,,1.0,0.0,0.2,weekly_update_20260916T234430Z_a723fb01,2026-08-18.phase1,0.1.0-phase1,0.1.0-phase1,2026-09-16T23:44:30+00:00
LIGUE12627_MW06_051_OGCNice_RCStrasbourgAlsace,2026-27,6,2026-10-11,2026-10-11T13:00:00+00:00,OGC Nice,RC Strasbourg Alsace,Allianz Riviera,scheduled,early_week_mode,,,,1.421,1.466,,,1-1,,draw,,0.4041,0.2542,0.3417,OGC Nice,0.3585,0.263,0.3784,,,,"[{""score"": ""1-1"", ""probability"": 0.123481}, {""score"": ""1-2"", ""probability"": 0.085107}, {""score"": ""2-1"", ""probability"": 0.082524}, {""score"": ""0-1"", ""probability"": 0.074374}, {""score"": ""1-0"", ""probability"": 0.071893}, {""score"": ""0-0"", ""probability"": 0.063101}, {""score"": ""2-2"", ""probability"": 0.060475}, {""score"": ""0-2"", ""probability"": 0.059886}, {""score"": ""2-0"", ""probability"": 0.056305}, {""score"": ""1-3"", ""probability"": 0.041579}]",,0.5907,0.4093,Yes,2.5,0.5453,0.4547,True,Over 2.5,-0.25,0.4613,0.5387,True,RC Strasbourg Alsace +0.25,False,False,True,False,False,False,,,,,,,,0.4041,0.5959,0.2,weekly_update_20260916T234430Z_a723fb01,2026-08-18.phase1,0.1.0-phase1,0.1.0-phase1,2026-09-16T23:44:30+00:00
LIGUE12627_MW06_053_StadeRennaisFC_AJAuxerre,2026-27,6,2026-10-11,2026-10-11T15:15:00+00:00,Stade Rennais FC,AJ Auxerre,Roazhon Park,scheduled,early_week_mode,,,,1.906,1.119,,,1-1,,draw,,0.6024,0.2106,0.1871,Stade Rennais FC,0.5505,0.2355,0.214,,,,"[{""score"": ""1-1"", ""probability"": 0.110128}, {""score"": ""2-1"", ""probability"": 0.09871}, {""score"": ""2-0"", ""probability"": 0.088186}, {""score"": ""1-0"", ""probability"": 0.085983}, {""score"": ""3-1"", ""probability"": 0.062715}, {""score"": ""1-2"", ""probability"": 0.05797}, {""score"": ""3-0"", ""probability"": 0.056028}, {""score"": ""2-2"", ""probability"": 0.055246}, {""score"": ""0-0"", ""probability"": 0.055099}, {""score"": ""0-1"", ""probability"": 0.047792}]",,0.5799,0.4201,Yes,3.5,0.3948,0.6052,True,Under 3.5,-1.5,0.3848,0.6152,True,AJ Auxerre +1.5,False,False,True,False,False,False,,,,,,,,0.6024,0.3976,0.2,weekly_update_20260916T234430Z_a723fb01,2026-08-18.phase1,0.1.0-phase1,0.1.0-phase1,2026-09-16T23:44:30+00:00
LIGUE12627_MW06_054_EstacTroyes_OlympiquedeMarseille,2026-27,6,2026-10-11,2026-10-11T18:45:00+00:00,Estac Troyes,Olympique de Marseille,Stade de l'Aube,scheduled,early_week_mode,,,,0.666,1.784,,,0-1,,away_win,,0.218,0.2338,0.5482,Olympique de Marseille,0.1272,0.2366,0.6362,,,,"[{""score"": ""0-1"", ""probability"": 0.147569}, {""score"": ""0-2"", ""probability"": 0.137384}, {""score"": ""1-1"", ""probability"": 0.109023}, {""score"": ""0-0"", ""probability"": 0.092858}, {""score"": ""1-2"", ""probability"": 0.091442}, {""score"": ""0-3"", ""probability"": 0.081678}, {""score"": ""1-3"", ""probability"": 0.054365}, {""score"": ""1-0"", ""probability"": 0.051005}, {""score"": ""0-4"", ""probability"": 0.03642}, {""score"": ""2-1"", ""probability"": 0.034125}]",,0.4108,0.5892,No,2.5,0.5204,0.4796,True,Over 2.5,0.0,0.2788,0.7212,True,Olympique de Marseille (pick'em),False,False,True,False,False,False,,,,,,,,0.5482,0.4518,0.2,weekly_update_20260916T234430Z_a723fb01,2026-08-18.phase1,0.1.0-phase1,0.1.0-phase1,2026-09-16T23:44:30+00:00
LIGUE12627_MW07_057_LeMansFC_ToulouseFC,2026-27,7,2026-10-16,2026-10-16T18:45:00+00:00,Le Mans FC,Toulouse FC,Stade Marie-Marvingt,scheduled,early_week_mode,,,,1.477,2.011,,,1-1,,draw,,0.2572,0.2449,0.4979,Toulouse FC,0.2778,0.2272,0.495,,,,"[{""score"": ""1-1"", ""probability"": 0.096565}, {""score"": ""1-2"", ""probability"": 0.091313}, {""score"": ""2-2"", ""probability"": 0.067415}, {""score"": ""2-1"", ""probability"": 0.067052}, {""score"": ""0-2"", ""probability"": 0.061841}, {""score"": ""1-3"", ""probability"": 0.061205}, {""score"": ""0-1"", ""probability"": 0.055764}, {""score"": ""2-3"", ""probability"": 0.045187}, {""score"": ""0-3"", ""probability"": 0.041451}, {""score"": ""1-0"", ""probability"": 0.039422}]",,0.674,0.326,Yes,2.5,0.6767,0.3233,False,Over 2.5,0.5,0.505,0.495,False,Le Mans FC +0.5,False,False,False,False,False,False,,,,,,,,0.4979,0.5021,0.2,weekly_update_20260916T234430Z_a723fb01,2026-08-18.phase1,0.1.0-phase1,0.1.0-phase1,2026-09-16T23:44:30+00:00
LIGUE12627_MW07_062_RCStrasbourgAlsace_ParisSaint-Germain,2026-27,7,2026-10-17,2026-10-17T15:15:00+00:00,RC Strasbourg Alsace,Paris Saint-Germain,Stade de la Meinau,scheduled,early_week_mode,,,,1.221,2.108,,,1-1,,draw,,0.2271,0.2187,0.5543,Paris Saint-Germain,0.2096,0.2191,0.5712,,,,"[{""score"": ""1-1"", ""probability"": 0.098073}, {""score"": ""1-2"", ""probability"": 0.09723}, {""score"": ""0-2"", ""probability"": 0.079626}, {""score"": ""0-1"", ""probability"": 0.069705}, {""score"": ""1-3"", ""probability"": 0.068327}, {""score"": ""2-2"", ""probability"": 0.059363}, {""score"": ""2-1"", ""probability"": 0.056316}, {""score"": ""0-3"", ""probability"": 0.055956}, {""score"": ""2-3"", ""probability"": 0.041717}, {""score"": ""0-0"", ""probability"": 0.041665}]",,0.6253,0.3747,Yes,2.5,0.6463,0.3537,False,Over 2.5,0.75,0.4835,0.5165,False,Paris Saint-Germain -0.75,False,False,False,False,False,False,,,,,,,,0.5543,0.4457,0.2,weekly_update_20260916T234430Z_a723fb01,2026-08-18.phase1,0.1.0-phase1,0.1.0-phase1,2026-09-16T23:44:30+00:00
LIGUE12627_MW07_058_LOSCLille_StadeBrestois29,2026-27,7,2026-10-17,2026-10-17T18:45:00+00:00,LOSC Lille,Stade Brestois 29,Stade Pierre-Mauroy,scheduled,early_week_mode,,,,1.814,0.879,,,1-0,,home_win,,0.5815,0.2335,0.185,LOSC Lille,0.5877,0.2407,0.1716,,,,"[{""score"": ""1-0"", ""probability"": 0.116002}, {""score"": ""1-1"", ""probability"": 0.114757}, {""score"": ""2-0"", ""probability"": 0.111393}, {""score"": ""2-1"", ""probability"": 0.097882}, {""score"": ""0-0"", ""probability"": 0.074545}, {""score"": ""3-0"", ""probability"": 0.067348}, {""score"": ""3-1"", ""probability"": 0.059179}, {""score"": ""0-1"", ""probability"": 0.052679}, {""score"": ""1-2"", ""probability"": 0.04742}, {""score"": ""2-2"", ""probability"": 0.043005}]",,0.4962,0.5038,No,2.5,0.5045,0.4955,False,Over 2.5,-0.75,0.5268,0.4732,False,LOSC Lille -0.75,False,False,False,False,False,False,,,,,,,,0.5815,0.4185,0.2,weekly_update_20260916T234430Z_a723fb01,2026-08-18.phase1,0.1.0-phase1,0.1.0-phase1,2026-09-16T23:44:30+00:00
LIGUE12627_MW07_063_EstacTroyes_RCLens,2026-27,7,2026-10-17,2026-10-17T18:45:00+00:00,Estac Troyes,RC Lens,Stade de l'Aube,scheduled,early_week_mode,,,,0.575,1.716,,,0-1,,away_win,,0.1834,0.2411,0.5755,RC Lens,0.1134,0.2412,0.6454,,,,"[{""score"": ""0-1"", ""probability"": 0.167298}, {""score"": ""0-2"", ""probability"": 0.148919}, {""score"": ""0-0"", ""probability"": 0.107518}, {""score"": ""1-1"", ""probability"": 0.106177}, {""score"": ""1-2"", ""probability"": 0.085657}, {""score"": ""0-3"", ""probability"": 0.085158}, {""score"": ""1-0"", ""probability"": 0.051895}, {""score"": ""1-3"", ""probability"": 0.048982}, {""score"": ""0-4"", ""probability"": 0.036523}, {""score"": ""2-1"", ""probability"": 0.02872}]",,0.365,0.635,No,2.5,0.4015,0.5985,False,Under 2.5,1.0,0.4888,0.5112,False,RC Lens -1,False,False,False,False,False,False,,,,,,,,0.5755,0.4245,0.2,weekly_update_20260916T234430Z_a723fb01,2026-08-18.phase1,0.1.0-phase1,0.1.0-phase1,2026-09-16T23:44:30+00:00
LIGUE12627_MW07_055_AngersSCO_OlympiquedeMarseille,2026-27,7,2026-10-18,2026-10-18T13:00:00+00:00,Angers SCO,Olympique de Marseille,Stade Raymond Kopa,scheduled,early_week_mode,,,,0.874,1.774,,,0-1,,away_win,,0.2045,0.2476,0.548,Olympique de Marseille,0.1754,0.2451,0.5796,,,,"[{""score"": ""0-1"", ""probability"": 0.118597}, {""score"": ""1-1"", ""probability"": 0.116715}, {""score"": ""0-2"", ""probability"": 0.111363}, {""score"": ""1-2"", ""probability"": 0.097376}, {""score"": ""0-0"", ""probability"": 0.077703}, {""score"": ""0-3"", ""probability"": 0.065858}, {""score"": ""1-3"", ""probability"": 0.057587}, {""score"": ""1-0"", ""probability"": 0.054931}, {""score"": ""2-1"", ""probability"": 0.047993}, {""score"": ""2-2"", ""probability"": 0.042573}]",,0.4909,0.5091,No,2.5,0.4936,0.5064,False,Under 2.5,0.75,0.4816,0.5184,False,Olympique de Marseille -0.75,False,False,False,False,False,False,,,,,,,,0.548,0.452,0.2,weekly_update_20260916T234430Z_a723fb01,2026-08-18.phase1,0.1.0-phase1,0.1.0-phase1,2026-09-16T23:44:30+00:00
LIGUE12627_MW07_056_HavreAthleticClub_AJAuxerre,2026-27,7,2026-10-18,2026-10-18T15:15:00+00:00,Havre Athletic Club,AJ Auxerre,Stade Océane,scheduled,early_week_mode,,,,1.106,1.115,,,1-1,,draw,,0.3498,0.2955,0.3547,AJ Auxerre,0.3446,0.3065,0.3489,,,,"[{""score"": ""1-1"", ""probability"": 0.142255}, {""score"": ""0-0"", ""probability"": 0.116888}, {""score"": ""0-1"", ""probability"": 0.112454}, {""score"": ""1-0"", ""probability"": 0.111512}, {""score"": ""1-2"", ""probability"": 0.074603}, {""score"": ""2-1"", ""probability"": 0.074021}, {""score"": ""0-2"", ""probability"": 0.067422}, {""score"": ""2-0"", ""probability"": 0.066375}, {""score"": ""2-2"", ""probability"": 0.041274}, {""score"": ""1-3"", ""probability"": 0.027732}]",,0.4583,0.5417,No,2.5,0.3831,0.6169,False,Under 2.5,0.0,0.4978,0.5022,False,AJ Auxerre (pick'em),False,False,False,False,False,False,,,,,,,,0.3547,0.6453,0.2,weekly_update_20260916T234430Z_a723fb01,2026-08-18.phase1,0.1.0-phase1,0.1.0-phase1,2026-09-16T23:44:30+00:00
LIGUE12627_MW07_059_FCLorient_ASMonaco,2026-27,7,2026-10-18,2026-10-18T15:15:00+00:00,FC Lorient,AS Monaco,Stade du Moustoir,scheduled,early_week_mode,,,,1.51,1.651,,,1-1,,draw,,0.3409,0.2455,0.4136,AS Monaco,0.3453,0.2487,0.406,,,,"[{""score"": ""1-1"", ""probability"": 0.112364}, {""score"": ""1-2"", ""probability"": 0.087248}, {""score"": ""2-1"", ""probability"": 0.079765}, {""score"": ""2-2"", ""probability"": 0.065853}, {""score"": ""0-1"", ""probability"": 0.063323}, {""score"": ""0-2"", ""probability"": 0.057797}, {""score"": ""1-0"", ""probability"": 0.057319}, {""score"": ""0-0"", ""probability"": 0.049082}, {""score"": ""2-0"", ""probability"": 0.048308}, {""score"": ""1-3"", ""probability"": 0.04802}]",,0.6362,0.3638,Yes,2.5,0.6118,0.3882,False,Over 2.5,0.0,0.4696,0.5304,False,AS Monaco (pick'em),False,False,False,False,False,False,,,,,,,,0.4136,0.5864,0.2,weekly_update_20260916T234430Z_a723fb01,2026-08-18.phase1,0.1.0-phase1,0.1.0-phase1,2026-09-16T23:44:30+00:00
LIGUE12627_MW07_061_ParisFC_StadeRennaisFC,2026-27,7,2026-10-18,2026-10-18T15:15:00+00:00,Paris FC,Stade Rennais FC,Stade Jean-Bouin,scheduled,early_week_mode,,,,1.546,1.469,,,1-1,,draw,,0.3798,0.2407,0.3795,Paris FC,0.3888,0.2562,0.355,,,,"[{""score"": ""1-1"", ""probability"": 0.118411}, {""score"": ""2-1"", ""probability"": 0.086111}, {""score"": ""1-2"", ""probability"": 0.081813}, {""score"": ""1-0"", ""probability"": 0.068756}, {""score"": ""0-1"", ""probability"": 0.064972}, {""score"": ""2-2"", ""probability"": 0.063259}, {""score"": ""2-0"", ""probability"": 0.058609}, {""score"": ""0-0"", ""probability"": 0.056059}, {""score"": ""0-2"", ""probability"": 0.052904}, {""score"": ""3-1"", ""probability"": 0.044389}]",,0.6129,0.3871,Yes,2.5,0.5803,0.4197,False,Over 2.5,0.0,0.5169,0.4831,False,Paris FC (pick'em),False,False,False,False,False,False,,,,,,,,0.3798,0.6202,0.2,weekly_update_20260916T234430Z_a723fb01,2026-08-18.phase1,0.1.0-phase1,0.1.0-phase1,2026-09-16T23:44:30+00:00
LIGUE12627_MW07_060_OlympiqueLyonnais_OGCNice,2026-27,7,2026-10-18,2026-10-18T18:45:00+00:00,Olympique Lyonnais,OGC Nice,Parc Olympique Lyonnais,scheduled,early_week_mode,,,,1.889,1.012,,,1-1,,draw,,0.5515,0.2259,0.2227,Olympique Lyonnais,0.572,0.2356,0.1924,,,,"[{""score"": ""1-1"", ""probability"": 0.111731}, {""score"": ""2-1"", ""probability"": 0.099266}, {""score"": ""2-0"", ""probability"": 0.09805}, {""score"": ""1-0"", ""probability"": 0.097152}, {""score"": ""3-1"", ""probability"": 0.062512}, {""score"": ""3-0"", ""probability"": 0.061747}, {""score"": ""0-0"", ""probability"": 0.061588}, {""score"": ""1-2"", ""probability"": 0.053194}, {""score"": ""2-2"", ""probability"": 0.050248}, {""score"": ""0-1"", ""probability"": 0.048977}]",,0.547,0.453,Yes,2.5,0.5543,0.4457,False,Over 2.5,-0.75,0.5136,0.4864,False,Olympique Lyonnais -0.75,False,False,False,False,False,False,,,,,,,,0.5515,0.4485,0.2,weekly_update_20260916T234430Z_a723fb01,2026-08-18.phase1,0.1.0-phase1,0.1.0-phase1,2026-09-16T23:44:30+00:00
LIGUE12627_MW08_066_StadeBrestois29_OGCNice,2026-27,8,2026-10-23,2026-10-23T18:45:00+00:00,Stade Brestois 29,OGC Nice,Stade Francis-Le Blé,scheduled,early_week_mode,,,,1.514,1.262,,,1-1,,draw,,0.4039,0.2865,0.3096,Stade Brestois 29,0.4237,0.2668,0.3095,,,,"[{""score"": ""1-1"", ""probability"": 0.126545}, {""score"": ""2-1"", ""probability"": 0.090083}, {""score"": ""1-0"", ""probability"": 0.086764}, {""score"": ""1-2"", ""probability"": 0.075115}, {""score"": ""2-0"", ""probability"": 0.071367}, {""score"": ""0-1"", ""probability"": 0.071096}, {""score"": ""0-0"", ""probability"": 0.069816}, {""score"": ""2-2"", ""probability"": 0.056853}, {""score"": ""0-2"", ""probability"": 0.049621}, {""score"": ""3-1"", ""probability"": 0.045455}]",,0.5667,0.4333,Yes,2.5,0.5248,0.4752,False,Over 2.5,-0.25,0.4904,0.5096,False,OGC Nice +0.25,False,False,False,False,False,False,,,,,,,,0.4039,0.5961,0.2,weekly_update_20260916T234430Z_a723fb01,2026-08-18.phase1,0.1.0-phase1,0.1.0-phase1,2026-09-16T23:44:30+00:00
LIGUE12627_MW08_072_ToulouseFC_EstacTroyes,2026-27,8,2026-10-24,2026-10-24T15:15:00+00:00,Toulouse FC,Estac Troyes,Stadium de Toulouse,scheduled,early_week_mode,,,,1.504,0.56,,,1-0,,home_win,,0.5784,0.2895,0.1321,Toulouse FC,0.5977,0.2722,0.1301,,,,"[{""score"": ""1-0"", ""probability"": 0.184277}, {""score"": ""2-0"", ""probability"": 0.143622}, {""score"": ""0-0"", ""probability"": 0.133815}, {""score"": ""1-1"", ""probability"": 0.113661}, {""score"": ""2-1"", ""probability"": 0.080367}, {""score"": ""3-0"", ""probability"": 0.071983}, {""score"": ""0-1"", ""probability"": 0.064335}, {""score"": ""3-1"", ""probability"": 0.04028}, {""score"": ""1-2"", ""probability"": 0.029909}, {""score"": ""4-0"", ""probability"": 0.027058}]",,0.34,0.66,No,2.5,0.3404,0.6596,False,Under 2.5,-0.75,0.5286,0.4714,False,Toulouse FC -0.75,False,False,False,False,False,False,,,,,,,,0.5784,0.4216,0.2,weekly_update_20260916T234430Z_a723fb01,2026-08-18.phase1,0.1.0-phase1,0.1.0-phase1,2026-09-16T23:44:30+00:00
LIGUE12627_MW08_067_RCLens_ParisFC,2026-27,8,2026-10-24,2026-10-24T18:45:00+00:00,RC Lens,Paris FC,Stade Bollaert-Delelis,scheduled,early_week_mode,,,,1.866,1.003,,,1-1,,draw,,0.5515,0.2259,0.2227,RC Lens,0.5688,0.2378,0.1933,,,,"[{""score"": ""1-1"", ""probability"": 0.11298}, {""score"": ""1-0"", ""probability"": 0.099188}, {""score"": ""2-1"", ""probability"": 0.099118}, {""score"": ""2-0"", ""probability"": 0.098791}, {""score"": ""0-0"", ""probability"": 0.06349}, {""score"": ""3-1"", ""probability"": 0.061638}, {""score"": ""3-0"", ""probability"": 0.061434}, {""score"": ""1-2"", ""probability"": 0.053306}, {""score"": ""0-1"", ""probability"": 0.050237}, {""score"": ""2-2"", ""probability"": 0.049723}]",,0.542,0.458,Yes,2.5,0.5467,0.4533,False,Over 2.5,-0.75,0.5102,0.4898,False,RC Lens -0.75,False,False,False,False,False,False,,,,,,,,0.5515,0.4485,0.2,weekly_update_20260916T234430Z_a723fb01,2026-08-18.phase1,0.1.0-phase1,0.1.0-phase1,2026-09-16T23:44:30+00:00
LIGUE12627_MW08_069_ASMonaco_LOSCLille,2026-27,8,2026-10-25,2026-10-25T14:00:00+00:00,AS Monaco,LOSC Lille,Stade Louis II,scheduled,early_week_mode,,,,1.421,1.354,,,1-1,,draw,,0.3795,0.282,0.3385,AS Monaco,0.3807,0.2692,0.3502,,,,"[{""score"": ""1-1"", ""probability"": 0.127577}, {""score"": ""2-1"", ""probability"": 0.085231}, {""score"": ""1-2"", ""probability"": 0.081213}, {""score"": ""1-0"", ""probability"": 0.08105}, {""score"": ""0-1"", ""probability"": 0.076872}, {""score"": ""0-0"", ""probability"": 0.069982}, {""score"": ""2-0"", ""probability"": 0.062962}, {""score"": ""2-2"", ""probability"": 0.057688}, {""score"": ""0-2"", ""probability"": 0.057166}, {""score"": ""3-1"", ""probability"": 0.040361}]",,0.5701,0.4299,Yes,2.5,0.5244,0.4756,False,Over 2.5,0.0,0.5152,0.4848,False,AS Monaco (pick'em),False,False,False,False,False,False,,,,,,,,0.3795,0.6205,0.2,weekly_update_20260916T234430Z_a723fb01,2026-08-18.phase1,0.1.0-phase1,0.1.0-phase1,2026-09-16T23:44:30+00:00
LIGUE12627_MW08_064_AngersSCO_FCLorient,2026-27,8,2026-10-25,2026-10-25T16:15:00+00:00,Angers SCO,FC Lorient,Stade Raymond Kopa,scheduled,early_week_mode,,,,0.949,1.281,,,1-1,,draw,,0.2569,0.305,0.4381,FC Lorient,0.2672,0.3004,0.4324,,,,"[{""score"": ""1-1"", ""probability"": 0.138998}, {""score"": ""0-1"", ""probability"": 0.129515}, {""score"": ""0-0"", ""probability"": 0.115859}, {""score"": ""1-0"", ""probability"": 0.093816}, {""score"": ""0-2"", ""probability"": 0.088223}, {""score"": ""1-2"", ""probability"": 0.083707}, {""score"": ""2-1"", ""probability"": 0.062019}, {""score"": ""2-0"", ""probability"": 0.048429}, {""score"": ""2-2"", ""probability"": 0.039711}, {""score"": ""0-3"", ""probability"": 0.03766}]",,0.4508,0.5492,No,2.5,0.3852,0.6148,False,Under 2.5,0.25,0.4925,0.5075,False,FC Lorient -0.25,False,False,False,False,False,False,,,,,,,,0.4381,0.5619,0.2,weekly_update_20260916T234430Z_a723fb01,2026-08-18.phase1,0.1.0-phase1,0.1.0-phase1,2026-09-16T23:44:30+00:00
LIGUE12627_MW08_065_AJAuxerre_LeMansFC,2026-27,8,2026-10-25,2026-10-25T16:15:00+00:00,AJ Auxerre,Le Mans FC,Stade de l'Abbé-Deschamps,scheduled,early_week_mode,,,,2.277,1.269,,,2-1,,home_win,,0.5737,0.1991,0.2271,AJ Auxerre,0.5951,0.2063,0.1986,,,,"[{""score"": ""2-1"", ""probability"": 0.094924}, {""score"": ""1-1"", ""probability"": 0.088632}, {""score"": ""2-0"", ""probability"": 0.074795}, {""score"": ""3-1"", ""probability"": 0.072062}, {""score"": ""1-0"", ""probability"": 0.060411}, {""score"": ""2-2"", ""probability"": 0.060235}, {""score"": ""3-0"", ""probability"": 0.056781}, {""score"": ""1-2"", ""probability"": 0.052897}, {""score"": ""3-2"", ""probability"": 0.045728}, {""score"": ""4-1"", ""probability"": 0.04103}]",,0.6504,0.3496,Yes,2.5,0.6875,0.3125,False,Over 2.5,-1.0,0.4882,0.5118,False,Le Mans FC +1,False,False,False,False,False,False,,,,,,,,0.5737,0.4263,0.2,weekly_update_20260916T234430Z_a723fb01,2026-08-18.phase1,0.1.0-phase1,0.1.0-phase1,2026-09-16T23:44:30+00:00
LIGUE12627_MW08_068_OlympiquedeMarseille_HavreAthleticClub,2026-27,8,2026-10-25,2026-10-25T16:15:00+00:00,Olympique de Marseille,Havre Athletic Club,Stade Vélodrome,scheduled,early_week_mode,,,,2.106,0.849,,,2-0,,home_win,,0.6623,0.1995,0.1382,Olympique de Marseille,0.6575,0.208,0.1345,,,,"[{""score"": ""2-0"", ""probability"": 0.115494}, {""score"": ""1-0"", ""probability"": 0.103798}, {""score"": ""1-1"", ""probability"": 0.099055}, {""score"": ""2-1"", ""probability"": 0.098092}, {""score"": ""3-0"", ""probability"": 0.08107}, {""score"": ""3-1"", ""probability"": 0.068855}, {""score"": ""0-0"", ""probability"": 0.057981}, {""score"": ""4-0"", ""probability"": 0.04268}, {""score"": ""2-2"", ""probability"": 0.041656}, {""score"": ""1-2"", ""probability"": 0.039563}]",,0.5085,0.4915,Yes,2.5,0.5665,0.4335,False,Over 2.5,-1.25,0.4806,0.5194,False,Havre Athletic Club +1.25,False,False,False,False,False,False,,,,,,,,0.6623,0.3377,0.2,weekly_update_20260916T234430Z_a723fb01,2026-08-18.phase1,0.1.0-phase1,0.1.0-phase1,2026-09-16T23:44:30+00:00
LIGUE12627_MW08_071_StadeRennaisFC_RCStrasbourgAlsace,2026-27,8,2026-10-25,2026-10-25T16:15:00+00:00,Stade Rennais FC,RC Strasbourg Alsace,Roazhon Park,scheduled,early_week_mode,,,,1.964,1.477,,,1-1,,draw,,0.4887,0.2237,0.2877,Stade Rennais FC,0.4844,0.2303,0.2852,,,,"[{""score"": ""1-1"", ""probability"": 0.098831}, {""score"": ""2-1"", ""probability"": 0.091259}, {""score"": ""1-2"", ""probability"": 0.068661}, {""score"": ""2-2"", ""probability"": 0.06741}, {""score"": ""2-0"", ""probability"": 0.061773}, {""score"": ""3-1"", ""probability"": 0.059731}, {""score"": ""1-0"", ""probability"": 0.05704}, {""score"": ""3-2"", ""probability"": 0.044122}, {""score"": ""0-1"", ""probability"": 0.041459}, {""score"": ""3-0"", ""probability"": 0.040432}]",,0.6693,0.3307,Yes,2.5,0.668,0.332,False,Over 2.5,-0.5,0.4844,0.5156,False,RC Strasbourg Alsace +0.5,False,False,False,False,False,False,,,,,,,,0.4887,0.5113,0.2,weekly_update_20260916T234430Z_a723fb01,2026-08-18.phase1,0.1.0-phase1,0.1.0-phase1,2026-09-16T23:44:30+00:00
LIGUE12627_MW08_070_ParisSaint-Germain_OlympiqueLyonnais,2026-27,8,2026-10-25,2026-10-25T19:45:00+00:00,Paris Saint-Germain,Olympique Lyonnais,Parc des Princes,scheduled,early_week_mode,,,,2.225,1.063,,,2-1,,home_win,,0.6005,0.2084,0.191,Paris Saint-Germain,0.6308,0.2051,0.1641,,,,"[{""score"": ""2-1"", ""probability"": 0.098276}, {""score"": ""1-1"", ""probability"": 0.093936}, {""score"": ""2-0"", ""probability"": 0.092491}, {""score"": ""1-0"", ""probability"": 0.077561}, {""score"": ""3-1"", ""probability"": 0.072879}, {""score"": ""3-0"", ""probability"": 0.068589}, {""score"": ""2-2"", ""probability"": 0.052211}, {""score"": ""1-2"", ""probability"": 0.046937}, {""score"": ""0-0"", ""probability"": 0.042962}, {""score"": ""4-1"", ""probability"": 0.040534}]",,0.5892,0.4108,Yes,2.5,0.6378,0.3622,False,Over 2.5,-1.0,0.5193,0.4807,False,Paris Saint-Germain -1,False,False,False,False,False,False,,,,,,,,0.6005,0.3995,0.2,weekly_update_20260916T234430Z_a723fb01,2026-08-18.phase1,0.1.0-phase1,0.1.0-phase1,2026-09-16T23:44:30+00:00
LIGUE12627_MW09_073_HavreAthleticClub_ParisSaint-Germain,2026-27,9,2026-10-30,2026-10-30T18:00:00+00:00,Havre Athletic Club,Paris Saint-Germain,Stade Océane,scheduled,early_week_mode,,,,0.768,2.084,,,0-2,,away_win,,0.1841,0.1967,0.6192,Paris Saint-Germain,0.1207,0.2061,0.6732,,,,"[{""score"": ""0-2"", ""probability"": 0.125365}, {""score"": ""0-1"", ""probability"": 0.114439}, {""score"": ""1-1"", ""probability"": 0.098254}, {""score"": ""1-2"", ""probability"": 0.096313}, {""score"": ""0-3"", ""probability"": 0.087107}, {""score"": ""1-3"", ""probability"": 0.066921}, {""score"": ""0-0"", ""probability"": 0.063549}, {""score"": ""0-4"", ""probability"": 0.045393}, {""score"": ""1-0"", ""probability"": 0.038488}, {""score"": ""2-2"", ""probability"": 0.036997}]",,0.4753,0.5247,No,2.5,0.5429,0.4571,False,Over 2.5,1.25,0.5069,0.4931,False,Havre Athletic Club +1.25,False,False,False,False,False,False,,,,,,,,0.6192,0.3808,0.2,weekly_update_20260916T234430Z_a723fb01,2026-08-18.phase1,0.1.0-phase1,0.1.0-phase1,2026-09-16T23:44:30+00:00
LIGUE12627_MW09_074_LOSCLille_RCLens,2026-27,9,2026-10-30,2026-10-30T20:05:00+00:00,LOSC Lille,RC Lens,Stade Pierre-Mauroy,scheduled,early_week_mode,,,,1.315,1.171,,,1-1,,draw,,0.3846,0.2858,0.3296,LOSC Lille,0.3912,0.2863,0.3224,,,,"[{""score"": ""1-1"", ""probability"": 0.136298}, {""score"": ""1-0"", ""probability"": 0.101384}, {""score"": ""0-0"", ""probability"": 0.091378}, {""score"": ""0-1"", ""probability"": 0.089384}, {""score"": ""2-1"", ""probability"": 0.084279}, {""score"": ""1-2"", ""probability"": 0.075042}, {""score"": ""2-0"", ""probability"": 0.071985}, {""score"": ""0-2"", ""probability"": 0.057071}, {""score"": ""2-2"", ""probability"": 0.049336}, {""score"": ""3-1"", ""probability"": 0.036939}]",,0.5127,0.4873,Yes,2.5,0.4525,0.5475,False,Under 2.5,0.0,0.5344,0.4656,False,LOSC Lille (pick'em),False,False,False,False,False,False,,,,,,,,0.3846,0.6154,0.2,weekly_update_20260916T234430Z_a723fb01,2026-08-18.phase1,0.1.0-phase1,0.1.0-phase1,2026-09-16T23:44:30+00:00
LIGUE12627_MW09_078_OGCNice_StadeRennaisFC,2026-27,9,2026-10-31,2026-10-31T16:15:00+00:00,OGC Nice,Stade Rennais FC,Allianz Riviera,scheduled,early_week_mode,,,,1.41,1.588,,,1-1,,draw,,0.3409,0.2455,0.4136,Stade Rennais FC,0.3328,0.2562,0.411,,,,"[{""score"": ""1-1"", ""probability"": 0.118739}, {""score"": ""1-2"", ""probability"": 0.088695}, {""score"": ""2-1"", ""probability"": 0.078754}, {""score"": ""0-1"", ""probability"": 0.072118}, {""score"": ""1-0"", ""probability"": 0.063243}, {""score"": ""0-2"", ""probability"": 0.062886}, {""score"": ""2-2"", ""probability"": 0.062548}, {""score"": ""0-0"", ""probability"": 0.056911}, {""score"": ""2-0"", ""probability"": 0.04958}, {""score"": ""1-3"", ""probability"": 0.046962}]",,0.6086,0.3914,Yes,2.5,0.5765,0.4235,False,Over 2.5,0.25,0.5249,0.4751,False,OGC Nice +0.25,False,False,False,False,False,False,,,,,,,,0.4136,0.5864,0.2,weekly_update_20260916T234430Z_a723fb01,2026-08-18.phase1,0.1.0-phase1,0.1.0-phase1,2026-09-16T23:44:30+00:00
LIGUE12627_MW09_075_FCLorient_StadeBrestois29,2026-27,9,2026-10-31,2026-10-31T19:45:00+00:00,FC Lorient,Stade Brestois 29,Stade du Moustoir,scheduled,early_week_mode,,,,1.662,1.243,,,1-1,,draw,,0.4677,0.2409,0.2914,FC Lorient,0.4648,0.2559,0.2793,,,,"[{""score"": ""1-1"", ""probability"": 0.120271}, {""score"": ""2-1"", ""probability"": 0.093992}, {""score"": ""1-0"", ""probability"": 0.083848}, {""score"": ""2-0"", ""probability"": 0.075616}, {""score"": ""1-2"", ""probability"": 0.070304}, {""score"": ""0-0"", ""probability"": 0.061913}, {""score"": ""0-1"", ""probability"": 0.060913}, {""score"": ""2-2"", ""probability"": 0.058417}, {""score"": ""3-1"", ""probability"": 0.052067}, {""score"": ""0-2"", ""probability"": 0.042304}]",,0.5836,0.4164,Yes,2.5,0.5551,0.4449,False,Over 2.5,-0.25,0.5288,0.4712,False,FC Lorient -0.25,False,False,False,False,False,False,,,,,,,,0.4677,0.5323,0.2,weekly_update_20260916T234430Z_a723fb01,2026-08-18.phase1,0.1.0-phase1,0.1.0-phase1,2026-09-16T23:44:30+00:00
LIGUE12627_MW09_076_OlympiqueLyonnais_AngersSCO,2026-27,9,2026-10-31,2026-10-31T19:45:00+00:00,Olympique Lyonnais,Angers SCO,Parc Olympique Lyonnais,scheduled,early_week_mode,,,,1.945,0.687,,,2-0,,home_win,,0.6572,0.2125,0.1302,Olympique Lyonnais,0.6657,0.2175,0.1168,,,,"[{""score"": ""2-0"", ""probability"": 0.136108}, {""score"": ""1-0"", ""probability"": 0.133846}, {""score"": ""1-1"", ""probability"": 0.102192}, {""score"": ""2-1"", ""probability"": 0.093491}, {""score"": ""3-0"", ""probability"": 0.088263}, {""score"": ""0-0"", ""probability"": 0.078003}, {""score"": ""3-1"", ""probability"": 0.060628}, {""score"": ""0-1"", ""probability"": 0.043325}, {""score"": ""4-0"", ""probability"": 0.042928}, {""score"": ""1-2"", ""probability"": 0.03301}]",,0.4319,0.5681,No,2.5,0.4896,0.5104,False,Under 2.5,-1.25,0.4777,0.5223,False,Angers SCO +1.25,False,False,False,False,False,False,,,,,,,,0.6572,0.3428,0.2,weekly_update_20260916T234430Z_a723fb01,2026-08-18.phase1,0.1.0-phase1,0.1.0-phase1,2026-09-16T23:44:30+00:00
LIGUE12627_MW09_081_EstacTroyes_LeMansFC,2026-27,9,2026-10-31,2026-10-31T19:45:00+00:00,Estac Troyes,Le Mans FC,Stade de l'Aube,scheduled,early_week_mode,,,,1.218,1.333,,,1-1,,draw,,0.3355,0.2834,0.3811,Le Mans FC,0.3317,0.2824,0.3859,,,,"[{""score"": ""1-1"", ""probability"": 0.134678}, {""score"": ""0-1"", ""probability"": 0.096011}, {""score"": ""1-0"", ""probability"": 0.08704}, {""score"": ""0-0"", ""probability"": 0.086069}, {""score"": ""1-2"", ""probability"": 0.0844}, {""score"": ""2-1"", ""probability"": 0.077121}, {""score"": ""0-2"", ""probability"": 0.069311}, {""score"": ""2-0"", ""probability"": 0.057872}, {""score"": ""2-2"", ""probability"": 0.051387}, {""score"": ""1-3"", ""probability"": 0.037491}]",,0.5264,0.4736,Yes,2.5,0.469,0.531,False,Under 2.5,0.0,0.4729,0.5271,False,Le Mans FC (pick'em),False,False,False,False,False,False,,,,,,,,0.3811,0.6189,0.2,weekly_update_20260916T234430Z_a723fb01,2026-08-18.phase1,0.1.0-phase1,0.1.0-phase1,2026-09-16T23:44:30+00:00
LIGUE12627_MW09_080_RCStrasbourgAlsace_AJAuxerre,2026-27,9,2026-11-01,2026-11-01T14:00:00+00:00,RC Strasbourg Alsace,AJ Auxerre,Stade de la Meinau,scheduled,early_week_mode,,,,1.759,1.128,,,1-1,,draw,,0.5217,0.2436,0.2348,RC Strasbourg Alsace,0.5144,0.249,0.2366,,,,"[{""score"": ""1-1"", ""probability"": 0.117627}, {""score"": ""2-1"", ""probability"": 0.097282}, {""score"": ""1-0"", ""probability"": 0.091089}, {""score"": ""2-0"", ""probability"": 0.086251}, {""score"": ""0-0"", ""probability"": 0.062769}, {""score"": ""1-2"", ""probability"": 0.062389}, {""score"": ""3-1"", ""probability"": 0.057029}, {""score"": ""0-1"", ""probability"": 0.055908}, {""score"": ""2-2"", ""probability"": 0.054861}, {""score"": ""3-0"", ""probability"": 0.050563}]",,0.5668,0.4332,Yes,2.5,0.5509,0.4491,False,Over 2.5,-0.5,0.5144,0.4856,False,RC Strasbourg Alsace -0.5,False,False,False,False,False,False,,,,,,,,0.5217,0.4783,0.2,weekly_update_20260916T234430Z_a723fb01,2026-08-18.phase1,0.1.0-phase1,0.1.0-phase1,2026-09-16T23:44:30+00:00
LIGUE12627_MW09_079_ParisFC_ASMonaco,2026-27,9,2026-11-01,2026-11-01T16:15:00+00:00,Paris FC,AS Monaco,Stade Jean-Bouin,scheduled,early_week_mode,,,,1.53,1.528,,,1-1,,draw,,0.3798,0.2407,0.3795,Paris FC,0.3733,0.2543,0.3724,,,,"[{""score"": ""1-1"", ""probability"": 0.116779}, {""score"": ""2-1"", ""probability"": 0.084027}, {""score"": ""1-2"", ""probability"": 0.083921}, {""score"": ""1-0"", ""probability"": 0.064926}, {""score"": ""0-1"", ""probability"": 0.064835}, {""score"": ""2-2"", ""probability"": 0.064204}, {""score"": ""2-0"", ""probability"": 0.054986}, {""score"": ""0-2"", ""probability"": 0.054847}, {""score"": ""0-0"", ""probability"": 0.053919}, {""score"": ""3-1"", ""probability"": 0.042856}]",,0.6205,0.3795,Yes,2.5,0.5897,0.4103,False,Over 2.5,0.0,0.5004,0.4996,False,Paris FC (pick'em),False,False,False,False,False,False,,,,,,,,0.3798,0.6202,0.2,weekly_update_20260916T234430Z_a723fb01,2026-08-18.phase1,0.1.0-phase1,0.1.0-phase1,2026-09-16T23:44:30+00:00
LIGUE12627_MW09_077_OlympiquedeMarseille_ToulouseFC,2026-27,9,2026-11-01,2026-11-01T19:45:00+00:00,Olympique de Marseille,Toulouse FC,Stade Vélodrome,scheduled,early_week_mode,,,,1.976,1.099,,,1-1,,draw,,0.5515,0.2259,0.2227,Olympique de Marseille,0.5708,0.2288,0.2005,,,,"[{""score"": ""1-1"", ""probability"": 0.10666}, {""score"": ""2-1"", ""probability"": 0.099124}, {""score"": ""2-0"", ""probability"": 0.090184}, {""score"": ""1-0"", ""probability"": 0.084924}, {""score"": ""3-1"", ""probability"": 0.065298}, {""score"": ""3-0"", ""probability"": 0.059408}, {""score"": ""1-2"", ""probability"": 0.05513}, {""score"": ""2-2"", ""probability"": 0.054475}, {""score"": ""0-0"", ""probability"": 0.052527}, {""score"": ""0-1"", ""probability"": 0.044416}]",,0.5807,0.4193,Yes,2.5,0.5934,0.4066,False,Over 2.5,-0.75,0.514,0.486,False,Olympique de Marseille -0.75,False,False,False,False,False,False,,,,,,,,0.5515,0.4485,0.2,weekly_update_20260916T234430Z_a723fb01,2026-08-18.phase1,0.1.0-phase1,0.1.0-phase1,2026-09-16T23:44:30+00:00
LIGUE12627_MW10_090_ToulouseFC_RCStrasbourgAlsace,2026-27,10,2026-11-06,2026-11-06T19:45:00+00:00,Toulouse FC,RC Strasbourg Alsace,Stadium de Toulouse,scheduled,early_week_mode,,,,1.475,1.381,,,1-1,,draw,,0.3959,0.2509,0.3532,Toulouse FC,0.3889,0.2644,0.3467,,,,"[{""score"": ""1-1"", ""probability"": 0.124517}, {""score"": ""2-1"", ""probability"": 0.08638}, {""score"": ""1-2"", ""probability"": 0.080882}, {""score"": ""1-0"", ""probability"": 0.077377}, {""score"": ""0-1"", ""probability"": 0.07198}, {""score"": ""0-0"", ""probability"": 0.06488}, {""score"": ""2-0"", ""probability"": 0.062536}, {""score"": ""2-2"", ""probability"": 0.059658}, {""score"": ""0-2"", ""probability"": 0.054828}, {""score"": ""3-1"", ""probability"": 0.042476}]",,0.5849,0.4151,Yes,2.5,0.5439,0.4561,False,Over 2.5,0.0,0.5211,0.4789,False,Toulouse FC (pick'em),False,False,False,False,False,False,,,,,,,,0.3959,0.6041,0.2,weekly_update_20260916T234430Z_a723fb01,2026-08-18.phase1,0.1.0-phase1,0.1.0-phase1,2026-09-16T23:44:30+00:00
LIGUE12627_MW10_083_AJAuxerre_ParisFC,2026-27,10,2026-11-07,2026-11-07T16:15:00+00:00,AJ Auxerre,Paris FC,Stade de l'Abbé-Deschamps,scheduled,early_week_mode,,,,1.25,1.243,,,1-1,,draw,,0.3646,0.271,0.3644,AJ Auxerre,0.3584,0.2867,0.3549,,,,"[{""score"": ""1-1"", ""probability"": 0.136562}, {""score"": ""1-0"", ""probability"": 0.095228}, {""score"": ""0-1"", ""probability"": 0.094615}, {""score"": ""0-0"", ""probability"": 0.090793}, {""score"": ""2-1"", ""probability"": 0.080285}, {""score"": ""1-2"", ""probability"": 0.079809}, {""score"": ""2-0"", ""probability"": 0.064603}, {""score"": ""0-2"", ""probability"": 0.063839}, {""score"": ""2-2"", ""probability"": 0.049887}, {""score"": ""3-1"", ""probability"": 0.033457}]",,0.5157,0.4843,Yes,2.5,0.4544,0.5456,False,Under 2.5,0.0,0.5018,0.4982,False,AJ Auxerre (pick'em),False,False,False,False,False,False,,,,,,,,0.3646,0.6354,0.2,weekly_update_20260916T234430Z_a723fb01,2026-08-18.phase1,0.1.0-phase1,0.1.0-phase1,2026-09-16T23:44:30+00:00
LIGUE12627_MW10_088_ParisSaint-Germain_EstacTroyes,2026-27,10,2026-11-07,2026-11-07T19:45:00+00:00,Paris Saint-Germain,Estac Troyes,Parc des Princes,scheduled,early_week_mode,,,,2.615,0.406,,,2-0,,home_win,,0.833,0.167,0.0,Paris Saint-Germain,0.8417,0.1227,0.0356,,,,"[{""score"": ""2-0"", ""probability"": 0.166863}, {""score"": ""3-0"", ""probability"": 0.145467}, {""score"": ""1-0"", ""probability"": 0.124324}, {""score"": ""4-0"", ""probability"": 0.095111}, {""score"": ""2-1"", ""probability"": 0.067819}, {""score"": ""3-1"", ""probability"": 0.059123}, {""score"": ""1-1"", ""probability"": 0.055143}, {""score"": ""0-0"", ""probability"": 0.052071}, {""score"": ""5-0"", ""probability"": 0.049749}, {""score"": ""4-1"", ""probability"": 0.038656}]",,0.3128,0.6872,No,2.5,0.581,0.419,False,Over 2.5,-2.0,0.5192,0.4808,False,Paris Saint-Germain -2,False,False,False,False,False,False,,,,,,,,0.833,0.167,0.2,weekly_update_20260916T234430Z_a723fb01,2026-08-18.phase1,0.1.0-phase1,0.1.0-phase1,2026-09-16T23:44:30+00:00
LIGUE12627_MW10_089_StadeRennaisFC_LOSCLille,2026-27,10,2026-11-08,2026-11-08T14:00:00+00:00,Stade Rennais FC,LOSC Lille,Roazhon Park,scheduled,early_week_mode,,,,1.366,1.368,,,1-1,,draw,,0.3646,0.271,0.3644,Stade Rennais FC,0.3636,0.2717,0.3647,,,,"[{""score"": ""1-1"", ""probability"": 0.129068}, {""score"": ""1-2"", ""probability"": 0.08304}, {""score"": ""2-1"", ""probability"": 0.082902}, {""score"": ""0-1"", ""probability"": 0.081197}, {""score"": ""1-0"", ""probability"": 0.081049}, {""score"": ""0-0"", ""probability"": 0.072637}, {""score"": ""0-2"", ""probability"": 0.060796}, {""score"": ""2-0"", ""probability"": 0.060595}, {""score"": ""2-2"", ""probability"": 0.056711}, {""score"": ""1-3"", ""probability"": 0.03787}]",,0.5629,0.4371,Yes,2.5,0.5147,0.4853,False,Over 2.5,0.0,0.4995,0.5005,False,LOSC Lille (pick'em),False,False,False,False,False,False,,,,,,,,0.3646,0.6354,0.2,weekly_update_20260916T234430Z_a723fb01,2026-08-18.phase1,0.1.0-phase1,0.1.0-phase1,2026-09-16T23:44:30+00:00
LIGUE12627_MW10_082_AngersSCO_OGCNice,2026-27,10,2026-11-08,2026-11-08T16:15:00+00:00,Angers SCO,OGC Nice,Stade Raymond Kopa,scheduled,early_week_mode,,,,0.949,1.184,,,1-1,,draw,,0.2477,0.3301,0.4222,OGC Nice,0.2849,0.3109,0.4042,,,,"[{""score"": ""1-1"", ""probability"": 0.141554}, {""score"": ""0-1"", ""probability"": 0.131815}, {""score"": ""0-0"", ""probability"": 0.126877}, {""score"": ""1-0"", ""probability"": 0.104039}, {""score"": ""0-2"", ""probability"": 0.083009}, {""score"": ""1-2"", ""probability"": 0.078805}, {""score"": ""2-1"", ""probability"": 0.063196}, {""score"": ""2-0"", ""probability"": 0.053382}, {""score"": ""2-2"", ""probability"": 0.037407}, {""score"": ""0-3"", ""probability"": 0.032757}]",,0.4338,0.5662,No,2.5,0.3593,0.6407,False,Under 2.5,0.25,0.5181,0.4819,False,Angers SCO +0.25,False,False,False,False,False,False,,,,,,,,0.4222,0.5778,0.2,weekly_update_20260916T234430Z_a723fb01,2026-08-18.phase1,0.1.0-phase1,0.1.0-phase1,2026-09-16T23:44:30+00:00
LIGUE12627_MW10_084_StadeBrestois29_OlympiqueLyonnais,2026-27,10,2026-11-08,2026-11-08T16:15:00+00:00,Stade Brestois 29,Olympique Lyonnais,Stade Francis-Le Blé,scheduled,early_week_mode,,,,1.333,1.704,,,1-1,,draw,,0.2533,0.2563,0.4904,Olympique Lyonnais,0.2939,0.2507,0.4554,,,,"[{""score"": ""1-1"", ""probability"": 0.115868}, {""score"": ""1-2"", ""probability"": 0.092862}, {""score"": ""0-1"", ""probability"": 0.074857}, {""score"": ""2-1"", ""probability"": 0.072635}, {""score"": ""0-2"", ""probability"": 0.069662}, {""score"": ""2-2"", ""probability"": 0.061895}, {""score"": ""1-0"", ""probability"": 0.057051}, {""score"": ""0-0"", ""probability"": 0.05486}, {""score"": ""1-3"", ""probability"": 0.052754}, {""score"": ""2-0"", ""probability"": 0.042619}]",,0.6093,0.3907,Yes,2.5,0.5851,0.4149,False,Over 2.5,0.25,0.4819,0.5181,False,Olympique Lyonnais -0.25,False,False,False,False,False,False,,,,,,,,0.4904,0.5096,0.2,weekly_update_20260916T234430Z_a723fb01,2026-08-18.phase1,0.1.0-phase1,0.1.0-phase1,2026-09-16T23:44:30+00:00
LIGUE12627_MW10_085_HavreAthleticClub_FCLorient,2026-27,10,2026-11-08,2026-11-08T16:15:00+00:00,Havre Athletic Club,FC Lorient,Stade Océane,scheduled,early_week_mode,,,,1.122,1.249,,,1-1,,draw,,0.3297,0.2859,0.3844,FC Lorient,0.3218,0.2945,0.3837,,,,"[{""score"": ""1-1"", ""probability"": 0.139157}, {""score"": ""0-1"", ""probability"": 0.108405}, {""score"": ""0-0"", ""probability"": 0.101707}, {""score"": ""1-0"", ""probability"": 0.09652}, {""score"": ""1-2"", ""probability"": 0.081727}, {""score"": ""2-1"", ""probability"": 0.073403}, {""score"": ""0-2"", ""probability"": 0.072861}, {""score"": ""2-0"", ""probability"": 0.058775}, {""score"": ""2-2"", ""probability"": 0.045835}, {""score"": ""1-3"", ""probability"": 0.034022}]",,0.4891,0.5109,No,2.5,0.4226,0.5774,False,Under 2.5,0.0,0.469,0.531,False,FC Lorient (pick'em),False,False,False,False,False,False,,,,,,,,0.3844,0.6156,0.2,weekly_update_20260916T234430Z_a723fb01,2026-08-18.phase1,0.1.0-phase1,0.1.0-phase1,2026-09-16T23:44:30+00:00
LIGUE12627_MW10_086_LeMansFC_ASMonaco,2026-27,10,2026-11-08,2026-11-08T16:15:00+00:00,Le Mans FC,AS Monaco,Stade Marie-Marvingt,scheduled,early_week_mode,,,,1.563,2.784,,,1-2,,away_win,,0.2233,0.2003,0.5765,AS Monaco,0.1952,0.1774,0.6275,,,,"[{""score"": ""1-2"", ""probability"": 0.078615}, {""score"": ""1-3"", ""probability"": 0.072952}, {""score"": ""2-2"", ""probability"": 0.06142}, {""score"": ""1-1"", ""probability"": 0.06005}, {""score"": ""2-3"", ""probability"": 0.056996}, {""score"": ""1-4"", ""probability"": 0.050773}, {""score"": ""0-2"", ""probability"": 0.050312}, {""score"": ""0-3"", ""probability"": 0.046688}, {""score"": ""2-1"", ""probability"": 0.044125}, {""score"": ""2-4"", ""probability"": 0.039668}]",,0.745,0.255,Yes,2.5,0.8079,0.1921,False,Over 2.5,1.25,0.5181,0.4819,False,Le Mans FC +1.25,False,False,False,False,False,False,,,,,,,,0.5765,0.4235,0.2,weekly_update_20260916T234430Z_a723fb01,2026-08-18.phase1,0.1.0-phase1,0.1.0-phase1,2026-09-16T23:44:30+00:00
LIGUE12627_MW10_087_RCLens_OlympiquedeMarseille,2026-27,10,2026-11-08,2026-11-08T19:45:00+00:00,RC Lens,Olympique de Marseille,Stade Bollaert-Delelis,scheduled,early_week_mode,,,,1.858,1.371,,,1-1,,draw,,0.4887,0.2237,0.2877,RC Lens,0.4831,0.2389,0.278,,,,"[{""score"": ""1-1"", ""probability"": 0.107269}, {""score"": ""2-1"", ""probability"": 0.093709}, {""score"": ""1-2"", ""probability"": 0.069175}, {""score"": ""2-0"", ""probability"": 0.068334}, {""score"": ""1-0"", ""probability"": 0.067189}, {""score"": ""2-2"", ""probability"": 0.064252}, {""score"": ""3-1"", ""probability"": 0.058027}, {""score"": ""0-1"", ""probability"": 0.047928}, {""score"": ""0-0"", ""probability"": 0.045984}, {""score"": ""3-0"", ""probability"": 0.042314}]",,0.6362,0.3638,Yes,2.5,0.6261,0.3739,False,Over 2.5,-0.5,0.4831,0.5169,False,Olympique de Marseille +0.5,False,False,False,False,False,False,,,,,,,,0.4887,0.5113,0.2,weekly_update_20260916T234430Z_a723fb01,2026-08-18.phase1,0.1.0-phase1,0.1.0-phase1,2026-09-16T23:44:30+00:00
LIGUE12627_MW11_099_EstacTroyes_HavreAthleticClub,2026-27,11,2026-11-20,2026-11-20T19:45:00+00:00,Estac Troyes,Havre Athletic Club,Stade de l'Aube,scheduled,early_week_mode,,,,0.726,0.955,,,0-0,,draw,,0.2545,0.3393,0.4062,Havre Athletic Club,0.258,0.3559,0.3862,,,,"[{""score"": ""0-0"", ""probability"": 0.194476}, {""score"": ""0-1"", ""probability"": 0.169693}, {""score"": ""1-1"", ""probability"": 0.137237}, {""score"": ""1-0"", ""probability"": 0.127047}, {""score"": ""0-2"", ""probability"": 0.084892}, {""score"": ""1-2"", ""probability"": 0.061607}, {""score"": ""2-0"", ""probability"": 0.049062}, {""score"": ""2-1"", ""probability"": 0.046835}, {""score"": ""0-3"", ""probability"": 0.027013}, {""score"": ""2-2"", ""probability"": 0.022355}]",,0.3255,0.6745,No,2.5,0.2376,0.7624,False,Under 2.5,0.25,0.5249,0.4751,False,Estac Troyes +0.25,False,False,False,False,False,False,,,,,,,,0.4062,0.5938,0.2,weekly_update_20260916T234430Z_a723fb01,2026-08-18.phase1,0.1.0-phase1,0.1.0-phase1,2026-09-16T23:44:30+00:00
LIGUE12627_MW11_096_OGCNice_ParisSaint-Germain,2026-27,11,2026-11-21,2026-11-21T16:15:00+00:00,OGC Nice,Paris Saint-Germain,Allianz Riviera,scheduled,early_week_mode,,,,0.958,2.076,,,0-2,,away_win,,0.2075,0.2043,0.5882,Paris Saint-Germain,0.1592,0.2155,0.6253,,,,"[{""score"": ""0-2"", ""probability"": 0.103752}, {""score"": ""1-1"", ""probability"": 0.101807}, {""score"": ""1-2"", ""probability"": 0.099375}, {""score"": ""0-1"", ""probability"": 0.093913}, {""score"": ""0-3"", ""probability"": 0.071786}, {""score"": ""1-3"", ""probability"": 0.068757}, {""score"": ""0-0"", ""probability"": 0.054217}, {""score"": ""2-2"", ""probability"": 0.047591}, {""score"": ""2-1"", ""probability"": 0.045856}, {""score"": ""1-0"", ""probability"": 0.040074}]",,0.545,0.455,Yes,2.5,0.5841,0.4159,False,Over 2.5,1.0,0.4908,0.5092,False,Paris Saint-Germain -1,False,False,False,False,False,False,,,,,,,,0.5882,0.4118,0.2,weekly_update_20260916T234430Z_a723fb01,2026-08-18.phase1,0.1.0-phase1,0.1.0-phase1,2026-09-16T23:44:30+00:00
LIGUE12627_MW11_091_RCLens_ToulouseFC,2026-27,11,2026-11-21,2026-11-21T19:45:00+00:00,RC Lens,Toulouse FC,Stade Bollaert-Delelis,scheduled,early_week_mode,,,,1.901,0.95,,,1-1,,draw,,0.5815,0.2335,0.185,RC Lens,0.5897,0.2331,0.1771,,,,"[{""score"": ""1-1"", ""probability"": 0.110986}, {""score"": ""2-0"", ""probability"": 0.104447}, {""score"": ""1-0"", ""probability"": 0.103295}, {""score"": ""2-1"", ""probability"": 0.099208}, {""score"": ""3-0"", ""probability"": 0.066179}, {""score"": ""0-0"", ""probability"": 0.064417}, {""score"": ""3-1"", ""probability"": 0.062859}, {""score"": ""1-2"", ""probability"": 0.049574}, {""score"": ""0-1"", ""probability"": 0.048313}, {""score"": ""2-2"", ""probability"": 0.047116}]",,0.5281,0.4719,Yes,2.5,0.5425,0.4575,False,Over 2.5,-1.0,0.4711,0.5289,False,Toulouse FC +1,False,False,False,False,False,False,,,,,,,,0.5815,0.4185,0.2,weekly_update_20260916T234430Z_a723fb01,2026-08-18.phase1,0.1.0-phase1,0.1.0-phase1,2026-09-16T23:44:30+00:00
LIGUE12627_MW11_092_LOSCLille_OlympiqueLyonnais,2026-27,11,2026-11-21,2026-11-21T19:45:00+00:00,LOSC Lille,Olympique Lyonnais,Stade Pierre-Mauroy,scheduled,early_week_mode,,,,1.455,1.097,,,1-1,,draw,,0.449,0.2712,0.2798,LOSC Lille,0.4454,0.2774,0.2772,,,,"[{""score"": ""1-1"", ""probability"": 0.132263}, {""score"": ""1-0"", ""probability"": 0.105563}, {""score"": ""2-1"", ""probability"": 0.090484}, {""score"": ""0-0"", ""probability"": 0.085839}, {""score"": ""2-0"", ""probability"": 0.082508}, {""score"": ""0-1"", ""probability"": 0.077641}, {""score"": ""1-2"", ""probability"": 0.06821}, {""score"": ""2-2"", ""probability"": 0.049615}, {""score"": ""0-2"", ""probability"": 0.046887}, {""score"": ""3-1"", ""probability"": 0.043878}]",,0.5184,0.4816,Yes,2.5,0.4693,0.5307,False,Under 2.5,-0.25,0.5148,0.4852,False,LOSC Lille -0.25,False,False,False,False,False,False,,,,,,,,0.449,0.551,0.2,weekly_update_20260916T234430Z_a723fb01,2026-08-18.phase1,0.1.0-phase1,0.1.0-phase1,2026-09-16T23:44:30+00:00
LIGUE12627_MW11_095_ASMonaco_AJAuxerre,2026-27,11,2026-11-21,2026-11-21T19:45:00+00:00,AS Monaco,AJ Auxerre,Stade Louis II,scheduled,early_week_mode,,,,1.982,1.108,,,1-1,,draw,,0.5515,0.2259,0.2227,AS Monaco,0.5702,0.2283,0.2015,,,,"[{""score"": ""1-1"", ""probability"": 0.106249}, {""score"": ""2-1"", ""probability"": 0.099053}, {""score"": ""2-0"", ""probability"": 0.089437}, {""score"": ""1-0"", ""probability"": 0.083909}, {""score"": ""3-1"", ""probability"": 0.065456}, {""score"": ""3-0"", ""probability"": 0.059102}, {""score"": ""1-2"", ""probability"": 0.055337}, {""score"": ""2-2"", ""probability"": 0.054851}, {""score"": ""0-0"", ""probability"": 0.051834}, {""score"": ""0-1"", ""probability"": 0.044087}]",,0.5837,0.4163,Yes,2.5,0.5966,0.4034,False,Over 2.5,-0.75,0.5135,0.4865,False,AS Monaco -0.75,False,False,False,False,False,False,,,,,,,,0.5515,0.4485,0.2,weekly_update_20260916T234430Z_a723fb01,2026-08-18.phase1,0.1.0-phase1,0.1.0-phase1,2026-09-16T23:44:30+00:00
LIGUE12627_MW11_098_RCStrasbourgAlsace_StadeBrestois29,2026-27,11,2026-11-21,2026-11-21T19:45:00+00:00,RC Strasbourg Alsace,Stade Brestois 29,Stade de la Meinau,scheduled,early_week_mode,,,,1.959,1.263,,,1-1,,draw,,0.5375,0.2285,0.234,RC Strasbourg Alsace,0.5295,0.2318,0.2387,,,,"[{""score"": ""1-1"", ""probability"": 0.104939}, {""score"": ""2-1"", ""probability"": 0.096652}, {""score"": ""2-0"", ""probability"": 0.076512}, {""score"": ""1-0"", ""probability"": 0.071889}, {""score"": ""3-1"", ""probability"": 0.0631}, {""score"": ""1-2"", ""probability"": 0.062339}, {""score"": ""2-2"", ""probability"": 0.061047}, {""score"": ""3-0"", ""probability"": 0.049951}, {""score"": ""0-0"", ""probability"": 0.046134}, {""score"": ""0-1"", ""probability"": 0.044151}]",,0.6223,0.3777,Yes,2.5,0.6245,0.3755,False,Over 2.5,-0.75,0.4751,0.5249,False,Stade Brestois 29 +0.75,False,False,False,False,False,False,,,,,,,,0.5375,0.4625,0.2,weekly_update_20260916T234430Z_a723fb01,2026-08-18.phase1,0.1.0-phase1,0.1.0-phase1,2026-09-16T23:44:30+00:00
LIGUE12627_MW11_097_ParisFC_AngersSCO,2026-27,11,2026-11-22,2026-11-22T14:00:00+00:00,Paris FC,Angers SCO,Stade Charléty,scheduled,early_week_mode,,,,1.58,0.721,,,1-0,,home_win,,0.5682,0.2474,0.1844,Paris FC,0.5722,0.2656,0.1622,,,,"[{""score"": ""1-0"", ""probability"": 0.150971}, {""score"": ""2-0"", ""probability"": 0.124957}, {""score"": ""1-1"", ""probability"": 0.12135}, {""score"": ""0-0"", ""probability"": 0.107348}, {""score"": ""2-1"", ""probability"": 0.090155}, {""score"": ""3-0"", ""probability"": 0.065804}, {""score"": ""0-1"", ""probability"": 0.065024}, {""score"": ""3-1"", ""probability"": 0.047477}, {""score"": ""1-2"", ""probability"": 0.041172}, {""score"": ""2-2"", ""probability"": 0.032523}]",,0.4153,0.5847,No,2.5,0.4043,0.5957,False,Under 2.5,-0.75,0.5072,0.4928,False,Paris FC -0.75,False,False,False,False,False,False,,,,,,,,0.5682,0.4318,0.2,weekly_update_20260916T234430Z_a723fb01,2026-08-18.phase1,0.1.0-phase1,0.1.0-phase1,2026-09-16T23:44:30+00:00
LIGUE12627_MW11_093_FCLorient_StadeRennaisFC,2026-27,11,2026-11-22,2026-11-22T16:15:00+00:00,FC Lorient,Stade Rennais FC,Stade du Moustoir,scheduled,early_week_mode,,,,1.526,1.588,,,1-1,,draw,,0.3798,0.2407,0.3795,FC Lorient,0.3609,0.2515,0.3876,,,,"[{""score"": ""1-1"", ""probability"": 0.1145}, {""score"": ""1-2"", ""probability"": 0.085478}, {""score"": ""2-1"", ""probability"": 0.08215}, {""score"": ""2-2"", ""probability"": 0.065207}, {""score"": ""0-1"", ""probability"": 0.063773}, {""score"": ""1-0"", ""probability"": 0.061024}, {""score"": ""0-2"", ""probability"": 0.056026}, {""score"": ""2-0"", ""probability"": 0.051747}, {""score"": ""0-0"", ""probability"": 0.051273}, {""score"": ""1-3"", ""probability"": 0.045233}]",,0.6294,0.3706,Yes,2.5,0.6017,0.3983,False,Over 2.5,0.0,0.4866,0.5134,False,Stade Rennais FC (pick'em),False,False,False,False,False,False,,,,,,,,0.3798,0.6202,0.2,weekly_update_20260916T234430Z_a723fb01,2026-08-18.phase1,0.1.0-phase1,0.1.0-phase1,2026-09-16T23:44:30+00:00
LIGUE12627_MW11_094_OlympiquedeMarseille_LeMansFC,2026-27,11,2026-11-22,2026-11-22T19:45:00+00:00,Olympique de Marseille,Le Mans FC,Stade Vélodrome,scheduled,early_week_mode,,,,3.533,1.186,,,3-1,,home_win,,0.7035,0.1586,0.1379,Olympique de Marseille,0.8016,0.1153,0.0831,,,,"[{""score"": ""3-1"", ""probability"": 0.078612}, {""score"": ""4-1"", ""probability"": 0.069442}, {""score"": ""2-1"", ""probability"": 0.066745}, {""score"": ""3-0"", ""probability"": 0.066304}, {""score"": ""4-0"", ""probability"": 0.05857}, {""score"": ""2-0"", ""probability"": 0.056294}, {""score"": ""5-1"", ""probability"": 0.049074}, {""score"": ""3-2"", ""probability"": 0.046603}, {""score"": ""5-0"", ""probability"": 0.04139}, {""score"": ""4-2"", ""probability"": 0.041167}]",,0.6763,0.3237,Yes,2.5,0.848,0.152,False,Over 2.5,-2.25,0.4962,0.5038,False,Le Mans FC +2.25,False,False,False,False,False,False,,,,,,,,0.7035,0.2965,0.2,weekly_update_20260916T234430Z_a723fb01,2026-08-18.phase1,0.1.0-phase1,0.1.0-phase1,2026-09-16T23:44:30+00:00
LIGUE12627_MW12_102_StadeBrestois29_ParisFC,2026-27,12,2026-11-27,2026-11-27T19:45:00+00:00,Stade Brestois 29,Paris FC,Stade Francis-Le Blé,scheduled,early_week_mode,,,,1.4,1.384,,,1-1,,draw,,0.3646,0.271,0.3644,Stade Brestois 29,0.3693,0.2688,0.3619,,,,"[{""score"": ""1-1"", ""probability"": 0.127296}, {""score"": ""2-1"", ""probability"": 0.083818}, {""score"": ""1-2"", ""probability"": 0.082848}, {""score"": ""1-0"", ""probability"": 0.078935}, {""score"": ""0-1"", ""probability"": 0.077934}, {""score"": ""0-0"", ""probability"": 0.069354}, {""score"": ""2-0"", ""probability"": 0.060562}, {""score"": ""0-2"", ""probability"": 0.05917}, {""score"": ""2-2"", ""probability"": 0.058001}, {""score"": ""3-1"", ""probability"": 0.03912}]",,0.5722,0.4278,Yes,2.5,0.5267,0.4733,False,Over 2.5,0.0,0.5037,0.4963,False,Stade Brestois 29 (pick'em),False,False,False,False,False,False,,,,,,,,0.3646,0.6354,0.2,weekly_update_20260916T234430Z_a723fb01,2026-08-18.phase1,0.1.0-phase1,0.1.0-phase1,2026-09-16T23:44:30+00:00
LIGUE12627_MW12_100_AngersSCO_RCLens,2026-27,12,2026-11-28,2026-11-28T16:15:00+00:00,Angers SCO,RC Lens,Stade Raymond Kopa,scheduled,early_week_mode,,,,0.756,1.706,,,0-1,,away_win,,0.2045,0.2476,0.548,RC Lens,0.1557,0.2501,0.5942,,,,"[{""score"": ""0-1"", ""probability"": 0.138544}, {""score"": ""0-2"", ""probability"": 0.124142}, {""score"": ""1-1"", ""probability"": 0.116896}, {""score"": ""1-2"", ""probability"": 0.093806}, {""score"": ""0-0"", ""probability"": 0.092216}, {""score"": ""0-3"", ""probability"": 0.070614}, {""score"": ""1-0"", ""probability"": 0.057475}, {""score"": ""1-3"", ""probability"": 0.053359}, {""score"": ""2-1"", ""probability"": 0.041539}, {""score"": ""2-2"", ""probability"": 0.035442}]",,0.441,0.559,No,2.5,0.4464,0.5536,False,Under 2.5,0.75,0.4695,0.5305,False,RC Lens -0.75,False,False,False,False,False,False,,,,,,,,0.548,0.452,0.2,weekly_update_20260916T234430Z_a723fb01,2026-08-18.phase1,0.1.0-phase1,0.1.0-phase1,2026-09-16T23:44:30+00:00
LIGUE12627_MW12_103_HavreAthleticClub_RCStrasbourgAlsace,2026-27,12,2026-11-28,2026-11-28T19:45:00+00:00,Havre Athletic Club,RC Strasbourg Alsace,Stade Océane,scheduled,early_week_mode,,,,1.14,1.472,,,1-1,,draw,,0.2569,0.305,0.4381,RC Strasbourg Alsace,0.2855,0.2745,0.44,,,,"[{""score"": ""1-1"", ""probability"": 0.13095}, {""score"": ""0-1"", ""probability"": 0.100255}, {""score"": ""1-2"", ""probability"": 0.090637}, {""score"": ""0-0"", ""probability"": 0.081196}, {""score"": ""0-2"", ""probability"": 0.079512}, {""score"": ""1-0"", ""probability"": 0.075888}, {""score"": ""2-1"", ""probability"": 0.070196}, {""score"": ""2-2"", ""probability"": 0.051659}, {""score"": ""2-0"", ""probability"": 0.047692}, {""score"": ""1-3"", ""probability"": 0.044468}]",,0.5318,0.4682,Yes,2.5,0.4845,0.5155,False,Under 2.5,0.25,0.4914,0.5086,False,RC Strasbourg Alsace -0.25,False,False,False,False,False,False,,,,,,,,0.4381,0.5619,0.2,weekly_update_20260916T234430Z_a723fb01,2026-08-18.phase1,0.1.0-phase1,0.1.0-phase1,2026-09-16T23:44:30+00:00
LIGUE12627_MW12_104_LeMansFC_LOSCLille,2026-27,12,2026-11-28,2026-11-28T19:45:00+00:00,Le Mans FC,LOSC Lille,Stade Marie-Marvingt,scheduled,early_week_mode,,,,1.107,2.287,,,1-2,,away_win,,0.2075,0.2043,0.5882,LOSC Lille,0.166,0.201,0.6329,,,,"[{""score"": ""1-2"", ""probability"": 0.097257}, {""score"": ""1-1"", ""probability"": 0.090426}, {""score"": ""0-2"", ""probability"": 0.087863}, {""score"": ""1-3"", ""probability"": 0.074146}, {""score"": ""0-1"", ""probability"": 0.071454}, {""score"": ""0-3"", ""probability"": 0.066984}, {""score"": ""2-2"", ""probability"": 0.053828}, {""score"": ""2-1"", ""probability"": 0.04707}, {""score"": ""1-4"", ""probability"": 0.042395}, {""score"": ""2-3"", ""probability"": 0.041037}]",,0.6068,0.3932,Yes,2.5,0.6589,0.3411,False,Over 2.5,1.0,0.4769,0.5231,False,LOSC Lille -1,False,False,False,False,False,False,,,,,,,,0.5882,0.4118,0.2,weekly_update_20260916T234430Z_a723fb01,2026-08-18.phase1,0.1.0-phase1,0.1.0-phase1,2026-09-16T23:44:30+00:00
LIGUE12627_MW12_106_OGCNice_EstacTroyes,2026-27,12,2026-11-28,2026-11-28T19:45:00+00:00,OGC Nice,Estac Troyes,Allianz Riviera,scheduled,early_week_mode,,,,1.449,0.594,,,1-0,,home_win,,0.5695,0.2908,0.1397,OGC Nice,0.5733,0.2818,0.1449,,,,"[{""score"": ""1-0"", ""probability"": 0.180869}, {""score"": ""0-0"", ""probability"": 0.136793}, {""score"": ""2-0"", ""probability"": 0.136107}, {""score"": ""1-1"", ""probability"": 0.118638}, {""score"": ""2-1"", ""probability"": 0.080814}, {""score"": ""0-1"", ""probability"": 0.069974}, {""score"": ""3-0"", ""probability"": 0.065718}, {""score"": ""3-1"", ""probability"": 0.03902}, {""score"": ""1-2"", ""probability"": 0.033126}, {""score"": ""2-2"", ""probability"": 0.023992}]",,0.3496,0.6504,No,2.5,0.3348,0.6652,False,Under 2.5,-0.75,0.5048,0.4952,False,OGC Nice -0.75,False,False,False,False,False,False,,,,,,,,0.5695,0.4305,0.2,weekly_update_20260916T234430Z_a723fb01,2026-08-18.phase1,0.1.0-phase1,0.1.0-phase1,2026-09-16T23:44:30+00:00
LIGUE12627_MW12_107_ParisSaint-Germain_FCLorient,2026-27,12,2026-11-28,2026-11-28T19:45:00+00:00,Paris Saint-Germain,FC Lorient,Parc des Princes,scheduled,early_week_mode,,,,2.525,0.851,,,2-0,,home_win,,0.667,0.2009,0.1322,Paris Saint-Germain,0.7321,0.1674,0.1005,,,,"[{""score"": ""2-0"", ""probability"": 0.109077}, {""score"": ""2-1"", ""probability"": 0.092855}, {""score"": ""3-0"", ""probability"": 0.091802}, {""score"": ""1-0"", ""probability"": 0.08175}, {""score"": ""1-1"", ""probability"": 0.078204}, {""score"": ""3-1"", ""probability"": 0.078149}, {""score"": ""4-0"", ""probability"": 0.057947}, {""score"": ""4-1"", ""probability"": 0.049329}, {""score"": ""2-2"", ""probability"": 0.039523}, {""score"": ""0-0"", ""probability"": 0.038872}]",,0.5318,0.4682,Yes,2.5,0.6552,0.3448,False,Over 2.5,-1.5,0.5176,0.4824,False,Paris Saint-Germain -1.5,False,False,False,False,False,False,,,,,,,,0.667,0.333,0.2,weekly_update_20260916T234430Z_a723fb01,2026-08-18.phase1,0.1.0-phase1,0.1.0-phase1,2026-09-16T23:44:30+00:00
LIGUE12627_MW12_101_AJAuxerre_OlympiquedeMarseille,2026-27,12,2026-11-29,2026-11-29T14:00:00+00:00,AJ Auxerre,Olympique de Marseille,Stade de l'Abbé-Deschamps,scheduled,early_week_mode,,,,1.245,1.699,,,1-1,,draw,,0.2533,0.2563,0.4904,Olympique de Marseille,0.2737,0.2529,0.4733,,,,"[{""score"": ""1-1"", ""probability"": 0.118454}, {""score"": ""1-2"", ""probability"": 0.094619}, {""score"": ""0-1"", ""probability"": 0.082448}, {""score"": ""0-2"", ""probability"": 0.076007}, {""score"": ""2-1"", ""probability"": 0.069344}, {""score"": ""0-0"", ""probability"": 0.059733}, {""score"": ""2-2"", ""probability"": 0.058894}, {""score"": ""1-0"", ""probability"": 0.058543}, {""score"": ""1-3"", ""probability"": 0.053573}, {""score"": ""0-3"", ""probability"": 0.043035}]",,0.5888,0.4112,Yes,2.5,0.564,0.436,False,Over 2.5,0.5,0.5267,0.4733,False,AJ Auxerre +0.5,False,False,False,False,False,False,,,,,,,,0.4904,0.5096,0.2,weekly_update_20260916T234430Z_a723fb01,2026-08-18.phase1,0.1.0-phase1,0.1.0-phase1,2026-09-16T23:44:30+00:00
LIGUE12627_MW12_108_ToulouseFC_StadeRennaisFC,2026-27,12,2026-11-29,2026-11-29T16:15:00+00:00,Toulouse FC,Stade Rennais FC,Stadium de Toulouse,scheduled,early_week_mode,,,,1.464,1.497,,,1-1,,draw,,0.3798,0.2407,0.3795,Toulouse FC,0.3631,0.2591,0.3777,,,,"[{""score"": ""1-1"", ""probability"": 0.120634}, {""score"": ""1-2"", ""probability"": 0.084923}, {""score"": ""2-1"", ""probability"": 0.083053}, {""score"": ""0-1"", ""probability"": 0.070322}, {""score"": ""1-0"", ""probability"": 0.068615}, {""score"": ""2-2"", ""probability"": 0.062165}, {""score"": ""0-0"", ""probability"": 0.058944}, {""score"": ""0-2"", ""probability"": 0.058007}, {""score"": ""2-0"", ""probability"": 0.055479}, {""score"": ""1-3"", ""probability"": 0.042377}]",,0.6038,0.3962,Yes,2.5,0.568,0.432,False,Over 2.5,0.0,0.4927,0.5073,False,Stade Rennais FC (pick'em),False,False,False,False,False,False,,,,,,,,0.3798,0.6202,0.2,weekly_update_20260916T234430Z_a723fb01,2026-08-18.phase1,0.1.0-phase1,0.1.0-phase1,2026-09-16T23:44:30+00:00
LIGUE12627_MW12_105_OlympiqueLyonnais_ASMonaco,2026-27,12,2026-11-29,2026-11-29T19:45:00+00:00,Olympique Lyonnais,AS Monaco,Parc Olympique Lyonnais,scheduled,early_week_mode,,,,1.884,1.455,,,1-1,,draw,,0.4887,0.2237,0.2877,Olympique Lyonnais,0.4714,0.2359,0.2928,,,,"[{""score"": ""1-1"", ""probability"": 0.1034}, {""score"": ""2-1"", ""probability"": 0.091618}, {""score"": ""1-2"", ""probability"": 0.070744}, {""score"": ""2-2"", ""probability"": 0.066647}, {""score"": ""2-0"", ""probability"": 0.062972}, {""score"": ""1-0"", ""probability"": 0.060693}, {""score"": ""3-1"", ""probability"": 0.057542}, {""score"": ""0-1"", ""probability"": 0.045463}, {""score"": ""3-2"", ""probability"": 0.041859}, {""score"": ""0-0"", ""probability"": 0.041627}]",,0.6562,0.3438,Yes,2.5,0.6483,0.3517,False,Over 2.5,-0.5,0.4714,0.5286,False,AS Monaco +0.5,False,False,False,False,False,False,,,,,,,,0.4887,0.5113,0.2,weekly_update_20260916T234430Z_a723fb01,2026-08-18.phase1,0.1.0-phase1,0.1.0-phase1,2026-09-16T23:44:30+00:00
LIGUE12627_MW13_109_RCLens_HavreAthleticClub,2026-27,13,2026-12-05,2026-12-04T23:00:00+00:00,RC Lens,Havre Athletic Club,Stade Bollaert-Delelis,scheduled,early_week_mode,,,,2.025,0.734,,,2-0,,home_win,,0.667,0.2009,0.1322,RC Lens,0.67,0.2108,0.1192,,,,"[{""score"": ""2-0"", ""probability"": 0.129936}, {""score"": ""1-0"", ""probability"": 0.122346}, {""score"": ""1-1"", ""probability"": 0.100125}, {""score"": ""2-1"", ""probability"": 0.095368}, {""score"": ""3-0"", ""probability"": 0.087727}, {""score"": ""0-0"", ""probability"": 0.0693}, {""score"": ""3-1"", ""probability"": 0.064388}, {""score"": ""4-0"", ""probability"": 0.044422}, {""score"": ""0-1"", ""probability"": 0.040537}, {""score"": ""2-2"", ""probability"": 0.034998}]",,0.4573,0.5427,No,2.5,0.5207,0.4793,False,Over 2.5,-1.25,0.4866,0.5134,False,Havre Athletic Club +1.25,False,False,False,False,False,False,,,,,,,,0.667,0.333,0.2,weekly_update_20260916T234430Z_a723fb01,2026-08-18.phase1,0.1.0-phase1,0.1.0-phase1,2026-09-16T23:44:30+00:00
LIGUE12627_MW13_110_LOSCLille_AJAuxerre,2026-27,13,2026-12-05,2026-12-04T23:00:00+00:00,LOSC Lille,AJ Auxerre,Stade Pierre-Mauroy,scheduled,early_week_mode,,,,1.629,0.785,,,1-0,,home_win,,0.5591,0.2526,0.1883,LOSC Lille,0.5676,0.2606,0.1718,,,,"[{""score"": ""1-0"", ""probability"": 0.138578}, {""score"": ""1-1"", ""probability"": 0.121635}, {""score"": ""2-0"", ""probability"": 0.118743}, {""score"": ""0-0"", ""probability"": 0.096763}, {""score"": ""2-1"", ""probability"": 0.093161}, {""score"": ""3-0"", ""probability"": 0.064465}, {""score"": ""0-1"", ""probability"": 0.063005}, {""score"": ""3-1"", ""probability"": 0.050577}, {""score"": ""1-2"", ""probability"": 0.044877}, {""score"": ""2-2"", ""probability"": 0.036545}]",,0.4442,0.5558,No,2.5,0.4337,0.5663,False,Under 2.5,-0.75,0.5042,0.4958,False,LOSC Lille -0.75,False,False,False,False,False,False,,,,,,,,0.5591,0.4409,0.2,weekly_update_20260916T234430Z_a723fb01,2026-08-18.phase1,0.1.0-phase1,0.1.0-phase1,2026-09-16T23:44:30+00:00
LIGUE12627_MW13_111_OlympiquedeMarseille_OGCNice,2026-27,13,2026-12-05,2026-12-04T23:00:00+00:00,Olympique de Marseille,OGC Nice,Stade Vélodrome,scheduled,early_week_mode,,,,2.097,1.059,,,1-1,,draw,,0.5914,0.2204,0.1881,Olympique de Marseille,0.6059,0.2167,0.1774,,,,"[{""score"": ""1-1"", ""probability"": 0.100613}, {""score"": ""2-1"", ""probability"": 0.099215}, {""score"": ""2-0"", ""probability"": 0.093699}, {""score"": ""1-0"", ""probability"": 0.083382}, {""score"": ""3-1"", ""probability"": 0.06935}, {""score"": ""3-0"", ""probability"": 0.065494}, {""score"": ""2-2"", ""probability"": 0.052528}, {""score"": ""1-2"", ""probability"": 0.0501}, {""score"": ""0-0"", ""probability"": 0.048603}, {""score"": ""0-1"", ""probability"": 0.039142}]",,0.5789,0.4211,Yes,2.5,0.6107,0.3893,False,Over 2.5,-1.0,0.4924,0.5076,False,OGC Nice +1,False,False,False,False,False,False,,,,,,,,0.5914,0.4086,0.2,weekly_update_20260916T234430Z_a723fb01,2026-08-18.phase1,0.1.0-phase1,0.1.0-phase1,2026-09-16T23:44:30+00:00
LIGUE12627_MW13_112_ASMonaco_AngersSCO,2026-27,13,2026-12-05,2026-12-04T23:00:00+00:00,AS Monaco,Angers SCO,Stade Louis II,scheduled,early_week_mode,,,,2.071,0.778,,,2-0,,home_win,,0.667,0.2009,0.1322,AS Monaco,0.6681,0.2081,0.1238,,,,"[{""score"": ""2-0"", ""probability"": 0.124221}, {""score"": ""1-0"", ""probability"": 0.11408}, {""score"": ""1-1"", ""probability"": 0.099241}, {""score"": ""2-1"", ""probability"": 0.096635}, {""score"": ""3-0"", ""probability"": 0.085739}, {""score"": ""3-1"", ""probability"": 0.066699}, {""score"": ""0-0"", ""probability"": 0.063848}, {""score"": ""4-0"", ""probability"": 0.044384}, {""score"": ""0-1"", ""probability"": 0.039174}, {""score"": ""2-2"", ""probability"": 0.037587}]",,0.4783,0.5217,No,2.5,0.5419,0.4581,False,Over 2.5,-1.25,0.4877,0.5123,False,Angers SCO +1.25,False,False,False,False,False,False,,,,,,,,0.667,0.333,0.2,weekly_update_20260916T234430Z_a723fb01,2026-08-18.phase1,0.1.0-phase1,0.1.0-phase1,2026-09-16T23:44:30+00:00
LIGUE12627_MW13_113_ParisFC_LeMansFC,2026-27,13,2026-12-05,2026-12-04T23:00:00+00:00,Paris FC,Le Mans FC,Stade Charléty,scheduled,early_week_mode,,,,2.585,1.191,,,2-1,,home_win,,0.634,0.191,0.175,Paris FC,0.669,0.1795,0.1515,,,,"[{""score"": ""2-1"", ""probability"": 0.091314}, {""score"": ""3-1"", ""probability"": 0.078687}, {""score"": ""2-0"", ""probability"": 0.07669}, {""score"": ""1-1"", ""probability"": 0.075112}, {""score"": ""3-0"", ""probability"": 0.066085}, {""score"": ""1-0"", ""probability"": 0.054863}, {""score"": ""2-2"", ""probability"": 0.054363}, {""score"": ""4-1"", ""probability"": 0.050855}, {""score"": ""3-2"", ""probability"": 0.046846}, {""score"": ""4-0"", ""probability"": 0.042711}]",,0.6479,0.3521,Yes,2.5,0.7268,0.2732,False,Over 2.5,-1.25,0.5137,0.4863,False,Paris FC -1.25,False,False,False,False,False,False,,,,,,,,0.634,0.366,0.2,weekly_update_20260916T234430Z_a723fb01,2026-08-18.phase1,0.1.0-phase1,0.1.0-phase1,2026-09-16T23:44:30+00:00
LIGUE12627_MW13_114_StadeRennaisFC_StadeBrestois29,2026-27,13,2026-12-05,2026-12-04T23:00:00+00:00,Stade Rennais FC,Stade Brestois 29,Roazhon Park,scheduled,early_week_mode,,,,2.123,1.254,,,1-1,,draw,,0.5465,0.2156,0.2379,Stade Rennais FC,0.567,0.2184,0.2146,,,,"[{""score"": ""1-1"", ""probability"": 0.096726}, {""score"": ""2-1"", ""probability"": 0.096551}, {""score"": ""2-0"", ""probability"": 0.077015}, {""score"": ""3-1"", ""probability"": 0.068314}, {""score"": ""1-0"", ""probability"": 0.066812}, {""score"": ""2-2"", ""probability"": 0.060521}, {""score"": ""1-2"", ""probability"": 0.057024}, {""score"": ""3-0"", ""probability"": 0.054491}, {""score"": ""3-2"", ""probability"": 0.042821}, {""score"": ""0-0"", ""probability"": 0.03994}]",,0.6347,0.3653,Yes,2.5,0.6555,0.3445,False,Over 2.5,-0.75,0.5128,0.4872,False,Stade Rennais FC -0.75,False,False,False,False,False,False,,,,,,,,0.5465,0.4535,0.2,weekly_update_20260916T234430Z_a723fb01,2026-08-18.phase1,0.1.0-phase1,0.1.0-phase1,2026-09-16T23:44:30+00:00
LIGUE12627_MW13_115_RCStrasbourgAlsace_FCLorient,2026-27,13,2026-12-05,2026-12-04T23:00:00+00:00,RC Strasbourg Alsace,FC Lorient,Stade de la Meinau,scheduled,early_week_mode,,,,1.783,1.263,,,1-1,,draw,,0.517,0.2414,0.2416,RC Strasbourg Alsace,0.4894,0.2459,0.2647,,,,"[{""score"": ""1-1"", ""probability"": 0.113868}, {""score"": ""2-1"", ""probability"": 0.095465}, {""score"": ""1-0"", ""probability"": 0.078014}, {""score"": ""2-0"", ""probability"": 0.07558}, {""score"": ""1-2"", ""probability"": 0.067635}, {""score"": ""2-2"", ""probability"": 0.060291}, {""score"": ""3-1"", ""probability"": 0.056732}, {""score"": ""0-0"", ""probability"": 0.054331}, {""score"": ""0-1"", ""probability"": 0.053297}, {""score"": ""3-0"", ""probability"": 0.044915}]",,0.6034,0.3966,Yes,2.5,0.587,0.413,False,Over 2.5,-0.5,0.4894,0.5106,False,FC Lorient +0.5,False,False,False,False,False,False,,,,,,,,0.517,0.483,0.2,weekly_update_20260916T234430Z_a723fb01,2026-08-18.phase1,0.1.0-phase1,0.1.0-phase1,2026-09-16T23:44:30+00:00
LIGUE12627_MW13_116_ToulouseFC_ParisSaint-Germain,2026-27,13,2026-12-05,2026-12-04T23:00:00+00:00,Toulouse FC,Paris Saint-Germain,Stadium de Toulouse,scheduled,early_week_mode,,,,0.994,1.956,,,1-1,,draw,,0.2075,0.2364,0.5561,Paris Saint-Germain,0.1802,0.2286,0.5912,,,,"[{""score"": ""1-1"", ""probability"": 0.108209}, {""score"": ""0-2"", ""probability"": 0.100123}, {""score"": ""1-2"", ""probability"": 0.099544}, {""score"": ""0-1"", ""probability"": 0.095927}, {""score"": ""0-3"", ""probability"": 0.065287}, {""score"": ""1-3"", ""probability"": 0.06491}, {""score"": ""0-0"", ""probability"": 0.058764}, {""score"": ""2-1"", ""probability"": 0.050592}, {""score"": ""2-2"", ""probability"": 0.049485}, {""score"": ""1-0"", ""probability"": 0.045588}]",,0.5473,0.4527,Yes,2.5,0.5655,0.4345,False,Over 2.5,1.0,0.5255,0.4745,False,Toulouse FC +1,False,False,False,False,False,False,,,,,,,,0.5561,0.4439,0.2,weekly_update_20260916T234430Z_a723fb01,2026-08-18.phase1,0.1.0-phase1,0.1.0-phase1,2026-09-16T23:44:30+00:00
LIGUE12627_MW13_117_EstacTroyes_OlympiqueLyonnais,2026-27,13,2026-12-05,2026-12-04T23:00:00+00:00,Estac Troyes,Olympique Lyonnais,Stade de l'Aube,scheduled,early_week_mode,,,,0.636,1.607,,,0-1,,away_win,,0.2045,0.2476,0.548,Olympique Lyonnais,0.1383,0.2595,0.6023,,,,"[{""score"": ""0-1"", ""probability"": 0.163652}, {""score"": ""0-2"", ""probability"": 0.137001}, {""score"": ""1-1"", ""probability"": 0.115375}, {""score"": ""0-0"", ""probability"": 0.112976}, {""score"": ""1-2"", ""probability"": 0.087185}, {""score"": ""0-3"", ""probability"": 0.073383}, {""score"": ""1-0"", ""probability"": 0.060666}, {""score"": ""1-3"", ""probability"": 0.0467}, {""score"": ""2-1"", ""probability"": 0.034528}, {""score"": ""0-4"", ""probability"": 0.02948}]",,0.3833,0.6167,No,2.5,0.3888,0.6112,False,Under 2.5,1.0,0.5312,0.4688,False,Estac Troyes +1,False,False,False,False,False,False,,,,,,,,0.548,0.452,0.2,weekly_update_20260916T234430Z_a723fb01,2026-08-18.phase1,0.1.0-phase1,0.1.0-phase1,2026-09-16T23:44:30+00:00
LIGUE12627_MW14_118_AngersSCO_RCStrasbourgAlsace,2026-27,14,2026-12-12,2026-12-11T23:00:00+00:00,Angers SCO,RC Strasbourg Alsace,Stade Raymond Kopa,scheduled,early_week_mode,,,,0.964,1.509,,,1-1,,draw,,0.2271,0.2937,0.4791,RC Strasbourg Alsace,0.2337,0.275,0.4913,,,,"[{""score"": ""1-1"", ""probability"": 0.130427}, {""score"": ""0-1"", ""probability"": 0.119461}, {""score"": ""0-2"", ""probability"": 0.096003}, {""score"": ""1-2"", ""probability"": 0.09257}, {""score"": ""0-0"", ""probability"": 0.092051}, {""score"": ""1-0"", ""probability"": 0.07352}, {""score"": ""2-1"", ""probability"": 0.059141}, {""score"": ""0-3"", ""probability"": 0.048298}, {""score"": ""1-3"", ""probability"": 0.04657}, {""score"": ""2-2"", ""probability"": 0.044629}]",,0.4897,0.5103,No,2.5,0.4494,0.5506,False,Under 2.5,0.5,0.5087,0.4913,False,Angers SCO +0.5,False,False,False,False,False,False,,,,,,,,0.4791,0.5209,0.2,weekly_update_20260916T234430Z_a723fb01,2026-08-18.phase1,0.1.0-phase1,0.1.0-phase1,2026-09-16T23:44:30+00:00
LIGUE12627_MW14_119_AJAuxerre_ToulouseFC,2026-27,14,2026-12-12,2026-12-11T23:00:00+00:00,AJ Auxerre,Toulouse FC,Stade de l'Abbé-Deschamps,scheduled,early_week_mode,,,,1.274,1.177,,,1-1,,draw,,0.3846,0.2858,0.3296,AJ Auxerre,0.3788,0.2892,0.332,,,,"[{""score"": ""1-1"", ""probability"": 0.137461}, {""score"": ""1-0"", ""probability"": 0.101711}, {""score"": ""0-0"", ""probability"": 0.094445}, {""score"": ""0-1"", ""probability"": 0.09332}, {""score"": ""2-1"", ""probability"": 0.08234}, {""score"": ""1-2"", ""probability"": 0.076053}, {""score"": ""2-0"", ""probability"": 0.069986}, {""score"": ""0-2"", ""probability"": 0.059706}, {""score"": ""2-2"", ""probability"": 0.048437}, {""score"": ""3-1"", ""probability"": 0.034961}]",,0.5063,0.4937,Yes,2.5,0.4434,0.5566,False,Under 2.5,0.0,0.5234,0.4766,False,AJ Auxerre (pick'em),False,False,False,False,False,False,,,,,,,,0.3846,0.6154,0.2,weekly_update_20260916T234430Z_a723fb01,2026-08-18.phase1,0.1.0-phase1,0.1.0-phase1,2026-09-16T23:44:30+00:00
LIGUE12627_MW14_120_StadeBrestois29_EstacTroyes,2026-27,14,2026-12-12,2026-12-11T23:00:00+00:00,Stade Brestois 29,Estac Troyes,Stade Francis-Le Blé,scheduled,early_week_mode,,,,1.567,0.652,,,1-0,,home_win,,0.5998,0.256,0.1443,Stade Brestois 29,0.588,0.2656,0.1464,,,,"[{""score"": ""1-0"", ""probability"": 0.163354}, {""score"": ""2-0"", ""probability"": 0.133499}, {""score"": ""1-1"", ""probability"": 0.118095}, {""score"": ""0-0"", ""probability"": 0.115748}, {""score"": ""2-1"", ""probability"": 0.087028}, {""score"": ""3-0"", ""probability"": 0.069735}, {""score"": ""0-1"", ""probability"": 0.063852}, {""score"": ""3-1"", ""probability"": 0.04546}, {""score"": ""1-2"", ""probability"": 0.036204}, {""score"": ""2-2"", ""probability"": 0.028367}]",,0.386,0.614,No,2.5,0.3824,0.6176,False,Under 2.5,-0.75,0.5213,0.4787,False,Stade Brestois 29 -0.75,False,False,False,False,False,False,,,,,,,,0.5998,0.4002,0.2,weekly_update_20260916T234430Z_a723fb01,2026-08-18.phase1,0.1.0-phase1,0.1.0-phase1,2026-09-16T23:44:30+00:00
LIGUE12627_MW14_121_HavreAthleticClub_LeMansFC,2026-27,14,2026-12-12,2026-12-11T23:00:00+00:00,Havre Athletic Club,Le Mans FC,Stade Océane,scheduled,early_week_mode,,,,1.891,1.293,,,1-1,,draw,,0.5263,0.2312,0.2426,Havre Athletic Club,0.5078,0.2371,0.2551,,,,"[{""score"": ""1-1"", ""probability"": 0.107695}, {""score"": ""2-1"", ""probability"": 0.095777}, {""score"": ""2-0"", ""probability"": 0.074089}, {""score"": ""1-0"", ""probability"": 0.071947}, {""score"": ""1-2"", ""probability"": 0.06547}, {""score"": ""2-2"", ""probability"": 0.061907}, {""score"": ""3-1"", ""probability"": 0.060377}, {""score"": ""0-0"", ""probability"": 0.047837}, {""score"": ""0-1"", ""probability"": 0.047153}, {""score"": ""3-0"", ""probability"": 0.046705}]",,0.6224,0.3776,Yes,2.5,0.6167,0.3833,False,Over 2.5,-0.5,0.5078,0.4922,False,Havre Athletic Club -0.5,False,False,False,False,False,False,,,,,,,,0.5263,0.4737,0.2,weekly_update_20260916T234430Z_a723fb01,2026-08-18.phase1,0.1.0-phase1,0.1.0-phase1,2026-09-16T23:44:30+00:00
LIGUE12627_MW14_122_FCLorient_LOSCLille,2026-27,14,2026-12-12,2026-12-11T23:00:00+00:00,FC Lorient,LOSC Lille,Stade du Moustoir,scheduled,early_week_mode,,,,1.069,1.357,,,1-1,,draw,,0.2569,0.305,0.4381,LOSC Lille,0.2871,0.2876,0.4253,,,,"[{""score"": ""1-1"", ""probability"": 0.136346}, {""score"": ""0-1"", ""probability"": 0.111807}, {""score"": ""0-0"", ""probability"": 0.09651}, {""score"": ""1-2"", ""probability"": 0.086978}, {""score"": ""1-0"", ""probability"": 0.086422}, {""score"": ""0-2"", ""probability"": 0.081335}, {""score"": ""2-1"", ""probability"": 0.068566}, {""score"": ""2-0"", ""probability"": 0.050545}, {""score"": ""2-2"", ""probability"": 0.046506}, {""score"": ""1-3"", ""probability"": 0.039329}]",,0.4957,0.5043,No,2.5,0.437,0.563,False,Under 2.5,0.25,0.5028,0.4972,False,FC Lorient +0.25,False,False,False,False,False,False,,,,,,,,0.4381,0.5619,0.2,weekly_update_20260916T234430Z_a723fb01,2026-08-18.phase1,0.1.0-phase1,0.1.0-phase1,2026-09-16T23:44:30+00:00
LIGUE12627_MW14_123_OlympiqueLyonnais_OlympiquedeMarseille,2026-27,14,2026-12-12,2026-12-11T23:00:00+00:00,Olympique Lyonnais,Olympique de Marseille,Parc Olympique Lyonnais,scheduled,early_week_mode,,,,1.74,1.517,,,1-1,,draw,,0.4015,0.2544,0.3441,Olympique Lyonnais,0.4254,0.2434,0.3312,,,,"[{""score"": ""1-1"", ""probability"": 0.108063}, {""score"": ""2-1"", ""probability"": 0.088426}, {""score"": ""1-2"", ""probability"": 0.077101}, {""score"": ""2-2"", ""probability"": 0.06708}, {""score"": ""1-0"", ""probability"": 0.06056}, {""score"": ""2-0"", ""probability"": 0.058282}, {""score"": ""0-1"", ""probability"": 0.051981}, {""score"": ""3-1"", ""probability"": 0.051289}, {""score"": ""0-0"", ""probability"": 0.044925}, {""score"": ""0-2"", ""probability"": 0.044309}]",,0.6501,0.3499,Yes,2.5,0.6319,0.3681,False,Over 2.5,-0.25,0.4863,0.5137,False,Olympique de Marseille +0.25,False,False,False,False,False,False,,,,,,,,0.4015,0.5985,0.2,weekly_update_20260916T234430Z_a723fb01,2026-08-18.phase1,0.1.0-phase1,0.1.0-phase1,2026-09-16T23:44:30+00:00
LIGUE12627_MW14_124_OGCNice_RCLens,2026-27,14,2026-12-12,2026-12-11T23:00:00+00:00,OGC Nice,RC Lens,Allianz Riviera,scheduled,early_week_mode,,,,1.114,1.657,,,1-1,,draw,,0.2405,0.2607,0.4988,RC Lens,0.2485,0.2584,0.4931,,,,"[{""score"": ""1-1"", ""probability"": 0.122864}, {""score"": ""0-1"", ""probability"": 0.096449}, {""score"": ""1-2"", ""probability"": 0.095747}, {""score"": ""0-2"", ""probability"": 0.08597}, {""score"": ""0-0"", ""probability"": 0.06992}, {""score"": ""2-1"", ""probability"": 0.064348}, {""score"": ""1-0"", ""probability"": 0.062423}, {""score"": ""2-2"", ""probability"": 0.053317}, {""score"": ""1-3"", ""probability"": 0.052889}, {""score"": ""0-3"", ""probability"": 0.047489}]",,0.5509,0.4491,Yes,2.5,0.5235,0.4765,False,Over 2.5,0.5,0.5069,0.4931,False,OGC Nice +0.5,False,False,False,False,False,False,,,,,,,,0.4988,0.5012,0.2,weekly_update_20260916T234430Z_a723fb01,2026-08-18.phase1,0.1.0-phase1,0.1.0-phase1,2026-09-16T23:44:30+00:00
LIGUE12627_MW14_125_ParisSaint-Germain_ParisFC,2026-27,14,2026-12-12,2026-12-11T23:00:00+00:00,Paris Saint-Germain,Paris FC,Parc des Princes,scheduled,early_week_mode,,,,2.337,0.863,,,2-0,,home_win,,0.667,0.2009,0.1322,Paris Saint-Germain,0.6977,0.1855,0.1167,,,,"[{""score"": ""2-0"", ""probability"": 0.111412}, {""score"": ""2-1"", ""probability"": 0.096133}, {""score"": ""1-0"", ""probability"": 0.090151}, {""score"": ""1-1"", ""probability"": 0.087482}, {""score"": ""3-0"", ""probability"": 0.086781}, {""score"": ""3-1"", ""probability"": 0.07488}, {""score"": ""4-0"", ""probability"": 0.050697}, {""score"": ""0-0"", ""probability"": 0.04601}, {""score"": ""4-1"", ""probability"": 0.043745}, {""score"": ""2-2"", ""probability"": 0.041475}]",,0.5273,0.4727,Yes,2.5,0.6197,0.3803,False,Over 2.5,-1.5,0.4731,0.5269,False,Paris FC +1.5,False,False,False,False,False,False,,,,,,,,0.667,0.333,0.2,weekly_update_20260916T234430Z_a723fb01,2026-08-18.phase1,0.1.0-phase1,0.1.0-phase1,2026-09-16T23:44:30+00:00
LIGUE12627_MW14_126_StadeRennaisFC_ASMonaco,2026-27,14,2026-12-12,2026-12-11T23:00:00+00:00,Stade Rennais FC,AS Monaco,Roazhon Park,scheduled,early_week_mode,,,,1.928,1.665,,,1-1,,draw,,0.4585,0.2221,0.3194,Stade Rennais FC,0.4386,0.229,0.3324,,,,"[{""score"": ""1-1"", ""probability"": 0.093921}, {""score"": ""2-1"", ""probability"": 0.085159}, {""score"": ""1-2"", ""probability"": 0.073552}, {""score"": ""2-2"", ""probability"": 0.070908}, {""score"": ""3-1"", ""probability"": 0.054732}, {""score"": ""2-0"", ""probability"": 0.051137}, {""score"": ""1-0"", ""probability"": 0.047457}, {""score"": ""3-2"", ""probability"": 0.045573}, {""score"": ""1-3"", ""probability"": 0.040829}, {""score"": ""0-1"", ""probability"": 0.040227}]",,0.6985,0.3015,Yes,2.5,0.696,0.304,False,Over 2.5,-0.25,0.4958,0.5042,False,AS Monaco +0.25,False,False,False,False,False,False,,,,,,,,0.4585,0.5415,0.2,weekly_update_20260916T234430Z_a723fb01,2026-08-18.phase1,0.1.0-phase1,0.1.0-phase1,2026-09-16T23:44:30+00:00
LIGUE12627_MW15_127_StadeBrestois29_OlympiquedeMarseille,2026-27,15,2027-01-02,2027-01-01T23:00:00+00:00,Stade Brestois 29,Olympique de Marseille,Stade Francis-Le Blé,scheduled,early_week_mode,,,,1.394,1.892,,,1-1,,draw,,0.2572,0.2449,0.4979,Olympique de Marseille,0.2779,0.2362,0.4859,,,,"[{""score"": ""1-1"", ""probability"": 0.104917}, {""score"": ""1-2"", ""probability"": 0.09333}, {""score"": ""2-1"", ""probability"": 0.068789}, {""score"": ""0-2"", ""probability"": 0.066939}, {""score"": ""2-2"", ""probability"": 0.065062}, {""score"": ""0-1"", ""probability"": 0.064533}, {""score"": ""1-3"", ""probability"": 0.058849}, {""score"": ""1-0"", ""probability"": 0.045924}, {""score"": ""0-0"", ""probability"": 0.043655}, {""score"": ""0-3"", ""probability"": 0.042208}]",,0.6448,0.3552,Yes,2.5,0.6377,0.3623,False,Over 2.5,0.5,0.5141,0.4859,False,Stade Brestois 29 +0.5,False,False,False,False,False,False,,,,,,,,0.4979,0.5021,0.2,weekly_update_20260916T234430Z_a723fb01,2026-08-18.phase1,0.1.0-phase1,0.1.0-phase1,2026-09-16T23:44:30+00:00
LIGUE12627_MW15_128_LeMansFC_OlympiqueLyonnais,2026-27,15,2027-01-02,2027-01-01T23:00:00+00:00,Le Mans FC,Olympique Lyonnais,Stade Marie-Marvingt,scheduled,early_week_mode,,,,1.38,2.616,,,1-2,,away_win,,0.2075,0.2043,0.5882,Olympique Lyonnais,0.1813,0.1837,0.635,,,,"[{""score"": ""1-2"", ""probability"": 0.086984}, {""score"": ""1-3"", ""probability"": 0.075838}, {""score"": ""1-1"", ""probability"": 0.070719}, {""score"": ""0-2"", ""probability"": 0.063046}, {""score"": ""2-2"", ""probability"": 0.060007}, {""score"": ""0-3"", ""probability"": 0.054967}, {""score"": ""2-3"", ""probability"": 0.052317}, {""score"": ""1-4"", ""probability"": 0.04959}, {""score"": ""2-1"", ""probability"": 0.045884}, {""score"": ""0-1"", ""probability"": 0.044001}]",,0.6977,0.3023,Yes,2.5,0.7608,0.2392,False,Over 2.5,1.25,0.5167,0.4833,False,Le Mans FC +1.25,False,False,False,False,False,False,,,,,,,,0.5882,0.4118,0.2,weekly_update_20260916T234430Z_a723fb01,2026-08-18.phase1,0.1.0-phase1,0.1.0-phase1,2026-09-16T23:44:30+00:00
LIGUE12627_MW15_129_RCLens_ParisSaint-Germain,2026-27,15,2027-01-02,2027-01-01T23:00:00+00:00,RC Lens,Paris Saint-Germain,Stade Bollaert-Delelis,scheduled,early_week_mode,,,,1.381,1.652,,,1-1,,draw,,0.312,0.2563,0.4317,Paris Saint-Germain,0.3142,0.253,0.4327,,,,"[{""score"": ""1-1"", ""probability"": 0.116862}, {""score"": ""1-2"", ""probability"": 0.090794}, {""score"": ""2-1"", ""probability"": 0.075873}, {""score"": ""0-1"", ""probability"": 0.072658}, {""score"": ""0-2"", ""probability"": 0.065763}, {""score"": ""2-2"", ""probability"": 0.062676}, {""score"": ""1-0"", ""probability"": 0.059575}, {""score"": ""0-0"", ""probability"": 0.055137}, {""score"": ""1-3"", ""probability"": 0.050001}, {""score"": ""2-0"", ""probability"": 0.045924}]",,0.6121,0.3879,Yes,2.5,0.5841,0.4159,False,Over 2.5,0.25,0.504,0.496,False,RC Lens +0.25,False,False,False,False,False,False,,,,,,,,0.4317,0.5683,0.2,weekly_update_20260916T234430Z_a723fb01,2026-08-18.phase1,0.1.0-phase1,0.1.0-phase1,2026-09-16T23:44:30+00:00
LIGUE12627_MW15_130_LOSCLille_RCStrasbourgAlsace,2026-27,15,2027-01-02,2027-01-01T23:00:00+00:00,LOSC Lille,RC Strasbourg Alsace,Stade Pierre-Mauroy,scheduled,early_week_mode,,,,1.678,1.035,,,1-1,,draw,,0.5217,0.2436,0.2348,LOSC Lille,0.5167,0.2569,0.2263,,,,"[{""score"": ""1-1"", ""probability"": 0.122509}, {""score"": ""1-0"", ""probability"": 0.103986}, {""score"": ""2-1"", ""probability"": 0.096664}, {""score"": ""2-0"", ""probability"": 0.093351}, {""score"": ""0-0"", ""probability"": 0.073605}, {""score"": ""0-1"", ""probability"": 0.061384}, {""score"": ""1-2"", ""probability"": 0.059655}, {""score"": ""3-1"", ""probability"": 0.054063}, {""score"": ""3-0"", ""probability"": 0.052211}, {""score"": ""2-2"", ""probability"": 0.050047}]",,0.5318,0.4682,Yes,2.5,0.5096,0.4904,False,Over 2.5,-0.5,0.5167,0.4833,False,LOSC Lille -0.5,False,False,False,False,False,False,,,,,,,,0.5217,0.4783,0.2,weekly_update_20260916T234430Z_a723fb01,2026-08-18.phase1,0.1.0-phase1,0.1.0-phase1,2026-09-16T23:44:30+00:00
LIGUE12627_MW15_131_FCLorient_AJAuxerre,2026-27,15,2027-01-02,2027-01-01T23:00:00+00:00,FC Lorient,AJ Auxerre,Stade du Moustoir,scheduled,early_week_mode,,,,1.492,1.11,,,1-1,,draw,,0.449,0.2712,0.2798,FC Lorient,0.4522,0.2736,0.2742,,,,"[{""score"": ""1-1"", ""probability"": 0.130519}, {""score"": ""1-0"", ""probability"": 0.102842}, {""score"": ""2-1"", ""probability"": 0.091591}, {""score"": ""2-0"", ""probability"": 0.082526}, {""score"": ""0-0"", ""probability"": 0.081883}, {""score"": ""0-1"", ""probability"": 0.074498}, {""score"": ""1-2"", ""probability"": 0.06812}, {""score"": ""2-2"", ""probability"": 0.050826}, {""score"": ""0-2"", ""probability"": 0.045649}, {""score"": ""3-1"", ""probability"": 0.045559}]",,0.5274,0.4726,Yes,2.5,0.4821,0.5179,False,Under 2.5,-0.25,0.5206,0.4794,False,FC Lorient -0.25,False,False,False,False,False,False,,,,,,,,0.449,0.551,0.2,weekly_update_20260916T234430Z_a723fb01,2026-08-18.phase1,0.1.0-phase1,0.1.0-phase1,2026-09-16T23:44:30+00:00
LIGUE12627_MW15_132_ASMonaco_OGCNice,2026-27,15,2027-01-02,2027-01-01T23:00:00+00:00,AS Monaco,OGC Nice,Stade Louis II,scheduled,early_week_mode,,,,2.011,1.147,,,1-1,,draw,,0.5375,0.2285,0.234,AS Monaco,0.5674,0.2264,0.2063,,,,"[{""score"": ""1-1"", ""probability"": 0.104299}, {""score"": ""2-1"", ""probability"": 0.098625}, {""score"": ""2-0"", ""probability"": 0.086018}, {""score"": ""1-0"", ""probability"": 0.079351}, {""score"": ""3-1"", ""probability"": 0.066106}, {""score"": ""3-0"", ""probability"": 0.057656}, {""score"": ""2-2"", ""probability"": 0.05654}, {""score"": ""1-2"", ""probability"": 0.056236}, {""score"": ""0-0"", ""probability"": 0.048751}, {""score"": ""0-1"", ""probability"": 0.042579}]",,0.5971,0.4029,Yes,2.5,0.611,0.389,False,Over 2.5,-0.75,0.5113,0.4887,False,AS Monaco -0.75,False,False,False,False,False,False,,,,,,,,0.5375,0.4625,0.2,weekly_update_20260916T234430Z_a723fb01,2026-08-18.phase1,0.1.0-phase1,0.1.0-phase1,2026-09-16T23:44:30+00:00
LIGUE12627_MW15_133_ParisFC_HavreAthleticClub,2026-27,15,2027-01-02,2027-01-01T23:00:00+00:00,Paris FC,Havre Athletic Club,Stade Charléty,scheduled,early_week_mode,,,,1.541,0.853,,,1-0,,home_win,,0.5131,0.2719,0.215,Paris FC,0.5275,0.2721,0.2004,,,,"[{""score"": ""1-0"", ""probability"": 0.133078}, {""score"": ""1-1"", ""probability"": 0.127568}, {""score"": ""2-0"", ""probability"": 0.108362}, {""score"": ""0-0"", ""probability"": 0.098889}, {""score"": ""2-1"", ""probability"": 0.092426}, {""score"": ""0-1"", ""probability"": 0.070286}, {""score"": ""3-0"", ""probability"": 0.055651}, {""score"": ""1-2"", ""probability"": 0.051168}, {""score"": ""3-1"", ""probability"": 0.047467}, {""score"": ""2-2"", ""probability"": 0.039417}]",,0.4585,0.5415,No,2.5,0.4286,0.5714,False,Under 2.5,-0.5,0.5275,0.4725,False,Paris FC -0.5,False,False,False,False,False,False,,,,,,,,0.5131,0.4869,0.2,weekly_update_20260916T234430Z_a723fb01,2026-08-18.phase1,0.1.0-phase1,0.1.0-phase1,2026-09-16T23:44:30+00:00
LIGUE12627_MW15_134_ToulouseFC_AngersSCO,2026-27,15,2027-01-02,2027-01-01T23:00:00+00:00,Toulouse FC,Angers SCO,Stadium de Toulouse,scheduled,early_week_mode,,,,1.496,0.735,,,1-0,,home_win,,0.5357,0.2839,0.1804,Toulouse FC,0.5466,0.2773,0.1761,,,,"[{""score"": ""1-0"", ""probability"": 0.153235}, {""score"": ""1-1"", ""probability"": 0.125609}, {""score"": ""2-0"", ""probability"": 0.12018}, {""score"": ""0-0"", ""probability"": 0.114921}, {""score"": ""2-1"", ""probability"": 0.088346}, {""score"": ""0-1"", ""probability"": 0.071516}, {""score"": ""3-0"", ""probability"": 0.059915}, {""score"": ""3-1"", ""probability"": 0.044045}, {""score"": ""1-2"", ""probability"": 0.043423}, {""score"": ""2-2"", ""probability"": 0.032472}]",,0.4114,0.5886,No,2.5,0.3855,0.6145,False,Under 2.5,-0.75,0.4818,0.5182,False,Angers SCO +0.75,False,False,False,False,False,False,,,,,,,,0.5357,0.4643,0.2,weekly_update_20260916T234430Z_a723fb01,2026-08-18.phase1,0.1.0-phase1,0.1.0-phase1,2026-09-16T23:44:30+00:00
LIGUE12627_MW15_135_EstacTroyes_StadeRennaisFC,2026-27,15,2027-01-02,2027-01-01T23:00:00+00:00,Estac Troyes,Stade Rennais FC,Stade de l'Aube,scheduled,early_week_mode,,,,0.728,1.644,,,0-1,,away_win,,0.2045,0.2476,0.548,Stade Rennais FC,0.1563,0.2573,0.5864,,,,"[{""score"": ""0-1"", ""probability"": 0.146234}, {""score"": ""0-2"", ""probability"": 0.126039}, {""score"": ""1-1"", ""probability"": 0.118727}, {""score"": ""0-0"", ""probability"": 0.100287}, {""score"": ""1-2"", ""probability"": 0.091809}, {""score"": ""0-3"", ""probability"": 0.069085}, {""score"": ""1-0"", ""probability"": 0.060844}, {""score"": ""1-3"", ""probability"": 0.050323}, {""score"": ""2-1"", ""probability"": 0.040669}, {""score"": ""2-2"", ""probability"": 0.033438}]",,0.4245,0.5755,No,2.5,0.4231,0.5769,False,Under 2.5,0.75,0.4782,0.5218,False,Stade Rennais FC -0.75,False,False,False,False,False,False,,,,,,,,0.548,0.452,0.2,weekly_update_20260916T234430Z_a723fb01,2026-08-18.phase1,0.1.0-phase1,0.1.0-phase1,2026-09-16T23:44:30+00:00
LIGUE12627_MW16_136_AngersSCO_ParisSaint-Germain,2026-27,16,2027-01-16,2027-01-15T23:00:00+00:00,Angers SCO,Paris Saint-Germain,Stade Raymond Kopa,scheduled,early_week_mode,,,,0.65,2.137,,,0-2,,away_win,,0.1841,0.1967,0.6192,Paris Saint-Germain,0.0945,0.1927,0.7128,,,,"[{""score"": ""0-2"", ""probability"": 0.140739}, {""score"": ""0-1"", ""probability"": 0.126277}, {""score"": ""0-3"", ""probability"": 0.100274}, {""score"": ""1-2"", ""probability"": 0.091461}, {""score"": ""1-1"", ""probability"": 0.090992}, {""score"": ""0-0"", ""probability"": 0.067023}, {""score"": ""1-3"", ""probability"": 0.065164}, {""score"": ""0-4"", ""probability"": 0.053583}, {""score"": ""1-4"", ""probability"": 0.034821}, {""score"": ""1-0"", ""probability"": 0.034626}]",,0.4269,0.5731,No,2.5,0.5273,0.4727,False,Over 2.5,1.5,0.5288,0.4712,False,Angers SCO +1.5,False,False,False,False,False,False,,,,,,,,0.6192,0.3808,0.2,weekly_update_20260916T234430Z_a723fb01,2026-08-18.phase1,0.1.0-phase1,0.1.0-phase1,2026-09-16T23:44:30+00:00
LIGUE12627_MW16_137_AJAuxerre_EstacTroyes,2026-27,16,2027-01-16,2027-01-15T23:00:00+00:00,AJ Auxerre,Estac Troyes,Stade de l'Abbé-Deschamps,scheduled,early_week_mode,,,,1.399,0.585,,,1-0,,home_win,,0.5604,0.2969,0.1427,AJ Auxerre,0.5622,0.2895,0.1483,,,,"[{""score"": ""1-0"", ""probability"": 0.185189}, {""score"": ""0-0"", ""probability"": 0.144562}, {""score"": ""2-0"", ""probability"": 0.134538}, {""score"": ""1-1"", ""probability"": 0.119692}, {""score"": ""2-1"", ""probability"": 0.078755}, {""score"": ""0-1"", ""probability"": 0.073336}, {""score"": ""3-0"", ""probability"": 0.062748}, {""score"": ""3-1"", ""probability"": 0.036731}, {""score"": ""1-2"", ""probability"": 0.032949}, {""score"": ""0-2"", ""probability"": 0.023548}]",,0.3409,0.6591,No,2.5,0.3191,0.6809,False,Under 2.5,-0.75,0.4933,0.5067,False,Estac Troyes +0.75,False,False,False,False,False,False,,,,,,,,0.5604,0.4396,0.2,weekly_update_20260916T234430Z_a723fb01,2026-08-18.phase1,0.1.0-phase1,0.1.0-phase1,2026-09-16T23:44:30+00:00
LIGUE12627_MW16_138_OlympiqueLyonnais_FCLorient,2026-27,16,2027-01-16,2027-01-15T23:00:00+00:00,Olympique Lyonnais,FC Lorient,Parc Olympique Lyonnais,scheduled,early_week_mode,,,,1.888,1.095,,,1-1,,draw,,0.5375,0.2285,0.234,Olympique Lyonnais,0.5521,0.2369,0.211,,,,"[{""score"": ""1-1"", ""probability"": 0.111322}, {""score"": ""2-1"", ""probability"": 0.098845}, {""score"": ""2-0"", ""probability"": 0.090257}, {""score"": ""1-0"", ""probability"": 0.088983}, {""score"": ""3-1"", ""probability"": 0.062211}, {""score"": ""1-2"", ""probability"": 0.057331}, {""score"": ""0-0"", ""probability"": 0.057256}, {""score"": ""3-0"", ""probability"": 0.056806}, {""score"": ""2-2"", ""probability"": 0.054125}, {""score"": ""0-1"", ""probability"": 0.04883}]",,0.5714,0.4286,Yes,2.5,0.573,0.427,False,Over 2.5,-0.75,0.495,0.505,False,FC Lorient +0.75,False,False,False,False,False,False,,,,,,,,0.5375,0.4625,0.2,weekly_update_20260916T234430Z_a723fb01,2026-08-18.phase1,0.1.0-phase1,0.1.0-phase1,2026-09-16T23:44:30+00:00
LIGUE12627_MW16_139_OlympiquedeMarseille_LOSCLille,2026-27,16,2027-01-16,2027-01-15T23:00:00+00:00,Olympique de Marseille,LOSC Lille,Stade Vélodrome,scheduled,early_week_mode,,,,1.481,1.25,,,1-1,,draw,,0.3878,0.2882,0.324,Olympique de Marseille,0.418,0.2697,0.3122,,,,"[{""score"": ""1-1"", ""probability"": 0.128224}, {""score"": ""2-1"", ""probability"": 0.089332}, {""score"": ""1-0"", ""probability"": 0.088839}, {""score"": ""1-2"", ""probability"": 0.075382}, {""score"": ""0-1"", ""probability"": 0.073775}, {""score"": ""0-0"", ""probability"": 0.072741}, {""score"": ""2-0"", ""probability"": 0.071457}, {""score"": ""2-2"", ""probability"": 0.055839}, {""score"": ""0-2"", ""probability"": 0.050882}, {""score"": ""3-1"", ""probability"": 0.044115}]",,0.559,0.441,Yes,2.5,0.5141,0.4859,False,Over 2.5,-0.25,0.4855,0.5145,False,LOSC Lille +0.25,False,False,False,False,False,False,,,,,,,,0.3878,0.6122,0.2,weekly_update_20260916T234430Z_a723fb01,2026-08-18.phase1,0.1.0-phase1,0.1.0-phase1,2026-09-16T23:44:30+00:00
LIGUE12627_MW16_140_ASMonaco_StadeBrestois29,2026-27,16,2027-01-16,2027-01-15T23:00:00+00:00,AS Monaco,Stade Brestois 29,Stade Louis II,scheduled,early_week_mode,,,,2.208,1.24,,,2-1,,home_win,,0.5737,0.1991,0.2271,AS Monaco,0.5875,0.2113,0.2012,,,,"[{""score"": ""2-1"", ""probability"": 0.09619}, {""score"": ""1-1"", ""probability"": 0.092649}, {""score"": ""2-0"", ""probability"": 0.077547}, {""score"": ""3-1"", ""probability"": 0.070788}, {""score"": ""1-0"", ""probability"": 0.064738}, {""score"": ""2-2"", ""probability"": 0.059658}, {""score"": ""3-0"", ""probability"": 0.057068}, {""score"": ""1-2"", ""probability"": 0.054044}, {""score"": ""3-2"", ""probability"": 0.043903}, {""score"": ""4-1"", ""probability"": 0.039071}]",,0.6381,0.3619,Yes,2.5,0.6693,0.3307,False,Over 2.5,-1.0,0.4793,0.5207,False,Stade Brestois 29 +1,False,False,False,False,False,False,,,,,,,,0.5737,0.4263,0.2,weekly_update_20260916T234430Z_a723fb01,2026-08-18.phase1,0.1.0-phase1,0.1.0-phase1,2026-09-16T23:44:30+00:00
LIGUE12627_MW16_141_OGCNice_HavreAthleticClub,2026-27,16,2027-01-16,2027-01-15T23:00:00+00:00,OGC Nice,Havre Athletic Club,Allianz Riviera,scheduled,early_week_mode,,,,1.405,0.922,,,1-1,,draw,,0.4903,0.2798,0.2299,OGC Nice,0.4738,0.2873,0.2389,,,,"[{""score"": ""1-1"", ""probability"": 0.134409}, {""score"": ""1-0"", ""probability"": 0.129094}, {""score"": ""0-0"", ""probability"": 0.105556}, {""score"": ""2-0"", ""probability"": 0.096316}, {""score"": ""2-1"", ""probability"": 0.088816}, {""score"": ""0-1"", ""probability"": 0.081969}, {""score"": ""1-2"", ""probability"": 0.058285}, {""score"": ""3-0"", ""probability"": 0.045113}, {""score"": ""3-1"", ""probability"": 0.0416}, {""score"": ""0-2"", ""probability"": 0.041479}]",,0.4626,0.5374,No,2.5,0.4112,0.5888,False,Under 2.5,-0.5,0.4738,0.5262,False,Havre Athletic Club +0.5,False,False,False,False,False,False,,,,,,,,0.4903,0.5097,0.2,weekly_update_20260916T234430Z_a723fb01,2026-08-18.phase1,0.1.0-phase1,0.1.0-phase1,2026-09-16T23:44:30+00:00
LIGUE12627_MW16_142_ParisFC_ToulouseFC,2026-27,16,2027-01-16,2027-01-15T23:00:00+00:00,Paris FC,Toulouse FC,Stade Charléty,scheduled,early_week_mode,,,,1.446,1.104,,,1-1,,draw,,0.449,0.2712,0.2798,Paris FC,0.4414,0.278,0.2806,,,,"[{""score"": ""1-1"", ""probability"": 0.132542}, {""score"": ""1-0"", ""probability"": 0.10505}, {""score"": ""2-1"", ""probability"": 0.090121}, {""score"": ""0-0"", ""probability"": 0.085991}, {""score"": ""2-0"", ""probability"": 0.081645}, {""score"": ""0-1"", ""probability"": 0.078331}, {""score"": ""1-2"", ""probability"": 0.068799}, {""score"": ""2-2"", ""probability"": 0.049738}, {""score"": ""0-2"", ""probability"": 0.047583}, {""score"": ""3-1"", ""probability"": 0.043435}]",,0.5188,0.4812,Yes,2.5,0.4689,0.5311,False,Under 2.5,-0.25,0.5109,0.4891,False,Paris FC -0.25,False,False,False,False,False,False,,,,,,,,0.449,0.551,0.2,weekly_update_20260916T234430Z_a723fb01,2026-08-18.phase1,0.1.0-phase1,0.1.0-phase1,2026-09-16T23:44:30+00:00
LIGUE12627_MW16_143_StadeRennaisFC_RCLens,2026-27,16,2027-01-16,2027-01-15T23:00:00+00:00,Stade Rennais FC,RC Lens,Roazhon Park,scheduled,early_week_mode,,,,1.539,1.67,,,1-1,,draw,,0.3577,0.2393,0.403,RC Lens,0.3487,0.2465,0.4048,,,,"[{""score"": ""1-1"", ""probability"": 0.110395}, {""score"": ""1-2"", ""probability"": 0.086715}, {""score"": ""2-1"", ""probability"": 0.079885}, {""score"": ""2-2"", ""probability"": 0.066718}, {""score"": ""0-1"", ""probability"": 0.060907}, {""score"": ""0-2"", ""probability"": 0.056353}, {""score"": ""1-0"", ""probability"": 0.055592}, {""score"": ""1-3"", ""probability"": 0.048282}, {""score"": ""2-0"", ""probability"": 0.047825}, {""score"": ""0-0"", ""probability"": 0.046961}]",,0.6441,0.3559,Yes,2.5,0.622,0.378,False,Over 2.5,0.0,0.472,0.528,False,RC Lens (pick'em),False,False,False,False,False,False,,,,,,,,0.403,0.597,0.2,weekly_update_20260916T234430Z_a723fb01,2026-08-18.phase1,0.1.0-phase1,0.1.0-phase1,2026-09-16T23:44:30+00:00
LIGUE12627_MW16_144_RCStrasbourgAlsace_LeMansFC,2026-27,16,2027-01-16,2027-01-15T23:00:00+00:00,RC Strasbourg Alsace,Le Mans FC,Stade de la Meinau,scheduled,early_week_mode,,,,3.006,1.307,,,3-1,,home_win,,0.6625,0.1995,0.138,RC Strasbourg Alsace,0.7125,0.1541,0.1334,,,,"[{""score"": ""3-1"", ""probability"": 0.079545}, {""score"": ""2-1"", ""probability"": 0.07939}, {""score"": ""3-0"", ""probability"": 0.06084}, {""score"": ""2-0"", ""probability"": 0.060722}, {""score"": ""4-1"", ""probability"": 0.059775}, {""score"": ""1-1"", ""probability"": 0.056165}, {""score"": ""3-2"", ""probability"": 0.052}, {""score"": ""2-2"", ""probability"": 0.051899}, {""score"": ""4-0"", ""probability"": 0.045719}, {""score"": ""4-2"", ""probability"": 0.039076}]",,0.6966,0.3034,Yes,2.5,0.8035,0.1965,False,Over 2.5,-1.5,0.5232,0.4768,False,RC Strasbourg Alsace -1.5,False,False,False,False,False,False,,,,,,,,0.6625,0.3375,0.2,weekly_update_20260916T234430Z_a723fb01,2026-08-18.phase1,0.1.0-phase1,0.1.0-phase1,2026-09-16T23:44:30+00:00
LIGUE12627_MW17_145_HavreAthleticClub_StadeRennaisFC,2026-27,17,2027-01-23,2027-01-22T23:00:00+00:00,Havre Athletic Club,Stade Rennais FC,Stade Océane,scheduled,early_week_mode,,,,1.131,1.595,,,1-1,,draw,,0.2533,0.2563,0.4904,Stade Rennais FC,0.2626,0.2638,0.4736,,,,"[{""score"": ""1-1"", ""probability"": 0.125589}, {""score"": ""0-1"", ""probability"": 0.096941}, {""score"": ""1-2"", ""probability"": 0.094209}, {""score"": ""0-2"", ""probability"": 0.083276}, {""score"": ""0-0"", ""probability"": 0.072926}, {""score"": ""2-1"", ""probability"": 0.066813}, {""score"": ""1-0"", ""probability"": 0.066578}, {""score"": ""2-2"", ""probability"": 0.053288}, {""score"": ""1-3"", ""probability"": 0.050092}, {""score"": ""0-3"", ""probability"": 0.044279}]",,0.5474,0.4526,Yes,2.5,0.5128,0.4872,False,Over 2.5,0.5,0.5264,0.4736,False,Havre Athletic Club +0.5,False,False,False,False,False,False,,,,,,,,0.4904,0.5096,0.2,weekly_update_20260916T234430Z_a723fb01,2026-08-18.phase1,0.1.0-phase1,0.1.0-phase1,2026-09-16T23:44:30+00:00
LIGUE12627_MW17_146_LeMansFC_AngersSCO,2026-27,17,2027-01-23,2027-01-22T23:00:00+00:00,Le Mans FC,Angers SCO,Stade Marie-Marvingt,scheduled,early_week_mode,,,,1.613,1.314,,,1-1,,draw,,0.4677,0.2409,0.2914,Le Mans FC,0.4373,0.2578,0.3049,,,,"[{""score"": ""1-1"", ""probability"": 0.120673}, {""score"": ""2-1"", ""probability"": 0.091555}, {""score"": ""1-0"", ""probability"": 0.079173}, {""score"": ""1-2"", ""probability"": 0.074586}, {""score"": ""2-0"", ""probability"": 0.069658}, {""score"": ""0-1"", ""probability"": 0.063169}, {""score"": ""0-0"", ""probability"": 0.0607}, {""score"": ""2-2"", ""probability"": 0.060168}, {""score"": ""3-1"", ""probability"": 0.049237}, {""score"": ""0-2"", ""probability"": 0.04623}]",,0.5928,0.4072,Yes,2.5,0.5604,0.4396,False,Over 2.5,-0.25,0.5018,0.4982,False,Le Mans FC -0.25,False,False,False,False,False,False,,,,,,,,0.4677,0.5323,0.2,weekly_update_20260916T234430Z_a723fb01,2026-08-18.phase1,0.1.0-phase1,0.1.0-phase1,2026-09-16T23:44:30+00:00
LIGUE12627_MW17_147_RCLens_StadeBrestois29,2026-27,17,2027-01-23,2027-01-22T23:00:00+00:00,RC Lens,Stade Brestois 29,Stade Bollaert-Delelis,scheduled,early_week_mode,,,,2.214,0.99,,,2-0,,home_win,,0.634,0.191,0.175,RC Lens,0.6455,0.2033,0.1511,,,,"[{""score"": ""2-0"", ""probability"": 0.099555}, {""score"": ""2-1"", ""probability"": 0.098554}, {""score"": ""1-1"", ""probability"": 0.094639}, {""score"": ""1-0"", ""probability"": 0.084284}, {""score"": ""3-0"", ""probability"": 0.073487}, {""score"": ""3-1"", ""probability"": 0.072748}, {""score"": ""2-2"", ""probability"": 0.048782}, {""score"": ""0-0"", ""probability"": 0.046232}, {""score"": ""1-2"", ""probability"": 0.044057}, {""score"": ""4-0"", ""probability"": 0.040684}]",,0.5654,0.4346,Yes,2.5,0.6208,0.3792,False,Over 2.5,-1.25,0.4759,0.5241,False,Stade Brestois 29 +1.25,False,False,False,False,False,False,,,,,,,,0.634,0.366,0.2,weekly_update_20260916T234430Z_a723fb01,2026-08-18.phase1,0.1.0-phase1,0.1.0-phase1,2026-09-16T23:44:30+00:00
LIGUE12627_MW17_148_LOSCLille_ParisFC,2026-27,17,2027-01-23,2027-01-22T23:00:00+00:00,LOSC Lille,Paris FC,Stade Pierre-Mauroy,scheduled,early_week_mode,,,,1.528,0.891,,,1-1,,draw,,0.5006,0.2741,0.2253,LOSC Lille,0.5146,0.2736,0.2119,,,,"[{""score"": ""1-1"", ""probability"": 0.128843}, {""score"": ""1-0"", ""probability"": 0.128405}, {""score"": ""2-0"", ""probability"": 0.10396}, {""score"": ""0-0"", ""probability"": 0.096712}, {""score"": ""2-1"", ""probability"": 0.092583}, {""score"": ""0-1"", ""probability"": 0.07164}, {""score"": ""1-2"", ""probability"": 0.053959}, {""score"": ""3-0"", ""probability"": 0.052951}, {""score"": ""3-1"", ""probability"": 0.047157}, {""score"": ""2-2"", ""probability"": 0.041226}]",,0.4693,0.5307,No,2.5,0.4351,0.5649,False,Under 2.5,-0.5,0.5146,0.4854,False,LOSC Lille -0.5,False,False,False,False,False,False,,,,,,,,0.5006,0.4994,0.2,weekly_update_20260916T234430Z_a723fb01,2026-08-18.phase1,0.1.0-phase1,0.1.0-phase1,2026-09-16T23:44:30+00:00
LIGUE12627_MW17_149_FCLorient_OlympiquedeMarseille,2026-27,17,2027-01-23,2027-01-22T23:00:00+00:00,FC Lorient,Olympique de Marseille,Stade du Moustoir,scheduled,early_week_mode,,,,1.394,1.722,,,1-1,,draw,,0.2533,0.2563,0.4904,Olympique de Marseille,0.3055,0.248,0.4466,,,,"[{""score"": ""1-1"", ""probability"": 0.113166}, {""score"": ""1-2"", ""probability"": 0.091634}, {""score"": ""2-1"", ""probability"": 0.07419}, {""score"": ""0-1"", ""probability"": 0.069615}, {""score"": ""0-2"", ""probability"": 0.06573}, {""score"": ""2-2"", ""probability"": 0.063874}, {""score"": ""1-0"", ""probability"": 0.055081}, {""score"": ""1-3"", ""probability"": 0.052595}, {""score"": ""0-0"", ""probability"": 0.05107}, {""score"": ""2-0"", ""probability"": 0.043086}]",,0.6243,0.3757,Yes,2.5,0.6023,0.3977,False,Over 2.5,0.25,0.4914,0.5086,False,Olympique de Marseille -0.25,False,False,False,False,False,False,,,,,,,,0.4904,0.5096,0.2,weekly_update_20260916T234430Z_a723fb01,2026-08-18.phase1,0.1.0-phase1,0.1.0-phase1,2026-09-16T23:44:30+00:00
LIGUE12627_MW17_150_ParisSaint-Germain_AJAuxerre,2026-27,17,2027-01-23,2027-01-22T23:00:00+00:00,Paris Saint-Germain,AJ Auxerre,Parc des Princes,scheduled,early_week_mode,,,,2.491,0.76,,,2-0,,home_win,,0.667,0.2009,0.1322,Paris Saint-Germain,0.7469,0.1645,0.0886,,,,"[{""score"": ""2-0"", ""probability"": 0.1203}, {""score"": ""3-0"", ""probability"": 0.099878}, {""score"": ""1-0"", ""probability"": 0.091955}, {""score"": ""2-1"", ""probability"": 0.091447}, {""score"": ""1-1"", ""probability"": 0.078075}, {""score"": ""3-1"", ""probability"": 0.075922}, {""score"": ""4-0"", ""probability"": 0.062191}, {""score"": ""4-1"", ""probability"": 0.047275}, {""score"": ""0-0"", ""probability"": 0.043428}, {""score"": ""2-2"", ""probability"": 0.034757}]",,0.4929,0.5071,No,2.5,0.6302,0.3698,False,Over 2.5,-1.75,0.4754,0.5246,False,AJ Auxerre +1.75,False,False,False,False,False,False,,,,,,,,0.667,0.333,0.2,weekly_update_20260916T234430Z_a723fb01,2026-08-18.phase1,0.1.0-phase1,0.1.0-phase1,2026-09-16T23:44:30+00:00
LIGUE12627_MW17_151_RCStrasbourgAlsace_OlympiqueLyonnais,2026-27,17,2027-01-23,2027-01-22T23:00:00+00:00,RC Strasbourg Alsace,Olympique Lyonnais,Stade de la Meinau,scheduled,early_week_mode,,,,1.571,1.577,,,1-1,,draw,,0.3798,0.2407,0.3795,RC Strasbourg Alsace,0.3738,0.2499,0.3762,,,,"[{""score"": ""1-1"", ""probability"": 0.113137}, {""score"": ""1-2"", ""probability"": 0.083879}, {""score"": ""2-1"", ""probability"": 0.083577}, {""score"": ""2-2"", ""probability"": 0.065882}, {""score"": ""0-1"", ""probability"": 0.061007}, {""score"": ""1-0"", ""probability"": 0.060764}, {""score"": ""0-2"", ""probability"": 0.053396}, {""score"": ""2-0"", ""probability"": 0.053012}, {""score"": ""0-0"", ""probability"": 0.049695}, {""score"": ""1-3"", ""probability"": 0.04408}]",,0.6351,0.3649,Yes,2.5,0.609,0.391,False,Over 2.5,0.0,0.4988,0.5012,False,Olympique Lyonnais (pick'em),False,False,False,False,False,False,,,,,,,,0.3798,0.6202,0.2,weekly_update_20260916T234430Z_a723fb01,2026-08-18.phase1,0.1.0-phase1,0.1.0-phase1,2026-09-16T23:44:30+00:00
LIGUE12627_MW17_152_ToulouseFC_OGCNice,2026-27,17,2027-01-23,2027-01-22T23:00:00+00:00,Toulouse FC,OGC Nice,Stadium de Toulouse,scheduled,early_week_mode,,,,1.452,1.083,,,1-1,,draw,,0.449,0.2712,0.2798,Toulouse FC,0.4478,0.2781,0.2741,,,,"[{""score"": ""1-1"", ""probability"": 0.132504}, {""score"": ""1-0"", ""probability"": 0.107139}, {""score"": ""2-1"", ""probability"": 0.090503}, {""score"": ""0-0"", ""probability"": 0.087073}, {""score"": ""2-0"", ""probability"": 0.08353}, {""score"": ""0-1"", ""probability"": 0.07792}, {""score"": ""1-2"", ""probability"": 0.067512}, {""score"": ""2-2"", ""probability"": 0.049028}, {""score"": ""0-2"", ""probability"": 0.046482}, {""score"": ""3-1"", ""probability"": 0.043816}]",,0.5146,0.4854,Yes,2.5,0.4654,0.5346,False,Under 2.5,-0.25,0.5173,0.4827,False,Toulouse FC -0.25,False,False,False,False,False,False,,,,,,,,0.449,0.551,0.2,weekly_update_20260916T234430Z_a723fb01,2026-08-18.phase1,0.1.0-phase1,0.1.0-phase1,2026-09-16T23:44:30+00:00
LIGUE12627_MW17_153_EstacTroyes_ASMonaco,2026-27,17,2027-01-23,2027-01-22T23:00:00+00:00,Estac Troyes,AS Monaco,Stade de l'Aube,scheduled,early_week_mode,,,,0.721,1.71,,,0-1,,away_win,,0.2045,0.2476,0.548,AS Monaco,0.1472,0.2484,0.6044,,,,"[{""score"": ""0-1"", ""probability"": 0.143568}, {""score"": ""0-2"", ""probability"": 0.128638}, {""score"": ""1-1"", ""probability"": 0.115271}, {""score"": ""0-0"", ""probability"": 0.094808}, {""score"": ""1-2"", ""probability"": 0.092712}, {""score"": ""0-3"", ""probability"": 0.073338}, {""score"": ""1-0"", ""probability"": 0.056532}, {""score"": ""1-3"", ""probability"": 0.052856}, {""score"": ""2-1"", ""probability"": 0.039068}, {""score"": ""2-2"", ""probability"": 0.03341}]",,0.4276,0.5724,No,2.5,0.4383,0.5617,False,Under 2.5,1.0,0.5243,0.4757,False,Estac Troyes +1,False,False,False,False,False,False,,,,,,,,0.548,0.452,0.2,weekly_update_20260916T234430Z_a723fb01,2026-08-18.phase1,0.1.0-phase1,0.1.0-phase1,2026-09-16T23:44:30+00:00
LIGUE12627_MW18_154_AngersSCO_HavreAthleticClub,2026-27,18,2027-01-30,2027-01-29T23:00:00+00:00,Angers SCO,Havre Athletic Club,Stade Raymond Kopa,scheduled,early_week_mode,,,,0.953,0.95,,,0-0,,draw,,0.3421,0.3246,0.3333,Angers SCO,0.3335,0.335,0.3315,,,,"[{""score"": ""0-0"", ""probability"": 0.157667}, {""score"": ""1-1"", ""probability"": 0.143544}, {""score"": ""1-0"", ""probability"": 0.133638}, {""score"": ""0-1"", ""probability"": 0.133069}, {""score"": ""2-0"", ""probability"": 0.067774}, {""score"": ""0-2"", ""probability"": 0.067233}, {""score"": ""2-1"", ""probability"": 0.064356}, {""score"": ""1-2"", ""probability"": 0.064098}, {""score"": ""2-2"", ""probability"": 0.030555}, {""score"": ""3-0"", ""probability"": 0.021538}]",,0.3853,0.6147,No,2.5,0.2971,0.7029,False,Under 2.5,0.0,0.501,0.499,False,Angers SCO (pick'em),False,False,False,False,False,False,,,,,,,,0.3421,0.6579,0.2,weekly_update_20260916T234430Z_a723fb01,2026-08-18.phase1,0.1.0-phase1,0.1.0-phase1,2026-09-16T23:44:30+00:00
LIGUE12627_MW18_155_StadeBrestois29_RCStrasbourgAlsace,2026-27,18,2027-01-30,2027-01-29T23:00:00+00:00,Stade Brestois 29,RC Strasbourg Alsace,Stade Francis-Le Blé,scheduled,early_week_mode,,,,1.537,1.609,,,1-1,,draw,,0.3798,0.2407,0.3795,Stade Brestois 29,0.3597,0.2498,0.3905,,,,"[{""score"": ""1-1"", ""probability"": 0.11311}, {""score"": ""1-2"", ""probability"": 0.085595}, {""score"": ""2-1"", ""probability"": 0.08178}, {""score"": ""2-2"", ""probability"": 0.0658}, {""score"": ""0-1"", ""probability"": 0.062464}, {""score"": ""1-0"", ""probability"": 0.059381}, {""score"": ""0-2"", ""probability"": 0.055672}, {""score"": ""2-0"", ""probability"": 0.050821}, {""score"": ""0-0"", ""probability"": 0.049726}, {""score"": ""1-3"", ""probability"": 0.045913}]",,0.6347,0.3653,Yes,2.5,0.6088,0.3912,False,Over 2.5,0.0,0.4846,0.5154,False,RC Strasbourg Alsace (pick'em),False,False,False,False,False,False,,,,,,,,0.3798,0.6202,0.2,weekly_update_20260916T234430Z_a723fb01,2026-08-18.phase1,0.1.0-phase1,0.1.0-phase1,2026-09-16T23:44:30+00:00
LIGUE12627_MW18_156_LeMansFC_OGCNice,2026-27,18,2027-01-30,2027-01-29T23:00:00+00:00,Le Mans FC,OGC Nice,Stade Marie-Marvingt,scheduled,early_week_mode,,,,1.567,1.937,,,1-1,,draw,,0.2623,0.2432,0.4945,OGC Nice,0.3092,0.2306,0.4602,,,,"[{""score"": ""1-1"", ""probability"": 0.097087}, {""score"": ""1-2"", ""probability"": 0.088444}, {""score"": ""2-1"", ""probability"": 0.071532}, {""score"": ""2-2"", ""probability"": 0.069285}, {""score"": ""1-3"", ""probability"": 0.057111}, {""score"": ""0-2"", ""probability"": 0.056451}, {""score"": ""0-1"", ""probability"": 0.052506}, {""score"": ""2-3"", ""probability"": 0.04474}, {""score"": ""1-0"", ""probability"": 0.041361}, {""score"": ""3-1"", ""probability"": 0.037358}]",,0.683,0.317,Yes,2.5,0.6798,0.3202,False,Over 2.5,0.25,0.4821,0.5179,False,OGC Nice -0.25,False,False,False,False,False,False,,,,,,,,0.4945,0.5055,0.2,weekly_update_20260916T234430Z_a723fb01,2026-08-18.phase1,0.1.0-phase1,0.1.0-phase1,2026-09-16T23:44:30+00:00
LIGUE12627_MW18_157_OlympiqueLyonnais_LOSCLille,2026-27,18,2027-01-30,2027-01-29T23:00:00+00:00,Olympique Lyonnais,LOSC Lille,Parc Olympique Lyonnais,scheduled,early_week_mode,,,,1.335,1.195,,,1-1,,draw,,0.3846,0.2858,0.3296,Olympique Lyonnais,0.3913,0.2834,0.3252,,,,"[{""score"": ""1-1"", ""probability"": 0.135124}, {""score"": ""1-0"", ""probability"": 0.098286}, {""score"": ""0-0"", ""probability"": 0.087696}, {""score"": ""0-1"", ""probability"": 0.087176}, {""score"": ""2-1"", ""probability"": 0.084814}, {""score"": ""1-2"", ""probability"": 0.075951}, {""score"": ""2-0"", ""probability"": 0.070958}, {""score"": ""0-2"", ""probability"": 0.056903}, {""score"": ""2-2"", ""probability"": 0.050688}, {""score"": ""3-1"", ""probability"": 0.037736}]",,0.5218,0.4782,Yes,2.5,0.4639,0.5361,False,Under 2.5,0.0,0.533,0.467,False,Olympique Lyonnais (pick'em),False,False,False,False,False,False,,,,,,,,0.3846,0.6154,0.2,weekly_update_20260916T234430Z_a723fb01,2026-08-18.phase1,0.1.0-phase1,0.1.0-phase1,2026-09-16T23:44:30+00:00
LIGUE12627_MW18_158_OlympiquedeMarseille_EstacTroyes,2026-27,18,2027-01-30,2027-01-29T23:00:00+00:00,Olympique de Marseille,Estac Troyes,Stade Vélodrome,scheduled,early_week_mode,,,,2.171,0.547,,,2-0,,home_win,,0.6955,0.2095,0.095,Olympique de Marseille,0.7446,0.181,0.0745,,,,"[{""score"": ""2-0"", ""probability"": 0.155642}, {""score"": ""1-0"", ""probability"": 0.138436}, {""score"": ""3-0"", ""probability"": 0.112623}, {""score"": ""2-1"", ""probability"": 0.085116}, {""score"": ""1-1"", ""probability"": 0.083378}, {""score"": ""0-0"", ""probability"": 0.071016}, {""score"": ""3-1"", ""probability"": 0.06159}, {""score"": ""4-0"", ""probability"": 0.06112}, {""score"": ""4-1"", ""probability"": 0.033425}, {""score"": ""0-1"", ""probability"": 0.031165}]",,0.3781,0.6219,No,2.5,0.5105,0.4895,False,Over 2.5,-1.5,0.5024,0.4976,False,Olympique de Marseille -1.5,False,False,False,False,False,False,,,,,,,,0.6955,0.3045,0.2,weekly_update_20260916T234430Z_a723fb01,2026-08-18.phase1,0.1.0-phase1,0.1.0-phase1,2026-09-16T23:44:30+00:00
LIGUE12627_MW18_159_ASMonaco_ParisSaint-Germain,2026-27,18,2027-01-30,2027-01-29T23:00:00+00:00,AS Monaco,Paris Saint-Germain,Stade Louis II,scheduled,early_week_mode,,,,1.376,2.07,,,1-1,,draw,,0.2447,0.2478,0.5075,Paris Saint-Germain,0.2475,0.2234,0.5291,,,,"[{""score"": ""1-1"", ""probability"": 0.096538}, {""score"": ""1-2"", ""probability"": 0.093979}, {""score"": ""0-2"", ""probability"": 0.068277}, {""score"": ""1-3"", ""probability"": 0.06485}, {""score"": ""2-2"", ""probability"": 0.064679}, {""score"": ""2-1"", ""probability"": 0.062488}, {""score"": ""0-1"", ""probability"": 0.060221}, {""score"": ""0-3"", ""probability"": 0.047114}, {""score"": ""2-3"", ""probability"": 0.044632}, {""score"": ""1-0"", ""probability"": 0.038117}]",,0.6589,0.3411,Yes,2.5,0.6691,0.3309,False,Over 2.5,0.75,0.5237,0.4763,False,AS Monaco +0.75,False,False,False,False,False,False,,,,,,,,0.5075,0.4925,0.2,weekly_update_20260916T234430Z_a723fb01,2026-08-18.phase1,0.1.0-phase1,0.1.0-phase1,2026-09-16T23:44:30+00:00
LIGUE12627_MW18_160_ParisFC_AJAuxerre,2026-27,18,2027-01-30,2027-01-29T23:00:00+00:00,Paris FC,AJ Auxerre,Stade Charléty,scheduled,early_week_mode,,,,1.513,1.027,,,1-1,,draw,,0.4876,0.2782,0.2342,Paris FC,0.4769,0.2736,0.2495,,,,"[{""score"": ""1-1"", ""probability"": 0.13032}, {""score"": ""1-0"", ""probability"": 0.111575}, {""score"": ""2-1"", ""probability"": 0.092696}, {""score"": ""2-0"", ""probability"": 0.090244}, {""score"": ""0-0"", ""probability"": 0.086643}, {""score"": ""0-1"", ""probability"": 0.073282}, {""score"": ""1-2"", ""probability"": 0.062949}, {""score"": ""2-2"", ""probability"": 0.047607}, {""score"": ""3-1"", ""probability"": 0.046736}, {""score"": ""3-0"", ""probability"": 0.0455}]",,0.5083,0.4917,Yes,2.5,0.4663,0.5337,False,Under 2.5,-0.5,0.4769,0.5231,False,AJ Auxerre +0.5,False,False,False,False,False,False,,,,,,,,0.4876,0.5124,0.2,weekly_update_20260916T234430Z_a723fb01,2026-08-18.phase1,0.1.0-phase1,0.1.0-phase1,2026-09-16T23:44:30+00:00
LIGUE12627_MW18_161_StadeRennaisFC_FCLorient,2026-27,18,2027-01-30,2027-01-29T23:00:00+00:00,Stade Rennais FC,FC Lorient,Roazhon Park,scheduled,early_week_mode,,,,1.932,1.254,,,1-1,,draw,,0.5375,0.2285,0.234,Stade Rennais FC,0.5258,0.2339,0.2403,,,,"[{""score"": ""1-1"", ""probability"": 0.106504}, {""score"": ""2-1"", ""probability"": 0.096771}, {""score"": ""2-0"", ""probability"": 0.077199}, {""score"": ""1-0"", ""probability"": 0.073574}, {""score"": ""1-2"", ""probability"": 0.062782}, {""score"": ""3-1"", ""probability"": 0.062326}, {""score"": ""2-2"", ""probability"": 0.060653}, {""score"": ""3-0"", ""probability"": 0.04972}, {""score"": ""0-0"", ""probability"": 0.047692}, {""score"": ""0-1"", ""probability"": 0.045508}]",,0.6173,0.3827,Yes,2.5,0.617,0.383,False,Over 2.5,-0.5,0.5258,0.4742,False,Stade Rennais FC -0.5,False,False,False,False,False,False,,,,,,,,0.5375,0.4625,0.2,weekly_update_20260916T234430Z_a723fb01,2026-08-18.phase1,0.1.0-phase1,0.1.0-phase1,2026-09-16T23:44:30+00:00
LIGUE12627_MW18_162_ToulouseFC_RCLens,2026-27,18,2027-01-30,2027-01-29T23:00:00+00:00,Toulouse FC,RC Lens,Stadium de Toulouse,scheduled,early_week_mode,,,,1.156,1.562,,,1-1,,draw,,0.2457,0.2784,0.4758,RC Lens,0.2743,0.2662,0.4595,,,,"[{""score"": ""1-1"", ""probability"": 0.126739}, {""score"": ""0-1"", ""probability"": 0.095571}, {""score"": ""1-2"", ""probability"": 0.093081}, {""score"": ""0-2"", ""probability"": 0.080516}, {""score"": ""0-0"", ""probability"": 0.07356}, {""score"": ""2-1"", ""probability"": 0.068901}, {""score"": ""1-0"", ""probability"": 0.068786}, {""score"": ""2-2"", ""probability"": 0.053804}, {""score"": ""1-3"", ""probability"": 0.048457}, {""score"": ""2-0"", ""probability"": 0.044118}]",,0.5491,0.4509,Yes,2.5,0.5107,0.4893,False,Over 2.5,0.25,0.474,0.526,False,RC Lens -0.25,False,False,False,False,False,False,,,,,,,,0.4758,0.5242,0.2,weekly_update_20260916T234430Z_a723fb01,2026-08-18.phase1,0.1.0-phase1,0.1.0-phase1,2026-09-16T23:44:30+00:00
LIGUE12627_MW19_163_AJAuxerre_ASMonaco,2026-27,19,2027-02-06,2027-02-05T23:00:00+00:00,AJ Auxerre,AS Monaco,Stade de l'Abbé-Deschamps,scheduled,early_week_mode,,,,1.348,1.629,,,1-1,,draw,,0.2743,0.2703,0.4554,AS Monaco,0.3104,0.2556,0.434,,,,"[{""score"": ""1-1"", ""probability"": 0.118963}, {""score"": ""1-2"", ""probability"": 0.091122}, {""score"": ""0-1"", ""probability"": 0.075928}, {""score"": ""2-1"", ""probability"": 0.075409}, {""score"": ""0-2"", ""probability"": 0.0676}, {""score"": ""1-0"", ""probability"": 0.061615}, {""score"": ""2-2"", ""probability"": 0.061414}, {""score"": ""0-0"", ""probability"": 0.058036}, {""score"": ""1-3"", ""probability"": 0.049474}, {""score"": ""2-0"", ""probability"": 0.046297}]",,0.6021,0.3979,Yes,2.5,0.5716,0.4284,False,Over 2.5,0.25,0.5021,0.4979,False,AJ Auxerre +0.25,False,False,False,False,False,False,,,,,,,,0.4554,0.5446,0.2,weekly_update_20260916T234430Z_a723fb01,2026-08-18.phase1,0.1.0-phase1,0.1.0-phase1,2026-09-16T23:44:30+00:00
LIGUE12627_MW19_164_HavreAthleticClub_ToulouseFC,2026-27,19,2027-02-06,2027-02-05T23:00:00+00:00,Havre Athletic Club,Toulouse FC,Stade Océane,scheduled,early_week_mode,,,,1.058,1.198,,,1-1,,draw,,0.3069,0.2956,0.3975,Toulouse FC,0.3136,0.3028,0.3836,,,,"[{""score"": ""1-1"", ""probability"": 0.141185}, {""score"": ""0-1"", ""probability"": 0.117141}, {""score"": ""0-0"", ""probability"": 0.113154}, {""score"": ""1-0"", ""probability"": 0.102405}, {""score"": ""1-2"", ""probability"": 0.079566}, {""score"": ""0-2"", ""probability"": 0.075223}, {""score"": ""2-1"", ""probability"": 0.070226}, {""score"": ""2-0"", ""probability"": 0.0586}, {""score"": ""2-2"", ""probability"": 0.04208}, {""score"": ""1-3"", ""probability"": 0.031784}]",,0.4642,0.5358,No,2.5,0.3923,0.6077,False,Under 2.5,0.0,0.465,0.535,False,Toulouse FC (pick'em),False,False,False,False,False,False,,,,,,,,0.3975,0.6025,0.2,weekly_update_20260916T234430Z_a723fb01,2026-08-18.phase1,0.1.0-phase1,0.1.0-phase1,2026-09-16T23:44:30+00:00
LIGUE12627_MW19_165_RCLens_AngersSCO,2026-27,19,2027-02-06,2027-02-05T23:00:00+00:00,RC Lens,Angers SCO,Stade Bollaert-Delelis,scheduled,early_week_mode,,,,2.077,0.621,,,2-0,,home_win,,0.667,0.2009,0.1322,RC Lens,0.7088,0.1976,0.0936,,,,"[{""score"": ""2-0"", ""probability"": 0.145318}, {""score"": ""1-0"", ""probability"": 0.134441}, {""score"": ""3-0"", ""probability"": 0.100605}, {""score"": ""1-1"", ""probability"": 0.092373}, {""score"": ""2-1"", ""probability"": 0.09022}, {""score"": ""0-0"", ""probability"": 0.072871}, {""score"": ""3-1"", ""probability"": 0.06246}, {""score"": ""4-0"", ""probability"": 0.052237}, {""score"": ""0-1"", ""probability"": 0.036336}, {""score"": ""4-1"", ""probability"": 0.032432}]",,0.41,0.59,No,2.5,0.5057,0.4943,False,Over 2.5,-1.25,0.5241,0.4759,False,RC Lens -1.25,False,False,False,False,False,False,,,,,,,,0.667,0.333,0.2,weekly_update_20260916T234430Z_a723fb01,2026-08-18.phase1,0.1.0-phase1,0.1.0-phase1,2026-09-16T23:44:30+00:00
LIGUE12627_MW19_166_FCLorient_LeMansFC,2026-27,19,2027-02-06,2027-02-05T23:00:00+00:00,FC Lorient,Le Mans FC,Stade du Moustoir,scheduled,early_week_mode,,,,2.55,1.287,,,2-1,,home_win,,0.6005,0.2084,0.191,FC Lorient,0.6427,0.1856,0.1716,,,,"[{""score"": ""2-1"", ""probability"": 0.090326}, {""score"": ""3-1"", ""probability"": 0.076792}, {""score"": ""1-1"", ""probability"": 0.07531}, {""score"": ""2-0"", ""probability"": 0.070209}, {""score"": ""3-0"", ""probability"": 0.059689}, {""score"": ""2-2"", ""probability"": 0.058104}, {""score"": ""1-0"", ""probability"": 0.050576}, {""score"": ""3-2"", ""probability"": 0.049397}, {""score"": ""4-1"", ""probability"": 0.048964}, {""score"": ""1-2"", ""probability"": 0.045563}]",,0.6717,0.3283,Yes,2.5,0.7367,0.2633,False,Over 2.5,-1.25,0.488,0.512,False,Le Mans FC +1.25,False,False,False,False,False,False,,,,,,,,0.6005,0.3995,0.2,weekly_update_20260916T234430Z_a723fb01,2026-08-18.phase1,0.1.0-phase1,0.1.0-phase1,2026-09-16T23:44:30+00:00
LIGUE12627_MW19_167_OGCNice_StadeBrestois29,2026-27,19,2027-02-06,2027-02-05T23:00:00+00:00,OGC Nice,Stade Brestois 29,Allianz Riviera,scheduled,early_week_mode,,,,1.536,1.244,,,1-1,,draw,,0.4457,0.2664,0.2879,OGC Nice,0.4334,0.2658,0.3008,,,,"[{""score"": ""1-1"", ""probability"": 0.126038}, {""score"": ""2-1"", ""probability"": 0.091056}, {""score"": ""1-0"", ""probability"": 0.087813}, {""score"": ""1-2"", ""probability"": 0.073718}, {""score"": ""2-0"", ""probability"": 0.073211}, {""score"": ""0-1"", ""probability"": 0.069664}, {""score"": ""0-0"", ""probability"": 0.069536}, {""score"": ""2-2"", ""probability"": 0.056625}, {""score"": ""0-2"", ""probability"": 0.047984}, {""score"": ""3-1"", ""probability"": 0.046629}]",,0.566,0.434,Yes,2.5,0.5258,0.4742,False,Over 2.5,-0.25,0.4999,0.5001,False,Stade Brestois 29 +0.25,False,False,False,False,False,False,,,,,,,,0.4457,0.5543,0.2,weekly_update_20260916T234430Z_a723fb01,2026-08-18.phase1,0.1.0-phase1,0.1.0-phase1,2026-09-16T23:44:30+00:00
LIGUE12627_MW19_168_ParisSaint-Germain_OlympiquedeMarseille,2026-27,19,2027-02-06,2027-02-05T23:00:00+00:00,Paris Saint-Germain,Olympique de Marseille,Parc des Princes,scheduled,early_week_mode,,,,2.327,1.179,,,2-1,,home_win,,0.6005,0.2084,0.191,Paris Saint-Germain,0.6245,0.2,0.1756,,,,"[{""score"": ""2-1"", ""probability"": 0.09588}, {""score"": ""1-1"", ""probability"": 0.087623}, {""score"": ""2-0"", ""probability"": 0.081298}, {""score"": ""3-1"", ""probability"": 0.074367}, {""score"": ""1-0"", ""probability"": 0.064666}, {""score"": ""3-0"", ""probability"": 0.063057}, {""score"": ""2-2"", ""probability"": 0.056539}, {""score"": ""1-2"", ""probability"": 0.048596}, {""score"": ""3-2"", ""probability"": 0.043853}, {""score"": ""4-1"", ""probability"": 0.04326}]",,0.6301,0.3699,Yes,2.5,0.6801,0.3199,False,Over 2.5,-1.0,0.5165,0.4835,False,Paris Saint-Germain -1,False,False,False,False,False,False,,,,,,,,0.6005,0.3995,0.2,weekly_update_20260916T234430Z_a723fb01,2026-08-18.phase1,0.1.0-phase1,0.1.0-phase1,2026-09-16T23:44:30+00:00
LIGUE12627_MW19_169_StadeRennaisFC_OlympiqueLyonnais,2026-27,19,2027-02-06,2027-02-05T23:00:00+00:00,Stade Rennais FC,Olympique Lyonnais,Roazhon Park,scheduled,early_week_mode,,,,1.702,1.565,,,1-1,,draw,,0.3959,0.2509,0.3532,Stade Rennais FC,0.4072,0.2439,0.3489,,,,"[{""score"": ""1-1"", ""probability"": 0.107966}, {""score"": ""2-1"", ""probability"": 0.086439}, {""score"": ""1-2"", ""probability"": 0.079439}, {""score"": ""2-2"", ""probability"": 0.067622}, {""score"": ""1-0"", ""probability"": 0.058478}, {""score"": ""2-0"", ""probability"": 0.055246}, {""score"": ""0-1"", ""probability"": 0.053223}, {""score"": ""3-1"", ""probability"": 0.049053}, {""score"": ""0-2"", ""probability"": 0.046661}, {""score"": ""0-0"", ""probability"": 0.044543}]",,0.6531,0.3469,Yes,2.5,0.6339,0.3661,False,Over 2.5,0.0,0.5291,0.4709,False,Stade Rennais FC (pick'em),False,False,False,False,False,False,,,,,,,,0.3959,0.6041,0.2,weekly_update_20260916T234430Z_a723fb01,2026-08-18.phase1,0.1.0-phase1,0.1.0-phase1,2026-09-16T23:44:30+00:00
LIGUE12627_MW19_170_RCStrasbourgAlsace_ParisFC,2026-27,19,2027-02-06,2027-02-05T23:00:00+00:00,RC Strasbourg Alsace,Paris FC,Stade de la Meinau,scheduled,early_week_mode,,,,1.65,1.28,,,1-1,,draw,,0.4677,0.2409,0.2914,RC Strasbourg Alsace,0.4537,0.256,0.2903,,,,"[{""score"": ""1-1"", ""probability"": 0.119908}, {""score"": ""2-1"", ""probability"": 0.093039}, {""score"": ""1-0"", ""probability"": 0.080954}, {""score"": ""2-0"", ""probability"": 0.072671}, {""score"": ""1-2"", ""probability"": 0.072192}, {""score"": ""0-1"", ""probability"": 0.061216}, {""score"": ""0-0"", ""probability"": 0.060518}, {""score"": ""2-2"", ""probability"": 0.059558}, {""score"": ""3-1"", ""probability"": 0.051172}, {""score"": ""0-2"", ""probability"": 0.043753}]",,0.5905,0.4095,Yes,2.5,0.561,0.439,False,Over 2.5,-0.25,0.5177,0.4823,False,RC Strasbourg Alsace -0.25,False,False,False,False,False,False,,,,,,,,0.4677,0.5323,0.2,weekly_update_20260916T234430Z_a723fb01,2026-08-18.phase1,0.1.0-phase1,0.1.0-phase1,2026-09-16T23:44:30+00:00
LIGUE12627_MW19_171_EstacTroyes_LOSCLille,2026-27,19,2027-02-06,2027-02-05T23:00:00+00:00,Estac Troyes,LOSC Lille,Stade de l'Aube,scheduled,early_week_mode,,,,0.511,1.405,,,0-1,,away_win,,0.1961,0.2784,0.5255,LOSC Lille,0.1275,0.2868,0.5857,,,,"[{""score"": ""0-1"", ""probability"": 0.200215}, {""score"": ""0-0"", ""probability"": 0.153924}, {""score"": ""0-2"", ""probability"": 0.145357}, {""score"": ""1-1"", ""probability"": 0.112313}, {""score"": ""1-2"", ""probability"": 0.074213}, {""score"": ""1-0"", ""probability"": 0.068496}, {""score"": ""0-3"", ""probability"": 0.068082}, {""score"": ""1-3"", ""probability"": 0.03476}, {""score"": ""2-1"", ""probability"": 0.026966}, {""score"": ""0-4"", ""probability"": 0.023916}]",,0.3084,0.6916,No,2.5,0.3005,0.6995,False,Under 2.5,0.75,0.4853,0.5147,False,LOSC Lille -0.75,False,False,False,False,False,False,,,,,,,,0.5255,0.4745,0.2,weekly_update_20260916T234430Z_a723fb01,2026-08-18.phase1,0.1.0-phase1,0.1.0-phase1,2026-09-16T23:44:30+00:00
LIGUE12627_MW20_172_AJAuxerre_RCStrasbourgAlsace,2026-27,20,2027-02-13,2027-02-12T23:00:00+00:00,AJ Auxerre,RC Strasbourg Alsace,Stade de l'Abbé-Deschamps,scheduled,early_week_mode,,,,1.373,1.445,,,1-1,,draw,,0.3567,0.2671,0.3762,RC Strasbourg Alsace,0.3503,0.2667,0.383,,,,"[{""score"": ""1-1"", ""probability"": 0.126002}, {""score"": ""1-2"", ""probability"": 0.08562}, {""score"": ""2-1"", ""probability"": 0.081341}, {""score"": ""0-1"", ""probability"": 0.078833}, {""score"": ""1-0"", ""probability"": 0.074518}, {""score"": ""0-0"", ""probability"": 0.067238}, {""score"": ""0-2"", ""probability"": 0.062371}, {""score"": ""2-2"", ""probability"": 0.058768}, {""score"": ""2-0"", ""probability"": 0.056292}, {""score"": ""1-3"", ""probability"": 0.04124}]",,0.5781,0.4219,Yes,2.5,0.5347,0.4653,False,Over 2.5,0.0,0.4837,0.5163,False,RC Strasbourg Alsace (pick'em),False,False,False,False,False,False,,,,,,,,0.3762,0.6238,0.2,weekly_update_20260916T234430Z_a723fb01,2026-08-18.phase1,0.1.0-phase1,0.1.0-phase1,2026-09-16T23:44:30+00:00
LIGUE12627_MW20_173_StadeBrestois29_StadeRennaisFC,2026-27,20,2027-02-13,2027-02-12T23:00:00+00:00,Stade Brestois 29,Stade Rennais FC,Stade Francis-Le Blé,scheduled,early_week_mode,,,,1.526,1.744,,,1-1,,draw,,0.3409,0.2455,0.4136,Stade Rennais FC,0.3325,0.2429,0.4246,,,,"[{""score"": ""1-1"", ""probability"": 0.107564}, {""score"": ""1-2"", ""probability"": 0.088216}, {""score"": ""2-1"", ""probability"": 0.077181}, {""score"": ""2-2"", ""probability"": 0.067302}, {""score"": ""0-1"", ""probability"": 0.059903}, {""score"": ""0-2"", ""probability"": 0.057815}, {""score"": ""1-0"", ""probability"": 0.051609}, {""score"": ""1-3"", ""probability"": 0.051283}, {""score"": ""0-0"", ""probability"": 0.044415}, {""score"": ""2-0"", ""probability"": 0.044255}]",,0.6521,0.3479,Yes,2.5,0.6344,0.3656,False,Over 2.5,0.25,0.5147,0.4853,False,Stade Brestois 29 +0.25,False,False,False,False,False,False,,,,,,,,0.4136,0.5864,0.2,weekly_update_20260916T234430Z_a723fb01,2026-08-18.phase1,0.1.0-phase1,0.1.0-phase1,2026-09-16T23:44:30+00:00
LIGUE12627_MW20_174_LeMansFC_ParisSaint-Germain,2026-27,20,2027-02-13,2027-02-12T23:00:00+00:00,Le Mans FC,Paris Saint-Germain,Stade Marie-Marvingt,scheduled,early_week_mode,,,,1.072,3.498,,,1-3,,away_win,,0.0941,0.1412,0.7647,Paris Saint-Germain,0.0726,0.111,0.8165,,,,"[{""score"": ""1-3"", ""probability"": 0.079998}, {""score"": ""0-3"", ""probability"": 0.074592}, {""score"": ""1-4"", ""probability"": 0.069951}, {""score"": ""1-2"", ""probability"": 0.068617}, {""score"": ""0-4"", ""probability"": 0.065223}, {""score"": ""0-2"", ""probability"": 0.063979}, {""score"": ""1-5"", ""probability"": 0.048932}, {""score"": ""0-5"", ""probability"": 0.045625}, {""score"": ""2-3"", ""probability"": 0.042898}, {""score"": ""1-1"", ""probability"": 0.041718}]",,0.6402,0.3598,Yes,2.5,0.8325,0.1675,False,Over 2.5,2.25,0.4898,0.5102,False,Paris Saint-Germain -2.25,False,False,False,False,False,False,,,,,,,,0.7647,0.2353,0.2,weekly_update_20260916T234430Z_a723fb01,2026-08-18.phase1,0.1.0-phase1,0.1.0-phase1,2026-09-16T23:44:30+00:00
LIGUE12627_MW20_175_LOSCLille_OGCNice,2026-27,20,2027-02-13,2027-02-12T23:00:00+00:00,LOSC Lille,OGC Nice,Stade Pierre-Mauroy,scheduled,early_week_mode,,,,1.652,0.812,,,1-0,,home_win,,0.5591,0.2526,0.1883,LOSC Lille,0.5662,0.2582,0.1757,,,,"[{""score"": ""1-0"", ""probability"": 0.133331}, {""score"": ""1-1"", ""probability"": 0.12138}, {""score"": ""2-0"", ""probability"": 0.116095}, {""score"": ""2-1"", ""probability"": 0.094296}, {""score"": ""0-0"", ""probability"": 0.0923}, {""score"": ""3-0"", ""probability"": 0.06393}, {""score"": ""0-1"", ""probability"": 0.061884}, {""score"": ""3-1"", ""probability"": 0.051926}, {""score"": ""1-2"", ""probability"": 0.046362}, {""score"": ""2-2"", ""probability"": 0.038295}]",,0.4568,0.5432,No,2.5,0.4469,0.5531,False,Under 2.5,-0.75,0.5033,0.4967,False,LOSC Lille -0.75,False,False,False,False,False,False,,,,,,,,0.5591,0.4409,0.2,weekly_update_20260916T234430Z_a723fb01,2026-08-18.phase1,0.1.0-phase1,0.1.0-phase1,2026-09-16T23:44:30+00:00
LIGUE12627_MW20_176_FCLorient_HavreAthleticClub,2026-27,20,2027-02-13,2027-02-12T23:00:00+00:00,FC Lorient,Havre Athletic Club,Stade du Moustoir,scheduled,early_week_mode,,,,1.52,0.922,,,1-1,,draw,,0.5006,0.2741,0.2253,FC Lorient,0.5047,0.2743,0.221,,,,"[{""score"": ""1-1"", ""probability"": 0.129615}, {""score"": ""1-0"", ""probability"": 0.124567}, {""score"": ""2-0"", ""probability"": 0.100531}, {""score"": ""0-0"", ""probability"": 0.094733}, {""score"": ""2-1"", ""probability"": 0.092649}, {""score"": ""0-1"", ""probability"": 0.07249}, {""score"": ""1-2"", ""probability"": 0.056174}, {""score"": ""3-0"", ""probability"": 0.050937}, {""score"": ""3-1"", ""probability"": 0.046943}, {""score"": ""2-2"", ""probability"": 0.042693}]",,0.4781,0.5219,No,2.5,0.4411,0.5589,False,Under 2.5,-0.5,0.5047,0.4953,False,FC Lorient -0.5,False,False,False,False,False,False,,,,,,,,0.5006,0.4994,0.2,weekly_update_20260916T234430Z_a723fb01,2026-08-18.phase1,0.1.0-phase1,0.1.0-phase1,2026-09-16T23:44:30+00:00
LIGUE12627_MW20_177_OlympiqueLyonnais_RCLens,2026-27,20,2027-02-13,2027-02-12T23:00:00+00:00,Olympique Lyonnais,RC Lens,Parc Olympique Lyonnais,scheduled,early_week_mode,,,,1.504,1.459,,,1-1,,draw,,0.3798,0.2407,0.3795,Olympique Lyonnais,0.3803,0.259,0.3607,,,,"[{""score"": ""1-1"", ""probability"": 0.120543}, {""score"": ""2-1"", ""probability"": 0.085241}, {""score"": ""1-2"", ""probability"": 0.082723}, {""score"": ""1-0"", ""probability"": 0.070519}, {""score"": ""0-1"", ""probability"": 0.068224}, {""score"": ""2-2"", ""probability"": 0.062196}, {""score"": ""0-0"", ""probability"": 0.058835}, {""score"": ""2-0"", ""probability"": 0.058412}, {""score"": ""0-2"", ""probability"": 0.055012}, {""score"": ""3-1"", ""probability"": 0.042726}]",,0.6041,0.3959,Yes,2.5,0.5685,0.4315,False,Over 2.5,0.0,0.5098,0.4902,False,Olympique Lyonnais (pick'em),False,False,False,False,False,False,,,,,,,,0.3798,0.6202,0.2,weekly_update_20260916T234430Z_a723fb01,2026-08-18.phase1,0.1.0-phase1,0.1.0-phase1,2026-09-16T23:44:30+00:00
LIGUE12627_MW20_178_OlympiquedeMarseille_AngersSCO,2026-27,20,2027-02-13,2027-02-12T23:00:00+00:00,Olympique de Marseille,Angers SCO,Stade Vélodrome,scheduled,early_week_mode,,,,2.159,0.718,,,2-0,,home_win,,0.667,0.2009,0.1322,Olympique de Marseille,0.6998,0.1949,0.1052,,,,"[{""score"": ""2-0"", ""probability"": 0.131218}, {""score"": ""1-0"", ""probability"": 0.116013}, {""score"": ""3-0"", ""probability"": 0.094447}, {""score"": ""2-1"", ""probability"": 0.09427}, {""score"": ""1-1"", ""probability"": 0.092837}, {""score"": ""3-1"", ""probability"": 0.067854}, {""score"": ""0-0"", ""probability"": 0.061806}, {""score"": ""4-0"", ""probability"": 0.050986}, {""score"": ""4-1"", ""probability"": 0.03663}, {""score"": ""0-1"", ""probability"": 0.034914}]",,0.4588,0.5412,No,2.5,0.5487,0.4513,False,Over 2.5,-1.25,0.5213,0.4787,False,Olympique de Marseille -1.25,False,False,False,False,False,False,,,,,,,,0.667,0.333,0.2,weekly_update_20260916T234430Z_a723fb01,2026-08-18.phase1,0.1.0-phase1,0.1.0-phase1,2026-09-16T23:44:30+00:00
LIGUE12627_MW20_179_ParisFC_EstacTroyes,2026-27,20,2027-02-13,2027-02-12T23:00:00+00:00,Paris FC,Estac Troyes,Stade Charléty,scheduled,early_week_mode,,,,1.588,0.549,,,1-0,,home_win,,0.6042,0.2579,0.138,Paris FC,0.6223,0.2586,0.1191,,,,"[{""score"": ""1-0"", ""probability"": 0.180844}, {""score"": ""2-0"", ""probability"": 0.148779}, {""score"": ""0-0"", ""probability"": 0.124469}, {""score"": ""1-1"", ""probability"": 0.109401}, {""score"": ""2-1"", ""probability"": 0.081709}, {""score"": ""3-0"", ""probability"": 0.078766}, {""score"": ""0-1"", ""probability"": 0.058277}, {""score"": ""3-1"", ""probability"": 0.043258}, {""score"": ""4-0"", ""probability"": 0.031275}, {""score"": ""1-2"", ""probability"": 0.028254}]",,0.3428,0.6572,No,2.5,0.3604,0.6396,False,Under 2.5,-1.0,0.4846,0.5154,False,Estac Troyes +1,False,False,False,False,False,False,,,,,,,,0.6042,0.3958,0.2,weekly_update_20260916T234430Z_a723fb01,2026-08-18.phase1,0.1.0-phase1,0.1.0-phase1,2026-09-16T23:44:30+00:00
LIGUE12627_MW20_180_ToulouseFC_ASMonaco,2026-27,20,2027-02-13,2027-02-12T23:00:00+00:00,Toulouse FC,AS Monaco,Stadium de Toulouse,scheduled,early_week_mode,,,,1.449,1.557,,,1-1,,draw,,0.3461,0.2493,0.4046,AS Monaco,0.3479,0.2565,0.3956,,,,"[{""score"": ""1-1"", ""probability"": 0.118736}, {""score"": ""1-2"", ""probability"": 0.08694}, {""score"": ""2-1"", ""probability"": 0.080882}, {""score"": ""0-1"", ""probability"": 0.070031}, {""score"": ""1-0"", ""probability"": 0.064659}, {""score"": ""2-2"", ""probability"": 0.062968}, {""score"": ""0-2"", ""probability"": 0.060018}, {""score"": ""0-0"", ""probability"": 0.056576}, {""score"": ""2-0"", ""probability"": 0.051946}, {""score"": ""1-3"", ""probability"": 0.045123}]",,0.6109,0.3891,Yes,2.5,0.578,0.422,False,Over 2.5,0.0,0.4762,0.5238,False,AS Monaco (pick'em),False,False,False,False,False,False,,,,,,,,0.4046,0.5954,0.2,weekly_update_20260916T234430Z_a723fb01,2026-08-18.phase1,0.1.0-phase1,0.1.0-phase1,2026-09-16T23:44:30+00:00
LIGUE12627_MW21_181_AngersSCO_ParisFC,2026-27,21,2027-02-20,2027-02-19T23:00:00+00:00,Angers SCO,Paris FC,Stade Raymond Kopa,scheduled,early_week_mode,,,,0.878,1.298,,,0-1,,away_win,,0.2271,0.2937,0.4791,Paris FC,0.2442,0.3011,0.4548,,,,"[{""score"": ""0-1"", ""probability"": 0.139117}, {""score"": ""1-1"", ""probability"": 0.137526}, {""score"": ""0-0"", ""probability"": 0.121658}, {""score"": ""0-2"", ""probability"": 0.095599}, {""score"": ""1-0"", ""probability"": 0.091467}, {""score"": ""1-2"", ""probability"": 0.083948}, {""score"": ""2-1"", ""probability"": 0.056791}, {""score"": ""2-0"", ""probability"": 0.043752}, {""score"": ""0-3"", ""probability"": 0.041363}, {""score"": ""2-2"", ""probability"": 0.036858}]",,0.433,0.567,No,2.5,0.3709,0.6291,False,Under 2.5,0.25,0.47,0.53,False,Paris FC -0.25,False,False,False,False,False,False,,,,,,,,0.4791,0.5209,0.2,weekly_update_20260916T234430Z_a723fb01,2026-08-18.phase1,0.1.0-phase1,0.1.0-phase1,2026-09-16T23:44:30+00:00
LIGUE12627_MW21_182_HavreAthleticClub_OlympiqueLyonnais,2026-27,21,2027-02-20,2027-02-19T23:00:00+00:00,Havre Athletic Club,Olympique Lyonnais,Stade Océane,scheduled,early_week_mode,,,,0.988,1.559,,,1-1,,draw,,0.2271,0.2937,0.4791,Olympique Lyonnais,0.2323,0.2694,0.4982,,,,"[{""score"": ""1-1"", ""probability"": 0.128273}, {""score"": ""0-1"", ""probability"": 0.114436}, {""score"": ""0-2"", ""probability"": 0.095139}, {""score"": ""1-2"", ""probability"": 0.09403}, {""score"": ""0-0"", ""probability"": 0.085937}, {""score"": ""1-0"", ""probability"": 0.069764}, {""score"": ""2-1"", ""probability"": 0.059618}, {""score"": ""0-3"", ""probability"": 0.049435}, {""score"": ""1-3"", ""probability"": 0.048858}, {""score"": ""2-2"", ""probability"": 0.046467}]",,0.5033,0.4967,Yes,2.5,0.4682,0.5318,False,Under 2.5,0.5,0.5018,0.4982,False,Havre Athletic Club +0.5,False,False,False,False,False,False,,,,,,,,0.4791,0.5209,0.2,weekly_update_20260916T234430Z_a723fb01,2026-08-18.phase1,0.1.0-phase1,0.1.0-phase1,2026-09-16T23:44:30+00:00
LIGUE12627_MW21_183_LOSCLille_FCLorient,2026-27,21,2027-02-20,2027-02-19T23:00:00+00:00,LOSC Lille,FC Lorient,Stade Pierre-Mauroy,scheduled,early_week_mode,,,,1.651,0.879,,,1-0,,home_win,,0.5345,0.2415,0.224,LOSC Lille,0.5488,0.2592,0.1919,,,,"[{""score"": ""1-0"", ""probability"": 0.124262}, {""score"": ""1-1"", ""probability"": 0.122914}, {""score"": ""2-0"", ""probability"": 0.108616}, {""score"": ""2-1"", ""probability"": 0.095432}, {""score"": ""0-0"", ""probability"": 0.087002}, {""score"": ""0-1"", ""probability"": 0.062707}, {""score"": ""3-0"", ""probability"": 0.059776}, {""score"": ""3-1"", ""probability"": 0.052521}, {""score"": ""1-2"", ""probability"": 0.050785}, {""score"": ""2-2"", ""probability"": 0.041924}]",,0.4798,0.5202,No,2.5,0.4637,0.5363,False,Under 2.5,-0.75,0.4874,0.5126,False,FC Lorient +0.75,False,False,False,False,False,False,,,,,,,,0.5345,0.4655,0.2,weekly_update_20260916T234430Z_a723fb01,2026-08-18.phase1,0.1.0-phase1,0.1.0-phase1,2026-09-16T23:44:30+00:00
LIGUE12627_MW21_184_ASMonaco_LeMansFC,2026-27,21,2027-02-20,2027-02-19T23:00:00+00:00,AS Monaco,Le Mans FC,Stade Louis II,scheduled,early_week_mode,,,,3.388,1.284,,,3-1,,home_win,,0.667,0.2009,0.1322,AS Monaco,0.7682,0.1288,0.1029,,,,"[{""score"": ""3-1"", ""probability"": 0.078481}, {""score"": ""2-1"", ""probability"": 0.069487}, {""score"": ""4-1"", ""probability"": 0.06648}, {""score"": ""3-0"", ""probability"": 0.061131}, {""score"": ""2-0"", ""probability"": 0.054125}, {""score"": ""4-0"", ""probability"": 0.051782}, {""score"": ""3-2"", ""probability"": 0.050378}, {""score"": ""5-1"", ""probability"": 0.04505}, {""score"": ""2-2"", ""probability"": 0.044605}, {""score"": ""1-1"", ""probability"": 0.04361}]",,0.701,0.299,Yes,2.5,0.8436,0.1564,False,Over 2.5,-2.0,0.501,0.499,False,AS Monaco -2,False,False,False,False,False,False,,,,,,,,0.667,0.333,0.2,weekly_update_20260916T234430Z_a723fb01,2026-08-18.phase1,0.1.0-phase1,0.1.0-phase1,2026-09-16T23:44:30+00:00
LIGUE12627_MW21_185_OGCNice_AJAuxerre,2026-27,21,2027-02-20,2027-02-19T23:00:00+00:00,OGC Nice,AJ Auxerre,Allianz Riviera,scheduled,early_week_mode,,,,1.38,1.11,,,1-1,,draw,,0.3984,0.2961,0.3055,OGC Nice,0.4221,0.2838,0.2941,,,,"[{""score"": ""1-1"", ""probability"": 0.135048}, {""score"": ""1-0"", ""probability"": 0.106344}, {""score"": ""0-0"", ""probability"": 0.090945}, {""score"": ""2-1"", ""probability"": 0.087609}, {""score"": ""0-1"", ""probability"": 0.08404}, {""score"": ""2-0"", ""probability"": 0.078892}, {""score"": ""1-2"", ""probability"": 0.070524}, {""score"": ""0-2"", ""probability"": 0.051123}, {""score"": ""2-2"", ""probability"": 0.048644}, {""score"": ""3-1"", ""probability"": 0.040285}]",,0.5098,0.4902,Yes,2.5,0.4536,0.5464,False,Under 2.5,-0.25,0.4931,0.5069,False,AJ Auxerre +0.25,False,False,False,False,False,False,,,,,,,,0.3984,0.6016,0.2,weekly_update_20260916T234430Z_a723fb01,2026-08-18.phase1,0.1.0-phase1,0.1.0-phase1,2026-09-16T23:44:30+00:00
LIGUE12627_MW21_186_ParisSaint-Germain_StadeBrestois29,2026-27,21,2027-02-20,2027-02-19T23:00:00+00:00,Paris Saint-Germain,Stade Brestois 29,Parc des Princes,scheduled,early_week_mode,,,,2.774,0.851,,,2-0,,home_win,,0.6674,0.201,0.1316,Paris Saint-Germain,0.7693,0.1463,0.0843,,,,"[{""score"": ""2-0"", ""probability"": 0.102737}, {""score"": ""3-0"", ""probability"": 0.09499}, {""score"": ""2-1"", ""probability"": 0.087467}, {""score"": ""3-1"", ""probability"": 0.080871}, {""score"": ""1-0"", ""probability"": 0.070089}, {""score"": ""1-1"", ""probability"": 0.067056}, {""score"": ""4-0"", ""probability"": 0.06587}, {""score"": ""4-1"", ""probability"": 0.05608}, {""score"": ""2-2"", ""probability"": 0.037234}, {""score"": ""5-0"", ""probability"": 0.036542}]",,0.5413,0.4587,Yes,2.5,0.701,0.299,False,Over 2.5,-1.75,0.5168,0.4832,False,Paris Saint-Germain -1.75,False,False,False,False,False,False,,,,,,,,0.6674,0.3326,0.2,weekly_update_20260916T234430Z_a723fb01,2026-08-18.phase1,0.1.0-phase1,0.1.0-phase1,2026-09-16T23:44:30+00:00
LIGUE12627_MW21_187_StadeRennaisFC_ToulouseFC,2026-27,21,2027-02-20,2027-02-19T23:00:00+00:00,Stade Rennais FC,Toulouse FC,Roazhon Park,scheduled,early_week_mode,,,,1.822,1.203,,,1-1,,draw,,0.5217,0.2436,0.2348,Stade Rennais FC,0.512,0.2431,0.2448,,,,"[{""score"": ""1-1"", ""probability"": 0.11318}, {""score"": ""2-1"", ""probability"": 0.096974}, {""score"": ""1-0"", ""probability"": 0.081762}, {""score"": ""2-0"", ""probability"": 0.080619}, {""score"": ""1-2"", ""probability"": 0.064021}, {""score"": ""3-1"", ""probability"": 0.058896}, {""score"": ""2-2"", ""probability"": 0.058324}, {""score"": ""0-0"", ""probability"": 0.055302}, {""score"": ""0-1"", ""probability"": 0.051691}, {""score"": ""3-0"", ""probability"": 0.048963}]",,0.5932,0.4068,Yes,2.5,0.5823,0.4177,False,Over 2.5,-0.5,0.512,0.488,False,Stade Rennais FC -0.5,False,False,False,False,False,False,,,,,,,,0.5217,0.4783,0.2,weekly_update_20260916T234430Z_a723fb01,2026-08-18.phase1,0.1.0-phase1,0.1.0-phase1,2026-09-16T23:44:30+00:00
LIGUE12627_MW21_188_RCStrasbourgAlsace_OlympiquedeMarseille,2026-27,21,2027-02-20,2027-02-19T23:00:00+00:00,RC Strasbourg Alsace,Olympique de Marseille,Stade de la Meinau,scheduled,early_week_mode,,,,1.643,1.75,,,1-1,,draw,,0.3754,0.2238,0.4007,Olympique de Marseille,0.3585,0.2386,0.4029,,,,"[{""score"": ""1-1"", ""probability"": 0.102762}, {""score"": ""1-2"", ""probability"": 0.084562}, {""score"": ""2-1"", ""probability"": 0.079397}, {""score"": ""2-2"", ""probability"": 0.069468}, {""score"": ""0-1"", ""probability"": 0.052712}, {""score"": ""0-2"", ""probability"": 0.051468}, {""score"": ""1-3"", ""probability"": 0.049325}, {""score"": ""1-0"", ""probability"": 0.049119}, {""score"": ""2-0"", ""probability"": 0.045373}, {""score"": ""3-1"", ""probability"": 0.043483}]",,0.6725,0.3275,Yes,2.5,0.6588,0.3412,False,Over 2.5,0.0,0.4778,0.5222,False,Olympique de Marseille (pick'em),False,False,False,False,False,False,,,,,,,,0.4007,0.5993,0.2,weekly_update_20260916T234430Z_a723fb01,2026-08-18.phase1,0.1.0-phase1,0.1.0-phase1,2026-09-16T23:44:30+00:00
LIGUE12627_MW21_189_RCLens_EstacTroyes,2026-27,21,2027-02-20,2027-02-19T23:00:00+00:00,RC Lens,Estac Troyes,Stade Bollaert-Delelis,scheduled,early_week_mode,,,,2.088,0.473,,,2-0,,home_win,,0.7118,0.2144,0.0738,RC Lens,0.7491,0.1842,0.0667,,,,"[{""score"": ""2-0"", ""probability"": 0.168469}, {""score"": ""1-0"", ""probability"": 0.156548}, {""score"": ""3-0"", ""probability"": 0.117253}, {""score"": ""0-0"", ""probability"": 0.08211}, {""score"": ""1-1"", ""probability"": 0.081086}, {""score"": ""2-1"", ""probability"": 0.079617}, {""score"": ""4-0"", ""probability"": 0.061205}, {""score"": ""3-1"", ""probability"": 0.055413}, {""score"": ""0-1"", ""probability"": 0.031702}, {""score"": ""4-1"", ""probability"": 0.028925}]",,0.3347,0.6653,No,2.5,0.4715,0.5285,False,Under 2.5,-1.5,0.4987,0.5013,False,Estac Troyes +1.5,False,False,False,False,False,False,,,,,,,,0.7118,0.2882,0.2,weekly_update_20260916T234430Z_a723fb01,2026-08-18.phase1,0.1.0-phase1,0.1.0-phase1,2026-09-16T23:44:30+00:00
LIGUE12627_MW22_190_AJAuxerre_LOSCLille,2026-27,22,2027-02-27,2027-02-26T23:00:00+00:00,AJ Auxerre,LOSC Lille,Stade de l'Abbé-Deschamps,scheduled,early_week_mode,,,,0.955,1.338,,,1-1,,draw,,0.2425,0.2879,0.4696,LOSC Lille,0.2589,0.2938,0.4472,,,,"[{""score"": ""1-1"", ""probability"": 0.137164}, {""score"": ""0-1"", ""probability"": 0.126939}, {""score"": ""0-0"", ""probability"": 0.109116}, {""score"": ""0-2"", ""probability"": 0.090392}, {""score"": ""1-0"", ""probability"": 0.088245}, {""score"": ""1-2"", ""probability"": 0.086315}, {""score"": ""2-1"", ""probability"": 0.061593}, {""score"": ""2-0"", ""probability"": 0.046028}, {""score"": ""2-2"", ""probability"": 0.041211}, {""score"": ""0-3"", ""probability"": 0.04032}]",,0.4619,0.5381,No,2.5,0.4021,0.5979,False,Under 2.5,0.25,0.4793,0.5207,False,LOSC Lille -0.25,False,False,False,False,False,False,,,,,,,,0.4696,0.5304,0.2,weekly_update_20260916T234430Z_a723fb01,2026-08-18.phase1,0.1.0-phase1,0.1.0-phase1,2026-09-16T23:44:30+00:00
LIGUE12627_MW22_191_StadeBrestois29_ASMonaco,2026-27,22,2027-02-27,2027-02-26T23:00:00+00:00,Stade Brestois 29,AS Monaco,Stade Francis-Le Blé,scheduled,early_week_mode,,,,1.51,1.814,,,1-1,,draw,,0.3216,0.2236,0.4548,AS Monaco,0.3168,0.2392,0.444,,,,"[{""score"": ""1-1"", ""probability"": 0.104898}, {""score"": ""1-2"", ""probability"": 0.089481}, {""score"": ""2-1"", ""probability"": 0.074473}, {""score"": ""2-2"", ""probability"": 0.067545}, {""score"": ""0-2"", ""probability"": 0.05927}, {""score"": ""0-1"", ""probability"": 0.05911}, {""score"": ""1-3"", ""probability"": 0.054104}, {""score"": ""1-0"", ""probability"": 0.048149}, {""score"": ""0-0"", ""probability"": 0.042266}, {""score"": ""2-0"", ""probability"": 0.041056}]",,0.6583,0.3417,Yes,2.5,0.6453,0.3547,False,Over 2.5,0.25,0.4962,0.5038,False,AS Monaco -0.25,False,False,False,False,False,False,,,,,,,,0.4548,0.5452,0.2,weekly_update_20260916T234430Z_a723fb01,2026-08-18.phase1,0.1.0-phase1,0.1.0-phase1,2026-09-16T23:44:30+00:00
LIGUE12627_MW22_192_LeMansFC_ParisFC,2026-27,22,2027-02-27,2027-02-26T23:00:00+00:00,Le Mans FC,Paris FC,Stade Marie-Marvingt,scheduled,early_week_mode,,,,1.449,2.124,,,1-1,,draw,,0.2618,0.2314,0.5069,Paris FC,0.2553,0.2196,0.525,,,,"[{""score"": ""1-1"", ""probability"": 0.091888}, {""score"": ""1-2"", ""probability"": 0.091781}, {""score"": ""2-2"", ""probability"": 0.066504}, {""score"": ""1-3"", ""probability"": 0.064982}, {""score"": ""0-2"", ""probability"": 0.063333}, {""score"": ""2-1"", ""probability"": 0.062621}, {""score"": ""0-1"", ""probability"": 0.054169}, {""score"": ""2-3"", ""probability"": 0.047086}, {""score"": ""0-3"", ""probability"": 0.04484}, {""score"": ""1-0"", ""probability"": 0.035222}]",,0.6792,0.3208,Yes,2.5,0.6924,0.3076,False,Over 2.5,0.5,0.475,0.525,False,Paris FC -0.5,False,False,False,False,False,False,,,,,,,,0.5069,0.4931,0.2,weekly_update_20260916T234430Z_a723fb01,2026-08-18.phase1,0.1.0-phase1,0.1.0-phase1,2026-09-16T23:44:30+00:00
LIGUE12627_MW22_193_FCLorient_AngersSCO,2026-27,22,2027-02-27,2027-02-26T23:00:00+00:00,FC Lorient,Angers SCO,Stade du Moustoir,scheduled,early_week_mode,,,,1.559,0.78,,,1-0,,home_win,,0.5357,0.2839,0.1804,FC Lorient,0.5512,0.2694,0.1794,,,,"[{""score"": ""1-0"", ""probability"": 0.143}, {""score"": ""1-1"", ""probability"": 0.124674}, {""score"": ""2-0"", ""probability"": 0.117222}, {""score"": ""0-0"", ""probability"": 0.10392}, {""score"": ""2-1"", ""probability"": 0.091382}, {""score"": ""0-1"", ""probability"": 0.067815}, {""score"": ""3-0"", ""probability"": 0.060902}, {""score"": ""3-1"", ""probability"": 0.047477}, {""score"": ""1-2"", ""probability"": 0.045705}, {""score"": ""2-2"", ""probability"": 0.035619}]",,0.4349,0.5651,No,2.5,0.414,0.586,False,Under 2.5,-0.75,0.4875,0.5125,False,Angers SCO +0.75,False,False,False,False,False,False,,,,,,,,0.5357,0.4643,0.2,weekly_update_20260916T234430Z_a723fb01,2026-08-18.phase1,0.1.0-phase1,0.1.0-phase1,2026-09-16T23:44:30+00:00
LIGUE12627_MW22_194_OlympiqueLyonnais_ToulouseFC,2026-27,22,2027-02-27,2027-02-26T23:00:00+00:00,Olympique Lyonnais,Toulouse FC,Parc Olympique Lyonnais,scheduled,early_week_mode,,,,1.78,1.051,,,1-1,,draw,,0.5299,0.2394,0.2307,Olympique Lyonnais,0.5377,0.2468,0.2155,,,,"[{""score"": ""1-1"", ""probability"": 0.117252}, {""score"": ""2-1"", ""probability"": 0.098175}, {""score"": ""1-0"", ""probability"": 0.097964}, {""score"": ""2-0"", ""probability"": 0.093421}, {""score"": ""0-0"", ""probability"": 0.065912}, {""score"": ""3-1"", ""probability"": 0.058266}, {""score"": ""1-2"", ""probability"": 0.057945}, {""score"": ""3-0"", ""probability"": 0.055445}, {""score"": ""0-1"", ""probability"": 0.054962}, {""score"": ""2-2"", ""probability"": 0.051585}]",,0.5477,0.4523,Yes,2.5,0.5379,0.4621,False,Over 2.5,-0.75,0.4797,0.5203,False,Toulouse FC +0.75,False,False,False,False,False,False,,,,,,,,0.5299,0.4701,0.2,weekly_update_20260916T234430Z_a723fb01,2026-08-18.phase1,0.1.0-phase1,0.1.0-phase1,2026-09-16T23:44:30+00:00
LIGUE12627_MW22_195_OlympiquedeMarseille_StadeRennaisFC,2026-27,22,2027-02-27,2027-02-26T23:00:00+00:00,Olympique de Marseille,Stade Rennais FC,Stade Vélodrome,scheduled,early_week_mode,,,,2.114,1.463,,,1-1,,draw,,0.5352,0.2182,0.2466,Olympique de Marseille,0.5199,0.2204,0.2597,,,,"[{""score"": ""1-1"", ""probability"": 0.091992}, {""score"": ""2-1"", ""probability"": 0.091437}, {""score"": ""2-2"", ""probability"": 0.066887}, {""score"": ""3-1"", ""probability"": 0.064423}, {""score"": ""1-2"", ""probability"": 0.06329}, {""score"": ""2-0"", ""probability"": 0.062499}, {""score"": ""1-0"", ""probability"": 0.053666}, {""score"": ""3-2"", ""probability"": 0.047126}, {""score"": ""3-0"", ""probability"": 0.044034}, {""score"": ""0-1"", ""probability"": 0.035461}]",,0.6811,0.3189,Yes,2.5,0.693,0.307,False,Over 2.5,-0.5,0.5199,0.4801,False,Olympique de Marseille -0.5,False,False,False,False,False,False,,,,,,,,0.5352,0.4648,0.2,weekly_update_20260916T234430Z_a723fb01,2026-08-18.phase1,0.1.0-phase1,0.1.0-phase1,2026-09-16T23:44:30+00:00
LIGUE12627_MW22_196_ParisSaint-Germain_RCLens,2026-27,22,2027-02-27,2027-02-26T23:00:00+00:00,Paris Saint-Germain,RC Lens,Parc des Princes,scheduled,early_week_mode,,,,2.011,1.134,,,1-1,,draw,,0.5515,0.2259,0.2227,Paris Saint-Germain,0.5702,0.2262,0.2037,,,,"[{""score"": ""1-1"", ""probability"": 0.104455}, {""score"": ""2-1"", ""probability"": 0.098774}, {""score"": ""2-0"", ""probability"": 0.087075}, {""score"": ""1-0"", ""probability"": 0.080393}, {""score"": ""3-1"", ""probability"": 0.066206}, {""score"": ""3-0"", ""probability"": 0.058364}, {""score"": ""2-2"", ""probability"": 0.056022}, {""score"": ""1-2"", ""probability"": 0.055721}, {""score"": ""0-0"", ""probability"": 0.049283}, {""score"": ""0-1"", ""probability"": 0.042643}]",,0.5937,0.4063,Yes,2.5,0.6084,0.3916,False,Over 2.5,-0.75,0.514,0.486,False,Paris Saint-Germain -0.75,False,False,False,False,False,False,,,,,,,,0.5515,0.4485,0.2,weekly_update_20260916T234430Z_a723fb01,2026-08-18.phase1,0.1.0-phase1,0.1.0-phase1,2026-09-16T23:44:30+00:00
LIGUE12627_MW22_197_RCStrasbourgAlsace_HavreAthleticClub,2026-27,22,2027-02-27,2027-02-26T23:00:00+00:00,RC Strasbourg Alsace,Havre Athletic Club,Stade de la Meinau,scheduled,early_week_mode,,,,1.791,0.937,,,1-1,,draw,,0.5421,0.2449,0.213,RC Strasbourg Alsace,0.568,0.2444,0.1875,,,,"[{""score"": ""1-1"", ""probability"": 0.116592}, {""score"": ""1-0"", ""probability"": 0.110148}, {""score"": ""2-0"", ""probability"": 0.104871}, {""score"": ""2-1"", ""probability"": 0.09822}, {""score"": ""0-0"", ""probability"": 0.072293}, {""score"": ""3-0"", ""probability"": 0.062622}, {""score"": ""3-1"", ""probability"": 0.05865}, {""score"": ""0-1"", ""probability"": 0.054278}, {""score"": ""1-2"", ""probability"": 0.051351}, {""score"": ""2-2"", ""probability"": 0.045995}]",,0.5136,0.4864,Yes,2.5,0.5132,0.4868,False,Over 2.5,-0.75,0.508,0.492,False,RC Strasbourg Alsace -0.75,False,False,False,False,False,False,,,,,,,,0.5421,0.4579,0.2,weekly_update_20260916T234430Z_a723fb01,2026-08-18.phase1,0.1.0-phase1,0.1.0-phase1,2026-09-16T23:44:30+00:00
LIGUE12627_MW22_198_EstacTroyes_OGCNice,2026-27,22,2027-02-27,2027-02-26T23:00:00+00:00,Estac Troyes,OGC Nice,Stade de l'Aube,scheduled,early_week_mode,,,,0.723,1.19,,,0-1,,away_win,,0.2192,0.3184,0.4624,OGC Nice,0.2163,0.3208,0.4629,,,,"[{""score"": ""0-1"", ""probability"": 0.167712}, {""score"": ""0-0"", ""probability"": 0.1557}, {""score"": ""1-1"", ""probability"": 0.135036}, {""score"": ""0-2"", ""probability"": 0.10458}, {""score"": ""1-0"", ""probability"": 0.098681}, {""score"": ""1-2"", ""probability"": 0.075576}, {""score"": ""2-1"", ""probability"": 0.04589}, {""score"": ""0-3"", ""probability"": 0.041488}, {""score"": ""2-0"", ""probability"": 0.038559}, {""score"": ""1-3"", ""probability"": 0.029982}]",,0.3661,0.6339,No,2.5,0.2997,0.7003,False,Under 2.5,0.5,0.5371,0.4629,False,Estac Troyes +0.5,False,False,False,False,False,False,,,,,,,,0.4624,0.5376,0.2,weekly_update_20260916T234430Z_a723fb01,2026-08-18.phase1,0.1.0-phase1,0.1.0-phase1,2026-09-16T23:44:30+00:00
LIGUE12627_MW23_199_AngersSCO_AJAuxerre,2026-27,23,2027-03-06,2027-03-05T23:00:00+00:00,Angers SCO,AJ Auxerre,Stade Raymond Kopa,scheduled,early_week_mode,,,,0.936,1.144,,,1-1,,draw,,0.2515,0.3353,0.4132,AJ Auxerre,0.2886,0.316,0.3954,,,,"[{""score"": ""1-1"", ""probability"": 0.142242}, {""score"": ""0-1"", ""probability"": 0.134473}, {""score"": ""0-0"", ""probability"": 0.133455}, {""score"": ""1-0"", ""probability"": 0.108529}, {""score"": ""0-2"", ""probability"": 0.081724}, {""score"": ""1-2"", ""probability"": 0.076491}, {""score"": ""2-1"", ""probability"": 0.062608}, {""score"": ""2-0"", ""probability"": 0.05475}, {""score"": ""2-2"", ""probability"": 0.035797}, {""score"": ""0-3"", ""probability"": 0.031151}]",,0.4226,0.5774,No,2.5,0.3448,0.6552,False,Under 2.5,0.25,0.5256,0.4744,False,Angers SCO +0.25,False,False,False,False,False,False,,,,,,,,0.4132,0.5868,0.2,weekly_update_20260916T234430Z_a723fb01,2026-08-18.phase1,0.1.0-phase1,0.1.0-phase1,2026-09-16T23:44:30+00:00
LIGUE12627_MW23_200_HavreAthleticClub_OGCNice,2026-27,23,2027-03-06,2027-03-05T23:00:00+00:00,Havre Athletic Club,OGC Nice,Stade Océane,scheduled,early_week_mode,,,,1.122,1.155,,,1-1,,draw,,0.3355,0.2834,0.3811,OGC Nice,0.3409,0.3022,0.3569,,,,"[{""score"": ""1-1"", ""probability"": 0.141363}, {""score"": ""0-0"", ""probability"": 0.111017}, {""score"": ""0-1"", ""probability"": 0.110054}, {""score"": ""1-0"", ""probability"": 0.106752}, {""score"": ""1-2"", ""probability"": 0.076749}, {""score"": ""2-1"", ""probability"": 0.074609}, {""score"": ""0-2"", ""probability"": 0.068383}, {""score"": ""2-0"", ""probability"": 0.064624}, {""score"": ""2-2"", ""probability"": 0.043069}, {""score"": ""1-3"", ""probability"": 0.029536}]",,0.4703,0.5297,No,2.5,0.3978,0.6022,False,Under 2.5,0.0,0.492,0.508,False,OGC Nice (pick'em),False,False,False,False,False,False,,,,,,,,0.3811,0.6189,0.2,weekly_update_20260916T234430Z_a723fb01,2026-08-18.phase1,0.1.0-phase1,0.1.0-phase1,2026-09-16T23:44:30+00:00
LIGUE12627_MW23_201_RCLens_RCStrasbourgAlsace,2026-27,23,2027-03-06,2027-03-05T23:00:00+00:00,RC Lens,RC Strasbourg Alsace,Stade Bollaert-Delelis,scheduled,early_week_mode,,,,2.049,1.167,,,1-1,,draw,,0.5492,0.2204,0.2304,RC Lens,0.5709,0.2234,0.2057,,,,"[{""score"": ""1-1"", ""probability"": 0.10205}, {""score"": ""2-1"", ""probability"": 0.098308}, {""score"": ""2-0"", ""probability"": 0.084271}, {""score"": ""1-0"", ""probability"": 0.076204}, {""score"": ""3-1"", ""probability"": 0.067129}, {""score"": ""3-0"", ""probability"": 0.057544}, {""score"": ""2-2"", ""probability"": 0.057342}, {""score"": ""1-2"", ""probability"": 0.055984}, {""score"": ""0-0"", ""probability"": 0.046233}, {""score"": ""0-1"", ""probability"": 0.040783}]",,0.6058,0.3942,Yes,2.5,0.6231,0.3769,False,Over 2.5,-0.75,0.5153,0.4847,False,RC Lens -0.75,False,False,False,False,False,False,,,,,,,,0.5492,0.4508,0.2,weekly_update_20260916T234430Z_a723fb01,2026-08-18.phase1,0.1.0-phase1,0.1.0-phase1,2026-09-16T23:44:30+00:00
LIGUE12627_MW23_202_LOSCLille_OlympiquedeMarseille,2026-27,23,2027-03-06,2027-03-05T23:00:00+00:00,LOSC Lille,Olympique de Marseille,Stade Pierre-Mauroy,scheduled,early_week_mode,,,,1.522,1.217,,,1-1,,draw,,0.4401,0.2756,0.2843,LOSC Lille,0.4355,0.2678,0.2967,,,,"[{""score"": ""1-1"", ""probability"": 0.127312}, {""score"": ""2-1"", ""probability"": 0.091095}, {""score"": ""1-0"", ""probability"": 0.090797}, {""score"": ""2-0"", ""probability"": 0.074838}, {""score"": ""1-2"", ""probability"": 0.072875}, {""score"": ""0-0"", ""probability"": 0.072224}, {""score"": ""0-1"", ""probability"": 0.071122}, {""score"": ""2-2"", ""probability"": 0.055442}, {""score"": ""0-2"", ""probability"": 0.047895}, {""score"": ""3-1"", ""probability"": 0.046202}]",,0.5578,0.4422,Yes,2.5,0.5158,0.4842,False,Over 2.5,-0.25,0.5025,0.4975,False,LOSC Lille -0.25,False,False,False,False,False,False,,,,,,,,0.4401,0.5599,0.2,weekly_update_20260916T234430Z_a723fb01,2026-08-18.phase1,0.1.0-phase1,0.1.0-phase1,2026-09-16T23:44:30+00:00
LIGUE12627_MW23_203_ASMonaco_OlympiqueLyonnais,2026-27,23,2027-03-06,2027-03-05T23:00:00+00:00,AS Monaco,Olympique Lyonnais,Stade Louis II,scheduled,early_week_mode,,,,1.771,1.548,,,1-1,,draw,,0.4076,0.243,0.3494,AS Monaco,0.4263,0.2407,0.333,,,,"[{""score"": ""1-1"", ""probability"": 0.105509}, {""score"": ""2-1"", ""probability"": 0.087859}, {""score"": ""1-2"", ""probability"": 0.076811}, {""score"": ""2-2"", ""probability"": 0.068006}, {""score"": ""1-0"", ""probability"": 0.057825}, {""score"": ""2-0"", ""probability"": 0.056753}, {""score"": ""3-1"", ""probability"": 0.051859}, {""score"": ""0-1"", ""probability"": 0.049764}, {""score"": ""0-2"", ""probability"": 0.043377}, {""score"": ""0-0"", ""probability"": 0.042475}]",,0.6596,0.3404,Yes,2.5,0.6443,0.3557,False,Over 2.5,-0.25,0.4865,0.5135,False,Olympique Lyonnais +0.25,False,False,False,False,False,False,,,,,,,,0.4076,0.5924,0.2,weekly_update_20260916T234430Z_a723fb01,2026-08-18.phase1,0.1.0-phase1,0.1.0-phase1,2026-09-16T23:44:30+00:00
LIGUE12627_MW23_204_ParisFC_StadeBrestois29,2026-27,23,2027-03-06,2027-03-05T23:00:00+00:00,Paris FC,Stade Brestois 29,Stade Charléty,scheduled,early_week_mode,,,,1.684,1.15,,,1-1,,draw,,0.5187,0.2422,0.2391,Paris FC,0.4913,0.2555,0.2532,,,,"[{""score"": ""1-1"", ""probability"": 0.121006}, {""score"": ""2-1"", ""probability"": 0.095853}, {""score"": ""1-0"", ""probability"": 0.09173}, {""score"": ""2-0"", ""probability"": 0.08332}, {""score"": ""0-0"", ""probability"": 0.065928}, {""score"": ""1-2"", ""probability"": 0.065464}, {""score"": ""0-1"", ""probability"": 0.060366}, {""score"": ""2-2"", ""probability"": 0.055136}, {""score"": ""3-1"", ""probability"": 0.05382}, {""score"": ""3-0"", ""probability"": 0.046783}]",,0.5639,0.4361,Yes,2.5,0.5388,0.4612,False,Over 2.5,-0.5,0.4913,0.5087,False,Stade Brestois 29 +0.5,False,False,False,False,False,False,,,,,,,,0.5187,0.4813,0.2,weekly_update_20260916T234430Z_a723fb01,2026-08-18.phase1,0.1.0-phase1,0.1.0-phase1,2026-09-16T23:44:30+00:00
LIGUE12627_MW23_205_StadeRennaisFC_ParisSaint-Germain,2026-27,23,2027-03-06,2027-03-05T23:00:00+00:00,Stade Rennais FC,Paris Saint-Germain,Roazhon Park,scheduled,early_week_mode,,,,1.323,2.092,,,1-1,,draw,,0.2455,0.2365,0.518,Paris Saint-Germain,0.2332,0.2215,0.5453,,,,"[{""score"": ""1-1"", ""probability"": 0.096759}, {""score"": ""1-2"", ""probability"": 0.095201}, {""score"": ""0-2"", ""probability"": 0.071937}, {""score"": ""1-3"", ""probability"": 0.066395}, {""score"": ""0-1"", ""probability"": 0.06301}, {""score"": ""2-2"", ""probability"": 0.062993}, {""score"": ""2-1"", ""probability"": 0.060216}, {""score"": ""0-3"", ""probability"": 0.05017}, {""score"": ""2-3"", ""probability"": 0.043933}, {""score"": ""0-0"", ""probability"": 0.038622}]",,0.6489,0.3511,Yes,2.5,0.6632,0.3368,False,Over 2.5,0.75,0.5082,0.4918,False,Stade Rennais FC +0.75,False,False,False,False,False,False,,,,,,,,0.518,0.482,0.2,weekly_update_20260916T234430Z_a723fb01,2026-08-18.phase1,0.1.0-phase1,0.1.0-phase1,2026-09-16T23:44:30+00:00
LIGUE12627_MW23_206_ToulouseFC_LeMansFC,2026-27,23,2027-03-06,2027-03-05T23:00:00+00:00,Toulouse FC,Le Mans FC,Stadium de Toulouse,scheduled,early_week_mode,,,,2.447,1.213,,,2-1,,home_win,,0.6005,0.2084,0.191,Toulouse FC,0.6397,0.1912,0.1691,,,,"[{""score"": ""2-1"", ""probability"": 0.093533}, {""score"": ""1-1"", ""probability"": 0.081269}, {""score"": ""2-0"", ""probability"": 0.077097}, {""score"": ""3-1"", ""probability"": 0.076304}, {""score"": ""3-0"", ""probability"": 0.062896}, {""score"": ""1-0"", ""probability"": 0.058169}, {""score"": ""2-2"", ""probability"": 0.056736}, {""score"": ""4-1"", ""probability"": 0.046687}, {""score"": ""1-2"", ""probability"": 0.046365}, {""score"": ""3-2"", ""probability"": 0.046286}]",,0.6467,0.3533,Yes,2.5,0.7075,0.2925,False,Over 2.5,-1.25,0.4812,0.5188,False,Le Mans FC +1.25,False,False,False,False,False,False,,,,,,,,0.6005,0.3995,0.2,weekly_update_20260916T234430Z_a723fb01,2026-08-18.phase1,0.1.0-phase1,0.1.0-phase1,2026-09-16T23:44:30+00:00
LIGUE12627_MW23_207_EstacTroyes_FCLorient,2026-27,23,2027-03-06,2027-03-05T23:00:00+00:00,Estac Troyes,FC Lorient,Stade de l'Aube,scheduled,early_week_mode,,,,0.722,1.287,,,0-1,,away_win,,0.2271,0.2937,0.4791,FC Lorient,0.2013,0.3066,0.4921,,,,"[{""score"": ""0-1"", ""probability"": 0.164678}, {""score"": ""0-0"", ""probability"": 0.141918}, {""score"": ""1-1"", ""probability"": 0.132512}, {""score"": ""0-2"", ""probability"": 0.111079}, {""score"": ""1-0"", ""probability"": 0.088924}, {""score"": ""1-2"", ""probability"": 0.080225}, {""score"": ""0-3"", ""probability"": 0.047668}, {""score"": ""2-1"", ""probability"": 0.045006}, {""score"": ""2-0"", ""probability"": 0.034958}, {""score"": ""1-3"", ""probability"": 0.034428}]",,0.3803,0.6197,No,2.5,0.3259,0.6741,False,Under 2.5,0.5,0.5079,0.4921,False,Estac Troyes +0.5,False,False,False,False,False,False,,,,,,,,0.4791,0.5209,0.2,weekly_update_20260916T234430Z_a723fb01,2026-08-18.phase1,0.1.0-phase1,0.1.0-phase1,2026-09-16T23:44:30+00:00
LIGUE12627_MW24_208_AJAuxerre_ParisSaint-Germain,2026-27,24,2027-03-13,2027-03-12T23:00:00+00:00,AJ Auxerre,Paris Saint-Germain,Stade de l'Abbé-Deschamps,scheduled,early_week_mode,,,,0.925,2.046,,,0-2,,away_win,,0.2044,0.2161,0.5794,Paris Saint-Germain,0.1556,0.2173,0.6271,,,,"[{""score"": ""0-2"", ""probability"": 0.107282}, {""score"": ""1-1"", ""probability"": 0.10314}, {""score"": ""1-2"", ""probability"": 0.099256}, {""score"": ""0-1"", ""probability"": 0.098714}, {""score"": ""0-3"", ""probability"": 0.073181}, {""score"": ""1-3"", ""probability"": 0.067707}, {""score"": ""0-0"", ""probability"": 0.057371}, {""score"": ""2-2"", ""probability"": 0.045915}, {""score"": ""2-1"", ""probability"": 0.044874}, {""score"": ""1-0"", ""probability"": 0.041267}]",,0.5317,0.4683,Yes,2.5,0.5703,0.4297,False,Over 2.5,1.0,0.4903,0.5097,False,Paris Saint-Germain -1,False,False,False,False,False,False,,,,,,,,0.5794,0.4206,0.2,weekly_update_20260916T234430Z_a723fb01,2026-08-18.phase1,0.1.0-phase1,0.1.0-phase1,2026-09-16T23:44:30+00:00
LIGUE12627_MW24_209_StadeBrestois29_LOSCLille,2026-27,24,2027-03-13,2027-03-12T23:00:00+00:00,Stade Brestois 29,LOSC Lille,Stade Francis-Le Blé,scheduled,early_week_mode,,,,1.069,1.49,,,1-1,,draw,,0.2425,0.2879,0.4696,LOSC Lille,0.2641,0.2749,0.461,,,,"[{""score"": ""1-1"", ""probability"": 0.131039}, {""score"": ""0-1"", ""probability"": 0.107443}, {""score"": ""1-2"", ""probability"": 0.091833}, {""score"": ""0-2"", ""probability"": 0.085866}, {""score"": ""0-0"", ""probability"": 0.085122}, {""score"": ""1-0"", ""probability"": 0.074906}, {""score"": ""2-1"", ""probability"": 0.065904}, {""score"": ""2-2"", ""probability"": 0.049107}, {""score"": ""1-3"", ""probability"": 0.045618}, {""score"": ""2-0"", ""probability"": 0.044223}]",,0.5166,0.4834,Yes,2.5,0.4714,0.5286,False,Under 2.5,0.25,0.4702,0.5298,False,LOSC Lille -0.25,False,False,False,False,False,False,,,,,,,,0.4696,0.5304,0.2,weekly_update_20260916T234430Z_a723fb01,2026-08-18.phase1,0.1.0-phase1,0.1.0-phase1,2026-09-16T23:44:30+00:00
LIGUE12627_MW24_210_HavreAthleticClub_RCLens,2026-27,24,2027-03-13,2027-03-12T23:00:00+00:00,Havre Athletic Club,RC Lens,Stade Océane,scheduled,early_week_mode,,,,0.893,1.664,,,1-1,,draw,,0.2164,0.2438,0.5397,RC Lens,0.1937,0.2579,0.5484,,,,"[{""score"": ""1-1"", ""probability"": 0.122507}, {""score"": ""0-1"", ""probability"": 0.121694}, {""score"": ""0-2"", ""probability"": 0.107323}, {""score"": ""1-2"", ""probability"": 0.095873}, {""score"": ""0-0"", ""probability"": 0.084792}, {""score"": ""1-0"", ""probability"": 0.061949}, {""score"": ""0-3"", ""probability"": 0.059534}, {""score"": ""1-3"", ""probability"": 0.053183}, {""score"": ""2-1"", ""probability"": 0.051464}, {""score"": ""2-2"", ""probability"": 0.042822}]",,0.4861,0.5139,No,2.5,0.4708,0.5292,False,Under 2.5,0.75,0.5128,0.4872,False,Havre Athletic Club +0.75,False,False,False,False,False,False,,,,,,,,0.5397,0.4603,0.2,weekly_update_20260916T234430Z_a723fb01,2026-08-18.phase1,0.1.0-phase1,0.1.0-phase1,2026-09-16T23:44:30+00:00
LIGUE12627_MW24_211_LeMansFC_StadeRennaisFC,2026-27,24,2027-03-13,2027-03-12T23:00:00+00:00,Le Mans FC,Stade Rennais FC,Stade Marie-Marvingt,scheduled,early_week_mode,,,,1.579,2.677,,,1-2,,away_win,,0.2305,0.2068,0.5627,Stade Rennais FC,0.21,0.1845,0.6055,,,,"[{""score"": ""1-2"", ""probability"": 0.080372}, {""score"": ""1-3"", ""probability"": 0.071706}, {""score"": ""1-1"", ""probability"": 0.063854}, {""score"": ""2-2"", ""probability"": 0.063464}, {""score"": ""2-3"", ""probability"": 0.056621}, {""score"": ""0-2"", ""probability"": 0.050892}, {""score"": ""1-4"", ""probability"": 0.047982}, {""score"": ""2-1"", ""probability"": 0.047422}, {""score"": ""0-3"", ""probability"": 0.045405}, {""score"": ""2-4"", ""probability"": 0.037887}]",,0.7429,0.2571,Yes,2.5,0.7967,0.2033,False,Over 2.5,1.0,0.4925,0.5075,False,Stade Rennais FC -1,False,False,False,False,False,False,,,,,,,,0.5627,0.4373,0.2,weekly_update_20260916T234430Z_a723fb01,2026-08-18.phase1,0.1.0-phase1,0.1.0-phase1,2026-09-16T23:44:30+00:00
LIGUE12627_MW24_212_OlympiqueLyonnais_EstacTroyes,2026-27,24,2027-03-13,2027-03-12T23:00:00+00:00,Olympique Lyonnais,Estac Troyes,Parc Olympique Lyonnais,scheduled,early_week_mode,,,,1.956,0.523,,,2-0,,home_win,,0.6678,0.2011,0.1311,Olympique Lyonnais,0.7111,0.2051,0.0838,,,,"[{""score"": ""2-0"", ""probability"": 0.160412}, {""score"": ""1-0"", ""probability"": 0.158613}, {""score"": ""3-0"", ""probability"": 0.104577}, {""score"": ""1-1"", ""probability"": 0.091194}, {""score"": ""0-0"", ""probability"": 0.089298}, {""score"": ""2-1"", ""probability"": 0.083874}, {""score"": ""3-1"", ""probability"": 0.05468}, {""score"": ""4-0"", ""probability"": 0.051133}, {""score"": ""0-1"", ""probability"": 0.03843}, {""score"": ""4-1"", ""probability"": 0.026735}]",,0.355,0.645,No,2.5,0.4506,0.5494,False,Under 2.5,-1.25,0.5175,0.4825,False,Olympique Lyonnais -1.25,False,False,False,False,False,False,,,,,,,,0.6678,0.3322,0.2,weekly_update_20260916T234430Z_a723fb01,2026-08-18.phase1,0.1.0-phase1,0.1.0-phase1,2026-09-16T23:44:30+00:00
LIGUE12627_MW24_213_OlympiquedeMarseille_ASMonaco,2026-27,24,2027-03-13,2027-03-12T23:00:00+00:00,Olympique de Marseille,AS Monaco,Stade Vélodrome,scheduled,early_week_mode,,,,2.091,1.522,,,1-1,,draw,,0.5069,0.2067,0.2864,Olympique de Marseille,0.5029,0.2216,0.2754,,,,"[{""score"": ""1-1"", ""probability"": 0.09129}, {""score"": ""2-1"", ""probability"": 0.089781}, {""score"": ""2-2"", ""probability"": 0.068309}, {""score"": ""1-2"", ""probability"": 0.065326}, {""score"": ""3-1"", ""probability"": 0.062587}, {""score"": ""2-0"", ""probability"": 0.059001}, {""score"": ""1-0"", ""probability"": 0.050994}, {""score"": ""3-2"", ""probability"": 0.047619}, {""score"": ""3-0"", ""probability"": 0.04113}, {""score"": ""0-1"", ""probability"": 0.035625}]",,0.6905,0.3095,Yes,2.5,0.6994,0.3006,False,Over 2.5,-0.5,0.5029,0.4971,False,Olympique de Marseille -0.5,False,False,False,False,False,False,,,,,,,,0.5069,0.4931,0.2,weekly_update_20260916T234430Z_a723fb01,2026-08-18.phase1,0.1.0-phase1,0.1.0-phase1,2026-09-16T23:44:30+00:00
LIGUE12627_MW24_214_OGCNice_ToulouseFC,2026-27,24,2027-03-13,2027-03-12T23:00:00+00:00,OGC Nice,Toulouse FC,Allianz Riviera,scheduled,early_week_mode,,,,1.319,1.193,,,1-1,,draw,,0.3846,0.2858,0.3296,OGC Nice,0.3874,0.2848,0.3278,,,,"[{""score"": ""1-1"", ""probability"": 0.135701}, {""score"": ""1-0"", ""probability"": 0.098878}, {""score"": ""0-0"", ""probability"": 0.089175}, {""score"": ""0-1"", ""probability"": 0.088712}, {""score"": ""2-1"", ""probability"": 0.084152}, {""score"": ""1-2"", ""probability"": 0.076153}, {""score"": ""2-0"", ""probability"": 0.070518}, {""score"": ""0-2"", ""probability"": 0.057749}, {""score"": ""2-2"", ""probability"": 0.050212}, {""score"": ""3-1"", ""probability"": 0.036991}]",,0.5185,0.4815,Yes,2.5,0.4593,0.5407,False,Under 2.5,0.0,0.5298,0.4702,False,OGC Nice (pick'em),False,False,False,False,False,False,,,,,,,,0.3846,0.6154,0.2,weekly_update_20260916T234430Z_a723fb01,2026-08-18.phase1,0.1.0-phase1,0.1.0-phase1,2026-09-16T23:44:30+00:00
LIGUE12627_MW24_215_ParisFC_FCLorient,2026-27,24,2027-03-13,2027-03-12T23:00:00+00:00,Paris FC,FC Lorient,Stade Charléty,scheduled,early_week_mode,,,,1.533,1.15,,,1-1,,draw,,0.449,0.2712,0.2798,Paris FC,0.4535,0.2688,0.2776,,,,"[{""score"": ""1-1"", ""probability"": 0.128119}, {""score"": ""1-0"", ""probability"": 0.097133}, {""score"": ""2-1"", ""probability"": 0.09238}, {""score"": ""2-0"", ""probability"": 0.08031}, {""score"": ""0-0"", ""probability"": 0.07594}, {""score"": ""0-1"", ""probability"": 0.070966}, {""score"": ""1-2"", ""probability"": 0.069304}, {""score"": ""2-2"", ""probability"": 0.053133}, {""score"": ""3-1"", ""probability"": 0.047216}, {""score"": ""0-2"", ""probability"": 0.045199}]",,0.5436,0.4564,Yes,2.5,0.5023,0.4977,False,Over 2.5,-0.25,0.5207,0.4793,False,Paris FC -0.25,False,False,False,False,False,False,,,,,,,,0.449,0.551,0.2,weekly_update_20260916T234430Z_a723fb01,2026-08-18.phase1,0.1.0-phase1,0.1.0-phase1,2026-09-16T23:44:30+00:00
LIGUE12627_MW24_216_RCStrasbourgAlsace_AngersSCO,2026-27,24,2027-03-13,2027-03-12T23:00:00+00:00,RC Strasbourg Alsace,Angers SCO,Stade de la Meinau,scheduled,early_week_mode,,,,1.837,0.792,,,1-0,,home_win,,0.609,0.2445,0.1465,RC Strasbourg Alsace,0.6149,0.2354,0.1497,,,,"[{""score"": ""1-0"", ""probability"": 0.125891}, {""score"": ""2-0"", ""probability"": 0.121725}, {""score"": ""1-1"", ""probability"": 0.111636}, {""score"": ""2-1"", ""probability"": 0.096435}, {""score"": ""0-0"", ""probability"": 0.078789}, {""score"": ""3-0"", ""probability"": 0.074533}, {""score"": ""3-1"", ""probability"": 0.059048}, {""score"": ""0-1"", ""probability"": 0.050518}, {""score"": ""1-2"", ""probability"": 0.041591}, {""score"": ""2-2"", ""probability"": 0.038199}]",,0.4666,0.5334,No,2.5,0.4888,0.5112,False,Under 2.5,-1.0,0.4905,0.5095,False,Angers SCO +1,False,False,False,False,False,False,,,,,,,,0.609,0.391,0.2,weekly_update_20260916T234430Z_a723fb01,2026-08-18.phase1,0.1.0-phase1,0.1.0-phase1,2026-09-16T23:44:30+00:00
LIGUE12627_MW25_217_AngersSCO_LeMansFC,2026-27,25,2027-03-20,2027-03-19T23:00:00+00:00,Angers SCO,Le Mans FC,Stade Raymond Kopa,scheduled,early_week_mode,,,,1.6,1.326,,,1-1,,draw,,0.4587,0.2449,0.2963,Angers SCO,0.4316,0.2584,0.31,,,,"[{""score"": ""1-1"", ""probability"": 0.120968}, {""score"": ""2-1"", ""probability"": 0.091001}, {""score"": ""1-0"", ""probability"": 0.078633}, {""score"": ""1-2"", ""probability"": 0.075407}, {""score"": ""2-0"", ""probability"": 0.06865}, {""score"": ""0-1"", ""probability"": 0.063925}, {""score"": ""0-0"", ""probability"": 0.060848}, {""score"": ""2-2"", ""probability"": 0.060314}, {""score"": ""3-1"", ""probability"": 0.048525}, {""score"": ""0-2"", ""probability"": 0.047138}]",,0.5932,0.4068,Yes,2.5,0.5598,0.4402,False,Over 2.5,-0.25,0.4962,0.5038,False,Le Mans FC +0.25,False,False,False,False,False,False,,,,,,,,0.4587,0.5413,0.2,weekly_update_20260916T234430Z_a723fb01,2026-08-18.phase1,0.1.0-phase1,0.1.0-phase1,2026-09-16T23:44:30+00:00
LIGUE12627_MW25_218_RCLens_LOSCLille,2026-27,25,2027-03-20,2027-03-19T23:00:00+00:00,RC Lens,LOSC Lille,Stade Bollaert-Delelis,scheduled,early_week_mode,,,,1.425,1.08,,,1-1,,draw,,0.449,0.2712,0.2798,RC Lens,0.4412,0.2808,0.278,,,,"[{""score"": ""1-1"", ""probability"": 0.133649}, {""score"": ""1-0"", ""probability"": 0.108401}, {""score"": ""0-0"", ""probability"": 0.089602}, {""score"": ""2-1"", ""probability"": 0.089559}, {""score"": ""2-0"", ""probability"": 0.082898}, {""score"": ""0-1"", ""probability"": 0.080262}, {""score"": ""1-2"", ""probability"": 0.067899}, {""score"": ""2-2"", ""probability"": 0.048377}, {""score"": ""0-2"", ""probability"": 0.04765}, {""score"": ""3-1"", ""probability"": 0.042539}]",,0.5096,0.4904,Yes,2.5,0.4575,0.5425,False,Under 2.5,-0.25,0.5114,0.4886,False,RC Lens -0.25,False,False,False,False,False,False,,,,,,,,0.449,0.551,0.2,weekly_update_20260916T234430Z_a723fb01,2026-08-18.phase1,0.1.0-phase1,0.1.0-phase1,2026-09-16T23:44:30+00:00
LIGUE12627_MW25_219_FCLorient_OGCNice,2026-27,25,2027-03-20,2027-03-19T23:00:00+00:00,FC Lorient,OGC Nice,Stade du Moustoir,scheduled,early_week_mode,,,,1.514,1.149,,,1-1,,draw,,0.449,0.2712,0.2798,FC Lorient,0.4488,0.2706,0.2806,,,,"[{""score"": ""1-1"", ""probability"": 0.129011}, {""score"": ""1-0"", ""probability"": 0.09793}, {""score"": ""2-1"", ""probability"": 0.091828}, {""score"": ""2-0"", ""probability"": 0.079922}, {""score"": ""0-0"", ""probability"": 0.077444}, {""score"": ""0-1"", ""probability"": 0.07249}, {""score"": ""1-2"", ""probability"": 0.069707}, {""score"": ""2-2"", ""probability"": 0.052754}, {""score"": ""3-1"", ""probability"": 0.046331}, {""score"": ""0-2"", ""probability"": 0.046053}]",,0.5404,0.4596,Yes,2.5,0.4972,0.5028,False,Under 2.5,-0.25,0.5164,0.4836,False,FC Lorient -0.25,False,False,False,False,False,False,,,,,,,,0.449,0.551,0.2,weekly_update_20260916T234430Z_a723fb01,2026-08-18.phase1,0.1.0-phase1,0.1.0-phase1,2026-09-16T23:44:30+00:00
LIGUE12627_MW25_220_OlympiquedeMarseille_OlympiqueLyonnais,2026-27,25,2027-03-20,2027-03-19T23:00:00+00:00,Olympique de Marseille,Olympique Lyonnais,Stade Vélodrome,scheduled,early_week_mode,,,,1.847,1.43,,,1-1,,draw,,0.4745,0.2299,0.2956,Olympique de Marseille,0.4681,0.2388,0.2931,,,,"[{""score"": ""1-1"", ""probability"": 0.106033}, {""score"": ""2-1"", ""probability"": 0.092077}, {""score"": ""1-2"", ""probability"": 0.071288}, {""score"": ""2-2"", ""probability"": 0.06582}, {""score"": ""2-0"", ""probability"": 0.064404}, {""score"": ""1-0"", ""probability"": 0.063447}, {""score"": ""3-1"", ""probability"": 0.056676}, {""score"": ""0-1"", ""probability"": 0.047698}, {""score"": ""0-0"", ""probability"": 0.044081}, {""score"": ""3-2"", ""probability"": 0.040515}]",,0.6469,0.3531,Yes,2.5,0.6357,0.3643,False,Over 2.5,-0.25,0.5278,0.4722,False,Olympique de Marseille -0.25,False,False,False,False,False,False,,,,,,,,0.4745,0.5255,0.2,weekly_update_20260916T234430Z_a723fb01,2026-08-18.phase1,0.1.0-phase1,0.1.0-phase1,2026-09-16T23:44:30+00:00
LIGUE12627_MW25_221_ASMonaco_HavreAthleticClub,2026-27,25,2027-03-20,2027-03-19T23:00:00+00:00,AS Monaco,Havre Athletic Club,Stade Louis II,scheduled,early_week_mode,,,,2.019,0.92,,,2-0,,home_win,,0.5914,0.2204,0.1881,AS Monaco,0.6227,0.2199,0.1573,,,,"[{""score"": ""2-0"", ""probability"": 0.107921}, {""score"": ""1-1"", ""probability"": 0.104518}, {""score"": ""1-0"", ""probability"": 0.100671}, {""score"": ""2-1"", ""probability"": 0.099251}, {""score"": ""3-0"", ""probability"": 0.072643}, {""score"": ""3-1"", ""probability"": 0.066807}, {""score"": ""0-0"", ""probability"": 0.059149}, {""score"": ""2-2"", ""probability"": 0.045639}, {""score"": ""1-2"", ""probability"": 0.045202}, {""score"": ""0-1"", ""probability"": 0.042463}]",,0.5277,0.4723,Yes,2.5,0.5629,0.4371,False,Over 2.5,-1.0,0.5048,0.4952,False,AS Monaco -1,False,False,False,False,False,False,,,,,,,,0.5914,0.4086,0.2,weekly_update_20260916T234430Z_a723fb01,2026-08-18.phase1,0.1.0-phase1,0.1.0-phase1,2026-09-16T23:44:30+00:00
LIGUE12627_MW25_222_ParisSaint-Germain_RCStrasbourgAlsace,2026-27,25,2027-03-20,2027-03-19T23:00:00+00:00,Paris Saint-Germain,RC Strasbourg Alsace,Parc des Princes,scheduled,early_week_mode,,,,2.566,1.003,,,2-1,,home_win,,0.667,0.2009,0.1322,Paris Saint-Germain,0.7057,0.1726,0.1218,,,,"[{""score"": ""2-1"", ""probability"": 0.093194}, {""score"": ""2-0"", ""probability"": 0.09289}, {""score"": ""3-1"", ""probability"": 0.079709}, {""score"": ""3-0"", ""probability"": 0.079449}, {""score"": ""1-1"", ""probability"": 0.077234}, {""score"": ""1-0"", ""probability"": 0.067809}, {""score"": ""4-1"", ""probability"": 0.051132}, {""score"": ""4-0"", ""probability"": 0.050965}, {""score"": ""2-2"", ""probability"": 0.046749}, {""score"": ""3-2"", ""probability"": 0.039985}]",,0.5892,0.4108,Yes,2.5,0.6913,0.3087,False,Over 2.5,-1.5,0.4949,0.5051,False,RC Strasbourg Alsace +1.5,False,False,False,False,False,False,,,,,,,,0.667,0.333,0.2,weekly_update_20260916T234430Z_a723fb01,2026-08-18.phase1,0.1.0-phase1,0.1.0-phase1,2026-09-16T23:44:30+00:00
LIGUE12627_MW25_223_StadeRennaisFC_ParisFC,2026-27,25,2027-03-20,2027-03-19T23:00:00+00:00,Stade Rennais FC,Paris FC,Roazhon Park,scheduled,early_week_mode,,,,1.788,1.271,,,1-1,,draw,,0.517,0.2414,0.2416,Stade Rennais FC,0.489,0.2454,0.2656,,,,"[{""score"": ""1-1"", ""probability"": 0.113418}, {""score"": ""2-1"", ""probability"": 0.095377}, {""score"": ""1-0"", ""probability"": 0.077209}, {""score"": ""2-0"", ""probability"": 0.075065}, {""score"": ""1-2"", ""probability"": 0.067768}, {""score"": ""2-2"", ""probability"": 0.060592}, {""score"": ""3-1"", ""probability"": 0.056852}, {""score"": ""0-0"", ""probability"": 0.053695}, {""score"": ""0-1"", ""probability"": 0.052906}, {""score"": ""3-0"", ""probability"": 0.044744}]",,0.6058,0.3942,Yes,2.5,0.5898,0.4102,False,Over 2.5,-0.5,0.489,0.511,False,Paris FC +0.5,False,False,False,False,False,False,,,,,,,,0.517,0.483,0.2,weekly_update_20260916T234430Z_a723fb01,2026-08-18.phase1,0.1.0-phase1,0.1.0-phase1,2026-09-16T23:44:30+00:00
LIGUE12627_MW25_224_ToulouseFC_StadeBrestois29,2026-27,25,2027-03-20,2027-03-19T23:00:00+00:00,Toulouse FC,Stade Brestois 29,Stadium de Toulouse,scheduled,early_week_mode,,,,1.595,1.172,,,1-1,,draw,,0.4677,0.2409,0.2914,Toulouse FC,0.4641,0.263,0.2729,,,,"[{""score"": ""1-1"", ""probability"": 0.124937}, {""score"": ""2-1"", ""probability"": 0.093692}, {""score"": ""1-0"", ""probability"": 0.092816}, {""score"": ""2-0"", ""probability"": 0.079932}, {""score"": ""0-0"", ""probability"": 0.070295}, {""score"": ""1-2"", ""probability"": 0.068867}, {""score"": ""0-1"", ""probability"": 0.066254}, {""score"": ""2-2"", ""probability"": 0.054911}, {""score"": ""3-1"", ""probability"": 0.049803}, {""score"": ""0-2"", ""probability"": 0.043185}]",,0.5576,0.4424,Yes,2.5,0.5226,0.4774,False,Over 2.5,-0.25,0.5299,0.4701,False,Toulouse FC -0.25,False,False,False,False,False,False,,,,,,,,0.4677,0.5323,0.2,weekly_update_20260916T234430Z_a723fb01,2026-08-18.phase1,0.1.0-phase1,0.1.0-phase1,2026-09-16T23:44:30+00:00
LIGUE12627_MW25_225_EstacTroyes_AJAuxerre,2026-27,25,2027-03-20,2027-03-19T23:00:00+00:00,Estac Troyes,AJ Auxerre,Stade de l'Aube,scheduled,early_week_mode,,,,0.712,1.15,,,0-1,,away_win,,0.2192,0.3184,0.4624,AJ Auxerre,0.2197,0.3272,0.4531,,,,"[{""score"": ""0-1"", ""probability"": 0.170545}, {""score"": ""0-0"", ""probability"": 0.163399}, {""score"": ""1-1"", ""probability"": 0.135288}, {""score"": ""0-2"", ""probability"": 0.102656}, {""score"": ""1-0"", ""probability"": 0.102635}, {""score"": ""1-2"", ""probability"": 0.073138}, {""score"": ""2-1"", ""probability"": 0.045327}, {""score"": ""2-0"", ""probability"": 0.039429}, {""score"": ""0-3"", ""probability"": 0.039338}, {""score"": ""1-3"", ""probability"": 0.028027}]",,0.3562,0.6438,No,2.5,0.286,0.714,False,Under 2.5,0.25,0.4651,0.5349,False,AJ Auxerre -0.25,False,False,False,False,False,False,,,,,,,,0.4624,0.5376,0.2,weekly_update_20260916T234430Z_a723fb01,2026-08-18.phase1,0.1.0-phase1,0.1.0-phase1,2026-09-16T23:44:30+00:00
LIGUE12627_MW26_226_AngersSCO_ASMonaco,2026-27,26,2027-04-03,2027-04-02T22:00:00+00:00,Angers SCO,AS Monaco,Stade Raymond Kopa,scheduled,early_week_mode,,,,0.947,1.701,,,1-1,,draw,,0.2374,0.2618,0.5008,AS Monaco,0.2017,0.2543,0.5441,,,,"[{""score"": ""1-1"", ""probability"": 0.121242}, {""score"": ""0-1"", ""probability"": 0.113223}, {""score"": ""0-2"", ""probability"": 0.102447}, {""score"": ""1-2"", ""probability"": 0.096999}, {""score"": ""0-0"", ""probability"": 0.078002}, {""score"": ""1-0"", ""probability"": 0.059814}, {""score"": ""0-3"", ""probability"": 0.058097}, {""score"": ""1-3"", ""probability"": 0.055007}, {""score"": ""2-1"", ""probability"": 0.053983}, {""score"": ""2-2"", ""probability"": 0.04592}]",,0.5076,0.4924,Yes,2.5,0.4935,0.5065,False,Under 2.5,0.75,0.516,0.484,False,Angers SCO +0.75,False,False,False,False,False,False,,,,,,,,0.5008,0.4992,0.2,weekly_update_20260916T234430Z_a723fb01,2026-08-18.phase1,0.1.0-phase1,0.1.0-phase1,2026-09-16T23:44:30+00:00
LIGUE12627_MW26_227_AJAuxerre_RCLens,2026-27,26,2027-04-03,2027-04-02T22:00:00+00:00,AJ Auxerre,RC Lens,Stade de l'Abbé-Deschamps,scheduled,early_week_mode,,,,1.076,1.634,,,1-1,,draw,,0.2374,0.2618,0.5008,RC Lens,0.2428,0.261,0.4962,,,,"[{""score"": ""1-1"", ""probability"": 0.124402}, {""score"": ""0-1"", ""probability"": 0.101361}, {""score"": ""1-2"", ""probability"": 0.095578}, {""score"": ""0-2"", ""probability"": 0.088845}, {""score"": ""0-0"", ""probability"": 0.07397}, {""score"": ""1-0"", ""probability"": 0.064215}, {""score"": ""2-1"", ""probability"": 0.062935}, {""score"": ""1-3"", ""probability"": 0.052051}, {""score"": ""2-2"", ""probability"": 0.05141}, {""score"": ""0-3"", ""probability"": 0.048384}]",,0.5377,0.4623,Yes,2.5,0.5087,0.4913,False,Over 2.5,0.5,0.5038,0.4962,False,AJ Auxerre +0.5,False,False,False,False,False,False,,,,,,,,0.5008,0.4992,0.2,weekly_update_20260916T234430Z_a723fb01,2026-08-18.phase1,0.1.0-phase1,0.1.0-phase1,2026-09-16T23:44:30+00:00
LIGUE12627_MW26_228_StadeBrestois29_FCLorient,2026-27,26,2027-04-03,2027-04-02T22:00:00+00:00,Stade Brestois 29,FC Lorient,Stade Francis-Le Blé,scheduled,early_week_mode,,,,1.513,1.365,,,1-1,,draw,,0.4015,0.2544,0.3441,Stade Brestois 29,0.4016,0.2628,0.3356,,,,"[{""score"": ""1-1"", ""probability"": 0.123507}, {""score"": ""2-1"", ""probability"": 0.087869}, {""score"": ""1-2"", ""probability"": 0.079304}, {""score"": ""1-0"", ""probability"": 0.077727}, {""score"": ""0-1"", ""probability"": 0.069434}, {""score"": ""2-0"", ""probability"": 0.064353}, {""score"": ""0-0"", ""probability"": 0.063579}, {""score"": ""2-2"", ""probability"": 0.059989}, {""score"": ""0-2"", ""probability"": 0.052419}, {""score"": ""3-1"", ""probability"": 0.044312}]",,0.588,0.412,Yes,2.5,0.549,0.451,False,Over 2.5,-0.25,0.4673,0.5327,False,FC Lorient +0.25,False,False,False,False,False,False,,,,,,,,0.4015,0.5985,0.2,weekly_update_20260916T234430Z_a723fb01,2026-08-18.phase1,0.1.0-phase1,0.1.0-phase1,2026-09-16T23:44:30+00:00
LIGUE12627_MW26_229_HavreAthleticClub_EstacTroyes,2026-27,26,2027-04-03,2027-04-02T22:00:00+00:00,Havre Athletic Club,Estac Troyes,Stade Océane,scheduled,early_week_mode,,,,1.162,0.596,,,1-0,,home_win,,0.4948,0.3043,0.2009,Havre Athletic Club,0.4888,0.3292,0.1819,,,,"[{""score"": ""1-0"", ""probability"": 0.192716}, {""score"": ""0-0"", ""probability"": 0.17992}, {""score"": ""1-1"", ""probability"": 0.126965}, {""score"": ""2-0"", ""probability"": 0.116342}, {""score"": ""0-1"", ""probability"": 0.095225}, {""score"": ""2-1"", ""probability"": 0.069371}, {""score"": ""3-0"", ""probability"": 0.045058}, {""score"": ""1-2"", ""probability"": 0.035601}, {""score"": ""0-2"", ""probability"": 0.030641}, {""score"": ""3-1"", ""probability"": 0.026866}]",,0.3162,0.6838,No,2.5,0.2582,0.7418,False,Under 2.5,-0.5,0.4888,0.5112,False,Estac Troyes +0.5,False,False,False,False,False,False,,,,,,,,0.4948,0.5052,0.2,weekly_update_20260916T234430Z_a723fb01,2026-08-18.phase1,0.1.0-phase1,0.1.0-phase1,2026-09-16T23:44:30+00:00
LIGUE12627_MW26_230_LeMansFC_OlympiquedeMarseille,2026-27,26,2027-04-03,2027-04-02T22:00:00+00:00,Le Mans FC,Olympique de Marseille,Stade Marie-Marvingt,scheduled,early_week_mode,,,,1.443,2.903,,,1-2,,away_win,,0.1967,0.1937,0.6096,Olympique de Marseille,0.1633,0.1662,0.6705,,,,"[{""score"": ""1-2"", ""probability"": 0.079033}, {""score"": ""1-3"", ""probability"": 0.076481}, {""score"": ""1-1"", ""probability"": 0.057891}, {""score"": ""2-2"", ""probability"": 0.057025}, {""score"": ""1-4"", ""probability"": 0.055509}, {""score"": ""2-3"", ""probability"": 0.055183}, {""score"": ""0-2"", ""probability"": 0.054768}, {""score"": ""0-3"", ""probability"": 0.053}, {""score"": ""2-4"", ""probability"": 0.040051}, {""score"": ""2-1"", ""probability"": 0.039285}]",,0.7252,0.2748,Yes,2.5,0.8078,0.1922,False,Over 2.5,1.5,0.5219,0.4781,False,Le Mans FC +1.5,False,False,False,False,False,False,,,,,,,,0.6096,0.3904,0.2,weekly_update_20260916T234430Z_a723fb01,2026-08-18.phase1,0.1.0-phase1,0.1.0-phase1,2026-09-16T23:44:30+00:00
LIGUE12627_MW26_231_LOSCLille_StadeRennaisFC,2026-27,26,2027-04-03,2027-04-02T22:00:00+00:00,LOSC Lille,Stade Rennais FC,Stade Pierre-Mauroy,scheduled,early_week_mode,,,,1.665,1.122,,,1-1,,draw,,0.5187,0.2422,0.2391,LOSC Lille,0.4931,0.2576,0.2493,,,,"[{""score"": ""1-1"", ""probability"": 0.122363}, {""score"": ""2-1"", ""probability"": 0.095817}, {""score"": ""1-0"", ""probability"": 0.095271}, {""score"": ""2-0"", ""probability"": 0.085381}, {""score"": ""0-0"", ""probability"": 0.068863}, {""score"": ""1-2"", ""probability"": 0.064576}, {""score"": ""0-1"", ""probability"": 0.061834}, {""score"": ""2-2"", ""probability"": 0.053765}, {""score"": ""3-1"", ""probability"": 0.053184}, {""score"": ""3-0"", ""probability"": 0.047391}]",,0.5541,0.4459,Yes,2.5,0.5275,0.4725,False,Over 2.5,-0.5,0.4931,0.5069,False,Stade Rennais FC +0.5,False,False,False,False,False,False,,,,,,,,0.5187,0.4813,0.2,weekly_update_20260916T234430Z_a723fb01,2026-08-18.phase1,0.1.0-phase1,0.1.0-phase1,2026-09-16T23:44:30+00:00
LIGUE12627_MW26_232_OGCNice_OlympiqueLyonnais,2026-27,26,2027-04-03,2027-04-02T22:00:00+00:00,OGC Nice,Olympique Lyonnais,Allianz Riviera,scheduled,early_week_mode,,,,1.232,1.552,,,1-1,,draw,,0.269,0.2723,0.4587,Olympique Lyonnais,0.2951,0.2649,0.44,,,,"[{""score"": ""1-1"", ""probability"": 0.12561}, {""score"": ""1-2"", ""probability"": 0.09169}, {""score"": ""0-1"", ""probability"": 0.088405}, {""score"": ""0-2"", ""probability"": 0.074412}, {""score"": ""2-1"", ""probability"": 0.072785}, {""score"": ""0-0"", ""probability"": 0.069238}, {""score"": ""1-0"", ""probability"": 0.068637}, {""score"": ""2-2"", ""probability"": 0.05649}, {""score"": ""1-3"", ""probability"": 0.047442}, {""score"": ""2-0"", ""probability"": 0.04689}]",,0.5658,0.4342,Yes,2.5,0.5268,0.4732,False,Over 2.5,0.25,0.4938,0.5062,False,Olympique Lyonnais -0.25,False,False,False,False,False,False,,,,,,,,0.4587,0.5413,0.2,weekly_update_20260916T234430Z_a723fb01,2026-08-18.phase1,0.1.0-phase1,0.1.0-phase1,2026-09-16T23:44:30+00:00
LIGUE12627_MW26_233_ParisFC_ParisSaint-Germain,2026-27,26,2027-04-03,2027-04-02T22:00:00+00:00,Paris FC,Paris Saint-Germain,Stade Charléty,scheduled,early_week_mode,,,,1.05,1.92,,,1-1,,draw,,0.2233,0.2317,0.545,Paris Saint-Germain,0.1969,0.2333,0.5699,,,,"[{""score"": ""1-1"", ""probability"": 0.10999}, {""score"": ""1-2"", ""probability"": 0.099307}, {""score"": ""0-2"", ""probability"": 0.094561}, {""score"": ""0-1"", ""probability"": 0.091961}, {""score"": ""1-3"", ""probability"": 0.063555}, {""score"": ""0-3"", ""probability"": 0.060517}, {""score"": ""0-0"", ""probability"": 0.057848}, {""score"": ""2-1"", ""probability"": 0.05432}, {""score"": ""2-2"", ""probability"": 0.052146}, {""score"": ""1-0"", ""probability"": 0.047338}]",,0.5613,0.4387,Yes,2.5,0.57,0.43,False,Over 2.5,0.75,0.4879,0.5121,False,Paris Saint-Germain -0.75,False,False,False,False,False,False,,,,,,,,0.545,0.455,0.2,weekly_update_20260916T234430Z_a723fb01,2026-08-18.phase1,0.1.0-phase1,0.1.0-phase1,2026-09-16T23:44:30+00:00
LIGUE12627_MW26_234_RCStrasbourgAlsace_ToulouseFC,2026-27,26,2027-04-03,2027-04-02T22:00:00+00:00,RC Strasbourg Alsace,Toulouse FC,Stade de la Meinau,scheduled,early_week_mode,,,,1.681,1.212,,,1-1,,draw,,0.5067,0.2466,0.2467,RC Strasbourg Alsace,0.4765,0.2549,0.2686,,,,"[{""score"": ""1-1"", ""probability"": 0.120029}, {""score"": ""2-1"", ""probability"": 0.094893}, {""score"": ""1-0"", ""probability"": 0.086}, {""score"": ""2-0"", ""probability"": 0.078292}, {""score"": ""1-2"", ""probability"": 0.068414}, {""score"": ""0-0"", ""probability"": 0.062541}, {""score"": ""0-1"", ""probability"": 0.06001}, {""score"": ""2-2"", ""probability"": 0.057508}, {""score"": ""3-1"", ""probability"": 0.053177}, {""score"": ""3-0"", ""probability"": 0.043874}]",,0.5788,0.4212,Yes,2.5,0.5524,0.4476,False,Over 2.5,-0.5,0.4765,0.5235,False,Toulouse FC +0.5,False,False,False,False,False,False,,,,,,,,0.5067,0.4933,0.2,weekly_update_20260916T234430Z_a723fb01,2026-08-18.phase1,0.1.0-phase1,0.1.0-phase1,2026-09-16T23:44:30+00:00
LIGUE12627_MW27_235_LeMansFC_AJAuxerre,2026-27,27,2027-04-10,2027-04-09T22:00:00+00:00,Le Mans FC,AJ Auxerre,Stade Marie-Marvingt,scheduled,early_week_mode,,,,1.545,1.871,,,1-1,,draw,,0.299,0.2311,0.4699,AJ Auxerre,0.3151,0.235,0.4499,,,,"[{""score"": ""1-1"", ""probability"": 0.100966}, {""score"": ""1-2"", ""probability"": 0.088845}, {""score"": ""2-1"", ""probability"": 0.07334}, {""score"": ""2-2"", ""probability"": 0.068618}, {""score"": ""0-2"", ""probability"": 0.057518}, {""score"": ""0-1"", ""probability"": 0.055471}, {""score"": ""1-3"", ""probability"": 0.055416}, {""score"": ""1-0"", ""probability"": 0.044742}, {""score"": ""2-3"", ""probability"": 0.042799}, {""score"": ""2-0"", ""probability"": 0.039194}]",,0.6715,0.3285,Yes,2.5,0.6632,0.3368,False,Over 2.5,0.25,0.4913,0.5087,False,AJ Auxerre -0.25,False,False,False,False,False,False,,,,,,,,0.4699,0.5301,0.2,weekly_update_20260916T234430Z_a723fb01,2026-08-18.phase1,0.1.0-phase1,0.1.0-phase1,2026-09-16T23:44:30+00:00
LIGUE12627_MW27_236_LOSCLille_ToulouseFC,2026-27,27,2027-04-10,2027-04-09T22:00:00+00:00,LOSC Lille,Toulouse FC,Stade Pierre-Mauroy,scheduled,early_week_mode,,,,1.557,0.843,,,1-0,,home_win,,0.5131,0.2719,0.215,LOSC Lille,0.5342,0.2701,0.1957,,,,"[{""score"": ""1-0"", ""probability"": 0.133711}, {""score"": ""1-1"", ""probability"": 0.126614}, {""score"": ""2-0"", ""probability"": 0.109951}, {""score"": ""0-0"", ""probability"": 0.098251}, {""score"": ""2-1"", ""probability"": 0.0927}, {""score"": ""0-1"", ""probability"": 0.068955}, {""score"": ""3-0"", ""probability"": 0.057061}, {""score"": ""1-2"", ""probability"": 0.0502}, {""score"": ""3-1"", ""probability"": 0.048109}, {""score"": ""2-2"", ""probability"": 0.039078}]",,0.4571,0.5429,No,2.5,0.4303,0.5697,False,Under 2.5,-0.75,0.4719,0.5281,False,Toulouse FC +0.75,False,False,False,False,False,False,,,,,,,,0.5131,0.4869,0.2,weekly_update_20260916T234430Z_a723fb01,2026-08-18.phase1,0.1.0-phase1,0.1.0-phase1,2026-09-16T23:44:30+00:00
LIGUE12627_MW27_237_FCLorient_RCLens,2026-27,27,2027-04-10,2027-04-09T22:00:00+00:00,FC Lorient,RC Lens,Stade du Moustoir,scheduled,early_week_mode,,,,1.205,1.656,,,1-1,,draw,,0.2533,0.2563,0.4904,RC Lens,0.2709,0.2571,0.472,,,,"[{""score"": ""1-1"", ""probability"": 0.121389}, {""score"": ""1-2"", ""probability"": 0.094542}, {""score"": ""0-1"", ""probability"": 0.087545}, {""score"": ""0-2"", ""probability"": 0.078474}, {""score"": ""2-1"", ""probability"": 0.068772}, {""score"": ""0-0"", ""probability"": 0.064439}, {""score"": ""1-0"", ""probability"": 0.061714}, {""score"": ""2-2"", ""probability"": 0.05695}, {""score"": ""1-3"", ""probability"": 0.052193}, {""score"": ""0-3"", ""probability"": 0.043323}]",,0.5738,0.4262,Yes,2.5,0.5449,0.4551,False,Over 2.5,0.5,0.528,0.472,False,FC Lorient +0.5,False,False,False,False,False,False,,,,,,,,0.4904,0.5096,0.2,weekly_update_20260916T234430Z_a723fb01,2026-08-18.phase1,0.1.0-phase1,0.1.0-phase1,2026-09-16T23:44:30+00:00
LIGUE12627_MW27_238_OlympiqueLyonnais_RCStrasbourgAlsace,2026-27,27,2027-04-10,2027-04-09T22:00:00+00:00,Olympique Lyonnais,RC Strasbourg Alsace,Parc Olympique Lyonnais,scheduled,early_week_mode,,,,1.919,1.291,,,1-1,,draw,,0.5263,0.2312,0.2426,Olympique Lyonnais,0.5145,0.2349,0.2505,,,,"[{""score"": ""1-1"", ""probability"": 0.10634}, {""score"": ""2-1"", ""probability"": 0.095956}, {""score"": ""2-0"", ""probability"": 0.074345}, {""score"": ""1-0"", ""probability"": 0.071165}, {""score"": ""1-2"", ""probability"": 0.064543}, {""score"": ""2-2"", ""probability"": 0.061924}, {""score"": ""3-1"", ""probability"": 0.061374}, {""score"": ""3-0"", ""probability"": 0.047552}, {""score"": ""0-0"", ""probability"": 0.046709}, {""score"": ""0-1"", ""probability"": 0.045797}]",,0.6248,0.3752,Yes,2.5,0.622,0.378,False,Over 2.5,-0.5,0.5145,0.4855,False,Olympique Lyonnais -0.5,False,False,False,False,False,False,,,,,,,,0.5263,0.4737,0.2,weekly_update_20260916T234430Z_a723fb01,2026-08-18.phase1,0.1.0-phase1,0.1.0-phase1,2026-09-16T23:44:30+00:00
LIGUE12627_MW27_239_OlympiquedeMarseille_StadeBrestois29,2026-27,27,2027-04-10,2027-04-09T22:00:00+00:00,Olympique de Marseille,Stade Brestois 29,Stade Vélodrome,scheduled,early_week_mode,,,,2.302,1.146,,,2-1,,home_win,,0.6005,0.2084,0.191,Olympique de Marseille,0.6272,0.201,0.1718,,,,"[{""score"": ""2-1"", ""probability"": 0.096651}, {""score"": ""1-1"", ""probability"": 0.08927}, {""score"": ""2-0"", ""probability"": 0.084372}, {""score"": ""3-1"", ""probability"": 0.074174}, {""score"": ""1-0"", ""probability"": 0.067983}, {""score"": ""3-0"", ""probability"": 0.06475}, {""score"": ""2-2"", ""probability"": 0.055359}, {""score"": ""1-2"", ""probability"": 0.04809}, {""score"": ""4-1"", ""probability"": 0.042693}, {""score"": ""3-2"", ""probability"": 0.042485}]",,0.619,0.381,Yes,2.5,0.6692,0.3308,False,Over 2.5,-1.0,0.5183,0.4817,False,Olympique de Marseille -1,False,False,False,False,False,False,,,,,,,,0.6005,0.3995,0.2,weekly_update_20260916T234430Z_a723fb01,2026-08-18.phase1,0.1.0-phase1,0.1.0-phase1,2026-09-16T23:44:30+00:00
LIGUE12627_MW27_240_ASMonaco_StadeRennaisFC,2026-27,27,2027-04-10,2027-04-09T22:00:00+00:00,AS Monaco,Stade Rennais FC,Stade Louis II,scheduled,early_week_mode,,,,2.027,1.584,,,1-1,,draw,,0.4887,0.2237,0.2877,AS Monaco,0.4763,0.225,0.2987,,,,"[{""score"": ""1-1"", ""probability"": 0.092287}, {""score"": ""2-1"", ""probability"": 0.087963}, {""score"": ""2-2"", ""probability"": 0.069674}, {""score"": ""1-2"", ""probability"": 0.068751}, {""score"": ""3-1"", ""probability"": 0.059429}, {""score"": ""2-0"", ""probability"": 0.055526}, {""score"": ""1-0"", ""probability"": 0.049301}, {""score"": ""3-2"", ""probability"": 0.047073}, {""score"": ""3-0"", ""probability"": 0.037514}, {""score"": ""0-1"", ""probability"": 0.037334}]",,0.6956,0.3044,Yes,2.5,0.6991,0.3009,False,Over 2.5,-0.5,0.4763,0.5237,False,Stade Rennais FC +0.5,False,False,False,False,False,False,,,,,,,,0.4887,0.5113,0.2,weekly_update_20260916T234430Z_a723fb01,2026-08-18.phase1,0.1.0-phase1,0.1.0-phase1,2026-09-16T23:44:30+00:00
LIGUE12627_MW27_241_OGCNice_ParisFC,2026-27,27,2027-04-10,2027-04-09T22:00:00+00:00,OGC Nice,Paris FC,Allianz Riviera,scheduled,early_week_mode,,,,1.294,1.261,,,1-1,,draw,,0.3795,0.282,0.3385,OGC Nice,0.3666,0.2826,0.3507,,,,"[{""score"": ""1-1"", ""probability"": 0.134798}, {""score"": ""1-0"", ""probability"": 0.092559}, {""score"": ""0-1"", ""probability"": 0.089938}, {""score"": ""0-0"", ""probability"": 0.085729}, {""score"": ""2-1"", ""probability"": 0.082043}, {""score"": ""1-2"", ""probability"": 0.079905}, {""score"": ""2-0"", ""probability"": 0.065086}, {""score"": ""0-2"", ""probability"": 0.061739}, {""score"": ""2-2"", ""probability"": 0.051709}, {""score"": ""3-1"", ""probability"": 0.035394}]",,0.5281,0.4719,Yes,2.5,0.4702,0.5298,False,Under 2.5,0.0,0.508,0.492,False,OGC Nice (pick'em),False,False,False,False,False,False,,,,,,,,0.3795,0.6205,0.2,weekly_update_20260916T234430Z_a723fb01,2026-08-18.phase1,0.1.0-phase1,0.1.0-phase1,2026-09-16T23:44:30+00:00
LIGUE12627_MW27_242_ParisSaint-Germain_HavreAthleticClub,2026-27,27,2027-04-10,2027-04-09T22:00:00+00:00,Paris Saint-Germain,Havre Athletic Club,Parc des Princes,scheduled,early_week_mode,,,,2.537,0.631,,,2-0,,home_win,,0.7118,0.2144,0.0738,Paris Saint-Germain,0.7825,0.1505,0.067,,,,"[{""score"": ""2-0"", ""probability"": 0.135586}, {""score"": ""3-0"", ""probability"": 0.114662}, {""score"": ""1-0"", ""probability"": 0.102618}, {""score"": ""2-1"", ""probability"": 0.085585}, {""score"": ""4-0"", ""probability"": 0.072726}, {""score"": ""3-1"", ""probability"": 0.072377}, {""score"": ""1-1"", ""probability"": 0.071735}, {""score"": ""0-0"", ""probability"": 0.046397}, {""score"": ""4-1"", ""probability"": 0.045906}, {""score"": ""5-0"", ""probability"": 0.036901}]",,0.4353,0.5647,No,2.5,0.6129,0.3871,False,Over 2.5,-1.75,0.5121,0.4879,False,Paris Saint-Germain -1.75,False,False,False,False,False,False,,,,,,,,0.7118,0.2882,0.2,weekly_update_20260916T234430Z_a723fb01,2026-08-18.phase1,0.1.0-phase1,0.1.0-phase1,2026-09-16T23:44:30+00:00
LIGUE12627_MW27_243_EstacTroyes_AngersSCO,2026-27,27,2027-04-10,2027-04-09T22:00:00+00:00,Estac Troyes,Angers SCO,Stade de l'Aube,scheduled,early_week_mode,,,,0.744,0.807,,,0-0,,draw,,0.2701,0.3601,0.3698,Angers SCO,0.2938,0.3758,0.3304,,,,"[{""score"": ""0-0"", ""probability"": 0.219952}, {""score"": ""0-1"", ""probability"": 0.163053}, {""score"": ""1-0"", ""probability"": 0.149633}, {""score"": ""1-1"", ""probability"": 0.135383}, {""score"": ""0-2"", ""probability"": 0.069083}, {""score"": ""2-0"", ""probability"": 0.058672}, {""score"": ""1-2"", ""probability"": 0.051409}, {""score"": ""2-1"", ""probability"": 0.047377}, {""score"": ""2-2"", ""probability"": 0.019128}, {""score"": ""0-3"", ""probability"": 0.018595}]",,0.2988,0.7012,No,2.5,0.2042,0.7958,False,Under 2.5,0.0,0.4817,0.5183,False,Angers SCO (pick'em),False,False,False,False,False,False,,,,,,,,0.3698,0.6302,0.2,weekly_update_20260916T234430Z_a723fb01,2026-08-18.phase1,0.1.0-phase1,0.1.0-phase1,2026-09-16T23:44:30+00:00
LIGUE12627_MW28_244_AngersSCO_OlympiqueLyonnais,2026-27,28,2027-04-17,2027-04-16T22:00:00+00:00,Angers SCO,Olympique Lyonnais,Stade Raymond Kopa,scheduled,early_week_mode,,,,0.836,1.598,,,0-1,,away_win,,0.2292,0.2582,0.5126,Olympique Lyonnais,0.1883,0.265,0.5466,,,,"[{""score"": ""0-1"", ""probability"": 0.132695}, {""score"": ""1-1"", ""probability"": 0.124536}, {""score"": ""0-2"", ""probability"": 0.111971}, {""score"": ""0-0"", ""probability"": 0.095058}, {""score"": ""1-2"", ""probability"": 0.093611}, {""score"": ""1-0"", ""probability"": 0.06587}, {""score"": ""0-3"", ""probability"": 0.059659}, {""score"": ""1-3"", ""probability"": 0.049876}, {""score"": ""2-1"", ""probability"": 0.048961}, {""score"": ""2-2"", ""probability"": 0.03913}]",,0.4594,0.5406,No,2.5,0.4392,0.5608,False,Under 2.5,0.75,0.5158,0.4842,False,Angers SCO +0.75,False,False,False,False,False,False,,,,,,,,0.5126,0.4874,0.2,weekly_update_20260916T234430Z_a723fb01,2026-08-18.phase1,0.1.0-phase1,0.1.0-phase1,2026-09-16T23:44:30+00:00
LIGUE12627_MW28_245_AJAuxerre_FCLorient,2026-27,28,2027-04-17,2027-04-16T22:00:00+00:00,AJ Auxerre,FC Lorient,Stade de l'Abbé-Deschamps,scheduled,early_week_mode,,,,1.351,1.226,,,1-1,,draw,,0.3846,0.2858,0.3296,AJ Auxerre,0.389,0.2806,0.3304,,,,"[{""score"": ""1-1"", ""probability"": 0.133853}, {""score"": ""1-0"", ""probability"": 0.094716}, {""score"": ""0-1"", ""probability"": 0.085235}, {""score"": ""2-1"", ""probability"": 0.085026}, {""score"": ""0-0"", ""probability"": 0.083975}, {""score"": ""1-2"", ""probability"": 0.077176}, {""score"": ""2-0"", ""probability"": 0.069349}, {""score"": ""0-2"", ""probability"": 0.057133}, {""score"": ""2-2"", ""probability"": 0.052124}, {""score"": ""3-1"", ""probability"": 0.038285}]",,0.5315,0.4685,Yes,2.5,0.4757,0.5243,False,Under 2.5,0.0,0.5293,0.4707,False,AJ Auxerre (pick'em),False,False,False,False,False,False,,,,,,,,0.3846,0.6154,0.2,weekly_update_20260916T234430Z_a723fb01,2026-08-18.phase1,0.1.0-phase1,0.1.0-phase1,2026-09-16T23:44:30+00:00
LIGUE12627_MW28_246_StadeBrestois29_LeMansFC,2026-27,28,2027-04-17,2027-04-16T22:00:00+00:00,Stade Brestois 29,Le Mans FC,Stade Francis-Le Blé,scheduled,early_week_mode,,,,2.551,1.413,,,2-1,,home_win,,0.5737,0.1991,0.2271,Stade Brestois 29,0.6164,0.1892,0.1944,,,,"[{""score"": ""2-1"", ""probability"": 0.087407}, {""score"": ""3-1"", ""probability"": 0.074317}, {""score"": ""1-1"", ""probability"": 0.072869}, {""score"": ""2-0"", ""probability"": 0.061843}, {""score"": ""2-2"", ""probability"": 0.061768}, {""score"": ""3-0"", ""probability"": 0.052582}, {""score"": ""3-2"", ""probability"": 0.052518}, {""score"": ""1-2"", ""probability"": 0.048432}, {""score"": ""4-1"", ""probability"": 0.047391}, {""score"": ""1-0"", ""probability"": 0.044156}]",,0.7019,0.2981,Yes,2.5,0.7563,0.2437,False,Over 2.5,-1.0,0.5149,0.4851,False,Stade Brestois 29 -1,False,False,False,False,False,False,,,,,,,,0.5737,0.4263,0.2,weekly_update_20260916T234430Z_a723fb01,2026-08-18.phase1,0.1.0-phase1,0.1.0-phase1,2026-09-16T23:44:30+00:00
LIGUE12627_MW28_247_HavreAthleticClub_OlympiquedeMarseille,2026-27,28,2027-04-17,2027-04-16T22:00:00+00:00,Havre Athletic Club,Olympique de Marseille,Stade Océane,scheduled,early_week_mode,,,,1.034,1.73,,,1-1,,draw,,0.2374,0.2618,0.5008,Olympique de Marseille,0.2184,0.2517,0.5298,,,,"[{""score"": ""1-1"", ""probability"": 0.119899}, {""score"": ""0-1"", ""probability"": 0.101957}, {""score"": ""1-2"", ""probability"": 0.097554}, {""score"": ""0-2"", ""probability"": 0.094372}, {""score"": ""0-0"", ""probability"": 0.070182}, {""score"": ""2-1"", ""probability"": 0.058285}, {""score"": ""1-0"", ""probability"": 0.058044}, {""score"": ""1-3"", ""probability"": 0.056262}, {""score"": ""0-3"", ""probability"": 0.054427}, {""score"": ""2-2"", ""probability"": 0.050422}]",,0.5372,0.4628,Yes,2.5,0.5219,0.4781,False,Over 2.5,0.75,0.5285,0.4715,False,Havre Athletic Club +0.75,False,False,False,False,False,False,,,,,,,,0.5008,0.4992,0.2,weekly_update_20260916T234430Z_a723fb01,2026-08-18.phase1,0.1.0-phase1,0.1.0-phase1,2026-09-16T23:44:30+00:00
LIGUE12627_MW28_248_RCLens_OGCNice,2026-27,28,2027-04-17,2027-04-16T22:00:00+00:00,RC Lens,OGC Nice,Stade Bollaert-Delelis,scheduled,early_week_mode,,,,2.017,0.915,,,2-0,,home_win,,0.5914,0.2204,0.1881,RC Lens,0.6234,0.22,0.1567,,,,"[{""score"": ""2-0"", ""probability"": 0.108422}, {""score"": ""1-1"", ""probability"": 0.104601}, {""score"": ""1-0"", ""probability"": 0.10129}, {""score"": ""2-1"", ""probability"": 0.099212}, {""score"": ""3-0"", ""probability"": 0.072893}, {""score"": ""3-1"", ""probability"": 0.066701}, {""score"": ""0-0"", ""probability"": 0.059527}, {""score"": ""2-2"", ""probability"": 0.045392}, {""score"": ""1-2"", ""probability"": 0.045011}, {""score"": ""0-1"", ""probability"": 0.042555}]",,0.5259,0.4741,Yes,2.5,0.5613,0.4387,False,Over 2.5,-1.0,0.5053,0.4947,False,RC Lens -1,False,False,False,False,False,False,,,,,,,,0.5914,0.4086,0.2,weekly_update_20260916T234430Z_a723fb01,2026-08-18.phase1,0.1.0-phase1,0.1.0-phase1,2026-09-16T23:44:30+00:00
LIGUE12627_MW28_249_ASMonaco_RCStrasbourgAlsace,2026-27,28,2027-04-17,2027-04-16T22:00:00+00:00,AS Monaco,RC Strasbourg Alsace,Stade Louis II,scheduled,early_week_mode,,,,2.042,1.462,,,1-1,,draw,,0.5245,0.2304,0.2451,AS Monaco,0.5049,0.2252,0.2699,,,,"[{""score"": ""1-1"", ""probability"": 0.095492}, {""score"": ""2-1"", ""probability"": 0.091712}, {""score"": ""2-2"", ""probability"": 0.067029}, {""score"": ""1-2"", ""probability"": 0.06564}, {""score"": ""2-0"", ""probability"": 0.062742}, {""score"": ""3-1"", ""probability"": 0.062435}, {""score"": ""1-0"", ""probability"": 0.055762}, {""score"": ""3-2"", ""probability"": 0.045631}, {""score"": ""3-0"", ""probability"": 0.042713}, {""score"": ""0-1"", ""probability"": 0.038295}]",,0.6742,0.3258,Yes,2.5,0.6798,0.3202,False,Over 2.5,-0.5,0.5049,0.4951,False,AS Monaco -0.5,False,False,False,False,False,False,,,,,,,,0.5245,0.4755,0.2,weekly_update_20260916T234430Z_a723fb01,2026-08-18.phase1,0.1.0-phase1,0.1.0-phase1,2026-09-16T23:44:30+00:00
LIGUE12627_MW28_250_ParisSaint-Germain_LOSCLille,2026-27,28,2027-04-17,2027-04-16T22:00:00+00:00,Paris Saint-Germain,LOSC Lille,Parc des Princes,scheduled,early_week_mode,,,,1.785,0.929,,,1-1,,draw,,0.5421,0.2449,0.213,Paris Saint-Germain,0.5684,0.245,0.1866,,,,"[{""score"": ""1-1"", ""probability"": 0.116865}, {""score"": ""1-0"", ""probability"": 0.111348}, {""score"": ""2-0"", ""probability"": 0.105575}, {""score"": ""2-1"", ""probability"": 0.098091}, {""score"": ""0-0"", ""probability"": 0.073231}, {""score"": ""3-0"", ""probability"": 0.062812}, {""score"": ""3-1"", ""probability"": 0.05836}, {""score"": ""0-1"", ""probability"": 0.054629}, {""score"": ""1-2"", ""probability"": 0.051061}, {""score"": ""2-2"", ""probability"": 0.045569}]",,0.5105,0.4895,Yes,2.5,0.5097,0.4903,False,Over 2.5,-0.75,0.5082,0.4918,False,Paris Saint-Germain -0.75,False,False,False,False,False,False,,,,,,,,0.5421,0.4579,0.2,weekly_update_20260916T234430Z_a723fb01,2026-08-18.phase1,0.1.0-phase1,0.1.0-phase1,2026-09-16T23:44:30+00:00
LIGUE12627_MW28_251_StadeRennaisFC_EstacTroyes,2026-27,28,2027-04-17,2027-04-16T22:00:00+00:00,Stade Rennais FC,Estac Troyes,Roazhon Park,scheduled,early_week_mode,,,,2.001,0.598,,,2-0,,home_win,,0.667,0.2009,0.1322,Stade Rennais FC,0.7,0.205,0.095,,,,"[{""score"": ""2-0"", ""probability"": 0.148808}, {""score"": ""1-0"", ""probability"": 0.143076}, {""score"": ""3-0"", ""probability"": 0.099274}, {""score"": ""1-1"", ""probability"": 0.094626}, {""score"": ""2-1"", ""probability"": 0.089059}, {""score"": ""0-0"", ""probability"": 0.07993}, {""score"": ""3-1"", ""probability"": 0.059414}, {""score"": ""4-0"", ""probability"": 0.049671}, {""score"": ""0-1"", ""probability"": 0.038839}, {""score"": ""4-1"", ""probability"": 0.029728}]",,0.3951,0.6049,No,2.5,0.4814,0.5186,False,Under 2.5,-1.25,0.5112,0.4888,False,Stade Rennais FC -1.25,False,False,False,False,False,False,,,,,,,,0.667,0.333,0.2,weekly_update_20260916T234430Z_a723fb01,2026-08-18.phase1,0.1.0-phase1,0.1.0-phase1,2026-09-16T23:44:30+00:00
LIGUE12627_MW28_252_ToulouseFC_ParisFC,2026-27,28,2027-04-17,2027-04-16T22:00:00+00:00,Toulouse FC,Paris FC,Stadium de Toulouse,scheduled,early_week_mode,,,,1.343,1.188,,,1-1,,draw,,0.3846,0.2858,0.3296,Toulouse FC,0.3952,0.2832,0.3216,,,,"[{""score"": ""1-1"", ""probability"": 0.134985}, {""score"": ""1-0"", ""probability"": 0.098838}, {""score"": ""0-0"", ""probability"": 0.087576}, {""score"": ""0-1"", ""probability"": 0.08647}, {""score"": ""2-1"", ""probability"": 0.085279}, {""score"": ""1-2"", ""probability"": 0.07541}, {""score"": ""2-0"", ""probability"": 0.071786}, {""score"": ""0-2"", ""probability"": 0.056131}, {""score"": ""2-2"", ""probability"": 0.050655}, {""score"": ""3-1"", ""probability"": 0.03819}]",,0.5218,0.4782,Yes,2.5,0.4642,0.5358,False,Under 2.5,-0.25,0.466,0.534,False,Paris FC +0.25,False,False,False,False,False,False,,,,,,,,0.3846,0.6154,0.2,weekly_update_20260916T234430Z_a723fb01,2026-08-18.phase1,0.1.0-phase1,0.1.0-phase1,2026-09-16T23:44:30+00:00
LIGUE12627_MW29_253_LeMansFC_HavreAthleticClub,2026-27,29,2027-04-24,2027-04-23T22:00:00+00:00,Le Mans FC,Havre Athletic Club,Stade Marie-Marvingt,scheduled,early_week_mode,,,,1.573,1.554,,,1-1,,draw,,0.3798,0.2407,0.3795,Le Mans FC,0.3788,0.2509,0.3703,,,,"[{""score"": ""1-1"", ""probability"": 0.113966}, {""score"": ""2-1"", ""probability"": 0.084323}, {""score"": ""1-2"", ""probability"": 0.083274}, {""score"": ""2-2"", ""probability"": 0.065511}, {""score"": ""1-0"", ""probability"": 0.062204}, {""score"": ""0-1"", ""probability"": 0.061346}, {""score"": ""2-0"", ""probability"": 0.054268}, {""score"": ""0-2"", ""probability"": 0.052927}, {""score"": ""0-0"", ""probability"": 0.050622}, {""score"": ""3-1"", ""probability"": 0.044224}]",,0.6318,0.3682,Yes,2.5,0.6047,0.3953,False,Over 2.5,0.0,0.5042,0.4958,False,Le Mans FC (pick'em),False,False,False,False,False,False,,,,,,,,0.3798,0.6202,0.2,weekly_update_20260916T234430Z_a723fb01,2026-08-18.phase1,0.1.0-phase1,0.1.0-phase1,2026-09-16T23:44:30+00:00
LIGUE12627_MW29_254_LOSCLille_ASMonaco,2026-27,29,2027-04-24,2027-04-23T22:00:00+00:00,LOSC Lille,AS Monaco,Stade Pierre-Mauroy,scheduled,early_week_mode,,,,1.648,1.167,,,1-1,,draw,,0.5067,0.2466,0.2467,LOSC Lille,0.4784,0.2585,0.2631,,,,"[{""score"": ""1-1"", ""probability"": 0.12252}, {""score"": ""2-1"", ""probability"": 0.094927}, {""score"": ""1-0"", ""probability"": 0.091434}, {""score"": ""2-0"", ""probability"": 0.081326}, {""score"": ""1-2"", ""probability"": 0.067252}, {""score"": ""0-0"", ""probability"": 0.067208}, {""score"": ""0-1"", ""probability"": 0.062653}, {""score"": ""2-2"", ""probability"": 0.055401}, {""score"": ""3-1"", ""probability"": 0.052133}, {""score"": ""3-0"", ""probability"": 0.044663}]",,0.5635,0.4365,Yes,2.5,0.534,0.466,False,Over 2.5,-0.5,0.4784,0.5216,False,AS Monaco +0.5,False,False,False,False,False,False,,,,,,,,0.5067,0.4933,0.2,weekly_update_20260916T234430Z_a723fb01,2026-08-18.phase1,0.1.0-phase1,0.1.0-phase1,2026-09-16T23:44:30+00:00
LIGUE12627_MW29_255_FCLorient_ParisSaint-Germain,2026-27,29,2027-04-24,2027-04-23T22:00:00+00:00,FC Lorient,Paris Saint-Germain,Stade du Moustoir,scheduled,early_week_mode,,,,1.036,2.074,,,1-1,,draw,,0.2111,0.2232,0.5657,Paris Saint-Germain,0.1753,0.2181,0.6065,,,,"[{""score"": ""1-1"", ""probability"": 0.101899}, {""score"": ""1-2"", ""probability"": 0.099407}, {""score"": ""0-2"", ""probability"": 0.095943}, {""score"": ""0-1"", ""probability"": 0.086437}, {""score"": ""1-3"", ""probability"": 0.06874}, {""score"": ""0-3"", ""probability"": 0.066345}, {""score"": ""2-2"", ""probability"": 0.051498}, {""score"": ""0-0"", ""probability"": 0.05065}, {""score"": ""2-1"", ""probability"": 0.049649}, {""score"": ""1-0"", ""probability"": 0.040137}]",,0.5702,0.4298,Yes,2.5,0.601,0.399,False,Over 2.5,1.0,0.5077,0.4923,False,FC Lorient +1,False,False,False,False,False,False,,,,,,,,0.5657,0.4343,0.2,weekly_update_20260916T234430Z_a723fb01,2026-08-18.phase1,0.1.0-phase1,0.1.0-phase1,2026-09-16T23:44:30+00:00
LIGUE12627_MW29_256_OlympiqueLyonnais_StadeBrestois29,2026-27,29,2027-04-24,2027-04-23T22:00:00+00:00,Olympique Lyonnais,Stade Brestois 29,Parc Olympique Lyonnais,scheduled,early_week_mode,,,,2.074,1.095,,,1-1,,draw,,0.5734,0.2137,0.2128,Olympique Lyonnais,0.5927,0.2197,0.1876,,,,"[{""score"": ""1-1"", ""probability"": 0.101541}, {""score"": ""2-1"", ""probability"": 0.099047}, {""score"": ""2-0"", ""probability"": 0.090433}, {""score"": ""1-0"", ""probability"": 0.081155}, {""score"": ""3-1"", ""probability"": 0.068484}, {""score"": ""3-0"", ""probability"": 0.062528}, {""score"": ""2-2"", ""probability"": 0.054241}, {""score"": ""1-2"", ""probability"": 0.052299}, {""score"": ""0-0"", ""probability"": 0.048076}, {""score"": ""0-1"", ""probability"": 0.040001}]",,0.5879,0.4121,Yes,2.5,0.6136,0.3864,False,Over 2.5,-1.0,0.4799,0.5201,False,Stade Brestois 29 +1,False,False,False,False,False,False,,,,,,,,0.5734,0.4266,0.2,weekly_update_20260916T234430Z_a723fb01,2026-08-18.phase1,0.1.0-phase1,0.1.0-phase1,2026-09-16T23:44:30+00:00
LIGUE12627_MW29_257_OlympiquedeMarseille_AJAuxerre,2026-27,29,2027-04-24,2027-04-23T22:00:00+00:00,Olympique de Marseille,AJ Auxerre,Stade Vélodrome,scheduled,early_week_mode,,,,2.067,1.023,,,1-1,,draw,,0.5914,0.2204,0.1881,Olympique de Marseille,0.6082,0.2184,0.1734,,,,"[{""score"": ""1-1"", ""probability"": 0.102313}, {""score"": ""2-1"", ""probability"": 0.099468}, {""score"": ""2-0"", ""probability"": 0.09725}, {""score"": ""1-0"", ""probability"": 0.087995}, {""score"": ""3-1"", ""probability"": 0.068546}, {""score"": ""3-0"", ""probability"": 0.067017}, {""score"": ""0-0"", ""probability"": 0.051594}, {""score"": ""2-2"", ""probability"": 0.050869}, {""score"": ""1-2"", ""probability"": 0.049211}, {""score"": ""0-1"", ""probability"": 0.04046}]",,0.5655,0.4345,Yes,2.5,0.5966,0.4034,False,Over 2.5,-1.0,0.4935,0.5065,False,AJ Auxerre +1,False,False,False,False,False,False,,,,,,,,0.5914,0.4086,0.2,weekly_update_20260916T234430Z_a723fb01,2026-08-18.phase1,0.1.0-phase1,0.1.0-phase1,2026-09-16T23:44:30+00:00
LIGUE12627_MW29_258_OGCNice_AngersSCO,2026-27,29,2027-04-24,2027-04-23T22:00:00+00:00,OGC Nice,Angers SCO,Allianz Riviera,scheduled,early_week_mode,,,,1.441,0.78,,,1-0,,home_win,,0.5049,0.2765,0.2187,OGC Nice,0.52,0.2848,0.1953,,,,"[{""score"": ""1-0"", ""probability"": 0.148643}, {""score"": ""1-1"", ""probability"": 0.129674}, {""score"": ""0-0"", ""probability"": 0.116229}, {""score"": ""2-0"", ""probability"": 0.112644}, {""score"": ""2-1"", ""probability"": 0.087864}, {""score"": ""0-1"", ""probability"": 0.07693}, {""score"": ""3-0"", ""probability"": 0.054102}, {""score"": ""1-2"", ""probability"": 0.047566}, {""score"": ""3-1"", ""probability"": 0.0422}, {""score"": ""2-2"", ""probability"": 0.034268}]",,0.4211,0.5789,No,2.5,0.3829,0.6171,False,Under 2.5,-0.5,0.52,0.48,False,OGC Nice -0.5,False,False,False,False,False,False,,,,,,,,0.5049,0.4951,0.2,weekly_update_20260916T234430Z_a723fb01,2026-08-18.phase1,0.1.0-phase1,0.1.0-phase1,2026-09-16T23:44:30+00:00
LIGUE12627_MW29_259_ParisFC_RCLens,2026-27,29,2027-04-24,2027-04-23T22:00:00+00:00,Paris FC,RC Lens,Stade Charléty,scheduled,early_week_mode,,,,1.221,1.533,,,1-1,,draw,,0.2606,0.2952,0.4442,RC Lens,0.2957,0.2668,0.4375,,,,"[{""score"": ""1-1"", ""probability"": 0.12673}, {""score"": ""1-2"", ""probability"": 0.091349}, {""score"": ""0-1"", ""probability"": 0.090069}, {""score"": ""0-2"", ""probability"": 0.074807}, {""score"": ""2-1"", ""probability"": 0.072775}, {""score"": ""0-0"", ""probability"": 0.071217}, {""score"": ""1-0"", ""probability"": 0.070222}, {""score"": ""2-2"", ""probability"": 0.055775}, {""score"": ""2-0"", ""probability"": 0.047478}, {""score"": ""1-3"", ""probability"": 0.046673}]",,0.5604,0.4396,Yes,2.5,0.5195,0.4805,False,Over 2.5,0.25,0.4958,0.5042,False,RC Lens -0.25,False,False,False,False,False,False,,,,,,,,0.4442,0.5558,0.2,weekly_update_20260916T234430Z_a723fb01,2026-08-18.phase1,0.1.0-phase1,0.1.0-phase1,2026-09-16T23:44:30+00:00
LIGUE12627_MW29_260_RCStrasbourgAlsace_StadeRennaisFC,2026-27,29,2027-04-24,2027-04-23T22:00:00+00:00,RC Strasbourg Alsace,Stade Rennais FC,Stade de la Meinau,scheduled,early_week_mode,,,,1.798,1.613,,,1-1,,draw,,0.4019,0.2396,0.3585,RC Strasbourg Alsace,0.4197,0.2372,0.3431,,,,"[{""score"": ""1-1"", ""probability"": 0.101784}, {""score"": ""2-1"", ""probability"": 0.086065}, {""score"": ""1-2"", ""probability"": 0.077221}, {""score"": ""2-2"", ""probability"": 0.069425}, {""score"": ""2-0"", ""probability"": 0.053347}, {""score"": ""1-0"", ""probability"": 0.053283}, {""score"": ""3-1"", ""probability"": 0.051584}, {""score"": ""0-1"", ""probability"": 0.047186}, {""score"": ""0-2"", ""probability"": 0.042946}, {""score"": ""3-2"", ""probability"": 0.04161}]",,0.6742,0.3258,Yes,2.5,0.6624,0.3376,False,Over 2.5,-0.25,0.479,0.521,False,Stade Rennais FC +0.25,False,False,False,False,False,False,,,,,,,,0.4019,0.5981,0.2,weekly_update_20260916T234430Z_a723fb01,2026-08-18.phase1,0.1.0-phase1,0.1.0-phase1,2026-09-16T23:44:30+00:00
LIGUE12627_MW29_261_EstacTroyes_ToulouseFC,2026-27,29,2027-04-24,2027-04-23T22:00:00+00:00,Estac Troyes,Toulouse FC,Stade de l'Aube,scheduled,early_week_mode,,,,0.681,1.235,,,0-1,,away_win,,0.2192,0.3184,0.4624,Toulouse FC,0.1969,0.3152,0.4879,,,,"[{""score"": ""0-1"", ""probability"": 0.173933}, {""score"": ""0-0"", ""probability"": 0.154959}, {""score"": ""1-1"", ""probability"": 0.13162}, {""score"": ""0-2"", ""probability"": 0.112273}, {""score"": ""1-0"", ""probability"": 0.092375}, {""score"": ""1-2"", ""probability"": 0.076465}, {""score"": ""0-3"", ""probability"": 0.046234}, {""score"": ""2-1"", ""probability"": 0.042155}, {""score"": ""2-0"", ""probability"": 0.034123}, {""score"": ""1-3"", ""probability"": 0.031488}]",,0.3582,0.6418,No,2.5,0.3007,0.6993,False,Under 2.5,0.5,0.5121,0.4879,False,Estac Troyes +0.5,False,False,False,False,False,False,,,,,,,,0.4624,0.5376,0.2,weekly_update_20260916T234430Z_a723fb01,2026-08-18.phase1,0.1.0-phase1,0.1.0-phase1,2026-09-16T23:44:30+00:00
LIGUE12627_MW30_262_AJAuxerre_OlympiqueLyonnais,2026-27,30,2027-05-01,2027-04-30T22:00:00+00:00,AJ Auxerre,Olympique Lyonnais,Stade de l'Abbé-Deschamps,scheduled,early_week_mode,,,,1.19,1.53,,,1-1,,draw,,0.2425,0.2879,0.4696,Olympique Lyonnais,0.2883,0.2679,0.4438,,,,"[{""score"": ""1-1"", ""probability"": 0.127509}, {""score"": ""0-1"", ""probability"": 0.093173}, {""score"": ""1-2"", ""probability"": 0.091763}, {""score"": ""0-2"", ""probability"": 0.077097}, {""score"": ""0-0"", ""probability"": 0.073424}, {""score"": ""2-1"", ""probability"": 0.071368}, {""score"": ""1-0"", ""probability"": 0.070779}, {""score"": ""2-2"", ""probability"": 0.054609}, {""score"": ""1-3"", ""probability"": 0.046809}, {""score"": ""2-0"", ""probability"": 0.046635}]",,0.5528,0.4472,Yes,2.5,0.5114,0.4886,False,Over 2.5,0.25,0.4893,0.5107,False,Olympique Lyonnais -0.25,False,False,False,False,False,False,,,,,,,,0.4696,0.5304,0.2,weekly_update_20260916T234430Z_a723fb01,2026-08-18.phase1,0.1.0-phase1,0.1.0-phase1,2026-09-16T23:44:30+00:00
LIGUE12627_MW30_263_HavreAthleticClub_ParisFC,2026-27,30,2027-05-01,2027-04-30T22:00:00+00:00,Havre Athletic Club,Paris FC,Stade Océane,scheduled,early_week_mode,,,,1.038,1.266,,,1-1,,draw,,0.2569,0.305,0.4381,Paris FC,0.2951,0.2976,0.4073,,,,"[{""score"": ""1-1"", ""probability"": 0.139529}, {""score"": ""0-1"", ""probability"": 0.118111}, {""score"": ""0-0"", ""probability"": 0.108161}, {""score"": ""1-0"", ""probability"": 0.095368}, {""score"": ""1-2"", ""probability"": 0.083059}, {""score"": ""0-2"", ""probability"": 0.08001}, {""score"": ""2-1"", ""probability"": 0.068116}, {""score"": ""2-0"", ""probability"": 0.05381}, {""score"": ""2-2"", ""probability"": 0.043113}, {""score"": ""1-3"", ""probability"": 0.035047}]",,0.472,0.528,No,2.5,0.405,0.595,False,Under 2.5,0.25,0.5183,0.4817,False,Havre Athletic Club +0.25,False,False,False,False,False,False,,,,,,,,0.4381,0.5619,0.2,weekly_update_20260916T234430Z_a723fb01,2026-08-18.phase1,0.1.0-phase1,0.1.0-phase1,2026-09-16T23:44:30+00:00
LIGUE12627_MW30_264_RCLens_LeMansFC,2026-27,30,2027-05-01,2027-04-30T22:00:00+00:00,RC Lens,Le Mans FC,Stade Bollaert-Delelis,scheduled,early_week_mode,,,,3.399,1.025,,,3-1,,home_win,,0.7342,0.1655,0.1003,RC Lens,0.8139,0.114,0.0721,,,,"[{""score"": ""3-1"", ""probability"": 0.081085}, {""score"": ""3-0"", ""probability"": 0.079138}, {""score"": ""2-1"", ""probability"": 0.071575}, {""score"": ""2-0"", ""probability"": 0.069857}, {""score"": ""4-1"", ""probability"": 0.068894}, {""score"": ""4-0"", ""probability"": 0.067239}, {""score"": ""5-1"", ""probability"": 0.046828}, {""score"": ""5-0"", ""probability"": 0.045704}, {""score"": ""1-1"", ""probability"": 0.044785}, {""score"": ""3-2"", ""probability"": 0.04154}]",,0.6221,0.3779,Yes,2.5,0.8161,0.1839,False,Over 2.5,-2.25,0.5011,0.4989,False,RC Lens -2.25,False,False,False,False,False,False,,,,,,,,0.7342,0.2658,0.2,weekly_update_20260916T234430Z_a723fb01,2026-08-18.phase1,0.1.0-phase1,0.1.0-phase1,2026-09-16T23:44:30+00:00
LIGUE12627_MW30_265_ASMonaco_FCLorient,2026-27,30,2027-05-01,2027-04-30T22:00:00+00:00,AS Monaco,FC Lorient,Stade Louis II,scheduled,early_week_mode,,,,2.01,1.24,,,1-1,,draw,,0.5375,0.2285,0.234,AS Monaco,0.5459,0.2275,0.2266,,,,"[{""score"": ""1-1"", ""probability"": 0.102791}, {""score"": ""2-1"", ""probability"": 0.097143}, {""score"": ""2-0"", ""probability"": 0.078323}, {""score"": ""1-0"", ""probability"": 0.071833}, {""score"": ""3-1"", ""probability"": 0.065075}, {""score"": ""2-2"", ""probability"": 0.060243}, {""score"": ""1-2"", ""probability"": 0.059953}, {""score"": ""3-0"", ""probability"": 0.052468}, {""score"": ""0-0"", ""probability"": 0.044901}, {""score"": ""0-1"", ""probability"": 0.041992}]",,0.6215,0.3785,Yes,2.5,0.6303,0.3697,False,Over 2.5,-0.75,0.4911,0.5089,False,FC Lorient +0.75,False,False,False,False,False,False,,,,,,,,0.5375,0.4625,0.2,weekly_update_20260916T234430Z_a723fb01,2026-08-18.phase1,0.1.0-phase1,0.1.0-phase1,2026-09-16T23:44:30+00:00
LIGUE12627_MW30_266_ParisSaint-Germain_AngersSCO,2026-27,30,2027-05-01,2027-04-30T22:00:00+00:00,Paris Saint-Germain,Angers SCO,Parc des Princes,scheduled,early_week_mode,,,,2.602,0.534,,,2-0,,home_win,,0.7168,0.2159,0.0673,Paris Saint-Germain,0.8126,0.1362,0.0512,,,,"[{""score"": ""2-0"", ""probability"": 0.147354}, {""score"": ""3-0"", ""probability"": 0.127781}, {""score"": ""1-0"", ""probability"": 0.109459}, {""score"": ""4-0"", ""probability"": 0.083105}, {""score"": ""2-1"", ""probability"": 0.078678}, {""score"": ""3-1"", ""probability"": 0.068227}, {""score"": ""1-1"", ""probability"": 0.064312}, {""score"": ""0-0"", ""probability"": 0.047371}, {""score"": ""4-1"", ""probability"": 0.044373}, {""score"": ""5-0"", ""probability"": 0.04324}]",,0.3868,0.6132,No,2.5,0.6059,0.3941,False,Over 2.5,-2.0,0.4897,0.5103,False,Angers SCO +2,False,False,False,False,False,False,,,,,,,,0.7168,0.2832,0.2,weekly_update_20260916T234430Z_a723fb01,2026-08-18.phase1,0.1.0-phase1,0.1.0-phase1,2026-09-16T23:44:30+00:00
LIGUE12627_MW30_267_StadeRennaisFC_OGCNice,2026-27,30,2027-05-01,2027-04-30T22:00:00+00:00,Stade Rennais FC,OGC Nice,Roazhon Park,scheduled,early_week_mode,,,,1.933,1.159,,,1-1,,draw,,0.5375,0.2285,0.234,Stade Rennais FC,0.5475,0.2334,0.2191,,,,"[{""score"": ""1-1"", ""probability"": 0.108179}, {""score"": ""2-1"", ""probability"": 0.09835}, {""score"": ""2-0"", ""probability"": 0.084872}, {""score"": ""1-0"", ""probability"": 0.081365}, {""score"": ""3-1"", ""probability"": 0.06338}, {""score"": ""1-2"", ""probability"": 0.058951}, {""score"": ""2-2"", ""probability"": 0.056985}, {""score"": ""3-0"", ""probability"": 0.054694}, {""score"": ""0-0"", ""probability"": 0.05185}, {""score"": ""0-1"", ""probability"": 0.046193}]",,0.5933,0.4067,Yes,2.5,0.597,0.403,False,Over 2.5,-0.75,0.4915,0.5085,False,OGC Nice +0.75,False,False,False,False,False,False,,,,,,,,0.5375,0.4625,0.2,weekly_update_20260916T234430Z_a723fb01,2026-08-18.phase1,0.1.0-phase1,0.1.0-phase1,2026-09-16T23:44:30+00:00
LIGUE12627_MW30_268_RCStrasbourgAlsace_LOSCLille,2026-27,30,2027-05-01,2027-04-30T22:00:00+00:00,RC Strasbourg Alsace,LOSC Lille,Stade de la Meinau,scheduled,early_week_mode,,,,1.26,1.379,,,1-1,,draw,,0.3355,0.2834,0.3811,LOSC Lille,0.3341,0.2768,0.3891,,,,"[{""score"": ""1-1"", ""probability"": 0.131977}, {""score"": ""0-1"", ""probability"": 0.09064}, {""score"": ""1-2"", ""probability"": 0.085559}, {""score"": ""1-0"", ""probability"": 0.082189}, {""score"": ""0-0"", ""probability"": 0.079293}, {""score"": ""2-1"", ""probability"": 0.078218}, {""score"": ""0-2"", ""probability"": 0.067888}, {""score"": ""2-0"", ""probability"": 0.056738}, {""score"": ""2-2"", ""probability"": 0.053915}, {""score"": ""1-3"", ""probability"": 0.039317}]",,0.5438,0.4562,Yes,2.5,0.4913,0.5087,False,Under 2.5,0.0,0.4725,0.5275,False,LOSC Lille (pick'em),False,False,False,False,False,False,,,,,,,,0.3811,0.6189,0.2,weekly_update_20260916T234430Z_a723fb01,2026-08-18.phase1,0.1.0-phase1,0.1.0-phase1,2026-09-16T23:44:30+00:00
LIGUE12627_MW30_269_ToulouseFC_OlympiquedeMarseille,2026-27,30,2027-05-01,2027-04-30T22:00:00+00:00,Toulouse FC,Olympique de Marseille,Stadium de Toulouse,scheduled,early_week_mode,,,,1.338,1.624,,,1-1,,draw,,0.2743,0.2703,0.4554,Olympique de Marseille,0.3088,0.2563,0.4349,,,,"[{""score"": ""1-1"", ""probability"": 0.119507}, {""score"": ""1-2"", ""probability"": 0.091252}, {""score"": ""0-1"", ""probability"": 0.076912}, {""score"": ""2-1"", ""probability"": 0.075181}, {""score"": ""0-2"", ""probability"": 0.068213}, {""score"": ""1-0"", ""probability"": 0.062114}, {""score"": ""2-2"", ""probability"": 0.061037}, {""score"": ""0-0"", ""probability"": 0.058854}, {""score"": ""1-3"", ""probability"": 0.049389}, {""score"": ""2-0"", ""probability"": 0.046302}]",,0.5992,0.4008,Yes,2.5,0.5681,0.4319,False,Over 2.5,0.25,0.501,0.499,False,Toulouse FC +0.25,False,False,False,False,False,False,,,,,,,,0.4554,0.5446,0.2,weekly_update_20260916T234430Z_a723fb01,2026-08-18.phase1,0.1.0-phase1,0.1.0-phase1,2026-09-16T23:44:30+00:00
LIGUE12627_MW30_270_EstacTroyes_StadeBrestois29,2026-27,30,2027-05-01,2027-04-30T22:00:00+00:00,Estac Troyes,Stade Brestois 29,Stade de l'Aube,scheduled,early_week_mode,,,,0.793,1.288,,,0-1,,away_win,,0.2271,0.2937,0.4791,Stade Brestois 29,0.2217,0.3049,0.4733,,,,"[{""score"": ""0-1"", ""probability"": 0.152633}, {""score"": ""1-1"", ""probability"": 0.135566}, {""score"": ""0-0"", ""probability"": 0.132872}, {""score"": ""0-2"", ""probability"": 0.103453}, {""score"": ""1-0"", ""probability"": 0.090963}, {""score"": ""1-2"", ""probability"": 0.082083}, {""score"": ""2-1"", ""probability"": 0.050582}, {""score"": ""0-3"", ""probability"": 0.0444}, {""score"": ""2-0"", ""probability"": 0.039286}, {""score"": ""1-3"", ""probability"": 0.035229}]",,0.4046,0.5954,No,2.5,0.3452,0.6548,False,Under 2.5,0.5,0.5267,0.4733,False,Estac Troyes +0.5,False,False,False,False,False,False,,,,,,,,0.4791,0.5209,0.2,weekly_update_20260916T234430Z_a723fb01,2026-08-18.phase1,0.1.0-phase1,0.1.0-phase1,2026-09-16T23:44:30+00:00
LIGUE12627_MW31_271_AngersSCO_ToulouseFC,2026-27,31,2027-05-08,2027-05-07T22:00:00+00:00,Angers SCO,Toulouse FC,Stade Raymond Kopa,scheduled,early_week_mode,,,,0.895,1.229,,,1-1,,draw,,0.2569,0.305,0.4381,Toulouse FC,0.2608,0.3086,0.4306,,,,"[{""score"": ""1-1"", ""probability"": 0.139819}, {""score"": ""0-1"", ""probability"": 0.13866}, {""score"": ""0-0"", ""probability"": 0.127921}, {""score"": ""1-0"", ""probability"": 0.098695}, {""score"": ""0-2"", ""probability"": 0.090307}, {""score"": ""1-2"", ""probability"": 0.080799}, {""score"": ""2-1"", ""probability"": 0.058829}, {""score"": ""2-0"", ""probability"": 0.047873}, {""score"": ""0-3"", ""probability"": 0.036991}, {""score"": ""2-2"", ""probability"": 0.036146}]",,0.4266,0.5734,No,2.5,0.3567,0.6433,False,Under 2.5,0.25,0.4922,0.5078,False,Toulouse FC -0.25,False,False,False,False,False,False,,,,,,,,0.4381,0.5619,0.2,weekly_update_20260916T234430Z_a723fb01,2026-08-18.phase1,0.1.0-phase1,0.1.0-phase1,2026-09-16T23:44:30+00:00
LIGUE12627_MW31_272_StadeBrestois29_AJAuxerre,2026-27,31,2027-05-08,2027-05-07T22:00:00+00:00,Stade Brestois 29,AJ Auxerre,Stade Francis-Le Blé,scheduled,early_week_mode,,,,1.492,1.219,,,1-1,,draw,,0.4052,0.2928,0.302,Stade Brestois 29,0.4276,0.2701,0.3023,,,,"[{""score"": ""1-1"", ""probability"": 0.128519}, {""score"": ""1-0"", ""probability"": 0.091494}, {""score"": ""2-1"", ""probability"": 0.090198}, {""score"": ""0-0"", ""probability"": 0.074073}, {""score"": ""2-0"", ""probability"": 0.073978}, {""score"": ""1-2"", ""probability"": 0.073688}, {""score"": ""0-1"", ""probability"": 0.073348}, {""score"": ""2-2"", ""probability"": 0.054987}, {""score"": ""0-2"", ""probability"": 0.049375}, {""score"": ""3-1"", ""probability"": 0.044871}]",,0.5538,0.4462,Yes,2.5,0.5092,0.4908,False,Over 2.5,-0.25,0.4951,0.5049,False,AJ Auxerre +0.25,False,False,False,False,False,False,,,,,,,,0.4052,0.5948,0.2,weekly_update_20260916T234430Z_a723fb01,2026-08-18.phase1,0.1.0-phase1,0.1.0-phase1,2026-09-16T23:44:30+00:00
LIGUE12627_MW31_273_LeMansFC_EstacTroyes,2026-27,31,2027-05-08,2027-05-07T22:00:00+00:00,Le Mans FC,Estac Troyes,Stade Marie-Marvingt,scheduled,early_week_mode,,,,1.622,1.0,,,1-1,,draw,,0.5217,0.2436,0.2348,Le Mans FC,0.5113,0.2628,0.2259,,,,"[{""score"": ""1-1"", ""probability"": 0.125313}, {""score"": ""1-0"", ""probability"": 0.110347}, {""score"": ""2-1"", ""probability"": 0.09558}, {""score"": ""2-0"", ""probability"": 0.095533}, {""score"": ""0-0"", ""probability"": 0.080084}, {""score"": ""0-1"", ""probability"": 0.065211}, {""score"": ""1-2"", ""probability"": 0.058958}, {""score"": ""3-1"", ""probability"": 0.051675}, {""score"": ""3-0"", ""probability"": 0.05165}, {""score"": ""2-2"", ""probability"": 0.047813}]",,0.5149,0.4851,Yes,2.5,0.4872,0.5128,False,Under 2.5,-0.5,0.5113,0.4887,False,Le Mans FC -0.5,False,False,False,False,False,False,,,,,,,,0.5217,0.4783,0.2,weekly_update_20260916T234430Z_a723fb01,2026-08-18.phase1,0.1.0-phase1,0.1.0-phase1,2026-09-16T23:44:30+00:00
LIGUE12627_MW31_274_RCLens_ASMonaco,2026-27,31,2027-05-08,2027-05-07T22:00:00+00:00,RC Lens,AS Monaco,Stade Bollaert-Delelis,scheduled,early_week_mode,,,,2.012,1.315,,,1-1,,draw,,0.5375,0.2285,0.234,RC Lens,0.5297,0.2277,0.2426,,,,"[{""score"": ""1-1"", ""probability"": 0.101043}, {""score"": ""2-1"", ""probability"": 0.09558}, {""score"": ""2-0"", ""probability"": 0.072684}, {""score"": ""1-0"", ""probability"": 0.066257}, {""score"": ""3-1"", ""probability"": 0.064087}, {""score"": ""2-2"", ""probability"": 0.062844}, {""score"": ""1-2"", ""probability"": 0.062484}, {""score"": ""3-0"", ""probability"": 0.048735}, {""score"": ""3-2"", ""probability"": 0.042137}, {""score"": ""0-0"", ""probability"": 0.041937}]",,0.6396,0.3604,Yes,2.5,0.6458,0.3542,False,Over 2.5,-0.75,0.4761,0.5239,False,AS Monaco +0.75,False,False,False,False,False,False,,,,,,,,0.5375,0.4625,0.2,weekly_update_20260916T234430Z_a723fb01,2026-08-18.phase1,0.1.0-phase1,0.1.0-phase1,2026-09-16T23:44:30+00:00
LIGUE12627_MW31_275_FCLorient_RCStrasbourgAlsace,2026-27,31,2027-05-08,2027-05-07T22:00:00+00:00,FC Lorient,RC Strasbourg Alsace,Stade du Moustoir,scheduled,early_week_mode,,,,1.537,1.465,,,1-1,,draw,,0.3798,0.2407,0.3795,FC Lorient,0.3875,0.2569,0.3556,,,,"[{""score"": ""1-1"", ""probability"": 0.118959}, {""score"": ""2-1"", ""probability"": 0.086}, {""score"": ""1-2"", ""probability"": 0.081943}, {""score"": ""1-0"", ""probability"": 0.069305}, {""score"": ""0-1"", ""probability"": 0.065702}, {""score"": ""2-2"", ""probability"": 0.062986}, {""score"": ""2-0"", ""probability"": 0.058711}, {""score"": ""0-0"", ""probability"": 0.05676}, {""score"": ""0-2"", ""probability"": 0.053302}, {""score"": ""3-1"", ""probability"": 0.04407}]",,0.6107,0.3893,Yes,2.5,0.5773,0.4227,False,Over 2.5,0.0,0.5159,0.4841,False,FC Lorient (pick'em),False,False,False,False,False,False,,,,,,,,0.3798,0.6202,0.2,weekly_update_20260916T234430Z_a723fb01,2026-08-18.phase1,0.1.0-phase1,0.1.0-phase1,2026-09-16T23:44:30+00:00
LIGUE12627_MW31_276_OlympiqueLyonnais_ParisSaint-Germain,2026-27,31,2027-05-08,2027-05-07T22:00:00+00:00,Olympique Lyonnais,Paris Saint-Germain,Parc Olympique Lyonnais,scheduled,early_week_mode,,,,1.293,1.828,,,1-1,,draw,,0.2533,0.2563,0.4904,Paris Saint-Germain,0.2648,0.242,0.4932,,,,"[{""score"": ""1-1"", ""probability"": 0.110875}, {""score"": ""1-2"", ""probability"": 0.095306}, {""score"": ""0-1"", ""probability"": 0.07404}, {""score"": ""0-2"", ""probability"": 0.073696}, {""score"": ""2-1"", ""probability"": 0.067429}, {""score"": ""2-2"", ""probability"": 0.061626}, {""score"": ""1-3"", ""probability"": 0.058069}, {""score"": ""0-0"", ""probability"": 0.050709}, {""score"": ""1-0"", ""probability"": 0.050454}, {""score"": ""0-3"", ""probability"": 0.044903}]",,0.6156,0.3844,Yes,2.5,0.6033,0.3967,False,Over 2.5,0.5,0.5068,0.4932,False,Olympique Lyonnais +0.5,False,False,False,False,False,False,,,,,,,,0.4904,0.5096,0.2,weekly_update_20260916T234430Z_a723fb01,2026-08-18.phase1,0.1.0-phase1,0.1.0-phase1,2026-09-16T23:44:30+00:00
LIGUE12627_MW31_277_OGCNice_OlympiquedeMarseille,2026-27,31,2027-05-08,2027-05-07T22:00:00+00:00,OGC Nice,Olympique de Marseille,Allianz Riviera,scheduled,early_week_mode,,,,1.289,1.723,,,1-1,,draw,,0.2533,0.2563,0.4904,Olympique de Marseille,0.2803,0.2502,0.4695,,,,"[{""score"": ""1-1"", ""probability"": 0.116187}, {""score"": ""1-2"", ""probability"": 0.094135}, {""score"": ""0-1"", ""probability"": 0.07788}, {""score"": ""0-2"", ""probability"": 0.073043}, {""score"": ""2-1"", ""probability"": 0.070415}, {""score"": ""2-2"", ""probability"": 0.060659}, {""score"": ""1-0"", ""probability"": 0.056514}, {""score"": ""0-0"", ""probability"": 0.056126}, {""score"": ""1-3"", ""probability"": 0.054062}, {""score"": ""0-3"", ""probability"": 0.041949}]",,0.6019,0.3981,Yes,2.5,0.5794,0.4206,False,Over 2.5,0.5,0.5305,0.4695,False,OGC Nice +0.5,False,False,False,False,False,False,,,,,,,,0.4904,0.5096,0.2,weekly_update_20260916T234430Z_a723fb01,2026-08-18.phase1,0.1.0-phase1,0.1.0-phase1,2026-09-16T23:44:30+00:00
LIGUE12627_MW31_278_ParisFC_LOSCLille,2026-27,31,2027-05-08,2027-05-07T22:00:00+00:00,Paris FC,LOSC Lille,Stade Charléty,scheduled,early_week_mode,,,,1.084,1.255,,,1-1,,draw,,0.2662,0.3078,0.426,LOSC Lille,0.3099,0.2961,0.3939,,,,"[{""score"": ""1-1"", ""probability"": 0.139462}, {""score"": ""0-1"", ""probability"": 0.112716}, {""score"": ""0-0"", ""probability"": 0.104683}, {""score"": ""1-0"", ""probability"": 0.096181}, {""score"": ""1-2"", ""probability"": 0.082338}, {""score"": ""0-2"", ""probability"": 0.075963}, {""score"": ""2-1"", ""probability"": 0.071087}, {""score"": ""2-0"", ""probability"": 0.056622}, {""score"": ""2-2"", ""probability"": 0.044624}, {""score"": ""1-3"", ""probability"": 0.034458}]",,0.4815,0.5185,No,2.5,0.4144,0.5856,False,Under 2.5,0.25,0.532,0.468,False,Paris FC +0.25,False,False,False,False,False,False,,,,,,,,0.426,0.574,0.2,weekly_update_20260916T234430Z_a723fb01,2026-08-18.phase1,0.1.0-phase1,0.1.0-phase1,2026-09-16T23:44:30+00:00
LIGUE12627_MW31_279_StadeRennaisFC_HavreAthleticClub,2026-27,31,2027-05-08,2027-05-07T22:00:00+00:00,Stade Rennais FC,Havre Athletic Club,Roazhon Park,scheduled,early_week_mode,,,,1.941,0.929,,,1-1,,draw,,0.5815,0.2335,0.185,Stade Rennais FC,0.6037,0.2283,0.168,,,,"[{""score"": ""1-1"", ""probability"": 0.108705}, {""score"": ""2-0"", ""probability"": 0.106776}, {""score"": ""1-0"", ""probability"": 0.103529}, {""score"": ""2-1"", ""probability"": 0.099247}, {""score"": ""3-0"", ""probability"": 0.069101}, {""score"": ""3-1"", ""probability"": 0.064228}, {""score"": ""0-0"", ""probability"": 0.063122}, {""score"": ""1-2"", ""probability"": 0.047515}, {""score"": ""0-1"", ""probability"": 0.046194}, {""score"": ""2-2"", ""probability"": 0.046124}]",,0.5248,0.4752,Yes,2.5,0.5472,0.4528,False,Over 2.5,-1.0,0.4849,0.5151,False,Havre Athletic Club +1,False,False,False,False,False,False,,,,,,,,0.5815,0.4185,0.2,weekly_update_20260916T234430Z_a723fb01,2026-08-18.phase1,0.1.0-phase1,0.1.0-phase1,2026-09-16T23:44:30+00:00
LIGUE12627_MW32_280_AJAuxerre_StadeRennaisFC,2026-27,32,2027-05-16,2027-05-15T22:00:00+00:00,AJ Auxerre,Stade Rennais FC,Stade de l'Abbé-Deschamps,scheduled,early_week_mode,,,,1.362,1.566,,,1-1,,draw,,0.3409,0.2455,0.4136,Stade Rennais FC,0.3251,0.2594,0.4155,,,,"[{""score"": ""1-1"", ""probability"": 0.121329}, {""score"": ""1-2"", ""probability"": 0.089351}, {""score"": ""2-1"", ""probability"": 0.077731}, {""score"": ""0-1"", ""probability"": 0.076543}, {""score"": ""1-0"", ""probability"": 0.06565}, {""score"": ""0-2"", ""probability"": 0.065585}, {""score"": ""2-2"", ""probability"": 0.060864}, {""score"": ""0-0"", ""probability"": 0.060703}, {""score"": ""2-0"", ""probability"": 0.049636}, {""score"": ""1-3"", ""probability"": 0.046642}]",,0.5958,0.4042,Yes,2.5,0.5606,0.4394,False,Over 2.5,0.25,0.5197,0.4803,False,AJ Auxerre +0.25,False,False,False,False,False,False,,,,,,,,0.4136,0.5864,0.2,weekly_update_20260916T234430Z_a723fb01,2026-08-18.phase1,0.1.0-phase1,0.1.0-phase1,2026-09-16T23:44:30+00:00
LIGUE12627_MW32_281_StadeBrestois29_HavreAthleticClub,2026-27,32,2027-05-16,2027-05-15T22:00:00+00:00,Stade Brestois 29,Havre Athletic Club,Stade Francis-Le Blé,scheduled,early_week_mode,,,,1.52,1.012,,,1-1,,draw,,0.4903,0.2798,0.2299,Stade Brestois 29,0.4824,0.2731,0.2445,,,,"[{""score"": ""1-1"", ""probability"": 0.13002}, {""score"": ""1-0"", ""probability"": 0.113049}, {""score"": ""2-1"", ""probability"": 0.092948}, {""score"": ""2-0"", ""probability"": 0.091805}, {""score"": ""0-0"", ""probability"": 0.087187}, {""score"": ""0-1"", ""probability"": 0.072708}, {""score"": ""1-2"", ""probability"": 0.061904}, {""score"": ""3-1"", ""probability"": 0.047099}, {""score"": ""2-2"", ""probability"": 0.047052}, {""score"": ""3-0"", ""probability"": 0.04652}]",,0.5052,0.4948,Yes,2.5,0.4645,0.5355,False,Under 2.5,-0.5,0.4824,0.5176,False,Havre Athletic Club +0.5,False,False,False,False,False,False,,,,,,,,0.4903,0.5097,0.2,weekly_update_20260916T234430Z_a723fb01,2026-08-18.phase1,0.1.0-phase1,0.1.0-phase1,2026-09-16T23:44:30+00:00
LIGUE12627_MW32_282_LOSCLille_AngersSCO,2026-27,32,2027-05-16,2027-05-15T22:00:00+00:00,LOSC Lille,Angers SCO,Stade Pierre-Mauroy,scheduled,early_week_mode,,,,1.701,0.551,,,1-0,,home_win,,0.6376,0.2361,0.1263,LOSC Lille,0.6488,0.2419,0.1093,,,,"[{""score"": ""1-0"", ""probability"": 0.172677}, {""score"": ""2-0"", ""probability"": 0.152179}, {""score"": ""0-0"", ""probability"": 0.111408}, {""score"": ""1-1"", ""probability"": 0.104832}, {""score"": ""3-0"", ""probability"": 0.086293}, {""score"": ""2-1"", ""probability"": 0.083863}, {""score"": ""0-1"", ""probability"": 0.051723}, {""score"": ""3-1"", ""probability"": 0.047554}, {""score"": ""4-0"", ""probability"": 0.036699}, {""score"": ""1-2"", ""probability"": 0.027167}]",,0.3526,0.6474,No,2.5,0.3912,0.6088,False,Under 2.5,-1.0,0.5134,0.4866,False,LOSC Lille -1,False,False,False,False,False,False,,,,,,,,0.6376,0.3624,0.2,weekly_update_20260916T234430Z_a723fb01,2026-08-18.phase1,0.1.0-phase1,0.1.0-phase1,2026-09-16T23:44:30+00:00
LIGUE12627_MW32_283_OlympiqueLyonnais_LeMansFC,2026-27,32,2027-05-16,2027-05-15T22:00:00+00:00,Olympique Lyonnais,Le Mans FC,Parc Olympique Lyonnais,scheduled,early_week_mode,,,,3.183,1.134,,,3-1,,home_win,,0.667,0.2009,0.1322,Olympique Lyonnais,0.7695,0.1337,0.0968,,,,"[{""score"": ""3-1"", ""probability"": 0.08176}, {""score"": ""2-1"", ""probability"": 0.077049}, {""score"": ""3-0"", ""probability"": 0.072125}, {""score"": ""2-0"", ""probability"": 0.067969}, {""score"": ""4-1"", ""probability"": 0.06507}, {""score"": ""4-0"", ""probability"": 0.057401}, {""score"": ""1-1"", ""probability"": 0.051468}, {""score"": ""3-2"", ""probability"": 0.046342}, {""score"": ""2-2"", ""probability"": 0.043671}, {""score"": ""5-1"", ""probability"": 0.041429}]",,0.6529,0.3471,Yes,2.5,0.8037,0.1963,False,Over 2.5,-2.0,0.4912,0.5088,False,Le Mans FC +2,False,False,False,False,False,False,,,,,,,,0.667,0.333,0.2,weekly_update_20260916T234430Z_a723fb01,2026-08-18.phase1,0.1.0-phase1,0.1.0-phase1,2026-09-16T23:44:30+00:00
LIGUE12627_MW32_284_OlympiquedeMarseille_RCLens,2026-27,32,2027-05-16,2027-05-15T22:00:00+00:00,Olympique de Marseille,RC Lens,Stade Vélodrome,scheduled,early_week_mode,,,,1.669,1.526,,,1-1,,draw,,0.3959,0.2509,0.3532,Olympique de Marseille,0.4069,0.2471,0.346,,,,"[{""score"": ""1-1"", ""probability"": 0.110933}, {""score"": ""2-1"", ""probability"": 0.087069}, {""score"": ""1-2"", ""probability"": 0.079623}, {""score"": ""2-2"", ""probability"": 0.066447}, {""score"": ""1-0"", ""probability"": 0.061759}, {""score"": ""2-0"", ""probability"": 0.057046}, {""score"": ""0-1"", ""probability"": 0.055913}, {""score"": ""3-1"", ""probability"": 0.048441}, {""score"": ""0-2"", ""probability"": 0.047706}, {""score"": ""0-0"", ""probability"": 0.047554}]",,0.6418,0.3582,Yes,2.5,0.6191,0.3809,False,Over 2.5,0.0,0.5305,0.4695,False,Olympique de Marseille (pick'em),False,False,False,False,False,False,,,,,,,,0.3959,0.6041,0.2,weekly_update_20260916T234430Z_a723fb01,2026-08-18.phase1,0.1.0-phase1,0.1.0-phase1,2026-09-16T23:44:30+00:00
LIGUE12627_MW32_285_ASMonaco_ParisFC,2026-27,32,2027-05-16,2027-05-15T22:00:00+00:00,AS Monaco,Paris FC,Stade Louis II,scheduled,early_week_mode,,,,1.86,1.257,,,1-1,,draw,,0.5263,0.2312,0.2426,AS Monaco,0.5086,0.2398,0.2517,,,,"[{""score"": ""1-1"", ""probability"": 0.110115}, {""score"": ""2-1"", ""probability"": 0.096313}, {""score"": ""2-0"", ""probability"": 0.076612}, {""score"": ""1-0"", ""probability"": 0.075831}, {""score"": ""1-2"", ""probability"": 0.065099}, {""score"": ""2-2"", ""probability"": 0.06054}, {""score"": ""3-1"", ""probability"": 0.059712}, {""score"": ""0-0"", ""probability"": 0.050842}, {""score"": ""0-1"", ""probability"": 0.049132}, {""score"": ""3-0"", ""probability"": 0.047498}]",,0.6107,0.3893,Yes,2.5,0.6025,0.3975,False,Over 2.5,-0.5,0.5086,0.4914,False,AS Monaco -0.5,False,False,False,False,False,False,,,,,,,,0.5263,0.4737,0.2,weekly_update_20260916T234430Z_a723fb01,2026-08-18.phase1,0.1.0-phase1,0.1.0-phase1,2026-09-16T23:44:30+00:00
LIGUE12627_MW32_286_ParisSaint-Germain_OGCNice,2026-27,32,2027-05-16,2027-05-15T22:00:00+00:00,Paris Saint-Germain,OGC Nice,Parc des Princes,scheduled,early_week_mode,,,,2.526,0.787,,,2-0,,home_win,,0.667,0.2009,0.1322,Paris Saint-Germain,0.7465,0.1631,0.0904,,,,"[{""score"": ""2-0"", ""probability"": 0.116289}, {""score"": ""3-0"", ""probability"": 0.097929}, {""score"": ""2-1"", ""probability"": 0.091515}, {""score"": ""1-0"", ""probability"": 0.087479}, {""score"": ""3-1"", ""probability"": 0.077066}, {""score"": ""1-1"", ""probability"": 0.07703}, {""score"": ""4-0"", ""probability"": 0.06185}, {""score"": ""4-1"", ""probability"": 0.048674}, {""score"": ""0-0"", ""probability"": 0.041022}, {""score"": ""2-2"", ""probability"": 0.036009}]",,0.5057,0.4943,Yes,2.5,0.6428,0.3572,False,Over 2.5,-1.75,0.4778,0.5222,False,OGC Nice +1.75,False,False,False,False,False,False,,,,,,,,0.667,0.333,0.2,weekly_update_20260916T234430Z_a723fb01,2026-08-18.phase1,0.1.0-phase1,0.1.0-phase1,2026-09-16T23:44:30+00:00
LIGUE12627_MW32_287_RCStrasbourgAlsace_EstacTroyes,2026-27,32,2027-05-16,2027-05-15T22:00:00+00:00,RC Strasbourg Alsace,Estac Troyes,Stade de la Meinau,scheduled,early_week_mode,,,,1.847,0.603,,,1-0,,home_win,,0.6466,0.2253,0.1281,RC Strasbourg Alsace,0.667,0.2249,0.1081,,,,"[{""score"": ""1-0"", ""probability"": 0.15334}, {""score"": ""2-0"", ""probability"": 0.147199}, {""score"": ""1-1"", ""probability"": 0.102219}, {""score"": ""0-0"", ""probability"": 0.092408}, {""score"": ""3-0"", ""probability"": 0.09061}, {""score"": ""2-1"", ""probability"": 0.088769}, {""score"": ""3-1"", ""probability"": 0.054643}, {""score"": ""0-1"", ""probability"": 0.04598}, {""score"": ""4-0"", ""probability"": 0.041832}, {""score"": ""1-2"", ""probability"": 0.028988}]",,0.3875,0.6125,No,2.5,0.4432,0.5568,False,Under 2.5,-1.25,0.4718,0.5282,False,Estac Troyes +1.25,False,False,False,False,False,False,,,,,,,,0.6466,0.3534,0.2,weekly_update_20260916T234430Z_a723fb01,2026-08-18.phase1,0.1.0-phase1,0.1.0-phase1,2026-09-16T23:44:30+00:00
LIGUE12627_MW32_288_ToulouseFC_FCLorient,2026-27,32,2027-05-16,2027-05-15T22:00:00+00:00,Toulouse FC,FC Lorient,Stadium de Toulouse,scheduled,early_week_mode,,,,1.452,1.172,,,1-1,,draw,,0.4052,0.2928,0.302,Toulouse FC,0.4275,0.2751,0.2974,,,,"[{""score"": ""1-1"", ""probability"": 0.131221}, {""score"": ""1-0"", ""probability"": 0.097495}, {""score"": ""2-1"", ""probability"": 0.089574}, {""score"": ""0-0"", ""probability"": 0.080347}, {""score"": ""0-1"", ""probability"": 0.077215}, {""score"": ""2-0"", ""probability"": 0.076427}, {""score"": ""1-2"", ""probability"": 0.072323}, {""score"": ""2-2"", ""probability"": 0.052492}, {""score"": ""0-2"", ""probability"": 0.049824}, {""score"": ""3-1"", ""probability"": 0.043342}]",,0.5364,0.4636,Yes,2.5,0.4875,0.5125,False,Under 2.5,-0.25,0.4962,0.5038,False,FC Lorient +0.25,False,False,False,False,False,False,,,,,,,,0.4052,0.5948,0.2,weekly_update_20260916T234430Z_a723fb01,2026-08-18.phase1,0.1.0-phase1,0.1.0-phase1,2026-09-16T23:44:30+00:00
LIGUE12627_MW33_289_AngersSCO_StadeBrestois29,2026-27,33,2027-05-22,2027-05-21T22:00:00+00:00,Angers SCO,Stade Brestois 29,Stade Raymond Kopa,scheduled,early_week_mode,,,,1.042,1.281,,,1-1,,draw,,0.2569,0.305,0.4381,Stade Brestois 29,0.2935,0.296,0.4105,,,,"[{""score"": ""1-1"", ""probability"": 0.139061}, {""score"": ""0-1"", ""probability"": 0.117205}, {""score"": ""0-0"", ""probability"": 0.106243}, {""score"": ""1-0"", ""probability"": 0.093848}, {""score"": ""1-2"", ""probability"": 0.083754}, {""score"": ""0-2"", ""probability"": 0.080352}, {""score"": ""2-1"", ""probability"": 0.068164}, {""score"": ""2-0"", ""probability"": 0.053222}, {""score"": ""2-2"", ""probability"": 0.04365}, {""score"": ""1-3"", ""probability"": 0.035756}]",,0.4758,0.5242,No,2.5,0.4101,0.5899,False,Under 2.5,0.25,0.5155,0.4845,False,Angers SCO +0.25,False,False,False,False,False,False,,,,,,,,0.4381,0.5619,0.2,weekly_update_20260916T234430Z_a723fb01,2026-08-18.phase1,0.1.0-phase1,0.1.0-phase1,2026-09-16T23:44:30+00:00
LIGUE12627_MW33_290_HavreAthleticClub_LOSCLille,2026-27,33,2027-05-22,2027-05-21T22:00:00+00:00,Havre Athletic Club,LOSC Lille,Stade Océane,scheduled,early_week_mode,,,,0.793,1.363,,,0-1,,away_win,,0.2271,0.2937,0.4791,LOSC Lille,0.21,0.2949,0.4951,,,,"[{""score"": ""0-1"", ""probability"": 0.149914}, {""score"": ""1-1"", ""probability"": 0.133062}, {""score"": ""0-0"", ""probability"": 0.123705}, {""score"": ""0-2"", ""probability"": 0.107565}, {""score"": ""1-2"", ""probability"": 0.085292}, {""score"": ""1-0"", ""probability"": 0.083898}, {""score"": ""2-1"", ""probability"": 0.049616}, {""score"": ""0-3"", ""probability"": 0.048873}, {""score"": ""1-3"", ""probability"": 0.038753}, {""score"": ""2-0"", ""probability"": 0.036401}]",,0.4153,0.5847,No,2.5,0.3655,0.6345,False,Under 2.5,0.5,0.5049,0.4951,False,Havre Athletic Club +0.5,False,False,False,False,False,False,,,,,,,,0.4791,0.5209,0.2,weekly_update_20260916T234430Z_a723fb01,2026-08-18.phase1,0.1.0-phase1,0.1.0-phase1,2026-09-16T23:44:30+00:00
LIGUE12627_MW33_291_LeMansFC_RCStrasbourgAlsace,2026-27,33,2027-05-22,2027-05-21T22:00:00+00:00,Le Mans FC,RC Strasbourg Alsace,Stade Marie-Marvingt,scheduled,early_week_mode,,,,1.591,2.47,,,1-2,,away_win,,0.2305,0.2068,0.5627,RC Strasbourg Alsace,0.2373,0.1977,0.565,,,,"[{""score"": ""1-2"", ""probability"": 0.083718}, {""score"": ""1-1"", ""probability"": 0.072085}, {""score"": ""1-3"", ""probability"": 0.068918}, {""score"": ""2-2"", ""probability"": 0.06661}, {""score"": ""2-3"", ""probability"": 0.054835}, {""score"": ""2-1"", ""probability"": 0.053943}, {""score"": ""0-2"", ""probability"": 0.05261}, {""score"": ""0-3"", ""probability"": 0.04331}, {""score"": ""1-4"", ""probability"": 0.042551}, {""score"": ""0-1"", ""probability"": 0.038317}]",,0.7332,0.2668,Yes,2.5,0.7704,0.2296,False,Over 2.5,0.75,0.4847,0.5153,False,RC Strasbourg Alsace -0.75,False,False,False,False,False,False,,,,,,,,0.5627,0.4373,0.2,weekly_update_20260916T234430Z_a723fb01,2026-08-18.phase1,0.1.0-phase1,0.1.0-phase1,2026-09-16T23:44:30+00:00
LIGUE12627_MW33_292_RCLens_StadeRennaisFC,2026-27,33,2027-05-22,2027-05-21T22:00:00+00:00,RC Lens,Stade Rennais FC,Stade Bollaert-Delelis,scheduled,early_week_mode,,,,2.033,1.264,,,1-1,,draw,,0.5375,0.2285,0.234,RC Lens,0.5456,0.2258,0.2287,,,,"[{""score"": ""1-1"", ""probability"": 0.101097}, {""score"": ""2-1"", ""probability"": 0.096653}, {""score"": ""2-0"", ""probability"": 0.076448}, {""score"": ""1-0"", ""probability"": 0.069193}, {""score"": ""3-1"", ""probability"": 0.065499}, {""score"": ""2-2"", ""probability"": 0.061099}, {""score"": ""1-2"", ""probability"": 0.060107}, {""score"": ""3-0"", ""probability"": 0.051806}, {""score"": ""0-0"", ""probability"": 0.043006}, {""score"": ""3-2"", ""probability"": 0.041405}]",,0.6296,0.3704,Yes,2.5,0.6399,0.3601,False,Over 2.5,-0.75,0.4912,0.5088,False,Stade Rennais FC +0.75,False,False,False,False,False,False,,,,,,,,0.5375,0.4625,0.2,weekly_update_20260916T234430Z_a723fb01,2026-08-18.phase1,0.1.0-phase1,0.1.0-phase1,2026-09-16T23:44:30+00:00
LIGUE12627_MW33_293_FCLorient_OlympiqueLyonnais,2026-27,33,2027-05-22,2027-05-21T22:00:00+00:00,FC Lorient,Olympique Lyonnais,Stade du Moustoir,scheduled,early_week_mode,,,,1.333,1.551,,,1-1,,draw,,0.3351,0.2477,0.4172,Olympique Lyonnais,0.3205,0.2615,0.418,,,,"[{""score"": ""1-1"", ""probability"": 0.122899}, {""score"": ""1-2"", ""probability"": 0.089659}, {""score"": ""0-1"", ""probability"": 0.079409}, {""score"": ""2-1"", ""probability"": 0.077034}, {""score"": ""0-2"", ""probability"": 0.067265}, {""score"": ""1-0"", ""probability"": 0.067198}, {""score"": ""0-0"", ""probability"": 0.06321}, {""score"": ""2-2"", ""probability"": 0.059753}, {""score"": ""2-0"", ""probability"": 0.049657}, {""score"": ""1-3"", ""probability"": 0.046364}]",,0.5875,0.4125,Yes,2.5,0.5504,0.4496,False,Over 2.5,0.25,0.5166,0.4834,False,FC Lorient +0.25,False,False,False,False,False,False,,,,,,,,0.4172,0.5828,0.2,weekly_update_20260916T234430Z_a723fb01,2026-08-18.phase1,0.1.0-phase1,0.1.0-phase1,2026-09-16T23:44:30+00:00
LIGUE12627_MW33_294_OGCNice_ASMonaco,2026-27,33,2027-05-22,2027-05-21T22:00:00+00:00,OGC Nice,AS Monaco,Allianz Riviera,scheduled,early_week_mode,,,,1.395,1.652,,,1-1,,draw,,0.3351,0.2477,0.4172,AS Monaco,0.3178,0.2526,0.4296,,,,"[{""score"": ""1-1"", ""probability"": 0.116378}, {""score"": ""1-2"", ""probability"": 0.090418}, {""score"": ""2-1"", ""probability"": 0.076372}, {""score"": ""0-1"", ""probability"": 0.071513}, {""score"": ""0-2"", ""probability"": 0.064793}, {""score"": ""2-2"", ""probability"": 0.063088}, {""score"": ""1-0"", ""probability"": 0.059328}, {""score"": ""0-0"", ""probability"": 0.054397}, {""score"": ""1-3"", ""probability"": 0.049794}, {""score"": ""2-0"", ""probability"": 0.046226}]",,0.615,0.385,Yes,2.5,0.5874,0.4126,False,Over 2.5,0.25,0.5073,0.4927,False,OGC Nice +0.25,False,False,False,False,False,False,,,,,,,,0.4172,0.5828,0.2,weekly_update_20260916T234430Z_a723fb01,2026-08-18.phase1,0.1.0-phase1,0.1.0-phase1,2026-09-16T23:44:30+00:00
LIGUE12627_MW33_295_ParisFC_OlympiquedeMarseille,2026-27,33,2027-05-22,2027-05-21T22:00:00+00:00,Paris FC,Olympique de Marseille,Stade Charléty,scheduled,early_week_mode,,,,1.413,1.594,,,1-1,,draw,,0.3409,0.2455,0.4136,Olympique de Marseille,0.3325,0.2557,0.4117,,,,"[{""score"": ""1-1"", ""probability"": 0.118419}, {""score"": ""1-2"", ""probability"": 0.088745}, {""score"": ""2-1"", ""probability"": 0.07869}, {""score"": ""0-1"", ""probability"": 0.071774}, {""score"": ""1-0"", ""probability"": 0.062844}, {""score"": ""0-2"", ""probability"": 0.062803}, {""score"": ""2-2"", ""probability"": 0.062701}, {""score"": ""0-0"", ""probability"": 0.056502}, {""score"": ""2-0"", ""probability"": 0.049378}, {""score"": ""1-3"", ""probability"": 0.047142}]",,0.6099,0.3901,Yes,2.5,0.5783,0.4217,False,Over 2.5,0.25,0.5243,0.4757,False,Paris FC +0.25,False,False,False,False,False,False,,,,,,,,0.4136,0.5864,0.2,weekly_update_20260916T234430Z_a723fb01,2026-08-18.phase1,0.1.0-phase1,0.1.0-phase1,2026-09-16T23:44:30+00:00
LIGUE12627_MW33_296_ToulouseFC_AJAuxerre,2026-27,33,2027-05-22,2027-05-21T22:00:00+00:00,Toulouse FC,AJ Auxerre,Stadium de Toulouse,scheduled,early_week_mode,,,,1.432,1.047,,,1-1,,draw,,0.4719,0.285,0.2431,Toulouse FC,0.451,0.2812,0.2678,,,,"[{""score"": ""1-1"", ""probability"": 0.133638}, {""score"": ""1-0"", ""probability"": 0.112147}, {""score"": ""0-0"", ""probability"": 0.091819}, {""score"": ""2-1"", ""probability"": 0.08999}, {""score"": ""2-0"", ""probability"": 0.085986}, {""score"": ""0-1"", ""probability"": 0.079826}, {""score"": ""1-2"", ""probability"": 0.065771}, {""score"": ""2-2"", ""probability"": 0.04709}, {""score"": ""0-2"", ""probability"": 0.045931}, {""score"": ""3-1"", ""probability"": 0.042954}]",,0.5018,0.4982,Yes,2.5,0.4507,0.5493,False,Under 2.5,-0.25,0.5213,0.4787,False,Toulouse FC -0.25,False,False,False,False,False,False,,,,,,,,0.4719,0.5281,0.2,weekly_update_20260916T234430Z_a723fb01,2026-08-18.phase1,0.1.0-phase1,0.1.0-phase1,2026-09-16T23:44:30+00:00
LIGUE12627_MW33_297_EstacTroyes_ParisSaint-Germain,2026-27,33,2027-05-22,2027-05-21T22:00:00+00:00,Estac Troyes,Paris Saint-Germain,Stade de l'Aube,scheduled,early_week_mode,,,,0.495,2.149,,,0-2,,away_win,,0.1074,0.2152,0.6774,Paris Saint-Germain,0.0671,0.179,0.754,,,,"[{""score"": ""0-2"", ""probability"": 0.164243}, {""score"": ""0-1"", ""probability"": 0.148087}, {""score"": ""0-3"", ""probability"": 0.117642}, {""score"": ""1-2"", ""probability"": 0.081247}, {""score"": ""1-1"", ""probability"": 0.080403}, {""score"": ""0-0"", ""probability"": 0.075924}, {""score"": ""0-4"", ""probability"": 0.063198}, {""score"": ""1-3"", ""probability"": 0.058195}, {""score"": ""1-4"", ""probability"": 0.031262}, {""score"": ""1-0"", ""probability"": 0.030409}]",,0.3495,0.6505,No,2.5,0.4922,0.5078,False,Under 2.5,1.5,0.4911,0.5089,False,Paris Saint-Germain -1.5,False,False,False,False,False,False,,,,,,,,0.6774,0.3226,0.2,weekly_update_20260916T234430Z_a723fb01,2026-08-18.phase1,0.1.0-phase1,0.1.0-phase1,2026-09-16T23:44:30+00:00
LIGUE12627_MW34_298_AJAuxerre_HavreAthleticClub,2026-27,34,2027-05-29,2027-05-28T22:00:00+00:00,AJ Auxerre,Havre Athletic Club,Stade de l'Abbé-Deschamps,scheduled,early_week_mode,,,,1.357,0.909,,,1-1,,draw,,0.4761,0.2876,0.2363,AJ Auxerre,0.4638,0.2931,0.2431,,,,"[{""score"": ""1-1"", ""probability"": 0.136032}, {""score"": ""1-0"", ""probability"": 0.132638}, {""score"": ""0-0"", ""probability"": 0.111775}, {""score"": ""2-0"", ""probability"": 0.095507}, {""score"": ""2-1"", ""probability"": 0.086827}, {""score"": ""0-1"", ""probability"": 0.086169}, {""score"": ""1-2"", ""probability"": 0.058157}, {""score"": ""3-0"", ""probability"": 0.04321}, {""score"": ""0-2"", ""probability"": 0.042847}, {""score"": ""2-2"", ""probability"": 0.039468}]",,0.4515,0.5485,No,2.5,0.395,0.605,False,Under 2.5,-0.5,0.4638,0.5362,False,Havre Athletic Club +0.5,False,False,False,False,False,False,,,,,,,,0.4761,0.5239,0.2,weekly_update_20260916T234430Z_a723fb01,2026-08-18.phase1,0.1.0-phase1,0.1.0-phase1,2026-09-16T23:44:30+00:00
LIGUE12627_MW34_299_StadeBrestois29_RCLens,2026-27,34,2027-05-29,2027-05-28T22:00:00+00:00,Stade Brestois 29,RC Lens,Stade Francis-Le Blé,scheduled,early_week_mode,,,,1.205,1.819,,,1-1,,draw,,0.2374,0.2618,0.5008,RC Lens,0.2457,0.2433,0.511,,,,"[{""score"": ""1-1"", ""probability"": 0.113272}, {""score"": ""1-2"", ""probability"": 0.096917}, {""score"": ""0-1"", ""probability"": 0.081682}, {""score"": ""0-2"", ""probability"": 0.080437}, {""score"": ""2-1"", ""probability"": 0.06418}, {""score"": ""1-3"", ""probability"": 0.058778}, {""score"": ""2-2"", ""probability"": 0.058386}, {""score"": ""0-0"", ""probability"": 0.055334}, {""score"": ""1-0"", ""probability"": 0.051815}, {""score"": ""0-3"", ""probability"": 0.048784}]",,0.5935,0.4065,Yes,2.5,0.5822,0.4178,False,Over 2.5,0.5,0.489,0.511,False,RC Lens -0.5,False,False,False,False,False,False,,,,,,,,0.5008,0.4992,0.2,weekly_update_20260916T234430Z_a723fb01,2026-08-18.phase1,0.1.0-phase1,0.1.0-phase1,2026-09-16T23:44:30+00:00
LIGUE12627_MW34_300_LOSCLille_LeMansFC,2026-27,34,2027-05-29,2027-05-28T22:00:00+00:00,LOSC Lille,Le Mans FC,Stade Pierre-Mauroy,scheduled,early_week_mode,,,,2.784,0.909,,,2-0,,home_win,,0.667,0.2009,0.1322,LOSC Lille,0.7589,0.1493,0.0918,,,,"[{""score"": ""2-0"", ""probability"": 0.096675}, {""score"": ""3-0"", ""probability"": 0.089704}, {""score"": ""2-1"", ""probability"": 0.087923}, {""score"": ""3-1"", ""probability"": 0.081583}, {""score"": ""1-1"", ""probability"": 0.067166}, {""score"": ""1-0"", ""probability"": 0.065464}, {""score"": ""4-0"", ""probability"": 0.062426}, {""score"": ""4-1"", ""probability"": 0.056775}, {""score"": ""2-2"", ""probability"": 0.039981}, {""score"": ""3-2"", ""probability"": 0.037098}]",,0.5643,0.4357,Yes,2.5,0.7127,0.2873,False,Over 2.5,-1.75,0.5072,0.4928,False,LOSC Lille -1.75,False,False,False,False,False,False,,,,,,,,0.667,0.333,0.2,weekly_update_20260916T234430Z_a723fb01,2026-08-18.phase1,0.1.0-phase1,0.1.0-phase1,2026-09-16T23:44:30+00:00
LIGUE12627_MW34_301_OlympiqueLyonnais_ParisFC,2026-27,34,2027-05-29,2027-05-28T22:00:00+00:00,Olympique Lyonnais,Paris FC,Parc Olympique Lyonnais,scheduled,early_week_mode,,,,1.747,1.11,,,1-1,,draw,,0.5217,0.2436,0.2348,Olympique Lyonnais,0.5159,0.2501,0.2341,,,,"[{""score"": ""1-1"", ""probability"": 0.118418}, {""score"": ""2-1"", ""probability"": 0.097312}, {""score"": ""1-0"", ""probability"": 0.093289}, {""score"": ""2-0"", ""probability"": 0.087665}, {""score"": ""0-0"", ""probability"": 0.06446}, {""score"": ""1-2"", ""probability"": 0.061815}, {""score"": ""0-1"", ""probability"": 0.05669}, {""score"": ""3-1"", ""probability"": 0.056684}, {""score"": ""2-2"", ""probability"": 0.05401}, {""score"": ""3-0"", ""probability"": 0.051065}]",,0.5607,0.4393,Yes,2.5,0.5441,0.4559,False,Over 2.5,-0.5,0.5159,0.4841,False,Olympique Lyonnais -0.5,False,False,False,False,False,False,,,,,,,,0.5217,0.4783,0.2,weekly_update_20260916T234430Z_a723fb01,2026-08-18.phase1,0.1.0-phase1,0.1.0-phase1,2026-09-16T23:44:30+00:00
LIGUE12627_MW34_302_OlympiquedeMarseille_FCLorient,2026-27,34,2027-05-29,2027-05-28T22:00:00+00:00,Olympique de Marseille,FC Lorient,Stade Vélodrome,scheduled,early_week_mode,,,,2.096,1.145,,,1-1,,draw,,0.5654,0.2107,0.2238,Olympique de Marseille,0.5857,0.2188,0.1954,,,,"[{""score"": ""1-1"", ""probability"": 0.099877}, {""score"": ""2-1"", ""probability"": 0.098432}, {""score"": ""2-0"", ""probability"": 0.085935}, {""score"": ""1-0"", ""probability"": 0.076069}, {""score"": ""3-1"", ""probability"": 0.068762}, {""score"": ""3-0"", ""probability"": 0.060032}, {""score"": ""2-2"", ""probability"": 0.056373}, {""score"": ""1-2"", ""probability"": 0.053798}, {""score"": ""0-0"", ""probability"": 0.045073}, {""score"": ""3-2"", ""probability"": 0.039381}]",,0.604,0.396,Yes,2.5,0.6285,0.3715,False,Over 2.5,-1.0,0.4743,0.5257,False,FC Lorient +1,False,False,False,False,False,False,,,,,,,,0.5654,0.4346,0.2,weekly_update_20260916T234430Z_a723fb01,2026-08-18.phase1,0.1.0-phase1,0.1.0-phase1,2026-09-16T23:44:30+00:00
LIGUE12627_MW34_303_ASMonaco_EstacTroyes,2026-27,34,2027-05-29,2027-05-28T22:00:00+00:00,AS Monaco,Estac Troyes,Stade Louis II,scheduled,early_week_mode,,,,2.082,0.592,,,2-0,,home_win,,0.667,0.2009,0.1322,AS Monaco,0.717,0.1949,0.088,,,,"[{""score"": ""2-0"", ""probability"": 0.149521}, {""score"": ""1-0"", ""probability"": 0.138276}, {""score"": ""3-0"", ""probability"": 0.10375}, {""score"": ""1-1"", ""probability"": 0.090448}, {""score"": ""2-1"", ""probability"": 0.08854}, {""score"": ""0-0"", ""probability"": 0.074391}, {""score"": ""3-1"", ""probability"": 0.061437}, {""score"": ""4-0"", ""probability"": 0.053993}, {""score"": ""0-1"", ""probability"": 0.035485}, {""score"": ""4-1"", ""probability"": 0.031972}]",,0.3965,0.6035,No,2.5,0.4998,0.5002,False,Under 2.5,-1.5,0.47,0.53,False,Estac Troyes +1.5,False,False,False,False,False,False,,,,,,,,0.667,0.333,0.2,weekly_update_20260916T234430Z_a723fb01,2026-08-18.phase1,0.1.0-phase1,0.1.0-phase1,2026-09-16T23:44:30+00:00
LIGUE12627_MW34_304_ParisSaint-Germain_ToulouseFC,2026-27,34,2027-05-29,2027-05-28T22:00:00+00:00,Paris Saint-Germain,Toulouse FC,Parc des Princes,scheduled,early_week_mode,,,,2.381,0.817,,,2-0,,home_win,,0.667,0.2009,0.1322,Paris Saint-Germain,0.716,0.1786,0.1054,,,,"[{""score"": ""2-0"", ""probability"": 0.115885}, {""score"": ""2-1"", ""probability"": 0.094664}, {""score"": ""1-0"", ""probability"": 0.092316}, {""score"": ""3-0"", ""probability"": 0.091971}, {""score"": ""1-1"", ""probability"": 0.084548}, {""score"": ""3-1"", ""probability"": 0.075129}, {""score"": ""4-0"", ""probability"": 0.054744}, {""score"": ""0-0"", ""probability"": 0.045915}, {""score"": ""4-1"", ""probability"": 0.044719}, {""score"": ""2-2"", ""probability"": 0.038664}]",,0.5116,0.4884,Yes,2.5,0.6193,0.3807,False,Over 2.5,-1.5,0.4929,0.5071,False,Toulouse FC +1.5,False,False,False,False,False,False,,,,,,,,0.667,0.333,0.2,weekly_update_20260916T234430Z_a723fb01,2026-08-18.phase1,0.1.0-phase1,0.1.0-phase1,2026-09-16T23:44:30+00:00
LIGUE12627_MW34_305_StadeRennaisFC_AngersSCO,2026-27,34,2027-05-29,2027-05-28T22:00:00+00:00,Stade Rennais FC,Angers SCO,Roazhon Park,scheduled,early_week_mode,,,,1.991,0.786,,,2-0,,home_win,,0.6572,0.2125,0.1302,Stade Rennais FC,0.6497,0.2174,0.1328,,,,"[{""score"": ""2-0"", ""probability"": 0.123331}, {""score"": ""1-0"", ""probability"": 0.11774}, {""score"": ""1-1"", ""probability"": 0.103577}, {""score"": ""2-1"", ""probability"": 0.096968}, {""score"": ""3-0"", ""probability"": 0.081843}, {""score"": ""0-0"", ""probability"": 0.068398}, {""score"": ""3-1"", ""probability"": 0.064348}, {""score"": ""0-1"", ""probability"": 0.042772}, {""score"": ""4-0"", ""probability"": 0.040733}, {""score"": ""1-2"", ""probability"": 0.038296}]",,0.4762,0.5238,No,2.5,0.5249,0.4751,False,Over 2.5,-1.0,0.5279,0.4721,False,Stade Rennais FC -1,False,False,False,False,False,False,,,,,,,,0.6572,0.3428,0.2,weekly_update_20260916T234430Z_a723fb01,2026-08-18.phase1,0.1.0-phase1,0.1.0-phase1,2026-09-16T23:44:30+00:00
LIGUE12627_MW34_306_RCStrasbourgAlsace_OGCNice,2026-27,34,2027-05-29,2027-05-28T22:00:00+00:00,RC Strasbourg Alsace,OGC Nice,Stade de la Meinau,scheduled,early_week_mode,,,,1.784,1.168,,,1-1,,draw,,0.5217,0.2436,0.2348,RC Strasbourg Alsace,0.5112,0.2466,0.2423,,,,"[{""score"": ""1-1"", ""probability"": 0.115752}, {""score"": ""2-1"", ""probability"": 0.097101}, {""score"": ""1-0"", ""probability"": 0.08635}, {""score"": ""2-0"", ""probability"": 0.083159}, {""score"": ""1-2"", ""probability"": 0.06356}, {""score"": ""0-0"", ""probability"": 0.059152}, {""score"": ""3-1"", ""probability"": 0.057738}, {""score"": ""2-2"", ""probability"": 0.05669}, {""score"": ""0-1"", ""probability"": 0.054144}, {""score"": ""3-0"", ""probability"": 0.049448}]",,0.58,0.42,Yes,2.5,0.5658,0.4342,False,Over 2.5,-0.5,0.5112,0.4888,False,RC Strasbourg Alsace -0.5,False,False,False,False,False,False,,,,,,,,0.5217,0.4783,0.2,weekly_update_20260916T234430Z_a723fb01,2026-08-18.phase1,0.1.0-phase1,0.1.0-phase1,2026-09-16T23:44:30+00:00
