match_id,season,matchweek,date,kickoff_utc,home_team,away_team,stadium,status,prediction_mode,actual_home_goals,actual_away_goals,actual_result,home_expected_goals_model_only,away_expected_goals_model_only,home_expected_goals_market_integrated,away_expected_goals_market_integrated,predicted_score_model_only,predicted_score_market_integrated,predicted_result_model_only,predicted_result_market_integrated,home_win_prob_model_only,draw_prob_model_only,away_win_prob_model_only,moneyline_pick,dc_raw_home_win_prob,dc_raw_draw_prob,dc_raw_away_win_prob,home_win_prob_market_integrated,draw_prob_market_integrated,away_win_prob_market_integrated,top_10_scorelines_model_only_json,top_10_scorelines_market_integrated_json,btts_yes_prob_model_only,btts_no_prob_model_only,btts_pick,total_goals_line_model_only,over_prob_model_only,under_prob_model_only,totals_blend_applied,totals_pick,handicap_line_model_only,home_cover_prob_model_only,away_cover_prob_model_only,handicap_blend_applied,spread_pick,market_available,closing_market_available,market_blend_applied,squad_data_available,injury_data_available,lineup_data_available,home_key_absences_count,away_key_absences_count,home_expected_lineup_strength,away_expected_lineup_strength,rest_day_diff,congestion_diff,model_market_disagreement,confidence,upset_risk,data_quality_score,run_id,data_version,feature_version,model_version,generated_at
LIGUE12627_MW04_035_StadeRennaisFC_OlympiquedeMarseille,2026-27,4,2026-09-11,2026-09-11T18:45:00+00:00,Stade Rennais FC,Olympique de Marseille,Roazhon Park,scheduled,early_week_mode,,,,1.844,1.732,,,1-1,,draw,,0.3853,0.2297,0.385,Stade Rennais FC,0.4072,0.2311,0.3617,,,,"[{""score"": ""1-1"", ""probability"": 0.095038}, {""score"": ""2-1"", ""probability"": 0.082436}, {""score"": ""1-2"", ""probability"": 0.077427}, {""score"": ""2-2"", ""probability"": 0.071384}, {""score"": ""3-1"", ""probability"": 0.050668}, {""score"": ""2-0"", ""probability"": 0.0476}, {""score"": ""1-0"", ""probability"": 0.046008}, {""score"": ""1-3"", ""probability"": 0.044698}, {""score"": ""3-2"", ""probability"": 0.043875}, {""score"": ""0-1"", ""probability"": 0.042871}]",,0.6984,0.3016,Yes,2.5,0.6929,0.3071,False,Over 2.5,0.0,0.5227,0.4773,False,Stade Rennais FC (pick'em),False,False,False,False,False,False,,,,,,,,0.3853,0.6147,0.2,weekly_update_20260916T234516Z_1f1b82b7,2026-08-18.phase1,0.1.0-phase1,0.1.0-phase1,2026-09-16T23:45:16+00:00
LIGUE12627_MW04_036_RCStrasbourgAlsace_ASMonaco,2026-27,4,2026-09-12,2026-09-12T15:15:00+00:00,RC Strasbourg Alsace,AS Monaco,Stade de la Meinau,scheduled,early_week_mode,,,,1.769,1.719,,,1-1,,draw,,0.3853,0.2297,0.385,RC Strasbourg Alsace,0.3928,0.2349,0.3723,,,,"[{""score"": ""1-1"", ""probability"": 0.098792}, {""score"": ""2-1"", ""probability"": 0.082209}, {""score"": ""1-2"", ""probability"": 0.079898}, {""score"": ""2-2"", ""probability"": 0.070666}, {""score"": ""3-1"", ""probability"": 0.048474}, {""score"": ""1-0"", ""probability"": 0.048221}, {""score"": ""2-0"", ""probability"": 0.047818}, {""score"": ""0-1"", ""probability"": 0.046701}, {""score"": ""1-3"", ""probability"": 0.045786}, {""score"": ""0-2"", ""probability"": 0.045167}]",,0.6867,0.3133,Yes,2.5,0.6769,0.3231,False,Over 2.5,0.0,0.5102,0.4898,False,RC Strasbourg Alsace (pick'em),False,False,False,False,False,False,,,,,,,,0.3853,0.6147,0.2,weekly_update_20260916T234516Z_1f1b82b7,2026-08-18.phase1,0.1.0-phase1,0.1.0-phase1,2026-09-16T23:45:16+00:00
LIGUE12627_MW04_028_AJAuxerre_OGCNice,2026-27,4,2026-09-12,2026-09-12T18:45:00+00:00,AJ Auxerre,OGC Nice,Stade de l'Abbé-Deschamps,scheduled,early_week_mode,,,,1.341,1.18,,,1-1,,draw,,0.3846,0.2858,0.3296,AJ Auxerre,0.3965,0.2836,0.3198,,,,"[{""score"": ""1-1"", ""probability"": 0.135178}, {""score"": ""1-0"", ""probability"": 0.099805}, {""score"": ""0-0"", ""probability"": 0.088358}, {""score"": ""0-1"", ""probability"": 0.086812}, {""score"": ""2-1"", ""probability"": 0.085305}, {""score"": ""1-2"", ""probability"": 0.075023}, {""score"": ""2-0"", ""probability"": 0.072306}, {""score"": ""0-2"", ""probability"": 0.055927}, {""score"": ""2-2"", ""probability"": 0.05032}, {""score"": ""3-1"", ""probability"": 0.038144}]",,0.5195,0.4805,Yes,2.5,0.4616,0.5384,False,Under 2.5,-0.25,0.4674,0.5326,False,OGC Nice +0.25,False,False,False,False,False,False,,,,,,,,0.3846,0.6154,0.2,weekly_update_20260916T234516Z_1f1b82b7,2026-08-18.phase1,0.1.0-phase1,0.1.0-phase1,2026-09-16T23:45:16+00:00
LIGUE12627_MW04_030_HavreAthleticClub_AngersSCO,2026-27,4,2026-09-12,2026-09-12T18:45:00+00:00,Havre Athletic Club,Angers SCO,Stade Océane,scheduled,early_week_mode,,,,1.139,0.851,,,1-0,,home_win,,0.4051,0.3381,0.2568,Havre Athletic Club,0.4145,0.3216,0.264,,,,"[{""score"": ""1-0"", ""probability"": 0.147287}, {""score"": ""0-0"", ""probability"": 0.144909}, {""score"": ""1-1"", ""probability"": 0.140833}, {""score"": ""0-1"", ""probability"": 0.107959}, {""score"": ""2-0"", ""probability"": 0.088656}, {""score"": ""2-1"", ""probability"": 0.075487}, {""score"": ""1-2"", ""probability"": 0.05641}, {""score"": ""0-2"", ""probability"": 0.049508}, {""score"": ""3-0"", ""probability"": 0.033672}, {""score"": ""2-2"", ""probability"": 0.032137}]",,0.3981,0.6019,No,2.5,0.3208,0.6792,False,Under 2.5,-0.25,0.4949,0.5051,False,Angers SCO +0.25,False,False,False,False,False,False,,,,,,,,0.4051,0.5949,0.2,weekly_update_20260916T234516Z_1f1b82b7,2026-08-18.phase1,0.1.0-phase1,0.1.0-phase1,2026-09-16T23:45:16+00:00
LIGUE12627_MW04_033_FCLorient_ToulouseFC,2026-27,4,2026-09-12,2026-09-12T18:45:00+00:00,FC Lorient,Toulouse FC,Stade du Moustoir,scheduled,early_week_mode,,,,1.356,1.154,,,1-1,,draw,,0.3984,0.2961,0.3055,FC Lorient,0.406,0.2838,0.3102,,,,"[{""score"": ""1-1"", ""probability"": 0.135177}, {""score"": ""1-0"", ""probability"": 0.102208}, {""score"": ""0-0"", ""probability"": 0.089284}, {""score"": ""2-1"", ""probability"": 0.086212}, {""score"": ""0-1"", ""probability"": 0.085813}, {""score"": ""2-0"", ""probability"": 0.074704}, {""score"": ""1-2"", ""probability"": 0.073386}, {""score"": ""0-2"", ""probability"": 0.05413}, {""score"": ""2-2"", ""probability"": 0.049746}, {""score"": ""3-1"", ""probability"": 0.03896}]",,0.5162,0.4838,Yes,2.5,0.4587,0.5413,False,Under 2.5,-0.25,0.477,0.523,False,Toulouse FC +0.25,False,False,False,False,False,False,,,,,,,,0.3984,0.6016,0.2,weekly_update_20260916T234516Z_1f1b82b7,2026-08-18.phase1,0.1.0-phase1,0.1.0-phase1,2026-09-16T23:45:16+00:00
LIGUE12627_MW04_034_ParisFC_OlympiqueLyonnais,2026-27,4,2026-09-12,2026-09-12T18:45:00+00:00,Paris FC,Olympique Lyonnais,Stade Jean-Bouin,scheduled,early_week_mode,,,,1.451,1.393,,,1-1,,draw,,0.3798,0.2407,0.3795,Paris FC,0.3806,0.2652,0.3542,,,,"[{""score"": ""1-1"", ""probability"": 0.125015}, {""score"": ""2-1"", ""probability"": 0.085357}, {""score"": ""1-2"", ""probability"": 0.081905}, {""score"": ""1-0"", ""probability"": 0.077059}, {""score"": ""0-1"", ""probability"": 0.073643}, {""score"": ""0-0"", ""probability"": 0.065583}, {""score"": ""2-0"", ""probability"": 0.061289}, {""score"": ""2-2"", ""probability"": 0.059439}, {""score"": ""0-2"", ""probability"": 0.056432}, {""score"": ""3-1"", ""probability"": 0.041296}]",,0.5829,0.4171,Yes,2.5,0.541,0.459,False,Over 2.5,0.0,0.5132,0.4868,False,Paris FC (pick'em),False,False,False,False,False,False,,,,,,,,0.3798,0.6202,0.2,weekly_update_20260916T234516Z_1f1b82b7,2026-08-18.phase1,0.1.0-phase1,0.1.0-phase1,2026-09-16T23:45:16+00:00
LIGUE12627_MW04_032_LOSCLille_EstacTroyes,2026-27,4,2026-09-13,2026-09-13T13:00:00+00:00,LOSC Lille,Estac Troyes,Stade Pierre-Mauroy,scheduled,early_week_mode,,,,2.794,0.721,,,2-0,,home_win,,0.7118,0.2144,0.0738,LOSC Lille,0.7986,0.1354,0.066,,,,"[{""score"": ""2-0"", ""probability"": 0.116444}, {""score"": ""3-0"", ""probability"": 0.10844}, {""score"": ""2-1"", ""probability"": 0.083911}, {""score"": ""1-0"", ""probability"": 0.079583}, {""score"": ""3-1"", ""probability"": 0.078143}, {""score"": ""4-0"", ""probability"": 0.075739}, {""score"": ""1-1"", ""probability"": 0.063847}, {""score"": ""4-1"", ""probability"": 0.054578}, {""score"": ""5-0"", ""probability"": 0.042319}, {""score"": ""0-0"", ""probability"": 0.033615}]",,0.4858,0.5142,No,2.5,0.681,0.319,False,Over 2.5,-2.0,0.4932,0.5068,False,Estac Troyes +2,False,False,False,False,False,False,,,,,,,,0.7118,0.2882,0.2,weekly_update_20260916T234516Z_1f1b82b7,2026-08-18.phase1,0.1.0-phase1,0.1.0-phase1,2026-09-16T23:45:16+00:00
LIGUE12627_MW04_031_LeMansFC_RCLens,2026-27,4,2026-09-13,2026-09-13T15:15:00+00:00,Le Mans FC,RC Lens,Stade Marie-Marvingt,scheduled,early_week_mode,,,,1.255,2.305,,,1-2,,away_win,,0.2268,0.2078,0.5655,RC Lens,0.1926,0.2037,0.6037,,,,"[{""score"": ""1-2"", ""probability"": 0.094867}, {""score"": ""1-1"", ""probability"": 0.087475}, {""score"": ""0-2"", ""probability"": 0.075578}, {""score"": ""1-3"", ""probability"": 0.072901}, {""score"": ""0-1"", ""probability"": 0.060392}, {""score"": ""2-2"", ""probability"": 0.059539}, {""score"": ""0-3"", ""probability"": 0.058079}, {""score"": ""2-1"", ""probability"": 0.051652}, {""score"": ""2-3"", ""probability"": 0.045753}, {""score"": ""1-4"", ""probability"": 0.042016}]",,0.6488,0.3512,Yes,2.5,0.69,0.31,False,Over 2.5,1.0,0.5032,0.4968,False,Le Mans FC +1,False,False,False,False,False,False,,,,,,,,0.5655,0.4345,0.2,weekly_update_20260916T234516Z_1f1b82b7,2026-08-18.phase1,0.1.0-phase1,0.1.0-phase1,2026-09-16T23:45:16+00:00
LIGUE12627_MW04_029_StadeBrestois29_ParisSaint-Germain,2026-27,4,2026-09-13,2026-09-13T18:45:00+00:00,Stade Brestois 29,Paris Saint-Germain,Stade Francis-Le Blé,scheduled,early_week_mode,,,,1.106,2.298,,,1-2,,away_win,,0.2075,0.2043,0.5882,Paris Saint-Germain,0.1648,0.2,0.6352,,,,"[{""score"": ""1-2"", ""probability"": 0.097126}, {""score"": ""1-1"", ""probability"": 0.089836}, {""score"": ""0-2"", ""probability"": 0.087781}, {""score"": ""1-3"", ""probability"": 0.074406}, {""score"": ""0-1"", ""probability"": 0.071076}, {""score"": ""0-3"", ""probability"": 0.067247}, {""score"": ""2-2"", ""probability"": 0.053732}, {""score"": ""2-1"", ""probability"": 0.04676}, {""score"": ""1-4"", ""probability"": 0.04275}, {""score"": ""2-3"", ""probability"": 0.041163}]",,0.6073,0.3927,Yes,2.5,0.6609,0.3391,False,Over 2.5,1.0,0.4745,0.5255,False,Paris Saint-Germain -1,False,False,False,False,False,False,,,,,,,,0.5882,0.4118,0.2,weekly_update_20260916T234516Z_1f1b82b7,2026-08-18.phase1,0.1.0-phase1,0.1.0-phase1,2026-09-16T23:45:16+00:00
LIGUE12627_MW05_042_ASMonaco_RCLens,2026-27,5,2026-09-18,2026-09-18T18:45:00+00:00,AS Monaco,RC Lens,Stade Louis II,scheduled,early_week_mode,,,,1.607,1.489,,,1-1,,draw,,0.43,0.2529,0.3171,AS Monaco,0.3998,0.2519,0.3483,,,,"[{""score"": ""1-1"", ""probability"": 0.11504}, {""score"": ""2-1"", ""probability"": 0.086987}, {""score"": ""1-2"", ""probability"": 0.080557}, {""score"": ""1-0"", ""probability"": 0.065905}, {""score"": ""2-2"", ""probability"": 0.064743}, {""score"": ""0-1"", ""probability"": 0.060531}, {""score"": ""2-0"", ""probability"": 0.058436}, {""score"": ""0-0"", ""probability"": 0.05204}, {""score"": ""0-2"", ""probability"": 0.050117}, {""score"": ""3-1"", ""probability"": 0.046607}]",,0.6259,0.3741,Yes,3.5,0.392,0.608,True,Under 3.5,-0.5,0.4345,0.5655,True,RC Lens +0.5,False,False,True,False,False,False,,,,,,,,0.43,0.57,0.2,weekly_update_20260916T234516Z_1f1b82b7,2026-08-18.phase1,0.1.0-phase1,0.1.0-phase1,2026-09-16T23:45:16+00:00
LIGUE12627_MW05_044_ParisFC_RCStrasbourgAlsace,2026-27,5,2026-09-19,2026-09-19T15:15:00+00:00,Paris FC,RC Strasbourg Alsace,Stade Jean-Bouin,scheduled,early_week_mode,,,,1.675,1.415,,,1-1,,draw,,0.4573,0.2474,0.2953,Paris FC,0.431,0.2504,0.3185,,,,"[{""score"": ""1-1"", ""probability"": 0.114669}, {""score"": ""2-1"", ""probability"": 0.090332}, {""score"": ""1-2"", ""probability"": 0.076306}, {""score"": ""1-0"", ""probability"": 0.069483}, {""score"": ""2-2"", ""probability"": 0.063891}, {""score"": ""2-0"", ""probability"": 0.063858}, {""score"": ""0-1"", ""probability"": 0.057642}, {""score"": ""0-0"", ""probability"": 0.052327}, {""score"": ""3-1"", ""probability"": 0.050423}, {""score"": ""0-2"", ""probability"": 0.045567}]",,0.6219,0.3781,Yes,2.5,0.5845,0.4155,True,Over 2.5,-0.5,0.4582,0.5418,True,RC Strasbourg Alsace +0.5,False,False,True,False,False,False,,,,,,,,0.4573,0.5427,0.2,weekly_update_20260916T234516Z_1f1b82b7,2026-08-18.phase1,0.1.0-phase1,0.1.0-phase1,2026-09-16T23:45:16+00:00
LIGUE12627_MW05_037_AngersSCO_EstacTroyes,2026-27,5,2026-09-19,2026-09-19T18:45:00+00:00,Angers SCO,Estac Troyes,Stade Raymond Kopa,scheduled,early_week_mode,,,,1.724,1.07,,,1-1,,draw,,0.477,0.2631,0.2599,Angers SCO,0.5197,0.2523,0.228,,,,"[{""score"": ""1-1"", ""probability"": 0.119979}, {""score"": ""1-0"", ""probability"": 0.098437}, {""score"": ""2-1"", ""probability"": 0.097281}, {""score"": ""2-0"", ""probability"": 0.09095}, {""score"": ""0-0"", ""probability"": 0.068327}, {""score"": ""1-2"", ""probability"": 0.060369}, {""score"": ""0-1"", ""probability"": 0.058394}, {""score"": ""3-1"", ""probability"": 0.055891}, {""score"": ""3-0"", ""probability"": 0.052254}, {""score"": ""2-2"", ""probability"": 0.052026}]",,0.5467,0.4533,Yes,2.5,0.498,0.502,True,Under 2.5,-0.5,0.4763,0.5237,True,Estac Troyes +0.5,False,False,True,False,False,False,,,,,,,,0.477,0.523,0.2,weekly_update_20260916T234516Z_1f1b82b7,2026-08-18.phase1,0.1.0-phase1,0.1.0-phase1,2026-09-16T23:45:16+00:00
LIGUE12627_MW05_039_LeMansFC_FCLorient,2026-27,5,2026-09-19,2026-09-19T18:45:00+00:00,Le Mans FC,FC Lorient,Stade Marie-Marvingt,scheduled,early_week_mode,,,,1.51,1.745,,,1-1,,draw,,0.347,0.2613,0.3918,FC Lorient,0.3287,0.2432,0.428,,,,"[{""score"": ""1-1"", ""probability"": 0.108054}, {""score"": ""1-2"", ""probability"": 0.088701}, {""score"": ""2-1"", ""probability"": 0.076766}, {""score"": ""2-2"", ""probability"": 0.066979}, {""score"": ""0-1"", ""probability"": 0.060924}, {""score"": ""0-2"", ""probability"": 0.058734}, {""score"": ""1-0"", ""probability"": 0.051866}, {""score"": ""1-3"", ""probability"": 0.051595}, {""score"": ""0-0"", ""probability"": 0.044968}, {""score"": ""2-0"", ""probability"": 0.043992}]",,0.6494,0.3506,Yes,2.5,0.5786,0.4214,True,Over 2.5,0.0,0.4725,0.5275,True,FC Lorient (pick'em),False,False,True,False,False,False,,,,,,,,0.3918,0.6082,0.2,weekly_update_20260916T234516Z_1f1b82b7,2026-08-18.phase1,0.1.0-phase1,0.1.0-phase1,2026-09-16T23:45:16+00:00
LIGUE12627_MW05_040_OlympiqueLyonnais_StadeRennaisFC,2026-27,5,2026-09-19,2026-09-19T18:45:00+00:00,Olympique Lyonnais,Stade Rennais FC,Parc Olympique Lyonnais,scheduled,early_week_mode,,,,1.898,1.437,,,1-1,,draw,,0.4697,0.2373,0.293,Olympique Lyonnais,0.4783,0.2351,0.2866,,,,"[{""score"": ""1-1"", ""probability"": 0.103237}, {""score"": ""2-1"", ""probability"": 0.09219}, {""score"": ""1-2"", ""probability"": 0.069805}, {""score"": ""2-2"", ""probability"": 0.066255}, {""score"": ""2-0"", ""probability"": 0.064138}, {""score"": ""1-0"", ""probability"": 0.061468}, {""score"": ""3-1"", ""probability"": 0.058335}, {""score"": ""0-1"", ""probability"": 0.04506}, {""score"": ""3-2"", ""probability"": 0.041924}, {""score"": ""0-0"", ""probability"": 0.041705}]",,0.6543,0.3457,Yes,3.5,0.4239,0.5761,True,Under 3.5,-0.5,0.4648,0.5352,True,Stade Rennais FC +0.5,False,False,True,False,False,False,,,,,,,,0.4697,0.5303,0.2,weekly_update_20260916T234516Z_1f1b82b7,2026-08-18.phase1,0.1.0-phase1,0.1.0-phase1,2026-09-16T23:45:16+00:00
LIGUE12627_MW05_045_ToulouseFC_HavreAthleticClub,2026-27,5,2026-09-19,2026-09-19T18:45:00+00:00,Toulouse FC,Havre Athletic Club,Stadium de Toulouse,scheduled,early_week_mode,,,,1.417,0.881,,,1-0,,home_win,,0.5181,0.2649,0.2171,Toulouse FC,0.4875,0.2866,0.2259,,,,"[{""score"": ""1-0"", ""probability"": 0.134457}, {""score"": ""1-1"", ""probability"": 0.133279}, {""score"": ""0-0"", ""probability"": 0.108302}, {""score"": ""2-0"", ""probability"": 0.100884}, {""score"": ""2-1"", ""probability"": 0.088873}, {""score"": ""0-1"", ""probability"": 0.080579}, {""score"": ""1-2"", ""probability"": 0.055233}, {""score"": ""3-0"", ""probability"": 0.047667}, {""score"": ""3-1"", ""probability"": 0.041992}, {""score"": ""2-2"", ""probability"": 0.039146}]",,0.4516,0.5484,No,2.5,0.4516,0.5484,True,Under 2.5,-0.5,0.5131,0.4869,True,Toulouse FC -0.5,False,False,True,False,False,False,,,,,,,,0.5181,0.4819,0.2,weekly_update_20260916T234516Z_1f1b82b7,2026-08-18.phase1,0.1.0-phase1,0.1.0-phase1,2026-09-16T23:45:16+00:00
LIGUE12627_MW05_038_AJAuxerre_StadeBrestois29,2026-27,5,2026-09-20,2026-09-20T13:00:00+00:00,AJ Auxerre,Stade Brestois 29,Stade de l'Abbé-Deschamps,scheduled,early_week_mode,,,,1.464,1.377,,,1-1,,draw,,0.3696,0.2593,0.3711,Stade Brestois 29,0.387,0.2653,0.3477,,,,"[{""score"": ""1-1"", ""probability"": 0.125079}, {""score"": ""2-1"", ""probability"": 0.086141}, {""score"": ""1-2"", ""probability"": 0.081003}, {""score"": ""1-0"", ""probability"": 0.078083}, {""score"": ""0-1"", ""probability"": 0.072984}, {""score"": ""0-0"", ""probability"": 0.065789}, {""score"": ""2-0"", ""probability"": 0.062572}, {""score"": ""2-2"", ""probability"": 0.059294}, {""score"": ""0-2"", ""probability"": 0.05533}, {""score"": ""3-1"", ""probability"": 0.042036}]",,0.582,0.418,Yes,2.5,0.5339,0.4661,True,Over 2.5,0.0,0.4967,0.5033,True,Stade Brestois 29 (pick'em),False,False,True,False,False,False,,,,,,,,0.3711,0.6289,0.2,weekly_update_20260916T234516Z_1f1b82b7,2026-08-18.phase1,0.1.0-phase1,0.1.0-phase1,2026-09-16T23:45:16+00:00
LIGUE12627_MW05_043_OGCNice_LOSCLille,2026-27,5,2026-09-20,2026-09-20T15:15:00+00:00,OGC Nice,LOSC Lille,Allianz Riviera,scheduled,early_week_mode,,,,0.916,1.401,,,1-1,,draw,,0.2456,0.2833,0.4711,LOSC Lille,0.2381,0.2878,0.4741,,,,"[{""score"": ""1-1"", ""probability"": 0.134462}, {""score"": ""0-1"", ""probability"": 0.130083}, {""score"": ""0-0"", ""probability"": 0.106491}, {""score"": ""0-2"", ""probability"": 0.096686}, {""score"": ""1-2"", ""probability"": 0.08861}, {""score"": ""1-0"", ""probability"": 0.082353}, {""score"": ""2-1"", ""probability"": 0.057971}, {""score"": ""0-3"", ""probability"": 0.045148}, {""score"": ""2-0"", ""probability"": 0.041382}, {""score"": ""1-3"", ""probability"": 0.041377}]",,0.4602,0.5398,No,2.5,0.4535,0.5465,True,Under 2.5,0.5,0.5286,0.4714,True,OGC Nice +0.5,False,False,True,False,False,False,,,,,,,,0.4711,0.5289,0.2,weekly_update_20260916T234516Z_1f1b82b7,2026-08-18.phase1,0.1.0-phase1,0.1.0-phase1,2026-09-16T23:45:16+00:00
LIGUE12627_MW05_041_OlympiquedeMarseille_ParisSaint-Germain,2026-27,5,2026-09-20,2026-09-20T18:45:00+00:00,Olympique de Marseille,Paris Saint-Germain,Stade Vélodrome,scheduled,early_week_mode,,,,1.451,1.983,,,1-1,,draw,,0.199,0.2152,0.5858,Paris Saint-Germain,0.2765,0.2292,0.4942,,,,"[{""score"": ""1-1"", ""probability"": 0.098674}, {""score"": ""1-2"", ""probability"": 0.092047}, {""score"": ""2-1"", ""probability"": 0.067358}, {""score"": ""2-2"", ""probability"": 0.066785}, {""score"": ""0-2"", ""probability"": 0.063432}, {""score"": ""1-3"", ""probability"": 0.060842}, {""score"": ""0-1"", ""probability"": 0.05814}, {""score"": ""2-3"", ""probability"": 0.044144}, {""score"": ""0-3"", ""probability"": 0.041928}, {""score"": ""1-0"", ""probability"": 0.04098}]",,0.6661,0.3339,Yes,3.5,0.4701,0.5299,True,Under 3.5,1.5,0.6334,0.3666,True,Olympique de Marseille +1.5,False,False,True,False,False,False,,,,,,,,0.5858,0.4142,0.2,weekly_update_20260916T234516Z_1f1b82b7,2026-08-18.phase1,0.1.0-phase1,0.1.0-phase1,2026-09-16T23:45:16+00:00
LIGUE12627_MW06_047_RCLens_OlympiqueLyonnais,2026-27,6,2026-10-09,2026-10-09T18:45:00+00:00,RC Lens,Olympique Lyonnais,Stade Bollaert-Delelis,scheduled,early_week_mode,,,,1.676,1.262,,,1-1,,draw,,0.4581,0.2486,0.2933,RC Lens,0.464,0.2543,0.2817,,,,"[{""score"": ""1-1"", ""probability"": 0.119113}, {""score"": ""2-1"", ""probability"": 0.093889}, {""score"": ""1-0"", ""probability"": 0.081754}, {""score"": ""2-0"", ""probability"": 0.074396}, {""score"": ""1-2"", ""probability"": 0.070715}, {""score"": ""0-0"", ""probability"": 0.060043}, {""score"": ""0-1"", ""probability"": 0.059836}, {""score"": ""2-2"", ""probability"": 0.059245}, {""score"": ""3-1"", ""probability"": 0.05244}, {""score"": ""0-2"", ""probability"": 0.042203}]",,0.5897,0.4103,Yes,2.5,0.5814,0.4186,True,Over 2.5,-0.25,0.5209,0.4791,True,RC Lens -0.25,False,False,True,False,False,False,,,,,,,,0.4581,0.5419,0.2,weekly_update_20260916T234516Z_1f1b82b7,2026-08-18.phase1,0.1.0-phase1,0.1.0-phase1,2026-09-16T23:45:16+00:00
LIGUE12627_MW06_048_LOSCLille_HavreAthleticClub,2026-27,6,2026-10-10,2026-10-10T15:15:00+00:00,LOSC Lille,Havre Athletic Club,Stade Pierre-Mauroy,scheduled,early_week_mode,,,,1.639,0.646,,,1-0,,home_win,,0.6343,0.2278,0.1379,LOSC Lille,0.6075,0.2552,0.1373,,,,"[{""score"": ""1-0"", ""probability"": 0.159977}, {""score"": ""2-0"", ""probability"": 0.136675}, {""score"": ""1-1"", ""probability"": 0.114546}, {""score"": ""0-0"", ""probability"": 0.108501}, {""score"": ""2-1"", ""probability"": 0.088331}, {""score"": ""3-0"", ""probability"": 0.074681}, {""score"": ""0-1"", ""probability"": 0.058967}, {""score"": ""3-1"", ""probability"": 0.048265}, {""score"": ""1-2"", ""probability"": 0.034825}, {""score"": ""4-0"", ""probability"": 0.030605}]",,0.3904,0.6096,No,2.5,0.4757,0.5243,True,Under 2.5,-1.5,0.3905,0.6095,True,Havre Athletic Club +1.5,False,False,True,False,False,False,,,,,,,,0.6343,0.3657,0.2,weekly_update_20260916T234516Z_1f1b82b7,2026-08-18.phase1,0.1.0-phase1,0.1.0-phase1,2026-09-16T23:45:16+00:00
LIGUE12627_MW06_046_StadeBrestois29_AngersSCO,2026-27,6,2026-10-10,2026-10-10T18:45:00+00:00,Stade Brestois 29,Angers SCO,Stade Francis-Le Blé,scheduled,early_week_mode,,,,1.587,0.943,,,1-1,,draw,,0.4984,0.2607,0.2409,Stade Brestois 29,0.5167,0.2666,0.2167,,,,"[{""score"": ""1-1"", ""probability"": 0.126699}, {""score"": ""1-0"", ""probability"": 0.118888}, {""score"": ""2-0"", ""probability"": 0.100307}, {""score"": ""2-1"", ""probability"": 0.09461}, {""score"": ""0-0"", ""probability"": 0.087113}, {""score"": ""0-1"", ""probability"": 0.067601}, {""score"": ""1-2"", ""probability"": 0.056216}, {""score"": ""3-0"", ""probability"": 0.053074}, {""score"": ""3-1"", ""probability"": 0.05006}, {""score"": ""2-2"", ""probability"": 0.044618}]",,0.4933,0.5067,No,2.5,0.4945,0.5055,True,Under 2.5,-0.5,0.5083,0.4917,True,Stade Brestois 29 -0.5,False,False,True,False,False,False,,,,,,,,0.4984,0.5016,0.2,weekly_update_20260916T234516Z_1f1b82b7,2026-08-18.phase1,0.1.0-phase1,0.1.0-phase1,2026-09-16T23:45:16+00:00
LIGUE12627_MW06_049_FCLorient_ParisFC,2026-27,6,2026-10-10,2026-10-10T18:45:00+00:00,FC Lorient,Paris FC,Stade du Moustoir,scheduled,early_week_mode,,,,1.271,1.335,,,1-1,,draw,,0.3339,0.2785,0.3876,Paris FC,0.3454,0.2791,0.3754,,,,"[{""score"": ""1-1"", ""probability"": 0.133137}, {""score"": ""0-1"", ""probability"": 0.090664}, {""score"": ""1-0"", ""probability"": 0.085935}, {""score"": ""1-2"", ""probability"": 0.083629}, {""score"": ""0-0"", ""probability"": 0.081674}, {""score"": ""2-1"", ""probability"": 0.079615}, {""score"": ""0-2"", ""probability"": 0.065789}, {""score"": ""2-0"", ""probability"": 0.059625}, {""score"": ""2-2"", ""probability"": 0.053153}, {""score"": ""1-3"", ""probability"": 0.037222}]",,0.5381,0.4619,Yes,2.5,0.5051,0.4949,True,Over 2.5,0.0,0.471,0.529,True,Paris FC (pick'em),False,False,True,False,False,False,,,,,,,,0.3876,0.6124,0.2,weekly_update_20260916T234516Z_1f1b82b7,2026-08-18.phase1,0.1.0-phase1,0.1.0-phase1,2026-09-16T23:45:16+00:00
LIGUE12627_MW06_050_ASMonaco_ToulouseFC,2026-27,6,2026-10-10,2026-10-10T18:45:00+00:00,AS Monaco,Toulouse FC,Stade Louis II,scheduled,early_week_mode,,,,1.892,1.114,,,1-1,,draw,,0.5128,0.2417,0.2455,AS Monaco,0.5485,0.2367,0.2149,,,,"[{""score"": ""1-1"", ""probability"": 0.110888}, {""score"": ""2-1"", ""probability"": 0.098686}, {""score"": ""2-0"", ""probability"": 0.088554}, {""score"": ""1-0"", ""probability"": 0.087057}, {""score"": ""3-1"", ""probability"": 0.062233}, {""score"": ""1-2"", ""probability"": 0.058133}, {""score"": ""0-0"", ""probability"": 0.056044}, {""score"": ""3-0"", ""probability"": 0.055843}, {""score"": ""2-2"", ""probability"": 0.054989}, {""score"": ""0-1"", ""probability"": 0.048587}]",,0.5771,0.4229,Yes,2.5,0.5674,0.4326,True,Over 2.5,-0.5,0.5223,0.4777,True,AS Monaco -0.5,False,False,True,False,False,False,,,,,,,,0.5128,0.4872,0.2,weekly_update_20260916T234516Z_1f1b82b7,2026-08-18.phase1,0.1.0-phase1,0.1.0-phase1,2026-09-16T23:45:16+00:00
LIGUE12627_MW06_052_ParisSaint-Germain_LeMansFC,2026-27,6,2026-10-10,2026-10-10T18:45:00+00:00,Paris Saint-Germain,Le Mans FC,Parc des Princes,scheduled,early_week_mode,,,,3.564,0.944,,,3-0,,home_win,,0.9401,0.0,0.0599,Paris Saint-Germain,0.8436,0.0995,0.0568,,,,"[{""score"": ""3-0"", ""probability"": 0.084069}, {""score"": ""3-1"", ""probability"": 0.079369}, {""score"": ""4-0"", ""probability"": 0.074901}, {""score"": ""2-0"", ""probability"": 0.07077}, {""score"": ""4-1"", ""probability"": 0.070714}, {""score"": ""2-1"", ""probability"": 0.066813}, {""score"": ""5-0"", ""probability"": 0.053386}, {""score"": ""5-1"", ""probability"": 0.050402}, {""score"": ""1-1"", ""probability"": 0.039853}, {""score"": ""3-2"", ""probability"": 0.037466}]",,0.5958,0.4042,Yes,4.5,0.4382,0.5618,True,Under 4.5,-2.75,0.4724,0.5276,True,Le Mans FC +2.75,False,False,True,False,False,False,,,,,,,,0.9401,0.0599,0.2,weekly_update_20260916T234516Z_1f1b82b7,2026-08-18.phase1,0.1.0-phase1,0.1.0-phase1,2026-09-16T23:45:16+00:00
LIGUE12627_MW06_051_OGCNice_RCStrasbourgAlsace,2026-27,6,2026-10-11,2026-10-11T13:00:00+00:00,OGC Nice,RC Strasbourg Alsace,Allianz Riviera,scheduled,early_week_mode,,,,1.348,1.619,,,1-1,,draw,,0.3695,0.263,0.3675,OGC Nice,0.3123,0.2562,0.4315,,,,"[{""score"": ""1-1"", ""probability"": 0.119365}, {""score"": ""1-2"", ""probability"": 0.090901}, {""score"": ""0-1"", ""probability"": 0.076227}, {""score"": ""2-1"", ""probability"": 0.075715}, {""score"": ""0-2"", ""probability"": 0.067415}, {""score"": ""1-0"", ""probability"": 0.062312}, {""score"": ""2-2"", ""probability"": 0.061285}, {""score"": ""0-0"", ""probability"": 0.05851}, {""score"": ""1-3"", ""probability"": 0.049051}, {""score"": ""2-0"", ""probability"": 0.046771}]",,0.6007,0.3993,Yes,2.5,0.5545,0.4455,True,Over 2.5,-0.25,0.4366,0.5634,True,RC Strasbourg Alsace +0.25,False,False,True,False,False,False,,,,,,,,0.3695,0.6305,0.2,weekly_update_20260916T234516Z_1f1b82b7,2026-08-18.phase1,0.1.0-phase1,0.1.0-phase1,2026-09-16T23:45:16+00:00
LIGUE12627_MW06_053_StadeRennaisFC_AJAuxerre,2026-27,6,2026-10-11,2026-10-11T15:15:00+00:00,Stade Rennais FC,AJ Auxerre,Roazhon Park,scheduled,early_week_mode,,,,2.047,1.133,,,1-1,,draw,,0.6112,0.2057,0.183,Stade Rennais FC,0.5784,0.2228,0.1988,,,,"[{""score"": ""1-1"", ""probability"": 0.102543}, {""score"": ""2-1"", ""probability"": 0.098748}, {""score"": ""2-0"", ""probability"": 0.087193}, {""score"": ""1-0"", ""probability"": 0.079122}, {""score"": ""3-1"", ""probability"": 0.067381}, {""score"": ""3-0"", ""probability"": 0.059496}, {""score"": ""2-2"", ""probability"": 0.055917}, {""score"": ""1-2"", ""probability"": 0.054631}, {""score"": ""0-0"", ""probability"": 0.047681}, {""score"": ""0-1"", ""probability"": 0.041064}]",,0.5963,0.4037,Yes,3.5,0.4124,0.5876,True,Under 3.5,-1.5,0.401,0.599,True,AJ Auxerre +1.5,False,False,True,False,False,False,,,,,,,,0.6112,0.3888,0.2,weekly_update_20260916T234516Z_1f1b82b7,2026-08-18.phase1,0.1.0-phase1,0.1.0-phase1,2026-09-16T23:45:16+00:00
LIGUE12627_MW06_054_EstacTroyes_OlympiquedeMarseille,2026-27,6,2026-10-11,2026-10-11T18:45:00+00:00,Estac Troyes,Olympique de Marseille,Stade de l'Aube,scheduled,early_week_mode,,,,1.179,2.9,,,1-2,,away_win,,0.209,0.2171,0.5739,Olympique de Marseille,0.1227,0.1554,0.7219,,,,"[{""score"": ""1-2"", ""probability"": 0.084169}, {""score"": ""1-3"", ""probability"": 0.08136}, {""score"": ""0-2"", ""probability"": 0.071402}, {""score"": ""0-3"", ""probability"": 0.069019}, {""score"": ""1-1"", ""probability"": 0.0617}, {""score"": ""1-4"", ""probability"": 0.058984}, {""score"": ""0-4"", ""probability"": 0.050037}, {""score"": ""2-2"", ""probability"": 0.04961}, {""score"": ""2-3"", ""probability"": 0.047954}, {""score"": ""0-1"", ""probability"": 0.045595}]",,0.6578,0.3422,Yes,2.5,0.6915,0.3085,True,Over 2.5,0.0,0.2533,0.7467,True,Olympique de Marseille (pick'em),False,False,True,False,False,False,,,,,,,,0.5739,0.4261,0.2,weekly_update_20260916T234516Z_1f1b82b7,2026-08-18.phase1,0.1.0-phase1,0.1.0-phase1,2026-09-16T23:45:16+00:00
LIGUE12627_MW07_057_LeMansFC_ToulouseFC,2026-27,7,2026-10-16,2026-10-16T18:45:00+00:00,Le Mans FC,Toulouse FC,Stade Marie-Marvingt,scheduled,early_week_mode,,,,1.477,1.726,,,1-1,,draw,,0.3409,0.2455,0.4136,Toulouse FC,0.3244,0.2453,0.4303,,,,"[{""score"": ""1-1"", ""probability"": 0.110121}, {""score"": ""1-2"", ""probability"": 0.089408}, {""score"": ""2-1"", ""probability"": 0.076532}, {""score"": ""2-2"", ""probability"": 0.066044}, {""score"": ""0-1"", ""probability"": 0.063616}, {""score"": ""0-2"", ""probability"": 0.060519}, {""score"": ""1-0"", ""probability"": 0.053516}, {""score"": ""1-3"", ""probability"": 0.051437}, {""score"": ""0-0"", ""probability"": 0.047148}, {""score"": ""2-0"", ""probability"": 0.044343}]",,0.6409,0.3591,Yes,2.5,0.6207,0.3793,False,Over 2.5,0.25,0.5084,0.4916,False,Le Mans FC +0.25,False,False,False,False,False,False,,,,,,,,0.4136,0.5864,0.2,weekly_update_20260916T234516Z_1f1b82b7,2026-08-18.phase1,0.1.0-phase1,0.1.0-phase1,2026-09-16T23:45:16+00:00
LIGUE12627_MW07_062_RCStrasbourgAlsace_ParisSaint-Germain,2026-27,7,2026-10-17,2026-10-17T15:15:00+00:00,RC Strasbourg Alsace,Paris Saint-Germain,Stade de la Meinau,scheduled,early_week_mode,,,,1.36,2.118,,,1-1,,draw,,0.2455,0.2365,0.518,Paris Saint-Germain,0.2374,0.2197,0.5429,,,,"[{""score"": ""1-1"", ""probability"": 0.094522}, {""score"": ""1-2"", ""probability"": 0.094193}, {""score"": ""0-2"", ""probability"": 0.069252}, {""score"": ""1-3"", ""probability"": 0.066511}, {""score"": ""2-2"", ""probability"": 0.064059}, {""score"": ""2-1"", ""probability"": 0.06048}, {""score"": ""0-1"", ""probability"": 0.059792}, {""score"": ""0-3"", ""probability"": 0.0489}, {""score"": ""2-3"", ""probability"": 0.045233}, {""score"": ""0-0"", ""probability"": 0.036457}]",,0.6596,0.3404,Yes,2.5,0.675,0.325,False,Over 2.5,0.75,0.5101,0.4899,False,RC Strasbourg Alsace +0.75,False,False,False,False,False,False,,,,,,,,0.518,0.482,0.2,weekly_update_20260916T234516Z_1f1b82b7,2026-08-18.phase1,0.1.0-phase1,0.1.0-phase1,2026-09-16T23:45:16+00:00
LIGUE12627_MW07_058_LOSCLille_StadeBrestois29,2026-27,7,2026-10-17,2026-10-17T18:45:00+00:00,LOSC Lille,Stade Brestois 29,Stade Pierre-Mauroy,scheduled,early_week_mode,,,,1.816,0.9,,,1-1,,draw,,0.5682,0.2474,0.1844,LOSC Lille,0.5828,0.2409,0.1763,,,,"[{""score"": ""1-1"", ""probability"": 0.114919}, {""score"": ""1-0"", ""probability"": 0.113287}, {""score"": ""2-0"", ""probability"": 0.10903}, {""score"": ""2-1"", ""probability"": 0.098167}, {""score"": ""0-0"", ""probability"": 0.072929}, {""score"": ""3-0"", ""probability"": 0.065995}, {""score"": ""3-1"", ""probability"": 0.059419}, {""score"": ""0-1"", ""probability"": 0.052744}, {""score"": ""1-2"", ""probability"": 0.048674}, {""score"": ""2-2"", ""probability"": 0.044193}]",,0.5038,0.4962,Yes,2.5,0.5103,0.4897,False,Over 2.5,-0.75,0.5222,0.4778,False,LOSC Lille -0.75,False,False,False,False,False,False,,,,,,,,0.5682,0.4318,0.2,weekly_update_20260916T234516Z_1f1b82b7,2026-08-18.phase1,0.1.0-phase1,0.1.0-phase1,2026-09-16T23:45:16+00:00
LIGUE12627_MW07_063_EstacTroyes_RCLens,2026-27,7,2026-10-17,2026-10-17T18:45:00+00:00,Estac Troyes,RC Lens,Stade de l'Aube,scheduled,early_week_mode,,,,0.991,2.717,,,0-2,,away_win,,0.1841,0.1967,0.6192,RC Lens,0.1083,0.1595,0.7322,,,,"[{""score"": ""0-2"", ""probability"": 0.090691}, {""score"": ""1-2"", ""probability"": 0.089898}, {""score"": ""0-3"", ""probability"": 0.08213}, {""score"": ""1-3"", ""probability"": 0.081412}, {""score"": ""1-1"", ""probability"": 0.070341}, {""score"": ""0-1"", ""probability"": 0.062602}, {""score"": ""0-4"", ""probability"": 0.055782}, {""score"": ""1-4"", ""probability"": 0.055295}, {""score"": ""2-2"", ""probability"": 0.044556}, {""score"": ""2-3"", ""probability"": 0.04035}]",,0.5914,0.4086,Yes,2.5,0.7154,0.2846,False,Over 2.5,1.75,0.5223,0.4777,False,Estac Troyes +1.75,False,False,False,False,False,False,,,,,,,,0.6192,0.3808,0.2,weekly_update_20260916T234516Z_1f1b82b7,2026-08-18.phase1,0.1.0-phase1,0.1.0-phase1,2026-09-16T23:45:16+00:00
LIGUE12627_MW07_055_AngersSCO_OlympiquedeMarseille,2026-27,7,2026-10-18,2026-10-18T13:00:00+00:00,Angers SCO,Olympique de Marseille,Stade Raymond Kopa,scheduled,early_week_mode,,,,0.967,1.753,,,1-1,,draw,,0.2201,0.2427,0.5372,Olympique de Marseille,0.1996,0.2489,0.5516,,,,"[{""score"": ""1-1"", ""probability"": 0.118713}, {""score"": ""0-1"", ""probability"": 0.108525}, {""score"": ""0-2"", ""probability"": 0.101261}, {""score"": ""1-2"", ""probability"": 0.09788}, {""score"": ""0-0"", ""probability"": 0.072947}, {""score"": ""0-3"", ""probability"": 0.05916}, {""score"": ""1-3"", ""probability"": 0.057185}, {""score"": ""1-0"", ""probability"": 0.056702}, {""score"": ""2-1"", ""probability"": 0.053981}, {""score"": ""2-2"", ""probability"": 0.047306}]",,0.5193,0.4807,Yes,2.5,0.5111,0.4889,False,Over 2.5,0.75,0.508,0.492,False,Angers SCO +0.75,False,False,False,False,False,False,,,,,,,,0.5372,0.4628,0.2,weekly_update_20260916T234516Z_1f1b82b7,2026-08-18.phase1,0.1.0-phase1,0.1.0-phase1,2026-09-16T23:45:16+00:00
LIGUE12627_MW07_056_HavreAthleticClub_AJAuxerre,2026-27,7,2026-10-18,2026-10-18T15:15:00+00:00,Havre Athletic Club,AJ Auxerre,Stade Océane,scheduled,early_week_mode,,,,1.174,1.113,,,1-1,,draw,,0.3846,0.2858,0.3296,Havre Athletic Club,0.3645,0.3012,0.3343,,,,"[{""score"": ""1-1"", ""probability"": 0.141075}, {""score"": ""1-0"", ""probability"": 0.110943}, {""score"": ""0-0"", ""probability"": 0.109979}, {""score"": ""0-1"", ""probability"": 0.10474}, {""score"": ""2-1"", ""probability"": 0.077893}, {""score"": ""1-2"", ""probability"": 0.073842}, {""score"": ""2-0"", ""probability"": 0.070005}, {""score"": ""0-2"", ""probability"": 0.062913}, {""score"": ""2-2"", ""probability"": 0.043335}, {""score"": ""3-1"", ""probability"": 0.030475}]",,0.4721,0.5279,No,2.5,0.4003,0.5997,False,Under 2.5,0.0,0.5151,0.4849,False,Havre Athletic Club (pick'em),False,False,False,False,False,False,,,,,,,,0.3846,0.6154,0.2,weekly_update_20260916T234516Z_1f1b82b7,2026-08-18.phase1,0.1.0-phase1,0.1.0-phase1,2026-09-16T23:45:16+00:00
LIGUE12627_MW07_059_FCLorient_ASMonaco,2026-27,7,2026-10-18,2026-10-18T15:15:00+00:00,FC Lorient,AS Monaco,Stade du Moustoir,scheduled,early_week_mode,,,,1.338,1.628,,,1-1,,draw,,0.2743,0.2703,0.4554,AS Monaco,0.3082,0.2559,0.4359,,,,"[{""score"": ""1-1"", ""probability"": 0.119242}, {""score"": ""1-2"", ""probability"": 0.091334}, {""score"": ""0-1"", ""probability"": 0.076774}, {""score"": ""2-1"", ""probability"": 0.075072}, {""score"": ""0-2"", ""probability"": 0.068245}, {""score"": ""1-0"", ""probability"": 0.061849}, {""score"": ""2-2"", ""probability"": 0.061117}, {""score"": ""0-0"", ""probability"": 0.058538}, {""score"": ""1-3"", ""probability"": 0.049571}, {""score"": ""2-0"", ""probability"": 0.046107}]",,0.6,0.4,Yes,2.5,0.5692,0.4308,False,Over 2.5,0.25,0.5001,0.4999,False,FC Lorient +0.25,False,False,False,False,False,False,,,,,,,,0.4554,0.5446,0.2,weekly_update_20260916T234516Z_1f1b82b7,2026-08-18.phase1,0.1.0-phase1,0.1.0-phase1,2026-09-16T23:45:16+00:00
LIGUE12627_MW07_061_ParisFC_StadeRennaisFC,2026-27,7,2026-10-18,2026-10-18T15:15:00+00:00,Paris FC,Stade Rennais FC,Stade Jean-Bouin,scheduled,early_week_mode,,,,1.669,1.441,,,1-1,,draw,,0.4015,0.2544,0.3441,Paris FC,0.4244,0.25,0.3256,,,,"[{""score"": ""1-1"", ""probability"": 0.114019}, {""score"": ""2-1"", ""probability"": 0.089538}, {""score"": ""1-2"", ""probability"": 0.07727}, {""score"": ""1-0"", ""probability"": 0.067719}, {""score"": ""2-2"", ""probability"": 0.064495}, {""score"": ""2-0"", ""probability"": 0.062153}, {""score"": ""0-1"", ""probability"": 0.057517}, {""score"": ""0-0"", ""probability"": 0.051352}, {""score"": ""3-1"", ""probability"": 0.049823}, {""score"": ""0-2"", ""probability"": 0.046288}]",,0.6262,0.3738,Yes,2.5,0.601,0.399,False,Over 2.5,-0.25,0.4869,0.5131,False,Stade Rennais FC +0.25,False,False,False,False,False,False,,,,,,,,0.4015,0.5985,0.2,weekly_update_20260916T234516Z_1f1b82b7,2026-08-18.phase1,0.1.0-phase1,0.1.0-phase1,2026-09-16T23:45:16+00:00
LIGUE12627_MW07_060_OlympiqueLyonnais_OGCNice,2026-27,7,2026-10-18,2026-10-18T18:45:00+00:00,Olympique Lyonnais,OGC Nice,Parc Olympique Lyonnais,scheduled,early_week_mode,,,,1.893,0.984,,,1-1,,draw,,0.5592,0.229,0.2117,Olympique Lyonnais,0.5797,0.2346,0.1856,,,,"[{""score"": ""1-1"", ""probability"": 0.111486}, {""score"": ""2-0"", ""probability"": 0.100903}, {""score"": ""1-0"", ""probability"": 0.100008}, {""score"": ""2-1"", ""probability"": 0.099282}, {""score"": ""3-0"", ""probability"": 0.063672}, {""score"": ""0-0"", ""probability"": 0.062908}, {""score"": ""3-1"", ""probability"": 0.062649}, {""score"": ""1-2"", ""probability"": 0.051603}, {""score"": ""2-2"", ""probability"": 0.048844}, {""score"": ""0-1"", ""probability"": 0.048813}]",,0.5384,0.4616,Yes,2.5,0.5486,0.4514,False,Over 2.5,-0.75,0.5209,0.4791,False,Olympique Lyonnais -0.75,False,False,False,False,False,False,,,,,,,,0.5592,0.4408,0.2,weekly_update_20260916T234516Z_1f1b82b7,2026-08-18.phase1,0.1.0-phase1,0.1.0-phase1,2026-09-16T23:45:16+00:00
LIGUE12627_MW08_066_StadeBrestois29_OGCNice,2026-27,8,2026-10-23,2026-10-23T18:45:00+00:00,Stade Brestois 29,OGC Nice,Stade Francis-Le Blé,scheduled,early_week_mode,,,,1.564,1.232,,,1-1,,draw,,0.4677,0.2409,0.2914,Stade Brestois 29,0.4432,0.2639,0.293,,,,"[{""score"": ""1-1"", ""probability"": 0.125046}, {""score"": ""2-1"", ""probability"": 0.09201}, {""score"": ""1-0"", ""probability"": 0.088125}, {""score"": ""2-0"", ""probability"": 0.074706}, {""score"": ""1-2"", ""probability"": 0.07245}, {""score"": ""0-0"", ""probability"": 0.068467}, {""score"": ""0-1"", ""probability"": 0.067819}, {""score"": ""2-2"", ""probability"": 0.056661}, {""score"": ""3-1"", ""probability"": 0.047972}, {""score"": ""0-2"", ""probability"": 0.046319}]",,0.5674,0.4326,Yes,2.5,0.5295,0.4705,False,Over 2.5,-0.25,0.5091,0.4909,False,Stade Brestois 29 -0.25,False,False,False,False,False,False,,,,,,,,0.4677,0.5323,0.2,weekly_update_20260916T234516Z_1f1b82b7,2026-08-18.phase1,0.1.0-phase1,0.1.0-phase1,2026-09-16T23:45:16+00:00
LIGUE12627_MW08_072_ToulouseFC_EstacTroyes,2026-27,8,2026-10-24,2026-10-24T15:15:00+00:00,Toulouse FC,Estac Troyes,Stadium de Toulouse,scheduled,early_week_mode,,,,2.416,0.982,,,2-0,,home_win,,0.667,0.2009,0.1322,Toulouse FC,0.6847,0.1844,0.1309,,,,"[{""score"": ""2-0"", ""probability"": 0.097662}, {""score"": ""2-1"", ""probability"": 0.095929}, {""score"": ""1-1"", ""probability"": 0.084411}, {""score"": ""3-0"", ""probability"": 0.078645}, {""score"": ""3-1"", ""probability"": 0.077249}, {""score"": ""1-0"", ""probability"": 0.075859}, {""score"": ""4-0"", ""probability"": 0.047498}, {""score"": ""2-2"", ""probability"": 0.047113}, {""score"": ""4-1"", ""probability"": 0.046655}, {""score"": ""1-2"", ""probability"": 0.039004}]",,0.5746,0.4254,Yes,2.5,0.6596,0.3404,False,Over 2.5,-1.25,0.521,0.479,False,Toulouse FC -1.25,False,False,False,False,False,False,,,,,,,,0.667,0.333,0.2,weekly_update_20260916T234516Z_1f1b82b7,2026-08-18.phase1,0.1.0-phase1,0.1.0-phase1,2026-09-16T23:45:16+00:00
LIGUE12627_MW08_067_RCLens_ParisFC,2026-27,8,2026-10-24,2026-10-24T18:45:00+00:00,RC Lens,Paris FC,Stade Bollaert-Delelis,scheduled,early_week_mode,,,,1.679,1.11,,,1-1,,draw,,0.5217,0.2436,0.2348,RC Lens,0.4995,0.2563,0.2442,,,,"[{""score"": ""1-1"", ""probability"": 0.121782}, {""score"": ""2-1"", ""probability"": 0.096209}, {""score"": ""1-0"", ""probability"": 0.096038}, {""score"": ""2-0"", ""probability"": 0.086691}, {""score"": ""0-0"", ""probability"": 0.06868}, {""score"": ""1-2"", ""probability"": 0.063579}, {""score"": ""0-1"", ""probability"": 0.061022}, {""score"": ""3-1"", ""probability"": 0.053857}, {""score"": ""2-2"", ""probability"": 0.053386}, {""score"": ""3-0"", ""probability"": 0.048529}]",,0.5526,0.4474,Yes,2.5,0.5279,0.4721,False,Over 2.5,-0.5,0.4995,0.5005,False,Paris FC +0.5,False,False,False,False,False,False,,,,,,,,0.5217,0.4783,0.2,weekly_update_20260916T234516Z_1f1b82b7,2026-08-18.phase1,0.1.0-phase1,0.1.0-phase1,2026-09-16T23:45:16+00:00
LIGUE12627_MW08_069_ASMonaco_LOSCLille,2026-27,8,2026-10-25,2026-10-25T14:00:00+00:00,AS Monaco,LOSC Lille,Stade Louis II,scheduled,early_week_mode,,,,1.388,1.289,,,1-1,,draw,,0.3846,0.2858,0.3296,AS Monaco,0.3856,0.2746,0.3398,,,,"[{""score"": ""1-1"", ""probability"": 0.130786}, {""score"": ""1-0"", ""probability"": 0.087742}, {""score"": ""2-1"", ""probability"": 0.085391}, {""score"": ""0-1"", ""probability"": 0.080922}, {""score"": ""1-2"", ""probability"": 0.079291}, {""score"": ""0-0"", ""probability"": 0.07653}, {""score"": ""2-0"", ""probability"": 0.066258}, {""score"": ""0-2"", ""probability"": 0.05713}, {""score"": ""2-2"", ""probability"": 0.055024}, {""score"": ""3-1"", ""probability"": 0.039505}]",,0.5513,0.4487,Yes,2.5,0.5006,0.4994,False,Over 2.5,0.0,0.5229,0.4771,False,AS Monaco (pick'em),False,False,False,False,False,False,,,,,,,,0.3846,0.6154,0.2,weekly_update_20260916T234516Z_1f1b82b7,2026-08-18.phase1,0.1.0-phase1,0.1.0-phase1,2026-09-16T23:45:16+00:00
LIGUE12627_MW08_064_AngersSCO_FCLorient,2026-27,8,2026-10-25,2026-10-25T16:15:00+00:00,Angers SCO,FC Lorient,Stade Raymond Kopa,scheduled,early_week_mode,,,,0.978,1.243,,,1-1,,draw,,0.2569,0.305,0.4381,FC Lorient,0.2823,0.3029,0.4147,,,,"[{""score"": ""1-1"", ""probability"": 0.140195}, {""score"": ""0-1"", ""probability"": 0.12658}, {""score"": ""0-0"", ""probability"": 0.116805}, {""score"": ""1-0"", ""probability"": 0.097828}, {""score"": ""0-2"", ""probability"": 0.083819}, {""score"": ""1-2"", ""probability"": 0.081973}, {""score"": ""2-1"", ""probability"": 0.064498}, {""score"": ""2-0"", ""probability"": 0.051892}, {""score"": ""2-2"", ""probability"": 0.040083}, {""score"": ""0-3"", ""probability"": 0.034727}]",,0.4522,0.5478,No,2.5,0.3829,0.6171,False,Under 2.5,0.25,0.5095,0.4905,False,Angers SCO +0.25,False,False,False,False,False,False,,,,,,,,0.4381,0.5619,0.2,weekly_update_20260916T234516Z_1f1b82b7,2026-08-18.phase1,0.1.0-phase1,0.1.0-phase1,2026-09-16T23:45:16+00:00
LIGUE12627_MW08_065_AJAuxerre_LeMansFC,2026-27,8,2026-10-25,2026-10-25T16:15:00+00:00,AJ Auxerre,Le Mans FC,Stade de l'Abbé-Deschamps,scheduled,early_week_mode,,,,1.911,1.395,,,1-1,,draw,,0.499,0.2192,0.2819,AJ Auxerre,0.4902,0.2347,0.2751,,,,"[{""score"": ""1-1"", ""probability"": 0.103881}, {""score"": ""2-1"", ""probability"": 0.093401}, {""score"": ""1-2"", ""probability"": 0.068181}, {""score"": ""2-0"", ""probability"": 0.066944}, {""score"": ""2-2"", ""probability"": 0.065157}, {""score"": ""1-0"", ""probability"": 0.063906}, {""score"": ""3-1"", ""probability"": 0.059505}, {""score"": ""0-1"", ""probability"": 0.044991}, {""score"": ""0-0"", ""probability"": 0.042796}, {""score"": ""3-0"", ""probability"": 0.04265}]",,0.6471,0.3529,Yes,2.5,0.6418,0.3582,False,Over 2.5,-0.5,0.4902,0.5098,False,Le Mans FC +0.5,False,False,False,False,False,False,,,,,,,,0.499,0.501,0.2,weekly_update_20260916T234516Z_1f1b82b7,2026-08-18.phase1,0.1.0-phase1,0.1.0-phase1,2026-09-16T23:45:16+00:00
LIGUE12627_MW08_068_OlympiquedeMarseille_HavreAthleticClub,2026-27,8,2026-10-25,2026-10-25T16:15:00+00:00,Olympique de Marseille,Havre Athletic Club,Stade Vélodrome,scheduled,early_week_mode,,,,2.021,0.89,,,2-0,,home_win,,0.5914,0.2204,0.1881,Olympique de Marseille,0.6303,0.2186,0.1511,,,,"[{""score"": ""2-0"", ""probability"": 0.111158}, {""score"": ""1-1"", ""probability"": 0.10407}, {""score"": ""1-0"", ""probability"": 0.103848}, {""score"": ""2-1"", ""probability"": 0.098941}, {""score"": ""3-0"", ""probability"": 0.074883}, {""score"": ""3-1"", ""probability"": 0.066653}, {""score"": ""0-0"", ""probability"": 0.060587}, {""score"": ""2-2"", ""probability"": 0.044034}, {""score"": ""1-2"", ""probability"": 0.043576}, {""score"": ""0-1"", ""probability"": 0.042292}]",,0.5174,0.4826,Yes,2.5,0.5565,0.4435,False,Over 2.5,-1.0,0.5117,0.4883,False,Olympique de Marseille -1,False,False,False,False,False,False,,,,,,,,0.5914,0.4086,0.2,weekly_update_20260916T234516Z_1f1b82b7,2026-08-18.phase1,0.1.0-phase1,0.1.0-phase1,2026-09-16T23:45:16+00:00
LIGUE12627_MW08_071_StadeRennaisFC_RCStrasbourgAlsace,2026-27,8,2026-10-25,2026-10-25T16:15:00+00:00,Stade Rennais FC,RC Strasbourg Alsace,Roazhon Park,scheduled,early_week_mode,,,,1.97,1.623,,,1-1,,draw,,0.4585,0.2221,0.3194,Stade Rennais FC,0.4561,0.2276,0.3163,,,,"[{""score"": ""1-1"", ""probability"": 0.093532}, {""score"": ""2-1"", ""probability"": 0.086669}, {""score"": ""1-2"", ""probability"": 0.071425}, {""score"": ""2-2"", ""probability"": 0.070345}, {""score"": ""3-1"", ""probability"": 0.056906}, {""score"": ""2-0"", ""probability"": 0.05339}, {""score"": ""1-0"", ""probability"": 0.048677}, {""score"": ""3-2"", ""probability"": 0.046188}, {""score"": ""0-1"", ""probability"": 0.039142}, {""score"": ""1-3"", ""probability"": 0.038648}]",,0.6963,0.3037,Yes,2.5,0.6959,0.3041,False,Over 2.5,-0.25,0.513,0.487,False,Stade Rennais FC -0.25,False,False,False,False,False,False,,,,,,,,0.4585,0.5415,0.2,weekly_update_20260916T234516Z_1f1b82b7,2026-08-18.phase1,0.1.0-phase1,0.1.0-phase1,2026-09-16T23:45:16+00:00
LIGUE12627_MW08_070_ParisSaint-Germain_OlympiqueLyonnais,2026-27,8,2026-10-25,2026-10-25T19:45:00+00:00,Paris Saint-Germain,Olympique Lyonnais,Parc des Princes,scheduled,early_week_mode,,,,2.181,1.127,,,2-1,,home_win,,0.582,0.202,0.216,Paris Saint-Germain,0.6073,0.2109,0.1818,,,,"[{""score"": ""2-1"", ""probability"": 0.098116}, {""score"": ""1-1"", ""probability"": 0.095641}, {""score"": ""2-0"", ""probability"": 0.087026}, {""score"": ""1-0"", ""probability"": 0.074155}, {""score"": ""3-1"", ""probability"": 0.071322}, {""score"": ""3-0"", ""probability"": 0.063261}, {""score"": ""2-2"", ""probability"": 0.05531}, {""score"": ""1-2"", ""probability"": 0.050725}, {""score"": ""0-0"", ""probability"": 0.042256}, {""score"": ""3-2"", ""probability"": 0.040206}]",,0.6054,0.3946,Yes,2.5,0.6421,0.3579,False,Over 2.5,-1.0,0.4964,0.5036,False,Olympique Lyonnais +1,False,False,False,False,False,False,,,,,,,,0.582,0.418,0.2,weekly_update_20260916T234516Z_1f1b82b7,2026-08-18.phase1,0.1.0-phase1,0.1.0-phase1,2026-09-16T23:45:16+00:00
LIGUE12627_MW09_073_HavreAthleticClub_ParisSaint-Germain,2026-27,9,2026-10-30,2026-10-30T18:00:00+00:00,Havre Athletic Club,Paris Saint-Germain,Stade Océane,scheduled,early_week_mode,,,,0.794,2.075,,,0-2,,away_win,,0.1967,0.1937,0.6096,Paris Saint-Germain,0.1267,0.2085,0.6649,,,,"[{""score"": ""0-2"", ""probability"": 0.122197}, {""score"": ""0-1"", ""probability"": 0.111916}, {""score"": ""1-1"", ""probability"": 0.099439}, {""score"": ""1-2"", ""probability"": 0.097051}, {""score"": ""0-3"", ""probability"": 0.084507}, {""score"": ""1-3"", ""probability"": 0.067117}, {""score"": ""0-0"", ""probability"": 0.062661}, {""score"": ""0-4"", ""probability"": 0.043831}, {""score"": ""1-0"", ""probability"": 0.039212}, {""score"": ""2-2"", ""probability"": 0.03854}]",,0.4851,0.5149,No,2.5,0.5467,0.4533,False,Over 2.5,1.25,0.5148,0.4852,False,Havre Athletic Club +1.25,False,False,False,False,False,False,,,,,,,,0.6096,0.3904,0.2,weekly_update_20260916T234516Z_1f1b82b7,2026-08-18.phase1,0.1.0-phase1,0.1.0-phase1,2026-09-16T23:45:16+00:00
LIGUE12627_MW09_074_LOSCLille_RCLens,2026-27,9,2026-10-30,2026-10-30T20:05:00+00:00,LOSC Lille,RC Lens,Stade Pierre-Mauroy,scheduled,early_week_mode,,,,1.318,1.106,,,1-1,,draw,,0.3984,0.2961,0.3055,LOSC Lille,0.4062,0.2893,0.3044,,,,"[{""score"": ""1-1"", ""probability"": 0.137236}, {""score"": ""1-0"", ""probability"": 0.108596}, {""score"": ""0-0"", ""probability"": 0.096705}, {""score"": ""0-1"", ""probability"": 0.089883}, {""score"": ""2-1"", ""probability"": 0.085057}, {""score"": ""2-0"", ""probability"": 0.076886}, {""score"": ""1-2"", ""probability"": 0.07142}, {""score"": ""0-2"", ""probability"": 0.054208}, {""score"": ""2-2"", ""probability"": 0.047048}, {""score"": ""3-1"", ""probability"": 0.037355}]",,0.4981,0.5019,No,2.5,0.4365,0.5635,False,Under 2.5,-0.25,0.4786,0.5214,False,RC Lens +0.25,False,False,False,False,False,False,,,,,,,,0.3984,0.6016,0.2,weekly_update_20260916T234516Z_1f1b82b7,2026-08-18.phase1,0.1.0-phase1,0.1.0-phase1,2026-09-16T23:45:16+00:00
LIGUE12627_MW09_078_OGCNice_StadeRennaisFC,2026-27,9,2026-10-31,2026-10-31T16:15:00+00:00,OGC Nice,Stade Rennais FC,Allianz Riviera,scheduled,early_week_mode,,,,1.344,1.649,,,1-1,,draw,,0.269,0.2723,0.4587,Stade Rennais FC,0.3061,0.2543,0.4396,,,,"[{""score"": ""1-1"", ""probability"": 0.118123}, {""score"": ""1-2"", ""probability"": 0.091611}, {""score"": ""0-1"", ""probability"": 0.075694}, {""score"": ""2-1"", ""probability"": 0.074692}, {""score"": ""0-2"", ""probability"": 0.068155}, {""score"": ""2-2"", ""probability"": 0.061569}, {""score"": ""1-0"", ""probability"": 0.060424}, {""score"": ""0-0"", ""probability"": 0.057139}, {""score"": ""1-3"", ""probability"": 0.050344}, {""score"": ""2-0"", ""probability"": 0.045305}]",,0.604,0.396,Yes,2.5,0.5752,0.4248,False,Over 2.5,0.25,0.4968,0.5032,False,Stade Rennais FC -0.25,False,False,False,False,False,False,,,,,,,,0.4587,0.5413,0.2,weekly_update_20260916T234516Z_1f1b82b7,2026-08-18.phase1,0.1.0-phase1,0.1.0-phase1,2026-09-16T23:45:16+00:00
LIGUE12627_MW09_075_FCLorient_StadeBrestois29,2026-27,9,2026-10-31,2026-10-31T19:45:00+00:00,FC Lorient,Stade Brestois 29,Stade du Moustoir,scheduled,early_week_mode,,,,1.588,1.255,,,1-1,,draw,,0.4677,0.2409,0.2914,FC Lorient,0.444,0.2614,0.2946,,,,"[{""score"": ""1-1"", ""probability"": 0.123424}, {""score"": ""2-1"", ""probability"": 0.092178}, {""score"": ""1-0"", ""probability"": 0.085257}, {""score"": ""2-0"", ""probability"": 0.073473}, {""score"": ""1-2"", ""probability"": 0.072843}, {""score"": ""0-1"", ""probability"": 0.065843}, {""score"": ""0-0"", ""probability"": 0.065602}, {""score"": ""2-2"", ""probability"": 0.057823}, {""score"": ""3-1"", ""probability"": 0.048781}, {""score"": ""0-2"", ""probability"": 0.045883}]",,0.576,0.424,Yes,2.5,0.5405,0.4595,False,Over 2.5,-0.25,0.5093,0.4907,False,FC Lorient -0.25,False,False,False,False,False,False,,,,,,,,0.4677,0.5323,0.2,weekly_update_20260916T234516Z_1f1b82b7,2026-08-18.phase1,0.1.0-phase1,0.1.0-phase1,2026-09-16T23:45:16+00:00
LIGUE12627_MW09_076_OlympiqueLyonnais_AngersSCO,2026-27,9,2026-10-31,2026-10-31T19:45:00+00:00,Olympique Lyonnais,Angers SCO,Parc Olympique Lyonnais,scheduled,early_week_mode,,,,1.921,0.754,,,2-0,,home_win,,0.6135,0.2463,0.1401,Olympique Lyonnais,0.6434,0.2238,0.1328,,,,"[{""score"": ""2-0"", ""probability"": 0.127227}, {""score"": ""1-0"", ""probability"": 0.126174}, {""score"": ""1-1"", ""probability"": 0.106076}, {""score"": ""2-1"", ""probability"": 0.095867}, {""score"": ""3-0"", ""probability"": 0.081474}, {""score"": ""0-0"", ""probability"": 0.075217}, {""score"": ""3-1"", ""probability"": 0.061392}, {""score"": ""0-1"", ""probability"": 0.045674}, {""score"": ""4-0"", ""probability"": 0.039131}, {""score"": ""1-2"", ""probability"": 0.037601}]",,0.458,0.542,No,2.5,0.5001,0.4999,False,Over 2.5,-1.0,0.5193,0.4807,False,Olympique Lyonnais -1,False,False,False,False,False,False,,,,,,,,0.6135,0.3865,0.2,weekly_update_20260916T234516Z_1f1b82b7,2026-08-18.phase1,0.1.0-phase1,0.1.0-phase1,2026-09-16T23:45:16+00:00
LIGUE12627_MW09_081_EstacTroyes_LeMansFC,2026-27,9,2026-10-31,2026-10-31T19:45:00+00:00,Estac Troyes,Le Mans FC,Stade de l'Aube,scheduled,early_week_mode,,,,1.784,2.241,,,1-2,,away_win,,0.2697,0.2179,0.5124,Le Mans FC,0.3074,0.2108,0.4818,,,,"[{""score"": ""1-2"", ""probability"": 0.080087}, {""score"": ""1-1"", ""probability"": 0.075972}, {""score"": ""2-2"", ""probability"": 0.071423}, {""score"": ""2-1"", ""probability"": 0.063745}, {""score"": ""1-3"", ""probability"": 0.059823}, {""score"": ""2-3"", ""probability"": 0.053351}, {""score"": ""0-2"", ""probability"": 0.044901}, {""score"": ""3-2"", ""probability"": 0.042464}, {""score"": ""3-1"", ""probability"": 0.037899}, {""score"": ""0-1"", ""probability"": 0.03558}]",,0.7479,0.2521,Yes,2.5,0.7653,0.2347,False,Over 2.5,0.5,0.5182,0.4818,False,Estac Troyes +0.5,False,False,False,False,False,False,,,,,,,,0.5124,0.4876,0.2,weekly_update_20260916T234516Z_1f1b82b7,2026-08-18.phase1,0.1.0-phase1,0.1.0-phase1,2026-09-16T23:45:16+00:00
LIGUE12627_MW09_080_RCStrasbourgAlsace_AJAuxerre,2026-27,9,2026-11-01,2026-11-01T14:00:00+00:00,RC Strasbourg Alsace,AJ Auxerre,Stade de la Meinau,scheduled,early_week_mode,,,,2.01,1.136,,,1-1,,draw,,0.5515,0.2259,0.2227,RC Strasbourg Alsace,0.5696,0.2262,0.2042,,,,"[{""score"": ""1-1"", ""probability"": 0.104437}, {""score"": ""2-1"", ""probability"": 0.098754}, {""score"": ""2-0"", ""probability"": 0.086924}, {""score"": ""1-0"", ""probability"": 0.080311}, {""score"": ""3-1"", ""probability"": 0.066167}, {""score"": ""3-0"", ""probability"": 0.058241}, {""score"": ""2-2"", ""probability"": 0.056097}, {""score"": ""1-2"", ""probability"": 0.055815}, {""score"": ""0-0"", ""probability"": 0.049206}, {""score"": ""0-1"", ""probability"": 0.042705}]",,0.5941,0.4059,Yes,2.5,0.6086,0.3914,False,Over 2.5,-0.75,0.5135,0.4865,False,RC Strasbourg Alsace -0.75,False,False,False,False,False,False,,,,,,,,0.5515,0.4485,0.2,weekly_update_20260916T234516Z_1f1b82b7,2026-08-18.phase1,0.1.0-phase1,0.1.0-phase1,2026-09-16T23:45:16+00:00
LIGUE12627_MW09_079_ParisFC_ASMonaco,2026-27,9,2026-11-01,2026-11-01T16:15:00+00:00,Paris FC,AS Monaco,Stade Jean-Bouin,scheduled,early_week_mode,,,,1.532,1.493,,,1-1,,draw,,0.3798,0.2407,0.3795,Paris FC,0.3804,0.2558,0.3638,,,,"[{""score"": ""1-1"", ""probability"": 0.118058}, {""score"": ""2-1"", ""probability"": 0.085056}, {""score"": ""1-2"", ""probability"": 0.082941}, {""score"": ""1-0"", ""probability"": 0.067392}, {""score"": ""0-1"", ""probability"": 0.065542}, {""score"": ""2-2"", ""probability"": 0.063513}, {""score"": ""2-0"", ""probability"": 0.056954}, {""score"": ""0-0"", ""probability"": 0.055547}, {""score"": ""0-2"", ""probability"": 0.054156}, {""score"": ""3-1"", ""probability"": 0.043422}]",,0.6147,0.3853,Yes,2.5,0.5824,0.4176,False,Over 2.5,0.0,0.5083,0.4917,False,Paris FC (pick'em),False,False,False,False,False,False,,,,,,,,0.3798,0.6202,0.2,weekly_update_20260916T234516Z_1f1b82b7,2026-08-18.phase1,0.1.0-phase1,0.1.0-phase1,2026-09-16T23:45:16+00:00
LIGUE12627_MW09_077_OlympiquedeMarseille_ToulouseFC,2026-27,9,2026-11-01,2026-11-01T19:45:00+00:00,Olympique de Marseille,Toulouse FC,Stade Vélodrome,scheduled,early_week_mode,,,,1.912,1.141,,,1-1,,draw,,0.5375,0.2285,0.234,Olympique de Marseille,0.5469,0.2351,0.2181,,,,"[{""score"": ""1-1"", ""probability"": 0.10952}, {""score"": ""2-1"", ""probability"": 0.098496}, {""score"": ""2-0"", ""probability"": 0.086351}, {""score"": ""1-0"", ""probability"": 0.083857}, {""score"": ""3-1"", ""probability"": 0.062768}, {""score"": ""1-2"", ""probability"": 0.058767}, {""score"": ""2-2"", ""probability"": 0.056175}, {""score"": ""3-0"", ""probability"": 0.055028}, {""score"": ""0-0"", ""probability"": 0.053731}, {""score"": ""0-1"", ""probability"": 0.04742}]",,0.5863,0.4137,Yes,2.5,0.5884,0.4116,False,Over 2.5,-0.75,0.4905,0.5095,False,Toulouse FC +0.75,False,False,False,False,False,False,,,,,,,,0.5375,0.4625,0.2,weekly_update_20260916T234516Z_1f1b82b7,2026-08-18.phase1,0.1.0-phase1,0.1.0-phase1,2026-09-16T23:45:16+00:00
LIGUE12627_MW10_090_ToulouseFC_RCStrasbourgAlsace,2026-27,10,2026-11-06,2026-11-06T19:45:00+00:00,Toulouse FC,RC Strasbourg Alsace,Stadium de Toulouse,scheduled,early_week_mode,,,,1.447,1.509,,,1-1,,draw,,0.3798,0.2407,0.3795,Toulouse FC,0.3568,0.2592,0.384,,,,"[{""score"": ""1-1"", ""probability"": 0.120751}, {""score"": ""1-2"", ""probability"": 0.085699}, {""score"": ""2-1"", ""probability"": 0.082213}, {""score"": ""0-1"", ""probability"": 0.071353}, {""score"": ""1-0"", ""probability"": 0.06816}, {""score"": ""2-2"", ""probability"": 0.062017}, {""score"": ""0-2"", ""probability"": 0.059212}, {""score"": ""0-0"", ""probability"": 0.059172}, {""score"": ""2-0"", ""probability"": 0.054494}, {""score"": ""1-3"", ""probability"": 0.043098}]",,0.6028,0.3972,Yes,2.5,0.5669,0.4331,False,Over 2.5,0.0,0.4864,0.5136,False,RC Strasbourg Alsace (pick'em),False,False,False,False,False,False,,,,,,,,0.3798,0.6202,0.2,weekly_update_20260916T234516Z_1f1b82b7,2026-08-18.phase1,0.1.0-phase1,0.1.0-phase1,2026-09-16T23:45:16+00:00
LIGUE12627_MW10_083_AJAuxerre_ParisFC,2026-27,10,2026-11-07,2026-11-07T16:15:00+00:00,AJ Auxerre,Paris FC,Stade de l'Abbé-Deschamps,scheduled,early_week_mode,,,,1.172,1.465,,,1-1,,draw,,0.2569,0.305,0.4381,Paris FC,0.2951,0.2739,0.431,,,,"[{""score"": ""1-1"", ""probability"": 0.130613}, {""score"": ""0-1"", ""probability"": 0.097107}, {""score"": ""1-2"", ""probability"": 0.090026}, {""score"": ""0-0"", ""probability"": 0.079276}, {""score"": ""0-2"", ""probability"": 0.076801}, {""score"": ""1-0"", ""probability"": 0.076144}, {""score"": ""2-1"", ""probability"": 0.072024}, {""score"": ""2-2"", ""probability"": 0.052764}, {""score"": ""2-0"", ""probability"": 0.049157}, {""score"": ""1-3"", ""probability"": 0.043968}]",,0.5386,0.4614,Yes,2.5,0.4909,0.5091,False,Under 2.5,0.25,0.5005,0.4995,False,AJ Auxerre +0.25,False,False,False,False,False,False,,,,,,,,0.4381,0.5619,0.2,weekly_update_20260916T234516Z_1f1b82b7,2026-08-18.phase1,0.1.0-phase1,0.1.0-phase1,2026-09-16T23:45:16+00:00
LIGUE12627_MW10_088_ParisSaint-Germain_EstacTroyes,2026-27,10,2026-11-07,2026-11-07T19:45:00+00:00,Paris Saint-Germain,Estac Troyes,Parc des Princes,scheduled,early_week_mode,,,,4.2,0.746,,,4-0,,home_win,,1.0,0.0,0.0,Paris Saint-Germain,0.9165,0.0587,0.0248,,,,"[{""score"": ""4-0"", ""probability"": 0.094899}, {""score"": ""3-0"", ""probability"": 0.090384}, {""score"": ""5-0"", ""probability"": 0.079711}, {""score"": ""4-1"", ""probability"": 0.070753}, {""score"": ""3-1"", ""probability"": 0.067387}, {""score"": ""2-0"", ""probability"": 0.064563}, {""score"": ""5-1"", ""probability"": 0.059429}, {""score"": ""6-0"", ""probability"": 0.055795}, {""score"": ""2-1"", ""probability"": 0.048136}, {""score"": ""6-1"", ""probability"": 0.041599}]",,0.5189,0.4811,Yes,2.5,0.867,0.133,False,Over 2.5,-3.25,0.5009,0.4991,False,Paris Saint-Germain -3.25,False,False,False,False,False,False,,,,,,,,1.0,0.0,0.2,weekly_update_20260916T234516Z_1f1b82b7,2026-08-18.phase1,0.1.0-phase1,0.1.0-phase1,2026-09-16T23:45:16+00:00
LIGUE12627_MW10_089_StadeRennaisFC_LOSCLille,2026-27,10,2026-11-08,2026-11-08T14:00:00+00:00,Stade Rennais FC,LOSC Lille,Roazhon Park,scheduled,early_week_mode,,,,1.339,1.405,,,1-1,,draw,,0.3522,0.2763,0.3715,LOSC Lille,0.3495,0.2709,0.3796,,,,"[{""score"": ""1-1"", ""probability"": 0.128618}, {""score"": ""1-2"", ""probability"": 0.084993}, {""score"": ""0-1"", ""probability"": 0.082777}, {""score"": ""2-1"", ""probability"": 0.081005}, {""score"": ""1-0"", ""probability"": 0.078536}, {""score"": ""0-0"", ""probability"": 0.071952}, {""score"": ""0-2"", ""probability"": 0.063483}, {""score"": ""2-0"", ""probability"": 0.057666}, {""score"": ""2-2"", ""probability"": 0.056895}, {""score"": ""1-3"", ""probability"": 0.039797}]",,0.5644,0.4356,Yes,2.5,0.517,0.483,False,Over 2.5,0.0,0.4849,0.5151,False,LOSC Lille (pick'em),False,False,False,False,False,False,,,,,,,,0.3715,0.6285,0.2,weekly_update_20260916T234516Z_1f1b82b7,2026-08-18.phase1,0.1.0-phase1,0.1.0-phase1,2026-09-16T23:45:16+00:00
LIGUE12627_MW10_082_AngersSCO_OGCNice,2026-27,10,2026-11-08,2026-11-08T16:15:00+00:00,Angers SCO,OGC Nice,Stade Raymond Kopa,scheduled,early_week_mode,,,,1.027,1.145,,,1-1,,draw,,0.3069,0.2956,0.3975,OGC Nice,0.3151,0.3097,0.3752,,,,"[{""score"": ""1-1"", ""probability"": 0.142417}, {""score"": ""0-0"", ""probability"": 0.122395}, {""score"": ""0-1"", ""probability"": 0.122105}, {""score"": ""1-0"", ""probability"": 0.108569}, {""score"": ""1-2"", ""probability"": 0.07673}, {""score"": ""0-2"", ""probability"": 0.074747}, {""score"": ""2-1"", ""probability"": 0.068773}, {""score"": ""2-0"", ""probability"": 0.060049}, {""score"": ""2-2"", ""probability"": 0.039383}, {""score"": ""1-3"", ""probability"": 0.029293}]",,0.446,0.554,No,2.5,0.3697,0.6303,False,Under 2.5,0.0,0.47,0.53,False,OGC Nice (pick'em),False,False,False,False,False,False,,,,,,,,0.3975,0.6025,0.2,weekly_update_20260916T234516Z_1f1b82b7,2026-08-18.phase1,0.1.0-phase1,0.1.0-phase1,2026-09-16T23:45:16+00:00
LIGUE12627_MW10_084_StadeBrestois29_OlympiqueLyonnais,2026-27,10,2026-11-08,2026-11-08T16:15:00+00:00,Stade Brestois 29,Olympique Lyonnais,Stade Francis-Le Blé,scheduled,early_week_mode,,,,1.364,1.739,,,1-1,,draw,,0.2533,0.2563,0.4904,Olympique Lyonnais,0.2954,0.2474,0.4572,,,,"[{""score"": ""1-1"", ""probability"": 0.113236}, {""score"": ""1-2"", ""probability"": 0.092655}, {""score"": ""2-1"", ""probability"": 0.072643}, {""score"": ""0-1"", ""probability"": 0.071425}, {""score"": ""0-2"", ""probability"": 0.067943}, {""score"": ""2-2"", ""probability"": 0.063177}, {""score"": ""1-0"", ""probability"": 0.054552}, {""score"": ""1-3"", ""probability"": 0.053721}, {""score"": ""0-0"", ""probability"": 0.051613}, {""score"": ""2-0"", ""probability"": 0.041764}]",,0.6203,0.3797,Yes,2.5,0.5995,0.4005,False,Over 2.5,0.25,0.4809,0.5191,False,Olympique Lyonnais -0.25,False,False,False,False,False,False,,,,,,,,0.4904,0.5096,0.2,weekly_update_20260916T234516Z_1f1b82b7,2026-08-18.phase1,0.1.0-phase1,0.1.0-phase1,2026-09-16T23:45:16+00:00
LIGUE12627_MW10_085_HavreAthleticClub_FCLorient,2026-27,10,2026-11-08,2026-11-08T16:15:00+00:00,Havre Athletic Club,FC Lorient,Stade Océane,scheduled,early_week_mode,,,,1.07,1.207,,,1-1,,draw,,0.3115,0.2937,0.3948,FC Lorient,0.3154,0.3012,0.3833,,,,"[{""score"": ""1-1"", ""probability"": 0.14084}, {""score"": ""0-1"", ""probability"": 0.115551}, {""score"": ""0-0"", ""probability"": 0.111}, {""score"": ""1-0"", ""probability"": 0.101487}, {""score"": ""1-2"", ""probability"": 0.079944}, {""score"": ""0-2"", ""probability"": 0.074739}, {""score"": ""2-1"", ""probability"": 0.070868}, {""score"": ""2-0"", ""probability"": 0.058733}, {""score"": ""2-2"", ""probability"": 0.042755}, {""score"": ""1-3"", ""probability"": 0.032154}]",,0.4687,0.5313,No,2.5,0.3977,0.6023,False,Under 2.5,0.0,0.466,0.534,False,FC Lorient (pick'em),False,False,False,False,False,False,,,,,,,,0.3948,0.6052,0.2,weekly_update_20260916T234516Z_1f1b82b7,2026-08-18.phase1,0.1.0-phase1,0.1.0-phase1,2026-09-16T23:45:16+00:00
LIGUE12627_MW10_086_LeMansFC_ASMonaco,2026-27,10,2026-11-08,2026-11-08T16:15:00+00:00,Le Mans FC,AS Monaco,Stade Marie-Marvingt,scheduled,early_week_mode,,,,1.458,2.435,,,1-2,,away_win,,0.2305,0.2068,0.5627,AS Monaco,0.2163,0.1981,0.5856,,,,"[{""score"": ""1-2"", ""probability"": 0.088183}, {""score"": ""1-1"", ""probability"": 0.076982}, {""score"": ""1-3"", ""probability"": 0.071577}, {""score"": ""2-2"", ""probability"": 0.064302}, {""score"": ""0-2"", ""probability"": 0.060467}, {""score"": ""2-1"", ""probability"": 0.052813}, {""score"": ""2-3"", ""probability"": 0.052193}, {""score"": ""0-3"", ""probability"": 0.04908}, {""score"": ""0-1"", ""probability"": 0.04511}, {""score"": ""1-4"", ""probability"": 0.043574}]",,0.7047,0.2953,Yes,2.5,0.7456,0.2544,False,Over 2.5,1.0,0.5164,0.4836,False,Le Mans FC +1,False,False,False,False,False,False,,,,,,,,0.5627,0.4373,0.2,weekly_update_20260916T234516Z_1f1b82b7,2026-08-18.phase1,0.1.0-phase1,0.1.0-phase1,2026-09-16T23:45:16+00:00
LIGUE12627_MW10_087_RCLens_OlympiquedeMarseille,2026-27,10,2026-11-08,2026-11-08T19:45:00+00:00,RC Lens,Olympique de Marseille,Stade Bollaert-Delelis,scheduled,early_week_mode,,,,1.81,1.368,,,1-1,,draw,,0.4819,0.2345,0.2837,RC Lens,0.4729,0.2423,0.2848,,,,"[{""score"": ""1-1"", ""probability"": 0.109705}, {""score"": ""2-1"", ""probability"": 0.093394}, {""score"": ""1-2"", ""probability"": 0.070576}, {""score"": ""1-0"", ""probability"": 0.068985}, {""score"": ""2-0"", ""probability"": 0.068293}, {""score"": ""2-2"", ""probability"": 0.063861}, {""score"": ""3-1"", ""probability"": 0.056338}, {""score"": ""0-1"", ""probability"": 0.050545}, {""score"": ""0-0"", ""probability"": 0.048195}, {""score"": ""3-0"", ""probability"": 0.041196}]",,0.6297,0.3703,Yes,2.5,0.6153,0.3847,False,Over 2.5,-0.5,0.4729,0.5271,False,Olympique de Marseille +0.5,False,False,False,False,False,False,,,,,,,,0.4819,0.5181,0.2,weekly_update_20260916T234516Z_1f1b82b7,2026-08-18.phase1,0.1.0-phase1,0.1.0-phase1,2026-09-16T23:45:16+00:00
LIGUE12627_MW11_099_EstacTroyes_HavreAthleticClub,2026-27,11,2026-11-20,2026-11-20T19:45:00+00:00,Estac Troyes,Havre Athletic Club,Stade de l'Aube,scheduled,early_week_mode,,,,1.233,1.587,,,1-1,,draw,,0.2533,0.2563,0.4904,Havre Athletic Club,0.2894,0.262,0.4486,,,,"[{""score"": ""1-1"", ""probability"": 0.12396}, {""score"": ""1-2"", ""probability"": 0.092552}, {""score"": ""0-1"", ""probability"": 0.08723}, {""score"": ""0-2"", ""probability"": 0.075043}, {""score"": ""2-1"", ""probability"": 0.07192}, {""score"": ""0-0"", ""probability"": 0.066913}, {""score"": ""1-0"", ""probability"": 0.066149}, {""score"": ""2-2"", ""probability"": 0.057074}, {""score"": ""1-3"", ""probability"": 0.048965}, {""score"": ""2-0"", ""probability"": 0.045314}]",,0.5711,0.4289,Yes,2.5,0.5354,0.4646,False,Over 2.5,0.25,0.4859,0.5141,False,Havre Athletic Club -0.25,False,False,False,False,False,False,,,,,,,,0.4904,0.5096,0.2,weekly_update_20260916T234516Z_1f1b82b7,2026-08-18.phase1,0.1.0-phase1,0.1.0-phase1,2026-09-16T23:45:16+00:00
LIGUE12627_MW11_096_OGCNice_ParisSaint-Germain,2026-27,11,2026-11-21,2026-11-21T16:15:00+00:00,OGC Nice,Paris Saint-Germain,Allianz Riviera,scheduled,early_week_mode,,,,0.948,2.106,,,0-2,,away_win,,0.2075,0.2043,0.5882,Paris Saint-Germain,0.1541,0.2121,0.6338,,,,"[{""score"": ""0-2"", ""probability"": 0.104619}, {""score"": ""1-1"", ""probability"": 0.100137}, {""score"": ""1-2"", ""probability"": 0.099201}, {""score"": ""0-1"", ""probability"": 0.093436}, {""score"": ""0-3"", ""probability"": 0.073438}, {""score"": ""1-3"", ""probability"": 0.069635}, {""score"": ""0-0"", ""probability"": 0.053106}, {""score"": ""2-2"", ""probability"": 0.047032}, {""score"": ""2-1"", ""probability"": 0.044667}, {""score"": ""1-0"", ""probability"": 0.038815}]",,0.5439,0.4561,Yes,2.5,0.5887,0.4113,False,Over 2.5,1.0,0.4821,0.5179,False,Paris Saint-Germain -1,False,False,False,False,False,False,,,,,,,,0.5882,0.4118,0.2,weekly_update_20260916T234516Z_1f1b82b7,2026-08-18.phase1,0.1.0-phase1,0.1.0-phase1,2026-09-16T23:45:16+00:00
LIGUE12627_MW11_091_RCLens_ToulouseFC,2026-27,11,2026-11-21,2026-11-21T19:45:00+00:00,RC Lens,Toulouse FC,Stade Bollaert-Delelis,scheduled,early_week_mode,,,,1.791,0.959,,,1-1,,draw,,0.5345,0.2415,0.224,RC Lens,0.5624,0.2447,0.1928,,,,"[{""score"": ""1-1"", ""probability"": 0.116713}, {""score"": ""1-0"", ""probability"": 0.107578}, {""score"": ""2-0"", ""probability"": 0.102524}, {""score"": ""2-1"", ""probability"": 0.098339}, {""score"": ""0-0"", ""probability"": 0.070822}, {""score"": ""3-0"", ""probability"": 0.06121}, {""score"": ""3-1"", ""probability"": 0.058711}, {""score"": ""0-1"", ""probability"": 0.054404}, {""score"": ""1-2"", ""probability"": 0.052663}, {""score"": ""2-2"", ""probability"": 0.047162}]",,0.5208,0.4792,Yes,2.5,0.5186,0.4814,False,Over 2.5,-0.75,0.5028,0.4972,False,RC Lens -0.75,False,False,False,False,False,False,,,,,,,,0.5345,0.4655,0.2,weekly_update_20260916T234516Z_1f1b82b7,2026-08-18.phase1,0.1.0-phase1,0.1.0-phase1,2026-09-16T23:45:16+00:00
LIGUE12627_MW11_092_LOSCLille_OlympiqueLyonnais,2026-27,11,2026-11-21,2026-11-21T19:45:00+00:00,LOSC Lille,Olympique Lyonnais,Stade Pierre-Mauroy,scheduled,early_week_mode,,,,1.451,1.09,,,1-1,,draw,,0.449,0.2712,0.2798,LOSC Lille,0.446,0.278,0.2761,,,,"[{""score"": ""1-1"", ""probability"": 0.132464}, {""score"": ""1-0"", ""probability"": 0.106533}, {""score"": ""2-1"", ""probability"": 0.090398}, {""score"": ""0-0"", ""probability"": 0.086674}, {""score"": ""2-0"", ""probability"": 0.082956}, {""score"": ""0-1"", ""probability"": 0.078074}, {""score"": ""1-2"", ""probability"": 0.067904}, {""score"": ""2-2"", ""probability"": 0.049253}, {""score"": ""0-2"", ""probability"": 0.046808}, {""score"": ""3-1"", ""probability"": 0.043713}]",,0.5159,0.4841,Yes,2.5,0.4665,0.5335,False,Under 2.5,-0.25,0.5155,0.4845,False,LOSC Lille -0.25,False,False,False,False,False,False,,,,,,,,0.449,0.551,0.2,weekly_update_20260916T234516Z_1f1b82b7,2026-08-18.phase1,0.1.0-phase1,0.1.0-phase1,2026-09-16T23:45:16+00:00
LIGUE12627_MW11_095_ASMonaco_AJAuxerre,2026-27,11,2026-11-21,2026-11-21T19:45:00+00:00,AS Monaco,AJ Auxerre,Stade Louis II,scheduled,early_week_mode,,,,2.122,1.039,,,1-1,,draw,,0.6005,0.2084,0.191,AS Monaco,0.6157,0.2137,0.1706,,,,"[{""score"": ""1-1"", ""probability"": 0.09935}, {""score"": ""2-1"", ""probability"": 0.099181}, {""score"": ""2-0"", ""probability"": 0.095455}, {""score"": ""1-0"", ""probability"": 0.084085}, {""score"": ""3-1"", ""probability"": 0.070158}, {""score"": ""3-0"", ""probability"": 0.067522}, {""score"": ""2-2"", ""probability"": 0.051526}, {""score"": ""1-2"", ""probability"": 0.048561}, {""score"": ""0-0"", ""probability"": 0.04827}, {""score"": ""0-1"", ""probability"": 0.03817}]",,0.5746,0.4254,Yes,2.5,0.6118,0.3882,False,Over 2.5,-1.0,0.5021,0.4979,False,AS Monaco -1,False,False,False,False,False,False,,,,,,,,0.6005,0.3995,0.2,weekly_update_20260916T234516Z_1f1b82b7,2026-08-18.phase1,0.1.0-phase1,0.1.0-phase1,2026-09-16T23:45:16+00:00
LIGUE12627_MW11_098_RCStrasbourgAlsace_StadeBrestois29,2026-27,11,2026-11-21,2026-11-21T19:45:00+00:00,RC Strasbourg Alsace,Stade Brestois 29,Stade de la Meinau,scheduled,early_week_mode,,,,2.098,1.325,,,1-1,,draw,,0.5465,0.2156,0.2379,RC Strasbourg Alsace,0.5463,0.221,0.2327,,,,"[{""score"": ""1-1"", ""probability"": 0.096384}, {""score"": ""2-1"", ""probability"": 0.095144}, {""score"": ""2-0"", ""probability"": 0.071824}, {""score"": ""3-1"", ""probability"": 0.066551}, {""score"": ""2-2"", ""probability"": 0.063018}, {""score"": ""1-0"", ""probability"": 0.062754}, {""score"": ""1-2"", ""probability"": 0.060062}, {""score"": ""3-0"", ""probability"": 0.050239}, {""score"": ""3-2"", ""probability"": 0.044079}, {""score"": ""0-0"", ""probability"": 0.038324}]",,0.6497,0.3503,Yes,2.5,0.6646,0.3354,False,Over 2.5,-0.75,0.4929,0.5071,False,Stade Brestois 29 +0.75,False,False,False,False,False,False,,,,,,,,0.5465,0.4535,0.2,weekly_update_20260916T234516Z_1f1b82b7,2026-08-18.phase1,0.1.0-phase1,0.1.0-phase1,2026-09-16T23:45:16+00:00
LIGUE12627_MW11_097_ParisFC_AngersSCO,2026-27,11,2026-11-22,2026-11-22T14:00:00+00:00,Paris FC,Angers SCO,Stade Charléty,scheduled,early_week_mode,,,,1.689,0.755,,,1-0,,home_win,,0.5731,0.2446,0.1823,Paris FC,0.5903,0.2521,0.1576,,,,"[{""score"": ""1-0"", ""probability"": 0.13962}, {""score"": ""2-0"", ""probability"": 0.123819}, {""score"": ""1-1"", ""probability"": 0.117659}, {""score"": ""0-0"", ""probability"": 0.093723}, {""score"": ""2-1"", ""probability"": 0.093509}, {""score"": ""3-0"", ""probability"": 0.069728}, {""score"": ""0-1"", ""probability"": 0.058564}, {""score"": ""3-1"", ""probability"": 0.052659}, {""score"": ""1-2"", ""probability"": 0.0418}, {""score"": ""2-2"", ""probability"": 0.03531}]",,0.4392,0.5608,No,2.5,0.4419,0.5581,False,Under 2.5,-0.75,0.5265,0.4735,False,Paris FC -0.75,False,False,False,False,False,False,,,,,,,,0.5731,0.4269,0.2,weekly_update_20260916T234516Z_1f1b82b7,2026-08-18.phase1,0.1.0-phase1,0.1.0-phase1,2026-09-16T23:45:16+00:00
LIGUE12627_MW11_093_FCLorient_StadeRennaisFC,2026-27,11,2026-11-22,2026-11-22T16:15:00+00:00,FC Lorient,Stade Rennais FC,Stade du Moustoir,scheduled,early_week_mode,,,,1.459,1.571,,,1-1,,draw,,0.3461,0.2493,0.4046,Stade Rennais FC,0.3479,0.2552,0.3969,,,,"[{""score"": ""1-1"", ""probability"": 0.117739}, {""score"": ""1-2"", ""probability"": 0.086993}, {""score"": ""2-1"", ""probability"": 0.080796}, {""score"": ""0-1"", ""probability"": 0.068974}, {""score"": ""1-0"", ""probability"": 0.063564}, {""score"": ""2-2"", ""probability"": 0.06345}, {""score"": ""0-2"", ""probability"": 0.059636}, {""score"": ""0-0"", ""probability"": 0.055314}, {""score"": ""2-0"", ""probability"": 0.051441}, {""score"": ""1-3"", ""probability"": 0.045545}]",,0.6149,0.3851,Yes,2.5,0.5833,0.4167,False,Over 2.5,0.0,0.4755,0.5245,False,Stade Rennais FC (pick'em),False,False,False,False,False,False,,,,,,,,0.4046,0.5954,0.2,weekly_update_20260916T234516Z_1f1b82b7,2026-08-18.phase1,0.1.0-phase1,0.1.0-phase1,2026-09-16T23:45:16+00:00
LIGUE12627_MW11_094_OlympiquedeMarseille_LeMansFC,2026-27,11,2026-11-22,2026-11-22T19:45:00+00:00,Olympique de Marseille,Le Mans FC,Stade Vélodrome,scheduled,early_week_mode,,,,2.923,1.257,,,2-1,,home_win,,0.667,0.2009,0.1322,Olympique de Marseille,0.71,0.1574,0.1326,,,,"[{""score"": ""2-1"", ""probability"": 0.082428}, {""score"": ""3-1"", ""probability"": 0.080305}, {""score"": ""2-0"", ""probability"": 0.065589}, {""score"": ""3-0"", ""probability"": 0.0639}, {""score"": ""1-1"", ""probability"": 0.05995}, {""score"": ""4-1"", ""probability"": 0.058678}, {""score"": ""2-2"", ""probability"": 0.051795}, {""score"": ""3-2"", ""probability"": 0.050461}, {""score"": ""4-0"", ""probability"": 0.046691}, {""score"": ""1-0"", ""probability"": 0.041335}]",,0.6804,0.3196,Yes,2.5,0.7863,0.2137,False,Over 2.5,-1.5,0.5171,0.4829,False,Olympique de Marseille -1.5,False,False,False,False,False,False,,,,,,,,0.667,0.333,0.2,weekly_update_20260916T234516Z_1f1b82b7,2026-08-18.phase1,0.1.0-phase1,0.1.0-phase1,2026-09-16T23:45:16+00:00
LIGUE12627_MW12_102_StadeBrestois29_ParisFC,2026-27,12,2026-11-27,2026-11-27T19:45:00+00:00,Stade Brestois 29,Paris FC,Stade Francis-Le Blé,scheduled,early_week_mode,,,,1.367,1.53,,,1-1,,draw,,0.3409,0.2455,0.4136,Paris FC,0.3329,0.2616,0.4055,,,,"[{""score"": ""1-1"", ""probability"": 0.122715}, {""score"": ""1-2"", ""probability"": 0.0883}, {""score"": ""2-1"", ""probability"": 0.078902}, {""score"": ""0-1"", ""probability"": 0.077213}, {""score"": ""1-0"", ""probability"": 0.068222}, {""score"": ""0-2"", ""probability"": 0.064604}, {""score"": ""0-0"", ""probability"": 0.062484}, {""score"": ""2-2"", ""probability"": 0.060344}, {""score"": ""2-0"", ""probability"": 0.051584}, {""score"": ""1-3"", ""probability"": 0.045021}]",,0.5909,0.4091,Yes,2.5,0.5532,0.4468,False,Over 2.5,0.25,0.5291,0.4709,False,Stade Brestois 29 +0.25,False,False,False,False,False,False,,,,,,,,0.4136,0.5864,0.2,weekly_update_20260916T234516Z_1f1b82b7,2026-08-18.phase1,0.1.0-phase1,0.1.0-phase1,2026-09-16T23:45:16+00:00
LIGUE12627_MW12_100_AngersSCO_RCLens,2026-27,12,2026-11-28,2026-11-28T16:15:00+00:00,Angers SCO,RC Lens,Stade Raymond Kopa,scheduled,early_week_mode,,,,0.813,1.642,,,0-1,,away_win,,0.2045,0.2476,0.548,RC Lens,0.1771,0.2593,0.5636,,,,"[{""score"": ""0-1"", ""probability"": 0.133809}, {""score"": ""1-1"", ""probability"": 0.121829}, {""score"": ""0-2"", ""probability"": 0.115778}, {""score"": ""1-2"", ""probability"": 0.094108}, {""score"": ""0-0"", ""probability"": 0.093084}, {""score"": ""0-3"", ""probability"": 0.063372}, {""score"": ""1-0"", ""probability"": 0.062597}, {""score"": ""1-3"", ""probability"": 0.05151}, {""score"": ""2-1"", ""probability"": 0.046584}, {""score"": ""2-2"", ""probability"": 0.038247}]",,0.4559,0.5441,No,2.5,0.4445,0.5555,False,Under 2.5,0.75,0.4993,0.5007,False,RC Lens -0.75,False,False,False,False,False,False,,,,,,,,0.548,0.452,0.2,weekly_update_20260916T234516Z_1f1b82b7,2026-08-18.phase1,0.1.0-phase1,0.1.0-phase1,2026-09-16T23:45:16+00:00
LIGUE12627_MW12_103_HavreAthleticClub_RCStrasbourgAlsace,2026-27,12,2026-11-28,2026-11-28T19:45:00+00:00,Havre Athletic Club,RC Strasbourg Alsace,Stade Océane,scheduled,early_week_mode,,,,1.129,1.595,,,1-1,,draw,,0.2533,0.2563,0.4904,RC Strasbourg Alsace,0.2622,0.2638,0.474,,,,"[{""score"": ""1-1"", ""probability"": 0.125586}, {""score"": ""0-1"", ""probability"": 0.097191}, {""score"": ""1-2"", ""probability"": 0.094222}, {""score"": ""0-2"", ""probability"": 0.083427}, {""score"": ""0-0"", ""probability"": 0.073027}, {""score"": ""2-1"", ""probability"": 0.066723}, {""score"": ""1-0"", ""probability"": 0.066657}, {""score"": ""2-2"", ""probability"": 0.053207}, {""score"": ""1-3"", ""probability"": 0.05009}, {""score"": ""0-3"", ""probability"": 0.044351}]",,0.5469,0.4531,Yes,2.5,0.5123,0.4877,False,Over 2.5,0.5,0.526,0.474,False,Havre Athletic Club +0.5,False,False,False,False,False,False,,,,,,,,0.4904,0.5096,0.2,weekly_update_20260916T234516Z_1f1b82b7,2026-08-18.phase1,0.1.0-phase1,0.1.0-phase1,2026-09-16T23:45:16+00:00
LIGUE12627_MW12_104_LeMansFC_LOSCLille,2026-27,12,2026-11-28,2026-11-28T19:45:00+00:00,Le Mans FC,LOSC Lille,Stade Marie-Marvingt,scheduled,early_week_mode,,,,1.084,1.996,,,1-1,,draw,,0.2233,0.2317,0.545,LOSC Lille,0.1947,0.2266,0.5787,,,,"[{""score"": ""1-1"", ""probability"": 0.105723}, {""score"": ""1-2"", ""probability"": 0.099266}, {""score"": ""0-2"", ""probability"": 0.091589}, {""score"": ""0-1"", ""probability"": 0.085522}, {""score"": ""1-3"", ""probability"": 0.066043}, {""score"": ""0-3"", ""probability"": 0.060935}, {""score"": ""2-1"", ""probability"": 0.053903}, {""score"": ""2-2"", ""probability"": 0.053794}, {""score"": ""0-0"", ""probability"": 0.052236}, {""score"": ""1-0"", ""probability"": 0.043582}]",,0.578,0.422,Yes,2.5,0.5943,0.4057,False,Over 2.5,0.75,0.4783,0.5217,False,LOSC Lille -0.75,False,False,False,False,False,False,,,,,,,,0.545,0.455,0.2,weekly_update_20260916T234516Z_1f1b82b7,2026-08-18.phase1,0.1.0-phase1,0.1.0-phase1,2026-09-16T23:45:16+00:00
LIGUE12627_MW12_106_OGCNice_EstacTroyes,2026-27,12,2026-11-28,2026-11-28T19:45:00+00:00,OGC Nice,Estac Troyes,Allianz Riviera,scheduled,early_week_mode,,,,2.251,1.054,,,2-1,,home_win,,0.6005,0.2084,0.191,OGC Nice,0.6379,0.2023,0.1598,,,,"[{""score"": ""2-1"", ""probability"": 0.098056}, {""score"": ""2-0"", ""probability"": 0.093035}, {""score"": ""1-1"", ""probability"": 0.092613}, {""score"": ""1-0"", ""probability"": 0.077194}, {""score"": ""3-1"", ""probability"": 0.073564}, {""score"": ""3-0"", ""probability"": 0.069797}, {""score"": ""2-2"", ""probability"": 0.051674}, {""score"": ""1-2"", ""probability"": 0.045919}, {""score"": ""0-0"", ""probability"": 0.042211}, {""score"": ""4-1"", ""probability"": 0.041393}]",,0.5883,0.4117,Yes,2.5,0.6413,0.3587,False,Over 2.5,-1.0,0.5266,0.4734,False,OGC Nice -1,False,False,False,False,False,False,,,,,,,,0.6005,0.3995,0.2,weekly_update_20260916T234516Z_1f1b82b7,2026-08-18.phase1,0.1.0-phase1,0.1.0-phase1,2026-09-16T23:45:16+00:00
LIGUE12627_MW12_107_ParisSaint-Germain_FCLorient,2026-27,12,2026-11-28,2026-11-28T19:45:00+00:00,Paris Saint-Germain,FC Lorient,Parc des Princes,scheduled,early_week_mode,,,,2.383,0.866,,,2-0,,home_win,,0.667,0.2009,0.1322,Paris Saint-Germain,0.7051,0.1813,0.1136,,,,"[{""score"": ""2-0"", ""probability"": 0.110253}, {""score"": ""2-1"", ""probability"": 0.095521}, {""score"": ""3-0"", ""probability"": 0.087576}, {""score"": ""1-0"", ""probability"": 0.087494}, {""score"": ""1-1"", ""probability"": 0.085211}, {""score"": ""3-1"", ""probability"": 0.075874}, {""score"": ""4-0"", ""probability"": 0.052172}, {""score"": ""4-1"", ""probability"": 0.045201}, {""score"": ""0-0"", ""probability"": 0.043873}, {""score"": ""2-2"", ""probability"": 0.041379}]",,0.531,0.469,Yes,2.5,0.63,0.37,False,Over 2.5,-1.5,0.4829,0.5171,False,FC Lorient +1.5,False,False,False,False,False,False,,,,,,,,0.667,0.333,0.2,weekly_update_20260916T234516Z_1f1b82b7,2026-08-18.phase1,0.1.0-phase1,0.1.0-phase1,2026-09-16T23:45:16+00:00
LIGUE12627_MW12_101_AJAuxerre_OlympiquedeMarseille,2026-27,12,2026-11-29,2026-11-29T14:00:00+00:00,AJ Auxerre,Olympique de Marseille,Stade de l'Abbé-Deschamps,scheduled,early_week_mode,,,,1.263,1.805,,,1-1,,draw,,0.2533,0.2563,0.4904,Olympique de Marseille,0.2613,0.244,0.4947,,,,"[{""score"": ""1-1"", ""probability"": 0.112691}, {""score"": ""1-2"", ""probability"": 0.095713}, {""score"": ""0-1"", ""probability"": 0.077269}, {""score"": ""0-2"", ""probability"": 0.075772}, {""score"": ""2-1"", ""probability"": 0.066964}, {""score"": ""2-2"", ""probability"": 0.060451}, {""score"": ""1-3"", ""probability"": 0.057603}, {""score"": ""0-0"", ""probability"": 0.053155}, {""score"": ""1-0"", ""probability"": 0.052057}, {""score"": ""0-3"", ""probability"": 0.045602}]",,0.606,0.394,Yes,2.5,0.592,0.408,False,Over 2.5,0.5,0.5053,0.4947,False,AJ Auxerre +0.5,False,False,False,False,False,False,,,,,,,,0.4904,0.5096,0.2,weekly_update_20260916T234516Z_1f1b82b7,2026-08-18.phase1,0.1.0-phase1,0.1.0-phase1,2026-09-16T23:45:16+00:00
LIGUE12627_MW12_108_ToulouseFC_StadeRennaisFC,2026-27,12,2026-11-29,2026-11-29T16:15:00+00:00,Toulouse FC,Stade Rennais FC,Stadium de Toulouse,scheduled,early_week_mode,,,,1.443,1.536,,,1-1,,draw,,0.363,0.2428,0.3941,Stade Rennais FC,0.3504,0.2579,0.3917,,,,"[{""score"": ""1-1"", ""probability"": 0.119774}, {""score"": ""1-2"", ""probability"": 0.08657}, {""score"": ""2-1"", ""probability"": 0.081292}, {""score"": ""0-1"", ""probability"": 0.071021}, {""score"": ""1-0"", ""probability"": 0.066259}, {""score"": ""2-2"", ""probability"": 0.06245}, {""score"": ""0-2"", ""probability"": 0.060003}, {""score"": ""0-0"", ""probability"": 0.057921}, {""score"": ""2-0"", ""probability"": 0.052909}, {""score"": ""1-3"", ""probability"": 0.044337}]",,0.6065,0.3935,Yes,2.5,0.5721,0.4279,False,Over 2.5,0.0,0.4793,0.5207,False,Stade Rennais FC (pick'em),False,False,False,False,False,False,,,,,,,,0.3941,0.6059,0.2,weekly_update_20260916T234516Z_1f1b82b7,2026-08-18.phase1,0.1.0-phase1,0.1.0-phase1,2026-09-16T23:45:16+00:00
LIGUE12627_MW12_105_OlympiqueLyonnais_ASMonaco,2026-27,12,2026-11-29,2026-11-29T19:45:00+00:00,Olympique Lyonnais,AS Monaco,Parc Olympique Lyonnais,scheduled,early_week_mode,,,,1.742,1.49,,,1-1,,draw,,0.4432,0.2367,0.3201,Olympique Lyonnais,0.4313,0.244,0.3247,,,,"[{""score"": ""1-1"", ""probability"": 0.108942}, {""score"": ""2-1"", ""probability"": 0.089253}, {""score"": ""1-2"", ""probability"": 0.076364}, {""score"": ""2-2"", ""probability"": 0.066497}, {""score"": ""1-0"", ""probability"": 0.062342}, {""score"": ""2-0"", ""probability"": 0.059899}, {""score"": ""0-1"", ""probability"": 0.052409}, {""score"": ""3-1"", ""probability"": 0.051814}, {""score"": ""0-0"", ""probability"": 0.045941}, {""score"": ""0-2"", ""probability"": 0.043847}]",,0.6453,0.3547,Yes,2.5,0.6266,0.3734,False,Over 2.5,-0.25,0.4923,0.5077,False,AS Monaco +0.25,False,False,False,False,False,False,,,,,,,,0.4432,0.5568,0.2,weekly_update_20260916T234516Z_1f1b82b7,2026-08-18.phase1,0.1.0-phase1,0.1.0-phase1,2026-09-16T23:45:16+00:00
LIGUE12627_MW13_109_RCLens_HavreAthleticClub,2026-27,13,2026-12-05,2026-12-04T23:00:00+00:00,RC Lens,Havre Athletic Club,Stade Bollaert-Delelis,scheduled,early_week_mode,,,,1.893,0.748,,,1-0,,home_win,,0.609,0.2445,0.1465,RC Lens,0.6387,0.2268,0.1345,,,,"[{""score"": ""1-0"", ""probability"": 0.128535}, {""score"": ""2-0"", ""probability"": 0.127693}, {""score"": ""1-1"", ""probability"": 0.107305}, {""score"": ""2-1"", ""probability"": 0.095576}, {""score"": ""3-0"", ""probability"": 0.080591}, {""score"": ""0-0"", ""probability"": 0.077586}, {""score"": ""3-1"", ""probability"": 0.060321}, {""score"": ""0-1"", ""probability"": 0.046973}, {""score"": ""4-0"", ""probability"": 0.038148}, {""score"": ""1-2"", ""probability"": 0.037783}]",,0.4539,0.5461,No,2.5,0.492,0.508,False,Under 2.5,-1.0,0.5139,0.4861,False,RC Lens -1,False,False,False,False,False,False,,,,,,,,0.609,0.391,0.2,weekly_update_20260916T234516Z_1f1b82b7,2026-08-18.phase1,0.1.0-phase1,0.1.0-phase1,2026-09-16T23:45:16+00:00
LIGUE12627_MW13_110_LOSCLille_AJAuxerre,2026-27,13,2026-12-05,2026-12-04T23:00:00+00:00,LOSC Lille,AJ Auxerre,Stade Pierre-Mauroy,scheduled,early_week_mode,,,,1.739,0.772,,,1-0,,home_win,,0.5731,0.2446,0.1823,LOSC Lille,0.5977,0.2464,0.1559,,,,"[{""score"": ""1-0"", ""probability"": 0.134292}, {""score"": ""2-0"", ""probability"": 0.122756}, {""score"": ""1-1"", ""probability"": 0.115842}, {""score"": ""2-1"", ""probability"": 0.09479}, {""score"": ""0-0"", ""probability"": 0.087997}, {""score"": ""3-0"", ""probability"": 0.071175}, {""score"": ""0-1"", ""probability"": 0.055806}, {""score"": ""3-1"", ""probability"": 0.05496}, {""score"": ""1-2"", ""probability"": 0.04208}, {""score"": ""2-2"", ""probability"": 0.036597}]",,0.4504,0.5496,No,2.5,0.4591,0.5409,False,Under 2.5,-1.0,0.4713,0.5287,False,AJ Auxerre +1,False,False,False,False,False,False,,,,,,,,0.5731,0.4269,0.2,weekly_update_20260916T234516Z_1f1b82b7,2026-08-18.phase1,0.1.0-phase1,0.1.0-phase1,2026-09-16T23:45:16+00:00
LIGUE12627_MW13_111_OlympiquedeMarseille_OGCNice,2026-27,13,2026-12-05,2026-12-04T23:00:00+00:00,Olympique de Marseille,OGC Nice,Stade Vélodrome,scheduled,early_week_mode,,,,2.051,1.063,,,1-1,,draw,,0.5734,0.2137,0.2128,Olympique de Marseille,0.5955,0.221,0.1835,,,,"[{""score"": ""1-1"", ""probability"": 0.102953}, {""score"": ""2-1"", ""probability"": 0.099351}, {""score"": ""2-0"", ""probability"": 0.09349}, {""score"": ""1-0"", ""probability"": 0.085059}, {""score"": ""3-1"", ""probability"": 0.067935}, {""score"": ""3-0"", ""probability"": 0.063928}, {""score"": ""2-2"", ""probability"": 0.052789}, {""score"": ""1-2"", ""probability"": 0.051467}, {""score"": ""0-0"", ""probability"": 0.050524}, {""score"": ""0-1"", ""probability"": 0.041129}]",,0.5764,0.4236,Yes,2.5,0.6018,0.3982,False,Over 2.5,-1.0,0.4816,0.5184,False,OGC Nice +1,False,False,False,False,False,False,,,,,,,,0.5734,0.4266,0.2,weekly_update_20260916T234516Z_1f1b82b7,2026-08-18.phase1,0.1.0-phase1,0.1.0-phase1,2026-09-16T23:45:16+00:00
LIGUE12627_MW13_112_ASMonaco_AngersSCO,2026-27,13,2026-12-05,2026-12-04T23:00:00+00:00,AS Monaco,Angers SCO,Stade Louis II,scheduled,early_week_mode,,,,2.06,0.795,,,2-0,,home_win,,0.667,0.2009,0.1322,AS Monaco,0.6617,0.2101,0.1282,,,,"[{""score"": ""2-0"", ""probability"": 0.122146}, {""score"": ""1-0"", ""probability"": 0.112655}, {""score"": ""1-1"", ""probability"": 0.100213}, {""score"": ""2-1"", ""probability"": 0.097118}, {""score"": ""3-0"", ""probability"": 0.083877}, {""score"": ""3-1"", ""probability"": 0.06669}, {""score"": ""0-0"", ""probability"": 0.06349}, {""score"": ""4-0"", ""probability"": 0.043199}, {""score"": ""0-1"", ""probability"": 0.039839}, {""score"": ""2-2"", ""probability"": 0.038609}]",,0.4845,0.5155,No,2.5,0.5435,0.4565,False,Over 2.5,-1.25,0.4816,0.5184,False,Angers SCO +1.25,False,False,False,False,False,False,,,,,,,,0.667,0.333,0.2,weekly_update_20260916T234516Z_1f1b82b7,2026-08-18.phase1,0.1.0-phase1,0.1.0-phase1,2026-09-16T23:45:16+00:00
LIGUE12627_MW13_113_ParisFC_LeMansFC,2026-27,13,2026-12-05,2026-12-04T23:00:00+00:00,Paris FC,Le Mans FC,Stade Charléty,scheduled,early_week_mode,,,,2.372,1.166,,,2-1,,home_win,,0.6005,0.2084,0.191,Paris FC,0.6359,0.1957,0.1683,,,,"[{""score"": ""2-1"", ""probability"": 0.095434}, {""score"": ""1-1"", ""probability"": 0.085531}, {""score"": ""2-0"", ""probability"": 0.081832}, {""score"": ""3-1"", ""probability"": 0.075453}, {""score"": ""3-0"", ""probability"": 0.064698}, {""score"": ""1-0"", ""probability"": 0.063942}, {""score"": ""2-2"", ""probability"": 0.055649}, {""score"": ""1-2"", ""probability"": 0.046924}, {""score"": ""4-1"", ""probability"": 0.044741}, {""score"": ""3-2"", ""probability"": 0.043998}]",,0.6292,0.3708,Yes,2.5,0.6859,0.3141,False,Over 2.5,-1.25,0.4746,0.5254,False,Le Mans FC +1.25,False,False,False,False,False,False,,,,,,,,0.6005,0.3995,0.2,weekly_update_20260916T234516Z_1f1b82b7,2026-08-18.phase1,0.1.0-phase1,0.1.0-phase1,2026-09-16T23:45:16+00:00
LIGUE12627_MW13_114_StadeRennaisFC_StadeBrestois29,2026-27,13,2026-12-05,2026-12-04T23:00:00+00:00,Stade Rennais FC,Stade Brestois 29,Roazhon Park,scheduled,early_week_mode,,,,2.137,1.321,,,2-1,,home_win,,0.5465,0.2156,0.2379,Stade Rennais FC,0.5554,0.218,0.2267,,,,"[{""score"": ""2-1"", ""probability"": 0.095041}, {""score"": ""1-1"", ""probability"": 0.094539}, {""score"": ""2-0"", ""probability"": 0.071972}, {""score"": ""3-1"", ""probability"": 0.067702}, {""score"": ""2-2"", ""probability"": 0.062752}, {""score"": ""1-0"", ""probability"": 0.061765}, {""score"": ""1-2"", ""probability"": 0.058728}, {""score"": ""3-0"", ""probability"": 0.051269}, {""score"": ""3-2"", ""probability"": 0.044701}, {""score"": ""0-0"", ""probability"": 0.037112}]",,0.6521,0.3479,Yes,2.5,0.6711,0.3289,False,Over 2.5,-0.75,0.502,0.498,False,Stade Rennais FC -0.75,False,False,False,False,False,False,,,,,,,,0.5465,0.4535,0.2,weekly_update_20260916T234516Z_1f1b82b7,2026-08-18.phase1,0.1.0-phase1,0.1.0-phase1,2026-09-16T23:45:16+00:00
LIGUE12627_MW13_115_RCStrasbourgAlsace_FCLorient,2026-27,13,2026-12-05,2026-12-04T23:00:00+00:00,RC Strasbourg Alsace,FC Lorient,Stade de la Meinau,scheduled,early_week_mode,,,,1.832,1.232,,,1-1,,draw,,0.5187,0.2422,0.2391,RC Strasbourg Alsace,0.5078,0.2421,0.2501,,,,"[{""score"": ""1-1"", ""probability"": 0.112055}, {""score"": ""2-1"", ""probability"": 0.096561}, {""score"": ""1-0"", ""probability"": 0.078944}, {""score"": ""2-0"", ""probability"": 0.078377}, {""score"": ""1-2"", ""probability"": 0.064943}, {""score"": ""2-2"", ""probability"": 0.059482}, {""score"": ""3-1"", ""probability"": 0.058961}, {""score"": ""0-0"", ""probability"": 0.053343}, {""score"": ""0-1"", ""probability"": 0.050924}, {""score"": ""3-0"", ""probability"": 0.047858}]",,0.6015,0.3985,Yes,2.5,0.5909,0.4091,False,Over 2.5,-0.5,0.5078,0.4922,False,RC Strasbourg Alsace -0.5,False,False,False,False,False,False,,,,,,,,0.5187,0.4813,0.2,weekly_update_20260916T234516Z_1f1b82b7,2026-08-18.phase1,0.1.0-phase1,0.1.0-phase1,2026-09-16T23:45:16+00:00
LIGUE12627_MW13_116_ToulouseFC_ParisSaint-Germain,2026-27,13,2026-12-05,2026-12-04T23:00:00+00:00,Toulouse FC,Paris Saint-Germain,Stadium de Toulouse,scheduled,early_week_mode,,,,1.018,1.963,,,1-1,,draw,,0.2075,0.2364,0.5561,Paris Saint-Germain,0.1846,0.2284,0.587,,,,"[{""score"": ""1-1"", ""probability"": 0.10782}, {""score"": ""1-2"", ""probability"": 0.099544}, {""score"": ""0-2"", ""probability"": 0.097805}, {""score"": ""0-1"", ""probability"": 0.093291}, {""score"": ""1-3"", ""probability"": 0.065121}, {""score"": ""0-3"", ""probability"": 0.063983}, {""score"": ""0-0"", ""probability"": 0.057163}, {""score"": ""2-1"", ""probability"": 0.051623}, {""score"": ""2-2"", ""probability"": 0.050657}, {""score"": ""1-0"", ""probability"": 0.04531}]",,0.5552,0.4448,Yes,2.5,0.5723,0.4277,False,Over 2.5,0.75,0.471,0.529,False,Paris Saint-Germain -0.75,False,False,False,False,False,False,,,,,,,,0.5561,0.4439,0.2,weekly_update_20260916T234516Z_1f1b82b7,2026-08-18.phase1,0.1.0-phase1,0.1.0-phase1,2026-09-16T23:45:16+00:00
LIGUE12627_MW13_117_EstacTroyes_OlympiqueLyonnais,2026-27,13,2026-12-05,2026-12-04T23:00:00+00:00,Estac Troyes,Olympique Lyonnais,Stade de l'Aube,scheduled,early_week_mode,,,,1.091,2.676,,,1-2,,away_win,,0.1967,0.1937,0.6096,Olympique Lyonnais,0.1271,0.168,0.705,,,,"[{""score"": ""1-2"", ""probability"": 0.090477}, {""score"": ""0-2"", ""probability"": 0.082896}, {""score"": ""1-3"", ""probability"": 0.080708}, {""score"": ""0-3"", ""probability"": 0.073946}, {""score"": ""1-1"", ""probability"": 0.07187}, {""score"": ""0-1"", ""probability"": 0.057702}, {""score"": ""1-4"", ""probability"": 0.053996}, {""score"": ""0-4"", ""probability"": 0.049472}, {""score"": ""2-2"", ""probability"": 0.049376}, {""score"": ""2-3"", ""probability"": 0.044044}]",,0.6227,0.3773,Yes,2.5,0.7253,0.2747,False,Over 2.5,1.5,0.4997,0.5003,False,Olympique Lyonnais -1.5,False,False,False,False,False,False,,,,,,,,0.6096,0.3904,0.2,weekly_update_20260916T234516Z_1f1b82b7,2026-08-18.phase1,0.1.0-phase1,0.1.0-phase1,2026-09-16T23:45:16+00:00
LIGUE12627_MW14_118_AngersSCO_RCStrasbourgAlsace,2026-27,14,2026-12-12,2026-12-11T23:00:00+00:00,Angers SCO,RC Strasbourg Alsace,Stade Raymond Kopa,scheduled,early_week_mode,,,,1.033,1.643,,,1-1,,draw,,0.2374,0.2618,0.5008,RC Strasbourg Alsace,0.2308,0.2604,0.5088,,,,"[{""score"": ""1-1"", ""probability"": 0.124195}, {""score"": ""0-1"", ""probability"": 0.105811}, {""score"": ""1-2"", ""probability"": 0.095982}, {""score"": ""0-2"", ""probability"": 0.092951}, {""score"": ""0-0"", ""probability"": 0.076225}, {""score"": ""1-0"", ""probability"": 0.063778}, {""score"": ""2-1"", ""probability"": 0.060329}, {""score"": ""1-3"", ""probability"": 0.052562}, {""score"": ""0-3"", ""probability"": 0.050902}, {""score"": ""2-2"", ""probability"": 0.049556}]",,0.5267,0.4733,Yes,2.5,0.5003,0.4997,False,Over 2.5,0.5,0.4912,0.5088,False,RC Strasbourg Alsace -0.5,False,False,False,False,False,False,,,,,,,,0.5008,0.4992,0.2,weekly_update_20260916T234516Z_1f1b82b7,2026-08-18.phase1,0.1.0-phase1,0.1.0-phase1,2026-09-16T23:45:16+00:00
LIGUE12627_MW14_119_AJAuxerre_ToulouseFC,2026-27,14,2026-12-12,2026-12-11T23:00:00+00:00,AJ Auxerre,Toulouse FC,Stade de l'Abbé-Deschamps,scheduled,early_week_mode,,,,1.25,1.266,,,1-1,,draw,,0.3646,0.271,0.3644,AJ Auxerre,0.3536,0.2851,0.3613,,,,"[{""score"": ""1-1"", ""probability"": 0.135863}, {""score"": ""0-1"", ""probability"": 0.094209}, {""score"": ""1-0"", ""probability"": 0.092904}, {""score"": ""0-0"", ""probability"": 0.088778}, {""score"": ""1-2"", ""probability"": 0.080935}, {""score"": ""2-1"", ""probability"": 0.079903}, {""score"": ""0-2"", ""probability"": 0.064739}, {""score"": ""2-0"", ""probability"": 0.063097}, {""score"": ""2-2"", ""probability"": 0.050592}, {""score"": ""1-3"", ""probability"": 0.034164}]",,0.5205,0.4795,Yes,2.5,0.4604,0.5396,False,Under 2.5,0.0,0.4962,0.5038,False,Toulouse FC (pick'em),False,False,False,False,False,False,,,,,,,,0.3646,0.6354,0.2,weekly_update_20260916T234516Z_1f1b82b7,2026-08-18.phase1,0.1.0-phase1,0.1.0-phase1,2026-09-16T23:45:16+00:00
LIGUE12627_MW14_120_StadeBrestois29_EstacTroyes,2026-27,14,2026-12-12,2026-12-11T23:00:00+00:00,Stade Brestois 29,Estac Troyes,Stade Francis-Le Blé,scheduled,early_week_mode,,,,2.626,1.15,,,2-1,,home_win,,0.6623,0.1995,0.1382,Stade Brestois 29,0.6845,0.1746,0.1409,,,,"[{""score"": ""2-1"", ""probability"": 0.090994}, {""score"": ""3-1"", ""probability"": 0.079658}, {""score"": ""2-0"", ""probability"": 0.079108}, {""score"": ""1-1"", ""probability"": 0.073651}, {""score"": ""3-0"", ""probability"": 0.069254}, {""score"": ""1-0"", ""probability"": 0.055887}, {""score"": ""2-2"", ""probability"": 0.052332}, {""score"": ""4-1"", ""probability"": 0.052302}, {""score"": ""3-2"", ""probability"": 0.045813}, {""score"": ""4-0"", ""probability"": 0.04547}]",,0.6383,0.3617,Yes,2.5,0.7269,0.2731,False,Over 2.5,-1.5,0.4783,0.5217,False,Estac Troyes +1.5,False,False,False,False,False,False,,,,,,,,0.6623,0.3377,0.2,weekly_update_20260916T234516Z_1f1b82b7,2026-08-18.phase1,0.1.0-phase1,0.1.0-phase1,2026-09-16T23:45:16+00:00
LIGUE12627_MW14_121_HavreAthleticClub_LeMansFC,2026-27,14,2026-12-12,2026-12-11T23:00:00+00:00,Havre Athletic Club,Le Mans FC,Stade Océane,scheduled,early_week_mode,,,,1.6,1.315,,,1-1,,draw,,0.4587,0.2449,0.2963,Havre Athletic Club,0.4339,0.2587,0.3074,,,,"[{""score"": ""1-1"", ""probability"": 0.121242}, {""score"": ""2-1"", ""probability"": 0.091237}, {""score"": ""1-0"", ""probability"": 0.079582}, {""score"": ""1-2"", ""probability"": 0.074993}, {""score"": ""2-0"", ""probability"": 0.069389}, {""score"": ""0-1"", ""probability"": 0.064136}, {""score"": ""0-0"", ""probability"": 0.061405}, {""score"": ""2-2"", ""probability"": 0.059982}, {""score"": ""3-1"", ""probability"": 0.04865}, {""score"": ""0-2"", ""probability"": 0.04688}]",,0.5909,0.4091,Yes,2.5,0.5574,0.4426,False,Over 2.5,-0.25,0.4986,0.5014,False,Le Mans FC +0.25,False,False,False,False,False,False,,,,,,,,0.4587,0.5413,0.2,weekly_update_20260916T234516Z_1f1b82b7,2026-08-18.phase1,0.1.0-phase1,0.1.0-phase1,2026-09-16T23:45:16+00:00
LIGUE12627_MW14_122_FCLorient_LOSCLille,2026-27,14,2026-12-12,2026-12-11T23:00:00+00:00,FC Lorient,LOSC Lille,Stade du Moustoir,scheduled,early_week_mode,,,,0.995,1.335,,,1-1,,draw,,0.2569,0.305,0.4381,LOSC Lille,0.2706,0.2927,0.4368,,,,"[{""score"": ""1-1"", ""probability"": 0.137382}, {""score"": ""0-1"", ""probability"": 0.121829}, {""score"": ""0-0"", ""probability"": 0.105502}, {""score"": ""1-0"", ""probability"": 0.088723}, {""score"": ""0-2"", ""probability"": 0.086719}, {""score"": ""1-2"", ""probability"": 0.086251}, {""score"": ""2-1"", ""probability"": 0.064279}, {""score"": ""2-0"", ""probability"": 0.048164}, {""score"": ""2-2"", ""probability"": 0.042893}, {""score"": ""0-3"", ""probability"": 0.038578}]",,0.4724,0.5276,No,2.5,0.4117,0.5883,False,Under 2.5,0.25,0.4901,0.5099,False,LOSC Lille -0.25,False,False,False,False,False,False,,,,,,,,0.4381,0.5619,0.2,weekly_update_20260916T234516Z_1f1b82b7,2026-08-18.phase1,0.1.0-phase1,0.1.0-phase1,2026-09-16T23:45:16+00:00
LIGUE12627_MW14_123_OlympiqueLyonnais_OlympiquedeMarseille,2026-27,14,2026-12-12,2026-12-11T23:00:00+00:00,Olympique Lyonnais,Olympique de Marseille,Parc Olympique Lyonnais,scheduled,early_week_mode,,,,1.783,1.506,,,1-1,,draw,,0.4522,0.2329,0.315,Olympique Lyonnais,0.4377,0.2411,0.3212,,,,"[{""score"": ""1-1"", ""probability"": 0.106472}, {""score"": ""2-1"", ""probability"": 0.089283}, {""score"": ""1-2"", ""probability"": 0.075419}, {""score"": ""2-2"", ""probability"": 0.06722}, {""score"": ""1-0"", ""probability"": 0.060228}, {""score"": ""2-0"", ""probability"": 0.059294}, {""score"": ""3-1"", ""probability"": 0.053052}, {""score"": ""0-1"", ""probability"": 0.049897}, {""score"": ""0-0"", ""probability"": 0.043619}, {""score"": ""0-2"", ""probability"": 0.042309}]",,0.6535,0.3465,Yes,2.5,0.6382,0.3618,False,Over 2.5,-0.25,0.4979,0.5021,False,Olympique de Marseille +0.25,False,False,False,False,False,False,,,,,,,,0.4522,0.5478,0.2,weekly_update_20260916T234516Z_1f1b82b7,2026-08-18.phase1,0.1.0-phase1,0.1.0-phase1,2026-09-16T23:45:16+00:00
LIGUE12627_MW14_124_OGCNice_RCLens,2026-27,14,2026-12-12,2026-12-11T23:00:00+00:00,OGC Nice,RC Lens,Allianz Riviera,scheduled,early_week_mode,,,,1.061,1.618,,,1-1,,draw,,0.2374,0.2618,0.5008,RC Lens,0.2417,0.2626,0.4957,,,,"[{""score"": ""1-1"", ""probability"": 0.125229}, {""score"": ""0-1"", ""probability"": 0.103597}, {""score"": ""1-2"", ""probability"": 0.09532}, {""score"": ""0-2"", ""probability"": 0.089806}, {""score"": ""0-0"", ""probability"": 0.076012}, {""score"": ""1-0"", ""probability"": 0.065409}, {""score"": ""2-1"", ""probability"": 0.062528}, {""score"": ""1-3"", ""probability"": 0.051411}, {""score"": ""2-2"", ""probability"": 0.050586}, {""score"": ""0-3"", ""probability"": 0.048437}]",,0.5317,0.4683,Yes,2.5,0.5013,0.4987,False,Over 2.5,0.5,0.5043,0.4957,False,OGC Nice +0.5,False,False,False,False,False,False,,,,,,,,0.5008,0.4992,0.2,weekly_update_20260916T234516Z_1f1b82b7,2026-08-18.phase1,0.1.0-phase1,0.1.0-phase1,2026-09-16T23:45:16+00:00
LIGUE12627_MW14_125_ParisSaint-Germain_ParisFC,2026-27,14,2026-12-12,2026-12-11T23:00:00+00:00,Paris Saint-Germain,Paris FC,Parc des Princes,scheduled,early_week_mode,,,,2.186,0.991,,,2-0,,home_win,,0.6005,0.2084,0.191,Paris Saint-Germain,0.6396,0.206,0.1544,,,,"[{""score"": ""2-0"", ""probability"": 0.099662}, {""score"": ""2-1"", ""probability"": 0.09881}, {""score"": ""1-1"", ""probability"": 0.0961}, {""score"": ""1-0"", ""probability"": 0.08551}, {""score"": ""3-0"", ""probability"": 0.07261}, {""score"": ""3-1"", ""probability"": 0.071989}, {""score"": ""2-2"", ""probability"": 0.048982}, {""score"": ""0-0"", ""probability"": 0.047408}, {""score"": ""1-2"", ""probability"": 0.044821}, {""score"": ""4-0"", ""probability"": 0.039676}]",,0.5639,0.4361,Yes,2.5,0.6151,0.3849,False,Over 2.5,-1.0,0.526,0.474,False,Paris Saint-Germain -1,False,False,False,False,False,False,,,,,,,,0.6005,0.3995,0.2,weekly_update_20260916T234516Z_1f1b82b7,2026-08-18.phase1,0.1.0-phase1,0.1.0-phase1,2026-09-16T23:45:16+00:00
LIGUE12627_MW14_126_StadeRennaisFC_ASMonaco,2026-27,14,2026-12-12,2026-12-11T23:00:00+00:00,Stade Rennais FC,AS Monaco,Roazhon Park,scheduled,early_week_mode,,,,1.801,1.714,,,1-1,,draw,,0.3853,0.2297,0.385,Stade Rennais FC,0.4011,0.2336,0.3652,,,,"[{""score"": ""1-1"", ""probability"": 0.097609}, {""score"": ""2-1"", ""probability"": 0.082719}, {""score"": ""1-2"", ""probability"": 0.078693}, {""score"": ""2-2"", ""probability"": 0.070881}, {""score"": ""3-1"", ""probability"": 0.049672}, {""score"": ""2-0"", ""probability"": 0.048267}, {""score"": ""1-0"", ""probability"": 0.047812}, {""score"": ""0-1"", ""probability"": 0.045203}, {""score"": ""1-3"", ""probability"": 0.044954}, {""score"": ""0-2"", ""probability"": 0.043682}]",,0.6903,0.3097,Yes,2.5,0.6819,0.3181,False,Over 2.5,0.0,0.5179,0.4821,False,Stade Rennais FC (pick'em),False,False,False,False,False,False,,,,,,,,0.3853,0.6147,0.2,weekly_update_20260916T234516Z_1f1b82b7,2026-08-18.phase1,0.1.0-phase1,0.1.0-phase1,2026-09-16T23:45:16+00:00
LIGUE12627_MW15_127_StadeBrestois29_OlympiquedeMarseille,2026-27,15,2027-01-02,2027-01-01T23:00:00+00:00,Stade Brestois 29,Olympique de Marseille,Stade Francis-Le Blé,scheduled,early_week_mode,,,,1.473,1.885,,,1-1,,draw,,0.2572,0.2449,0.4979,Olympique de Marseille,0.2967,0.2355,0.4678,,,,"[{""score"": ""1-1"", ""probability"": 0.102746}, {""score"": ""1-2"", ""probability"": 0.091102}, {""score"": ""2-1"", ""probability"": 0.071189}, {""score"": ""2-2"", ""probability"": 0.06709}, {""score"": ""0-2"", ""probability"": 0.061854}, {""score"": ""0-1"", ""probability"": 0.059555}, {""score"": ""1-3"", ""probability"": 0.057237}, {""score"": ""1-0"", ""probability"": 0.045209}, {""score"": ""2-3"", ""probability"": 0.042151}, {""score"": ""0-0"", ""probability"": 0.0409}]",,0.6597,0.3403,Yes,2.5,0.652,0.348,False,Over 2.5,0.25,0.4733,0.5267,False,Olympique de Marseille -0.25,False,False,False,False,False,False,,,,,,,,0.4979,0.5021,0.2,weekly_update_20260916T234516Z_1f1b82b7,2026-08-18.phase1,0.1.0-phase1,0.1.0-phase1,2026-09-16T23:45:16+00:00
LIGUE12627_MW15_128_LeMansFC_OlympiqueLyonnais,2026-27,15,2027-01-02,2027-01-01T23:00:00+00:00,Le Mans FC,Olympique Lyonnais,Stade Marie-Marvingt,scheduled,early_week_mode,,,,1.382,2.271,,,1-2,,away_win,,0.2305,0.2068,0.5627,Olympique Lyonnais,0.2218,0.2086,0.5695,,,,"[{""score"": ""1-2"", ""probability"": 0.092405}, {""score"": ""1-1"", ""probability"": 0.086501}, {""score"": ""1-3"", ""probability"": 0.069945}, {""score"": ""0-2"", ""probability"": 0.066859}, {""score"": ""2-2"", ""probability"": 0.063856}, {""score"": ""2-1"", ""probability"": 0.05624}, {""score"": ""0-1"", ""probability"": 0.053768}, {""score"": ""0-3"", ""probability"": 0.050609}, {""score"": ""2-3"", ""probability"": 0.048335}, {""score"": ""1-4"", ""probability"": 0.039708}]",,0.6767,0.3233,Yes,2.5,0.7063,0.2937,False,Over 2.5,0.75,0.4828,0.5172,False,Olympique Lyonnais -0.75,False,False,False,False,False,False,,,,,,,,0.5627,0.4373,0.2,weekly_update_20260916T234516Z_1f1b82b7,2026-08-18.phase1,0.1.0-phase1,0.1.0-phase1,2026-09-16T23:45:16+00:00
LIGUE12627_MW15_129_RCLens_ParisSaint-Germain,2026-27,15,2027-01-02,2027-01-01T23:00:00+00:00,RC Lens,Paris Saint-Germain,Stade Bollaert-Delelis,scheduled,early_week_mode,,,,1.359,1.667,,,1-1,,draw,,0.269,0.2723,0.4587,Paris Saint-Germain,0.3065,0.2525,0.4409,,,,"[{""score"": ""1-1"", ""probability"": 0.116776}, {""score"": ""1-2"", ""probability"": 0.091602}, {""score"": ""2-1"", ""probability"": 0.074682}, {""score"": ""0-1"", ""probability"": 0.073907}, {""score"": ""0-2"", ""probability"": 0.067379}, {""score"": ""2-2"", ""probability"": 0.062266}, {""score"": ""1-0"", ""probability"": 0.05898}, {""score"": ""0-0"", ""probability"": 0.055373}, {""score"": ""1-3"", ""probability"": 0.050915}, {""score"": ""2-0"", ""probability"": 0.044787}]",,0.6098,0.3902,Yes,2.5,0.5828,0.4172,False,Over 2.5,0.25,0.4959,0.5041,False,Paris Saint-Germain -0.25,False,False,False,False,False,False,,,,,,,,0.4587,0.5413,0.2,weekly_update_20260916T234516Z_1f1b82b7,2026-08-18.phase1,0.1.0-phase1,0.1.0-phase1,2026-09-16T23:45:16+00:00
LIGUE12627_MW15_130_LOSCLille_RCStrasbourgAlsace,2026-27,15,2027-01-02,2027-01-01T23:00:00+00:00,LOSC Lille,RC Strasbourg Alsace,Stade Pierre-Mauroy,scheduled,early_week_mode,,,,1.674,1.107,,,1-1,,draw,,0.5217,0.2436,0.2348,LOSC Lille,0.4988,0.2568,0.2443,,,,"[{""score"": ""1-1"", ""probability"": 0.122094}, {""score"": ""1-0"", ""probability"": 0.096563}, {""score"": ""2-1"", ""probability"": 0.096133}, {""score"": ""2-0"", ""probability"": 0.086856}, {""score"": ""0-0"", ""probability"": 0.069231}, {""score"": ""1-2"", ""probability"": 0.06357}, {""score"": ""0-1"", ""probability"": 0.061409}, {""score"": ""3-1"", ""probability"": 0.053634}, {""score"": ""2-2"", ""probability"": 0.0532}, {""score"": ""3-0"", ""probability"": 0.048458}]",,0.5511,0.4489,Yes,2.5,0.5259,0.4741,False,Over 2.5,-0.5,0.4988,0.5012,False,RC Strasbourg Alsace +0.5,False,False,False,False,False,False,,,,,,,,0.5217,0.4783,0.2,weekly_update_20260916T234516Z_1f1b82b7,2026-08-18.phase1,0.1.0-phase1,0.1.0-phase1,2026-09-16T23:45:16+00:00
LIGUE12627_MW15_131_FCLorient_AJAuxerre,2026-27,15,2027-01-02,2027-01-01T23:00:00+00:00,FC Lorient,AJ Auxerre,Stade du Moustoir,scheduled,early_week_mode,,,,1.521,1.076,,,1-1,,draw,,0.4719,0.285,0.2431,FC Lorient,0.4675,0.2717,0.2608,,,,"[{""score"": ""1-1"", ""probability"": 0.129602}, {""score"": ""1-0"", ""probability"": 0.105659}, {""score"": ""2-1"", ""probability"": 0.092717}, {""score"": ""2-0"", ""probability"": 0.08617}, {""score"": ""0-0"", ""probability"": 0.082186}, {""score"": ""0-1"", ""probability"": 0.072514}, {""score"": ""1-2"", ""probability"": 0.0656}, {""score"": ""2-2"", ""probability"": 0.049881}, {""score"": ""3-1"", ""probability"": 0.047}, {""score"": ""3-0"", ""probability"": 0.043682}]",,0.5227,0.4773,Yes,2.5,0.4807,0.5193,False,Under 2.5,-0.5,0.4675,0.5325,False,AJ Auxerre +0.5,False,False,False,False,False,False,,,,,,,,0.4719,0.5281,0.2,weekly_update_20260916T234516Z_1f1b82b7,2026-08-18.phase1,0.1.0-phase1,0.1.0-phase1,2026-09-16T23:45:16+00:00
LIGUE12627_MW15_132_ASMonaco_OGCNice,2026-27,15,2027-01-02,2027-01-01T23:00:00+00:00,AS Monaco,OGC Nice,Stade Louis II,scheduled,early_week_mode,,,,2.03,1.038,,,1-1,,draw,,0.5734,0.2137,0.2128,AS Monaco,0.5967,0.2224,0.1809,,,,"[{""score"": ""1-1"", ""probability"": 0.104203}, {""score"": ""2-1"", ""probability"": 0.099507}, {""score"": ""2-0"", ""probability"": 0.095842}, {""score"": ""1-0"", ""probability"": 0.088263}, {""score"": ""3-1"", ""probability"": 0.067332}, {""score"": ""3-0"", ""probability"": 0.064852}, {""score"": ""0-0"", ""probability"": 0.052681}, {""score"": ""2-2"", ""probability"": 0.051656}, {""score"": ""1-2"", ""probability"": 0.050894}, {""score"": ""0-1"", ""probability"": 0.042131}]",,0.5672,0.4328,Yes,2.5,0.5918,0.4082,False,Over 2.5,-1.0,0.4819,0.5181,False,OGC Nice +1,False,False,False,False,False,False,,,,,,,,0.5734,0.4266,0.2,weekly_update_20260916T234516Z_1f1b82b7,2026-08-18.phase1,0.1.0-phase1,0.1.0-phase1,2026-09-16T23:45:16+00:00
LIGUE12627_MW15_133_ParisFC_HavreAthleticClub,2026-27,15,2027-01-02,2027-01-01T23:00:00+00:00,Paris FC,Havre Athletic Club,Stade Charléty,scheduled,early_week_mode,,,,1.64,0.826,,,1-0,,home_win,,0.5421,0.2449,0.213,Paris FC,0.5597,0.2598,0.1805,,,,"[{""score"": ""1-0"", ""probability"": 0.132046}, {""score"": ""1-1"", ""probability"": 0.122278}, {""score"": ""2-0"", ""probability"": 0.114214}, {""score"": ""2-1"", ""probability"": 0.094341}, {""score"": ""0-0"", ""probability"": 0.092156}, {""score"": ""0-1"", ""probability"": 0.062912}, {""score"": ""3-0"", ""probability"": 0.06244}, {""score"": ""3-1"", ""probability"": 0.051575}, {""score"": ""1-2"", ""probability"": 0.047513}, {""score"": ""2-2"", ""probability"": 0.038963}]",,0.4604,0.5396,No,2.5,0.4474,0.5526,False,Under 2.5,-0.75,0.4971,0.5029,False,Havre Athletic Club +0.75,False,False,False,False,False,False,,,,,,,,0.5421,0.4579,0.2,weekly_update_20260916T234516Z_1f1b82b7,2026-08-18.phase1,0.1.0-phase1,0.1.0-phase1,2026-09-16T23:45:16+00:00
LIGUE12627_MW15_134_ToulouseFC_AngersSCO,2026-27,15,2027-01-02,2027-01-01T23:00:00+00:00,Toulouse FC,Angers SCO,Stadium de Toulouse,scheduled,early_week_mode,,,,1.46,0.805,,,1-0,,home_win,,0.5049,0.2765,0.2187,Toulouse FC,0.5185,0.2821,0.1994,,,,"[{""score"": ""1-0"", ""probability"": 0.143847}, {""score"": ""1-1"", ""probability"": 0.129715}, {""score"": ""0-0"", ""probability"": 0.111444}, {""score"": ""2-0"", ""probability"": 0.110621}, {""score"": ""2-1"", ""probability"": 0.089099}, {""score"": ""0-1"", ""probability"": 0.075908}, {""score"": ""3-0"", ""probability"": 0.053841}, {""score"": ""1-2"", ""probability"": 0.049149}, {""score"": ""3-1"", ""probability"": 0.043366}, {""score"": ""2-2"", ""probability"": 0.035882}]",,0.4323,0.5677,No,2.5,0.3948,0.6052,False,Under 2.5,-0.5,0.5185,0.4815,False,Toulouse FC -0.5,False,False,False,False,False,False,,,,,,,,0.5049,0.4951,0.2,weekly_update_20260916T234516Z_1f1b82b7,2026-08-18.phase1,0.1.0-phase1,0.1.0-phase1,2026-09-16T23:45:16+00:00
LIGUE12627_MW15_135_EstacTroyes_StadeRennaisFC,2026-27,15,2027-01-02,2027-01-01T23:00:00+00:00,Estac Troyes,Stade Rennais FC,Stade de l'Aube,scheduled,early_week_mode,,,,1.255,2.768,,,1-2,,away_win,,0.1967,0.1937,0.6096,Stade Rennais FC,0.1455,0.1683,0.6861,,,,"[{""score"": ""1-2"", ""probability"": 0.086242}, {""score"": ""1-3"", ""probability"": 0.079576}, {""score"": ""0-2"", ""probability"": 0.068701}, {""score"": ""1-1"", ""probability"": 0.066228}, {""score"": ""0-3"", ""probability"": 0.063391}, {""score"": ""1-4"", ""probability"": 0.055069}, {""score"": ""2-2"", ""probability"": 0.054131}, {""score"": ""2-3"", ""probability"": 0.049947}, {""score"": ""0-1"", ""probability"": 0.045719}, {""score"": ""0-4"", ""probability"": 0.043869}]",,0.6739,0.3261,Yes,2.5,0.7648,0.2352,False,Over 2.5,1.5,0.5131,0.4869,False,Estac Troyes +1.5,False,False,False,False,False,False,,,,,,,,0.6096,0.3904,0.2,weekly_update_20260916T234516Z_1f1b82b7,2026-08-18.phase1,0.1.0-phase1,0.1.0-phase1,2026-09-16T23:45:16+00:00
LIGUE12627_MW16_136_AngersSCO_ParisSaint-Germain,2026-27,16,2027-01-16,2027-01-15T23:00:00+00:00,Angers SCO,Paris Saint-Germain,Stade Raymond Kopa,scheduled,early_week_mode,,,,0.726,2.137,,,0-2,,away_win,,0.1841,0.1967,0.6192,Paris Saint-Germain,0.1084,0.1978,0.6938,,,,"[{""score"": ""0-2"", ""probability"": 0.130404}, {""score"": ""0-1"", ""probability"": 0.116465}, {""score"": ""1-2"", ""probability"": 0.094693}, {""score"": ""1-1"", ""probability"": 0.094189}, {""score"": ""0-3"", ""probability"": 0.092897}, {""score"": ""1-3"", ""probability"": 0.067457}, {""score"": ""0-0"", ""probability"": 0.062675}, {""score"": ""0-4"", ""probability"": 0.049633}, {""score"": ""1-4"", ""probability"": 0.036041}, {""score"": ""1-0"", ""probability"": 0.035894}]",,0.4609,0.5391,No,2.5,0.5453,0.4547,False,Over 2.5,1.25,0.4855,0.5145,False,Paris Saint-Germain -1.25,False,False,False,False,False,False,,,,,,,,0.6192,0.3808,0.2,weekly_update_20260916T234516Z_1f1b82b7,2026-08-18.phase1,0.1.0-phase1,0.1.0-phase1,2026-09-16T23:45:16+00:00
LIGUE12627_MW16_137_AJAuxerre_EstacTroyes,2026-27,16,2027-01-16,2027-01-15T23:00:00+00:00,AJ Auxerre,Estac Troyes,Stade de l'Abbé-Deschamps,scheduled,early_week_mode,,,,2.252,1.102,,,2-1,,home_win,,0.6005,0.2084,0.191,AJ Auxerre,0.6274,0.2038,0.1688,,,,"[{""score"": ""2-1"", ""probability"": 0.0977}, {""score"": ""1-1"", ""probability"": 0.092207}, {""score"": ""2-0"", ""probability"": 0.088672}, {""score"": ""3-1"", ""probability"": 0.073353}, {""score"": ""1-0"", ""probability"": 0.073281}, {""score"": ""3-0"", ""probability"": 0.066575}, {""score"": ""2-2"", ""probability"": 0.053824}, {""score"": ""1-2"", ""probability"": 0.047793}, {""score"": ""4-1"", ""probability"": 0.041305}, {""score"": ""0-0"", ""probability"": 0.040411}]",,0.6029,0.3971,Yes,2.5,0.6511,0.3489,False,Over 2.5,-1.0,0.5169,0.4831,False,AJ Auxerre -1,False,False,False,False,False,False,,,,,,,,0.6005,0.3995,0.2,weekly_update_20260916T234516Z_1f1b82b7,2026-08-18.phase1,0.1.0-phase1,0.1.0-phase1,2026-09-16T23:45:16+00:00
LIGUE12627_MW16_138_OlympiqueLyonnais_FCLorient,2026-27,16,2027-01-16,2027-01-15T23:00:00+00:00,Olympique Lyonnais,FC Lorient,Parc Olympique Lyonnais,scheduled,early_week_mode,,,,1.804,1.068,,,1-1,,draw,,0.5299,0.2394,0.2307,Olympique Lyonnais,0.5391,0.2446,0.2163,,,,"[{""score"": ""1-1"", ""probability"": 0.115917}, {""score"": ""2-1"", ""probability"": 0.098345}, {""score"": ""1-0"", ""probability"": 0.095276}, {""score"": ""2-0"", ""probability"": 0.092099}, {""score"": ""0-0"", ""probability"": 0.063487}, {""score"": ""3-1"", ""probability"": 0.059122}, {""score"": ""1-2"", ""probability"": 0.058228}, {""score"": ""3-0"", ""probability"": 0.055367}, {""score"": ""0-1"", ""probability"": 0.053614}, {""score"": ""2-2"", ""probability"": 0.052507}]",,0.555,0.445,Yes,2.5,0.5473,0.4527,False,Over 2.5,-0.75,0.4814,0.5186,False,FC Lorient +0.75,False,False,False,False,False,False,,,,,,,,0.5299,0.4701,0.2,weekly_update_20260916T234516Z_1f1b82b7,2026-08-18.phase1,0.1.0-phase1,0.1.0-phase1,2026-09-16T23:45:16+00:00
LIGUE12627_MW16_139_OlympiquedeMarseille_LOSCLille,2026-27,16,2027-01-16,2027-01-15T23:00:00+00:00,Olympique de Marseille,LOSC Lille,Stade Vélodrome,scheduled,early_week_mode,,,,1.403,1.319,,,1-1,,draw,,0.3795,0.282,0.3385,Olympique de Marseille,0.3831,0.272,0.3448,,,,"[{""score"": ""1-1"", ""probability"": 0.129328}, {""score"": ""2-1"", ""probability"": 0.085329}, {""score"": ""1-0"", ""probability"": 0.084592}, {""score"": ""1-2"", ""probability"": 0.080253}, {""score"": ""0-1"", ""probability"": 0.079105}, {""score"": ""0-0"", ""probability"": 0.073419}, {""score"": ""2-0"", ""probability"": 0.064687}, {""score"": ""0-2"", ""probability"": 0.05722}, {""score"": ""2-2"", ""probability"": 0.056279}, {""score"": ""3-1"", ""probability"": 0.039892}]",,0.5601,0.4399,Yes,2.5,0.5116,0.4884,False,Over 2.5,0.0,0.5192,0.4808,False,Olympique de Marseille (pick'em),False,False,False,False,False,False,,,,,,,,0.3795,0.6205,0.2,weekly_update_20260916T234516Z_1f1b82b7,2026-08-18.phase1,0.1.0-phase1,0.1.0-phase1,2026-09-16T23:45:16+00:00
LIGUE12627_MW16_140_ASMonaco_StadeBrestois29,2026-27,16,2027-01-16,2027-01-15T23:00:00+00:00,AS Monaco,Stade Brestois 29,Stade Louis II,scheduled,early_week_mode,,,,2.215,1.212,,,2-1,,home_win,,0.5737,0.1991,0.2271,AS Monaco,0.5955,0.21,0.1946,,,,"[{""score"": ""2-1"", ""probability"": 0.096634}, {""score"": ""1-1"", ""probability"": 0.092724}, {""score"": ""2-0"", ""probability"": 0.079764}, {""score"": ""3-1"", ""probability"": 0.071361}, {""score"": ""1-0"", ""probability"": 0.066524}, {""score"": ""3-0"", ""probability"": 0.058902}, {""score"": ""2-2"", ""probability"": 0.058536}, {""score"": ""1-2"", ""probability"": 0.052845}, {""score"": ""3-2"", ""probability"": 0.043227}, {""score"": ""4-1"", ""probability"": 0.039523}]",,0.6311,0.3689,Yes,2.5,0.6653,0.3347,False,Over 2.5,-1.0,0.4867,0.5133,False,Stade Brestois 29 +1,False,False,False,False,False,False,,,,,,,,0.5737,0.4263,0.2,weekly_update_20260916T234516Z_1f1b82b7,2026-08-18.phase1,0.1.0-phase1,0.1.0-phase1,2026-09-16T23:45:16+00:00
LIGUE12627_MW16_141_OGCNice_HavreAthleticClub,2026-27,16,2027-01-16,2027-01-15T23:00:00+00:00,OGC Nice,Havre Athletic Club,Allianz Riviera,scheduled,early_week_mode,,,,1.321,0.945,,,1-1,,draw,,0.4734,0.2859,0.2406,OGC Nice,0.4447,0.296,0.2593,,,,"[{""score"": ""1-1"", ""probability"": 0.137645}, {""score"": ""1-0"", ""probability"": 0.128859}, {""score"": ""0-0"", ""probability"": 0.111884}, {""score"": ""2-0"", ""probability"": 0.090462}, {""score"": ""0-1"", ""probability"": 0.089921}, {""score"": ""2-1"", ""probability"": 0.08551}, {""score"": ""1-2"", ""probability"": 0.061207}, {""score"": ""0-2"", ""probability"": 0.046348}, {""score"": ""2-2"", ""probability"": 0.040415}, {""score"": ""3-0"", ""probability"": 0.039821}]",,0.4563,0.5437,No,2.5,0.3949,0.6051,False,Under 2.5,-0.25,0.5187,0.4813,False,OGC Nice -0.25,False,False,False,False,False,False,,,,,,,,0.4734,0.5266,0.2,weekly_update_20260916T234516Z_1f1b82b7,2026-08-18.phase1,0.1.0-phase1,0.1.0-phase1,2026-09-16T23:45:16+00:00
LIGUE12627_MW16_142_ParisFC_ToulouseFC,2026-27,16,2027-01-16,2027-01-15T23:00:00+00:00,Paris FC,Toulouse FC,Stade Charléty,scheduled,early_week_mode,,,,1.551,1.059,,,1-1,,draw,,0.4876,0.2782,0.2342,Paris FC,0.4795,0.2691,0.2513,,,,"[{""score"": ""1-1"", ""probability"": 0.128363}, {""score"": ""1-0"", ""probability"": 0.1065}, {""score"": ""2-1"", ""probability"": 0.093684}, {""score"": ""2-0"", ""probability"": 0.088506}, {""score"": ""0-0"", ""probability"": 0.081133}, {""score"": ""0-1"", ""probability"": 0.07025}, {""score"": ""1-2"", ""probability"": 0.063918}, {""score"": ""2-2"", ""probability"": 0.049583}, {""score"": ""3-1"", ""probability"": 0.048449}, {""score"": ""3-0"", ""probability"": 0.045771}]",,0.5222,0.4778,Yes,2.5,0.484,0.516,False,Under 2.5,-0.5,0.4795,0.5205,False,Toulouse FC +0.5,False,False,False,False,False,False,,,,,,,,0.4876,0.5124,0.2,weekly_update_20260916T234516Z_1f1b82b7,2026-08-18.phase1,0.1.0-phase1,0.1.0-phase1,2026-09-16T23:45:16+00:00
LIGUE12627_MW16_143_StadeRennaisFC_RCLens,2026-27,16,2027-01-16,2027-01-15T23:00:00+00:00,Stade Rennais FC,RC Lens,Roazhon Park,scheduled,early_week_mode,,,,1.551,1.623,,,1-1,,draw,,0.3792,0.2403,0.3805,RC Lens,0.3603,0.2485,0.3912,,,,"[{""score"": ""1-1"", ""probability"": 0.111983}, {""score"": ""1-2"", ""probability"": 0.085473}, {""score"": ""2-1"", ""probability"": 0.081681}, {""score"": ""2-2"", ""probability"": 0.066264}, {""score"": ""0-1"", ""probability"": 0.061326}, {""score"": ""1-0"", ""probability"": 0.058311}, {""score"": ""0-2"", ""probability"": 0.055125}, {""score"": ""2-0"", ""probability"": 0.050342}, {""score"": ""0-0"", ""probability"": 0.048504}, {""score"": ""1-3"", ""probability"": 0.046227}]",,0.6389,0.3611,Yes,2.5,0.6144,0.3856,False,Over 2.5,0.0,0.4846,0.5154,False,RC Lens (pick'em),False,False,False,False,False,False,,,,,,,,0.3805,0.6195,0.2,weekly_update_20260916T234516Z_1f1b82b7,2026-08-18.phase1,0.1.0-phase1,0.1.0-phase1,2026-09-16T23:45:16+00:00
LIGUE12627_MW16_144_RCStrasbourgAlsace_LeMansFC,2026-27,16,2027-01-16,2027-01-15T23:00:00+00:00,RC Strasbourg Alsace,Le Mans FC,Stade de la Meinau,scheduled,early_week_mode,,,,2.74,1.343,,,2-1,,home_win,,0.634,0.191,0.175,RC Strasbourg Alsace,0.6638,0.1737,0.1625,,,,"[{""score"": ""2-1"", ""probability"": 0.085182}, {""score"": ""3-1"", ""probability"": 0.077787}, {""score"": ""1-1"", ""probability"": 0.066097}, {""score"": ""2-0"", ""probability"": 0.063449}, {""score"": ""3-0"", ""probability"": 0.057941}, {""score"": ""2-2"", ""probability"": 0.05718}, {""score"": ""4-1"", ""probability"": 0.053276}, {""score"": ""3-2"", ""probability"": 0.052216}, {""score"": ""1-0"", ""probability"": 0.042411}, {""score"": ""1-2"", ""probability"": 0.041744}]",,0.6949,0.3051,Yes,2.5,0.7732,0.2268,False,Over 2.5,-1.25,0.5145,0.4855,False,RC Strasbourg Alsace -1.25,False,False,False,False,False,False,,,,,,,,0.634,0.366,0.2,weekly_update_20260916T234516Z_1f1b82b7,2026-08-18.phase1,0.1.0-phase1,0.1.0-phase1,2026-09-16T23:45:16+00:00
LIGUE12627_MW17_145_HavreAthleticClub_StadeRennaisFC,2026-27,17,2027-01-23,2027-01-22T23:00:00+00:00,Havre Athletic Club,Stade Rennais FC,Stade Océane,scheduled,early_week_mode,,,,1.126,1.624,,,1-1,,draw,,0.2533,0.2563,0.4904,Stade Rennais FC,0.2567,0.2612,0.4822,,,,"[{""score"": ""1-1"", ""probability"": 0.124249}, {""score"": ""0-1"", ""probability"": 0.096482}, {""score"": ""1-2"", ""probability"": 0.094934}, {""score"": ""0-2"", ""probability"": 0.084322}, {""score"": ""0-0"", ""probability"": 0.071278}, {""score"": ""2-1"", ""probability"": 0.065805}, {""score"": ""1-0"", ""probability"": 0.064623}, {""score"": ""2-2"", ""probability"": 0.053441}, {""score"": ""1-3"", ""probability"": 0.051398}, {""score"": ""0-3"", ""probability"": 0.045652}]",,0.5498,0.4502,Yes,2.5,0.5185,0.4815,False,Over 2.5,0.5,0.5178,0.4822,False,Havre Athletic Club +0.5,False,False,False,False,False,False,,,,,,,,0.4904,0.5096,0.2,weekly_update_20260916T234516Z_1f1b82b7,2026-08-18.phase1,0.1.0-phase1,0.1.0-phase1,2026-09-16T23:45:16+00:00
LIGUE12627_MW17_146_LeMansFC_AngersSCO,2026-27,17,2027-01-23,2027-01-22T23:00:00+00:00,Le Mans FC,Angers SCO,Stade Marie-Marvingt,scheduled,early_week_mode,,,,1.609,1.231,,,1-1,,draw,,0.4677,0.2409,0.2914,Le Mans FC,0.4544,0.2603,0.2853,,,,"[{""score"": ""1-1"", ""probability"": 0.123009}, {""score"": ""2-1"", ""probability"": 0.093091}, {""score"": ""1-0"", ""probability"": 0.086709}, {""score"": ""2-0"", ""probability"": 0.075599}, {""score"": ""1-2"", ""probability"": 0.071255}, {""score"": ""0-0"", ""probability"": 0.065699}, {""score"": ""0-1"", ""probability"": 0.064663}, {""score"": ""2-2"", ""probability"": 0.057315}, {""score"": ""3-1"", ""probability"": 0.04992}, {""score"": ""0-2"", ""probability"": 0.044292}]",,0.5737,0.4263,Yes,2.5,0.54,0.46,False,Over 2.5,-0.25,0.5195,0.4805,False,Le Mans FC -0.25,False,False,False,False,False,False,,,,,,,,0.4677,0.5323,0.2,weekly_update_20260916T234516Z_1f1b82b7,2026-08-18.phase1,0.1.0-phase1,0.1.0-phase1,2026-09-16T23:45:16+00:00
LIGUE12627_MW17_147_RCLens_StadeBrestois29,2026-27,17,2027-01-23,2027-01-22T23:00:00+00:00,RC Lens,Stade Brestois 29,Stade Bollaert-Delelis,scheduled,early_week_mode,,,,2.097,1.043,,,1-1,,draw,,0.6005,0.2084,0.191,RC Lens,0.6098,0.2161,0.1741,,,,"[{""score"": ""1-1"", ""probability"": 0.100633}, {""score"": ""2-1"", ""probability"": 0.099291}, {""score"": ""2-0"", ""probability"": 0.095221}, {""score"": ""1-0"", ""probability"": 0.084846}, {""score"": ""3-1"", ""probability"": 0.069417}, {""score"": ""3-0"", ""probability"": 0.066572}, {""score"": ""2-2"", ""probability"": 0.051767}, {""score"": ""1-2"", ""probability"": 0.049363}, {""score"": ""0-0"", ""probability"": 0.049244}, {""score"": ""0-1"", ""probability"": 0.039189}]",,0.5739,0.4261,Yes,2.5,0.6073,0.3927,False,Over 2.5,-1.0,0.4959,0.5041,False,Stade Brestois 29 +1,False,False,False,False,False,False,,,,,,,,0.6005,0.3995,0.2,weekly_update_20260916T234516Z_1f1b82b7,2026-08-18.phase1,0.1.0-phase1,0.1.0-phase1,2026-09-16T23:45:16+00:00
LIGUE12627_MW17_148_LOSCLille_ParisFC,2026-27,17,2027-01-23,2027-01-22T23:00:00+00:00,LOSC Lille,Paris FC,Stade Pierre-Mauroy,scheduled,early_week_mode,,,,1.454,0.958,,,1-1,,draw,,0.4903,0.2798,0.2299,LOSC Lille,0.4781,0.281,0.2408,,,,"[{""score"": ""1-1"", ""probability"": 0.132713}, {""score"": ""1-0"", ""probability"": 0.12245}, {""score"": ""0-0"", ""probability"": 0.097469}, {""score"": ""2-0"", ""probability"": 0.094726}, {""score"": ""2-1"", ""probability"": 0.090772}, {""score"": ""0-1"", ""probability"": 0.078027}, {""score"": ""1-2"", ""probability"": 0.059826}, {""score"": ""3-0"", ""probability"": 0.045909}, {""score"": ""3-1"", ""probability"": 0.043993}, {""score"": ""2-2"", ""probability"": 0.043492}]",,0.4803,0.5197,No,2.5,0.4335,0.5665,False,Under 2.5,-0.5,0.4781,0.5219,False,Paris FC +0.5,False,False,False,False,False,False,,,,,,,,0.4903,0.5097,0.2,weekly_update_20260916T234516Z_1f1b82b7,2026-08-18.phase1,0.1.0-phase1,0.1.0-phase1,2026-09-16T23:45:16+00:00
LIGUE12627_MW17_149_FCLorient_OlympiquedeMarseille,2026-27,17,2027-01-23,2027-01-22T23:00:00+00:00,FC Lorient,Olympique de Marseille,Stade du Moustoir,scheduled,early_week_mode,,,,1.37,1.645,,,1-1,,draw,,0.312,0.2563,0.4317,Olympique de Marseille,0.3129,0.2538,0.4334,,,,"[{""score"": ""1-1"", ""probability"": 0.117478}, {""score"": ""1-2"", ""probability"": 0.090931}, {""score"": ""2-1"", ""probability"": 0.075702}, {""score"": ""0-1"", ""probability"": 0.073739}, {""score"": ""0-2"", ""probability"": 0.066382}, {""score"": ""2-2"", ""probability"": 0.06228}, {""score"": ""1-0"", ""probability"": 0.060226}, {""score"": ""0-0"", ""probability"": 0.055989}, {""score"": ""1-3"", ""probability"": 0.049872}, {""score"": ""2-0"", ""probability"": 0.046009}]",,0.6089,0.3911,Yes,2.5,0.5802,0.4198,False,Over 2.5,0.25,0.5032,0.4968,False,FC Lorient +0.25,False,False,False,False,False,False,,,,,,,,0.4317,0.5683,0.2,weekly_update_20260916T234516Z_1f1b82b7,2026-08-18.phase1,0.1.0-phase1,0.1.0-phase1,2026-09-16T23:45:16+00:00
LIGUE12627_MW17_150_ParisSaint-Germain_AJAuxerre,2026-27,17,2027-01-23,2027-01-22T23:00:00+00:00,Paris Saint-Germain,AJ Auxerre,Parc des Princes,scheduled,early_week_mode,,,,2.615,0.799,,,2-0,,home_win,,0.667,0.2009,0.1322,Paris Saint-Germain,0.7574,0.156,0.0866,,,,"[{""score"": ""2-0"", ""probability"": 0.112708}, {""score"": ""3-0"", ""probability"": 0.098237}, {""score"": ""2-1"", ""probability"": 0.090045}, {""score"": ""1-0"", ""probability"": 0.081877}, {""score"": ""3-1"", ""probability"": 0.078484}, {""score"": ""1-1"", ""probability"": 0.073203}, {""score"": ""4-0"", ""probability"": 0.064218}, {""score"": ""4-1"", ""probability"": 0.051305}, {""score"": ""0-0"", ""probability"": 0.037299}, {""score"": ""2-2"", ""probability"": 0.035969}]",,0.5142,0.4858,Yes,2.5,0.6624,0.3376,False,Over 2.5,-1.75,0.4944,0.5056,False,AJ Auxerre +1.75,False,False,False,False,False,False,,,,,,,,0.667,0.333,0.2,weekly_update_20260916T234516Z_1f1b82b7,2026-08-18.phase1,0.1.0-phase1,0.1.0-phase1,2026-09-16T23:45:16+00:00
LIGUE12627_MW17_151_RCStrasbourgAlsace_OlympiqueLyonnais,2026-27,17,2027-01-23,2027-01-22T23:00:00+00:00,RC Strasbourg Alsace,Olympique Lyonnais,Stade de la Meinau,scheduled,early_week_mode,,,,1.676,1.603,,,1-1,,draw,,0.3798,0.2407,0.3795,RC Strasbourg Alsace,0.3936,0.2436,0.3627,,,,"[{""score"": ""1-1"", ""probability"": 0.107541}, {""score"": ""2-1"", ""probability"": 0.084809}, {""score"": ""1-2"", ""probability"": 0.081108}, {""score"": ""2-2"", ""probability"": 0.067985}, {""score"": ""1-0"", ""probability"": 0.056748}, {""score"": ""0-1"", ""probability"": 0.053994}, {""score"": ""2-0"", ""probability"": 0.052898}, {""score"": ""0-2"", ""probability"": 0.048382}, {""score"": ""3-1"", ""probability"": 0.047391}, {""score"": ""0-0"", ""probability"": 0.044007}]",,0.6557,0.3443,Yes,2.5,0.6364,0.3636,False,Over 2.5,0.0,0.5154,0.4846,False,RC Strasbourg Alsace (pick'em),False,False,False,False,False,False,,,,,,,,0.3798,0.6202,0.2,weekly_update_20260916T234516Z_1f1b82b7,2026-08-18.phase1,0.1.0-phase1,0.1.0-phase1,2026-09-16T23:45:16+00:00
LIGUE12627_MW17_152_ToulouseFC_OGCNice,2026-27,17,2027-01-23,2027-01-22T23:00:00+00:00,Toulouse FC,OGC Nice,Stadium de Toulouse,scheduled,early_week_mode,,,,1.439,1.052,,,1-1,,draw,,0.4719,0.285,0.2431,Toulouse FC,0.4517,0.2803,0.2681,,,,"[{""score"": ""1-1"", ""probability"": 0.133282}, {""score"": ""1-0"", ""probability"": 0.111343}, {""score"": ""0-0"", ""probability"": 0.09075}, {""score"": ""2-1"", ""probability"": 0.090211}, {""score"": ""2-0"", ""probability"": 0.085772}, {""score"": ""0-1"", ""probability"": 0.07927}, {""score"": ""1-2"", ""probability"": 0.065944}, {""score"": ""2-2"", ""probability"": 0.04744}, {""score"": ""0-2"", ""probability"": 0.045833}, {""score"": ""3-1"", ""probability"": 0.043265}]",,0.5042,0.4958,Yes,2.5,0.4537,0.5463,False,Under 2.5,-0.25,0.5217,0.4783,False,Toulouse FC -0.25,False,False,False,False,False,False,,,,,,,,0.4719,0.5281,0.2,weekly_update_20260916T234516Z_1f1b82b7,2026-08-18.phase1,0.1.0-phase1,0.1.0-phase1,2026-09-16T23:45:16+00:00
LIGUE12627_MW17_153_EstacTroyes_ASMonaco,2026-27,17,2027-01-23,2027-01-22T23:00:00+00:00,Estac Troyes,AS Monaco,Stade de l'Aube,scheduled,early_week_mode,,,,1.152,2.87,,,1-2,,away_win,,0.1841,0.1967,0.6192,AS Monaco,0.121,0.1563,0.7227,,,,"[{""score"": ""1-2"", ""probability"": 0.085264}, {""score"": ""1-3"", ""probability"": 0.081558}, {""score"": ""0-2"", ""probability"": 0.074034}, {""score"": ""0-3"", ""probability"": 0.070816}, {""score"": ""1-1"", ""probability"": 0.063161}, {""score"": ""1-4"", ""probability"": 0.05851}, {""score"": ""0-4"", ""probability"": 0.050804}, {""score"": ""2-2"", ""probability"": 0.049099}, {""score"": ""0-1"", ""probability"": 0.047862}, {""score"": ""2-3"", ""probability"": 0.046965}]",,0.6487,0.3513,Yes,2.5,0.7643,0.2357,False,Over 2.5,1.75,0.5222,0.4778,False,Estac Troyes +1.75,False,False,False,False,False,False,,,,,,,,0.6192,0.3808,0.2,weekly_update_20260916T234516Z_1f1b82b7,2026-08-18.phase1,0.1.0-phase1,0.1.0-phase1,2026-09-16T23:45:16+00:00
LIGUE12627_MW18_154_AngersSCO_HavreAthleticClub,2026-27,18,2027-01-30,2027-01-29T23:00:00+00:00,Angers SCO,Havre Athletic Club,Stade Raymond Kopa,scheduled,early_week_mode,,,,1.011,0.959,,,0-0,,draw,,0.359,0.3162,0.3248,Angers SCO,0.3496,0.3281,0.3222,,,,"[{""score"": ""0-0"", ""probability"": 0.147872}, {""score"": ""1-1"", ""probability"": 0.143713}, {""score"": ""1-0"", ""probability"": 0.132448}, {""score"": ""0-1"", ""probability"": 0.125196}, {""score"": ""2-0"", ""probability"": 0.071273}, {""score"": ""2-1"", ""probability"": 0.068372}, {""score"": ""1-2"", ""probability"": 0.064854}, {""score"": ""0-2"", ""probability"": 0.064127}, {""score"": ""2-2"", ""probability"": 0.032794}, {""score"": ""3-0"", ""probability"": 0.024027}]",,0.401,0.599,No,2.5,0.3154,0.6846,False,Under 2.5,0.0,0.5137,0.4863,False,Angers SCO (pick'em),False,False,False,False,False,False,,,,,,,,0.359,0.641,0.2,weekly_update_20260916T234516Z_1f1b82b7,2026-08-18.phase1,0.1.0-phase1,0.1.0-phase1,2026-09-16T23:45:16+00:00
LIGUE12627_MW18_155_StadeBrestois29_RCStrasbourgAlsace,2026-27,18,2027-01-30,2027-01-29T23:00:00+00:00,Stade Brestois 29,RC Strasbourg Alsace,Stade Francis-Le Blé,scheduled,early_week_mode,,,,1.573,1.767,,,1-1,,draw,,0.3459,0.2344,0.4197,RC Strasbourg Alsace,0.3396,0.24,0.4204,,,,"[{""score"": ""1-1"", ""probability"": 0.104702}, {""score"": ""1-2"", ""probability"": 0.087017}, {""score"": ""2-1"", ""probability"": 0.077497}, {""score"": ""2-2"", ""probability"": 0.068457}, {""score"": ""0-1"", ""probability"": 0.056415}, {""score"": ""0-2"", ""probability"": 0.055305}, {""score"": ""1-3"", ""probability"": 0.051244}, {""score"": ""1-0"", ""probability"": 0.049565}, {""score"": ""2-0"", ""probability"": 0.043865}, {""score"": ""0-0"", ""probability"": 0.041632}]",,0.6634,0.3366,Yes,2.5,0.6485,0.3515,False,Over 2.5,0.25,0.5196,0.4804,False,Stade Brestois 29 +0.25,False,False,False,False,False,False,,,,,,,,0.4197,0.5803,0.2,weekly_update_20260916T234516Z_1f1b82b7,2026-08-18.phase1,0.1.0-phase1,0.1.0-phase1,2026-09-16T23:45:16+00:00
LIGUE12627_MW18_156_LeMansFC_OGCNice,2026-27,18,2027-01-30,2027-01-29T23:00:00+00:00,Le Mans FC,OGC Nice,Stade Marie-Marvingt,scheduled,early_week_mode,,,,1.585,1.608,,,1-1,,draw,,0.3798,0.2407,0.3795,Le Mans FC,0.3713,0.2477,0.381,,,,"[{""score"": ""1-1"", ""probability"": 0.111201}, {""score"": ""1-2"", ""probability"": 0.084114}, {""score"": ""2-1"", ""probability"": 0.082925}, {""score"": ""2-2"", ""probability"": 0.066669}, {""score"": ""0-1"", ""probability"": 0.059421}, {""score"": ""1-0"", ""probability"": 0.058489}, {""score"": ""0-2"", ""probability"": 0.053061}, {""score"": ""2-0"", ""probability"": 0.051572}, {""score"": ""0-0"", ""probability"": 0.047624}, {""score"": ""1-3"", ""probability"": 0.045083}]",,0.6424,0.3576,Yes,2.5,0.6186,0.3814,False,Over 2.5,0.0,0.4951,0.5049,False,OGC Nice (pick'em),False,False,False,False,False,False,,,,,,,,0.3798,0.6202,0.2,weekly_update_20260916T234516Z_1f1b82b7,2026-08-18.phase1,0.1.0-phase1,0.1.0-phase1,2026-09-16T23:45:16+00:00
LIGUE12627_MW18_157_OlympiqueLyonnais_LOSCLille,2026-27,18,2027-01-30,2027-01-29T23:00:00+00:00,Olympique Lyonnais,LOSC Lille,Parc Olympique Lyonnais,scheduled,early_week_mode,,,,1.294,1.221,,,1-1,,draw,,0.3795,0.282,0.3385,Olympique Lyonnais,0.3749,0.2849,0.3402,,,,"[{""score"": ""1-1"", ""probability"": 0.135778}, {""score"": ""1-0"", ""probability"": 0.096562}, {""score"": ""0-1"", ""probability"": 0.090667}, {""score"": ""0-0"", ""probability"": 0.088843}, {""score"": ""2-1"", ""probability"": 0.082671}, {""score"": ""1-2"", ""probability"": 0.078012}, {""score"": ""2-0"", ""probability"": 0.067688}, {""score"": ""0-2"", ""probability"": 0.060273}, {""score"": ""2-2"", ""probability"": 0.050485}, {""score"": ""3-1"", ""probability"": 0.035667}]",,0.5199,0.4801,Yes,2.5,0.4602,0.5398,False,Under 2.5,0.0,0.5173,0.4827,False,Olympique Lyonnais (pick'em),False,False,False,False,False,False,,,,,,,,0.3795,0.6205,0.2,weekly_update_20260916T234516Z_1f1b82b7,2026-08-18.phase1,0.1.0-phase1,0.1.0-phase1,2026-09-16T23:45:16+00:00
LIGUE12627_MW18_158_OlympiquedeMarseille_EstacTroyes,2026-27,18,2027-01-30,2027-01-29T23:00:00+00:00,Olympique de Marseille,Estac Troyes,Stade Vélodrome,scheduled,early_week_mode,,,,3.444,0.992,,,3-0,,home_win,,0.7524,0.1696,0.078,Olympique de Marseille,0.8241,0.1093,0.0666,,,,"[{""score"": ""3-0"", ""probability"": 0.081321}, {""score"": ""3-1"", ""probability"": 0.080708}, {""score"": ""2-0"", ""probability"": 0.07083}, {""score"": ""2-1"", ""probability"": 0.070295}, {""score"": ""4-0"", ""probability"": 0.070025}, {""score"": ""4-1"", ""probability"": 0.069496}, {""score"": ""5-0"", ""probability"": 0.048238}, {""score"": ""5-1"", ""probability"": 0.047874}, {""score"": ""1-1"", ""probability"": 0.043384}, {""score"": ""3-2"", ""probability"": 0.040049}]",,0.6116,0.3884,Yes,2.5,0.8176,0.1824,False,Over 2.5,-2.25,0.5153,0.4847,False,Olympique de Marseille -2.25,False,False,False,False,False,False,,,,,,,,0.7524,0.2476,0.2,weekly_update_20260916T234516Z_1f1b82b7,2026-08-18.phase1,0.1.0-phase1,0.1.0-phase1,2026-09-16T23:45:16+00:00
LIGUE12627_MW18_159_ASMonaco_ParisSaint-Germain,2026-27,18,2027-01-30,2027-01-29T23:00:00+00:00,AS Monaco,Paris Saint-Germain,Stade Louis II,scheduled,early_week_mode,,,,1.436,1.937,,,1-1,,draw,,0.2572,0.2449,0.4979,Paris Saint-Germain,0.2802,0.2325,0.4873,,,,"[{""score"": ""1-1"", ""probability"": 0.10137}, {""score"": ""1-2"", ""probability"": 0.092386}, {""score"": ""2-1"", ""probability"": 0.068477}, {""score"": ""2-2"", ""probability"": 0.066332}, {""score"": ""0-2"", ""probability"": 0.064337}, {""score"": ""0-1"", ""probability"": 0.060421}, {""score"": ""1-3"", ""probability"": 0.059662}, {""score"": ""1-0"", ""probability"": 0.043232}, {""score"": ""2-3"", ""probability"": 0.042836}, {""score"": ""0-3"", ""probability"": 0.041548}]",,0.6583,0.3417,Yes,2.5,0.655,0.345,False,Over 2.5,0.5,0.5127,0.4873,False,AS Monaco +0.5,False,False,False,False,False,False,,,,,,,,0.4979,0.5021,0.2,weekly_update_20260916T234516Z_1f1b82b7,2026-08-18.phase1,0.1.0-phase1,0.1.0-phase1,2026-09-16T23:45:16+00:00
LIGUE12627_MW18_160_ParisFC_AJAuxerre,2026-27,18,2027-01-30,2027-01-29T23:00:00+00:00,Paris FC,AJ Auxerre,Stade Charléty,scheduled,early_week_mode,,,,1.74,0.987,,,1-1,,draw,,0.5299,0.2394,0.2307,Paris FC,0.5436,0.2504,0.206,,,,"[{""score"": ""1-1"", ""probability"": 0.119401}, {""score"": ""1-0"", ""probability"": 0.106766}, {""score"": ""2-0"", ""probability"": 0.099048}, {""score"": ""2-1"", ""probability"": 0.097751}, {""score"": ""0-0"", ""probability"": 0.072471}, {""score"": ""0-1"", ""probability"": 0.057488}, {""score"": ""3-0"", ""probability"": 0.057458}, {""score"": ""3-1"", ""probability"": 0.056705}, {""score"": ""1-2"", ""probability"": 0.055433}, {""score"": ""2-2"", ""probability"": 0.048235}]",,0.5243,0.4757,Yes,2.5,0.513,0.487,False,Over 2.5,-0.75,0.4844,0.5156,False,AJ Auxerre +0.75,False,False,False,False,False,False,,,,,,,,0.5299,0.4701,0.2,weekly_update_20260916T234516Z_1f1b82b7,2026-08-18.phase1,0.1.0-phase1,0.1.0-phase1,2026-09-16T23:45:16+00:00
LIGUE12627_MW18_161_StadeRennaisFC_FCLorient,2026-27,18,2027-01-30,2027-01-29T23:00:00+00:00,Stade Rennais FC,FC Lorient,Roazhon Park,scheduled,early_week_mode,,,,1.866,1.228,,,1-1,,draw,,0.5293,0.2325,0.2382,Stade Rennais FC,0.5164,0.2393,0.2443,,,,"[{""score"": ""1-1"", ""probability"": 0.110416}, {""score"": ""2-1"", ""probability"": 0.0969}, {""score"": ""2-0"", ""probability"": 0.0789}, {""score"": ""1-0"", ""probability"": 0.078055}, {""score"": ""1-2"", ""probability"": 0.063792}, {""score"": ""3-1"", ""probability"": 0.060257}, {""score"": ""2-2"", ""probability"": 0.059503}, {""score"": ""0-0"", ""probability"": 0.051873}, {""score"": ""0-1"", ""probability"": 0.049154}, {""score"": ""3-0"", ""probability"": 0.049063}]",,0.6042,0.3958,Yes,2.5,0.5974,0.4026,False,Over 2.5,-0.5,0.5164,0.4836,False,Stade Rennais FC -0.5,False,False,False,False,False,False,,,,,,,,0.5293,0.4707,0.2,weekly_update_20260916T234516Z_1f1b82b7,2026-08-18.phase1,0.1.0-phase1,0.1.0-phase1,2026-09-16T23:45:16+00:00
LIGUE12627_MW18_162_ToulouseFC_RCLens,2026-27,18,2027-01-30,2027-01-29T23:00:00+00:00,Toulouse FC,RC Lens,Stadium de Toulouse,scheduled,early_week_mode,,,,1.139,1.508,,,1-1,,draw,,0.2425,0.2879,0.4696,RC Lens,0.2792,0.2713,0.4496,,,,"[{""score"": ""1-1"", ""probability"": 0.129371}, {""score"": ""0-1"", ""probability"": 0.099185}, {""score"": ""1-2"", ""probability"": 0.091772}, {""score"": ""0-2"", ""probability"": 0.080553}, {""score"": ""0-0"", ""probability"": 0.078503}, {""score"": ""1-0"", ""probability"": 0.073065}, {""score"": ""2-1"", ""probability"": 0.069335}, {""score"": ""2-2"", ""probability"": 0.052277}, {""score"": ""1-3"", ""probability"": 0.046129}, {""score"": ""2-0"", ""probability"": 0.04598}]",,0.5371,0.4629,Yes,2.5,0.4933,0.5067,False,Under 2.5,0.25,0.4826,0.5174,False,RC Lens -0.25,False,False,False,False,False,False,,,,,,,,0.4696,0.5304,0.2,weekly_update_20260916T234516Z_1f1b82b7,2026-08-18.phase1,0.1.0-phase1,0.1.0-phase1,2026-09-16T23:45:16+00:00
LIGUE12627_MW19_163_AJAuxerre_ASMonaco,2026-27,19,2027-02-06,2027-02-05T23:00:00+00:00,AJ Auxerre,AS Monaco,Stade de l'Abbé-Deschamps,scheduled,early_week_mode,,,,1.234,1.787,,,1-1,,draw,,0.2533,0.2563,0.4904,AS Monaco,0.2574,0.2458,0.4968,,,,"[{""score"": ""1-1"", ""probability"": 0.114294}, {""score"": ""1-2"", ""probability"": 0.096062}, {""score"": ""0-1"", ""probability"": 0.080372}, {""score"": ""0-2"", ""probability"": 0.077839}, {""score"": ""2-1"", ""probability"": 0.066354}, {""score"": ""2-2"", ""probability"": 0.059276}, {""score"": ""1-3"", ""probability"": 0.05721}, {""score"": ""0-0"", ""probability"": 0.05553}, {""score"": ""1-0"", ""probability"": 0.053426}, {""score"": ""0-3"", ""probability"": 0.046357}]",,0.5969,0.4031,Yes,2.5,0.5814,0.4186,False,Over 2.5,0.5,0.5032,0.4968,False,AJ Auxerre +0.5,False,False,False,False,False,False,,,,,,,,0.4904,0.5096,0.2,weekly_update_20260916T234516Z_1f1b82b7,2026-08-18.phase1,0.1.0-phase1,0.1.0-phase1,2026-09-16T23:45:16+00:00
LIGUE12627_MW19_164_HavreAthleticClub_ToulouseFC,2026-27,19,2027-02-06,2027-02-05T23:00:00+00:00,Havre Athletic Club,Toulouse FC,Stade Océane,scheduled,early_week_mode,,,,1.046,1.193,,,1-1,,draw,,0.2966,0.3,0.4034,Toulouse FC,0.3113,0.3039,0.3847,,,,"[{""score"": ""1-1"", ""probability"": 0.141331}, {""score"": ""0-1"", ""probability"": 0.118719}, {""score"": ""0-0"", ""probability"": 0.114845}, {""score"": ""1-0"", ""probability"": 0.10306}, {""score"": ""1-2"", ""probability"": 0.079344}, {""score"": ""0-2"", ""probability"": 0.075829}, {""score"": ""2-1"", ""probability"": 0.069567}, {""score"": ""2-0"", ""probability"": 0.058292}, {""score"": ""2-2"", ""probability"": 0.041511}, {""score"": ""1-3"", ""probability"": 0.031563}]",,0.4604,0.5396,No,2.5,0.3879,0.6121,False,Under 2.5,0.0,0.4633,0.5367,False,Toulouse FC (pick'em),False,False,False,False,False,False,,,,,,,,0.4034,0.5966,0.2,weekly_update_20260916T234516Z_1f1b82b7,2026-08-18.phase1,0.1.0-phase1,0.1.0-phase1,2026-09-16T23:45:16+00:00
LIGUE12627_MW19_165_RCLens_AngersSCO,2026-27,19,2027-02-06,2027-02-05T23:00:00+00:00,RC Lens,Angers SCO,Stade Bollaert-Delelis,scheduled,early_week_mode,,,,1.95,0.684,,,2-0,,home_win,,0.6572,0.2125,0.1302,RC Lens,0.6674,0.2167,0.1159,,,,"[{""score"": ""2-0"", ""probability"": 0.136474}, {""score"": ""1-0"", ""probability"": 0.133925}, {""score"": ""1-1"", ""probability"": 0.101792}, {""score"": ""2-1"", ""probability"": 0.093395}, {""score"": ""3-0"", ""probability"": 0.088725}, {""score"": ""0-0"", ""probability"": 0.077775}, {""score"": ""3-1"", ""probability"": 0.060718}, {""score"": ""4-0"", ""probability"": 0.043262}, {""score"": ""0-1"", ""probability"": 0.043082}, {""score"": ""1-2"", ""probability"": 0.03277}]",,0.4311,0.5689,No,2.5,0.4901,0.5099,False,Under 2.5,-1.25,0.4795,0.5205,False,Angers SCO +1.25,False,False,False,False,False,False,,,,,,,,0.6572,0.3428,0.2,weekly_update_20260916T234516Z_1f1b82b7,2026-08-18.phase1,0.1.0-phase1,0.1.0-phase1,2026-09-16T23:45:16+00:00
LIGUE12627_MW19_166_FCLorient_LeMansFC,2026-27,19,2027-02-06,2027-02-05T23:00:00+00:00,FC Lorient,Le Mans FC,Stade du Moustoir,scheduled,early_week_mode,,,,2.073,1.271,,,1-1,,draw,,0.5465,0.2156,0.2379,FC Lorient,0.5525,0.2226,0.2249,,,,"[{""score"": ""1-1"", ""probability"": 0.098881}, {""score"": ""2-1"", ""probability"": 0.096412}, {""score"": ""2-0"", ""probability"": 0.075826}, {""score"": ""1-0"", ""probability"": 0.067318}, {""score"": ""3-1"", ""probability"": 0.06661}, {""score"": ""2-2"", ""probability"": 0.061293}, {""score"": ""1-2"", ""probability"": 0.059144}, {""score"": ""3-0"", ""probability"": 0.052387}, {""score"": ""3-2"", ""probability"": 0.042347}, {""score"": ""0-0"", ""probability"": 0.041151}]",,0.6348,0.3652,Yes,2.5,0.6493,0.3507,False,Over 2.5,-0.75,0.4984,0.5016,False,Le Mans FC +0.75,False,False,False,False,False,False,,,,,,,,0.5465,0.4535,0.2,weekly_update_20260916T234516Z_1f1b82b7,2026-08-18.phase1,0.1.0-phase1,0.1.0-phase1,2026-09-16T23:45:16+00:00
LIGUE12627_MW19_167_OGCNice_StadeBrestois29,2026-27,19,2027-02-06,2027-02-05T23:00:00+00:00,OGC Nice,Stade Brestois 29,Allianz Riviera,scheduled,early_week_mode,,,,1.463,1.317,,,1-1,,draw,,0.3846,0.2858,0.3296,OGC Nice,0.3991,0.2681,0.3328,,,,"[{""score"": ""1-1"", ""probability"": 0.127062}, {""score"": ""2-1"", ""probability"": 0.087441}, {""score"": ""1-0"", ""probability"": 0.083263}, {""score"": ""1-2"", ""probability"": 0.078714}, {""score"": ""0-1"", ""probability"": 0.074203}, {""score"": ""0-0"", ""probability"": 0.069571}, {""score"": ""2-0"", ""probability"": 0.0664}, {""score"": ""2-2"", ""probability"": 0.057575}, {""score"": ""0-2"", ""probability"": 0.053807}, {""score"": ""3-1"", ""probability"": 0.042639}]",,0.57,0.43,Yes,2.5,0.5257,0.4743,False,Over 2.5,0.0,0.5332,0.4668,False,OGC Nice (pick'em),False,False,False,False,False,False,,,,,,,,0.3846,0.6154,0.2,weekly_update_20260916T234516Z_1f1b82b7,2026-08-18.phase1,0.1.0-phase1,0.1.0-phase1,2026-09-16T23:45:16+00:00
LIGUE12627_MW19_168_ParisSaint-Germain_OlympiquedeMarseille,2026-27,19,2027-02-06,2027-02-05T23:00:00+00:00,Paris Saint-Germain,Olympique de Marseille,Parc des Princes,scheduled,early_week_mode,,,,2.355,1.222,,,2-1,,home_win,,0.582,0.202,0.216,Paris Saint-Germain,0.6206,0.1988,0.1806,,,,"[{""score"": ""2-1"", ""probability"": 0.094817}, {""score"": ""1-1"", ""probability"": 0.085576}, {""score"": ""2-0"", ""probability"": 0.07761}, {""score"": ""3-1"", ""probability"": 0.074441}, {""score"": ""3-0"", ""probability"": 0.060931}, {""score"": ""1-0"", ""probability"": 0.06084}, {""score"": ""2-2"", ""probability"": 0.05792}, {""score"": ""1-2"", ""probability"": 0.049182}, {""score"": ""3-2"", ""probability"": 0.045473}, {""score"": ""4-1"", ""probability"": 0.043833}]",,0.6434,0.3566,Yes,2.5,0.6929,0.3071,False,Over 2.5,-1.0,0.5138,0.4862,False,Paris Saint-Germain -1,False,False,False,False,False,False,,,,,,,,0.582,0.418,0.2,weekly_update_20260916T234516Z_1f1b82b7,2026-08-18.phase1,0.1.0-phase1,0.1.0-phase1,2026-09-16T23:45:16+00:00
LIGUE12627_MW19_169_StadeRennaisFC_OlympiqueLyonnais,2026-27,19,2027-02-06,2027-02-05T23:00:00+00:00,Stade Rennais FC,Olympique Lyonnais,Roazhon Park,scheduled,early_week_mode,,,,1.707,1.598,,,1-1,,draw,,0.3798,0.2407,0.3795,Stade Rennais FC,0.4018,0.2423,0.3559,,,,"[{""score"": ""1-1"", ""probability"": 0.106395}, {""score"": ""2-1"", ""probability"": 0.085449}, {""score"": ""1-2"", ""probability"": 0.079992}, {""score"": ""2-2"", ""probability"": 0.068283}, {""score"": ""1-0"", ""probability"": 0.05634}, {""score"": ""2-0"", ""probability"": 0.053465}, {""score"": ""0-1"", ""probability"": 0.052339}, {""score"": ""3-1"", ""probability"": 0.048627}, {""score"": ""0-2"", ""probability"": 0.046854}, {""score"": ""0-0"", ""probability"": 0.042981}]",,0.6593,0.3407,Yes,2.5,0.6416,0.3584,False,Over 2.5,0.0,0.5229,0.4771,False,Stade Rennais FC (pick'em),False,False,False,False,False,False,,,,,,,,0.3798,0.6202,0.2,weekly_update_20260916T234516Z_1f1b82b7,2026-08-18.phase1,0.1.0-phase1,0.1.0-phase1,2026-09-16T23:45:16+00:00
LIGUE12627_MW19_170_RCStrasbourgAlsace_ParisFC,2026-27,19,2027-02-06,2027-02-05T23:00:00+00:00,RC Strasbourg Alsace,Paris FC,Stade de la Meinau,scheduled,early_week_mode,,,,1.68,1.41,,,1-1,,draw,,0.4432,0.2367,0.3201,RC Strasbourg Alsace,0.4334,0.2502,0.3164,,,,"[{""score"": ""1-1"", ""probability"": 0.114567}, {""score"": ""2-1"", ""probability"": 0.090554}, {""score"": ""1-2"", ""probability"": 0.075985}, {""score"": ""1-0"", ""probability"": 0.069677}, {""score"": ""2-0"", ""probability"": 0.064228}, {""score"": ""2-2"", ""probability"": 0.063834}, {""score"": ""0-1"", ""probability"": 0.057376}, {""score"": ""0-0"", ""probability"": 0.052281}, {""score"": ""3-1"", ""probability"": 0.050716}, {""score"": ""0-2"", ""probability"": 0.045224}]",,0.6217,0.3783,Yes,2.5,0.5966,0.4034,False,Over 2.5,-0.25,0.4959,0.5041,False,Paris FC +0.25,False,False,False,False,False,False,,,,,,,,0.4432,0.5568,0.2,weekly_update_20260916T234516Z_1f1b82b7,2026-08-18.phase1,0.1.0-phase1,0.1.0-phase1,2026-09-16T23:45:16+00:00
LIGUE12627_MW19_171_EstacTroyes_LOSCLille,2026-27,19,2027-02-06,2027-02-05T23:00:00+00:00,Estac Troyes,LOSC Lille,Stade de l'Aube,scheduled,early_week_mode,,,,0.856,2.352,,,0-2,,away_win,,0.1841,0.1967,0.6192,LOSC Lille,0.1143,0.1836,0.7021,,,,"[{""score"": ""0-2"", ""probability"": 0.11194}, {""score"": ""1-2"", ""probability"": 0.09581}, {""score"": ""0-1"", ""probability"": 0.090059}, {""score"": ""0-3"", ""probability"": 0.087765}, {""score"": ""1-1"", ""probability"": 0.086589}, {""score"": ""1-3"", ""probability"": 0.075119}, {""score"": ""0-4"", ""probability"": 0.051609}, {""score"": ""0-0"", ""probability"": 0.045588}, {""score"": ""1-4"", ""probability"": 0.044173}, {""score"": ""2-2"", ""probability"": 0.041003}]",,0.5255,0.4745,Yes,2.5,0.6215,0.3785,False,Over 2.5,1.5,0.5219,0.4781,False,Estac Troyes +1.5,False,False,False,False,False,False,,,,,,,,0.6192,0.3808,0.2,weekly_update_20260916T234516Z_1f1b82b7,2026-08-18.phase1,0.1.0-phase1,0.1.0-phase1,2026-09-16T23:45:16+00:00
LIGUE12627_MW20_172_AJAuxerre_RCStrasbourgAlsace,2026-27,20,2027-02-13,2027-02-12T23:00:00+00:00,AJ Auxerre,RC Strasbourg Alsace,Stade de l'Abbé-Deschamps,scheduled,early_week_mode,,,,1.349,1.692,,,1-1,,draw,,0.2533,0.2563,0.4904,RC Strasbourg Alsace,0.2999,0.2511,0.4491,,,,"[{""score"": ""1-1"", ""probability"": 0.115915}, {""score"": ""1-2"", ""probability"": 0.09228}, {""score"": ""0-1"", ""probability"": 0.073962}, {""score"": ""2-1"", ""probability"": 0.073581}, {""score"": ""0-2"", ""probability"": 0.068386}, {""score"": ""2-2"", ""probability"": 0.062262}, {""score"": ""1-0"", ""probability"": 0.057586}, {""score"": ""0-0"", ""probability"": 0.054613}, {""score"": ""1-3"", ""probability"": 0.052056}, {""score"": ""2-0"", ""probability"": 0.04348}]",,0.6111,0.3889,Yes,2.5,0.5861,0.4139,False,Over 2.5,0.25,0.4882,0.5118,False,RC Strasbourg Alsace -0.25,False,False,False,False,False,False,,,,,,,,0.4904,0.5096,0.2,weekly_update_20260916T234516Z_1f1b82b7,2026-08-18.phase1,0.1.0-phase1,0.1.0-phase1,2026-09-16T23:45:16+00:00
LIGUE12627_MW20_173_StadeBrestois29_StadeRennaisFC,2026-27,20,2027-02-13,2027-02-12T23:00:00+00:00,Stade Brestois 29,Stade Rennais FC,Stade Francis-Le Blé,scheduled,early_week_mode,,,,1.568,1.799,,,1-1,,draw,,0.3459,0.2344,0.4197,Stade Rennais FC,0.3327,0.2384,0.4288,,,,"[{""score"": ""1-1"", ""probability"": 0.103405}, {""score"": ""1-2"", ""probability"": 0.087521}, {""score"": ""2-1"", ""probability"": 0.076296}, {""score"": ""2-2"", ""probability"": 0.068636}, {""score"": ""0-1"", ""probability"": 0.055911}, {""score"": ""0-2"", ""probability"": 0.0558}, {""score"": ""1-3"", ""probability"": 0.052489}, {""score"": ""1-0"", ""probability"": 0.047956}, {""score"": ""2-0"", ""probability"": 0.042406}, {""score"": ""2-3"", ""probability"": 0.041164}]",,0.6668,0.3332,Yes,2.5,0.6539,0.3461,False,Over 2.5,0.25,0.5116,0.4884,False,Stade Brestois 29 +0.25,False,False,False,False,False,False,,,,,,,,0.4197,0.5803,0.2,weekly_update_20260916T234516Z_1f1b82b7,2026-08-18.phase1,0.1.0-phase1,0.1.0-phase1,2026-09-16T23:45:16+00:00
LIGUE12627_MW20_174_LeMansFC_ParisSaint-Germain,2026-27,20,2027-02-13,2027-02-12T23:00:00+00:00,Le Mans FC,Paris Saint-Germain,Stade Marie-Marvingt,scheduled,early_week_mode,,,,1.121,3.0,,,1-3,,away_win,,0.1841,0.1967,0.6192,Paris Saint-Germain,0.1071,0.1454,0.7475,,,,"[{""score"": ""1-3"", ""probability"": 0.082173}, {""score"": ""1-2"", ""probability"": 0.082162}, {""score"": ""0-3"", ""probability"": 0.07328}, {""score"": ""0-2"", ""probability"": 0.07327}, {""score"": ""1-4"", ""probability"": 0.061639}, {""score"": ""1-1"", ""probability"": 0.05821}, {""score"": ""0-4"", ""probability"": 0.054968}, {""score"": ""2-3"", ""probability"": 0.046073}, {""score"": ""2-2"", ""probability"": 0.046066}, {""score"": ""0-1"", ""probability"": 0.045396}]",,0.6439,0.3561,Yes,2.5,0.7784,0.2216,False,Over 2.5,1.75,0.4912,0.5088,False,Paris Saint-Germain -1.75,False,False,False,False,False,False,,,,,,,,0.6192,0.3808,0.2,weekly_update_20260916T234516Z_1f1b82b7,2026-08-18.phase1,0.1.0-phase1,0.1.0-phase1,2026-09-16T23:45:16+00:00
LIGUE12627_MW20_175_LOSCLille_OGCNice,2026-27,20,2027-02-13,2027-02-12T23:00:00+00:00,LOSC Lille,OGC Nice,Stade Pierre-Mauroy,scheduled,early_week_mode,,,,1.664,0.772,,,1-0,,home_win,,0.5682,0.2474,0.1844,LOSC Lille,0.5798,0.2558,0.1645,,,,"[{""score"": ""1-0"", ""probability"": 0.138622}, {""score"": ""2-0"", ""probability"": 0.121207}, {""score"": ""1-1"", ""probability"": 0.119483}, {""score"": ""0-0"", ""probability"": 0.094628}, {""score"": ""2-1"", ""probability"": 0.093523}, {""score"": ""3-0"", ""probability"": 0.067225}, {""score"": ""0-1"", ""probability"": 0.060493}, {""score"": ""3-1"", ""probability"": 0.051871}, {""score"": ""1-2"", ""probability"": 0.04337}, {""score"": ""2-2"", ""probability"": 0.036081}]",,0.4429,0.5571,No,2.5,0.4395,0.5605,False,Under 2.5,-0.75,0.5161,0.4839,False,LOSC Lille -0.75,False,False,False,False,False,False,,,,,,,,0.5682,0.4318,0.2,weekly_update_20260916T234516Z_1f1b82b7,2026-08-18.phase1,0.1.0-phase1,0.1.0-phase1,2026-09-16T23:45:16+00:00
LIGUE12627_MW20_176_FCLorient_HavreAthleticClub,2026-27,20,2027-02-13,2027-02-12T23:00:00+00:00,FC Lorient,Havre Athletic Club,Stade du Moustoir,scheduled,early_week_mode,,,,1.433,0.901,,,1-1,,draw,,0.4903,0.2798,0.2299,FC Lorient,0.4869,0.2844,0.2287,,,,"[{""score"": ""1-1"", ""probability"": 0.132976}, {""score"": ""1-0"", ""probability"": 0.13106}, {""score"": ""0-0"", ""probability"": 0.104802}, {""score"": ""2-0"", ""probability"": 0.099553}, {""score"": ""2-1"", ""probability"": 0.089652}, {""score"": ""0-1"", ""probability"": 0.079429}, {""score"": ""1-2"", ""probability"": 0.056334}, {""score"": ""3-0"", ""probability"": 0.047559}, {""score"": ""3-1"", ""probability"": 0.042829}, {""score"": ""2-2"", ""probability"": 0.040368}]",,0.4599,0.5401,No,2.5,0.4129,0.5871,False,Under 2.5,-0.5,0.4869,0.5131,False,Havre Athletic Club +0.5,False,False,False,False,False,False,,,,,,,,0.4903,0.5097,0.2,weekly_update_20260916T234516Z_1f1b82b7,2026-08-18.phase1,0.1.0-phase1,0.1.0-phase1,2026-09-16T23:45:16+00:00
LIGUE12627_MW20_177_OlympiqueLyonnais_RCLens,2026-27,20,2027-02-13,2027-02-12T23:00:00+00:00,Olympique Lyonnais,RC Lens,Parc Olympique Lyonnais,scheduled,early_week_mode,,,,1.499,1.411,,,1-1,,draw,,0.3959,0.2509,0.3532,Olympique Lyonnais,0.3889,0.2615,0.3496,,,,"[{""score"": ""1-1"", ""probability"": 0.122482}, {""score"": ""2-1"", ""probability"": 0.086369}, {""score"": ""1-2"", ""probability"": 0.081283}, {""score"": ""1-0"", ""probability"": 0.074442}, {""score"": ""0-1"", ""probability"": 0.069632}, {""score"": ""0-0"", ""probability"": 0.061741}, {""score"": ""2-0"", ""probability"": 0.061224}, {""score"": ""2-2"", ""probability"": 0.06092}, {""score"": ""0-2"", ""probability"": 0.054226}, {""score"": ""3-1"", ""probability"": 0.043155}]",,0.5944,0.4056,Yes,2.5,0.5563,0.4437,False,Over 2.5,0.0,0.5197,0.4803,False,Olympique Lyonnais (pick'em),False,False,False,False,False,False,,,,,,,,0.3959,0.6041,0.2,weekly_update_20260916T234516Z_1f1b82b7,2026-08-18.phase1,0.1.0-phase1,0.1.0-phase1,2026-09-16T23:45:16+00:00
LIGUE12627_MW20_178_OlympiquedeMarseille_AngersSCO,2026-27,20,2027-02-13,2027-02-12T23:00:00+00:00,Olympique de Marseille,Angers SCO,Stade Vélodrome,scheduled,early_week_mode,,,,2.082,0.814,,,2-0,,home_win,,0.667,0.2009,0.1322,Olympique de Marseille,0.6615,0.2087,0.1298,,,,"[{""score"": ""2-0"", ""probability"": 0.119794}, {""score"": ""1-0"", ""probability"": 0.109198}, {""score"": ""1-1"", ""probability"": 0.099548}, {""score"": ""2-1"", ""probability"": 0.09749}, {""score"": ""3-0"", ""probability"": 0.08313}, {""score"": ""3-1"", ""probability"": 0.067652}, {""score"": ""0-0"", ""probability"": 0.061171}, {""score"": ""4-0"", ""probability"": 0.043265}, {""score"": ""2-2"", ""probability"": 0.03967}, {""score"": ""0-1"", ""probability"": 0.039101}]",,0.4933,0.5067,No,2.5,0.5529,0.4471,False,Over 2.5,-1.25,0.4826,0.5174,False,Angers SCO +1.25,False,False,False,False,False,False,,,,,,,,0.667,0.333,0.2,weekly_update_20260916T234516Z_1f1b82b7,2026-08-18.phase1,0.1.0-phase1,0.1.0-phase1,2026-09-16T23:45:16+00:00
LIGUE12627_MW20_179_ParisFC_EstacTroyes,2026-27,20,2027-02-13,2027-02-12T23:00:00+00:00,Paris FC,Estac Troyes,Stade Charléty,scheduled,early_week_mode,,,,2.795,0.921,,,2-0,,home_win,,0.667,0.2009,0.1322,Paris FC,0.7582,0.1491,0.0927,,,,"[{""score"": ""2-0"", ""probability"": 0.095263}, {""score"": ""3-0"", ""probability"": 0.088759}, {""score"": ""2-1"", ""probability"": 0.087736}, {""score"": ""3-1"", ""probability"": 0.081746}, {""score"": ""1-1"", ""probability"": 0.066724}, {""score"": ""1-0"", ""probability"": 0.064216}, {""score"": ""4-0"", ""probability"": 0.062024}, {""score"": ""4-1"", ""probability"": 0.057124}, {""score"": ""2-2"", ""probability"": 0.040402}, {""score"": ""3-2"", ""probability"": 0.037644}]",,0.569,0.431,Yes,2.5,0.7166,0.2834,False,Over 2.5,-1.75,0.5073,0.4927,False,Paris FC -1.75,False,False,False,False,False,False,,,,,,,,0.667,0.333,0.2,weekly_update_20260916T234516Z_1f1b82b7,2026-08-18.phase1,0.1.0-phase1,0.1.0-phase1,2026-09-16T23:45:16+00:00
LIGUE12627_MW20_180_ToulouseFC_ASMonaco,2026-27,20,2027-02-13,2027-02-12T23:00:00+00:00,Toulouse FC,AS Monaco,Stadium de Toulouse,scheduled,early_week_mode,,,,1.324,1.593,,,1-1,,draw,,0.2743,0.2703,0.4554,AS Monaco,0.3108,0.2589,0.4303,,,,"[{""score"": ""1-1"", ""probability"": 0.121295}, {""score"": ""1-2"", ""probability"": 0.090884}, {""score"": ""0-1"", ""probability"": 0.07904}, {""score"": ""2-1"", ""probability"": 0.075528}, {""score"": ""0-2"", ""probability"": 0.068661}, {""score"": ""1-0"", ""probability"": 0.064473}, {""score"": ""0-0"", ""probability"": 0.061304}, {""score"": ""2-2"", ""probability"": 0.06015}, {""score"": ""1-3"", ""probability"": 0.048253}, {""score"": ""2-0"", ""probability"": 0.047419}]",,0.5918,0.4082,Yes,2.5,0.5578,0.4422,False,Over 2.5,0.25,0.505,0.495,False,Toulouse FC +0.25,False,False,False,False,False,False,,,,,,,,0.4554,0.5446,0.2,weekly_update_20260916T234516Z_1f1b82b7,2026-08-18.phase1,0.1.0-phase1,0.1.0-phase1,2026-09-16T23:45:16+00:00
LIGUE12627_MW21_181_AngersSCO_ParisFC,2026-27,21,2027-02-20,2027-02-19T23:00:00+00:00,Angers SCO,Paris FC,Stade Raymond Kopa,scheduled,early_week_mode,,,,0.897,1.422,,,1-1,,draw,,0.2271,0.2937,0.4791,Paris FC,0.2294,0.2857,0.4848,,,,"[{""score"": ""1-1"", ""probability"": 0.133354}, {""score"": ""0-1"", ""probability"": 0.131982}, {""score"": ""0-0"", ""probability"": 0.106225}, {""score"": ""0-2"", ""probability"": 0.099474}, {""score"": ""1-2"", ""probability"": 0.089229}, {""score"": ""1-0"", ""probability"": 0.08032}, {""score"": ""2-1"", ""probability"": 0.056272}, {""score"": ""0-3"", ""probability"": 0.047163}, {""score"": ""1-3"", ""probability"": 0.042306}, {""score"": ""2-2"", ""probability"": 0.04002}]",,0.4573,0.5427,No,2.5,0.4091,0.5909,False,Under 2.5,0.5,0.5152,0.4848,False,Angers SCO +0.5,False,False,False,False,False,False,,,,,,,,0.4791,0.5209,0.2,weekly_update_20260916T234516Z_1f1b82b7,2026-08-18.phase1,0.1.0-phase1,0.1.0-phase1,2026-09-16T23:45:16+00:00
LIGUE12627_MW21_182_HavreAthleticClub_OlympiqueLyonnais,2026-27,21,2027-02-20,2027-02-19T23:00:00+00:00,Havre Athletic Club,Olympique Lyonnais,Stade Océane,scheduled,early_week_mode,,,,0.979,1.57,,,1-1,,draw,,0.2271,0.2937,0.4791,Olympique Lyonnais,0.2282,0.2682,0.5035,,,,"[{""score"": ""1-1"", ""probability"": 0.127683}, {""score"": ""0-1"", ""probability"": 0.115169}, {""score"": ""0-2"", ""probability"": 0.096349}, {""score"": ""1-2"", ""probability"": 0.094314}, {""score"": ""0-0"", ""probability"": 0.08571}, {""score"": ""1-0"", ""probability"": 0.068953}, {""score"": ""2-1"", ""probability"": 0.058796}, {""score"": ""0-3"", ""probability"": 0.050429}, {""score"": ""1-3"", ""probability"": 0.049364}, {""score"": ""2-2"", ""probability"": 0.046161}]",,0.502,0.498,Yes,2.5,0.4687,0.5313,False,Under 2.5,0.5,0.4965,0.5035,False,Olympique Lyonnais -0.5,False,False,False,False,False,False,,,,,,,,0.4791,0.5209,0.2,weekly_update_20260916T234516Z_1f1b82b7,2026-08-18.phase1,0.1.0-phase1,0.1.0-phase1,2026-09-16T23:45:16+00:00
LIGUE12627_MW21_183_LOSCLille_FCLorient,2026-27,21,2027-02-20,2027-02-19T23:00:00+00:00,LOSC Lille,FC Lorient,Stade Pierre-Mauroy,scheduled,early_week_mode,,,,1.585,0.837,,,1-0,,home_win,,0.5267,0.2664,0.2069,LOSC Lille,0.5429,0.2666,0.1905,,,,"[{""score"": ""1-0"", ""probability"": 0.1332}, {""score"": ""1-1"", ""probability"": 0.12514}, {""score"": ""2-0"", ""probability"": 0.11144}, {""score"": ""0-0"", ""probability"": 0.096101}, {""score"": ""2-1"", ""probability"": 0.093318}, {""score"": ""0-1"", ""probability"": 0.066871}, {""score"": ""3-0"", ""probability"": 0.058884}, {""score"": ""3-1"", ""probability"": 0.049308}, {""score"": ""1-2"", ""probability"": 0.049296}, {""score"": ""2-2"", ""probability"": 0.039071}]",,0.4583,0.5417,No,2.5,0.4361,0.5639,False,Under 2.5,-0.75,0.4805,0.5195,False,FC Lorient +0.75,False,False,False,False,False,False,,,,,,,,0.5267,0.4733,0.2,weekly_update_20260916T234516Z_1f1b82b7,2026-08-18.phase1,0.1.0-phase1,0.1.0-phase1,2026-09-16T23:45:16+00:00
LIGUE12627_MW21_184_ASMonaco_LeMansFC,2026-27,21,2027-02-20,2027-02-19T23:00:00+00:00,AS Monaco,Le Mans FC,Stade Louis II,scheduled,early_week_mode,,,,2.892,1.228,,,2-1,,home_win,,0.667,0.2009,0.1322,AS Monaco,0.711,0.1583,0.1307,,,,"[{""score"": ""2-1"", ""probability"": 0.083668}, {""score"": ""3-1"", ""probability"": 0.080663}, {""score"": ""2-0"", ""probability"": 0.068143}, {""score"": ""3-0"", ""probability"": 0.065696}, {""score"": ""1-1"", ""probability"": 0.061494}, {""score"": ""4-1"", ""probability"": 0.058325}, {""score"": ""2-2"", ""probability"": 0.051365}, {""score"": ""3-2"", ""probability"": 0.04952}, {""score"": ""4-0"", ""probability"": 0.047503}, {""score"": ""1-0"", ""probability"": 0.043483}]",,0.6714,0.3286,Yes,2.5,0.7783,0.2217,False,Over 2.5,-1.5,0.5168,0.4832,False,AS Monaco -1.5,False,False,False,False,False,False,,,,,,,,0.667,0.333,0.2,weekly_update_20260916T234516Z_1f1b82b7,2026-08-18.phase1,0.1.0-phase1,0.1.0-phase1,2026-09-16T23:45:16+00:00
LIGUE12627_MW21_185_OGCNice_AJAuxerre,2026-27,21,2027-02-20,2027-02-19T23:00:00+00:00,OGC Nice,AJ Auxerre,Allianz Riviera,scheduled,early_week_mode,,,,1.401,1.129,,,1-1,,draw,,0.3984,0.2961,0.3055,OGC Nice,0.4238,0.281,0.2953,,,,"[{""score"": ""1-1"", ""probability"": 0.133906}, {""score"": ""1-0"", ""probability"": 0.103629}, {""score"": ""2-1"", ""probability"": 0.088271}, {""score"": ""0-0"", ""probability"": 0.087526}, {""score"": ""0-1"", ""probability"": 0.081985}, {""score"": ""2-0"", ""probability"": 0.078157}, {""score"": ""1-2"", ""probability"": 0.071144}, {""score"": ""0-2"", ""probability"": 0.05077}, {""score"": ""2-2"", ""probability"": 0.049847}, {""score"": ""3-1"", ""probability"": 0.041231}]",,0.518,0.482,Yes,2.5,0.464,0.536,False,Under 2.5,-0.25,0.494,0.506,False,AJ Auxerre +0.25,False,False,False,False,False,False,,,,,,,,0.3984,0.6016,0.2,weekly_update_20260916T234516Z_1f1b82b7,2026-08-18.phase1,0.1.0-phase1,0.1.0-phase1,2026-09-16T23:45:16+00:00
LIGUE12627_MW21_186_ParisSaint-Germain_StadeBrestois29,2026-27,21,2027-02-20,2027-02-19T23:00:00+00:00,Paris Saint-Germain,Stade Brestois 29,Parc des Princes,scheduled,early_week_mode,,,,2.73,0.932,,,2-0,,home_win,,0.667,0.2009,0.1322,Paris Saint-Germain,0.7465,0.1549,0.0985,,,,"[{""score"": ""2-0"", ""probability"": 0.095947}, {""score"": ""2-1"", ""probability"": 0.089379}, {""score"": ""3-0"", ""probability"": 0.087304}, {""score"": ""3-1"", ""probability"": 0.081327}, {""score"": ""1-1"", ""probability"": 0.069602}, {""score"": ""1-0"", ""probability"": 0.06618}, {""score"": ""4-0"", ""probability"": 0.059579}, {""score"": ""4-1"", ""probability"": 0.055501}, {""score"": ""2-2"", ""probability"": 0.04163}, {""score"": ""3-2"", ""probability"": 0.03788}]",,0.5706,0.4294,Yes,2.5,0.7074,0.2926,False,Over 2.5,-1.75,0.4919,0.5081,False,Stade Brestois 29 +1.75,False,False,False,False,False,False,,,,,,,,0.667,0.333,0.2,weekly_update_20260916T234516Z_1f1b82b7,2026-08-18.phase1,0.1.0-phase1,0.1.0-phase1,2026-09-16T23:45:16+00:00
LIGUE12627_MW21_187_StadeRennaisFC_ToulouseFC,2026-27,21,2027-02-20,2027-02-19T23:00:00+00:00,Stade Rennais FC,Toulouse FC,Roazhon Park,scheduled,early_week_mode,,,,1.825,1.215,,,1-1,,draw,,0.5217,0.2436,0.2348,Stade Rennais FC,0.5101,0.2428,0.2472,,,,"[{""score"": ""1-1"", ""probability"": 0.112761}, {""score"": ""2-1"", ""probability"": 0.096804}, {""score"": ""1-0"", ""probability"": 0.080669}, {""score"": ""2-0"", ""probability"": 0.079694}, {""score"": ""1-2"", ""probability"": 0.064434}, {""score"": ""3-1"", ""probability"": 0.058887}, {""score"": ""2-2"", ""probability"": 0.058794}, {""score"": ""0-0"", ""probability"": 0.054529}, {""score"": ""0-1"", ""probability"": 0.051464}, {""score"": ""3-0"", ""probability"": 0.048478}]",,0.5965,0.4035,Yes,2.5,0.5856,0.4144,False,Over 2.5,-0.5,0.5101,0.4899,False,Stade Rennais FC -0.5,False,False,False,False,False,False,,,,,,,,0.5217,0.4783,0.2,weekly_update_20260916T234516Z_1f1b82b7,2026-08-18.phase1,0.1.0-phase1,0.1.0-phase1,2026-09-16T23:45:16+00:00
LIGUE12627_MW21_188_RCStrasbourgAlsace_OlympiquedeMarseille,2026-27,21,2027-02-20,2027-02-19T23:00:00+00:00,RC Strasbourg Alsace,Olympique de Marseille,Stade de la Meinau,scheduled,early_week_mode,,,,1.811,1.737,,,1-1,,draw,,0.3853,0.2297,0.385,RC Strasbourg Alsace,0.3987,0.2324,0.3689,,,,"[{""score"": ""1-1"", ""probability"": 0.096258}, {""score"": ""2-1"", ""probability"": 0.081986}, {""score"": ""1-2"", ""probability"": 0.078669}, {""score"": ""2-2"", ""probability"": 0.071218}, {""score"": ""3-1"", ""probability"": 0.04948}, {""score"": ""2-0"", ""probability"": 0.047191}, {""score"": ""1-0"", ""probability"": 0.046434}, {""score"": ""1-3"", ""probability"": 0.045557}, {""score"": ""0-1"", ""probability"": 0.044325}, {""score"": ""0-2"", ""probability"": 0.04345}]",,0.6949,0.3051,Yes,2.5,0.6879,0.3121,False,Over 2.5,0.0,0.5149,0.4851,False,RC Strasbourg Alsace (pick'em),False,False,False,False,False,False,,,,,,,,0.3853,0.6147,0.2,weekly_update_20260916T234516Z_1f1b82b7,2026-08-18.phase1,0.1.0-phase1,0.1.0-phase1,2026-09-16T23:45:16+00:00
LIGUE12627_MW21_189_RCLens_EstacTroyes,2026-27,21,2027-02-20,2027-02-19T23:00:00+00:00,RC Lens,Estac Troyes,Stade Bollaert-Delelis,scheduled,early_week_mode,,,,3.227,0.835,,,3-0,,home_win,,0.7524,0.1696,0.078,RC Lens,0.8281,0.1124,0.0595,,,,"[{""score"": ""3-0"", ""probability"": 0.097042}, {""score"": ""2-0"", ""probability"": 0.090218}, {""score"": ""3-1"", ""probability"": 0.080987}, {""score"": ""4-0"", ""probability"": 0.078286}, {""score"": ""2-1"", ""probability"": 0.075292}, {""score"": ""4-1"", ""probability"": 0.065334}, {""score"": ""1-0"", ""probability"": 0.052982}, {""score"": ""5-0"", ""probability"": 0.050524}, {""score"": ""1-1"", ""probability"": 0.049599}, {""score"": ""5-1"", ""probability"": 0.042166}]",,0.5463,0.4537,Yes,2.5,0.7694,0.2306,False,Over 2.5,-2.25,0.5043,0.4957,False,RC Lens -2.25,False,False,False,False,False,False,,,,,,,,0.7524,0.2476,0.2,weekly_update_20260916T234516Z_1f1b82b7,2026-08-18.phase1,0.1.0-phase1,0.1.0-phase1,2026-09-16T23:45:16+00:00
LIGUE12627_MW22_190_AJAuxerre_LOSCLille,2026-27,22,2027-02-27,2027-02-26T23:00:00+00:00,AJ Auxerre,LOSC Lille,Stade de l'Abbé-Deschamps,scheduled,early_week_mode,,,,0.917,1.464,,,1-1,,draw,,0.2271,0.2937,0.4791,LOSC Lille,0.2283,0.2806,0.4911,,,,"[{""score"": ""1-1"", ""probability"": 0.131914}, {""score"": ""0-1"", ""probability"": 0.127516}, {""score"": ""0-0"", ""probability"": 0.100206}, {""score"": ""0-2"", ""probability"": 0.099085}, {""score"": ""1-2"", ""probability"": 0.090877}, {""score"": ""1-0"", ""probability"": 0.076945}, {""score"": ""2-1"", ""probability"": 0.056915}, {""score"": ""0-3"", ""probability"": 0.048368}, {""score"": ""1-3"", ""probability"": 0.044362}, {""score"": ""2-2"", ""probability"": 0.041675}]",,0.4693,0.5307,No,2.5,0.4255,0.5745,False,Under 2.5,0.5,0.5089,0.4911,False,AJ Auxerre +0.5,False,False,False,False,False,False,,,,,,,,0.4791,0.5209,0.2,weekly_update_20260916T234516Z_1f1b82b7,2026-08-18.phase1,0.1.0-phase1,0.1.0-phase1,2026-09-16T23:45:16+00:00
LIGUE12627_MW22_191_StadeBrestois29_ASMonaco,2026-27,22,2027-02-27,2027-02-26T23:00:00+00:00,Stade Brestois 29,AS Monaco,Stade Francis-Le Blé,scheduled,early_week_mode,,,,1.439,1.865,,,1-1,,draw,,0.2572,0.2449,0.4979,AS Monaco,0.2922,0.2373,0.4704,,,,"[{""score"": ""1-1"", ""probability"": 0.104797}, {""score"": ""1-2"", ""probability"": 0.091951}, {""score"": ""2-1"", ""probability"": 0.07094}, {""score"": ""2-2"", ""probability"": 0.066158}, {""score"": ""0-2"", ""probability"": 0.0639}, {""score"": ""0-1"", ""probability"": 0.06232}, {""score"": ""1-3"", ""probability"": 0.057169}, {""score"": ""1-0"", ""probability"": 0.046663}, {""score"": ""0-0"", ""probability"": 0.042935}, {""score"": ""2-3"", ""probability"": 0.041132}]",,0.6509,0.3491,Yes,2.5,0.6413,0.3587,False,Over 2.5,0.5,0.5296,0.4704,False,Stade Brestois 29 +0.5,False,False,False,False,False,False,,,,,,,,0.4979,0.5021,0.2,weekly_update_20260916T234516Z_1f1b82b7,2026-08-18.phase1,0.1.0-phase1,0.1.0-phase1,2026-09-16T23:45:16+00:00
LIGUE12627_MW22_192_LeMansFC_ParisFC,2026-27,22,2027-02-27,2027-02-26T23:00:00+00:00,Le Mans FC,Paris FC,Stade Marie-Marvingt,scheduled,early_week_mode,,,,1.385,1.997,,,1-1,,draw,,0.2572,0.2449,0.4979,Paris FC,0.26,0.2287,0.5113,,,,"[{""score"": ""1-1"", ""probability"": 0.099914}, {""score"": ""1-2"", ""probability"": 0.093859}, {""score"": ""0-2"", ""probability"": 0.067758}, {""score"": ""2-1"", ""probability"": 0.065107}, {""score"": ""2-2"", ""probability"": 0.065007}, {""score"": ""1-3"", ""probability"": 0.062477}, {""score"": ""0-1"", ""probability"": 0.061952}, {""score"": ""0-3"", ""probability"": 0.045103}, {""score"": ""2-3"", ""probability"": 0.043271}, {""score"": ""1-0"", ""probability"": 0.041163}]",,0.6538,0.3462,Yes,2.5,0.6567,0.3433,False,Over 2.5,0.5,0.4887,0.5113,False,Paris FC -0.5,False,False,False,False,False,False,,,,,,,,0.4979,0.5021,0.2,weekly_update_20260916T234516Z_1f1b82b7,2026-08-18.phase1,0.1.0-phase1,0.1.0-phase1,2026-09-16T23:45:16+00:00
LIGUE12627_MW22_193_FCLorient_AngersSCO,2026-27,22,2027-02-27,2027-02-26T23:00:00+00:00,FC Lorient,Angers SCO,Stade du Moustoir,scheduled,early_week_mode,,,,1.476,0.823,,,1-0,,home_win,,0.5049,0.2765,0.2187,FC Lorient,0.5182,0.28,0.2018,,,,"[{""score"": ""1-0"", ""probability"": 0.140399}, {""score"": ""1-1"", ""probability"": 0.129577}, {""score"": ""2-0"", ""probability"": 0.109294}, {""score"": ""0-0"", ""probability"": 0.107958}, {""score"": ""2-1"", ""probability"": 0.08999}, {""score"": ""0-1"", ""probability"": 0.074913}, {""score"": ""3-0"", ""probability"": 0.053784}, {""score"": ""1-2"", ""probability"": 0.050189}, {""score"": ""3-1"", ""probability"": 0.044284}, {""score"": ""2-2"", ""probability"": 0.037047}]",,0.4405,0.5595,No,2.5,0.4039,0.5961,False,Under 2.5,-0.5,0.5182,0.4818,False,FC Lorient -0.5,False,False,False,False,False,False,,,,,,,,0.5049,0.4951,0.2,weekly_update_20260916T234516Z_1f1b82b7,2026-08-18.phase1,0.1.0-phase1,0.1.0-phase1,2026-09-16T23:45:16+00:00
LIGUE12627_MW22_194_OlympiqueLyonnais_ToulouseFC,2026-27,22,2027-02-27,2027-02-26T23:00:00+00:00,Olympique Lyonnais,Toulouse FC,Parc Olympique Lyonnais,scheduled,early_week_mode,,,,1.764,1.056,,,1-1,,draw,,0.5299,0.2394,0.2307,Olympique Lyonnais,0.5326,0.2484,0.219,,,,"[{""score"": ""1-1"", ""probability"": 0.118012}, {""score"": ""1-0"", ""probability"": 0.098149}, {""score"": ""2-1"", ""probability"": 0.097943}, {""score"": ""2-0"", ""probability"": 0.092738}, {""score"": ""0-0"", ""probability"": 0.06657}, {""score"": ""1-2"", ""probability"": 0.058631}, {""score"": ""3-1"", ""probability"": 0.057599}, {""score"": ""0-1"", ""probability"": 0.055953}, {""score"": ""3-0"", ""probability"": 0.054538}, {""score"": ""2-2"", ""probability"": 0.05172}]",,0.5474,0.4526,Yes,2.5,0.5353,0.4647,False,Over 2.5,-0.75,0.4747,0.5253,False,Toulouse FC +0.75,False,False,False,False,False,False,,,,,,,,0.5299,0.4701,0.2,weekly_update_20260916T234516Z_1f1b82b7,2026-08-18.phase1,0.1.0-phase1,0.1.0-phase1,2026-09-16T23:45:16+00:00
LIGUE12627_MW22_195_OlympiquedeMarseille_StadeRennaisFC,2026-27,22,2027-02-27,2027-02-26T23:00:00+00:00,Olympique de Marseille,Stade Rennais FC,Stade Vélodrome,scheduled,early_week_mode,,,,2.057,1.552,,,1-1,,draw,,0.499,0.2192,0.2819,Olympique de Marseille,0.4893,0.2235,0.2872,,,,"[{""score"": ""1-1"", ""probability"": 0.091899}, {""score"": ""2-1"", ""probability"": 0.088928}, {""score"": ""2-2"", ""probability"": 0.069026}, {""score"": ""1-2"", ""probability"": 0.067113}, {""score"": ""3-1"", ""probability"": 0.060976}, {""score"": ""2-0"", ""probability"": 0.057284}, {""score"": ""1-0"", ""probability"": 0.05026}, {""score"": ""3-2"", ""probability"": 0.04733}, {""score"": ""3-0"", ""probability"": 0.039279}, {""score"": ""0-1"", ""probability"": 0.036597}]",,0.6929,0.3071,Yes,2.5,0.6988,0.3012,False,Over 2.5,-0.5,0.4893,0.5107,False,Stade Rennais FC +0.5,False,False,False,False,False,False,,,,,,,,0.499,0.501,0.2,weekly_update_20260916T234516Z_1f1b82b7,2026-08-18.phase1,0.1.0-phase1,0.1.0-phase1,2026-09-16T23:45:16+00:00
LIGUE12627_MW22_196_ParisSaint-Germain_RCLens,2026-27,22,2027-02-27,2027-02-26T23:00:00+00:00,Paris Saint-Germain,RC Lens,Parc des Princes,scheduled,early_week_mode,,,,1.981,1.145,,,1-1,,draw,,0.5375,0.2285,0.234,Paris Saint-Germain,0.5613,0.229,0.2098,,,,"[{""score"": ""1-1"", ""probability"": 0.105871}, {""score"": ""2-1"", ""probability"": 0.098641}, {""score"": ""2-0"", ""probability"": 0.086181}, {""score"": ""1-0"", ""probability"": 0.080763}, {""score"": ""3-1"", ""probability"": 0.065122}, {""score"": ""1-2"", ""probability"": 0.057005}, {""score"": ""3-0"", ""probability"": 0.056896}, {""score"": ""2-2"", ""probability"": 0.056452}, {""score"": ""0-0"", ""probability"": 0.050203}, {""score"": ""0-1"", ""probability"": 0.04403}]",,0.5938,0.4062,Yes,2.5,0.6042,0.3958,False,Over 2.5,-0.75,0.5051,0.4949,False,Paris Saint-Germain -0.75,False,False,False,False,False,False,,,,,,,,0.5375,0.4625,0.2,weekly_update_20260916T234516Z_1f1b82b7,2026-08-18.phase1,0.1.0-phase1,0.1.0-phase1,2026-09-16T23:45:16+00:00
LIGUE12627_MW22_197_RCStrasbourgAlsace_HavreAthleticClub,2026-27,22,2027-02-27,2027-02-26T23:00:00+00:00,RC Strasbourg Alsace,Havre Athletic Club,Stade de la Meinau,scheduled,early_week_mode,,,,1.894,0.951,,,1-1,,draw,,0.5815,0.2335,0.185,RC Strasbourg Alsace,0.5881,0.2337,0.1782,,,,"[{""score"": ""1-1"", ""probability"": 0.111295}, {""score"": ""2-0"", ""probability"": 0.104304}, {""score"": ""1-0"", ""probability"": 0.103539}, {""score"": ""2-1"", ""probability"": 0.099178}, {""score"": ""3-0"", ""probability"": 0.065861}, {""score"": ""0-0"", ""probability"": 0.064717}, {""score"": ""3-1"", ""probability"": 0.062625}, {""score"": ""1-2"", ""probability"": 0.049783}, {""score"": ""0-1"", ""probability"": 0.048693}, {""score"": ""2-2"", ""probability"": 0.047152}]",,0.5279,0.4721,Yes,2.5,0.5412,0.4588,False,Over 2.5,-0.75,0.5287,0.4713,False,RC Strasbourg Alsace -0.75,False,False,False,False,False,False,,,,,,,,0.5815,0.4185,0.2,weekly_update_20260916T234516Z_1f1b82b7,2026-08-18.phase1,0.1.0-phase1,0.1.0-phase1,2026-09-16T23:45:16+00:00
LIGUE12627_MW22_198_EstacTroyes_OGCNice,2026-27,22,2027-02-27,2027-02-26T23:00:00+00:00,Estac Troyes,OGC Nice,Stade de l'Aube,scheduled,early_week_mode,,,,1.252,1.895,,,1-1,,draw,,0.2411,0.2502,0.5087,OGC Nice,0.2454,0.2369,0.5178,,,,"[{""score"": ""1-1"", ""probability"": 0.108412}, {""score"": ""1-2"", ""probability"": 0.096638}, {""score"": ""0-2"", ""probability"": 0.077196}, {""score"": ""0-1"", ""probability"": 0.075064}, {""score"": ""2-1"", ""probability"": 0.063844}, {""score"": ""1-3"", ""probability"": 0.06104}, {""score"": ""2-2"", ""probability"": 0.060489}, {""score"": ""0-0"", ""probability"": 0.049411}, {""score"": ""0-3"", ""probability"": 0.048759}, {""score"": ""1-0"", ""probability"": 0.047415}]",,0.6131,0.3869,Yes,2.5,0.6088,0.3912,False,Over 2.5,0.5,0.4822,0.5178,False,OGC Nice -0.5,False,False,False,False,False,False,,,,,,,,0.5087,0.4913,0.2,weekly_update_20260916T234516Z_1f1b82b7,2026-08-18.phase1,0.1.0-phase1,0.1.0-phase1,2026-09-16T23:45:16+00:00
LIGUE12627_MW23_199_AngersSCO_AJAuxerre,2026-27,23,2027-03-06,2027-03-05T23:00:00+00:00,Angers SCO,AJ Auxerre,Stade Raymond Kopa,scheduled,early_week_mode,,,,1.073,1.146,,,1-1,,draw,,0.3355,0.2834,0.3811,AJ Auxerre,0.3285,0.3064,0.3651,,,,"[{""score"": ""1-1"", ""probability"": 0.142088}, {""score"": ""0-0"", ""probability"": 0.117092}, {""score"": ""0-1"", ""probability"": 0.116167}, {""score"": ""1-0"", ""probability"": 0.10823}, {""score"": ""1-2"", ""probability"": 0.076611}, {""score"": ""2-1"", ""probability"": 0.071729}, {""score"": ""0-2"", ""probability"": 0.07139}, {""score"": ""2-0"", ""probability"": 0.062582}, {""score"": ""2-2"", ""probability"": 0.041107}, {""score"": ""1-3"", ""probability"": 0.029269}]",,0.4573,0.5427,No,2.5,0.3825,0.6175,False,Under 2.5,0.0,0.4817,0.5183,False,AJ Auxerre (pick'em),False,False,False,False,False,False,,,,,,,,0.3811,0.6189,0.2,weekly_update_20260916T234516Z_1f1b82b7,2026-08-18.phase1,0.1.0-phase1,0.1.0-phase1,2026-09-16T23:45:16+00:00
LIGUE12627_MW23_200_HavreAthleticClub_OGCNice,2026-27,23,2027-03-06,2027-03-05T23:00:00+00:00,Havre Athletic Club,OGC Nice,Stade Océane,scheduled,early_week_mode,,,,1.123,1.112,,,1-1,,draw,,0.3668,0.2878,0.3454,Havre Athletic Club,0.35,0.3054,0.3446,,,,"[{""score"": ""1-1"", ""probability"": 0.142017}, {""score"": ""0-0"", ""probability"": 0.115438}, {""score"": ""1-0"", ""probability"": 0.111775}, {""score"": ""0-1"", ""probability"": 0.110607}, {""score"": ""2-1"", ""probability"": 0.075008}, {""score"": ""1-2"", ""probability"": 0.074279}, {""score"": ""2-0"", ""probability"": 0.067464}, {""score"": ""0-2"", ""probability"": 0.066159}, {""score"": ""2-2"", ""probability"": 0.041699}, {""score"": ""3-1"", ""probability"": 0.028072}]",,0.4611,0.5389,No,2.5,0.3865,0.6135,False,Under 2.5,0.0,0.5027,0.4973,False,Havre Athletic Club (pick'em),False,False,False,False,False,False,,,,,,,,0.3668,0.6332,0.2,weekly_update_20260916T234516Z_1f1b82b7,2026-08-18.phase1,0.1.0-phase1,0.1.0-phase1,2026-09-16T23:45:16+00:00
LIGUE12627_MW23_201_RCLens_RCStrasbourgAlsace,2026-27,23,2027-03-06,2027-03-05T23:00:00+00:00,RC Lens,RC Strasbourg Alsace,Stade Bollaert-Delelis,scheduled,early_week_mode,,,,1.933,1.282,,,1-1,,draw,,0.5293,0.2325,0.2382,RC Lens,0.5198,0.2337,0.2465,,,,"[{""score"": ""1-1"", ""probability"": 0.105778}, {""score"": ""2-1"", ""probability"": 0.096199}, {""score"": ""2-0"", ""probability"": 0.075048}, {""score"": ""1-0"", ""probability"": 0.071382}, {""score"": ""1-2"", ""probability"": 0.063784}, {""score"": ""3-1"", ""probability"": 0.061992}, {""score"": ""2-2"", ""probability"": 0.061655}, {""score"": ""3-0"", ""probability"": 0.048362}, {""score"": ""0-0"", ""probability"": 0.046418}, {""score"": ""0-1"", ""probability"": 0.045221}]",,0.6242,0.3758,Yes,2.5,0.6232,0.3768,False,Over 2.5,-0.5,0.5198,0.4802,False,RC Lens -0.5,False,False,False,False,False,False,,,,,,,,0.5293,0.4707,0.2,weekly_update_20260916T234516Z_1f1b82b7,2026-08-18.phase1,0.1.0-phase1,0.1.0-phase1,2026-09-16T23:45:16+00:00
LIGUE12627_MW23_202_LOSCLille_OlympiquedeMarseille,2026-27,23,2027-03-06,2027-03-05T23:00:00+00:00,LOSC Lille,Olympique de Marseille,Stade Pierre-Mauroy,scheduled,early_week_mode,,,,1.567,1.181,,,1-1,,draw,,0.4677,0.2409,0.2914,LOSC Lille,0.4552,0.2651,0.2798,,,,"[{""score"": ""1-1"", ""probability"": 0.126016}, {""score"": ""1-0"", ""probability"": 0.092951}, {""score"": ""2-1"", ""probability"": 0.09288}, {""score"": ""2-0"", ""probability"": 0.078657}, {""score"": ""0-0"", ""probability"": 0.071538}, {""score"": ""1-2"", ""probability"": 0.07}, {""score"": ""0-1"", ""probability"": 0.068217}, {""score"": ""2-2"", ""probability"": 0.054837}, {""score"": ""3-1"", ""probability"": 0.048507}, {""score"": ""0-2"", ""probability"": 0.044677}]",,0.5558,0.4442,Yes,2.5,0.5179,0.4821,False,Over 2.5,-0.25,0.5214,0.4786,False,LOSC Lille -0.25,False,False,False,False,False,False,,,,,,,,0.4677,0.5323,0.2,weekly_update_20260916T234516Z_1f1b82b7,2026-08-18.phase1,0.1.0-phase1,0.1.0-phase1,2026-09-16T23:45:16+00:00
LIGUE12627_MW23_203_ASMonaco_OlympiqueLyonnais,2026-27,23,2027-03-06,2027-03-05T23:00:00+00:00,AS Monaco,Olympique Lyonnais,Stade Louis II,scheduled,early_week_mode,,,,1.77,1.466,,,1-1,,draw,,0.4522,0.2329,0.315,AS Monaco,0.4428,0.2429,0.3143,,,,"[{""score"": ""1-1"", ""probability"": 0.108457}, {""score"": ""2-1"", ""probability"": 0.090298}, {""score"": ""1-2"", ""probability"": 0.07481}, {""score"": ""2-2"", ""probability"": 0.066201}, {""score"": ""1-0"", ""probability"": 0.063176}, {""score"": ""2-0"", ""probability"": 0.061584}, {""score"": ""3-1"", ""probability"": 0.053271}, {""score"": ""0-1"", ""probability"": 0.05124}, {""score"": ""0-0"", ""probability"": 0.045737}, {""score"": ""0-2"", ""probability"": 0.042269}]",,0.6446,0.3554,Yes,2.5,0.6275,0.3725,False,Over 2.5,-0.25,0.5035,0.4965,False,AS Monaco -0.25,False,False,False,False,False,False,,,,,,,,0.4522,0.5478,0.2,weekly_update_20260916T234516Z_1f1b82b7,2026-08-18.phase1,0.1.0-phase1,0.1.0-phase1,2026-09-16T23:45:16+00:00
LIGUE12627_MW23_204_ParisFC_StadeBrestois29,2026-27,23,2027-03-06,2027-03-05T23:00:00+00:00,Paris FC,Stade Brestois 29,Stade Charléty,scheduled,early_week_mode,,,,1.817,1.151,,,1-1,,draw,,0.5232,0.2428,0.234,Paris FC,0.5228,0.2436,0.2336,,,,"[{""score"": ""1-1"", ""probability"": 0.114297}, {""score"": ""2-1"", ""probability"": 0.097685}, {""score"": ""1-0"", ""probability"": 0.086689}, {""score"": ""2-0"", ""probability"": 0.08489}, {""score"": ""1-2"", ""probability"": 0.061872}, {""score"": ""3-1"", ""probability"": 0.059158}, {""score"": ""0-0"", ""probability"": 0.058198}, {""score"": ""2-2"", ""probability"": 0.056205}, {""score"": ""0-1"", ""probability"": 0.052429}, {""score"": ""3-0"", ""probability"": 0.051409}]",,0.5792,0.4208,Yes,2.5,0.5694,0.4306,False,Over 2.5,-0.5,0.5228,0.4772,False,Paris FC -0.5,False,False,False,False,False,False,,,,,,,,0.5232,0.4768,0.2,weekly_update_20260916T234516Z_1f1b82b7,2026-08-18.phase1,0.1.0-phase1,0.1.0-phase1,2026-09-16T23:45:16+00:00
LIGUE12627_MW23_205_StadeRennaisFC_ParisSaint-Germain,2026-27,23,2027-03-06,2027-03-05T23:00:00+00:00,Stade Rennais FC,Paris Saint-Germain,Roazhon Park,scheduled,early_week_mode,,,,1.385,2.112,,,1-1,,draw,,0.2455,0.2365,0.518,Paris Saint-Germain,0.2436,0.2203,0.5361,,,,"[{""score"": ""1-1"", ""probability"": 0.094212}, {""score"": ""1-2"", ""probability"": 0.093589}, {""score"": ""0-2"", ""probability"": 0.067564}, {""score"": ""1-3"", ""probability"": 0.065877}, {""score"": ""2-2"", ""probability"": 0.064819}, {""score"": ""2-1"", ""probability"": 0.06139}, {""score"": ""0-1"", ""probability"": 0.058417}, {""score"": ""0-3"", ""probability"": 0.047558}, {""score"": ""2-3"", ""probability"": 0.045626}, {""score"": ""1-0"", ""probability"": 0.036402}]",,0.6645,0.3355,Yes,2.5,0.6785,0.3215,False,Over 2.5,0.75,0.5166,0.4834,False,Stade Rennais FC +0.75,False,False,False,False,False,False,,,,,,,,0.518,0.482,0.2,weekly_update_20260916T234516Z_1f1b82b7,2026-08-18.phase1,0.1.0-phase1,0.1.0-phase1,2026-09-16T23:45:16+00:00
LIGUE12627_MW23_206_ToulouseFC_LeMansFC,2026-27,23,2027-03-06,2027-03-05T23:00:00+00:00,Toulouse FC,Le Mans FC,Stadium de Toulouse,scheduled,early_week_mode,,,,2.05,1.244,,,1-1,,draw,,0.5375,0.2285,0.234,Toulouse FC,0.5538,0.2241,0.222,,,,"[{""score"": ""1-1"", ""probability"": 0.100609}, {""score"": ""2-1"", ""probability"": 0.097023}, {""score"": ""2-0"", ""probability"": 0.078005}, {""score"": ""1-0"", ""probability"": 0.070152}, {""score"": ""3-1"", ""probability"": 0.066298}, {""score"": ""2-2"", ""probability"": 0.060339}, {""score"": ""1-2"", ""probability"": 0.058868}, {""score"": ""3-0"", ""probability"": 0.053303}, {""score"": ""0-0"", ""probability"": 0.043076}, {""score"": ""3-2"", ""probability"": 0.041231}]",,0.626,0.374,Yes,2.5,0.6392,0.3608,False,Over 2.5,-0.75,0.4992,0.5008,False,Le Mans FC +0.75,False,False,False,False,False,False,,,,,,,,0.5375,0.4625,0.2,weekly_update_20260916T234516Z_1f1b82b7,2026-08-18.phase1,0.1.0-phase1,0.1.0-phase1,2026-09-16T23:45:16+00:00
LIGUE12627_MW23_207_EstacTroyes_FCLorient,2026-27,23,2027-03-06,2027-03-05T23:00:00+00:00,Estac Troyes,FC Lorient,Stade de l'Aube,scheduled,early_week_mode,,,,1.193,2.056,,,1-1,,draw,,0.2255,0.2242,0.5503,FC Lorient,0.2103,0.223,0.5667,,,,"[{""score"": ""1-1"", ""probability"": 0.101199}, {""score"": ""1-2"", ""probability"": 0.0979}, {""score"": ""0-2"", ""probability"": 0.082086}, {""score"": ""0-1"", ""probability"": 0.073847}, {""score"": ""1-3"", ""probability"": 0.067108}, {""score"": ""2-2"", ""probability"": 0.05838}, {""score"": ""2-1"", ""probability"": 0.056778}, {""score"": ""0-3"", ""probability"": 0.056269}, {""score"": ""0-0"", ""probability"": 0.044808}, {""score"": ""1-0"", ""probability"": 0.040313}]",,0.6134,0.3866,Yes,2.5,0.6301,0.3699,False,Over 2.5,0.75,0.4885,0.5115,False,FC Lorient -0.75,False,False,False,False,False,False,,,,,,,,0.5503,0.4497,0.2,weekly_update_20260916T234516Z_1f1b82b7,2026-08-18.phase1,0.1.0-phase1,0.1.0-phase1,2026-09-16T23:45:16+00:00
LIGUE12627_MW24_208_AJAuxerre_ParisSaint-Germain,2026-27,24,2027-03-13,2027-03-12T23:00:00+00:00,AJ Auxerre,Paris Saint-Germain,Stade de l'Abbé-Deschamps,scheduled,early_week_mode,,,,0.949,2.201,,,0-2,,away_win,,0.2051,0.202,0.5929,Paris Saint-Germain,0.1446,0.2028,0.6526,,,,"[{""score"": ""0-2"", ""probability"": 0.103848}, {""score"": ""1-2"", ""probability"": 0.098545}, {""score"": ""1-1"", ""probability"": 0.095155}, {""score"": ""0-1"", ""probability"": 0.088715}, {""score"": ""0-3"", ""probability"": 0.076206}, {""score"": ""1-3"", ""probability"": 0.072315}, {""score"": ""0-0"", ""probability"": 0.048484}, {""score"": ""2-2"", ""probability"": 0.046756}, {""score"": ""2-1"", ""probability"": 0.042477}, {""score"": ""0-4"", ""probability"": 0.041942}]",,0.5506,0.4494,Yes,2.5,0.6095,0.3905,False,Over 2.5,1.25,0.5186,0.4814,False,AJ Auxerre +1.25,False,False,False,False,False,False,,,,,,,,0.5929,0.4071,0.2,weekly_update_20260916T234516Z_1f1b82b7,2026-08-18.phase1,0.1.0-phase1,0.1.0-phase1,2026-09-16T23:45:16+00:00
LIGUE12627_MW24_209_StadeBrestois29_LOSCLille,2026-27,24,2027-03-13,2027-03-12T23:00:00+00:00,Stade Brestois 29,LOSC Lille,Stade Francis-Le Blé,scheduled,early_week_mode,,,,1.069,1.529,,,1-1,,draw,,0.2425,0.2879,0.4696,LOSC Lille,0.2578,0.2711,0.4711,,,,"[{""score"": ""1-1"", ""probability"": 0.129301}, {""score"": ""0-1"", ""probability"": 0.106106}, {""score"": ""1-2"", ""probability"": 0.092992}, {""score"": ""0-2"", ""probability"": 0.086955}, {""score"": ""0-0"", ""probability"": 0.082056}, {""score"": ""1-0"", ""probability"": 0.071924}, {""score"": ""2-1"", ""probability"": 0.065048}, {""score"": ""2-2"", ""probability"": 0.049724}, {""score"": ""1-3"", ""probability"": 0.047389}, {""score"": ""0-3"", ""probability"": 0.044313}]",,0.522,0.478,Yes,2.5,0.4811,0.5189,False,Under 2.5,0.5,0.5289,0.4711,False,Stade Brestois 29 +0.5,False,False,False,False,False,False,,,,,,,,0.4696,0.5304,0.2,weekly_update_20260916T234516Z_1f1b82b7,2026-08-18.phase1,0.1.0-phase1,0.1.0-phase1,2026-09-16T23:45:16+00:00
LIGUE12627_MW24_210_HavreAthleticClub_RCLens,2026-27,24,2027-03-13,2027-03-12T23:00:00+00:00,Havre Athletic Club,RC Lens,Stade Océane,scheduled,early_week_mode,,,,0.889,1.594,,,1-1,,draw,,0.2302,0.2842,0.4856,RC Lens,0.2022,0.2658,0.532,,,,"[{""score"": ""1-1"", ""probability"": 0.125755}, {""score"": ""0-1"", ""probability"": 0.125647}, {""score"": ""0-2"", ""probability"": 0.106075}, {""score"": ""1-2"", ""probability"": 0.094303}, {""score"": ""0-0"", ""probability"": 0.090926}, {""score"": ""1-0"", ""probability"": 0.066783}, {""score"": ""0-3"", ""probability"": 0.056364}, {""score"": ""2-1"", ""probability"": 0.052593}, {""score"": ""1-3"", ""probability"": 0.050109}, {""score"": ""2-2"", ""probability"": 0.041919}]",,0.4768,0.5232,No,2.5,0.4518,0.5482,False,Under 2.5,0.75,0.5293,0.4707,False,Havre Athletic Club +0.75,False,False,False,False,False,False,,,,,,,,0.4856,0.5144,0.2,weekly_update_20260916T234516Z_1f1b82b7,2026-08-18.phase1,0.1.0-phase1,0.1.0-phase1,2026-09-16T23:45:16+00:00
LIGUE12627_MW24_211_LeMansFC_StadeRennaisFC,2026-27,24,2027-03-13,2027-03-12T23:00:00+00:00,Le Mans FC,Stade Rennais FC,Stade Marie-Marvingt,scheduled,early_week_mode,,,,1.59,2.349,,,1-2,,away_win,,0.2528,0.2229,0.5243,Stade Rennais FC,0.2528,0.2052,0.5419,,,,"[{""score"": ""1-2"", ""probability"": 0.085479}, {""score"": ""1-1"", ""probability"": 0.077357}, {""score"": ""2-2"", ""probability"": 0.067938}, {""score"": ""1-3"", ""probability"": 0.066928}, {""score"": ""2-1"", ""probability"": 0.057846}, {""score"": ""0-2"", ""probability"": 0.053774}, {""score"": ""2-3"", ""probability"": 0.053194}, {""score"": ""0-3"", ""probability"": 0.042104}, {""score"": ""0-1"", ""probability"": 0.04121}, {""score"": ""1-4"", ""probability"": 0.039302}]",,0.7245,0.2755,Yes,2.5,0.7526,0.2474,False,Over 2.5,0.75,0.508,0.492,False,Le Mans FC +0.75,False,False,False,False,False,False,,,,,,,,0.5243,0.4757,0.2,weekly_update_20260916T234516Z_1f1b82b7,2026-08-18.phase1,0.1.0-phase1,0.1.0-phase1,2026-09-16T23:45:16+00:00
LIGUE12627_MW24_212_OlympiqueLyonnais_EstacTroyes,2026-27,24,2027-03-13,2027-03-12T23:00:00+00:00,Olympique Lyonnais,Estac Troyes,Parc Olympique Lyonnais,scheduled,early_week_mode,,,,3.179,0.919,,,3-0,,home_win,,0.6955,0.2095,0.095,Olympique Lyonnais,0.8078,0.1212,0.071,,,,"[{""score"": ""3-0"", ""probability"": 0.089416}, {""score"": ""2-0"", ""probability"": 0.084393}, {""score"": ""3-1"", ""probability"": 0.082166}, {""score"": ""2-1"", ""probability"": 0.07755}, {""score"": ""4-0"", ""probability"": 0.071054}, {""score"": ""4-1"", ""probability"": 0.065292}, {""score"": ""1-1"", ""probability"": 0.051864}, {""score"": ""1-0"", ""probability"": 0.050034}, {""score"": ""5-0"", ""probability"": 0.04517}, {""score"": ""5-1"", ""probability"": 0.041507}]",,0.5789,0.4211,Yes,2.5,0.7746,0.2254,False,Over 2.5,-2.25,0.4794,0.5206,False,Estac Troyes +2.25,False,False,False,False,False,False,,,,,,,,0.6955,0.3045,0.2,weekly_update_20260916T234516Z_1f1b82b7,2026-08-18.phase1,0.1.0-phase1,0.1.0-phase1,2026-09-16T23:45:16+00:00
LIGUE12627_MW24_213_OlympiquedeMarseille_ASMonaco,2026-27,24,2027-03-13,2027-03-12T23:00:00+00:00,Olympique de Marseille,AS Monaco,Stade Vélodrome,scheduled,early_week_mode,,,,1.887,1.609,,,1-1,,draw,,0.4585,0.2221,0.3194,Olympique de Marseille,0.4406,0.2325,0.3269,,,,"[{""score"": ""1-1"", ""probability"": 0.097838}, {""score"": ""2-1"", ""probability"": 0.086859}, {""score"": ""1-2"", ""probability"": 0.074069}, {""score"": ""2-2"", ""probability"": 0.069892}, {""score"": ""3-1"", ""probability"": 0.054641}, {""score"": ""2-0"", ""probability"": 0.053973}, {""score"": ""1-0"", ""probability"": 0.05141}, {""score"": ""3-2"", ""probability"": 0.043967}, {""score"": ""0-1"", ""probability"": 0.042988}, {""score"": ""1-3"", ""probability"": 0.039734}]",,0.6845,0.3155,Yes,2.5,0.6784,0.3216,False,Over 2.5,-0.25,0.4987,0.5013,False,AS Monaco +0.25,False,False,False,False,False,False,,,,,,,,0.4585,0.5415,0.2,weekly_update_20260916T234516Z_1f1b82b7,2026-08-18.phase1,0.1.0-phase1,0.1.0-phase1,2026-09-16T23:45:16+00:00
LIGUE12627_MW24_214_OGCNice_ToulouseFC,2026-27,24,2027-03-13,2027-03-12T23:00:00+00:00,OGC Nice,Toulouse FC,Allianz Riviera,scheduled,early_week_mode,,,,1.249,1.211,,,1-1,,draw,,0.3795,0.282,0.3385,OGC Nice,0.3647,0.2888,0.3465,,,,"[{""score"": ""1-1"", ""probability"": 0.137335}, {""score"": ""1-0"", ""probability"": 0.098543}, {""score"": ""0-1"", ""probability"": 0.095308}, {""score"": ""0-0"", ""probability"": 0.09351}, {""score"": ""2-1"", ""probability"": 0.080708}, {""score"": ""1-2"", ""probability"": 0.07826}, {""score"": ""2-0"", ""probability"": 0.066626}, {""score"": ""0-2"", ""probability"": 0.062646}, {""score"": ""2-2"", ""probability"": 0.048883}, {""score"": ""3-1"", ""probability"": 0.033608}]",,0.509,0.491,Yes,2.5,0.446,0.554,False,Under 2.5,0.0,0.5091,0.4909,False,OGC Nice (pick'em),False,False,False,False,False,False,,,,,,,,0.3795,0.6205,0.2,weekly_update_20260916T234516Z_1f1b82b7,2026-08-18.phase1,0.1.0-phase1,0.1.0-phase1,2026-09-16T23:45:16+00:00
LIGUE12627_MW24_215_ParisFC_FCLorient,2026-27,24,2027-03-13,2027-03-12T23:00:00+00:00,Paris FC,FC Lorient,Stade Charléty,scheduled,early_week_mode,,,,1.586,1.07,,,1-1,,draw,,0.5084,0.2474,0.2442,Paris FC,0.4856,0.2656,0.2488,,,,"[{""score"": ""1-1"", ""probability"": 0.126677}, {""score"": ""1-0"", ""probability"": 0.103869}, {""score"": ""2-1"", ""probability"": 0.094511}, {""score"": ""2-0"", ""probability"": 0.08831}, {""score"": ""0-0"", ""probability"": 0.077711}, {""score"": ""0-1"", ""probability"": 0.067655}, {""score"": ""1-2"", ""probability"": 0.063777}, {""score"": ""2-2"", ""probability"": 0.050574}, {""score"": ""3-1"", ""probability"": 0.049964}, {""score"": ""3-0"", ""probability"": 0.046686}]",,0.53,0.47,Yes,2.5,0.4956,0.5044,False,Under 2.5,-0.5,0.4856,0.5144,False,FC Lorient +0.5,False,False,False,False,False,False,,,,,,,,0.5084,0.4916,0.2,weekly_update_20260916T234516Z_1f1b82b7,2026-08-18.phase1,0.1.0-phase1,0.1.0-phase1,2026-09-16T23:45:16+00:00
LIGUE12627_MW24_216_RCStrasbourgAlsace_AngersSCO,2026-27,24,2027-03-13,2027-03-12T23:00:00+00:00,RC Strasbourg Alsace,Angers SCO,Stade de la Meinau,scheduled,early_week_mode,,,,1.951,0.869,,,2-0,,home_win,,0.5815,0.2335,0.185,RC Strasbourg Alsace,0.6206,0.2252,0.1541,,,,"[{""score"": ""2-0"", ""probability"": 0.113423}, {""score"": ""1-0"", ""probability"": 0.109898}, {""score"": ""1-1"", ""probability"": 0.107422}, {""score"": ""2-1"", ""probability"": 0.098607}, {""score"": ""3-0"", ""probability"": 0.073775}, {""score"": ""0-0"", ""probability"": 0.065931}, {""score"": ""3-1"", ""probability"": 0.064138}, {""score"": ""0-1"", ""probability"": 0.04544}, {""score"": ""1-2"", ""probability"": 0.043933}, {""score"": ""2-2"", ""probability"": 0.042863}]",,0.5046,0.4954,Yes,2.5,0.5354,0.4646,False,Over 2.5,-1.0,0.5003,0.4997,False,RC Strasbourg Alsace -1,False,False,False,False,False,False,,,,,,,,0.5815,0.4185,0.2,weekly_update_20260916T234516Z_1f1b82b7,2026-08-18.phase1,0.1.0-phase1,0.1.0-phase1,2026-09-16T23:45:16+00:00
LIGUE12627_MW25_217_AngersSCO_LeMansFC,2026-27,25,2027-03-20,2027-03-19T23:00:00+00:00,Angers SCO,Le Mans FC,Stade Raymond Kopa,scheduled,early_week_mode,,,,1.463,1.354,,,1-1,,draw,,0.3844,0.2727,0.3429,Angers SCO,0.3912,0.2664,0.3424,,,,"[{""score"": ""1-1"", ""probability"": 0.125881}, {""score"": ""2-1"", ""probability"": 0.08661}, {""score"": ""1-2"", ""probability"": 0.080206}, {""score"": ""1-0"", ""probability"": 0.079996}, {""score"": ""0-1"", ""probability"": 0.07353}, {""score"": ""0-0"", ""probability"": 0.067233}, {""score"": ""2-0"", ""probability"": 0.063946}, {""score"": ""2-2"", ""probability"": 0.058654}, {""score"": ""0-2"", ""probability"": 0.054838}, {""score"": ""3-1"", ""probability"": 0.042225}]",,0.5775,0.4225,Yes,2.5,0.5346,0.4654,False,Over 2.5,0.0,0.5244,0.4756,False,Angers SCO (pick'em),False,False,False,False,False,False,,,,,,,,0.3844,0.6156,0.2,weekly_update_20260916T234516Z_1f1b82b7,2026-08-18.phase1,0.1.0-phase1,0.1.0-phase1,2026-09-16T23:45:16+00:00
LIGUE12627_MW25_218_RCLens_LOSCLille,2026-27,25,2027-03-20,2027-03-19T23:00:00+00:00,RC Lens,LOSC Lille,Stade Bollaert-Delelis,scheduled,early_week_mode,,,,1.314,1.109,,,1-1,,draw,,0.3984,0.2961,0.3055,RC Lens,0.4046,0.2895,0.3059,,,,"[{""score"": ""1-1"", ""probability"": 0.137312}, {""score"": ""1-0"", ""probability"": 0.108344}, {""score"": ""0-0"", ""probability"": 0.096759}, {""score"": ""0-1"", ""probability"": 0.090196}, {""score"": ""2-1"", ""probability"": 0.084877}, {""score"": ""2-0"", ""probability"": 0.076518}, {""score"": ""1-2"", ""probability"": 0.071651}, {""score"": ""0-2"", ""probability"": 0.054529}, {""score"": ""2-2"", ""probability"": 0.047074}, {""score"": ""3-1"", ""probability"": 0.037176}]",,0.4982,0.5018,No,2.5,0.4363,0.5637,False,Under 2.5,-0.25,0.477,0.523,False,LOSC Lille +0.25,False,False,False,False,False,False,,,,,,,,0.3984,0.6016,0.2,weekly_update_20260916T234516Z_1f1b82b7,2026-08-18.phase1,0.1.0-phase1,0.1.0-phase1,2026-09-16T23:45:16+00:00
LIGUE12627_MW25_219_FCLorient_OGCNice,2026-27,25,2027-03-20,2027-03-19T23:00:00+00:00,FC Lorient,OGC Nice,Stade du Moustoir,scheduled,early_week_mode,,,,1.455,1.075,,,1-1,,draw,,0.4719,0.285,0.2431,FC Lorient,0.4504,0.278,0.2716,,,,"[{""score"": ""1-1"", ""probability"": 0.132444}, {""score"": ""1-0"", ""probability"": 0.108063}, {""score"": ""2-1"", ""probability"": 0.090636}, {""score"": ""0-0"", ""probability"": 0.087505}, {""score"": ""2-0"", ""probability"": 0.0843}, {""score"": ""0-1"", ""probability"": 0.077824}, {""score"": ""1-2"", ""probability"": 0.066987}, {""score"": ""2-2"", ""probability"": 0.048724}, {""score"": ""0-2"", ""probability"": 0.046048}, {""score"": ""3-1"", ""probability"": 0.04395}]",,0.5128,0.4872,Yes,2.5,0.4638,0.5362,False,Under 2.5,-0.25,0.5199,0.4801,False,FC Lorient -0.25,False,False,False,False,False,False,,,,,,,,0.4719,0.5281,0.2,weekly_update_20260916T234516Z_1f1b82b7,2026-08-18.phase1,0.1.0-phase1,0.1.0-phase1,2026-09-16T23:45:16+00:00
LIGUE12627_MW25_220_OlympiquedeMarseille_OlympiqueLyonnais,2026-27,25,2027-03-20,2027-03-19T23:00:00+00:00,Olympique de Marseille,Olympique Lyonnais,Stade Vélodrome,scheduled,early_week_mode,,,,1.788,1.501,,,1-1,,draw,,0.4522,0.2329,0.315,Olympique de Marseille,0.44,0.2409,0.3191,,,,"[{""score"": ""1-1"", ""probability"": 0.106372}, {""score"": ""2-1"", ""probability"": 0.089496}, {""score"": ""1-2"", ""probability"": 0.075099}, {""score"": ""2-2"", ""probability"": 0.067157}, {""score"": ""1-0"", ""probability"": 0.060392}, {""score"": ""2-0"", ""probability"": 0.059633}, {""score"": ""3-1"", ""probability"": 0.053355}, {""score"": ""0-1"", ""probability"": 0.049665}, {""score"": ""0-0"", ""probability"": 0.043578}, {""score"": ""0-2"", ""probability"": 0.04199}]",,0.6534,0.3466,Yes,2.5,0.6384,0.3616,False,Over 2.5,-0.25,0.5003,0.4997,False,Olympique de Marseille -0.25,False,False,False,False,False,False,,,,,,,,0.4522,0.5478,0.2,weekly_update_20260916T234516Z_1f1b82b7,2026-08-18.phase1,0.1.0-phase1,0.1.0-phase1,2026-09-16T23:45:16+00:00
LIGUE12627_MW25_221_ASMonaco_HavreAthleticClub,2026-27,25,2027-03-20,2027-03-19T23:00:00+00:00,AS Monaco,Havre Athletic Club,Stade Louis II,scheduled,early_week_mode,,,,2.0,0.87,,,2-0,,home_win,,0.6199,0.231,0.1491,AS Monaco,0.6309,0.22,0.1491,,,,"[{""score"": ""2-0"", ""probability"": 0.113468}, {""score"": ""1-0"", ""probability"": 0.107269}, {""score"": ""1-1"", ""probability"": 0.104883}, {""score"": ""2-1"", ""probability"": 0.098674}, {""score"": ""3-0"", ""probability"": 0.075641}, {""score"": ""3-1"", ""probability"": 0.06578}, {""score"": ""0-0"", ""probability"": 0.062944}, {""score"": ""0-1"", ""probability"": 0.043137}, {""score"": ""1-2"", ""probability"": 0.042907}, {""score"": ""2-2"", ""probability"": 0.042905}]",,0.5085,0.4915,Yes,2.5,0.5468,0.4532,False,Over 2.5,-1.0,0.5114,0.4886,False,AS Monaco -1,False,False,False,False,False,False,,,,,,,,0.6199,0.3801,0.2,weekly_update_20260916T234516Z_1f1b82b7,2026-08-18.phase1,0.1.0-phase1,0.1.0-phase1,2026-09-16T23:45:16+00:00
LIGUE12627_MW25_222_ParisSaint-Germain_RCStrasbourgAlsace,2026-27,25,2027-03-20,2027-03-19T23:00:00+00:00,Paris Saint-Germain,RC Strasbourg Alsace,Parc des Princes,scheduled,early_week_mode,,,,2.516,1.145,,,2-1,,home_win,,0.6623,0.1995,0.1382,Paris Saint-Germain,0.6667,0.1832,0.1502,,,,"[{""score"": ""2-1"", ""probability"": 0.093271}, {""score"": ""2-0"", ""probability"": 0.08145}, {""score"": ""1-1"", ""probability"": 0.078801}, {""score"": ""3-1"", ""probability"": 0.078226}, {""score"": ""3-0"", ""probability"": 0.068312}, {""score"": ""1-0"", ""probability"": 0.060081}, {""score"": ""2-2"", ""probability"": 0.053404}, {""score"": ""4-1"", ""probability"": 0.049206}, {""score"": ""3-2"", ""probability"": 0.04479}, {""score"": ""4-0"", ""probability"": 0.04297}]",,0.6313,0.3687,Yes,2.5,0.7076,0.2924,False,Over 2.5,-1.25,0.5087,0.4913,False,Paris Saint-Germain -1.25,False,False,False,False,False,False,,,,,,,,0.6623,0.3377,0.2,weekly_update_20260916T234516Z_1f1b82b7,2026-08-18.phase1,0.1.0-phase1,0.1.0-phase1,2026-09-16T23:45:16+00:00
LIGUE12627_MW25_223_StadeRennaisFC_ParisFC,2026-27,25,2027-03-20,2027-03-19T23:00:00+00:00,Stade Rennais FC,Paris FC,Roazhon Park,scheduled,early_week_mode,,,,1.711,1.405,,,1-1,,draw,,0.4677,0.2409,0.2914,Stade Rennais FC,0.4417,0.2483,0.31,,,,"[{""score"": ""1-1"", ""probability"": 0.11327}, {""score"": ""2-1"", ""probability"": 0.091175}, {""score"": ""1-2"", ""probability"": 0.074888}, {""score"": ""1-0"", ""probability"": 0.069126}, {""score"": ""2-0"", ""probability"": 0.064873}, {""score"": ""2-2"", ""probability"": 0.064071}, {""score"": ""0-1"", ""probability"": 0.05558}, {""score"": ""3-1"", ""probability"": 0.052003}, {""score"": ""0-0"", ""probability"": 0.051015}, {""score"": ""0-2"", ""probability"": 0.043766}]",,0.6251,0.3749,Yes,2.5,0.6024,0.3976,False,Over 2.5,-0.25,0.5037,0.4963,False,Stade Rennais FC -0.25,False,False,False,False,False,False,,,,,,,,0.4677,0.5323,0.2,weekly_update_20260916T234516Z_1f1b82b7,2026-08-18.phase1,0.1.0-phase1,0.1.0-phase1,2026-09-16T23:45:16+00:00
LIGUE12627_MW25_224_ToulouseFC_StadeBrestois29,2026-27,25,2027-03-20,2027-03-19T23:00:00+00:00,Toulouse FC,Stade Brestois 29,Stadium de Toulouse,scheduled,early_week_mode,,,,1.57,1.227,,,1-1,,draw,,0.4677,0.2409,0.2914,Toulouse FC,0.4457,0.2635,0.2908,,,,"[{""score"": ""1-1"", ""probability"": 0.124873}, {""score"": ""2-1"", ""probability"": 0.092239}, {""score"": ""1-0"", ""probability"": 0.088342}, {""score"": ""2-0"", ""probability"": 0.075158}, {""score"": ""1-2"", ""probability"": 0.072094}, {""score"": ""0-0"", ""probability"": 0.068352}, {""score"": ""0-1"", ""probability"": 0.067435}, {""score"": ""2-2"", ""probability"": 0.056601}, {""score"": ""3-1"", ""probability"": 0.048278}, {""score"": ""0-2"", ""probability"": 0.045913}]",,0.5673,0.4327,Yes,2.5,0.5299,0.4701,False,Over 2.5,-0.25,0.5115,0.4885,False,Toulouse FC -0.25,False,False,False,False,False,False,,,,,,,,0.4677,0.5323,0.2,weekly_update_20260916T234516Z_1f1b82b7,2026-08-18.phase1,0.1.0-phase1,0.1.0-phase1,2026-09-16T23:45:16+00:00
LIGUE12627_MW25_225_EstacTroyes_AJAuxerre,2026-27,25,2027-03-20,2027-03-19T23:00:00+00:00,Estac Troyes,AJ Auxerre,Stade de l'Aube,scheduled,early_week_mode,,,,1.309,1.896,,,1-1,,draw,,0.2572,0.2449,0.4979,AJ Auxerre,0.2579,0.2365,0.5055,,,,"[{""score"": ""1-1"", ""probability"": 0.107}, {""score"": ""1-2"", ""probability"": 0.095452}, {""score"": ""0-2"", ""probability"": 0.072937}, {""score"": ""0-1"", ""probability"": 0.070595}, {""score"": ""2-1"", ""probability"": 0.065873}, {""score"": ""2-2"", ""probability"": 0.062459}, {""score"": ""1-3"", ""probability"": 0.060336}, {""score"": ""0-0"", ""probability"": 0.046895}, {""score"": ""1-0"", ""probability"": 0.046757}, {""score"": ""0-3"", ""probability"": 0.046104}]",,0.6266,0.3734,Yes,2.5,0.6211,0.3789,False,Over 2.5,0.5,0.4945,0.5055,False,AJ Auxerre -0.5,False,False,False,False,False,False,,,,,,,,0.4979,0.5021,0.2,weekly_update_20260916T234516Z_1f1b82b7,2026-08-18.phase1,0.1.0-phase1,0.1.0-phase1,2026-09-16T23:45:16+00:00
LIGUE12627_MW26_226_AngersSCO_ASMonaco,2026-27,26,2027-04-03,2027-04-02T22:00:00+00:00,Angers SCO,AS Monaco,Stade Raymond Kopa,scheduled,early_week_mode,,,,0.944,1.734,,,1-1,,draw,,0.2201,0.2427,0.5372,AS Monaco,0.1967,0.2506,0.5527,,,,"[{""score"": ""1-1"", ""probability"": 0.119517}, {""score"": ""0-1"", ""probability"": 0.111999}, {""score"": ""0-2"", ""probability"": 0.103258}, {""score"": ""1-2"", ""probability"": 0.097516}, {""score"": ""0-0"", ""probability"": 0.07572}, {""score"": ""0-3"", ""probability"": 0.059698}, {""score"": ""1-0"", ""probability"": 0.057762}, {""score"": ""1-3"", ""probability"": 0.056378}, {""score"": ""2-1"", ""probability"": 0.053097}, {""score"": ""2-2"", ""probability"": 0.046046}]",,0.5103,0.4897,Yes,2.5,0.5011,0.4989,False,Over 2.5,0.75,0.5073,0.4927,False,Angers SCO +0.75,False,False,False,False,False,False,,,,,,,,0.5372,0.4628,0.2,weekly_update_20260916T234516Z_1f1b82b7,2026-08-18.phase1,0.1.0-phase1,0.1.0-phase1,2026-09-16T23:45:16+00:00
LIGUE12627_MW26_227_AJAuxerre_RCLens,2026-27,26,2027-04-03,2027-04-02T22:00:00+00:00,AJ Auxerre,RC Lens,Stade de l'Abbé-Deschamps,scheduled,early_week_mode,,,,1.062,1.692,,,1-1,,draw,,0.2374,0.2618,0.5008,RC Lens,0.2309,0.2554,0.5137,,,,"[{""score"": ""1-1"", ""probability"": 0.121639}, {""score"": ""0-1"", ""probability"": 0.100546}, {""score"": ""1-2"", ""probability"": 0.096791}, {""score"": ""0-2"", ""probability"": 0.091123}, {""score"": ""0-0"", ""probability"": 0.070892}, {""score"": ""2-1"", ""probability"": 0.060781}, {""score"": ""1-0"", ""probability"": 0.060463}, {""score"": ""1-3"", ""probability"": 0.054574}, {""score"": ""2-2"", ""probability"": 0.051406}, {""score"": ""0-3"", ""probability"": 0.051378}]",,0.5409,0.4591,Yes,2.5,0.5194,0.4806,False,Over 2.5,0.5,0.4863,0.5137,False,RC Lens -0.5,False,False,False,False,False,False,,,,,,,,0.5008,0.4992,0.2,weekly_update_20260916T234516Z_1f1b82b7,2026-08-18.phase1,0.1.0-phase1,0.1.0-phase1,2026-09-16T23:45:16+00:00
LIGUE12627_MW26_228_StadeBrestois29_FCLorient,2026-27,26,2027-04-03,2027-04-02T22:00:00+00:00,Stade Brestois 29,FC Lorient,Stade Francis-Le Blé,scheduled,early_week_mode,,,,1.49,1.337,,,1-1,,draw,,0.4015,0.2544,0.3441,Stade Brestois 29,0.4019,0.2654,0.3327,,,,"[{""score"": ""1-1"", ""probability"": 0.125339}, {""score"": ""2-1"", ""probability"": 0.087862}, {""score"": ""1-0"", ""probability"": 0.080811}, {""score"": ""1-2"", ""probability"": 0.07881}, {""score"": ""0-1"", ""probability"": 0.071721}, {""score"": ""0-0"", ""probability"": 0.06662}, {""score"": ""2-0"", ""probability"": 0.065734}, {""score"": ""2-2"", ""probability"": 0.05872}, {""score"": ""0-2"", ""probability"": 0.052888}, {""score"": ""3-1"", ""probability"": 0.043643}]",,0.5785,0.4215,Yes,2.5,0.5369,0.4631,False,Over 2.5,-0.25,0.4683,0.5317,False,FC Lorient +0.25,False,False,False,False,False,False,,,,,,,,0.4015,0.5985,0.2,weekly_update_20260916T234516Z_1f1b82b7,2026-08-18.phase1,0.1.0-phase1,0.1.0-phase1,2026-09-16T23:45:16+00:00
LIGUE12627_MW26_229_HavreAthleticClub_EstacTroyes,2026-27,26,2027-04-03,2027-04-02T22:00:00+00:00,Havre Athletic Club,Estac Troyes,Stade Océane,scheduled,early_week_mode,,,,1.885,1.038,,,1-1,,draw,,0.5423,0.2305,0.2272,Havre Athletic Club,0.5649,0.2364,0.1987,,,,"[{""score"": ""1-1"", ""probability"": 0.111835}, {""score"": ""2-1"", ""probability"": 0.099178}, {""score"": ""2-0"", ""probability"": 0.095514}, {""score"": ""1-0"", ""probability"": 0.094717}, {""score"": ""3-1"", ""probability"": 0.062322}, {""score"": ""0-0"", ""probability"": 0.060368}, {""score"": ""3-0"", ""probability"": 0.060019}, {""score"": ""1-2"", ""probability"": 0.054628}, {""score"": ""2-2"", ""probability"": 0.051491}, {""score"": ""0-1"", ""probability"": 0.049199}]",,0.5545,0.4455,Yes,2.5,0.5594,0.4406,False,Over 2.5,-0.75,0.5069,0.4931,False,Havre Athletic Club -0.75,False,False,False,False,False,False,,,,,,,,0.5423,0.4577,0.2,weekly_update_20260916T234516Z_1f1b82b7,2026-08-18.phase1,0.1.0-phase1,0.1.0-phase1,2026-09-16T23:45:16+00:00
LIGUE12627_MW26_230_LeMansFC_OlympiquedeMarseille,2026-27,26,2027-04-03,2027-04-02T22:00:00+00:00,Le Mans FC,Olympique de Marseille,Stade Marie-Marvingt,scheduled,early_week_mode,,,,1.493,2.461,,,1-2,,away_win,,0.2305,0.2068,0.5627,Olympique de Marseille,0.2197,0.1969,0.5834,,,,"[{""score"": ""1-2"", ""probability"": 0.086811}, {""score"": ""1-1"", ""probability"": 0.074994}, {""score"": ""1-3"", ""probability"": 0.071206}, {""score"": ""2-2"", ""probability"": 0.064791}, {""score"": ""0-2"", ""probability"": 0.058157}, {""score"": ""2-3"", ""probability"": 0.053144}, {""score"": ""2-1"", ""probability"": 0.05266}, {""score"": ""0-3"", ""probability"": 0.047703}, {""score"": ""1-4"", ""probability"": 0.043805}, {""score"": ""0-1"", ""probability"": 0.042832}]",,0.7134,0.2866,Yes,2.5,0.7547,0.2453,False,Over 2.5,1.0,0.5178,0.4822,False,Le Mans FC +1,False,False,False,False,False,False,,,,,,,,0.5627,0.4373,0.2,weekly_update_20260916T234516Z_1f1b82b7,2026-08-18.phase1,0.1.0-phase1,0.1.0-phase1,2026-09-16T23:45:16+00:00
LIGUE12627_MW26_231_LOSCLille_StadeRennaisFC,2026-27,26,2027-04-03,2027-04-02T22:00:00+00:00,LOSC Lille,Stade Rennais FC,Stade Pierre-Mauroy,scheduled,early_week_mode,,,,1.668,1.127,,,1-1,,draw,,0.5187,0.2422,0.2391,LOSC Lille,0.4928,0.2571,0.2501,,,,"[{""score"": ""1-1"", ""probability"": 0.122091}, {""score"": ""2-1"", ""probability"": 0.095828}, {""score"": ""1-0"", ""probability"": 0.094686}, {""score"": ""2-0"", ""probability"": 0.085016}, {""score"": ""0-0"", ""probability"": 0.068301}, {""score"": ""1-2"", ""probability"": 0.064739}, {""score"": ""0-1"", ""probability"": 0.061624}, {""score"": ""2-2"", ""probability"": 0.054008}, {""score"": ""3-1"", ""probability"": 0.053296}, {""score"": ""3-0"", ""probability"": 0.047283}]",,0.5558,0.4442,Yes,2.5,0.5295,0.4705,False,Over 2.5,-0.5,0.4928,0.5072,False,Stade Rennais FC +0.5,False,False,False,False,False,False,,,,,,,,0.5187,0.4813,0.2,weekly_update_20260916T234516Z_1f1b82b7,2026-08-18.phase1,0.1.0-phase1,0.1.0-phase1,2026-09-16T23:45:16+00:00
LIGUE12627_MW26_232_OGCNice_OlympiqueLyonnais,2026-27,26,2027-04-03,2027-04-02T22:00:00+00:00,OGC Nice,Olympique Lyonnais,Allianz Riviera,scheduled,early_week_mode,,,,1.169,1.594,,,1-1,,draw,,0.2533,0.2563,0.4904,Olympique Lyonnais,0.2722,0.263,0.4647,,,,"[{""score"": ""1-1"", ""probability"": 0.124998}, {""score"": ""1-2"", ""probability"": 0.093718}, {""score"": ""0-1"", ""probability"": 0.093235}, {""score"": ""0-2"", ""probability"": 0.080192}, {""score"": ""0-0"", ""probability"": 0.070532}, {""score"": ""2-1"", ""probability"": 0.06872}, {""score"": ""1-0"", ""probability"": 0.066393}, {""score"": ""2-2"", ""probability"": 0.054763}, {""score"": ""1-3"", ""probability"": 0.04979}, {""score"": ""2-0"", ""probability"": 0.043117}]",,0.5566,0.4434,Yes,2.5,0.5215,0.4785,False,Over 2.5,0.25,0.4695,0.5305,False,Olympique Lyonnais -0.25,False,False,False,False,False,False,,,,,,,,0.4904,0.5096,0.2,weekly_update_20260916T234516Z_1f1b82b7,2026-08-18.phase1,0.1.0-phase1,0.1.0-phase1,2026-09-16T23:45:16+00:00
LIGUE12627_MW26_233_ParisFC_ParisSaint-Germain,2026-27,26,2027-04-03,2027-04-02T22:00:00+00:00,Paris FC,Paris Saint-Germain,Stade Charléty,scheduled,early_week_mode,,,,1.178,1.84,,,1-1,,draw,,0.2374,0.2618,0.5008,Paris Saint-Germain,0.2364,0.2415,0.5221,,,,"[{""score"": ""1-1"", ""probability"": 0.112666}, {""score"": ""1-2"", ""probability"": 0.097531}, {""score"": ""0-1"", ""probability"": 0.08335}, {""score"": ""0-2"", ""probability"": 0.082821}, {""score"": ""2-1"", ""probability"": 0.062414}, {""score"": ""1-3"", ""probability"": 0.059824}, {""score"": ""2-2"", ""probability"": 0.057426}, {""score"": ""0-0"", ""probability"": 0.055581}, {""score"": ""1-0"", ""probability"": 0.050939}, {""score"": ""0-3"", ""probability"": 0.050802}]",,0.5888,0.4112,Yes,2.5,0.5807,0.4193,False,Over 2.5,0.5,0.4779,0.5221,False,Paris Saint-Germain -0.5,False,False,False,False,False,False,,,,,,,,0.5008,0.4992,0.2,weekly_update_20260916T234516Z_1f1b82b7,2026-08-18.phase1,0.1.0-phase1,0.1.0-phase1,2026-09-16T23:45:16+00:00
LIGUE12627_MW26_234_RCStrasbourgAlsace_ToulouseFC,2026-27,26,2027-04-03,2027-04-02T22:00:00+00:00,RC Strasbourg Alsace,Toulouse FC,Stade de la Meinau,scheduled,early_week_mode,,,,1.792,1.219,,,1-1,,draw,,0.5187,0.2422,0.2391,RC Strasbourg Alsace,0.5015,0.2455,0.253,,,,"[{""score"": ""1-1"", ""probability"": 0.114356}, {""score"": ""2-1"", ""probability"": 0.096399}, {""score"": ""1-0"", ""probability"": 0.081531}, {""score"": ""2-0"", ""probability"": 0.079111}, {""score"": ""1-2"", ""probability"": 0.065551}, {""score"": ""2-2"", ""probability"": 0.058732}, {""score"": ""3-1"", ""probability"": 0.057581}, {""score"": ""0-0"", ""probability"": 0.056038}, {""score"": ""0-1"", ""probability"": 0.053276}, {""score"": ""3-0"", ""probability"": 0.047254}]",,0.5937,0.4063,Yes,2.5,0.5791,0.4209,False,Over 2.5,-0.5,0.5015,0.4985,False,RC Strasbourg Alsace -0.5,False,False,False,False,False,False,,,,,,,,0.5187,0.4813,0.2,weekly_update_20260916T234516Z_1f1b82b7,2026-08-18.phase1,0.1.0-phase1,0.1.0-phase1,2026-09-16T23:45:16+00:00
LIGUE12627_MW27_235_LeMansFC_AJAuxerre,2026-27,27,2027-04-10,2027-04-09T22:00:00+00:00,Le Mans FC,AJ Auxerre,Stade Marie-Marvingt,scheduled,early_week_mode,,,,1.657,1.609,,,1-1,,draw,,0.3798,0.2407,0.3795,Le Mans FC,0.388,0.2443,0.3677,,,,"[{""score"": ""1-1"", ""probability"": 0.10813}, {""score"": ""2-1"", ""probability"": 0.084295}, {""score"": ""1-2"", ""probability"": 0.081852}, {""score"": ""2-2"", ""probability"": 0.067822}, {""score"": ""1-0"", ""probability"": 0.056825}, {""score"": ""0-1"", ""probability"": 0.054993}, {""score"": ""2-0"", ""probability"": 0.052385}, {""score"": ""0-2"", ""probability"": 0.049393}, {""score"": ""3-1"", ""probability"": 0.046564}, {""score"": ""0-0"", ""probability"": 0.044547}]",,0.6538,0.3462,Yes,2.5,0.6337,0.3663,False,Over 2.5,0.0,0.5102,0.4898,False,Le Mans FC (pick'em),False,False,False,False,False,False,,,,,,,,0.3798,0.6202,0.2,weekly_update_20260916T234516Z_1f1b82b7,2026-08-18.phase1,0.1.0-phase1,0.1.0-phase1,2026-09-16T23:45:16+00:00
LIGUE12627_MW27_236_LOSCLille_ToulouseFC,2026-27,27,2027-04-10,2027-04-09T22:00:00+00:00,LOSC Lille,Toulouse FC,Stade Pierre-Mauroy,scheduled,early_week_mode,,,,1.551,0.828,,,1-0,,home_win,,0.5131,0.2719,0.215,LOSC Lille,0.5365,0.2707,0.1928,,,,"[{""score"": ""1-0"", ""probability"": 0.136199}, {""score"": ""1-1"", ""probability"": 0.12648}, {""score"": ""2-0"", ""probability"": 0.111401}, {""score"": ""0-0"", ""probability"": 0.100139}, {""score"": ""2-1"", ""probability"": 0.092264}, {""score"": ""0-1"", ""probability"": 0.069258}, {""score"": ""3-0"", ""probability"": 0.057582}, {""score"": ""1-2"", ""probability"": 0.049278}, {""score"": ""3-1"", ""probability"": 0.04769}, {""score"": ""2-2"", ""probability"": 0.038207}]",,0.4512,0.5488,No,2.5,0.4247,0.5753,False,Under 2.5,-0.75,0.4738,0.5262,False,Toulouse FC +0.75,False,False,False,False,False,False,,,,,,,,0.5131,0.4869,0.2,weekly_update_20260916T234516Z_1f1b82b7,2026-08-18.phase1,0.1.0-phase1,0.1.0-phase1,2026-09-16T23:45:16+00:00
LIGUE12627_MW27_237_FCLorient_RCLens,2026-27,27,2027-04-10,2027-04-09T22:00:00+00:00,FC Lorient,RC Lens,Stade du Moustoir,scheduled,early_week_mode,,,,1.152,1.542,,,1-1,,draw,,0.2425,0.2879,0.4696,RC Lens,0.2767,0.268,0.4553,,,,"[{""score"": ""1-1"", ""probability"": 0.127682}, {""score"": ""0-1"", ""probability"": 0.096735}, {""score"": ""1-2"", ""probability"": 0.092589}, {""score"": ""0-2"", ""probability"": 0.080381}, {""score"": ""0-0"", ""probability"": 0.075207}, {""score"": ""1-0"", ""probability"": 0.070376}, {""score"": ""2-1"", ""probability"": 0.069187}, {""score"": ""2-2"", ""probability"": 0.053326}, {""score"": ""1-3"", ""probability"": 0.047576}, {""score"": ""2-0"", ""probability"": 0.044883}]",,0.5451,0.4549,Yes,2.5,0.5047,0.4953,False,Over 2.5,0.25,0.4777,0.5223,False,RC Lens -0.25,False,False,False,False,False,False,,,,,,,,0.4696,0.5304,0.2,weekly_update_20260916T234516Z_1f1b82b7,2026-08-18.phase1,0.1.0-phase1,0.1.0-phase1,2026-09-16T23:45:16+00:00
LIGUE12627_MW27_238_OlympiqueLyonnais_RCStrasbourgAlsace,2026-27,27,2027-04-10,2027-04-09T22:00:00+00:00,Olympique Lyonnais,RC Strasbourg Alsace,Parc Olympique Lyonnais,scheduled,early_week_mode,,,,1.904,1.411,,,1-1,,draw,,0.4887,0.2237,0.2877,Olympique Lyonnais,0.4851,0.235,0.2798,,,,"[{""score"": ""1-1"", ""probability"": 0.103744}, {""score"": ""2-1"", ""probability"": 0.092935}, {""score"": ""1-2"", ""probability"": 0.068881}, {""score"": ""2-0"", ""probability"": 0.065847}, {""score"": ""2-2"", ""probability"": 0.065584}, {""score"": ""1-0"", ""probability"": 0.06302}, {""score"": ""3-1"", ""probability"": 0.058991}, {""score"": ""0-1"", ""probability"": 0.04512}, {""score"": ""0-0"", ""probability"": 0.042454}, {""score"": ""3-0"", ""probability"": 0.041797}]",,0.6497,0.3503,Yes,2.5,0.6436,0.3564,False,Over 2.5,-0.5,0.4851,0.5149,False,RC Strasbourg Alsace +0.5,False,False,False,False,False,False,,,,,,,,0.4887,0.5113,0.2,weekly_update_20260916T234516Z_1f1b82b7,2026-08-18.phase1,0.1.0-phase1,0.1.0-phase1,2026-09-16T23:45:16+00:00
LIGUE12627_MW27_239_OlympiquedeMarseille_StadeBrestois29,2026-27,27,2027-04-10,2027-04-09T22:00:00+00:00,Olympique de Marseille,Stade Brestois 29,Stade Vélodrome,scheduled,early_week_mode,,,,2.239,1.24,,,2-1,,home_win,,0.5737,0.1991,0.2271,Olympique de Marseille,0.5938,0.2087,0.1975,,,,"[{""score"": ""2-1"", ""probability"": 0.095903}, {""score"": ""1-1"", ""probability"": 0.091063}, {""score"": ""2-0"", ""probability"": 0.077339}, {""score"": ""3-1"", ""probability"": 0.071567}, {""score"": ""1-0"", ""probability"": 0.063705}, {""score"": ""2-2"", ""probability"": 0.059461}, {""score"": ""3-0"", ""probability"": 0.057714}, {""score"": ""1-2"", ""probability"": 0.05312}, {""score"": ""3-2"", ""probability"": 0.044373}, {""score"": ""4-1"", ""probability"": 0.040055}]",,0.6402,0.3598,Yes,2.5,0.675,0.325,False,Over 2.5,-1.0,0.4859,0.5141,False,Stade Brestois 29 +1,False,False,False,False,False,False,,,,,,,,0.5737,0.4263,0.2,weekly_update_20260916T234516Z_1f1b82b7,2026-08-18.phase1,0.1.0-phase1,0.1.0-phase1,2026-09-16T23:45:16+00:00
LIGUE12627_MW27_240_ASMonaco_StadeRennaisFC,2026-27,27,2027-04-10,2027-04-09T22:00:00+00:00,AS Monaco,Stade Rennais FC,Stade Louis II,scheduled,early_week_mode,,,,2.036,1.517,,,1-1,,draw,,0.499,0.2192,0.2819,AS Monaco,0.492,0.2252,0.2828,,,,"[{""score"": ""1-1"", ""probability"": 0.094073}, {""score"": ""2-1"", ""probability"": 0.090083}, {""score"": ""2-2"", ""probability"": 0.068314}, {""score"": ""1-2"", ""probability"": 0.06712}, {""score"": ""3-1"", ""probability"": 0.061123}, {""score"": ""2-0"", ""probability"": 0.059394}, {""score"": ""1-0"", ""probability"": 0.052791}, {""score"": ""3-2"", ""probability"": 0.046353}, {""score"": ""3-0"", ""probability"": 0.0403}, {""score"": ""0-1"", ""probability"": 0.037916}]",,0.6842,0.3158,Yes,2.5,0.6886,0.3114,False,Over 2.5,-0.5,0.492,0.508,False,Stade Rennais FC +0.5,False,False,False,False,False,False,,,,,,,,0.499,0.501,0.2,weekly_update_20260916T234516Z_1f1b82b7,2026-08-18.phase1,0.1.0-phase1,0.1.0-phase1,2026-09-16T23:45:16+00:00
LIGUE12627_MW27_241_OGCNice_ParisFC,2026-27,27,2027-04-10,2027-04-09T22:00:00+00:00,OGC Nice,Paris FC,Allianz Riviera,scheduled,early_week_mode,,,,1.171,1.402,,,1-1,,draw,,0.2569,0.305,0.4381,Paris FC,0.3063,0.2792,0.4145,,,,"[{""score"": ""1-1"", ""probability"": 0.133165}, {""score"": ""0-1"", ""probability"": 0.099085}, {""score"": ""1-2"", ""probability"": 0.087799}, {""score"": ""0-0"", ""probability"": 0.084194}, {""score"": ""1-0"", ""probability"": 0.081513}, {""score"": ""0-2"", ""probability"": 0.074958}, {""score"": ""2-1"", ""probability"": 0.073376}, {""score"": ""2-0"", ""probability"": 0.052353}, {""score"": ""2-2"", ""probability"": 0.051421}, {""score"": ""1-3"", ""probability"": 0.041019}]",,0.528,0.472,Yes,2.5,0.4747,0.5253,False,Under 2.5,0.25,0.5157,0.4843,False,OGC Nice +0.25,False,False,False,False,False,False,,,,,,,,0.4381,0.5619,0.2,weekly_update_20260916T234516Z_1f1b82b7,2026-08-18.phase1,0.1.0-phase1,0.1.0-phase1,2026-09-16T23:45:16+00:00
LIGUE12627_MW27_242_ParisSaint-Germain_HavreAthleticClub,2026-27,27,2027-04-10,2027-04-09T22:00:00+00:00,Paris Saint-Germain,Havre Athletic Club,Parc des Princes,scheduled,early_week_mode,,,,2.464,0.669,,,2-0,,home_win,,0.6679,0.2012,0.1309,Paris Saint-Germain,0.7633,0.1602,0.0764,,,,"[{""score"": ""2-0"", ""probability"": 0.13249}, {""score"": ""3-0"", ""probability"": 0.108829}, {""score"": ""1-0"", ""probability"": 0.103009}, {""score"": ""2-1"", ""probability"": 0.088591}, {""score"": ""1-1"", ""probability"": 0.076422}, {""score"": ""3-1"", ""probability"": 0.07277}, {""score"": ""4-0"", ""probability"": 0.067045}, {""score"": ""0-0"", ""probability"": 0.048157}, {""score"": ""4-1"", ""probability"": 0.044831}, {""score"": ""5-0"", ""probability"": 0.033043}]",,0.4506,0.5494,No,2.5,0.6055,0.3945,False,Over 2.5,-1.75,0.4883,0.5117,False,Havre Athletic Club +1.75,False,False,False,False,False,False,,,,,,,,0.6679,0.3321,0.2,weekly_update_20260916T234516Z_1f1b82b7,2026-08-18.phase1,0.1.0-phase1,0.1.0-phase1,2026-09-16T23:45:16+00:00
LIGUE12627_MW27_243_EstacTroyes_AngersSCO,2026-27,27,2027-04-10,2027-04-09T22:00:00+00:00,Estac Troyes,Angers SCO,Stade de l'Aube,scheduled,early_week_mode,,,,1.27,1.451,,,1-1,,draw,,0.3213,0.2786,0.4001,Angers SCO,0.3231,0.271,0.4059,,,,"[{""score"": ""1-1"", ""probability"": 0.128882}, {""score"": ""1-2"", ""probability"": 0.087981}, {""score"": ""0-1"", ""probability"": 0.087821}, {""score"": ""2-1"", ""probability"": 0.077026}, {""score"": ""1-0"", ""probability"": 0.075937}, {""score"": ""0-0"", ""probability"": 0.073397}, {""score"": ""0-2"", ""probability"": 0.069252}, {""score"": ""2-2"", ""probability"": 0.055887}, {""score"": ""2-0"", ""probability"": 0.05308}, {""score"": ""1-3"", ""probability"": 0.042557}]",,0.5584,0.4416,Yes,2.5,0.5116,0.4884,False,Over 2.5,0.25,0.5263,0.4737,False,Estac Troyes +0.25,False,False,False,False,False,False,,,,,,,,0.4001,0.5999,0.2,weekly_update_20260916T234516Z_1f1b82b7,2026-08-18.phase1,0.1.0-phase1,0.1.0-phase1,2026-09-16T23:45:16+00:00
LIGUE12627_MW28_244_AngersSCO_OlympiqueLyonnais,2026-27,28,2027-04-17,2027-04-16T22:00:00+00:00,Angers SCO,Olympique Lyonnais,Stade Raymond Kopa,scheduled,early_week_mode,,,,0.895,1.617,,,1-1,,draw,,0.2374,0.2618,0.5008,Olympique Lyonnais,0.2005,0.2632,0.5364,,,,"[{""score"": ""1-1"", ""probability"": 0.124742}, {""score"": ""0-1"", ""probability"": 0.123754}, {""score"": ""0-2"", ""probability"": 0.106051}, {""score"": ""1-2"", ""probability"": 0.094915}, {""score"": ""0-0"", ""probability"": 0.088453}, {""score"": ""1-0"", ""probability"": 0.065181}, {""score"": ""0-3"", ""probability"": 0.057178}, {""score"": ""2-1"", ""probability"": 0.052519}, {""score"": ""1-3"", ""probability"": 0.051174}, {""score"": ""2-2"", ""probability"": 0.042474}]",,0.4814,0.5186,No,2.5,0.4593,0.5407,False,Under 2.5,0.75,0.5248,0.4752,False,Angers SCO +0.75,False,False,False,False,False,False,,,,,,,,0.5008,0.4992,0.2,weekly_update_20260916T234516Z_1f1b82b7,2026-08-18.phase1,0.1.0-phase1,0.1.0-phase1,2026-09-16T23:45:16+00:00
LIGUE12627_MW28_245_AJAuxerre_FCLorient,2026-27,28,2027-04-17,2027-04-16T22:00:00+00:00,AJ Auxerre,FC Lorient,Stade de l'Abbé-Deschamps,scheduled,early_week_mode,,,,1.278,1.28,,,1-1,,draw,,0.3646,0.271,0.3644,AJ Auxerre,0.3583,0.2824,0.3594,,,,"[{""score"": ""1-1"", ""probability"": 0.13467}, {""score"": ""0-1"", ""probability"": 0.091176}, {""score"": ""1-0"", ""probability"": 0.090993}, {""score"": ""0-0"", ""probability"": 0.085399}, {""score"": ""1-2"", ""probability"": 0.081113}, {""score"": ""2-1"", ""probability"": 0.080964}, {""score"": ""0-2"", ""probability"": 0.063469}, {""score"": ""2-0"", ""probability"": 0.063235}, {""score"": ""2-2"", ""probability"": 0.051831}, {""score"": ""1-3"", ""probability"": 0.034618}]",,0.5289,0.4711,Yes,2.5,0.4711,0.5289,False,Under 2.5,0.0,0.4994,0.5006,False,FC Lorient (pick'em),False,False,False,False,False,False,,,,,,,,0.3646,0.6354,0.2,weekly_update_20260916T234516Z_1f1b82b7,2026-08-18.phase1,0.1.0-phase1,0.1.0-phase1,2026-09-16T23:45:16+00:00
LIGUE12627_MW28_246_StadeBrestois29_LeMansFC,2026-27,28,2027-04-17,2027-04-16T22:00:00+00:00,Stade Brestois 29,Le Mans FC,Stade Francis-Le Blé,scheduled,early_week_mode,,,,2.229,1.457,,,2-1,,home_win,,0.5547,0.2038,0.2415,Stade Brestois 29,0.5452,0.2124,0.2424,,,,"[{""score"": ""2-1"", ""probability"": 0.090815}, {""score"": ""1-1"", ""probability"": 0.086625}, {""score"": ""3-1"", ""probability"": 0.067462}, {""score"": ""2-2"", ""probability"": 0.066137}, {""score"": ""2-0"", ""probability"": 0.06235}, {""score"": ""1-2"", ""probability"": 0.059354}, {""score"": ""1-0"", ""probability"": 0.050831}, {""score"": ""3-2"", ""probability"": 0.04913}, {""score"": ""3-0"", ""probability"": 0.046317}, {""score"": ""4-1"", ""probability"": 0.037586}]",,0.6894,0.3106,Yes,2.5,0.7119,0.2881,False,Over 2.5,-0.75,0.4936,0.5064,False,Le Mans FC +0.75,False,False,False,False,False,False,,,,,,,,0.5547,0.4453,0.2,weekly_update_20260916T234516Z_1f1b82b7,2026-08-18.phase1,0.1.0-phase1,0.1.0-phase1,2026-09-16T23:45:16+00:00
LIGUE12627_MW28_247_HavreAthleticClub_OlympiquedeMarseille,2026-27,28,2027-04-17,2027-04-16T22:00:00+00:00,Havre Athletic Club,Olympique de Marseille,Stade Océane,scheduled,early_week_mode,,,,1.057,1.702,,,1-1,,draw,,0.2374,0.2618,0.5008,Olympique de Marseille,0.2282,0.2545,0.5173,,,,"[{""score"": ""1-1"", ""probability"": 0.121175}, {""score"": ""0-1"", ""probability"": 0.100668}, {""score"": ""1-2"", ""probability"": 0.096992}, {""score"": ""0-2"", ""probability"": 0.091742}, {""score"": ""0-0"", ""probability"": 0.070545}, {""score"": ""2-1"", ""probability"": 0.060265}, {""score"": ""1-0"", ""probability"": 0.059835}, {""score"": ""1-3"", ""probability"": 0.055011}, {""score"": ""0-3"", ""probability"": 0.052033}, {""score"": ""2-2"", ""probability"": 0.051271}]",,0.5407,0.4593,Yes,2.5,0.5206,0.4794,False,Over 2.5,0.5,0.4827,0.5173,False,Olympique de Marseille -0.5,False,False,False,False,False,False,,,,,,,,0.5008,0.4992,0.2,weekly_update_20260916T234516Z_1f1b82b7,2026-08-18.phase1,0.1.0-phase1,0.1.0-phase1,2026-09-16T23:45:16+00:00
LIGUE12627_MW28_248_RCLens_OGCNice,2026-27,28,2027-04-17,2027-04-16T22:00:00+00:00,RC Lens,OGC Nice,Stade Bollaert-Delelis,scheduled,early_week_mode,,,,1.922,0.894,,,2-0,,home_win,,0.5815,0.2335,0.185,RC Lens,0.6082,0.2292,0.1625,,,,"[{""score"": ""2-0"", ""probability"": 0.110598}, {""score"": ""1-1"", ""probability"": 0.109317}, {""score"": ""1-0"", ""probability"": 0.108628}, {""score"": ""2-1"", ""probability"": 0.098832}, {""score"": ""3-0"", ""probability"": 0.070851}, {""score"": ""0-0"", ""probability"": 0.066354}, {""score"": ""3-1"", ""probability"": 0.063313}, {""score"": ""0-1"", ""probability"": 0.047049}, {""score"": ""1-2"", ""probability"": 0.045954}, {""score"": ""2-2"", ""probability"": 0.044159}]",,0.5108,0.4892,Yes,2.5,0.5341,0.4659,False,Over 2.5,-1.0,0.4882,0.5118,False,OGC Nice +1,False,False,False,False,False,False,,,,,,,,0.5815,0.4185,0.2,weekly_update_20260916T234516Z_1f1b82b7,2026-08-18.phase1,0.1.0-phase1,0.1.0-phase1,2026-09-16T23:45:16+00:00
LIGUE12627_MW28_249_ASMonaco_RCStrasbourgAlsace,2026-27,28,2027-04-17,2027-04-16T22:00:00+00:00,AS Monaco,RC Strasbourg Alsace,Stade Louis II,scheduled,early_week_mode,,,,2.042,1.489,,,1-1,,draw,,0.499,0.2192,0.2819,AS Monaco,0.4991,0.225,0.2759,,,,"[{""score"": ""1-1"", ""probability"": 0.09463}, {""score"": ""2-1"", ""probability"": 0.090902}, {""score"": ""2-2"", ""probability"": 0.06769}, {""score"": ""1-2"", ""probability"": 0.066298}, {""score"": ""3-1"", ""probability"": 0.061873}, {""score"": ""2-0"", ""probability"": 0.061037}, {""score"": ""1-0"", ""probability"": 0.054184}, {""score"": ""3-2"", ""probability"": 0.046074}, {""score"": ""3-0"", ""probability"": 0.041545}, {""score"": ""0-1"", ""probability"": 0.038003}]",,0.6795,0.3205,Yes,2.5,0.6848,0.3152,False,Over 2.5,-0.5,0.4991,0.5009,False,RC Strasbourg Alsace +0.5,False,False,False,False,False,False,,,,,,,,0.499,0.501,0.2,weekly_update_20260916T234516Z_1f1b82b7,2026-08-18.phase1,0.1.0-phase1,0.1.0-phase1,2026-09-16T23:45:16+00:00
LIGUE12627_MW28_250_ParisSaint-Germain_LOSCLille,2026-27,28,2027-04-17,2027-04-16T22:00:00+00:00,Paris Saint-Germain,LOSC Lille,Parc des Princes,scheduled,early_week_mode,,,,1.71,0.991,,,1-1,,draw,,0.5299,0.2394,0.2307,Paris Saint-Germain,0.5354,0.2535,0.2111,,,,"[{""score"": ""1-1"", ""probability"": 0.120928}, {""score"": ""1-0"", ""probability"": 0.10766}, {""score"": ""2-0"", ""probability"": 0.098174}, {""score"": ""2-1"", ""probability"": 0.097286}, {""score"": ""0-0"", ""probability"": 0.07429}, {""score"": ""0-1"", ""probability"": 0.059376}, {""score"": ""1-2"", ""probability"": 0.056373}, {""score"": ""3-0"", ""probability"": 0.055964}, {""score"": ""3-1"", ""probability"": 0.055458}, {""score"": ""2-2"", ""probability"": 0.048203}]",,0.5222,0.4778,Yes,2.5,0.5066,0.4934,False,Over 2.5,-0.75,0.4762,0.5238,False,LOSC Lille +0.75,False,False,False,False,False,False,,,,,,,,0.5299,0.4701,0.2,weekly_update_20260916T234516Z_1f1b82b7,2026-08-18.phase1,0.1.0-phase1,0.1.0-phase1,2026-09-16T23:45:16+00:00
LIGUE12627_MW28_251_StadeRennaisFC_EstacTroyes,2026-27,28,2027-04-17,2027-04-16T22:00:00+00:00,Stade Rennais FC,Estac Troyes,Roazhon Park,scheduled,early_week_mode,,,,3.288,1.057,,,3-1,,home_win,,0.6679,0.2012,0.1309,Stade Rennais FC,0.796,0.1226,0.0814,,,,"[{""score"": ""3-1"", ""probability"": 0.081783}, {""score"": ""3-0"", ""probability"": 0.077381}, {""score"": ""2-1"", ""probability"": 0.074622}, {""score"": ""2-0"", ""probability"": 0.070606}, {""score"": ""4-1"", ""probability"": 0.067223}, {""score"": ""4-0"", ""probability"": 0.063605}, {""score"": ""1-1"", ""probability"": 0.048246}, {""score"": ""5-1"", ""probability"": 0.044204}, {""score"": ""3-2"", ""probability"": 0.043217}, {""score"": ""5-0"", ""probability"": 0.041825}]",,0.6308,0.3692,Yes,2.5,0.8069,0.1931,False,Over 2.5,-2.0,0.5243,0.4757,False,Stade Rennais FC -2,False,False,False,False,False,False,,,,,,,,0.6679,0.3321,0.2,weekly_update_20260916T234516Z_1f1b82b7,2026-08-18.phase1,0.1.0-phase1,0.1.0-phase1,2026-09-16T23:45:16+00:00
LIGUE12627_MW28_252_ToulouseFC_ParisFC,2026-27,28,2027-04-17,2027-04-16T22:00:00+00:00,Toulouse FC,Paris FC,Stadium de Toulouse,scheduled,early_week_mode,,,,1.257,1.306,,,1-1,,draw,,0.3355,0.2834,0.3811,Paris FC,0.3475,0.2819,0.3706,,,,"[{""score"": ""1-1"", ""probability"": 0.134471}, {""score"": ""0-1"", ""probability"": 0.092674}, {""score"": ""1-0"", ""probability"": 0.088904}, {""score"": ""0-0"", ""probability"": 0.084994}, {""score"": ""1-2"", ""probability"": 0.082628}, {""score"": ""2-1"", ""probability"": 0.079532}, {""score"": ""0-2"", ""probability"": 0.06572}, {""score"": ""2-0"", ""probability"": 0.060888}, {""score"": ""2-2"", ""probability"": 0.051942}, {""score"": ""1-3"", ""probability"": 0.035976}]",,0.5297,0.4703,Yes,2.5,0.4723,0.5277,False,Under 2.5,0.0,0.4885,0.5115,False,Paris FC (pick'em),False,False,False,False,False,False,,,,,,,,0.3811,0.6189,0.2,weekly_update_20260916T234516Z_1f1b82b7,2026-08-18.phase1,0.1.0-phase1,0.1.0-phase1,2026-09-16T23:45:16+00:00
LIGUE12627_MW29_253_LeMansFC_HavreAthleticClub,2026-27,29,2027-04-24,2027-04-23T22:00:00+00:00,Le Mans FC,Havre Athletic Club,Stade Marie-Marvingt,scheduled,early_week_mode,,,,1.562,1.347,,,1-1,,draw,,0.4015,0.2544,0.3441,Le Mans FC,0.4177,0.2602,0.3221,,,,"[{""score"": ""1-1"", ""probability"": 0.12197}, {""score"": ""2-1"", ""probability"": 0.089609}, {""score"": ""1-0"", ""probability"": 0.077991}, {""score"": ""1-2"", ""probability"": 0.077276}, {""score"": ""2-0"", ""probability"": 0.066535}, {""score"": ""0-1"", ""probability"": 0.066264}, {""score"": ""0-0"", ""probability"": 0.061774}, {""score"": ""2-2"", ""probability"": 0.060342}, {""score"": ""0-2"", ""probability"": 0.049481}, {""score"": ""3-1"", ""probability"": 0.046648}]",,0.5919,0.4081,Yes,2.5,0.556,0.444,False,Over 2.5,-0.25,0.4828,0.5172,False,Havre Athletic Club +0.25,False,False,False,False,False,False,,,,,,,,0.4015,0.5985,0.2,weekly_update_20260916T234516Z_1f1b82b7,2026-08-18.phase1,0.1.0-phase1,0.1.0-phase1,2026-09-16T23:45:16+00:00
LIGUE12627_MW29_254_LOSCLille_ASMonaco,2026-27,29,2027-04-24,2027-04-23T22:00:00+00:00,LOSC Lille,AS Monaco,Stade Pierre-Mauroy,scheduled,early_week_mode,,,,1.531,1.169,,,1-1,,draw,,0.449,0.2712,0.2798,LOSC Lille,0.4488,0.2685,0.2827,,,,"[{""score"": ""1-1"", ""probability"": 0.127868}, {""score"": ""1-0"", ""probability"": 0.095391}, {""score"": ""2-1"", ""probability"": 0.092077}, {""score"": ""2-0"", ""probability"": 0.078799}, {""score"": ""0-0"", ""probability"": 0.074822}, {""score"": ""0-1"", ""probability"": 0.071027}, {""score"": ""1-2"", ""probability"": 0.070288}, {""score"": ""2-2"", ""probability"": 0.053797}, {""score"": ""3-1"", ""probability"": 0.046982}, {""score"": ""0-2"", ""probability"": 0.045917}]",,0.5476,0.4524,Yes,2.5,0.5062,0.4938,False,Over 2.5,-0.25,0.5159,0.4841,False,LOSC Lille -0.25,False,False,False,False,False,False,,,,,,,,0.449,0.551,0.2,weekly_update_20260916T234516Z_1f1b82b7,2026-08-18.phase1,0.1.0-phase1,0.1.0-phase1,2026-09-16T23:45:16+00:00
LIGUE12627_MW29_255_FCLorient_ParisSaint-Germain,2026-27,29,2027-04-24,2027-04-23T22:00:00+00:00,FC Lorient,Paris Saint-Germain,Stade du Moustoir,scheduled,early_week_mode,,,,1.029,2.006,,,1-1,,draw,,0.2075,0.2364,0.5561,Paris Saint-Germain,0.1818,0.2244,0.5938,,,,"[{""score"": ""1-1"", ""probability"": 0.105486}, {""score"": ""1-2"", ""probability"": 0.099556}, {""score"": ""0-2"", ""probability"": 0.096746}, {""score"": ""0-1"", ""probability"": 0.090204}, {""score"": ""1-3"", ""probability"": 0.066578}, {""score"": ""0-3"", ""probability"": 0.064699}, {""score"": ""0-0"", ""probability"": 0.054312}, {""score"": ""2-2"", ""probability"": 0.051224}, {""score"": ""2-1"", ""probability"": 0.051064}, {""score"": ""1-0"", ""probability"": 0.043228}]",,0.5624,0.4376,Yes,2.5,0.5846,0.4154,False,Over 2.5,1.0,0.5215,0.4785,False,FC Lorient +1,False,False,False,False,False,False,,,,,,,,0.5561,0.4439,0.2,weekly_update_20260916T234516Z_1f1b82b7,2026-08-18.phase1,0.1.0-phase1,0.1.0-phase1,2026-09-16T23:45:16+00:00
LIGUE12627_MW29_256_OlympiqueLyonnais_StadeBrestois29,2026-27,29,2027-04-24,2027-04-23T22:00:00+00:00,Olympique Lyonnais,Stade Brestois 29,Parc Olympique Lyonnais,scheduled,early_week_mode,,,,2.066,1.148,,,1-1,,draw,,0.5605,0.2131,0.2264,Olympique Lyonnais,0.5789,0.2214,0.1997,,,,"[{""score"": ""1-1"", ""probability"": 0.101359}, {""score"": ""2-1"", ""probability"": 0.098509}, {""score"": ""2-0"", ""probability"": 0.085799}, {""score"": ""1-0"", ""probability"": 0.077063}, {""score"": ""3-1"", ""probability"": 0.067839}, {""score"": ""3-0"", ""probability"": 0.059086}, {""score"": ""2-2"", ""probability"": 0.056551}, {""score"": ""1-2"", ""probability"": 0.054745}, {""score"": ""0-0"", ""probability"": 0.046199}, {""score"": ""0-1"", ""probability"": 0.040163}]",,0.6022,0.3978,Yes,2.5,0.6229,0.3771,False,Over 2.5,-0.75,0.5231,0.4769,False,Olympique Lyonnais -0.75,False,False,False,False,False,False,,,,,,,,0.5605,0.4395,0.2,weekly_update_20260916T234516Z_1f1b82b7,2026-08-18.phase1,0.1.0-phase1,0.1.0-phase1,2026-09-16T23:45:16+00:00
LIGUE12627_MW29_257_OlympiquedeMarseille_AJAuxerre,2026-27,29,2027-04-24,2027-04-23T22:00:00+00:00,Olympique de Marseille,AJ Auxerre,Stade Vélodrome,scheduled,early_week_mode,,,,2.144,1.063,,,2-1,,home_win,,0.6005,0.2084,0.191,Olympique de Marseille,0.6146,0.2123,0.173,,,,"[{""score"": ""2-1"", ""probability"": 0.098927}, {""score"": ""1-1"", ""probability"": 0.098063}, {""score"": ""2-0"", ""probability"": 0.093021}, {""score"": ""1-0"", ""probability"": 0.080953}, {""score"": ""3-1"", ""probability"": 0.070716}, {""score"": ""3-0"", ""probability"": 0.066494}, {""score"": ""2-2"", ""probability"": 0.052604}, {""score"": ""1-2"", ""probability"": 0.04906}, {""score"": ""0-0"", ""probability"": 0.046255}, {""score"": ""4-1"", ""probability"": 0.037912}]",,0.5838,0.4162,Yes,2.5,0.6216,0.3784,False,Over 2.5,-1.0,0.5019,0.4981,False,Olympique de Marseille -1,False,False,False,False,False,False,,,,,,,,0.6005,0.3995,0.2,weekly_update_20260916T234516Z_1f1b82b7,2026-08-18.phase1,0.1.0-phase1,0.1.0-phase1,2026-09-16T23:45:16+00:00
LIGUE12627_MW29_258_OGCNice_AngersSCO,2026-27,29,2027-04-24,2027-04-23T22:00:00+00:00,OGC Nice,Angers SCO,Allianz Riviera,scheduled,early_week_mode,,,,1.36,0.864,,,1-0,,home_win,,0.4903,0.2798,0.2299,OGC Nice,0.476,0.2938,0.2302,,,,"[{""score"": ""1-0"", ""probability"": 0.139078}, {""score"": ""1-1"", ""probability"": 0.135098}, {""score"": ""0-0"", ""probability"": 0.116104}, {""score"": ""2-0"", ""probability"": 0.100032}, {""score"": ""2-1"", ""probability"": 0.086454}, {""score"": ""0-1"", ""probability"": 0.085445}, {""score"": ""1-2"", ""probability"": 0.054926}, {""score"": ""3-0"", ""probability"": 0.045359}, {""score"": ""0-2"", ""probability"": 0.040377}, {""score"": ""3-1"", ""probability"": 0.039202}]",,0.4382,0.5618,No,2.5,0.3839,0.6161,False,Under 2.5,-0.5,0.476,0.524,False,Angers SCO +0.5,False,False,False,False,False,False,,,,,,,,0.4903,0.5097,0.2,weekly_update_20260916T234516Z_1f1b82b7,2026-08-18.phase1,0.1.0-phase1,0.1.0-phase1,2026-09-16T23:45:16+00:00
LIGUE12627_MW29_259_ParisFC_RCLens,2026-27,29,2027-04-24,2027-04-23T22:00:00+00:00,Paris FC,RC Lens,Stade Charléty,scheduled,early_week_mode,,,,1.318,1.414,,,1-1,,draw,,0.3355,0.2834,0.3811,RC Lens,0.3424,0.2713,0.3863,,,,"[{""score"": ""1-1"", ""probability"": 0.128932}, {""score"": ""1-2"", ""probability"": 0.085756}, {""score"": ""0-1"", ""probability"": 0.084398}, {""score"": ""2-1"", ""probability"": 0.079951}, {""score"": ""1-0"", ""probability"": 0.078168}, {""score"": ""0-0"", ""probability"": 0.072713}, {""score"": ""0-2"", ""probability"": 0.065057}, {""score"": ""2-0"", ""probability"": 0.056546}, {""score"": ""2-2"", ""probability"": 0.056521}, {""score"": ""1-3"", ""probability"": 0.040417}]",,0.5619,0.4381,Yes,2.5,0.5142,0.4858,False,Over 2.5,0.0,0.4781,0.5219,False,RC Lens (pick'em),False,False,False,False,False,False,,,,,,,,0.3811,0.6189,0.2,weekly_update_20260916T234516Z_1f1b82b7,2026-08-18.phase1,0.1.0-phase1,0.1.0-phase1,2026-09-16T23:45:16+00:00
LIGUE12627_MW29_260_RCStrasbourgAlsace_StadeRennaisFC,2026-27,29,2027-04-24,2027-04-23T22:00:00+00:00,RC Strasbourg Alsace,Stade Rennais FC,Stade de la Meinau,scheduled,early_week_mode,,,,1.928,1.658,,,1-1,,draw,,0.4585,0.2221,0.3194,RC Strasbourg Alsace,0.44,0.2291,0.3309,,,,"[{""score"": ""1-1"", ""probability"": 0.094148}, {""score"": ""2-1"", ""probability"": 0.085394}, {""score"": ""1-2"", ""probability"": 0.073449}, {""score"": ""2-2"", ""probability"": 0.070808}, {""score"": ""3-1"", ""probability"": 0.054883}, {""score"": ""2-0"", ""probability"": 0.051492}, {""score"": ""1-0"", ""probability"": 0.047843}, {""score"": ""3-2"", ""probability"": 0.045508}, {""score"": ""1-3"", ""probability"": 0.040602}, {""score"": ""0-1"", ""probability"": 0.040372}]",,0.6974,0.3026,Yes,2.5,0.6948,0.3052,False,Over 2.5,-0.25,0.4972,0.5028,False,Stade Rennais FC +0.25,False,False,False,False,False,False,,,,,,,,0.4585,0.5415,0.2,weekly_update_20260916T234516Z_1f1b82b7,2026-08-18.phase1,0.1.0-phase1,0.1.0-phase1,2026-09-16T23:45:16+00:00
LIGUE12627_MW29_261_EstacTroyes_ToulouseFC,2026-27,29,2027-04-24,2027-04-23T22:00:00+00:00,Estac Troyes,Toulouse FC,Stade de l'Aube,scheduled,early_week_mode,,,,1.167,2.034,,,1-1,,draw,,0.2233,0.2317,0.545,Toulouse FC,0.2077,0.2246,0.5678,,,,"[{""score"": ""1-1"", ""probability"": 0.102774}, {""score"": ""1-2"", ""probability"": 0.098334}, {""score"": ""0-2"", ""probability"": 0.084285}, {""score"": ""0-1"", ""probability"": 0.0768}, {""score"": ""1-3"", ""probability"": 0.066668}, {""score"": ""2-2"", ""probability"": 0.057362}, {""score"": ""0-3"", ""probability"": 0.057143}, {""score"": ""2-1"", ""probability"": 0.056406}, {""score"": ""0-0"", ""probability"": 0.046828}, {""score"": ""1-0"", ""probability"": 0.041461}]",,0.6046,0.3954,Yes,2.5,0.6201,0.3799,False,Over 2.5,0.75,0.4879,0.5121,False,Toulouse FC -0.75,False,False,False,False,False,False,,,,,,,,0.545,0.455,0.2,weekly_update_20260916T234516Z_1f1b82b7,2026-08-18.phase1,0.1.0-phase1,0.1.0-phase1,2026-09-16T23:45:16+00:00
LIGUE12627_MW30_262_AJAuxerre_OlympiqueLyonnais,2026-27,30,2027-05-01,2027-04-30T22:00:00+00:00,AJ Auxerre,Olympique Lyonnais,Stade de l'Abbé-Deschamps,scheduled,early_week_mode,,,,1.17,1.666,,,1-1,,draw,,0.2533,0.2563,0.4904,Olympique Lyonnais,0.2608,0.2568,0.4825,,,,"[{""score"": ""1-1"", ""probability"": 0.121538}, {""score"": ""1-2"", ""probability"": 0.095261}, {""score"": ""0-1"", ""probability"": 0.090581}, {""score"": ""0-2"", ""probability"": 0.08145}, {""score"": ""2-1"", ""probability"": 0.066869}, {""score"": ""0-0"", ""probability"": 0.06587}, {""score"": ""1-0"", ""probability"": 0.06144}, {""score"": ""2-2"", ""probability"": 0.055707}, {""score"": ""1-3"", ""probability"": 0.052907}, {""score"": ""0-3"", ""probability"": 0.045236}]",,0.5664,0.4336,Yes,2.5,0.539,0.461,False,Over 2.5,0.5,0.5175,0.4825,False,AJ Auxerre +0.5,False,False,False,False,False,False,,,,,,,,0.4904,0.5096,0.2,weekly_update_20260916T234516Z_1f1b82b7,2026-08-18.phase1,0.1.0-phase1,0.1.0-phase1,2026-09-16T23:45:16+00:00
LIGUE12627_MW30_263_HavreAthleticClub_ParisFC,2026-27,30,2027-05-01,2027-04-30T22:00:00+00:00,Havre Athletic Club,Paris FC,Stade Océane,scheduled,early_week_mode,,,,0.981,1.381,,,1-1,,draw,,0.2425,0.2879,0.4696,Paris FC,0.2589,0.2883,0.4528,,,,"[{""score"": ""1-1"", ""probability"": 0.135697}, {""score"": ""0-1"", ""probability"": 0.122104}, {""score"": ""0-0"", ""probability"": 0.10227}, {""score"": ""0-2"", ""probability"": 0.089843}, {""score"": ""1-2"", ""probability"": 0.088144}, {""score"": ""1-0"", ""probability"": 0.084433}, {""score"": ""2-1"", ""probability"": 0.062628}, {""score"": ""2-0"", ""probability"": 0.045356}, {""score"": ""2-2"", ""probability"": 0.043239}, {""score"": ""0-3"", ""probability"": 0.041352}]",,0.476,0.524,No,2.5,0.4203,0.5797,False,Under 2.5,0.25,0.4752,0.5248,False,Paris FC -0.25,False,False,False,False,False,False,,,,,,,,0.4696,0.5304,0.2,weekly_update_20260916T234516Z_1f1b82b7,2026-08-18.phase1,0.1.0-phase1,0.1.0-phase1,2026-09-16T23:45:16+00:00
LIGUE12627_MW30_264_RCLens_LeMansFC,2026-27,30,2027-05-01,2027-04-30T22:00:00+00:00,RC Lens,Le Mans FC,Stade Bollaert-Delelis,scheduled,early_week_mode,,,,2.738,1.057,,,2-1,,home_win,,0.667,0.2009,0.1322,RC Lens,0.7219,0.1613,0.1167,,,,"[{""score"": ""2-1"", ""probability"": 0.08926}, {""score"": ""2-0"", ""probability"": 0.084463}, {""score"": ""3-1"", ""probability"": 0.081471}, {""score"": ""3-0"", ""probability"": 0.077093}, {""score"": ""1-1"", ""probability"": 0.069294}, {""score"": ""1-0"", ""probability"": 0.057593}, {""score"": ""4-1"", ""probability"": 0.055772}, {""score"": ""4-0"", ""probability"": 0.052775}, {""score"": ""2-2"", ""probability"": 0.047164}, {""score"": ""3-2"", ""probability"": 0.043049}]",,0.6142,0.3858,Yes,2.5,0.7297,0.2703,False,Over 2.5,-1.5,0.52,0.48,False,RC Lens -1.5,False,False,False,False,False,False,,,,,,,,0.667,0.333,0.2,weekly_update_20260916T234516Z_1f1b82b7,2026-08-18.phase1,0.1.0-phase1,0.1.0-phase1,2026-09-16T23:45:16+00:00
LIGUE12627_MW30_265_ASMonaco_FCLorient,2026-27,30,2027-05-01,2027-04-30T22:00:00+00:00,AS Monaco,FC Lorient,Stade Louis II,scheduled,early_week_mode,,,,1.934,1.127,,,1-1,,draw,,0.5375,0.2285,0.234,AS Monaco,0.5551,0.2329,0.212,,,,"[{""score"": ""1-1"", ""probability"": 0.108541}, {""score"": ""2-1"", ""probability"": 0.098747}, {""score"": ""2-0"", ""probability"": 0.087639}, {""score"": ""1-0"", ""probability"": 0.084212}, {""score"": ""3-1"", ""probability"": 0.063657}, {""score"": ""1-2"", ""probability"": 0.057532}, {""score"": ""3-0"", ""probability"": 0.056496}, {""score"": ""2-2"", ""probability"": 0.055632}, {""score"": ""0-0"", ""probability"": 0.053285}, {""score"": ""0-1"", ""probability"": 0.046384}]",,0.5846,0.4154,Yes,2.5,0.5902,0.4098,False,Over 2.5,-0.75,0.4985,0.5015,False,FC Lorient +0.75,False,False,False,False,False,False,,,,,,,,0.5375,0.4625,0.2,weekly_update_20260916T234516Z_1f1b82b7,2026-08-18.phase1,0.1.0-phase1,0.1.0-phase1,2026-09-16T23:45:16+00:00
LIGUE12627_MW30_266_ParisSaint-Germain_AngersSCO,2026-27,30,2027-05-01,2027-04-30T22:00:00+00:00,Paris Saint-Germain,Angers SCO,Parc des Princes,scheduled,early_week_mode,,,,2.538,0.611,,,2-0,,home_win,,0.7118,0.2144,0.0738,Paris Saint-Germain,0.7871,0.1486,0.0642,,,,"[{""score"": ""2-0"", ""probability"": 0.138266}, {""score"": ""3-0"", ""probability"": 0.116991}, {""score"": ""1-0"", ""probability"": 0.104752}, {""score"": ""2-1"", ""probability"": 0.084531}, {""score"": ""4-0"", ""probability"": 0.074243}, {""score"": ""3-1"", ""probability"": 0.071524}, {""score"": ""1-1"", ""probability"": 0.070789}, {""score"": ""0-0"", ""probability"": 0.047104}, {""score"": ""4-1"", ""probability"": 0.045389}, {""score"": ""5-0"", ""probability"": 0.037692}]",,0.4254,0.5746,No,2.5,0.609,0.391,False,Over 2.5,-1.75,0.5166,0.4834,False,Paris Saint-Germain -1.75,False,False,False,False,False,False,,,,,,,,0.7118,0.2882,0.2,weekly_update_20260916T234516Z_1f1b82b7,2026-08-18.phase1,0.1.0-phase1,0.1.0-phase1,2026-09-16T23:45:16+00:00
LIGUE12627_MW30_267_StadeRennaisFC_OGCNice,2026-27,30,2027-05-01,2027-04-30T22:00:00+00:00,Stade Rennais FC,OGC Nice,Roazhon Park,scheduled,early_week_mode,,,,1.958,1.132,,,1-1,,draw,,0.5375,0.2285,0.234,Stade Rennais FC,0.5593,0.2308,0.2099,,,,"[{""score"": ""1-1"", ""probability"": 0.107212}, {""score"": ""2-1"", ""probability"": 0.09876}, {""score"": ""2-0"", ""probability"": 0.087269}, {""score"": ""1-0"", ""probability"": 0.082791}, {""score"": ""3-1"", ""probability"": 0.064463}, {""score"": ""1-2"", ""probability"": 0.057075}, {""score"": ""3-0"", ""probability"": 0.056963}, {""score"": ""2-2"", ""probability"": 0.055882}, {""score"": ""0-0"", ""probability"": 0.051861}, {""score"": ""0-1"", ""probability"": 0.04517}]",,0.5882,0.4118,Yes,2.5,0.5965,0.4035,False,Over 2.5,-0.75,0.5029,0.4971,False,Stade Rennais FC -0.75,False,False,False,False,False,False,,,,,,,,0.5375,0.4625,0.2,weekly_update_20260916T234516Z_1f1b82b7,2026-08-18.phase1,0.1.0-phase1,0.1.0-phase1,2026-09-16T23:45:16+00:00
LIGUE12627_MW30_268_RCStrasbourgAlsace_LOSCLille,2026-27,30,2027-05-01,2027-04-30T22:00:00+00:00,RC Strasbourg Alsace,LOSC Lille,Stade de la Meinau,scheduled,early_week_mode,,,,1.315,1.409,,,1-1,,draw,,0.3355,0.2834,0.3811,LOSC Lille,0.3424,0.2718,0.3858,,,,"[{""score"": ""1-1"", ""probability"": 0.12922}, {""score"": ""1-2"", ""probability"": 0.08566}, {""score"": ""0-1"", ""probability"": 0.084836}, {""score"": ""2-1"", ""probability"": 0.079914}, {""score"": ""1-0"", ""probability"": 0.078632}, {""score"": ""0-0"", ""probability"": 0.073272}, {""score"": ""0-2"", ""probability"": 0.065159}, {""score"": ""2-0"", ""probability"": 0.05671}, {""score"": ""2-2"", ""probability"": 0.056306}, {""score"": ""1-3"", ""probability"": 0.040236}]",,0.5603,0.4397,Yes,2.5,0.5122,0.4878,False,Over 2.5,0.0,0.4783,0.5217,False,LOSC Lille (pick'em),False,False,False,False,False,False,,,,,,,,0.3811,0.6189,0.2,weekly_update_20260916T234516Z_1f1b82b7,2026-08-18.phase1,0.1.0-phase1,0.1.0-phase1,2026-09-16T23:45:16+00:00
LIGUE12627_MW30_269_ToulouseFC_OlympiquedeMarseille,2026-27,30,2027-05-01,2027-04-30T22:00:00+00:00,Toulouse FC,Olympique de Marseille,Stadium de Toulouse,scheduled,early_week_mode,,,,1.355,1.61,,,1-1,,draw,,0.322,0.2526,0.4254,Olympique de Marseille,0.3155,0.2567,0.4278,,,,"[{""score"": ""1-1"", ""probability"": 0.119586}, {""score"": ""1-2"", ""probability"": 0.090548}, {""score"": ""2-1"", ""probability"": 0.076217}, {""score"": ""0-1"", ""probability"": 0.075972}, {""score"": ""0-2"", ""probability"": 0.066834}, {""score"": ""1-0"", ""probability"": 0.062828}, {""score"": ""2-2"", ""probability"": 0.061338}, {""score"": ""0-0"", ""probability"": 0.058669}, {""score"": ""1-3"", ""probability"": 0.048581}, {""score"": ""2-0"", ""probability"": 0.047353}]",,0.6007,0.3993,Yes,2.5,0.5688,0.4312,False,Over 2.5,0.25,0.508,0.492,False,Toulouse FC +0.25,False,False,False,False,False,False,,,,,,,,0.4254,0.5746,0.2,weekly_update_20260916T234516Z_1f1b82b7,2026-08-18.phase1,0.1.0-phase1,0.1.0-phase1,2026-09-16T23:45:16+00:00
LIGUE12627_MW30_270_EstacTroyes_StadeBrestois29,2026-27,30,2027-05-01,2027-04-30T22:00:00+00:00,Estac Troyes,Stade Brestois 29,Stade de l'Aube,scheduled,early_week_mode,,,,1.366,2.211,,,1-2,,away_win,,0.2305,0.2068,0.5627,Stade Brestois 29,0.2263,0.2128,0.5608,,,,"[{""score"": ""1-2"", ""probability"": 0.093393}, {""score"": ""1-1"", ""probability"": 0.089787}, {""score"": ""1-3"", ""probability"": 0.068834}, {""score"": ""0-2"", ""probability"": 0.068359}, {""score"": ""2-2"", ""probability"": 0.063797}, {""score"": ""2-1"", ""probability"": 0.057706}, {""score"": ""0-1"", ""probability"": 0.056521}, {""score"": ""0-3"", ""probability"": 0.050384}, {""score"": ""2-3"", ""probability"": 0.047021}, {""score"": ""1-4"", ""probability"": 0.03805}]",,0.6686,0.3314,Yes,2.5,0.6931,0.3069,False,Over 2.5,0.75,0.4919,0.5081,False,Stade Brestois 29 -0.75,False,False,False,False,False,False,,,,,,,,0.5627,0.4373,0.2,weekly_update_20260916T234516Z_1f1b82b7,2026-08-18.phase1,0.1.0-phase1,0.1.0-phase1,2026-09-16T23:45:16+00:00
LIGUE12627_MW31_271_AngersSCO_ToulouseFC,2026-27,31,2027-05-08,2027-05-07T22:00:00+00:00,Angers SCO,Toulouse FC,Stade Raymond Kopa,scheduled,early_week_mode,,,,0.957,1.229,,,1-1,,draw,,0.2569,0.305,0.4381,Toulouse FC,0.2787,0.3055,0.4158,,,,"[{""score"": ""1-1"", ""probability"": 0.140459}, {""score"": ""0-1"", ""probability"": 0.129825}, {""score"": ""0-0"", ""probability"": 0.120674}, {""score"": ""1-0"", ""probability"": 0.099189}, {""score"": ""0-2"", ""probability"": 0.084906}, {""score"": ""1-2"", ""probability"": 0.081228}, {""score"": ""2-1"", ""probability"": 0.063212}, {""score"": ""2-0"", ""probability"": 0.05142}, {""score"": ""2-2"", ""probability"": 0.038854}, {""score"": ""0-3"", ""probability"": 0.034792}]",,0.444,0.556,No,2.5,0.3735,0.6265,False,Under 2.5,0.25,0.5078,0.4922,False,Angers SCO +0.25,False,False,False,False,False,False,,,,,,,,0.4381,0.5619,0.2,weekly_update_20260916T234516Z_1f1b82b7,2026-08-18.phase1,0.1.0-phase1,0.1.0-phase1,2026-09-16T23:45:16+00:00
LIGUE12627_MW31_272_StadeBrestois29_AJAuxerre,2026-27,31,2027-05-08,2027-05-07T22:00:00+00:00,Stade Brestois 29,AJ Auxerre,Stade Francis-Le Blé,scheduled,early_week_mode,,,,1.635,1.233,,,1-1,,draw,,0.4677,0.2409,0.2914,Stade Brestois 29,0.4606,0.2582,0.2812,,,,"[{""score"": ""1-1"", ""probability"": 0.121743}, {""score"": ""2-1"", ""probability"": 0.093646}, {""score"": ""1-0"", ""probability"": 0.085728}, {""score"": ""2-0"", ""probability"": 0.075977}, {""score"": ""1-2"", ""probability"": 0.070589}, {""score"": ""0-0"", ""probability"": 0.064034}, {""score"": ""0-1"", ""probability"": 0.062848}, {""score"": ""2-2"", ""probability"": 0.057712}, {""score"": ""3-1"", ""probability"": 0.051042}, {""score"": ""0-2"", ""probability"": 0.04317}]",,0.5776,0.4224,Yes,2.5,0.5465,0.4535,False,Over 2.5,-0.25,0.5252,0.4748,False,Stade Brestois 29 -0.25,False,False,False,False,False,False,,,,,,,,0.4677,0.5323,0.2,weekly_update_20260916T234516Z_1f1b82b7,2026-08-18.phase1,0.1.0-phase1,0.1.0-phase1,2026-09-16T23:45:16+00:00
LIGUE12627_MW31_273_LeMansFC_EstacTroyes,2026-27,31,2027-05-08,2027-05-07T22:00:00+00:00,Le Mans FC,Estac Troyes,Stade Marie-Marvingt,scheduled,early_week_mode,,,,2.662,1.502,,,2-1,,home_win,,0.5737,0.1991,0.2271,Le Mans FC,0.6184,0.1837,0.1979,,,,"[{""score"": ""2-1"", ""probability"": 0.082891}, {""score"": ""3-1"", ""probability"": 0.073542}, {""score"": ""1-1"", ""probability"": 0.066201}, {""score"": ""2-2"", ""probability"": 0.062238}, {""score"": ""3-2"", ""probability"": 0.055218}, {""score"": ""2-0"", ""probability"": 0.055199}, {""score"": ""3-0"", ""probability"": 0.048973}, {""score"": ""4-1"", ""probability"": 0.048936}, {""score"": ""1-2"", ""probability"": 0.046766}, {""score"": ""1-0"", ""probability"": 0.037561}]",,0.7268,0.2732,Yes,2.5,0.7845,0.2155,False,Over 2.5,-1.0,0.5192,0.4808,False,Le Mans FC -1,False,False,False,False,False,False,,,,,,,,0.5737,0.4263,0.2,weekly_update_20260916T234516Z_1f1b82b7,2026-08-18.phase1,0.1.0-phase1,0.1.0-phase1,2026-09-16T23:45:16+00:00
LIGUE12627_MW31_274_RCLens_ASMonaco,2026-27,31,2027-05-08,2027-05-07T22:00:00+00:00,RC Lens,AS Monaco,Stade Bollaert-Delelis,scheduled,early_week_mode,,,,1.768,1.353,,,1-1,,draw,,0.4677,0.2409,0.2914,RC Lens,0.4662,0.2456,0.2882,,,,"[{""score"": ""1-1"", ""probability"": 0.112158}, {""score"": ""2-1"", ""probability"": 0.093286}, {""score"": ""1-2"", ""probability"": 0.071402}, {""score"": ""1-0"", ""probability"": 0.071341}, {""score"": ""2-0"", ""probability"": 0.068933}, {""score"": ""2-2"", ""probability"": 0.063122}, {""score"": ""3-1"", ""probability"": 0.054979}, {""score"": ""0-1"", ""probability"": 0.053048}, {""score"": ""0-0"", ""probability"": 0.050737}, {""score"": ""3-0"", ""probability"": 0.040626}]",,0.6217,0.3783,Yes,2.5,0.6034,0.3966,False,Over 2.5,-0.25,0.5276,0.4724,False,RC Lens -0.25,False,False,False,False,False,False,,,,,,,,0.4677,0.5323,0.2,weekly_update_20260916T234516Z_1f1b82b7,2026-08-18.phase1,0.1.0-phase1,0.1.0-phase1,2026-09-16T23:45:16+00:00
LIGUE12627_MW31_275_FCLorient_RCStrasbourgAlsace,2026-27,31,2027-05-08,2027-05-07T22:00:00+00:00,FC Lorient,RC Strasbourg Alsace,Stade du Moustoir,scheduled,early_week_mode,,,,1.463,1.542,,,1-1,,draw,,0.3798,0.2407,0.3795,FC Lorient,0.3544,0.2566,0.389,,,,"[{""score"": ""1-1"", ""probability"": 0.118767}, {""score"": ""1-2"", ""probability"": 0.086167}, {""score"": ""2-1"", ""probability"": 0.081758}, {""score"": ""0-1"", ""probability"": 0.069335}, {""score"": ""1-0"", ""probability"": 0.065428}, {""score"": ""2-2"", ""probability"": 0.063045}, {""score"": ""0-2"", ""probability"": 0.058884}, {""score"": ""0-0"", ""probability"": 0.056538}, {""score"": ""2-0"", ""probability"": 0.053012}, {""score"": ""1-3"", ""probability"": 0.044297}]",,0.6112,0.3888,Yes,2.5,0.578,0.422,False,Over 2.5,0.0,0.4827,0.5173,False,RC Strasbourg Alsace (pick'em),False,False,False,False,False,False,,,,,,,,0.3798,0.6202,0.2,weekly_update_20260916T234516Z_1f1b82b7,2026-08-18.phase1,0.1.0-phase1,0.1.0-phase1,2026-09-16T23:45:16+00:00
LIGUE12627_MW31_276_OlympiqueLyonnais_ParisSaint-Germain,2026-27,31,2027-05-08,2027-05-07T22:00:00+00:00,Olympique Lyonnais,Paris Saint-Germain,Parc Olympique Lyonnais,scheduled,early_week_mode,,,,1.339,1.836,,,1-1,,draw,,0.2533,0.2563,0.4904,Paris Saint-Germain,0.2741,0.2408,0.4851,,,,"[{""score"": ""1-1"", ""probability"": 0.109217}, {""score"": ""1-2"", ""probability"": 0.094332}, {""score"": ""0-2"", ""probability"": 0.070443}, {""score"": ""0-1"", ""probability"": 0.070273}, {""score"": ""2-1"", ""probability"": 0.068802}, {""score"": ""2-2"", ""probability"": 0.063161}, {""score"": ""1-3"", ""probability"": 0.057732}, {""score"": ""1-0"", ""probability"": 0.049506}, {""score"": ""0-0"", ""probability"": 0.048254}, {""score"": ""0-3"", ""probability"": 0.043112}]",,0.6267,0.3733,Yes,2.5,0.6148,0.3852,False,Over 2.5,0.5,0.5149,0.4851,False,Olympique Lyonnais +0.5,False,False,False,False,False,False,,,,,,,,0.4904,0.5096,0.2,weekly_update_20260916T234516Z_1f1b82b7,2026-08-18.phase1,0.1.0-phase1,0.1.0-phase1,2026-09-16T23:45:16+00:00
LIGUE12627_MW31_277_OGCNice_OlympiquedeMarseille,2026-27,31,2027-05-08,2027-05-07T22:00:00+00:00,OGC Nice,Olympique de Marseille,Allianz Riviera,scheduled,early_week_mode,,,,1.262,1.727,,,1-1,,draw,,0.2533,0.2563,0.4904,Olympique de Marseille,0.2734,0.2503,0.4764,,,,"[{""score"": ""1-1"", ""probability"": 0.116609}, {""score"": ""1-2"", ""probability"": 0.09474}, {""score"": ""0-1"", ""probability"": 0.080021}, {""score"": ""0-2"", ""probability"": 0.075058}, {""score"": ""2-1"", ""probability"": 0.069239}, {""score"": ""2-2"", ""probability"": 0.059791}, {""score"": ""0-0"", ""probability"": 0.057225}, {""score"": ""1-0"", ""probability"": 0.056626}, {""score"": ""1-3"", ""probability"": 0.054541}, {""score"": ""0-3"", ""probability"": 0.043211}]",,0.5964,0.4036,Yes,2.5,0.5744,0.4256,False,Over 2.5,0.5,0.5236,0.4764,False,OGC Nice +0.5,False,False,False,False,False,False,,,,,,,,0.4904,0.5096,0.2,weekly_update_20260916T234516Z_1f1b82b7,2026-08-18.phase1,0.1.0-phase1,0.1.0-phase1,2026-09-16T23:45:16+00:00
LIGUE12627_MW31_278_ParisFC_LOSCLille,2026-27,31,2027-05-08,2027-05-07T22:00:00+00:00,Paris FC,LOSC Lille,Stade Charléty,scheduled,early_week_mode,,,,1.138,1.224,,,1-1,,draw,,0.3355,0.2834,0.3811,LOSC Lille,0.3313,0.2954,0.3733,,,,"[{""score"": ""1-1"", ""probability"": 0.139504}, {""score"": ""0-1"", ""probability"": 0.107064}, {""score"": ""0-0"", ""probability"": 0.102456}, {""score"": ""1-0"", ""probability"": 0.098969}, {""score"": ""1-2"", ""probability"": 0.080333}, {""score"": ""2-1"", ""probability"": 0.074695}, {""score"": ""0-2"", ""probability"": 0.07058}, {""score"": ""2-0"", ""probability"": 0.061019}, {""score"": ""2-2"", ""probability"": 0.045717}, {""score"": ""1-3"", ""probability"": 0.032779}]",,0.488,0.512,No,2.5,0.4204,0.5796,False,Under 2.5,0.0,0.479,0.521,False,LOSC Lille (pick'em),False,False,False,False,False,False,,,,,,,,0.3811,0.6189,0.2,weekly_update_20260916T234516Z_1f1b82b7,2026-08-18.phase1,0.1.0-phase1,0.1.0-phase1,2026-09-16T23:45:16+00:00
LIGUE12627_MW31_279_StadeRennaisFC_HavreAthleticClub,2026-27,31,2027-05-08,2027-05-07T22:00:00+00:00,Stade Rennais FC,Havre Athletic Club,Roazhon Park,scheduled,early_week_mode,,,,1.929,0.948,,,1-1,,draw,,0.5815,0.2335,0.185,Stade Rennais FC,0.5965,0.23,0.1734,,,,"[{""score"": ""1-1"", ""probability"": 0.109446}, {""score"": ""2-0"", ""probability"": 0.104787}, {""score"": ""1-0"", ""probability"": 0.10216}, {""score"": ""2-1"", ""probability"": 0.099325}, {""score"": ""3-0"", ""probability"": 0.067384}, {""score"": ""3-1"", ""probability"": 0.063871}, {""score"": ""0-0"", ""probability"": 0.062786}, {""score"": ""1-2"", ""probability"": 0.048802}, {""score"": ""2-2"", ""probability"": 0.047074}, {""score"": ""0-1"", ""probability"": 0.046902}]",,0.5299,0.4701,Yes,2.5,0.5486,0.4514,False,Over 2.5,-1.0,0.4781,0.5219,False,Havre Athletic Club +1,False,False,False,False,False,False,,,,,,,,0.5815,0.4185,0.2,weekly_update_20260916T234516Z_1f1b82b7,2026-08-18.phase1,0.1.0-phase1,0.1.0-phase1,2026-09-16T23:45:16+00:00
LIGUE12627_MW32_280_AJAuxerre_StadeRennaisFC,2026-27,32,2027-05-16,2027-05-15T22:00:00+00:00,AJ Auxerre,Stade Rennais FC,Stade de l'Abbé-Deschamps,scheduled,early_week_mode,,,,1.345,1.723,,,1-1,,draw,,0.2533,0.2563,0.4904,Stade Rennais FC,0.2937,0.2489,0.4574,,,,"[{""score"": ""1-1"", ""probability"": 0.114554}, {""score"": ""1-2"", ""probability"": 0.092875}, {""score"": ""0-1"", ""probability"": 0.073346}, {""score"": ""2-1"", ""probability"": 0.072489}, {""score"": ""0-2"", ""probability"": 0.069044}, {""score"": ""2-2"", ""probability"": 0.062466}, {""score"": ""1-0"", ""probability"": 0.055759}, {""score"": ""1-3"", ""probability"": 0.053356}, {""score"": ""0-0"", ""probability"": 0.053266}, {""score"": ""2-0"", ""probability"": 0.04206}]",,0.6143,0.3857,Yes,2.5,0.592,0.408,False,Over 2.5,0.25,0.4804,0.5196,False,Stade Rennais FC -0.25,False,False,False,False,False,False,,,,,,,,0.4904,0.5096,0.2,weekly_update_20260916T234516Z_1f1b82b7,2026-08-18.phase1,0.1.0-phase1,0.1.0-phase1,2026-09-16T23:45:16+00:00
LIGUE12627_MW32_281_StadeBrestois29_HavreAthleticClub,2026-27,32,2027-05-16,2027-05-15T22:00:00+00:00,Stade Brestois 29,Havre Athletic Club,Stade Francis-Le Blé,scheduled,early_week_mode,,,,1.541,1.032,,,1-1,,draw,,0.4903,0.2798,0.2299,Stade Brestois 29,0.4833,0.2706,0.2461,,,,"[{""score"": ""1-1"", ""probability"": 0.128988}, {""score"": ""1-0"", ""probability"": 0.110009}, {""score"": ""2-1"", ""probability"": 0.093505}, {""score"": ""2-0"", ""probability"": 0.09064}, {""score"": ""0-0"", ""probability"": 0.083971}, {""score"": ""0-1"", ""probability"": 0.071123}, {""score"": ""1-2"", ""probability"": 0.062596}, {""score"": ""2-2"", ""probability"": 0.04823}, {""score"": ""3-1"", ""probability"": 0.04803}, {""score"": ""3-0"", ""probability"": 0.046558}]",,0.5134,0.4866,Yes,2.5,0.4746,0.5254,False,Under 2.5,-0.5,0.4833,0.5167,False,Havre Athletic Club +0.5,False,False,False,False,False,False,,,,,,,,0.4903,0.5097,0.2,weekly_update_20260916T234516Z_1f1b82b7,2026-08-18.phase1,0.1.0-phase1,0.1.0-phase1,2026-09-16T23:45:16+00:00
LIGUE12627_MW32_282_LOSCLille_AngersSCO,2026-27,32,2027-05-16,2027-05-15T22:00:00+00:00,LOSC Lille,Angers SCO,Stade Pierre-Mauroy,scheduled,early_week_mode,,,,1.689,0.591,,,1-0,,home_win,,0.6042,0.2579,0.138,LOSC Lille,0.6347,0.2458,0.1195,,,,"[{""score"": ""1-0"", ""probability"": 0.166396}, {""score"": ""2-0"", ""probability"": 0.145908}, {""score"": ""0-0"", ""probability"": 0.108765}, {""score"": ""1-1"", ""probability"": 0.108538}, {""score"": ""2-1"", ""probability"": 0.086217}, {""score"": ""3-0"", ""probability"": 0.082126}, {""score"": ""0-1"", ""probability"": 0.054054}, {""score"": ""3-1"", ""probability"": 0.048528}, {""score"": ""4-0"", ""probability"": 0.034669}, {""score"": ""1-2"", ""probability"": 0.03017}]",,0.3701,0.6299,No,2.5,0.3985,0.6015,False,Under 2.5,-1.0,0.5006,0.4994,False,LOSC Lille -1,False,False,False,False,False,False,,,,,,,,0.6042,0.3958,0.2,weekly_update_20260916T234516Z_1f1b82b7,2026-08-18.phase1,0.1.0-phase1,0.1.0-phase1,2026-09-16T23:45:16+00:00
LIGUE12627_MW32_283_OlympiqueLyonnais_LeMansFC,2026-27,32,2027-05-16,2027-05-15T22:00:00+00:00,Olympique Lyonnais,Le Mans FC,Parc Olympique Lyonnais,scheduled,early_week_mode,,,,2.697,1.164,,,2-1,,home_win,,0.6623,0.1995,0.1382,Olympique Lyonnais,0.6934,0.1697,0.1369,,,,"[{""score"": ""2-1"", ""probability"": 0.08927}, {""score"": ""3-1"", ""probability"": 0.080259}, {""score"": ""2-0"", ""probability"": 0.076718}, {""score"": ""1-1"", ""probability"": 0.070356}, {""score"": ""3-0"", ""probability"": 0.068975}, {""score"": ""4-1"", ""probability"": 0.054119}, {""score"": ""1-0"", ""probability"": 0.052725}, {""score"": ""2-2"", ""probability"": 0.051937}, {""score"": ""3-2"", ""probability"": 0.046695}, {""score"": ""4-0"", ""probability"": 0.04651}]",,0.6454,0.3546,Yes,2.5,0.7403,0.2597,False,Over 2.5,-1.5,0.4904,0.5096,False,Le Mans FC +1.5,False,False,False,False,False,False,,,,,,,,0.6623,0.3377,0.2,weekly_update_20260916T234516Z_1f1b82b7,2026-08-18.phase1,0.1.0-phase1,0.1.0-phase1,2026-09-16T23:45:16+00:00
LIGUE12627_MW32_284_OlympiquedeMarseille_RCLens,2026-27,32,2027-05-16,2027-05-15T22:00:00+00:00,Olympique de Marseille,RC Lens,Stade Vélodrome,scheduled,early_week_mode,,,,1.624,1.524,,,1-1,,draw,,0.3798,0.2407,0.3795,Olympique de Marseille,0.3969,0.2495,0.3536,,,,"[{""score"": ""1-1"", ""probability"": 0.112962}, {""score"": ""2-1"", ""probability"": 0.086316}, {""score"": ""1-2"", ""probability"": 0.080965}, {""score"": ""2-2"", ""probability"": 0.065757}, {""score"": ""1-0"", ""probability"": 0.063073}, {""score"": ""0-1"", ""probability"": 0.058748}, {""score"": ""2-0"", ""probability"": 0.056652}, {""score"": ""0-2"", ""probability"": 0.049845}, {""score"": ""0-0"", ""probability"": 0.049626}, {""score"": ""3-1"", ""probability"": 0.046735}]",,0.6346,0.3654,Yes,2.5,0.6091,0.3909,False,Over 2.5,0.0,0.5217,0.4783,False,Olympique de Marseille (pick'em),False,False,False,False,False,False,,,,,,,,0.3798,0.6202,0.2,weekly_update_20260916T234516Z_1f1b82b7,2026-08-18.phase1,0.1.0-phase1,0.1.0-phase1,2026-09-16T23:45:16+00:00
LIGUE12627_MW32_285_ASMonaco_ParisFC,2026-27,32,2027-05-16,2027-05-15T22:00:00+00:00,AS Monaco,Paris FC,Stade Louis II,scheduled,early_week_mode,,,,1.774,1.289,,,1-1,,draw,,0.4819,0.2345,0.2837,AS Monaco,0.4815,0.2462,0.2723,,,,"[{""score"": ""1-1"", ""probability"": 0.113627}, {""score"": ""2-1"", ""probability"": 0.094816}, {""score"": ""1-0"", ""probability"": 0.076188}, {""score"": ""2-0"", ""probability"": 0.073534}, {""score"": ""1-2"", ""probability"": 0.068923}, {""score"": ""2-2"", ""probability"": 0.061129}, {""score"": ""3-1"", ""probability"": 0.056063}, {""score"": ""0-1"", ""probability"": 0.053546}, {""score"": ""0-0"", ""probability"": 0.053462}, {""score"": ""3-0"", ""probability"": 0.043479}]",,0.6083,0.3917,Yes,2.5,0.5908,0.4092,False,Over 2.5,-0.5,0.4815,0.5185,False,Paris FC +0.5,False,False,False,False,False,False,,,,,,,,0.4819,0.5181,0.2,weekly_update_20260916T234516Z_1f1b82b7,2026-08-18.phase1,0.1.0-phase1,0.1.0-phase1,2026-09-16T23:45:16+00:00
LIGUE12627_MW32_286_ParisSaint-Germain_OGCNice,2026-27,32,2027-05-16,2027-05-15T22:00:00+00:00,Paris Saint-Germain,OGC Nice,Parc des Princes,scheduled,early_week_mode,,,,2.501,0.798,,,2-0,,home_win,,0.667,0.2009,0.1322,Paris Saint-Germain,0.7401,0.1661,0.0939,,,,"[{""score"": ""2-0"", ""probability"": 0.115556}, {""score"": ""3-0"", ""probability"": 0.096346}, {""score"": ""2-1"", ""probability"": 0.092251}, {""score"": ""1-0"", ""probability"": 0.08776}, {""score"": ""1-1"", ""probability"": 0.078401}, {""score"": ""3-1"", ""probability"": 0.076915}, {""score"": ""4-0"", ""probability"": 0.060247}, {""score"": ""4-1"", ""probability"": 0.048097}, {""score"": ""0-0"", ""probability"": 0.041578}, {""score"": ""2-2"", ""probability"": 0.036823}]",,0.5094,0.4906,Yes,2.5,0.6401,0.3599,False,Over 2.5,-1.5,0.5237,0.4763,False,Paris Saint-Germain -1.5,False,False,False,False,False,False,,,,,,,,0.667,0.333,0.2,weekly_update_20260916T234516Z_1f1b82b7,2026-08-18.phase1,0.1.0-phase1,0.1.0-phase1,2026-09-16T23:45:16+00:00
LIGUE12627_MW32_287_RCStrasbourgAlsace_EstacTroyes,2026-27,32,2027-05-16,2027-05-15T22:00:00+00:00,RC Strasbourg Alsace,Estac Troyes,Stade de la Meinau,scheduled,early_week_mode,,,,3.228,1.06,,,3-1,,home_win,,0.667,0.2009,0.1322,RC Strasbourg Alsace,0.7883,0.1266,0.085,,,,"[{""score"": ""3-1"", ""probability"": 0.082094}, {""score"": ""3-0"", ""probability"": 0.077432}, {""score"": ""2-1"", ""probability"": 0.076284}, {""score"": ""2-0"", ""probability"": 0.071952}, {""score"": ""4-1"", ""probability"": 0.06626}, {""score"": ""4-0"", ""probability"": 0.062496}, {""score"": ""1-1"", ""probability"": 0.050229}, {""score"": ""3-2"", ""probability"": 0.043519}, {""score"": ""5-1"", ""probability"": 0.042783}, {""score"": ""1-0"", ""probability"": 0.041602}]",,0.6305,0.3695,Yes,2.5,0.8,0.2,False,Over 2.5,-2.0,0.5129,0.4871,False,RC Strasbourg Alsace -2,False,False,False,False,False,False,,,,,,,,0.667,0.333,0.2,weekly_update_20260916T234516Z_1f1b82b7,2026-08-18.phase1,0.1.0-phase1,0.1.0-phase1,2026-09-16T23:45:16+00:00
LIGUE12627_MW32_288_ToulouseFC_FCLorient,2026-27,32,2027-05-16,2027-05-15T22:00:00+00:00,Toulouse FC,FC Lorient,Stadium de Toulouse,scheduled,early_week_mode,,,,1.371,1.141,,,1-1,,draw,,0.3984,0.2961,0.3055,Toulouse FC,0.4129,0.2831,0.3041,,,,"[{""score"": ""1-1"", ""probability"": 0.134857}, {""score"": ""1-0"", ""probability"": 0.103182}, {""score"": ""0-0"", ""probability"": 0.089072}, {""score"": ""2-1"", ""probability"": 0.086959}, {""score"": ""0-1"", ""probability"": 0.084586}, {""score"": ""2-0"", ""probability"": 0.076185}, {""score"": ""1-2"", ""probability"": 0.072411}, {""score"": ""0-2"", ""probability"": 0.052827}, {""score"": ""2-2"", ""probability"": 0.049628}, {""score"": ""3-1"", ""probability"": 0.039732}]",,0.5158,0.4842,Yes,2.5,0.4593,0.5407,False,Under 2.5,-0.25,0.4836,0.5164,False,FC Lorient +0.25,False,False,False,False,False,False,,,,,,,,0.3984,0.6016,0.2,weekly_update_20260916T234516Z_1f1b82b7,2026-08-18.phase1,0.1.0-phase1,0.1.0-phase1,2026-09-16T23:45:16+00:00
LIGUE12627_MW33_289_AngersSCO_StadeBrestois29,2026-27,33,2027-05-22,2027-05-21T22:00:00+00:00,Angers SCO,Stade Brestois 29,Stade Raymond Kopa,scheduled,early_week_mode,,,,1.12,1.336,,,1-1,,draw,,0.2569,0.305,0.4381,Stade Brestois 29,0.3047,0.287,0.4083,,,,"[{""score"": ""1-1"", ""probability"": 0.136403}, {""score"": ""0-1"", ""probability"": 0.106485}, {""score"": ""0-0"", ""probability"": 0.093786}, {""score"": ""1-0"", ""probability"": 0.087959}, {""score"": ""1-2"", ""probability"": 0.085755}, {""score"": ""0-2"", ""probability"": 0.076547}, {""score"": ""2-1"", ""probability"": 0.071886}, {""score"": ""2-0"", ""probability"": 0.05379}, {""score"": ""2-2"", ""probability"": 0.048035}, {""score"": ""1-3"", ""probability"": 0.038202}]",,0.5048,0.4952,Yes,2.5,0.445,0.555,False,Under 2.5,0.25,0.52,0.48,False,Angers SCO +0.25,False,False,False,False,False,False,,,,,,,,0.4381,0.5619,0.2,weekly_update_20260916T234516Z_1f1b82b7,2026-08-18.phase1,0.1.0-phase1,0.1.0-phase1,2026-09-16T23:45:16+00:00
LIGUE12627_MW33_290_HavreAthleticClub_LOSCLille,2026-27,33,2027-05-22,2027-05-21T22:00:00+00:00,Havre Athletic Club,LOSC Lille,Stade Océane,scheduled,early_week_mode,,,,0.768,1.38,,,0-1,,away_win,,0.2271,0.2937,0.4791,LOSC Lille,0.2006,0.2929,0.5066,,,,"[{""score"": ""0-1"", ""probability"": 0.15335}, {""score"": ""1-1"", ""probability"": 0.131463}, {""score"": ""0-0"", ""probability"": 0.124525}, {""score"": ""0-2"", ""probability"": 0.111187}, {""score"": ""1-2"", ""probability"": 0.08535}, {""score"": ""1-0"", ""probability"": 0.081843}, {""score"": ""0-3"", ""probability"": 0.05115}, {""score"": ""2-1"", ""probability"": 0.047473}, {""score"": ""1-3"", ""probability"": 0.039265}, {""score"": ""2-0"", ""probability"": 0.034398}]",,0.4089,0.5911,No,2.5,0.3632,0.6368,False,Under 2.5,0.5,0.4934,0.5066,False,LOSC Lille -0.5,False,False,False,False,False,False,,,,,,,,0.4791,0.5209,0.2,weekly_update_20260916T234516Z_1f1b82b7,2026-08-18.phase1,0.1.0-phase1,0.1.0-phase1,2026-09-16T23:45:16+00:00
LIGUE12627_MW33_291_LeMansFC_RCStrasbourgAlsace,2026-27,33,2027-05-22,2027-05-21T22:00:00+00:00,Le Mans FC,RC Strasbourg Alsace,Stade Marie-Marvingt,scheduled,early_week_mode,,,,1.595,2.306,,,1-2,,away_win,,0.266,0.219,0.515,RC Strasbourg Alsace,0.2596,0.2079,0.5325,,,,"[{""score"": ""1-2"", ""probability"": 0.085824}, {""score"": ""1-1"", ""probability"": 0.079098}, {""score"": ""2-2"", ""probability"": 0.068427}, {""score"": ""1-3"", ""probability"": 0.065984}, {""score"": ""2-1"", ""probability"": 0.059335}, {""score"": ""0-2"", ""probability"": 0.053821}, {""score"": ""2-3"", ""probability"": 0.052609}, {""score"": ""0-1"", ""probability"": 0.04199}, {""score"": ""0-3"", ""probability"": 0.041379}, {""score"": ""1-4"", ""probability"": 0.038048}]",,0.7222,0.2778,Yes,2.5,0.7469,0.2531,False,Over 2.5,0.75,0.5175,0.4825,False,Le Mans FC +0.75,False,False,False,False,False,False,,,,,,,,0.515,0.485,0.2,weekly_update_20260916T234516Z_1f1b82b7,2026-08-18.phase1,0.1.0-phase1,0.1.0-phase1,2026-09-16T23:45:16+00:00
LIGUE12627_MW33_292_RCLens_StadeRennaisFC,2026-27,33,2027-05-22,2027-05-21T22:00:00+00:00,RC Lens,Stade Rennais FC,Stade Bollaert-Delelis,scheduled,early_week_mode,,,,1.927,1.305,,,1-1,,draw,,0.5263,0.2312,0.2426,RC Lens,0.5132,0.2342,0.2526,,,,"[{""score"": ""1-1"", ""probability"": 0.105521}, {""score"": ""2-1"", ""probability"": 0.095664}, {""score"": ""2-0"", ""probability"": 0.073282}, {""score"": ""1-0"", ""probability"": 0.069809}, {""score"": ""1-2"", ""probability"": 0.064801}, {""score"": ""2-2"", ""probability"": 0.062441}, {""score"": ""3-1"", ""probability"": 0.061453}, {""score"": ""3-0"", ""probability"": 0.047075}, {""score"": ""0-0"", ""probability"": 0.045705}, {""score"": ""0-1"", ""probability"": 0.045273}]",,0.6291,0.3709,Yes,2.5,0.6268,0.3732,False,Over 2.5,-0.5,0.5132,0.4868,False,RC Lens -0.5,False,False,False,False,False,False,,,,,,,,0.5263,0.4737,0.2,weekly_update_20260916T234516Z_1f1b82b7,2026-08-18.phase1,0.1.0-phase1,0.1.0-phase1,2026-09-16T23:45:16+00:00
LIGUE12627_MW33_293_FCLorient_OlympiqueLyonnais,2026-27,33,2027-05-22,2027-05-21T22:00:00+00:00,FC Lorient,Olympique Lyonnais,Stade du Moustoir,scheduled,early_week_mode,,,,1.268,1.518,,,1-1,,draw,,0.2657,0.2932,0.4411,Olympique Lyonnais,0.3102,0.2662,0.4236,,,,"[{""score"": ""1-1"", ""probability"": 0.126141}, {""score"": ""1-2"", ""probability"": 0.090102}, {""score"": ""0-1"", ""probability"": 0.086111}, {""score"": ""2-1"", ""probability"": 0.075261}, {""score"": ""0-2"", ""probability"": 0.071041}, {""score"": ""1-0"", ""probability"": 0.070698}, {""score"": ""0-0"", ""probability"": 0.069087}, {""score"": ""2-2"", ""probability"": 0.057138}, {""score"": ""2-0"", ""probability"": 0.049566}, {""score"": ""1-3"", ""probability"": 0.045604}]",,0.5687,0.4313,Yes,2.5,0.5274,0.4726,False,Over 2.5,0.25,0.5099,0.4901,False,FC Lorient +0.25,False,False,False,False,False,False,,,,,,,,0.4411,0.5589,0.2,weekly_update_20260916T234516Z_1f1b82b7,2026-08-18.phase1,0.1.0-phase1,0.1.0-phase1,2026-09-16T23:45:16+00:00
LIGUE12627_MW33_294_OGCNice_ASMonaco,2026-27,33,2027-05-22,2027-05-21T22:00:00+00:00,OGC Nice,AS Monaco,Allianz Riviera,scheduled,early_week_mode,,,,1.233,1.709,,,1-1,,draw,,0.2533,0.2563,0.4904,AS Monaco,0.2693,0.2522,0.4785,,,,"[{""score"": ""1-1"", ""probability"": 0.118168}, {""score"": ""1-2"", ""probability"": 0.095005}, {""score"": ""0-1"", ""probability"": 0.083165}, {""score"": ""0-2"", ""probability"": 0.077041}, {""score"": ""2-1"", ""probability"": 0.068551}, {""score"": ""0-0"", ""probability"": 0.059741}, {""score"": ""2-2"", ""probability"": 0.05858}, {""score"": ""1-0"", ""probability"": 0.058061}, {""score"": ""1-3"", ""probability"": 0.054124}, {""score"": ""0-3"", ""probability"": 0.043889}]",,0.5873,0.4127,Yes,2.5,0.5637,0.4363,False,Over 2.5,0.5,0.5215,0.4785,False,OGC Nice +0.5,False,False,False,False,False,False,,,,,,,,0.4904,0.5096,0.2,weekly_update_20260916T234516Z_1f1b82b7,2026-08-18.phase1,0.1.0-phase1,0.1.0-phase1,2026-09-16T23:45:16+00:00
LIGUE12627_MW33_295_ParisFC_OlympiquedeMarseille,2026-27,33,2027-05-22,2027-05-21T22:00:00+00:00,Paris FC,Olympique de Marseille,Stade Charléty,scheduled,early_week_mode,,,,1.568,1.509,,,1-1,,draw,,0.3798,0.2407,0.3795,Paris FC,0.3861,0.2532,0.3607,,,,"[{""score"": ""1-1"", ""probability"": 0.115948}, {""score"": ""2-1"", ""probability"": 0.085503}, {""score"": ""1-2"", ""probability"": 0.082317}, {""score"": ""1-0"", ""probability"": 0.065425}, {""score"": ""2-2"", ""probability"": 0.064519}, {""score"": ""0-1"", ""probability"": 0.062732}, {""score"": ""2-0"", ""probability"": 0.056655}, {""score"": ""0-0"", ""probability"": 0.052971}, {""score"": ""0-2"", ""probability"": 0.052513}, {""score"": ""3-1"", ""probability"": 0.044677}]",,0.6233,0.3767,Yes,2.5,0.5938,0.4062,False,Over 2.5,0.0,0.5127,0.4873,False,Paris FC (pick'em),False,False,False,False,False,False,,,,,,,,0.3798,0.6202,0.2,weekly_update_20260916T234516Z_1f1b82b7,2026-08-18.phase1,0.1.0-phase1,0.1.0-phase1,2026-09-16T23:45:16+00:00
LIGUE12627_MW33_296_ToulouseFC_AJAuxerre,2026-27,33,2027-05-22,2027-05-21T22:00:00+00:00,Toulouse FC,AJ Auxerre,Stadium de Toulouse,scheduled,early_week_mode,,,,1.504,1.053,,,1-1,,draw,,0.4734,0.2859,0.2406,Toulouse FC,0.4687,0.2739,0.2574,,,,"[{""score"": ""1-1"", ""probability"": 0.130519}, {""score"": ""1-0"", ""probability"": 0.108946}, {""score"": ""2-1"", ""probability"": 0.092351}, {""score"": ""2-0"", ""probability"": 0.08774}, {""score"": ""0-0"", ""probability"": 0.085287}, {""score"": ""0-1"", ""probability"": 0.073921}, {""score"": ""1-2"", ""probability"": 0.064626}, {""score"": ""2-2"", ""probability"": 0.048602}, {""score"": ""3-1"", ""probability"": 0.046302}, {""score"": ""3-0"", ""probability"": 0.04399}]",,0.514,0.486,Yes,2.5,0.4706,0.5294,False,Under 2.5,-0.5,0.4687,0.5313,False,AJ Auxerre +0.5,False,False,False,False,False,False,,,,,,,,0.4734,0.5266,0.2,weekly_update_20260916T234516Z_1f1b82b7,2026-08-18.phase1,0.1.0-phase1,0.1.0-phase1,2026-09-16T23:45:16+00:00
LIGUE12627_MW33_297_EstacTroyes_ParisSaint-Germain,2026-27,33,2027-05-22,2027-05-21T22:00:00+00:00,Estac Troyes,Paris Saint-Germain,Stade de l'Aube,scheduled,early_week_mode,,,,0.886,3.536,,,0-3,,away_win,,0.1045,0.0,0.8955,Paris Saint-Germain,0.0524,0.0974,0.8502,,,,"[{""score"": ""0-3"", ""probability"": 0.089479}, {""score"": ""1-3"", ""probability"": 0.079238}, {""score"": ""0-4"", ""probability"": 0.079096}, {""score"": ""0-2"", ""probability"": 0.075917}, {""score"": ""1-4"", ""probability"": 0.070044}, {""score"": ""1-2"", ""probability"": 0.067229}, {""score"": ""0-5"", ""probability"": 0.055935}, {""score"": ""1-5"", ""probability"": 0.049534}, {""score"": ""0-1"", ""probability"": 0.04055}, {""score"": ""1-1"", ""probability"": 0.040417}]",,0.5726,0.4274,Yes,2.5,0.8155,0.1845,False,Over 2.5,2.5,0.497,0.503,False,Paris Saint-Germain -2.5,False,False,False,False,False,False,,,,,,,,0.8955,0.1045,0.2,weekly_update_20260916T234516Z_1f1b82b7,2026-08-18.phase1,0.1.0-phase1,0.1.0-phase1,2026-09-16T23:45:16+00:00
LIGUE12627_MW34_298_AJAuxerre_HavreAthleticClub,2026-27,34,2027-05-29,2027-05-28T22:00:00+00:00,AJ Auxerre,Havre Athletic Club,Stade de l'Abbé-Deschamps,scheduled,early_week_mode,,,,1.322,0.988,,,1-1,,draw,,0.4629,0.2898,0.2473,AJ Auxerre,0.4347,0.2943,0.2711,,,,"[{""score"": ""1-1"", ""probability"": 0.137816}, {""score"": ""1-0"", ""probability"": 0.123063}, {""score"": ""0-0"", ""probability"": 0.107438}, {""score"": ""0-1"", ""probability"": 0.089959}, {""score"": ""2-0"", ""probability"": 0.086706}, {""score"": ""2-1"", ""probability"": 0.085681}, {""score"": ""1-2"", ""probability"": 0.064065}, {""score"": ""0-2"", ""probability"": 0.048476}, {""score"": ""2-2"", ""probability"": 0.042334}, {""score"": ""3-0"", ""probability"": 0.038197}]",,0.4685,0.5315,No,2.5,0.4065,0.5935,False,Under 2.5,-0.25,0.5082,0.4918,False,AJ Auxerre -0.25,False,False,False,False,False,False,,,,,,,,0.4629,0.5371,0.2,weekly_update_20260916T234516Z_1f1b82b7,2026-08-18.phase1,0.1.0-phase1,0.1.0-phase1,2026-09-16T23:45:16+00:00
LIGUE12627_MW34_299_StadeBrestois29_RCLens,2026-27,34,2027-05-29,2027-05-28T22:00:00+00:00,Stade Brestois 29,RC Lens,Stade Francis-Le Blé,scheduled,early_week_mode,,,,1.239,1.766,,,1-1,,draw,,0.2533,0.2563,0.4904,RC Lens,0.2617,0.2475,0.4909,,,,"[{""score"": ""1-1"", ""probability"": 0.11524}, {""score"": ""1-2"", ""probability"": 0.095729}, {""score"": ""0-1"", ""probability"": 0.080724}, {""score"": ""0-2"", ""probability"": 0.077292}, {""score"": ""2-1"", ""probability"": 0.067142}, {""score"": ""2-2"", ""probability"": 0.059281}, {""score"": ""0-0"", ""probability"": 0.056392}, {""score"": ""1-3"", ""probability"": 0.056347}, {""score"": ""1-0"", ""probability"": 0.054583}, {""score"": ""0-3"", ""probability"": 0.045495}]",,0.5955,0.4045,Yes,2.5,0.5777,0.4223,False,Over 2.5,0.5,0.5091,0.4909,False,Stade Brestois 29 +0.5,False,False,False,False,False,False,,,,,,,,0.4904,0.5096,0.2,weekly_update_20260916T234516Z_1f1b82b7,2026-08-18.phase1,0.1.0-phase1,0.1.0-phase1,2026-09-16T23:45:16+00:00
LIGUE12627_MW34_300_LOSCLille_LeMansFC,2026-27,34,2027-05-29,2027-05-28T22:00:00+00:00,LOSC Lille,Le Mans FC,Stade Pierre-Mauroy,scheduled,early_week_mode,,,,2.371,0.912,,,2-0,,home_win,,0.667,0.2009,0.1322,LOSC Lille,0.6924,0.185,0.1226,,,,"[{""score"": ""2-0"", ""probability"": 0.105486}, {""score"": ""2-1"", ""probability"": 0.096255}, {""score"": ""1-1"", ""probability"": 0.08631}, {""score"": ""1-0"", ""probability"": 0.083886}, {""score"": ""3-0"", ""probability"": 0.083358}, {""score"": ""3-1"", ""probability"": 0.076064}, {""score"": ""4-0"", ""probability"": 0.049404}, {""score"": ""4-1"", ""probability"": 0.045081}, {""score"": ""2-2"", ""probability"": 0.043916}, {""score"": ""0-0"", ""probability"": 0.042644}]",,0.5476,0.4524,Yes,2.5,0.6369,0.3631,False,Over 2.5,-1.25,0.526,0.474,False,LOSC Lille -1.25,False,False,False,False,False,False,,,,,,,,0.667,0.333,0.2,weekly_update_20260916T234516Z_1f1b82b7,2026-08-18.phase1,0.1.0-phase1,0.1.0-phase1,2026-09-16T23:45:16+00:00
LIGUE12627_MW34_301_OlympiqueLyonnais_ParisFC,2026-27,34,2027-05-29,2027-05-28T22:00:00+00:00,Olympique Lyonnais,Paris FC,Parc Olympique Lyonnais,scheduled,early_week_mode,,,,1.654,1.222,,,1-1,,draw,,0.4677,0.2409,0.2914,Olympique Lyonnais,0.4677,0.2569,0.2755,,,,"[{""score"": ""1-1"", ""probability"": 0.121074}, {""score"": ""2-1"", ""probability"": 0.094217}, {""score"": ""1-0"", ""probability"": 0.086058}, {""score"": ""2-0"", ""probability"": 0.077103}, {""score"": ""1-2"", ""probability"": 0.069599}, {""score"": ""0-0"", ""probability"": 0.063515}, {""score"": ""0-1"", ""probability"": 0.0617}, {""score"": ""2-2"", ""probability"": 0.057565}, {""score"": ""3-1"", ""probability"": 0.051952}, {""score"": ""3-0"", ""probability"": 0.042515}]",,0.5776,0.4224,Yes,2.5,0.5485,0.4515,False,Over 2.5,-0.25,0.5319,0.4681,False,Olympique Lyonnais -0.25,False,False,False,False,False,False,,,,,,,,0.4677,0.5323,0.2,weekly_update_20260916T234516Z_1f1b82b7,2026-08-18.phase1,0.1.0-phase1,0.1.0-phase1,2026-09-16T23:45:16+00:00
LIGUE12627_MW34_302_OlympiquedeMarseille_FCLorient,2026-27,34,2027-05-29,2027-05-28T22:00:00+00:00,Olympique de Marseille,FC Lorient,Stade Vélodrome,scheduled,early_week_mode,,,,1.954,1.153,,,1-1,,draw,,0.5375,0.2285,0.234,Olympique de Marseille,0.5535,0.2314,0.2151,,,,"[{""score"": ""1-1"", ""probability"": 0.107124}, {""score"": ""2-1"", ""probability"": 0.098485}, {""score"": ""2-0"", ""probability"": 0.085396}, {""score"": ""1-0"", ""probability"": 0.081055}, {""score"": ""3-1"", ""probability"": 0.064157}, {""score"": ""1-2"", ""probability"": 0.058118}, {""score"": ""2-2"", ""probability"": 0.056791}, {""score"": ""3-0"", ""probability"": 0.05563}, {""score"": ""0-0"", ""probability"": 0.051054}, {""score"": ""0-1"", ""probability"": 0.045234}]",,0.5938,0.4062,Yes,2.5,0.6004,0.3996,False,Over 2.5,-0.75,0.4974,0.5026,False,FC Lorient +0.75,False,False,False,False,False,False,,,,,,,,0.5375,0.4625,0.2,weekly_update_20260916T234516Z_1f1b82b7,2026-08-18.phase1,0.1.0-phase1,0.1.0-phase1,2026-09-16T23:45:16+00:00
LIGUE12627_MW34_303_ASMonaco_EstacTroyes,2026-27,34,2027-05-29,2027-05-28T22:00:00+00:00,AS Monaco,Estac Troyes,Stade Louis II,scheduled,early_week_mode,,,,3.408,0.97,,,3-0,,home_win,,0.7524,0.1696,0.078,AS Monaco,0.8242,0.11,0.0658,,,,"[{""score"": ""3-0"", ""probability"": 0.083525}, {""score"": ""3-1"", ""probability"": 0.080988}, {""score"": ""2-0"", ""probability"": 0.073516}, {""score"": ""2-1"", ""probability"": 0.071284}, {""score"": ""4-0"", ""probability"": 0.071172}, {""score"": ""4-1"", ""probability"": 0.069011}, {""score"": ""5-0"", ""probability"": 0.048517}, {""score"": ""5-1"", ""probability"": 0.047044}, {""score"": ""1-1"", ""probability"": 0.044458}, {""score"": ""1-0"", ""probability"": 0.040508}]",,0.6027,0.3973,Yes,2.5,0.8106,0.1894,False,Over 2.5,-2.25,0.513,0.487,False,AS Monaco -2.25,False,False,False,False,False,False,,,,,,,,0.7524,0.2476,0.2,weekly_update_20260916T234516Z_1f1b82b7,2026-08-18.phase1,0.1.0-phase1,0.1.0-phase1,2026-09-16T23:45:16+00:00
LIGUE12627_MW34_304_ParisSaint-Germain_ToulouseFC,2026-27,34,2027-05-29,2027-05-28T22:00:00+00:00,Paris Saint-Germain,Toulouse FC,Parc des Princes,scheduled,early_week_mode,,,,2.331,0.857,,,2-0,,home_win,,0.667,0.2009,0.1322,Paris Saint-Germain,0.6981,0.1857,0.1162,,,,"[{""score"": ""2-0"", ""probability"": 0.112169}, {""score"": ""2-1"", ""probability"": 0.096117}, {""score"": ""1-0"", ""probability"": 0.091053}, {""score"": ""1-1"", ""probability"": 0.08765}, {""score"": ""3-0"", ""probability"": 0.087158}, {""score"": ""3-1"", ""probability"": 0.074685}, {""score"": ""4-0"", ""probability"": 0.050793}, {""score"": ""0-0"", ""probability"": 0.04647}, {""score"": ""4-1"", ""probability"": 0.043524}, {""score"": ""2-2"", ""probability"": 0.041181}]",,0.5247,0.4753,Yes,2.5,0.6173,0.3827,False,Over 2.5,-1.5,0.4731,0.5269,False,Toulouse FC +1.5,False,False,False,False,False,False,,,,,,,,0.667,0.333,0.2,weekly_update_20260916T234516Z_1f1b82b7,2026-08-18.phase1,0.1.0-phase1,0.1.0-phase1,2026-09-16T23:45:16+00:00
LIGUE12627_MW34_305_StadeRennaisFC_AngersSCO,2026-27,34,2027-05-29,2027-05-28T22:00:00+00:00,Stade Rennais FC,Angers SCO,Roazhon Park,scheduled,early_week_mode,,,,1.987,0.867,,,2-0,,home_win,,0.6199,0.231,0.1491,Stade Rennais FC,0.629,0.2212,0.1498,,,,"[{""score"": ""2-0"", ""probability"": 0.1138}, {""score"": ""1-0"", ""probability"": 0.108291}, {""score"": ""1-1"", ""probability"": 0.105499}, {""score"": ""2-1"", ""probability"": 0.098624}, {""score"": ""3-0"", ""probability"": 0.075382}, {""score"": ""3-1"", ""probability"": 0.06533}, {""score"": ""0-0"", ""probability"": 0.063875}, {""score"": ""0-1"", ""probability"": 0.043707}, {""score"": ""1-2"", ""probability"": 0.043011}, {""score"": ""2-2"", ""probability"": 0.042736}]",,0.5064,0.4936,Yes,2.5,0.5432,0.4568,False,Over 2.5,-1.0,0.5092,0.4908,False,Stade Rennais FC -1,False,False,False,False,False,False,,,,,,,,0.6199,0.3801,0.2,weekly_update_20260916T234516Z_1f1b82b7,2026-08-18.phase1,0.1.0-phase1,0.1.0-phase1,2026-09-16T23:45:16+00:00
LIGUE12627_MW34_306_RCStrasbourgAlsace_OGCNice,2026-27,34,2027-05-29,2027-05-28T22:00:00+00:00,RC Strasbourg Alsace,OGC Nice,Stade de la Meinau,scheduled,early_week_mode,,,,1.923,1.135,,,1-1,,draw,,0.5375,0.2285,0.234,RC Strasbourg Alsace,0.5506,0.234,0.2154,,,,"[{""score"": ""1-1"", ""probability"": 0.109017}, {""score"": ""2-1"", ""probability"": 0.098609}, {""score"": ""2-0"", ""probability"": 0.086862}, {""score"": ""1-0"", ""probability"": 0.083901}, {""score"": ""3-1"", ""probability"": 0.063201}, {""score"": ""1-2"", ""probability"": 0.058219}, {""score"": ""2-2"", ""probability"": 0.055972}, {""score"": ""3-0"", ""probability"": 0.055672}, {""score"": ""0-0"", ""probability"": 0.053438}, {""score"": ""0-1"", ""probability"": 0.046895}]",,0.5859,0.4141,Yes,2.5,0.5896,0.4104,False,Over 2.5,-0.75,0.4942,0.5058,False,OGC Nice +0.75,False,False,False,False,False,False,,,,,,,,0.5375,0.4625,0.2,weekly_update_20260916T234516Z_1f1b82b7,2026-08-18.phase1,0.1.0-phase1,0.1.0-phase1,2026-09-16T23:45:16+00:00
