match_id,season,matchweek,date,kickoff_utc,home_team,away_team,bookmaker,market_type,opening_home_odds,opening_draw_odds,opening_away_odds,current_home_odds,current_draw_odds,current_away_odds,closing_home_odds,closing_draw_odds,closing_away_odds,spread_line,home_spread_odds,away_spread_odds,total_line,over_odds,under_odds,btts_yes_odds,btts_no_odds,odds_snapshot_type,time_to_kickoff_hours,odds_format,odds_timestamp,source_name,source_url_or_page_title,is_example,is_real_data,data_status,collection_date,notes
BUNDESLIGA2627_MW01_001_FCBayernMünchen_VfBStuttgart,2026-27,1,2026-08-28,2026-08-28T18:30:00+00:00,FC Bayern München,VfB Stuttgart,,h2h,,,,,,,,,,,,,,,,,,unknown,,decimal,2026-09-18T10:07:51+00:00,none_available,,False,False,unavailable,2026-09-18,"The Odds API is configured and reachable, but has not yet posted this market for this fixture (bookmakers open different markets at different times before kickoff) -- genuinely unavailable, not a collector failure."
BUNDESLIGA2627_MW01_001_FCBayernMünchen_VfBStuttgart,2026-27,1,2026-08-28,2026-08-28T18:30:00+00:00,FC Bayern München,VfB Stuttgart,,spreads,,,,,,,,,,,,,,,,,,unknown,,decimal,2026-09-18T10:07:51+00:00,none_available,,False,False,unavailable,2026-09-18,"The Odds API is configured and reachable, but has not yet posted this market for this fixture (bookmakers open different markets at different times before kickoff) -- genuinely unavailable, not a collector failure."
BUNDESLIGA2627_MW01_001_FCBayernMünchen_VfBStuttgart,2026-27,1,2026-08-28,2026-08-28T18:30:00+00:00,FC Bayern München,VfB Stuttgart,,totals,,,,,,,,,,,,,,,,,,unknown,,decimal,2026-09-18T10:07:51+00:00,none_available,,False,False,unavailable,2026-09-18,"The Odds API is configured and reachable, but has not yet posted this market for this fixture (bookmakers open different markets at different times before kickoff) -- genuinely unavailable, not a collector failure."
BUNDESLIGA2627_MW01_002_SVElversberg_Bayer04Leverkusen,2026-27,1,2026-08-29,2026-08-29T13:30:00+00:00,SV Elversberg,Bayer 04 Leverkusen,,h2h,,,,,,,,,,,,,,,,,,unknown,,decimal,2026-09-18T10:07:51+00:00,none_available,,False,False,unavailable,2026-09-18,"The Odds API is configured and reachable, but has not yet posted this market for this fixture (bookmakers open different markets at different times before kickoff) -- genuinely unavailable, not a collector failure."
BUNDESLIGA2627_MW01_002_SVElversberg_Bayer04Leverkusen,2026-27,1,2026-08-29,2026-08-29T13:30:00+00:00,SV Elversberg,Bayer 04 Leverkusen,,spreads,,,,,,,,,,,,,,,,,,unknown,,decimal,2026-09-18T10:07:51+00:00,none_available,,False,False,unavailable,2026-09-18,"The Odds API is configured and reachable, but has not yet posted this market for this fixture (bookmakers open different markets at different times before kickoff) -- genuinely unavailable, not a collector failure."
BUNDESLIGA2627_MW01_002_SVElversberg_Bayer04Leverkusen,2026-27,1,2026-08-29,2026-08-29T13:30:00+00:00,SV Elversberg,Bayer 04 Leverkusen,,totals,,,,,,,,,,,,,,,,,,unknown,,decimal,2026-09-18T10:07:51+00:00,none_available,,False,False,unavailable,2026-09-18,"The Odds API is configured and reachable, but has not yet posted this market for this fixture (bookmakers open different markets at different times before kickoff) -- genuinely unavailable, not a collector failure."
BUNDESLIGA2627_MW01_003_1.FCKöln_TSGHoffenheim,2026-27,1,2026-08-29,2026-08-29T13:30:00+00:00,1. FC Köln,TSG Hoffenheim,,h2h,,,,,,,,,,,,,,,,,,unknown,,decimal,2026-09-18T10:07:51+00:00,none_available,,False,False,unavailable,2026-09-18,"The Odds API is configured and reachable, but has not yet posted this market for this fixture (bookmakers open different markets at different times before kickoff) -- genuinely unavailable, not a collector failure."
BUNDESLIGA2627_MW01_003_1.FCKöln_TSGHoffenheim,2026-27,1,2026-08-29,2026-08-29T13:30:00+00:00,1. FC Köln,TSG Hoffenheim,,spreads,,,,,,,,,,,,,,,,,,unknown,,decimal,2026-09-18T10:07:51+00:00,none_available,,False,False,unavailable,2026-09-18,"The Odds API is configured and reachable, but has not yet posted this market for this fixture (bookmakers open different markets at different times before kickoff) -- genuinely unavailable, not a collector failure."
BUNDESLIGA2627_MW01_003_1.FCKöln_TSGHoffenheim,2026-27,1,2026-08-29,2026-08-29T13:30:00+00:00,1. FC Köln,TSG Hoffenheim,,totals,,,,,,,,,,,,,,,,,,unknown,,decimal,2026-09-18T10:07:51+00:00,none_available,,False,False,unavailable,2026-09-18,"The Odds API is configured and reachable, but has not yet posted this market for this fixture (bookmakers open different markets at different times before kickoff) -- genuinely unavailable, not a collector failure."
BUNDESLIGA2627_MW01_004_1.FCUnionBerlin_EintrachtFrankfurt,2026-27,1,2026-08-29,2026-08-29T13:30:00+00:00,1. FC Union Berlin,Eintracht Frankfurt,,h2h,,,,,,,,,,,,,,,,,,unknown,,decimal,2026-09-18T10:07:51+00:00,none_available,,False,False,unavailable,2026-09-18,"The Odds API is configured and reachable, but has not yet posted this market for this fixture (bookmakers open different markets at different times before kickoff) -- genuinely unavailable, not a collector failure."
BUNDESLIGA2627_MW01_004_1.FCUnionBerlin_EintrachtFrankfurt,2026-27,1,2026-08-29,2026-08-29T13:30:00+00:00,1. FC Union Berlin,Eintracht Frankfurt,,spreads,,,,,,,,,,,,,,,,,,unknown,,decimal,2026-09-18T10:07:51+00:00,none_available,,False,False,unavailable,2026-09-18,"The Odds API is configured and reachable, but has not yet posted this market for this fixture (bookmakers open different markets at different times before kickoff) -- genuinely unavailable, not a collector failure."
BUNDESLIGA2627_MW01_004_1.FCUnionBerlin_EintrachtFrankfurt,2026-27,1,2026-08-29,2026-08-29T13:30:00+00:00,1. FC Union Berlin,Eintracht Frankfurt,,totals,,,,,,,,,,,,,,,,,,unknown,,decimal,2026-09-18T10:07:51+00:00,none_available,,False,False,unavailable,2026-09-18,"The Odds API is configured and reachable, but has not yet posted this market for this fixture (bookmakers open different markets at different times before kickoff) -- genuinely unavailable, not a collector failure."
BUNDESLIGA2627_MW01_005_1.FSVMainz05_SCPaderborn07,2026-27,1,2026-08-29,2026-08-29T13:30:00+00:00,1. FSV Mainz 05,SC Paderborn 07,,h2h,,,,,,,,,,,,,,,,,,unknown,,decimal,2026-09-18T10:07:51+00:00,none_available,,False,False,unavailable,2026-09-18,"The Odds API is configured and reachable, but has not yet posted this market for this fixture (bookmakers open different markets at different times before kickoff) -- genuinely unavailable, not a collector failure."
BUNDESLIGA2627_MW01_005_1.FSVMainz05_SCPaderborn07,2026-27,1,2026-08-29,2026-08-29T13:30:00+00:00,1. FSV Mainz 05,SC Paderborn 07,,spreads,,,,,,,,,,,,,,,,,,unknown,,decimal,2026-09-18T10:07:51+00:00,none_available,,False,False,unavailable,2026-09-18,"The Odds API is configured and reachable, but has not yet posted this market for this fixture (bookmakers open different markets at different times before kickoff) -- genuinely unavailable, not a collector failure."
BUNDESLIGA2627_MW01_005_1.FSVMainz05_SCPaderborn07,2026-27,1,2026-08-29,2026-08-29T13:30:00+00:00,1. FSV Mainz 05,SC Paderborn 07,,totals,,,,,,,,,,,,,,,,,,unknown,,decimal,2026-09-18T10:07:51+00:00,none_available,,False,False,unavailable,2026-09-18,"The Odds API is configured and reachable, but has not yet posted this market for this fixture (bookmakers open different markets at different times before kickoff) -- genuinely unavailable, not a collector failure."
BUNDESLIGA2627_MW01_008_RBLeipzig_BorussiaMönchengladbach,2026-27,1,2026-08-29,2026-08-29T13:30:00+00:00,RB Leipzig,Borussia Mönchengladbach,,h2h,,,,,,,,,,,,,,,,,,unknown,,decimal,2026-09-18T10:07:51+00:00,none_available,,False,False,unavailable,2026-09-18,"The Odds API is configured and reachable, but has not yet posted this market for this fixture (bookmakers open different markets at different times before kickoff) -- genuinely unavailable, not a collector failure."
BUNDESLIGA2627_MW01_008_RBLeipzig_BorussiaMönchengladbach,2026-27,1,2026-08-29,2026-08-29T13:30:00+00:00,RB Leipzig,Borussia Mönchengladbach,,spreads,,,,,,,,,,,,,,,,,,unknown,,decimal,2026-09-18T10:07:51+00:00,none_available,,False,False,unavailable,2026-09-18,"The Odds API is configured and reachable, but has not yet posted this market for this fixture (bookmakers open different markets at different times before kickoff) -- genuinely unavailable, not a collector failure."
BUNDESLIGA2627_MW01_008_RBLeipzig_BorussiaMönchengladbach,2026-27,1,2026-08-29,2026-08-29T13:30:00+00:00,RB Leipzig,Borussia Mönchengladbach,,totals,,,,,,,,,,,,,,,,,,unknown,,decimal,2026-09-18T10:07:51+00:00,none_available,,False,False,unavailable,2026-09-18,"The Odds API is configured and reachable, but has not yet posted this market for this fixture (bookmakers open different markets at different times before kickoff) -- genuinely unavailable, not a collector failure."
BUNDESLIGA2627_MW01_009_BorussiaDortmund_HamburgerSV,2026-27,1,2026-08-29,2026-08-29T16:30:00+00:00,Borussia Dortmund,Hamburger SV,,h2h,,,,,,,,,,,,,,,,,,unknown,,decimal,2026-09-18T10:07:51+00:00,none_available,,False,False,unavailable,2026-09-18,"The Odds API is configured and reachable, but has not yet posted this market for this fixture (bookmakers open different markets at different times before kickoff) -- genuinely unavailable, not a collector failure."
BUNDESLIGA2627_MW01_009_BorussiaDortmund_HamburgerSV,2026-27,1,2026-08-29,2026-08-29T16:30:00+00:00,Borussia Dortmund,Hamburger SV,,spreads,,,,,,,,,,,,,,,,,,unknown,,decimal,2026-09-18T10:07:51+00:00,none_available,,False,False,unavailable,2026-09-18,"The Odds API is configured and reachable, but has not yet posted this market for this fixture (bookmakers open different markets at different times before kickoff) -- genuinely unavailable, not a collector failure."
BUNDESLIGA2627_MW01_009_BorussiaDortmund_HamburgerSV,2026-27,1,2026-08-29,2026-08-29T16:30:00+00:00,Borussia Dortmund,Hamburger SV,,totals,,,,,,,,,,,,,,,,,,unknown,,decimal,2026-09-18T10:07:51+00:00,none_available,,False,False,unavailable,2026-09-18,"The Odds API is configured and reachable, but has not yet posted this market for this fixture (bookmakers open different markets at different times before kickoff) -- genuinely unavailable, not a collector failure."
BUNDESLIGA2627_MW01_007_Sport-ClubFreiburg_SVWerderBremen,2026-27,1,2026-08-30,2026-08-30T13:30:00+00:00,Sport-Club Freiburg,SV Werder Bremen,,h2h,,,,,,,,,,,,,,,,,,unknown,,decimal,2026-09-18T10:07:51+00:00,none_available,,False,False,unavailable,2026-09-18,"The Odds API is configured and reachable, but has not yet posted this market for this fixture (bookmakers open different markets at different times before kickoff) -- genuinely unavailable, not a collector failure."
BUNDESLIGA2627_MW01_007_Sport-ClubFreiburg_SVWerderBremen,2026-27,1,2026-08-30,2026-08-30T13:30:00+00:00,Sport-Club Freiburg,SV Werder Bremen,,spreads,,,,,,,,,,,,,,,,,,unknown,,decimal,2026-09-18T10:07:51+00:00,none_available,,False,False,unavailable,2026-09-18,"The Odds API is configured and reachable, but has not yet posted this market for this fixture (bookmakers open different markets at different times before kickoff) -- genuinely unavailable, not a collector failure."
BUNDESLIGA2627_MW01_007_Sport-ClubFreiburg_SVWerderBremen,2026-27,1,2026-08-30,2026-08-30T13:30:00+00:00,Sport-Club Freiburg,SV Werder Bremen,,totals,,,,,,,,,,,,,,,,,,unknown,,decimal,2026-09-18T10:07:51+00:00,none_available,,False,False,unavailable,2026-09-18,"The Odds API is configured and reachable, but has not yet posted this market for this fixture (bookmakers open different markets at different times before kickoff) -- genuinely unavailable, not a collector failure."
BUNDESLIGA2627_MW01_006_FCAugsburg_FCSchalke04,2026-27,1,2026-08-30,2026-08-30T15:30:00+00:00,FC Augsburg,FC Schalke 04,,h2h,,,,,,,,,,,,,,,,,,unknown,,decimal,2026-09-18T10:07:51+00:00,none_available,,False,False,unavailable,2026-09-18,"The Odds API is configured and reachable, but has not yet posted this market for this fixture (bookmakers open different markets at different times before kickoff) -- genuinely unavailable, not a collector failure."
BUNDESLIGA2627_MW01_006_FCAugsburg_FCSchalke04,2026-27,1,2026-08-30,2026-08-30T15:30:00+00:00,FC Augsburg,FC Schalke 04,,spreads,,,,,,,,,,,,,,,,,,unknown,,decimal,2026-09-18T10:07:51+00:00,none_available,,False,False,unavailable,2026-09-18,"The Odds API is configured and reachable, but has not yet posted this market for this fixture (bookmakers open different markets at different times before kickoff) -- genuinely unavailable, not a collector failure."
BUNDESLIGA2627_MW01_006_FCAugsburg_FCSchalke04,2026-27,1,2026-08-30,2026-08-30T15:30:00+00:00,FC Augsburg,FC Schalke 04,,totals,,,,,,,,,,,,,,,,,,unknown,,decimal,2026-09-18T10:07:51+00:00,none_available,,False,False,unavailable,2026-09-18,"The Odds API is configured and reachable, but has not yet posted this market for this fixture (bookmakers open different markets at different times before kickoff) -- genuinely unavailable, not a collector failure."
BUNDESLIGA2627_MW02_018_VfBStuttgart_1.FCKöln,2026-27,2,2026-09-04,2026-09-04T18:30:00+00:00,VfB Stuttgart,1. FC Köln,,h2h,,,,,,,,,,,,,,,,,,unknown,,decimal,2026-09-18T10:07:51+00:00,none_available,,False,False,unavailable,2026-09-18,"The Odds API is configured and reachable, but has not yet posted this market for this fixture (bookmakers open different markets at different times before kickoff) -- genuinely unavailable, not a collector failure."
BUNDESLIGA2627_MW02_018_VfBStuttgart_1.FCKöln,2026-27,2,2026-09-04,2026-09-04T18:30:00+00:00,VfB Stuttgart,1. FC Köln,,spreads,,,,,,,,,,,,,,,,,,unknown,,decimal,2026-09-18T10:07:51+00:00,none_available,,False,False,unavailable,2026-09-18,"The Odds API is configured and reachable, but has not yet posted this market for this fixture (bookmakers open different markets at different times before kickoff) -- genuinely unavailable, not a collector failure."
BUNDESLIGA2627_MW02_018_VfBStuttgart_1.FCKöln,2026-27,2,2026-09-04,2026-09-04T18:30:00+00:00,VfB Stuttgart,1. FC Köln,,totals,,,,,,,,,,,,,,,,,,unknown,,decimal,2026-09-18T10:07:51+00:00,none_available,,False,False,unavailable,2026-09-18,"The Odds API is configured and reachable, but has not yet posted this market for this fixture (bookmakers open different markets at different times before kickoff) -- genuinely unavailable, not a collector failure."
BUNDESLIGA2627_MW02_010_SCPaderborn07_Sport-ClubFreiburg,2026-27,2,2026-09-05,2026-09-05T13:30:00+00:00,SC Paderborn 07,Sport-Club Freiburg,,h2h,,,,,,,,,,,,,,,,,,unknown,,decimal,2026-09-18T10:07:51+00:00,none_available,,False,False,unavailable,2026-09-18,"The Odds API is configured and reachable, but has not yet posted this market for this fixture (bookmakers open different markets at different times before kickoff) -- genuinely unavailable, not a collector failure."
BUNDESLIGA2627_MW02_010_SCPaderborn07_Sport-ClubFreiburg,2026-27,2,2026-09-05,2026-09-05T13:30:00+00:00,SC Paderborn 07,Sport-Club Freiburg,,spreads,,,,,,,,,,,,,,,,,,unknown,,decimal,2026-09-18T10:07:51+00:00,none_available,,False,False,unavailable,2026-09-18,"The Odds API is configured and reachable, but has not yet posted this market for this fixture (bookmakers open different markets at different times before kickoff) -- genuinely unavailable, not a collector failure."
BUNDESLIGA2627_MW02_010_SCPaderborn07_Sport-ClubFreiburg,2026-27,2,2026-09-05,2026-09-05T13:30:00+00:00,SC Paderborn 07,Sport-Club Freiburg,,totals,,,,,,,,,,,,,,,,,,unknown,,decimal,2026-09-18T10:07:51+00:00,none_available,,False,False,unavailable,2026-09-18,"The Odds API is configured and reachable, but has not yet posted this market for this fixture (bookmakers open different markets at different times before kickoff) -- genuinely unavailable, not a collector failure."
BUNDESLIGA2627_MW02_012_SVWerderBremen_RBLeipzig,2026-27,2,2026-09-05,2026-09-05T13:30:00+00:00,SV Werder Bremen,RB Leipzig,,h2h,,,,,,,,,,,,,,,,,,unknown,,decimal,2026-09-18T10:07:51+00:00,none_available,,False,False,unavailable,2026-09-18,"The Odds API is configured and reachable, but has not yet posted this market for this fixture (bookmakers open different markets at different times before kickoff) -- genuinely unavailable, not a collector failure."
BUNDESLIGA2627_MW02_012_SVWerderBremen_RBLeipzig,2026-27,2,2026-09-05,2026-09-05T13:30:00+00:00,SV Werder Bremen,RB Leipzig,,spreads,,,,,,,,,,,,,,,,,,unknown,,decimal,2026-09-18T10:07:51+00:00,none_available,,False,False,unavailable,2026-09-18,"The Odds API is configured and reachable, but has not yet posted this market for this fixture (bookmakers open different markets at different times before kickoff) -- genuinely unavailable, not a collector failure."
BUNDESLIGA2627_MW02_012_SVWerderBremen_RBLeipzig,2026-27,2,2026-09-05,2026-09-05T13:30:00+00:00,SV Werder Bremen,RB Leipzig,,totals,,,,,,,,,,,,,,,,,,unknown,,decimal,2026-09-18T10:07:51+00:00,none_available,,False,False,unavailable,2026-09-18,"The Odds API is configured and reachable, but has not yet posted this market for this fixture (bookmakers open different markets at different times before kickoff) -- genuinely unavailable, not a collector failure."
BUNDESLIGA2627_MW02_014_BorussiaMönchengladbach_SVElversberg,2026-27,2,2026-09-05,2026-09-05T13:30:00+00:00,Borussia Mönchengladbach,SV Elversberg,,h2h,,,,,,,,,,,,,,,,,,unknown,,decimal,2026-09-18T10:07:51+00:00,none_available,,False,False,unavailable,2026-09-18,"The Odds API is configured and reachable, but has not yet posted this market for this fixture (bookmakers open different markets at different times before kickoff) -- genuinely unavailable, not a collector failure."
BUNDESLIGA2627_MW02_014_BorussiaMönchengladbach_SVElversberg,2026-27,2,2026-09-05,2026-09-05T13:30:00+00:00,Borussia Mönchengladbach,SV Elversberg,,spreads,,,,,,,,,,,,,,,,,,unknown,,decimal,2026-09-18T10:07:51+00:00,none_available,,False,False,unavailable,2026-09-18,"The Odds API is configured and reachable, but has not yet posted this market for this fixture (bookmakers open different markets at different times before kickoff) -- genuinely unavailable, not a collector failure."
BUNDESLIGA2627_MW02_014_BorussiaMönchengladbach_SVElversberg,2026-27,2,2026-09-05,2026-09-05T13:30:00+00:00,Borussia Mönchengladbach,SV Elversberg,,totals,,,,,,,,,,,,,,,,,,unknown,,decimal,2026-09-18T10:07:51+00:00,none_available,,False,False,unavailable,2026-09-18,"The Odds API is configured and reachable, but has not yet posted this market for this fixture (bookmakers open different markets at different times before kickoff) -- genuinely unavailable, not a collector failure."
BUNDESLIGA2627_MW02_016_Bayer04Leverkusen_1.FCUnionBerlin,2026-27,2,2026-09-05,2026-09-05T13:30:00+00:00,Bayer 04 Leverkusen,1. FC Union Berlin,,h2h,,,,,,,,,,,,,,,,,,unknown,,decimal,2026-09-18T10:07:51+00:00,none_available,,False,False,unavailable,2026-09-18,"The Odds API is configured and reachable, but has not yet posted this market for this fixture (bookmakers open different markets at different times before kickoff) -- genuinely unavailable, not a collector failure."
BUNDESLIGA2627_MW02_016_Bayer04Leverkusen_1.FCUnionBerlin,2026-27,2,2026-09-05,2026-09-05T13:30:00+00:00,Bayer 04 Leverkusen,1. FC Union Berlin,,spreads,,,,,,,,,,,,,,,,,,unknown,,decimal,2026-09-18T10:07:51+00:00,none_available,,False,False,unavailable,2026-09-18,"The Odds API is configured and reachable, but has not yet posted this market for this fixture (bookmakers open different markets at different times before kickoff) -- genuinely unavailable, not a collector failure."
BUNDESLIGA2627_MW02_016_Bayer04Leverkusen_1.FCUnionBerlin,2026-27,2,2026-09-05,2026-09-05T13:30:00+00:00,Bayer 04 Leverkusen,1. FC Union Berlin,,totals,,,,,,,,,,,,,,,,,,unknown,,decimal,2026-09-18T10:07:51+00:00,none_available,,False,False,unavailable,2026-09-18,"The Odds API is configured and reachable, but has not yet posted this market for this fixture (bookmakers open different markets at different times before kickoff) -- genuinely unavailable, not a collector failure."
BUNDESLIGA2627_MW02_017_TSGHoffenheim_BorussiaDortmund,2026-27,2,2026-09-05,2026-09-05T13:30:00+00:00,TSG Hoffenheim,Borussia Dortmund,,h2h,,,,,,,,,,,,,,,,,,unknown,,decimal,2026-09-18T10:07:51+00:00,none_available,,False,False,unavailable,2026-09-18,"The Odds API is configured and reachable, but has not yet posted this market for this fixture (bookmakers open different markets at different times before kickoff) -- genuinely unavailable, not a collector failure."
BUNDESLIGA2627_MW02_017_TSGHoffenheim_BorussiaDortmund,2026-27,2,2026-09-05,2026-09-05T13:30:00+00:00,TSG Hoffenheim,Borussia Dortmund,,spreads,,,,,,,,,,,,,,,,,,unknown,,decimal,2026-09-18T10:07:51+00:00,none_available,,False,False,unavailable,2026-09-18,"The Odds API is configured and reachable, but has not yet posted this market for this fixture (bookmakers open different markets at different times before kickoff) -- genuinely unavailable, not a collector failure."
BUNDESLIGA2627_MW02_017_TSGHoffenheim_BorussiaDortmund,2026-27,2,2026-09-05,2026-09-05T13:30:00+00:00,TSG Hoffenheim,Borussia Dortmund,,totals,,,,,,,,,,,,,,,,,,unknown,,decimal,2026-09-18T10:07:51+00:00,none_available,,False,False,unavailable,2026-09-18,"The Odds API is configured and reachable, but has not yet posted this market for this fixture (bookmakers open different markets at different times before kickoff) -- genuinely unavailable, not a collector failure."
BUNDESLIGA2627_MW02_011_FCSchalke04_FCBayernMünchen,2026-27,2,2026-09-05,2026-09-05T16:30:00+00:00,FC Schalke 04,FC Bayern München,,h2h,,,,,,,,,,,,,,,,,,unknown,,decimal,2026-09-18T10:07:51+00:00,none_available,,False,False,unavailable,2026-09-18,"The Odds API is configured and reachable, but has not yet posted this market for this fixture (bookmakers open different markets at different times before kickoff) -- genuinely unavailable, not a collector failure."
BUNDESLIGA2627_MW02_011_FCSchalke04_FCBayernMünchen,2026-27,2,2026-09-05,2026-09-05T16:30:00+00:00,FC Schalke 04,FC Bayern München,,spreads,,,,,,,,,,,,,,,,,,unknown,,decimal,2026-09-18T10:07:51+00:00,none_available,,False,False,unavailable,2026-09-18,"The Odds API is configured and reachable, but has not yet posted this market for this fixture (bookmakers open different markets at different times before kickoff) -- genuinely unavailable, not a collector failure."
BUNDESLIGA2627_MW02_011_FCSchalke04_FCBayernMünchen,2026-27,2,2026-09-05,2026-09-05T16:30:00+00:00,FC Schalke 04,FC Bayern München,,totals,,,,,,,,,,,,,,,,,,unknown,,decimal,2026-09-18T10:07:51+00:00,none_available,,False,False,unavailable,2026-09-18,"The Odds API is configured and reachable, but has not yet posted this market for this fixture (bookmakers open different markets at different times before kickoff) -- genuinely unavailable, not a collector failure."
BUNDESLIGA2627_MW02_013_HamburgerSV_1.FSVMainz05,2026-27,2,2026-09-06,2026-09-06T13:30:00+00:00,Hamburger SV,1. FSV Mainz 05,,h2h,,,,,,,,,,,,,,,,,,unknown,,decimal,2026-09-18T10:07:51+00:00,none_available,,False,False,unavailable,2026-09-18,"The Odds API is configured and reachable, but has not yet posted this market for this fixture (bookmakers open different markets at different times before kickoff) -- genuinely unavailable, not a collector failure."
BUNDESLIGA2627_MW02_013_HamburgerSV_1.FSVMainz05,2026-27,2,2026-09-06,2026-09-06T13:30:00+00:00,Hamburger SV,1. FSV Mainz 05,,spreads,,,,,,,,,,,,,,,,,,unknown,,decimal,2026-09-18T10:07:51+00:00,none_available,,False,False,unavailable,2026-09-18,"The Odds API is configured and reachable, but has not yet posted this market for this fixture (bookmakers open different markets at different times before kickoff) -- genuinely unavailable, not a collector failure."
BUNDESLIGA2627_MW02_013_HamburgerSV_1.FSVMainz05,2026-27,2,2026-09-06,2026-09-06T13:30:00+00:00,Hamburger SV,1. FSV Mainz 05,,totals,,,,,,,,,,,,,,,,,,unknown,,decimal,2026-09-18T10:07:51+00:00,none_available,,False,False,unavailable,2026-09-18,"The Odds API is configured and reachable, but has not yet posted this market for this fixture (bookmakers open different markets at different times before kickoff) -- genuinely unavailable, not a collector failure."
BUNDESLIGA2627_MW02_015_EintrachtFrankfurt_FCAugsburg,2026-27,2,2026-09-06,2026-09-06T15:30:00+00:00,Eintracht Frankfurt,FC Augsburg,,h2h,,,,,,,,,,,,,,,,,,unknown,,decimal,2026-09-18T10:07:51+00:00,none_available,,False,False,unavailable,2026-09-18,"The Odds API is configured and reachable, but has not yet posted this market for this fixture (bookmakers open different markets at different times before kickoff) -- genuinely unavailable, not a collector failure."
BUNDESLIGA2627_MW02_015_EintrachtFrankfurt_FCAugsburg,2026-27,2,2026-09-06,2026-09-06T15:30:00+00:00,Eintracht Frankfurt,FC Augsburg,,spreads,,,,,,,,,,,,,,,,,,unknown,,decimal,2026-09-18T10:07:51+00:00,none_available,,False,False,unavailable,2026-09-18,"The Odds API is configured and reachable, but has not yet posted this market for this fixture (bookmakers open different markets at different times before kickoff) -- genuinely unavailable, not a collector failure."
BUNDESLIGA2627_MW02_015_EintrachtFrankfurt_FCAugsburg,2026-27,2,2026-09-06,2026-09-06T15:30:00+00:00,Eintracht Frankfurt,FC Augsburg,,totals,,,,,,,,,,,,,,,,,,unknown,,decimal,2026-09-18T10:07:51+00:00,none_available,,False,False,unavailable,2026-09-18,"The Odds API is configured and reachable, but has not yet posted this market for this fixture (bookmakers open different markets at different times before kickoff) -- genuinely unavailable, not a collector failure."
BUNDESLIGA2627_MW03_021_1.FCUnionBerlin_FCSchalke04,2026-27,3,2026-09-11,2026-09-11T18:30:00+00:00,1. FC Union Berlin,FC Schalke 04,,h2h,,,,,,,,,,,,,,,,,,unknown,,decimal,2026-09-18T10:07:51+00:00,none_available,,False,False,unavailable,2026-09-18,"The Odds API is configured and reachable, but has not yet posted this market for this fixture (bookmakers open different markets at different times before kickoff) -- genuinely unavailable, not a collector failure."
BUNDESLIGA2627_MW03_021_1.FCUnionBerlin_FCSchalke04,2026-27,3,2026-09-11,2026-09-11T18:30:00+00:00,1. FC Union Berlin,FC Schalke 04,,spreads,,,,,,,,,,,,,,,,,,unknown,,decimal,2026-09-18T10:07:51+00:00,none_available,,False,False,unavailable,2026-09-18,"The Odds API is configured and reachable, but has not yet posted this market for this fixture (bookmakers open different markets at different times before kickoff) -- genuinely unavailable, not a collector failure."
BUNDESLIGA2627_MW03_021_1.FCUnionBerlin_FCSchalke04,2026-27,3,2026-09-11,2026-09-11T18:30:00+00:00,1. FC Union Berlin,FC Schalke 04,,totals,,,,,,,,,,,,,,,,,,unknown,,decimal,2026-09-18T10:07:51+00:00,none_available,,False,False,unavailable,2026-09-18,"The Odds API is configured and reachable, but has not yet posted this market for this fixture (bookmakers open different markets at different times before kickoff) -- genuinely unavailable, not a collector failure."
BUNDESLIGA2627_MW03_022_1.FSVMainz05_EintrachtFrankfurt,2026-27,3,2026-09-12,2026-09-12T13:30:00+00:00,1. FSV Mainz 05,Eintracht Frankfurt,,h2h,,,,,,,,,,,,,,,,,,unknown,,decimal,2026-09-18T10:07:51+00:00,none_available,,False,False,unavailable,2026-09-18,"The Odds API is configured and reachable, but has not yet posted this market for this fixture (bookmakers open different markets at different times before kickoff) -- genuinely unavailable, not a collector failure."
BUNDESLIGA2627_MW03_022_1.FSVMainz05_EintrachtFrankfurt,2026-27,3,2026-09-12,2026-09-12T13:30:00+00:00,1. FSV Mainz 05,Eintracht Frankfurt,,spreads,,,,,,,,,,,,,,,,,,unknown,,decimal,2026-09-18T10:07:51+00:00,none_available,,False,False,unavailable,2026-09-18,"The Odds API is configured and reachable, but has not yet posted this market for this fixture (bookmakers open different markets at different times before kickoff) -- genuinely unavailable, not a collector failure."
BUNDESLIGA2627_MW03_022_1.FSVMainz05_EintrachtFrankfurt,2026-27,3,2026-09-12,2026-09-12T13:30:00+00:00,1. FSV Mainz 05,Eintracht Frankfurt,,totals,,,,,,,,,,,,,,,,,,unknown,,decimal,2026-09-18T10:07:51+00:00,none_available,,False,False,unavailable,2026-09-18,"The Odds API is configured and reachable, but has not yet posted this market for this fixture (bookmakers open different markets at different times before kickoff) -- genuinely unavailable, not a collector failure."
BUNDESLIGA2627_MW03_023_FCAugsburg_Bayer04Leverkusen,2026-27,3,2026-09-12,2026-09-12T13:30:00+00:00,FC Augsburg,Bayer 04 Leverkusen,,h2h,,,,,,,,,,,,,,,,,,unknown,,decimal,2026-09-18T10:07:51+00:00,none_available,,False,False,unavailable,2026-09-18,"The Odds API is configured and reachable, but has not yet posted this market for this fixture (bookmakers open different markets at different times before kickoff) -- genuinely unavailable, not a collector failure."
BUNDESLIGA2627_MW03_023_FCAugsburg_Bayer04Leverkusen,2026-27,3,2026-09-12,2026-09-12T13:30:00+00:00,FC Augsburg,Bayer 04 Leverkusen,,spreads,,,,,,,,,,,,,,,,,,unknown,,decimal,2026-09-18T10:07:51+00:00,none_available,,False,False,unavailable,2026-09-18,"The Odds API is configured and reachable, but has not yet posted this market for this fixture (bookmakers open different markets at different times before kickoff) -- genuinely unavailable, not a collector failure."
BUNDESLIGA2627_MW03_023_FCAugsburg_Bayer04Leverkusen,2026-27,3,2026-09-12,2026-09-12T13:30:00+00:00,FC Augsburg,Bayer 04 Leverkusen,,totals,,,,,,,,,,,,,,,,,,unknown,,decimal,2026-09-18T10:07:51+00:00,none_available,,False,False,unavailable,2026-09-18,"The Odds API is configured and reachable, but has not yet posted this market for this fixture (bookmakers open different markets at different times before kickoff) -- genuinely unavailable, not a collector failure."
BUNDESLIGA2627_MW03_024_Sport-ClubFreiburg_BorussiaMönchengladbach,2026-27,3,2026-09-12,2026-09-12T13:30:00+00:00,Sport-Club Freiburg,Borussia Mönchengladbach,,h2h,,,,,,,,,,,,,,,,,,unknown,,decimal,2026-09-18T10:07:51+00:00,none_available,,False,False,unavailable,2026-09-18,"The Odds API is configured and reachable, but has not yet posted this market for this fixture (bookmakers open different markets at different times before kickoff) -- genuinely unavailable, not a collector failure."
BUNDESLIGA2627_MW03_024_Sport-ClubFreiburg_BorussiaMönchengladbach,2026-27,3,2026-09-12,2026-09-12T13:30:00+00:00,Sport-Club Freiburg,Borussia Mönchengladbach,,spreads,,,,,,,,,,,,,,,,,,unknown,,decimal,2026-09-18T10:07:51+00:00,none_available,,False,False,unavailable,2026-09-18,"The Odds API is configured and reachable, but has not yet posted this market for this fixture (bookmakers open different markets at different times before kickoff) -- genuinely unavailable, not a collector failure."
BUNDESLIGA2627_MW03_024_Sport-ClubFreiburg_BorussiaMönchengladbach,2026-27,3,2026-09-12,2026-09-12T13:30:00+00:00,Sport-Club Freiburg,Borussia Mönchengladbach,,totals,,,,,,,,,,,,,,,,,,unknown,,decimal,2026-09-18T10:07:51+00:00,none_available,,False,False,unavailable,2026-09-18,"The Odds API is configured and reachable, but has not yet posted this market for this fixture (bookmakers open different markets at different times before kickoff) -- genuinely unavailable, not a collector failure."
BUNDESLIGA2627_MW03_025_TSGHoffenheim_VfBStuttgart,2026-27,3,2026-09-12,2026-09-12T13:30:00+00:00,TSG Hoffenheim,VfB Stuttgart,,h2h,,,,,,,,,,,,,,,,,,unknown,,decimal,2026-09-18T10:07:51+00:00,none_available,,False,False,unavailable,2026-09-18,"The Odds API is configured and reachable, but has not yet posted this market for this fixture (bookmakers open different markets at different times before kickoff) -- genuinely unavailable, not a collector failure."
BUNDESLIGA2627_MW03_025_TSGHoffenheim_VfBStuttgart,2026-27,3,2026-09-12,2026-09-12T13:30:00+00:00,TSG Hoffenheim,VfB Stuttgart,,spreads,,,,,,,,,,,,,,,,,,unknown,,decimal,2026-09-18T10:07:51+00:00,none_available,,False,False,unavailable,2026-09-18,"The Odds API is configured and reachable, but has not yet posted this market for this fixture (bookmakers open different markets at different times before kickoff) -- genuinely unavailable, not a collector failure."
BUNDESLIGA2627_MW03_025_TSGHoffenheim_VfBStuttgart,2026-27,3,2026-09-12,2026-09-12T13:30:00+00:00,TSG Hoffenheim,VfB Stuttgart,,totals,,,,,,,,,,,,,,,,,,unknown,,decimal,2026-09-18T10:07:51+00:00,none_available,,False,False,unavailable,2026-09-18,"The Odds API is configured and reachable, but has not yet posted this market for this fixture (bookmakers open different markets at different times before kickoff) -- genuinely unavailable, not a collector failure."
BUNDESLIGA2627_MW03_027_BorussiaDortmund_SCPaderborn07,2026-27,3,2026-09-12,2026-09-12T13:30:00+00:00,Borussia Dortmund,SC Paderborn 07,,h2h,,,,,,,,,,,,,,,,,,unknown,,decimal,2026-09-18T10:07:51+00:00,none_available,,False,False,unavailable,2026-09-18,"The Odds API is configured and reachable, but has not yet posted this market for this fixture (bookmakers open different markets at different times before kickoff) -- genuinely unavailable, not a collector failure."
BUNDESLIGA2627_MW03_027_BorussiaDortmund_SCPaderborn07,2026-27,3,2026-09-12,2026-09-12T13:30:00+00:00,Borussia Dortmund,SC Paderborn 07,,spreads,,,,,,,,,,,,,,,,,,unknown,,decimal,2026-09-18T10:07:51+00:00,none_available,,False,False,unavailable,2026-09-18,"The Odds API is configured and reachable, but has not yet posted this market for this fixture (bookmakers open different markets at different times before kickoff) -- genuinely unavailable, not a collector failure."
BUNDESLIGA2627_MW03_027_BorussiaDortmund_SCPaderborn07,2026-27,3,2026-09-12,2026-09-12T13:30:00+00:00,Borussia Dortmund,SC Paderborn 07,,totals,,,,,,,,,,,,,,,,,,unknown,,decimal,2026-09-18T10:07:51+00:00,none_available,,False,False,unavailable,2026-09-18,"The Odds API is configured and reachable, but has not yet posted this market for this fixture (bookmakers open different markets at different times before kickoff) -- genuinely unavailable, not a collector failure."
BUNDESLIGA2627_MW03_020_1.FCKöln_SVWerderBremen,2026-27,3,2026-09-12,2026-09-12T16:30:00+00:00,1. FC Köln,SV Werder Bremen,,h2h,,,,,,,,,,,,,,,,,,unknown,,decimal,2026-09-18T10:07:51+00:00,none_available,,False,False,unavailable,2026-09-18,"The Odds API is configured and reachable, but has not yet posted this market for this fixture (bookmakers open different markets at different times before kickoff) -- genuinely unavailable, not a collector failure."
BUNDESLIGA2627_MW03_020_1.FCKöln_SVWerderBremen,2026-27,3,2026-09-12,2026-09-12T16:30:00+00:00,1. FC Köln,SV Werder Bremen,,spreads,,,,,,,,,,,,,,,,,,unknown,,decimal,2026-09-18T10:07:51+00:00,none_available,,False,False,unavailable,2026-09-18,"The Odds API is configured and reachable, but has not yet posted this market for this fixture (bookmakers open different markets at different times before kickoff) -- genuinely unavailable, not a collector failure."
BUNDESLIGA2627_MW03_020_1.FCKöln_SVWerderBremen,2026-27,3,2026-09-12,2026-09-12T16:30:00+00:00,1. FC Köln,SV Werder Bremen,,totals,,,,,,,,,,,,,,,,,,unknown,,decimal,2026-09-18T10:07:51+00:00,none_available,,False,False,unavailable,2026-09-18,"The Odds API is configured and reachable, but has not yet posted this market for this fixture (bookmakers open different markets at different times before kickoff) -- genuinely unavailable, not a collector failure."
BUNDESLIGA2627_MW03_026_RBLeipzig_HamburgerSV,2026-27,3,2026-09-13,2026-09-13T13:30:00+00:00,RB Leipzig,Hamburger SV,,h2h,,,,,,,,,,,,,,,,,,unknown,,decimal,2026-09-18T10:07:51+00:00,none_available,,False,False,unavailable,2026-09-18,"The Odds API is configured and reachable, but has not yet posted this market for this fixture (bookmakers open different markets at different times before kickoff) -- genuinely unavailable, not a collector failure."
BUNDESLIGA2627_MW03_026_RBLeipzig_HamburgerSV,2026-27,3,2026-09-13,2026-09-13T13:30:00+00:00,RB Leipzig,Hamburger SV,,spreads,,,,,,,,,,,,,,,,,,unknown,,decimal,2026-09-18T10:07:51+00:00,none_available,,False,False,unavailable,2026-09-18,"The Odds API is configured and reachable, but has not yet posted this market for this fixture (bookmakers open different markets at different times before kickoff) -- genuinely unavailable, not a collector failure."
BUNDESLIGA2627_MW03_026_RBLeipzig_HamburgerSV,2026-27,3,2026-09-13,2026-09-13T13:30:00+00:00,RB Leipzig,Hamburger SV,,totals,,,,,,,,,,,,,,,,,,unknown,,decimal,2026-09-18T10:07:51+00:00,none_available,,False,False,unavailable,2026-09-18,"The Odds API is configured and reachable, but has not yet posted this market for this fixture (bookmakers open different markets at different times before kickoff) -- genuinely unavailable, not a collector failure."
BUNDESLIGA2627_MW03_019_SVElversberg_FCBayernMünchen,2026-27,3,2026-09-13,2026-09-13T15:30:00+00:00,SV Elversberg,FC Bayern München,,h2h,,,,,,,,,,,,,,,,,,unknown,,decimal,2026-09-18T10:07:51+00:00,none_available,,False,False,unavailable,2026-09-18,"The Odds API is configured and reachable, but has not yet posted this market for this fixture (bookmakers open different markets at different times before kickoff) -- genuinely unavailable, not a collector failure."
BUNDESLIGA2627_MW03_019_SVElversberg_FCBayernMünchen,2026-27,3,2026-09-13,2026-09-13T15:30:00+00:00,SV Elversberg,FC Bayern München,,spreads,,,,,,,,,,,,,,,,,,unknown,,decimal,2026-09-18T10:07:51+00:00,none_available,,False,False,unavailable,2026-09-18,"The Odds API is configured and reachable, but has not yet posted this market for this fixture (bookmakers open different markets at different times before kickoff) -- genuinely unavailable, not a collector failure."
BUNDESLIGA2627_MW03_019_SVElversberg_FCBayernMünchen,2026-27,3,2026-09-13,2026-09-13T15:30:00+00:00,SV Elversberg,FC Bayern München,,totals,,,,,,,,,,,,,,,,,,unknown,,decimal,2026-09-18T10:07:51+00:00,none_available,,False,False,unavailable,2026-09-18,"The Odds API is configured and reachable, but has not yet posted this market for this fixture (bookmakers open different markets at different times before kickoff) -- genuinely unavailable, not a collector failure."
BUNDESLIGA2627_MW04_036_FCBayernMünchen_1.FCUnionBerlin,2026-27,4,2026-09-18,2026-09-18T18:30:00+00:00,FC Bayern München,1. FC Union Berlin,winamax_de,h2h,,,,1.03,18.0,24.0,,,,,,,,,,,,current,,decimal,2026-09-18T10:07:46Z,the-odds-api.com,https://api.the-odds-api.com/v4/sports/soccer_germany_bundesliga/odds/,False,True,live,2026-09-18,Real current decimal odds from The Odds API. Opening/closing snapshots are not available on the free tier and are intentionally left blank.
BUNDESLIGA2627_MW04_036_FCBayernMünchen_1.FCUnionBerlin,2026-27,4,2026-09-18,2026-09-18T18:30:00+00:00,FC Bayern München,1. FC Union Berlin,unibet_fr,h2h,,,,1.03,12.0,25.0,,,,,,,,,,,,current,,decimal,2026-09-18T10:07:44Z,the-odds-api.com,https://api.the-odds-api.com/v4/sports/soccer_germany_bundesliga/odds/,False,True,live,2026-09-18,Real current decimal odds from The Odds API. Opening/closing snapshots are not available on the free tier and are intentionally left blank.
BUNDESLIGA2627_MW04_036_FCBayernMünchen_1.FCUnionBerlin,2026-27,4,2026-09-18,2026-09-18T18:30:00+00:00,FC Bayern München,1. FC Union Berlin,winamax_fr,h2h,,,,1.03,16.0,23.0,,,,,,,,,,,,current,,decimal,2026-09-18T10:07:45Z,the-odds-api.com,https://api.the-odds-api.com/v4/sports/soccer_germany_bundesliga/odds/,False,True,live,2026-09-18,Real current decimal odds from The Odds API. Opening/closing snapshots are not available on the free tier and are intentionally left blank.
BUNDESLIGA2627_MW04_036_FCBayernMünchen_1.FCUnionBerlin,2026-27,4,2026-09-18,2026-09-18T18:30:00+00:00,FC Bayern München,1. FC Union Berlin,unibet_uk,h2h,,,,1.04,14.0,31.0,,,,,,,,,,,,current,,decimal,2026-09-18T10:07:47Z,the-odds-api.com,https://api.the-odds-api.com/v4/sports/soccer_germany_bundesliga/odds/,False,True,live,2026-09-18,Real current decimal odds from The Odds API. Opening/closing snapshots are not available on the free tier and are intentionally left blank.
BUNDESLIGA2627_MW04_036_FCBayernMünchen_1.FCUnionBerlin,2026-27,4,2026-09-18,2026-09-18T18:30:00+00:00,FC Bayern München,1. FC Union Berlin,onexbet,h2h,,,,1.05,21.0,50.0,,,,,,,,,,,,current,,decimal,2026-09-18T10:07:21Z,the-odds-api.com,https://api.the-odds-api.com/v4/sports/soccer_germany_bundesliga/odds/,False,True,live,2026-09-18,Real current decimal odds from The Odds API. Opening/closing snapshots are not available on the free tier and are intentionally left blank.
BUNDESLIGA2627_MW04_036_FCBayernMünchen_1.FCUnionBerlin,2026-27,4,2026-09-18,2026-09-18T18:30:00+00:00,FC Bayern München,1. FC Union Berlin,codere_it,h2h,,,,1.05,16.0,35.0,,,,,,,,,,,,current,,decimal,2026-09-18T10:07:44Z,the-odds-api.com,https://api.the-odds-api.com/v4/sports/soccer_germany_bundesliga/odds/,False,True,live,2026-09-18,Real current decimal odds from The Odds API. Opening/closing snapshots are not available on the free tier and are intentionally left blank.
BUNDESLIGA2627_MW04_036_FCBayernMünchen_1.FCUnionBerlin,2026-27,4,2026-09-18,2026-09-18T18:30:00+00:00,FC Bayern München,1. FC Union Berlin,coolbet,h2h,,,,1.05,18.0,40.0,,,,,,,,,,,,current,,decimal,2026-09-18T10:07:24Z,the-odds-api.com,https://api.the-odds-api.com/v4/sports/soccer_germany_bundesliga/odds/,False,True,live,2026-09-18,Real current decimal odds from The Odds API. Opening/closing snapshots are not available on the free tier and are intentionally left blank.
BUNDESLIGA2627_MW04_036_FCBayernMünchen_1.FCUnionBerlin,2026-27,4,2026-09-18,2026-09-18T18:30:00+00:00,FC Bayern München,1. FC Union Berlin,tipico_de,h2h,,,,1.03,20.0,35.0,,,,,,,,,,,,current,,decimal,2026-09-18T10:07:01Z,the-odds-api.com,https://api.the-odds-api.com/v4/sports/soccer_germany_bundesliga/odds/,False,True,live,2026-09-18,Real current decimal odds from The Odds API. Opening/closing snapshots are not available on the free tier and are intentionally left blank.
BUNDESLIGA2627_MW04_036_FCBayernMünchen_1.FCUnionBerlin,2026-27,4,2026-09-18,2026-09-18T18:30:00+00:00,FC Bayern München,1. FC Union Berlin,leovegas,h2h,,,,1.04,15.0,26.0,,,,,,,,,,,,current,,decimal,2026-09-18T10:07:01Z,the-odds-api.com,https://api.the-odds-api.com/v4/sports/soccer_germany_bundesliga/odds/,False,True,live,2026-09-18,Real current decimal odds from The Odds API. Opening/closing snapshots are not available on the free tier and are intentionally left blank.
BUNDESLIGA2627_MW04_036_FCBayernMünchen_1.FCUnionBerlin,2026-27,4,2026-09-18,2026-09-18T18:30:00+00:00,FC Bayern München,1. FC Union Berlin,paddypower,h2h,,,,1.04,17.0,36.0,,,,,,,,,,,,current,,decimal,2026-09-18T10:06:36Z,the-odds-api.com,https://api.the-odds-api.com/v4/sports/soccer_germany_bundesliga/odds/,False,True,live,2026-09-18,Real current decimal odds from The Odds API. Opening/closing snapshots are not available on the free tier and are intentionally left blank.
BUNDESLIGA2627_MW04_036_FCBayernMünchen_1.FCUnionBerlin,2026-27,4,2026-09-18,2026-09-18T18:30:00+00:00,FC Bayern München,1. FC Union Berlin,skybet,h2h,,,,1.03,20.0,36.0,,,,,,,,,,,,current,,decimal,2026-09-18T10:07:44Z,the-odds-api.com,https://api.the-odds-api.com/v4/sports/soccer_germany_bundesliga/odds/,False,True,live,2026-09-18,Real current decimal odds from The Odds API. Opening/closing snapshots are not available on the free tier and are intentionally left blank.
BUNDESLIGA2627_MW04_036_FCBayernMünchen_1.FCUnionBerlin,2026-27,4,2026-09-18,2026-09-18T18:30:00+00:00,FC Bayern München,1. FC Union Berlin,betclic_fr,h2h,,,,1.04,15.0,25.0,,,,,,,,,,,,current,,decimal,2026-09-18T10:05:43Z,the-odds-api.com,https://api.the-odds-api.com/v4/sports/soccer_germany_bundesliga/odds/,False,True,live,2026-09-18,Real current decimal odds from The Odds API. Opening/closing snapshots are not available on the free tier and are intentionally left blank.
BUNDESLIGA2627_MW04_036_FCBayernMünchen_1.FCUnionBerlin,2026-27,4,2026-09-18,2026-09-18T18:30:00+00:00,FC Bayern München,1. FC Union Berlin,fanduel,h2h,,,,1.05,15.0,34.0,,,,,,,,,,,,current,,decimal,2026-09-18T10:07:45Z,the-odds-api.com,https://api.the-odds-api.com/v4/sports/soccer_germany_bundesliga/odds/,False,True,live,2026-09-18,Real current decimal odds from The Odds API. Opening/closing snapshots are not available on the free tier and are intentionally left blank.
BUNDESLIGA2627_MW04_036_FCBayernMünchen_1.FCUnionBerlin,2026-27,4,2026-09-18,2026-09-18T18:30:00+00:00,FC Bayern München,1. FC Union Berlin,betfred_uk,h2h,,,,1.04,15.0,34.0,,,,,,,,,,,,current,,decimal,2026-09-18T10:07:44Z,the-odds-api.com,https://api.the-odds-api.com/v4/sports/soccer_germany_bundesliga/odds/,False,True,live,2026-09-18,Real current decimal odds from The Odds API. Opening/closing snapshots are not available on the free tier and are intentionally left blank.
BUNDESLIGA2627_MW04_036_FCBayernMünchen_1.FCUnionBerlin,2026-27,4,2026-09-18,2026-09-18T18:30:00+00:00,FC Bayern München,1. FC Union Berlin,sport888,h2h,,,,1.05,15.0,34.0,,,,,,,,,,,,current,,decimal,2026-09-18T10:07:46Z,the-odds-api.com,https://api.the-odds-api.com/v4/sports/soccer_germany_bundesliga/odds/,False,True,live,2026-09-18,Real current decimal odds from The Odds API. Opening/closing snapshots are not available on the free tier and are intentionally left blank.
BUNDESLIGA2627_MW04_036_FCBayernMünchen_1.FCUnionBerlin,2026-27,4,2026-09-18,2026-09-18T18:30:00+00:00,FC Bayern München,1. FC Union Berlin,williamhill,h2h,,,,1.05,15.0,34.0,,,,,,,,,,,,current,,decimal,2026-09-18T10:07:21Z,the-odds-api.com,https://api.the-odds-api.com/v4/sports/soccer_germany_bundesliga/odds/,False,True,live,2026-09-18,Real current decimal odds from The Odds API. Opening/closing snapshots are not available on the free tier and are intentionally left blank.
BUNDESLIGA2627_MW04_036_FCBayernMünchen_1.FCUnionBerlin,2026-27,4,2026-09-18,2026-09-18T18:30:00+00:00,FC Bayern München,1. FC Union Berlin,smarkets,h2h,,,,1.06,20.0,48.08,,,,,,,,,,,,current,,decimal,2026-09-18T10:07:47Z,the-odds-api.com,https://api.the-odds-api.com/v4/sports/soccer_germany_bundesliga/odds/,False,True,live,2026-09-18,Real current decimal odds from The Odds API. Opening/closing snapshots are not available on the free tier and are intentionally left blank.
BUNDESLIGA2627_MW04_036_FCBayernMünchen_1.FCUnionBerlin,2026-27,4,2026-09-18,2026-09-18T18:30:00+00:00,FC Bayern München,1. FC Union Berlin,betsson,h2h,,,,1.04,23.0,41.0,,,,,,,,,,,,current,,decimal,2026-09-18T10:07:21Z,the-odds-api.com,https://api.the-odds-api.com/v4/sports/soccer_germany_bundesliga/odds/,False,True,live,2026-09-18,Real current decimal odds from The Odds API. Opening/closing snapshots are not available on the free tier and are intentionally left blank.
BUNDESLIGA2627_MW04_036_FCBayernMünchen_1.FCUnionBerlin,2026-27,4,2026-09-18,2026-09-18T18:30:00+00:00,FC Bayern München,1. FC Union Berlin,nordicbet,h2h,,,,1.04,23.0,41.0,,,,,,,,,,,,current,,decimal,2026-09-18T10:07:01Z,the-odds-api.com,https://api.the-odds-api.com/v4/sports/soccer_germany_bundesliga/odds/,False,True,live,2026-09-18,Real current decimal odds from The Odds API. Opening/closing snapshots are not available on the free tier and are intentionally left blank.
BUNDESLIGA2627_MW04_036_FCBayernMünchen_1.FCUnionBerlin,2026-27,4,2026-09-18,2026-09-18T18:30:00+00:00,FC Bayern München,1. FC Union Berlin,pinnacle,h2h,,,,1.05,16.45,38.08,,,,,,,,,,,,current,,decimal,2026-09-18T10:07:44Z,the-odds-api.com,https://api.the-odds-api.com/v4/sports/soccer_germany_bundesliga/odds/,False,True,live,2026-09-18,Real current decimal odds from The Odds API. Opening/closing snapshots are not available on the free tier and are intentionally left blank.
BUNDESLIGA2627_MW04_036_FCBayernMünchen_1.FCUnionBerlin,2026-27,4,2026-09-18,2026-09-18T18:30:00+00:00,FC Bayern München,1. FC Union Berlin,betway,h2h,,,,1.04,21.0,34.0,,,,,,,,,,,,current,,decimal,2026-09-18T10:07:22Z,the-odds-api.com,https://api.the-odds-api.com/v4/sports/soccer_germany_bundesliga/odds/,False,True,live,2026-09-18,Real current decimal odds from The Odds API. Opening/closing snapshots are not available on the free tier and are intentionally left blank.
BUNDESLIGA2627_MW04_036_FCBayernMünchen_1.FCUnionBerlin,2026-27,4,2026-09-18,2026-09-18T18:30:00+00:00,FC Bayern München,1. FC Union Berlin,marathonbet,h2h,,,,1.05,18.25,41.0,,,,,,,,,,,,current,,decimal,2026-09-18T10:07:49Z,the-odds-api.com,https://api.the-odds-api.com/v4/sports/soccer_germany_bundesliga/odds/,False,True,live,2026-09-18,Real current decimal odds from The Odds API. Opening/closing snapshots are not available on the free tier and are intentionally left blank.
BUNDESLIGA2627_MW04_036_FCBayernMünchen_1.FCUnionBerlin,2026-27,4,2026-09-18,2026-09-18T18:30:00+00:00,FC Bayern München,1. FC Union Berlin,ladbrokes_uk,h2h,,,,1.07,15.0,21.0,,,,,,,,,,,,current,,decimal,2026-09-18T10:07:01Z,the-odds-api.com,https://api.the-odds-api.com/v4/sports/soccer_germany_bundesliga/odds/,False,True,live,2026-09-18,Real current decimal odds from The Odds API. Opening/closing snapshots are not available on the free tier and are intentionally left blank.
BUNDESLIGA2627_MW04_036_FCBayernMünchen_1.FCUnionBerlin,2026-27,4,2026-09-18,2026-09-18T18:30:00+00:00,FC Bayern München,1. FC Union Berlin,betfair_ex_uk,h2h,,,,1.06,21.0,50.0,,,,,,,,,,,,current,,decimal,2026-09-18T10:07:45Z,the-odds-api.com,https://api.the-odds-api.com/v4/sports/soccer_germany_bundesliga/odds/,False,True,live,2026-09-18,Real current decimal odds from The Odds API. Opening/closing snapshots are not available on the free tier and are intentionally left blank.
BUNDESLIGA2627_MW04_036_FCBayernMünchen_1.FCUnionBerlin,2026-27,4,2026-09-18,2026-09-18T18:30:00+00:00,FC Bayern München,1. FC Union Berlin,betfair_ex_eu,h2h,,,,1.06,21.0,50.0,,,,,,,,,,,,current,,decimal,2026-09-18T10:07:46Z,the-odds-api.com,https://api.the-odds-api.com/v4/sports/soccer_germany_bundesliga/odds/,False,True,live,2026-09-18,Real current decimal odds from The Odds API. Opening/closing snapshots are not available on the free tier and are intentionally left blank.
BUNDESLIGA2627_MW04_036_FCBayernMünchen_1.FCUnionBerlin,2026-27,4,2026-09-18,2026-09-18T18:30:00+00:00,FC Bayern München,1. FC Union Berlin,coral,h2h,,,,1.07,17.0,23.0,,,,,,,,,,,,current,,decimal,2026-09-18T10:07:21Z,the-odds-api.com,https://api.the-odds-api.com/v4/sports/soccer_germany_bundesliga/odds/,False,True,live,2026-09-18,Real current decimal odds from The Odds API. Opening/closing snapshots are not available on the free tier and are intentionally left blank.
BUNDESLIGA2627_MW04_036_FCBayernMünchen_1.FCUnionBerlin,2026-27,4,2026-09-18,2026-09-18T18:30:00+00:00,FC Bayern München,1. FC Union Berlin,betmgm,h2h,,,,1.06,16.5,23.0,,,,,,,,,,,,current,,decimal,2026-09-18T10:07:21Z,the-odds-api.com,https://api.the-odds-api.com/v4/sports/soccer_germany_bundesliga/odds/,False,True,live,2026-09-18,Real current decimal odds from The Odds API. Opening/closing snapshots are not available on the free tier and are intentionally left blank.
BUNDESLIGA2627_MW04_036_FCBayernMünchen_1.FCUnionBerlin,2026-27,4,2026-09-18,2026-09-18T18:30:00+00:00,FC Bayern München,1. FC Union Berlin,bovada,h2h,,,,1.04,15.0,31.0,,,,,,,,,,,,current,,decimal,2026-09-18T10:07:50Z,the-odds-api.com,https://api.the-odds-api.com/v4/sports/soccer_germany_bundesliga/odds/,False,True,live,2026-09-18,Real current decimal odds from The Odds API. Opening/closing snapshots are not available on the free tier and are intentionally left blank.
BUNDESLIGA2627_MW04_036_FCBayernMünchen_1.FCUnionBerlin,2026-27,4,2026-09-18,2026-09-18T18:30:00+00:00,FC Bayern München,1. FC Union Berlin,boylesports,h2h,,,,1.03,19.0,29.0,,,,,,,,,,,,current,,decimal,2026-09-18T10:06:39Z,the-odds-api.com,https://api.the-odds-api.com/v4/sports/soccer_germany_bundesliga/odds/,False,True,live,2026-09-18,Real current decimal odds from The Odds API. Opening/closing snapshots are not available on the free tier and are intentionally left blank.
BUNDESLIGA2627_MW04_036_FCBayernMünchen_1.FCUnionBerlin,2026-27,4,2026-09-18,2026-09-18T18:30:00+00:00,FC Bayern München,1. FC Union Berlin,unibet_se,h2h,,,,1.06,18.0,36.0,,,,,,,,,,,,current,,decimal,2026-09-18T10:07:45Z,the-odds-api.com,https://api.the-odds-api.com/v4/sports/soccer_germany_bundesliga/odds/,False,True,live,2026-09-18,Real current decimal odds from The Odds API. Opening/closing snapshots are not available on the free tier and are intentionally left blank.
BUNDESLIGA2627_MW04_036_FCBayernMünchen_1.FCUnionBerlin,2026-27,4,2026-09-18,2026-09-18T18:30:00+00:00,FC Bayern München,1. FC Union Berlin,betrivers,h2h,,,,1.04,15.0,29.0,,,,,,,,,,,,current,,decimal,2026-09-18T10:07:44Z,the-odds-api.com,https://api.the-odds-api.com/v4/sports/soccer_germany_bundesliga/odds/,False,True,live,2026-09-18,Real current decimal odds from The Odds API. Opening/closing snapshots are not available on the free tier and are intentionally left blank.
BUNDESLIGA2627_MW04_036_FCBayernMünchen_1.FCUnionBerlin,2026-27,4,2026-09-18,2026-09-18T18:30:00+00:00,FC Bayern München,1. FC Union Berlin,livescorebet,h2h,,,,1.04,16.0,31.0,,,,,,,,,,,,current,,decimal,2026-09-18T10:07:21Z,the-odds-api.com,https://api.the-odds-api.com/v4/sports/soccer_germany_bundesliga/odds/,False,True,live,2026-09-18,Real current decimal odds from The Odds API. Opening/closing snapshots are not available on the free tier and are intentionally left blank.
BUNDESLIGA2627_MW04_036_FCBayernMünchen_1.FCUnionBerlin,2026-27,4,2026-09-18,2026-09-18T18:30:00+00:00,FC Bayern München,1. FC Union Berlin,pmu_fr,h2h,,,,1.04,14.0,26.0,,,,,,,,,,,,current,,decimal,2026-09-18T10:07:01Z,the-odds-api.com,https://api.the-odds-api.com/v4/sports/soccer_germany_bundesliga/odds/,False,True,live,2026-09-18,Real current decimal odds from The Odds API. Opening/closing snapshots are not available on the free tier and are intentionally left blank.
BUNDESLIGA2627_MW04_036_FCBayernMünchen_1.FCUnionBerlin,2026-27,4,2026-09-18,2026-09-18T18:30:00+00:00,FC Bayern München,1. FC Union Berlin,leovegas_se,h2h,,,,1.03,14.0,26.0,,,,,,,,,,,,current,,decimal,2026-09-18T10:07:00Z,the-odds-api.com,https://api.the-odds-api.com/v4/sports/soccer_germany_bundesliga/odds/,False,True,live,2026-09-18,Real current decimal odds from The Odds API. Opening/closing snapshots are not available on the free tier and are intentionally left blank.
BUNDESLIGA2627_MW04_036_FCBayernMünchen_1.FCUnionBerlin,2026-27,4,2026-09-18,2026-09-18T18:30:00+00:00,FC Bayern München,1. FC Union Berlin,grosvenor,h2h,,,,1.05,16.0,31.0,,,,,,,,,,,,current,,decimal,2026-09-18T10:07:01Z,the-odds-api.com,https://api.the-odds-api.com/v4/sports/soccer_germany_bundesliga/odds/,False,True,live,2026-09-18,Real current decimal odds from The Odds API. Opening/closing snapshots are not available on the free tier and are intentionally left blank.
BUNDESLIGA2627_MW04_036_FCBayernMünchen_1.FCUnionBerlin,2026-27,4,2026-09-18,2026-09-18T18:30:00+00:00,FC Bayern München,1. FC Union Berlin,unibet_nl,h2h,,,,1.05,17.0,36.0,,,,,,,,,,,,current,,decimal,2026-09-18T10:07:22Z,the-odds-api.com,https://api.the-odds-api.com/v4/sports/soccer_germany_bundesliga/odds/,False,True,live,2026-09-18,Real current decimal odds from The Odds API. Opening/closing snapshots are not available on the free tier and are intentionally left blank.
BUNDESLIGA2627_MW04_036_FCBayernMünchen_1.FCUnionBerlin,2026-27,4,2026-09-18,2026-09-18T18:30:00+00:00,FC Bayern München,1. FC Union Berlin,casumo,h2h,,,,1.04,15.0,29.0,,,,,,,,,,,,current,,decimal,2026-09-18T10:07:47Z,the-odds-api.com,https://api.the-odds-api.com/v4/sports/soccer_germany_bundesliga/odds/,False,True,live,2026-09-18,Real current decimal odds from The Odds API. Opening/closing snapshots are not available on the free tier and are intentionally left blank.
BUNDESLIGA2627_MW04_036_FCBayernMünchen_1.FCUnionBerlin,2026-27,4,2026-09-18,2026-09-18T18:30:00+00:00,FC Bayern München,1. FC Union Berlin,virginbet,h2h,,,,1.04,16.0,31.0,,,,,,,,,,,,current,,decimal,2026-09-18T10:07:29Z,the-odds-api.com,https://api.the-odds-api.com/v4/sports/soccer_germany_bundesliga/odds/,False,True,live,2026-09-18,Real current decimal odds from The Odds API. Opening/closing snapshots are not available on the free tier and are intentionally left blank.
BUNDESLIGA2627_MW04_036_FCBayernMünchen_1.FCUnionBerlin,2026-27,4,2026-09-18,2026-09-18T18:30:00+00:00,FC Bayern München,1. FC Union Berlin,suprabets,h2h,,,,1.04,15.0,34.0,,,,,,,,,,,,current,,decimal,2026-09-18T10:05:27Z,the-odds-api.com,https://api.the-odds-api.com/v4/sports/soccer_germany_bundesliga/odds/,False,True,live,2026-09-18,Real current decimal odds from The Odds API. Opening/closing snapshots are not available on the free tier and are intentionally left blank.
BUNDESLIGA2627_MW04_036_FCBayernMünchen_1.FCUnionBerlin,2026-27,4,2026-09-18,2026-09-18T18:30:00+00:00,FC Bayern München,1. FC Union Berlin,draftkings,h2h,,,,1.03,14.0,26.0,,,,,,,,,,,,current,,decimal,2026-09-18T10:05:54Z,the-odds-api.com,https://api.the-odds-api.com/v4/sports/soccer_germany_bundesliga/odds/,False,True,live,2026-09-18,Real current decimal odds from The Odds API. Opening/closing snapshots are not available on the free tier and are intentionally left blank.
BUNDESLIGA2627_MW04_036_FCBayernMünchen_1.FCUnionBerlin,2026-27,4,2026-09-18,2026-09-18T18:30:00+00:00,FC Bayern München,1. FC Union Berlin,matchbook,h2h,,,,1.06,22.0,50.0,,,,,,,,,,,,current,,decimal,2026-09-18T10:07:46Z,the-odds-api.com,https://api.the-odds-api.com/v4/sports/soccer_germany_bundesliga/odds/,False,True,live,2026-09-18,Real current decimal odds from The Odds API. Opening/closing snapshots are not available on the free tier and are intentionally left blank.
BUNDESLIGA2627_MW04_036_FCBayernMünchen_1.FCUnionBerlin,2026-27,4,2026-09-18,2026-09-18T18:30:00+00:00,FC Bayern München,1. FC Union Berlin,gtbets,h2h,,,,1.04,17.41,33.76,,,,,,,,,,,,current,,decimal,2026-09-18T10:07:45Z,the-odds-api.com,https://api.the-odds-api.com/v4/sports/soccer_germany_bundesliga/odds/,False,True,live,2026-09-18,Real current decimal odds from The Odds API. Opening/closing snapshots are not available on the free tier and are intentionally left blank.
BUNDESLIGA2627_MW04_036_FCBayernMünchen_1.FCUnionBerlin,2026-27,4,2026-09-18,2026-09-18T18:30:00+00:00,FC Bayern München,1. FC Union Berlin,betano_uk,h2h,,,,1.03,17.0,31.0,,,,,,,,,,,,current,,decimal,2026-09-18T10:06:25Z,the-odds-api.com,https://api.the-odds-api.com/v4/sports/soccer_germany_bundesliga/odds/,False,True,live,2026-09-18,Real current decimal odds from The Odds API. Opening/closing snapshots are not available on the free tier and are intentionally left blank.
BUNDESLIGA2627_MW04_036_FCBayernMünchen_1.FCUnionBerlin,2026-27,4,2026-09-18,2026-09-18T18:30:00+00:00,FC Bayern München,1. FC Union Berlin,betvictor,h2h,,,,1.03,17.0,31.0,,,,,,,,,,,,current,,decimal,2026-09-18T10:06:09Z,the-odds-api.com,https://api.the-odds-api.com/v4/sports/soccer_germany_bundesliga/odds/,False,True,live,2026-09-18,Real current decimal odds from The Odds API. Opening/closing snapshots are not available on the free tier and are intentionally left blank.
BUNDESLIGA2627_MW04_036_FCBayernMünchen_1.FCUnionBerlin,2026-27,4,2026-09-18,2026-09-18T18:30:00+00:00,FC Bayern München,1. FC Union Berlin,betonlineag,h2h,,,,1.05,18.5,39.0,,,,,,,,,,,,current,,decimal,2026-09-18T10:06:36Z,the-odds-api.com,https://api.the-odds-api.com/v4/sports/soccer_germany_bundesliga/odds/,False,True,live,2026-09-18,Real current decimal odds from The Odds API. Opening/closing snapshots are not available on the free tier and are intentionally left blank.
BUNDESLIGA2627_MW04_036_FCBayernMünchen_1.FCUnionBerlin,2026-27,4,2026-09-18,2026-09-18T18:30:00+00:00,FC Bayern München,1. FC Union Berlin,lowvig,h2h,,,,1.05,18.5,39.0,,,,,,,,,,,,current,,decimal,2026-09-18T10:07:22Z,the-odds-api.com,https://api.the-odds-api.com/v4/sports/soccer_germany_bundesliga/odds/,False,True,live,2026-09-18,Real current decimal odds from The Odds API. Opening/closing snapshots are not available on the free tier and are intentionally left blank.
BUNDESLIGA2627_MW04_036_FCBayernMünchen_1.FCUnionBerlin,2026-27,4,2026-09-18,2026-09-18T18:30:00+00:00,FC Bayern München,1. FC Union Berlin,everygame,h2h,,,,1.04,15.0,34.0,,,,,,,,,,,,current,,decimal,2026-09-18T10:06:27Z,the-odds-api.com,https://api.the-odds-api.com/v4/sports/soccer_germany_bundesliga/odds/,False,True,live,2026-09-18,Real current decimal odds from The Odds API. Opening/closing snapshots are not available on the free tier and are intentionally left blank.
BUNDESLIGA2627_MW04_036_FCBayernMünchen_1.FCUnionBerlin,2026-27,4,2026-09-18,2026-09-18T18:30:00+00:00,FC Bayern München,1. FC Union Berlin,betus,h2h,,,,1.04,16.5,25.0,,,,,,,,,,,,current,,decimal,2026-09-18T10:07:44Z,the-odds-api.com,https://api.the-odds-api.com/v4/sports/soccer_germany_bundesliga/odds/,False,True,live,2026-09-18,Real current decimal odds from The Odds API. Opening/closing snapshots are not available on the free tier and are intentionally left blank.
BUNDESLIGA2627_MW04_036_FCBayernMünchen_1.FCUnionBerlin,2026-27,4,2026-09-18,2026-09-18T18:30:00+00:00,FC Bayern München,1. FC Union Berlin,onexbet,spreads,,,,,,,,,,-3.5,1.88,2.07,,,,,,current,,decimal,2026-09-18T10:07:21Z,the-odds-api.com,https://api.the-odds-api.com/v4/sports/soccer_germany_bundesliga/odds/,False,True,live,2026-09-18,Real current decimal odds from The Odds API. Opening/closing snapshots are not available on the free tier and are intentionally left blank.
BUNDESLIGA2627_MW04_036_FCBayernMünchen_1.FCUnionBerlin,2026-27,4,2026-09-18,2026-09-18T18:30:00+00:00,FC Bayern München,1. FC Union Berlin,coolbet,spreads,,,,,,,,,,-3.5,1.85,2.0,,,,,,current,,decimal,2026-09-18T10:07:24Z,the-odds-api.com,https://api.the-odds-api.com/v4/sports/soccer_germany_bundesliga/odds/,False,True,live,2026-09-18,Real current decimal odds from The Odds API. Opening/closing snapshots are not available on the free tier and are intentionally left blank.
BUNDESLIGA2627_MW04_036_FCBayernMünchen_1.FCUnionBerlin,2026-27,4,2026-09-18,2026-09-18T18:30:00+00:00,FC Bayern München,1. FC Union Berlin,pinnacle,spreads,,,,,,,,,,-3.5,1.83,2.07,,,,,,current,,decimal,2026-09-18T10:07:44Z,the-odds-api.com,https://api.the-odds-api.com/v4/sports/soccer_germany_bundesliga/odds/,False,True,live,2026-09-18,Real current decimal odds from The Odds API. Opening/closing snapshots are not available on the free tier and are intentionally left blank.
BUNDESLIGA2627_MW04_036_FCBayernMünchen_1.FCUnionBerlin,2026-27,4,2026-09-18,2026-09-18T18:30:00+00:00,FC Bayern München,1. FC Union Berlin,bovada,spreads,,,,,,,,,,-3.75,1.98,1.85,,,,,,current,,decimal,2026-09-18T10:07:50Z,the-odds-api.com,https://api.the-odds-api.com/v4/sports/soccer_germany_bundesliga/odds/,False,True,live,2026-09-18,Real current decimal odds from The Odds API. Opening/closing snapshots are not available on the free tier and are intentionally left blank.
BUNDESLIGA2627_MW04_036_FCBayernMünchen_1.FCUnionBerlin,2026-27,4,2026-09-18,2026-09-18T18:30:00+00:00,FC Bayern München,1. FC Union Berlin,matchbook,spreads,,,,,,,,,,-3.75,2.02,1.88,,,,,,current,,decimal,2026-09-18T10:07:46Z,the-odds-api.com,https://api.the-odds-api.com/v4/sports/soccer_germany_bundesliga/odds/,False,True,live,2026-09-18,Real current decimal odds from The Odds API. Opening/closing snapshots are not available on the free tier and are intentionally left blank.
BUNDESLIGA2627_MW04_036_FCBayernMünchen_1.FCUnionBerlin,2026-27,4,2026-09-18,2026-09-18T18:30:00+00:00,FC Bayern München,1. FC Union Berlin,gtbets,spreads,,,,,,,,,,-3.5,1.81,1.97,,,,,,current,,decimal,2026-09-18T10:07:45Z,the-odds-api.com,https://api.the-odds-api.com/v4/sports/soccer_germany_bundesliga/odds/,False,True,live,2026-09-18,Real current decimal odds from The Odds API. Opening/closing snapshots are not available on the free tier and are intentionally left blank.
BUNDESLIGA2627_MW04_036_FCBayernMünchen_1.FCUnionBerlin,2026-27,4,2026-09-18,2026-09-18T18:30:00+00:00,FC Bayern München,1. FC Union Berlin,betonlineag,spreads,,,,,,,,,,-3.5,1.86,2.01,,,,,,current,,decimal,2026-09-18T10:06:36Z,the-odds-api.com,https://api.the-odds-api.com/v4/sports/soccer_germany_bundesliga/odds/,False,True,live,2026-09-18,Real current decimal odds from The Odds API. Opening/closing snapshots are not available on the free tier and are intentionally left blank.
BUNDESLIGA2627_MW04_036_FCBayernMünchen_1.FCUnionBerlin,2026-27,4,2026-09-18,2026-09-18T18:30:00+00:00,FC Bayern München,1. FC Union Berlin,lowvig,spreads,,,,,,,,,,-3.5,1.86,2.01,,,,,,current,,decimal,2026-09-18T10:07:22Z,the-odds-api.com,https://api.the-odds-api.com/v4/sports/soccer_germany_bundesliga/odds/,False,True,live,2026-09-18,Real current decimal odds from The Odds API. Opening/closing snapshots are not available on the free tier and are intentionally left blank.
BUNDESLIGA2627_MW04_036_FCBayernMünchen_1.FCUnionBerlin,2026-27,4,2026-09-18,2026-09-18T18:30:00+00:00,FC Bayern München,1. FC Union Berlin,betus,spreads,,,,,,,,,,-3.5,1.87,1.95,,,,,,current,,decimal,2026-09-18T10:07:44Z,the-odds-api.com,https://api.the-odds-api.com/v4/sports/soccer_germany_bundesliga/odds/,False,True,live,2026-09-18,Real current decimal odds from The Odds API. Opening/closing snapshots are not available on the free tier and are intentionally left blank.
BUNDESLIGA2627_MW04_036_FCBayernMünchen_1.FCUnionBerlin,2026-27,4,2026-09-18,2026-09-18T18:30:00+00:00,FC Bayern München,1. FC Union Berlin,onexbet,totals,,,,,,,,,,,,,5.5,2.32,1.71,,,current,,decimal,2026-09-18T10:07:21Z,the-odds-api.com,https://api.the-odds-api.com/v4/sports/soccer_germany_bundesliga/odds/,False,True,live,2026-09-18,Real current decimal odds from The Odds API. Opening/closing snapshots are not available on the free tier and are intentionally left blank.
BUNDESLIGA2627_MW04_036_FCBayernMünchen_1.FCUnionBerlin,2026-27,4,2026-09-18,2026-09-18T18:30:00+00:00,FC Bayern München,1. FC Union Berlin,codere_it,totals,,,,,,,,,,,,,5.5,2.18,1.59,,,current,,decimal,2026-09-18T10:07:44Z,the-odds-api.com,https://api.the-odds-api.com/v4/sports/soccer_germany_bundesliga/odds/,False,True,live,2026-09-18,Real current decimal odds from The Odds API. Opening/closing snapshots are not available on the free tier and are intentionally left blank.
BUNDESLIGA2627_MW04_036_FCBayernMünchen_1.FCUnionBerlin,2026-27,4,2026-09-18,2026-09-18T18:30:00+00:00,FC Bayern München,1. FC Union Berlin,coolbet,totals,,,,,,,,,,,,,5.0,1.89,1.92,,,current,,decimal,2026-09-18T10:07:24Z,the-odds-api.com,https://api.the-odds-api.com/v4/sports/soccer_germany_bundesliga/odds/,False,True,live,2026-09-18,Real current decimal odds from The Odds API. Opening/closing snapshots are not available on the free tier and are intentionally left blank.
BUNDESLIGA2627_MW04_036_FCBayernMünchen_1.FCUnionBerlin,2026-27,4,2026-09-18,2026-09-18T18:30:00+00:00,FC Bayern München,1. FC Union Berlin,tipico_de,totals,,,,,,,,,,,,,4.5,1.55,2.3,,,current,,decimal,2026-09-18T10:07:01Z,the-odds-api.com,https://api.the-odds-api.com/v4/sports/soccer_germany_bundesliga/odds/,False,True,live,2026-09-18,Real current decimal odds from The Odds API. Opening/closing snapshots are not available on the free tier and are intentionally left blank.
BUNDESLIGA2627_MW04_036_FCBayernMünchen_1.FCUnionBerlin,2026-27,4,2026-09-18,2026-09-18T18:30:00+00:00,FC Bayern München,1. FC Union Berlin,leovegas,totals,,,,,,,,,,,,,5.5,2.2,1.62,,,current,,decimal,2026-09-18T10:07:01Z,the-odds-api.com,https://api.the-odds-api.com/v4/sports/soccer_germany_bundesliga/odds/,False,True,live,2026-09-18,Real current decimal odds from The Odds API. Opening/closing snapshots are not available on the free tier and are intentionally left blank.
BUNDESLIGA2627_MW04_036_FCBayernMünchen_1.FCUnionBerlin,2026-27,4,2026-09-18,2026-09-18T18:30:00+00:00,FC Bayern München,1. FC Union Berlin,williamhill,totals,,,,,,,,,,,,,2.5,1.08,7.5,,,current,,decimal,2026-09-18T10:07:21Z,the-odds-api.com,https://api.the-odds-api.com/v4/sports/soccer_germany_bundesliga/odds/,False,True,live,2026-09-18,Real current decimal odds from The Odds API. Opening/closing snapshots are not available on the free tier and are intentionally left blank.
BUNDESLIGA2627_MW04_036_FCBayernMünchen_1.FCUnionBerlin,2026-27,4,2026-09-18,2026-09-18T18:30:00+00:00,FC Bayern München,1. FC Union Berlin,betsson,totals,,,,,,,,,,,,,2.5,1.09,7.58,,,current,,decimal,2026-09-18T10:07:21Z,the-odds-api.com,https://api.the-odds-api.com/v4/sports/soccer_germany_bundesliga/odds/,False,True,live,2026-09-18,Real current decimal odds from The Odds API. Opening/closing snapshots are not available on the free tier and are intentionally left blank.
BUNDESLIGA2627_MW04_036_FCBayernMünchen_1.FCUnionBerlin,2026-27,4,2026-09-18,2026-09-18T18:30:00+00:00,FC Bayern München,1. FC Union Berlin,nordicbet,totals,,,,,,,,,,,,,2.5,1.08,7.3,,,current,,decimal,2026-09-18T10:07:01Z,the-odds-api.com,https://api.the-odds-api.com/v4/sports/soccer_germany_bundesliga/odds/,False,True,live,2026-09-18,Real current decimal odds from The Odds API. Opening/closing snapshots are not available on the free tier and are intentionally left blank.
BUNDESLIGA2627_MW04_036_FCBayernMünchen_1.FCUnionBerlin,2026-27,4,2026-09-18,2026-09-18T18:30:00+00:00,FC Bayern München,1. FC Union Berlin,pinnacle,totals,,,,,,,,,,,,,5.0,1.92,1.95,,,current,,decimal,2026-09-18T10:07:44Z,the-odds-api.com,https://api.the-odds-api.com/v4/sports/soccer_germany_bundesliga/odds/,False,True,live,2026-09-18,Real current decimal odds from The Odds API. Opening/closing snapshots are not available on the free tier and are intentionally left blank.
BUNDESLIGA2627_MW04_036_FCBayernMünchen_1.FCUnionBerlin,2026-27,4,2026-09-18,2026-09-18T18:30:00+00:00,FC Bayern München,1. FC Union Berlin,betmgm,totals,,,,,,,,,,,,,5.5,2.2,1.61,,,current,,decimal,2026-09-18T10:07:21Z,the-odds-api.com,https://api.the-odds-api.com/v4/sports/soccer_germany_bundesliga/odds/,False,True,live,2026-09-18,Real current decimal odds from The Odds API. Opening/closing snapshots are not available on the free tier and are intentionally left blank.
BUNDESLIGA2627_MW04_036_FCBayernMünchen_1.FCUnionBerlin,2026-27,4,2026-09-18,2026-09-18T18:30:00+00:00,FC Bayern München,1. FC Union Berlin,bovada,totals,,,,,,,,,,,,,5.0,1.89,1.93,,,current,,decimal,2026-09-18T10:07:50Z,the-odds-api.com,https://api.the-odds-api.com/v4/sports/soccer_germany_bundesliga/odds/,False,True,live,2026-09-18,Real current decimal odds from The Odds API. Opening/closing snapshots are not available on the free tier and are intentionally left blank.
BUNDESLIGA2627_MW04_036_FCBayernMünchen_1.FCUnionBerlin,2026-27,4,2026-09-18,2026-09-18T18:30:00+00:00,FC Bayern München,1. FC Union Berlin,unibet_se,totals,,,,,,,,,,,,,5.5,2.23,1.66,,,current,,decimal,2026-09-18T10:07:45Z,the-odds-api.com,https://api.the-odds-api.com/v4/sports/soccer_germany_bundesliga/odds/,False,True,live,2026-09-18,Real current decimal odds from The Odds API. Opening/closing snapshots are not available on the free tier and are intentionally left blank.
BUNDESLIGA2627_MW04_036_FCBayernMünchen_1.FCUnionBerlin,2026-27,4,2026-09-18,2026-09-18T18:30:00+00:00,FC Bayern München,1. FC Union Berlin,betrivers,totals,,,,,,,,,,,,,5.5,2.2,1.64,,,current,,decimal,2026-09-18T10:07:44Z,the-odds-api.com,https://api.the-odds-api.com/v4/sports/soccer_germany_bundesliga/odds/,False,True,live,2026-09-18,Real current decimal odds from The Odds API. Opening/closing snapshots are not available on the free tier and are intentionally left blank.
BUNDESLIGA2627_MW04_036_FCBayernMünchen_1.FCUnionBerlin,2026-27,4,2026-09-18,2026-09-18T18:30:00+00:00,FC Bayern München,1. FC Union Berlin,pmu_fr,totals,,,,,,,,,,,,,5.5,2.08,1.56,,,current,,decimal,2026-09-18T10:07:01Z,the-odds-api.com,https://api.the-odds-api.com/v4/sports/soccer_germany_bundesliga/odds/,False,True,live,2026-09-18,Real current decimal odds from The Odds API. Opening/closing snapshots are not available on the free tier and are intentionally left blank.
BUNDESLIGA2627_MW04_036_FCBayernMünchen_1.FCUnionBerlin,2026-27,4,2026-09-18,2026-09-18T18:30:00+00:00,FC Bayern München,1. FC Union Berlin,leovegas_se,totals,,,,,,,,,,,,,5.5,2.23,1.66,,,current,,decimal,2026-09-18T10:07:00Z,the-odds-api.com,https://api.the-odds-api.com/v4/sports/soccer_germany_bundesliga/odds/,False,True,live,2026-09-18,Real current decimal odds from The Odds API. Opening/closing snapshots are not available on the free tier and are intentionally left blank.
BUNDESLIGA2627_MW04_036_FCBayernMünchen_1.FCUnionBerlin,2026-27,4,2026-09-18,2026-09-18T18:30:00+00:00,FC Bayern München,1. FC Union Berlin,grosvenor,totals,,,,,,,,,,,,,5.5,2.2,1.64,,,current,,decimal,2026-09-18T10:07:01Z,the-odds-api.com,https://api.the-odds-api.com/v4/sports/soccer_germany_bundesliga/odds/,False,True,live,2026-09-18,Real current decimal odds from The Odds API. Opening/closing snapshots are not available on the free tier and are intentionally left blank.
BUNDESLIGA2627_MW04_036_FCBayernMünchen_1.FCUnionBerlin,2026-27,4,2026-09-18,2026-09-18T18:30:00+00:00,FC Bayern München,1. FC Union Berlin,unibet_nl,totals,,,,,,,,,,,,,5.5,2.2,1.64,,,current,,decimal,2026-09-18T10:07:22Z,the-odds-api.com,https://api.the-odds-api.com/v4/sports/soccer_germany_bundesliga/odds/,False,True,live,2026-09-18,Real current decimal odds from The Odds API. Opening/closing snapshots are not available on the free tier and are intentionally left blank.
BUNDESLIGA2627_MW04_036_FCBayernMünchen_1.FCUnionBerlin,2026-27,4,2026-09-18,2026-09-18T18:30:00+00:00,FC Bayern München,1. FC Union Berlin,casumo,totals,,,,,,,,,,,,,5.5,2.2,1.64,,,current,,decimal,2026-09-18T10:07:47Z,the-odds-api.com,https://api.the-odds-api.com/v4/sports/soccer_germany_bundesliga/odds/,False,True,live,2026-09-18,Real current decimal odds from The Odds API. Opening/closing snapshots are not available on the free tier and are intentionally left blank.
BUNDESLIGA2627_MW04_036_FCBayernMünchen_1.FCUnionBerlin,2026-27,4,2026-09-18,2026-09-18T18:30:00+00:00,FC Bayern München,1. FC Union Berlin,gtbets,totals,,,,,,,,,,,,,5.5,2.25,1.62,,,current,,decimal,2026-09-18T10:07:45Z,the-odds-api.com,https://api.the-odds-api.com/v4/sports/soccer_germany_bundesliga/odds/,False,True,live,2026-09-18,Real current decimal odds from The Odds API. Opening/closing snapshots are not available on the free tier and are intentionally left blank.
BUNDESLIGA2627_MW04_036_FCBayernMünchen_1.FCUnionBerlin,2026-27,4,2026-09-18,2026-09-18T18:30:00+00:00,FC Bayern München,1. FC Union Berlin,betonlineag,totals,,,,,,,,,,,,,5.0,1.95,1.88,,,current,,decimal,2026-09-18T10:06:36Z,the-odds-api.com,https://api.the-odds-api.com/v4/sports/soccer_germany_bundesliga/odds/,False,True,live,2026-09-18,Real current decimal odds from The Odds API. Opening/closing snapshots are not available on the free tier and are intentionally left blank.
BUNDESLIGA2627_MW04_036_FCBayernMünchen_1.FCUnionBerlin,2026-27,4,2026-09-18,2026-09-18T18:30:00+00:00,FC Bayern München,1. FC Union Berlin,lowvig,totals,,,,,,,,,,,,,5.0,1.95,1.88,,,current,,decimal,2026-09-18T10:07:22Z,the-odds-api.com,https://api.the-odds-api.com/v4/sports/soccer_germany_bundesliga/odds/,False,True,live,2026-09-18,Real current decimal odds from The Odds API. Opening/closing snapshots are not available on the free tier and are intentionally left blank.
BUNDESLIGA2627_MW04_036_FCBayernMünchen_1.FCUnionBerlin,2026-27,4,2026-09-18,2026-09-18T18:30:00+00:00,FC Bayern München,1. FC Union Berlin,betus,totals,,,,,,,,,,,,,5.0,1.95,1.87,,,current,,decimal,2026-09-18T10:07:44Z,the-odds-api.com,https://api.the-odds-api.com/v4/sports/soccer_germany_bundesliga/odds/,False,True,live,2026-09-18,Real current decimal odds from The Odds API. Opening/closing snapshots are not available on the free tier and are intentionally left blank.
BUNDESLIGA2627_MW04_030_SVWerderBremen_FCAugsburg,2026-27,4,2026-09-19,2026-09-19T13:30:00+00:00,SV Werder Bremen,FC Augsburg,unibet_uk,h2h,,,,2.3,3.8,2.75,,,,,,,,,,,,current,,decimal,2026-09-18T10:07:47Z,the-odds-api.com,https://api.the-odds-api.com/v4/sports/soccer_germany_bundesliga/odds/,False,True,live,2026-09-18,Real current decimal odds from The Odds API. Opening/closing snapshots are not available on the free tier and are intentionally left blank.
BUNDESLIGA2627_MW04_030_SVWerderBremen_FCAugsburg,2026-27,4,2026-09-19,2026-09-19T13:30:00+00:00,SV Werder Bremen,FC Augsburg,sport888,h2h,,,,2.25,3.7,2.7,,,,,,,,,,,,current,,decimal,2026-09-18T10:07:46Z,the-odds-api.com,https://api.the-odds-api.com/v4/sports/soccer_germany_bundesliga/odds/,False,True,live,2026-09-18,Real current decimal odds from The Odds API. Opening/closing snapshots are not available on the free tier and are intentionally left blank.
BUNDESLIGA2627_MW04_030_SVWerderBremen_FCAugsburg,2026-27,4,2026-09-19,2026-09-19T13:30:00+00:00,SV Werder Bremen,FC Augsburg,betfred_uk,h2h,,,,2.25,4.0,2.75,,,,,,,,,,,,current,,decimal,2026-09-18T10:07:44Z,the-odds-api.com,https://api.the-odds-api.com/v4/sports/soccer_germany_bundesliga/odds/,False,True,live,2026-09-18,Real current decimal odds from The Odds API. Opening/closing snapshots are not available on the free tier and are intentionally left blank.
BUNDESLIGA2627_MW04_030_SVWerderBremen_FCAugsburg,2026-27,4,2026-09-19,2026-09-19T13:30:00+00:00,SV Werder Bremen,FC Augsburg,williamhill,h2h,,,,2.25,3.7,2.7,,,,,,,,,,,,current,,decimal,2026-09-18T10:07:21Z,the-odds-api.com,https://api.the-odds-api.com/v4/sports/soccer_germany_bundesliga/odds/,False,True,live,2026-09-18,Real current decimal odds from The Odds API. Opening/closing snapshots are not available on the free tier and are intentionally left blank.
BUNDESLIGA2627_MW04_030_SVWerderBremen_FCAugsburg,2026-27,4,2026-09-19,2026-09-19T13:30:00+00:00,SV Werder Bremen,FC Augsburg,leovegas,h2h,,,,2.3,3.75,2.7,,,,,,,,,,,,current,,decimal,2026-09-18T10:07:01Z,the-odds-api.com,https://api.the-odds-api.com/v4/sports/soccer_germany_bundesliga/odds/,False,True,live,2026-09-18,Real current decimal odds from The Odds API. Opening/closing snapshots are not available on the free tier and are intentionally left blank.
BUNDESLIGA2627_MW04_030_SVWerderBremen_FCAugsburg,2026-27,4,2026-09-19,2026-09-19T13:30:00+00:00,SV Werder Bremen,FC Augsburg,winamax_de,h2h,,,,2.25,4.1,2.65,,,,,,,,,,,,current,,decimal,2026-09-18T10:07:46Z,the-odds-api.com,https://api.the-odds-api.com/v4/sports/soccer_germany_bundesliga/odds/,False,True,live,2026-09-18,Real current decimal odds from The Odds API. Opening/closing snapshots are not available on the free tier and are intentionally left blank.
BUNDESLIGA2627_MW04_030_SVWerderBremen_FCAugsburg,2026-27,4,2026-09-19,2026-09-19T13:30:00+00:00,SV Werder Bremen,FC Augsburg,winamax_fr,h2h,,,,2.2,4.0,2.6,,,,,,,,,,,,current,,decimal,2026-09-18T10:07:45Z,the-odds-api.com,https://api.the-odds-api.com/v4/sports/soccer_germany_bundesliga/odds/,False,True,live,2026-09-18,Real current decimal odds from The Odds API. Opening/closing snapshots are not available on the free tier and are intentionally left blank.
BUNDESLIGA2627_MW04_030_SVWerderBremen_FCAugsburg,2026-27,4,2026-09-19,2026-09-19T13:30:00+00:00,SV Werder Bremen,FC Augsburg,betclic_fr,h2h,,,,2.25,3.75,2.7,,,,,,,,,,,,current,,decimal,2026-09-18T10:05:43Z,the-odds-api.com,https://api.the-odds-api.com/v4/sports/soccer_germany_bundesliga/odds/,False,True,live,2026-09-18,Real current decimal odds from The Odds API. Opening/closing snapshots are not available on the free tier and are intentionally left blank.
BUNDESLIGA2627_MW04_030_SVWerderBremen_FCAugsburg,2026-27,4,2026-09-19,2026-09-19T13:30:00+00:00,SV Werder Bremen,FC Augsburg,onexbet,h2h,,,,2.36,4.0,2.92,,,,,,,,,,,,current,,decimal,2026-09-18T10:07:21Z,the-odds-api.com,https://api.the-odds-api.com/v4/sports/soccer_germany_bundesliga/odds/,False,True,live,2026-09-18,Real current decimal odds from The Odds API. Opening/closing snapshots are not available on the free tier and are intentionally left blank.
BUNDESLIGA2627_MW04_030_SVWerderBremen_FCAugsburg,2026-27,4,2026-09-19,2026-09-19T13:30:00+00:00,SV Werder Bremen,FC Augsburg,unibet_fr,h2h,,,,2.2,3.7,2.7,,,,,,,,,,,,current,,decimal,2026-09-18T10:07:44Z,the-odds-api.com,https://api.the-odds-api.com/v4/sports/soccer_germany_bundesliga/odds/,False,True,live,2026-09-18,Real current decimal odds from The Odds API. Opening/closing snapshots are not available on the free tier and are intentionally left blank.
BUNDESLIGA2627_MW04_030_SVWerderBremen_FCAugsburg,2026-27,4,2026-09-19,2026-09-19T13:30:00+00:00,SV Werder Bremen,FC Augsburg,codere_it,h2h,,,,2.34,3.85,2.75,,,,,,,,,,,,current,,decimal,2026-09-18T10:07:44Z,the-odds-api.com,https://api.the-odds-api.com/v4/sports/soccer_germany_bundesliga/odds/,False,True,live,2026-09-18,Real current decimal odds from The Odds API. Opening/closing snapshots are not available on the free tier and are intentionally left blank.
BUNDESLIGA2627_MW04_030_SVWerderBremen_FCAugsburg,2026-27,4,2026-09-19,2026-09-19T13:30:00+00:00,SV Werder Bremen,FC Augsburg,coolbet,h2h,,,,2.35,4.0,2.8,,,,,,,,,,,,current,,decimal,2026-09-18T10:07:24Z,the-odds-api.com,https://api.the-odds-api.com/v4/sports/soccer_germany_bundesliga/odds/,False,True,live,2026-09-18,Real current decimal odds from The Odds API. Opening/closing snapshots are not available on the free tier and are intentionally left blank.
BUNDESLIGA2627_MW04_030_SVWerderBremen_FCAugsburg,2026-27,4,2026-09-19,2026-09-19T13:30:00+00:00,SV Werder Bremen,FC Augsburg,tipico_de,h2h,,,,2.35,4.0,2.65,,,,,,,,,,,,current,,decimal,2026-09-18T10:07:01Z,the-odds-api.com,https://api.the-odds-api.com/v4/sports/soccer_germany_bundesliga/odds/,False,True,live,2026-09-18,Real current decimal odds from The Odds API. Opening/closing snapshots are not available on the free tier and are intentionally left blank.
BUNDESLIGA2627_MW04_030_SVWerderBremen_FCAugsburg,2026-27,4,2026-09-19,2026-09-19T13:30:00+00:00,SV Werder Bremen,FC Augsburg,paddypower,h2h,,,,2.3,3.8,2.7,,,,,,,,,,,,current,,decimal,2026-09-18T10:06:36Z,the-odds-api.com,https://api.the-odds-api.com/v4/sports/soccer_germany_bundesliga/odds/,False,True,live,2026-09-18,Real current decimal odds from The Odds API. Opening/closing snapshots are not available on the free tier and are intentionally left blank.
BUNDESLIGA2627_MW04_030_SVWerderBremen_FCAugsburg,2026-27,4,2026-09-19,2026-09-19T13:30:00+00:00,SV Werder Bremen,FC Augsburg,fanduel,h2h,,,,2.3,3.9,2.75,,,,,,,,,,,,current,,decimal,2026-09-18T10:07:45Z,the-odds-api.com,https://api.the-odds-api.com/v4/sports/soccer_germany_bundesliga/odds/,False,True,live,2026-09-18,Real current decimal odds from The Odds API. Opening/closing snapshots are not available on the free tier and are intentionally left blank.
BUNDESLIGA2627_MW04_030_SVWerderBremen_FCAugsburg,2026-27,4,2026-09-19,2026-09-19T13:30:00+00:00,SV Werder Bremen,FC Augsburg,skybet,h2h,,,,2.3,3.8,2.7,,,,,,,,,,,,current,,decimal,2026-09-18T10:07:44Z,the-odds-api.com,https://api.the-odds-api.com/v4/sports/soccer_germany_bundesliga/odds/,False,True,live,2026-09-18,Real current decimal odds from The Odds API. Opening/closing snapshots are not available on the free tier and are intentionally left blank.
BUNDESLIGA2627_MW04_030_SVWerderBremen_FCAugsburg,2026-27,4,2026-09-19,2026-09-19T13:30:00+00:00,SV Werder Bremen,FC Augsburg,betsson,h2h,,,,2.3,3.6,2.85,,,,,,,,,,,,current,,decimal,2026-09-18T10:07:21Z,the-odds-api.com,https://api.the-odds-api.com/v4/sports/soccer_germany_bundesliga/odds/,False,True,live,2026-09-18,Real current decimal odds from The Odds API. Opening/closing snapshots are not available on the free tier and are intentionally left blank.
BUNDESLIGA2627_MW04_030_SVWerderBremen_FCAugsburg,2026-27,4,2026-09-19,2026-09-19T13:30:00+00:00,SV Werder Bremen,FC Augsburg,nordicbet,h2h,,,,2.32,3.6,2.85,,,,,,,,,,,,current,,decimal,2026-09-18T10:07:01Z,the-odds-api.com,https://api.the-odds-api.com/v4/sports/soccer_germany_bundesliga/odds/,False,True,live,2026-09-18,Real current decimal odds from The Odds API. Opening/closing snapshots are not available on the free tier and are intentionally left blank.
BUNDESLIGA2627_MW04_030_SVWerderBremen_FCAugsburg,2026-27,4,2026-09-19,2026-09-19T13:30:00+00:00,SV Werder Bremen,FC Augsburg,betfair_ex_uk,h2h,,,,2.4,4.1,2.92,,,,,,,,,,,,current,,decimal,2026-09-18T10:07:45Z,the-odds-api.com,https://api.the-odds-api.com/v4/sports/soccer_germany_bundesliga/odds/,False,True,live,2026-09-18,Real current decimal odds from The Odds API. Opening/closing snapshots are not available on the free tier and are intentionally left blank.
BUNDESLIGA2627_MW04_030_SVWerderBremen_FCAugsburg,2026-27,4,2026-09-19,2026-09-19T13:30:00+00:00,SV Werder Bremen,FC Augsburg,betfair_ex_eu,h2h,,,,2.4,4.1,2.92,,,,,,,,,,,,current,,decimal,2026-09-18T10:07:46Z,the-odds-api.com,https://api.the-odds-api.com/v4/sports/soccer_germany_bundesliga/odds/,False,True,live,2026-09-18,Real current decimal odds from The Odds API. Opening/closing snapshots are not available on the free tier and are intentionally left blank.
BUNDESLIGA2627_MW04_030_SVWerderBremen_FCAugsburg,2026-27,4,2026-09-19,2026-09-19T13:30:00+00:00,SV Werder Bremen,FC Augsburg,marathonbet,h2h,,,,2.3,3.9,2.84,,,,,,,,,,,,current,,decimal,2026-09-18T10:07:49Z,the-odds-api.com,https://api.the-odds-api.com/v4/sports/soccer_germany_bundesliga/odds/,False,True,live,2026-09-18,Real current decimal odds from The Odds API. Opening/closing snapshots are not available on the free tier and are intentionally left blank.
BUNDESLIGA2627_MW04_030_SVWerderBremen_FCAugsburg,2026-27,4,2026-09-19,2026-09-19T13:30:00+00:00,SV Werder Bremen,FC Augsburg,betway,h2h,,,,2.25,3.8,2.8,,,,,,,,,,,,current,,decimal,2026-09-18T10:07:22Z,the-odds-api.com,https://api.the-odds-api.com/v4/sports/soccer_germany_bundesliga/odds/,False,True,live,2026-09-18,Real current decimal odds from The Odds API. Opening/closing snapshots are not available on the free tier and are intentionally left blank.
BUNDESLIGA2627_MW04_030_SVWerderBremen_FCAugsburg,2026-27,4,2026-09-19,2026-09-19T13:30:00+00:00,SV Werder Bremen,FC Augsburg,pinnacle,h2h,,,,2.34,3.92,2.85,,,,,,,,,,,,current,,decimal,2026-09-18T10:07:44Z,the-odds-api.com,https://api.the-odds-api.com/v4/sports/soccer_germany_bundesliga/odds/,False,True,live,2026-09-18,Real current decimal odds from The Odds API. Opening/closing snapshots are not available on the free tier and are intentionally left blank.
BUNDESLIGA2627_MW04_030_SVWerderBremen_FCAugsburg,2026-27,4,2026-09-19,2026-09-19T13:30:00+00:00,SV Werder Bremen,FC Augsburg,ladbrokes_uk,h2h,,,,2.3,3.75,2.8,,,,,,,,,,,,current,,decimal,2026-09-18T10:07:01Z,the-odds-api.com,https://api.the-odds-api.com/v4/sports/soccer_germany_bundesliga/odds/,False,True,live,2026-09-18,Real current decimal odds from The Odds API. Opening/closing snapshots are not available on the free tier and are intentionally left blank.
BUNDESLIGA2627_MW04_030_SVWerderBremen_FCAugsburg,2026-27,4,2026-09-19,2026-09-19T13:30:00+00:00,SV Werder Bremen,FC Augsburg,coral,h2h,,,,2.3,3.8,2.8,,,,,,,,,,,,current,,decimal,2026-09-18T10:07:21Z,the-odds-api.com,https://api.the-odds-api.com/v4/sports/soccer_germany_bundesliga/odds/,False,True,live,2026-09-18,Real current decimal odds from The Odds API. Opening/closing snapshots are not available on the free tier and are intentionally left blank.
BUNDESLIGA2627_MW04_030_SVWerderBremen_FCAugsburg,2026-27,4,2026-09-19,2026-09-19T13:30:00+00:00,SV Werder Bremen,FC Augsburg,smarkets,h2h,,,,2.4,4.1,2.92,,,,,,,,,,,,current,,decimal,2026-09-18T10:07:47Z,the-odds-api.com,https://api.the-odds-api.com/v4/sports/soccer_germany_bundesliga/odds/,False,True,live,2026-09-18,Real current decimal odds from The Odds API. Opening/closing snapshots are not available on the free tier and are intentionally left blank.
BUNDESLIGA2627_MW04_030_SVWerderBremen_FCAugsburg,2026-27,4,2026-09-19,2026-09-19T13:30:00+00:00,SV Werder Bremen,FC Augsburg,betmgm,h2h,,,,2.3,3.8,2.8,,,,,,,,,,,,current,,decimal,2026-09-18T10:07:21Z,the-odds-api.com,https://api.the-odds-api.com/v4/sports/soccer_germany_bundesliga/odds/,False,True,live,2026-09-18,Real current decimal odds from The Odds API. Opening/closing snapshots are not available on the free tier and are intentionally left blank.
BUNDESLIGA2627_MW04_030_SVWerderBremen_FCAugsburg,2026-27,4,2026-09-19,2026-09-19T13:30:00+00:00,SV Werder Bremen,FC Augsburg,draftkings,h2h,,,,2.25,3.75,2.7,,,,,,,,,,,,current,,decimal,2026-09-18T10:05:54Z,the-odds-api.com,https://api.the-odds-api.com/v4/sports/soccer_germany_bundesliga/odds/,False,True,live,2026-09-18,Real current decimal odds from The Odds API. Opening/closing snapshots are not available on the free tier and are intentionally left blank.
BUNDESLIGA2627_MW04_030_SVWerderBremen_FCAugsburg,2026-27,4,2026-09-19,2026-09-19T13:30:00+00:00,SV Werder Bremen,FC Augsburg,bovada,h2h,,,,2.3,3.85,2.8,,,,,,,,,,,,current,,decimal,2026-09-18T10:07:50Z,the-odds-api.com,https://api.the-odds-api.com/v4/sports/soccer_germany_bundesliga/odds/,False,True,live,2026-09-18,Real current decimal odds from The Odds API. Opening/closing snapshots are not available on the free tier and are intentionally left blank.
BUNDESLIGA2627_MW04_030_SVWerderBremen_FCAugsburg,2026-27,4,2026-09-19,2026-09-19T13:30:00+00:00,SV Werder Bremen,FC Augsburg,boylesports,h2h,,,,2.1,3.75,2.6,,,,,,,,,,,,current,,decimal,2026-09-18T10:06:39Z,the-odds-api.com,https://api.the-odds-api.com/v4/sports/soccer_germany_bundesliga/odds/,False,True,live,2026-09-18,Real current decimal odds from The Odds API. Opening/closing snapshots are not available on the free tier and are intentionally left blank.
BUNDESLIGA2627_MW04_030_SVWerderBremen_FCAugsburg,2026-27,4,2026-09-19,2026-09-19T13:30:00+00:00,SV Werder Bremen,FC Augsburg,betrivers,h2h,,,,2.3,3.75,2.7,,,,,,,,,,,,current,,decimal,2026-09-18T10:07:44Z,the-odds-api.com,https://api.the-odds-api.com/v4/sports/soccer_germany_bundesliga/odds/,False,True,live,2026-09-18,Real current decimal odds from The Odds API. Opening/closing snapshots are not available on the free tier and are intentionally left blank.
BUNDESLIGA2627_MW04_030_SVWerderBremen_FCAugsburg,2026-27,4,2026-09-19,2026-09-19T13:30:00+00:00,SV Werder Bremen,FC Augsburg,leovegas_se,h2h,,,,2.25,3.65,2.65,,,,,,,,,,,,current,,decimal,2026-09-18T10:07:00Z,the-odds-api.com,https://api.the-odds-api.com/v4/sports/soccer_germany_bundesliga/odds/,False,True,live,2026-09-18,Real current decimal odds from The Odds API. Opening/closing snapshots are not available on the free tier and are intentionally left blank.
BUNDESLIGA2627_MW04_030_SVWerderBremen_FCAugsburg,2026-27,4,2026-09-19,2026-09-19T13:30:00+00:00,SV Werder Bremen,FC Augsburg,grosvenor,h2h,,,,2.32,3.8,2.75,,,,,,,,,,,,current,,decimal,2026-09-18T10:07:01Z,the-odds-api.com,https://api.the-odds-api.com/v4/sports/soccer_germany_bundesliga/odds/,False,True,live,2026-09-18,Real current decimal odds from The Odds API. Opening/closing snapshots are not available on the free tier and are intentionally left blank.
BUNDESLIGA2627_MW04_030_SVWerderBremen_FCAugsburg,2026-27,4,2026-09-19,2026-09-19T13:30:00+00:00,SV Werder Bremen,FC Augsburg,unibet_se,h2h,,,,2.38,3.95,2.8,,,,,,,,,,,,current,,decimal,2026-09-18T10:07:45Z,the-odds-api.com,https://api.the-odds-api.com/v4/sports/soccer_germany_bundesliga/odds/,False,True,live,2026-09-18,Real current decimal odds from The Odds API. Opening/closing snapshots are not available on the free tier and are intentionally left blank.
BUNDESLIGA2627_MW04_030_SVWerderBremen_FCAugsburg,2026-27,4,2026-09-19,2026-09-19T13:30:00+00:00,SV Werder Bremen,FC Augsburg,pmu_fr,h2h,,,,2.28,3.7,2.7,,,,,,,,,,,,current,,decimal,2026-09-18T10:07:01Z,the-odds-api.com,https://api.the-odds-api.com/v4/sports/soccer_germany_bundesliga/odds/,False,True,live,2026-09-18,Real current decimal odds from The Odds API. Opening/closing snapshots are not available on the free tier and are intentionally left blank.
BUNDESLIGA2627_MW04_030_SVWerderBremen_FCAugsburg,2026-27,4,2026-09-19,2026-09-19T13:30:00+00:00,SV Werder Bremen,FC Augsburg,livescorebet,h2h,,,,2.2,3.6,2.6,,,,,,,,,,,,current,,decimal,2026-09-18T10:07:21Z,the-odds-api.com,https://api.the-odds-api.com/v4/sports/soccer_germany_bundesliga/odds/,False,True,live,2026-09-18,Real current decimal odds from The Odds API. Opening/closing snapshots are not available on the free tier and are intentionally left blank.
BUNDESLIGA2627_MW04_030_SVWerderBremen_FCAugsburg,2026-27,4,2026-09-19,2026-09-19T13:30:00+00:00,SV Werder Bremen,FC Augsburg,unibet_nl,h2h,,,,2.35,3.9,2.8,,,,,,,,,,,,current,,decimal,2026-09-18T10:07:22Z,the-odds-api.com,https://api.the-odds-api.com/v4/sports/soccer_germany_bundesliga/odds/,False,True,live,2026-09-18,Real current decimal odds from The Odds API. Opening/closing snapshots are not available on the free tier and are intentionally left blank.
BUNDESLIGA2627_MW04_030_SVWerderBremen_FCAugsburg,2026-27,4,2026-09-19,2026-09-19T13:30:00+00:00,SV Werder Bremen,FC Augsburg,casumo,h2h,,,,2.3,3.75,2.7,,,,,,,,,,,,current,,decimal,2026-09-18T10:07:47Z,the-odds-api.com,https://api.the-odds-api.com/v4/sports/soccer_germany_bundesliga/odds/,False,True,live,2026-09-18,Real current decimal odds from The Odds API. Opening/closing snapshots are not available on the free tier and are intentionally left blank.
BUNDESLIGA2627_MW04_030_SVWerderBremen_FCAugsburg,2026-27,4,2026-09-19,2026-09-19T13:30:00+00:00,SV Werder Bremen,FC Augsburg,virginbet,h2h,,,,2.2,3.6,2.6,,,,,,,,,,,,current,,decimal,2026-09-18T10:07:29Z,the-odds-api.com,https://api.the-odds-api.com/v4/sports/soccer_germany_bundesliga/odds/,False,True,live,2026-09-18,Real current decimal odds from The Odds API. Opening/closing snapshots are not available on the free tier and are intentionally left blank.
BUNDESLIGA2627_MW04_030_SVWerderBremen_FCAugsburg,2026-27,4,2026-09-19,2026-09-19T13:30:00+00:00,SV Werder Bremen,FC Augsburg,suprabets,h2h,,,,2.22,3.68,2.72,,,,,,,,,,,,current,,decimal,2026-09-18T10:05:27Z,the-odds-api.com,https://api.the-odds-api.com/v4/sports/soccer_germany_bundesliga/odds/,False,True,live,2026-09-18,Real current decimal odds from The Odds API. Opening/closing snapshots are not available on the free tier and are intentionally left blank.
BUNDESLIGA2627_MW04_030_SVWerderBremen_FCAugsburg,2026-27,4,2026-09-19,2026-09-19T13:30:00+00:00,SV Werder Bremen,FC Augsburg,lowvig,h2h,,,,2.31,3.92,2.88,,,,,,,,,,,,current,,decimal,2026-09-18T10:07:22Z,the-odds-api.com,https://api.the-odds-api.com/v4/sports/soccer_germany_bundesliga/odds/,False,True,live,2026-09-18,Real current decimal odds from The Odds API. Opening/closing snapshots are not available on the free tier and are intentionally left blank.
BUNDESLIGA2627_MW04_030_SVWerderBremen_FCAugsburg,2026-27,4,2026-09-19,2026-09-19T13:30:00+00:00,SV Werder Bremen,FC Augsburg,betonlineag,h2h,,,,2.31,3.92,2.88,,,,,,,,,,,,current,,decimal,2026-09-18T10:06:36Z,the-odds-api.com,https://api.the-odds-api.com/v4/sports/soccer_germany_bundesliga/odds/,False,True,live,2026-09-18,Real current decimal odds from The Odds API. Opening/closing snapshots are not available on the free tier and are intentionally left blank.
BUNDESLIGA2627_MW04_030_SVWerderBremen_FCAugsburg,2026-27,4,2026-09-19,2026-09-19T13:30:00+00:00,SV Werder Bremen,FC Augsburg,matchbook,h2h,,,,2.4,4.1,2.92,,,,,,,,,,,,current,,decimal,2026-09-18T10:07:46Z,the-odds-api.com,https://api.the-odds-api.com/v4/sports/soccer_germany_bundesliga/odds/,False,True,live,2026-09-18,Real current decimal odds from The Odds API. Opening/closing snapshots are not available on the free tier and are intentionally left blank.
BUNDESLIGA2627_MW04_030_SVWerderBremen_FCAugsburg,2026-27,4,2026-09-19,2026-09-19T13:30:00+00:00,SV Werder Bremen,FC Augsburg,gtbets,h2h,,,,2.35,3.77,2.79,,,,,,,,,,,,current,,decimal,2026-09-18T10:07:45Z,the-odds-api.com,https://api.the-odds-api.com/v4/sports/soccer_germany_bundesliga/odds/,False,True,live,2026-09-18,Real current decimal odds from The Odds API. Opening/closing snapshots are not available on the free tier and are intentionally left blank.
BUNDESLIGA2627_MW04_030_SVWerderBremen_FCAugsburg,2026-27,4,2026-09-19,2026-09-19T13:30:00+00:00,SV Werder Bremen,FC Augsburg,betano_uk,h2h,,,,2.2,3.8,2.62,,,,,,,,,,,,current,,decimal,2026-09-18T10:06:25Z,the-odds-api.com,https://api.the-odds-api.com/v4/sports/soccer_germany_bundesliga/odds/,False,True,live,2026-09-18,Real current decimal odds from The Odds API. Opening/closing snapshots are not available on the free tier and are intentionally left blank.
BUNDESLIGA2627_MW04_030_SVWerderBremen_FCAugsburg,2026-27,4,2026-09-19,2026-09-19T13:30:00+00:00,SV Werder Bremen,FC Augsburg,betvictor,h2h,,,,2.2,3.8,2.62,,,,,,,,,,,,current,,decimal,2026-09-18T10:06:09Z,the-odds-api.com,https://api.the-odds-api.com/v4/sports/soccer_germany_bundesliga/odds/,False,True,live,2026-09-18,Real current decimal odds from The Odds API. Opening/closing snapshots are not available on the free tier and are intentionally left blank.
BUNDESLIGA2627_MW04_030_SVWerderBremen_FCAugsburg,2026-27,4,2026-09-19,2026-09-19T13:30:00+00:00,SV Werder Bremen,FC Augsburg,everygame,h2h,,,,2.2,3.65,2.7,,,,,,,,,,,,current,,decimal,2026-09-18T10:06:27Z,the-odds-api.com,https://api.the-odds-api.com/v4/sports/soccer_germany_bundesliga/odds/,False,True,live,2026-09-18,Real current decimal odds from The Odds API. Opening/closing snapshots are not available on the free tier and are intentionally left blank.
BUNDESLIGA2627_MW04_030_SVWerderBremen_FCAugsburg,2026-27,4,2026-09-19,2026-09-19T13:30:00+00:00,SV Werder Bremen,FC Augsburg,betus,h2h,,,,2.31,3.92,2.88,,,,,,,,,,,,current,,decimal,2026-09-18T10:07:44Z,the-odds-api.com,https://api.the-odds-api.com/v4/sports/soccer_germany_bundesliga/odds/,False,True,live,2026-09-18,Real current decimal odds from The Odds API. Opening/closing snapshots are not available on the free tier and are intentionally left blank.
BUNDESLIGA2627_MW04_030_SVWerderBremen_FCAugsburg,2026-27,4,2026-09-19,2026-09-19T13:30:00+00:00,SV Werder Bremen,FC Augsburg,onexbet,spreads,,,,,,,,,,0.0,1.79,2.19,,,,,,current,,decimal,2026-09-18T10:07:21Z,the-odds-api.com,https://api.the-odds-api.com/v4/sports/soccer_germany_bundesliga/odds/,False,True,live,2026-09-18,Real current decimal odds from The Odds API. Opening/closing snapshots are not available on the free tier and are intentionally left blank.
BUNDESLIGA2627_MW04_030_SVWerderBremen_FCAugsburg,2026-27,4,2026-09-19,2026-09-19T13:30:00+00:00,SV Werder Bremen,FC Augsburg,coolbet,spreads,,,,,,,,,,-1.0,3.5,1.34,,,,,,current,,decimal,2026-09-18T10:07:24Z,the-odds-api.com,https://api.the-odds-api.com/v4/sports/soccer_germany_bundesliga/odds/,False,True,live,2026-09-18,Real current decimal odds from The Odds API. Opening/closing snapshots are not available on the free tier and are intentionally left blank.
BUNDESLIGA2627_MW04_030_SVWerderBremen_FCAugsburg,2026-27,4,2026-09-19,2026-09-19T13:30:00+00:00,SV Werder Bremen,FC Augsburg,pinnacle,spreads,,,,,,,,,,-0.25,2.06,1.85,,,,,,current,,decimal,2026-09-18T10:07:44Z,the-odds-api.com,https://api.the-odds-api.com/v4/sports/soccer_germany_bundesliga/odds/,False,True,live,2026-09-18,Real current decimal odds from The Odds API. Opening/closing snapshots are not available on the free tier and are intentionally left blank.
BUNDESLIGA2627_MW04_030_SVWerderBremen_FCAugsburg,2026-27,4,2026-09-19,2026-09-19T13:30:00+00:00,SV Werder Bremen,FC Augsburg,bovada,spreads,,,,,,,,,,-0.25,2.02,1.82,,,,,,current,,decimal,2026-09-18T10:07:50Z,the-odds-api.com,https://api.the-odds-api.com/v4/sports/soccer_germany_bundesliga/odds/,False,True,live,2026-09-18,Real current decimal odds from The Odds API. Opening/closing snapshots are not available on the free tier and are intentionally left blank.
BUNDESLIGA2627_MW04_030_SVWerderBremen_FCAugsburg,2026-27,4,2026-09-19,2026-09-19T13:30:00+00:00,SV Werder Bremen,FC Augsburg,lowvig,spreads,,,,,,,,,,0.0,1.72,2.14,,,,,,current,,decimal,2026-09-18T10:07:22Z,the-odds-api.com,https://api.the-odds-api.com/v4/sports/soccer_germany_bundesliga/odds/,False,True,live,2026-09-18,Real current decimal odds from The Odds API. Opening/closing snapshots are not available on the free tier and are intentionally left blank.
BUNDESLIGA2627_MW04_030_SVWerderBremen_FCAugsburg,2026-27,4,2026-09-19,2026-09-19T13:30:00+00:00,SV Werder Bremen,FC Augsburg,betonlineag,spreads,,,,,,,,,,0.0,1.72,2.14,,,,,,current,,decimal,2026-09-18T10:06:36Z,the-odds-api.com,https://api.the-odds-api.com/v4/sports/soccer_germany_bundesliga/odds/,False,True,live,2026-09-18,Real current decimal odds from The Odds API. Opening/closing snapshots are not available on the free tier and are intentionally left blank.
BUNDESLIGA2627_MW04_030_SVWerderBremen_FCAugsburg,2026-27,4,2026-09-19,2026-09-19T13:30:00+00:00,SV Werder Bremen,FC Augsburg,matchbook,spreads,,,,,,,,,,-0.25,2.1,1.89,,,,,,current,,decimal,2026-09-18T10:07:46Z,the-odds-api.com,https://api.the-odds-api.com/v4/sports/soccer_germany_bundesliga/odds/,False,True,live,2026-09-18,Real current decimal odds from The Odds API. Opening/closing snapshots are not available on the free tier and are intentionally left blank.
BUNDESLIGA2627_MW04_030_SVWerderBremen_FCAugsburg,2026-27,4,2026-09-19,2026-09-19T13:30:00+00:00,SV Werder Bremen,FC Augsburg,gtbets,spreads,,,,,,,,,,-0.5,2.28,1.61,,,,,,current,,decimal,2026-09-18T10:07:45Z,the-odds-api.com,https://api.the-odds-api.com/v4/sports/soccer_germany_bundesliga/odds/,False,True,live,2026-09-18,Real current decimal odds from The Odds API. Opening/closing snapshots are not available on the free tier and are intentionally left blank.
BUNDESLIGA2627_MW04_030_SVWerderBremen_FCAugsburg,2026-27,4,2026-09-19,2026-09-19T13:30:00+00:00,SV Werder Bremen,FC Augsburg,betus,spreads,,,,,,,,,,0.0,1.72,2.19,,,,,,current,,decimal,2026-09-18T10:07:44Z,the-odds-api.com,https://api.the-odds-api.com/v4/sports/soccer_germany_bundesliga/odds/,False,True,live,2026-09-18,Real current decimal odds from The Odds API. Opening/closing snapshots are not available on the free tier and are intentionally left blank.
BUNDESLIGA2627_MW04_030_SVWerderBremen_FCAugsburg,2026-27,4,2026-09-19,2026-09-19T13:30:00+00:00,SV Werder Bremen,FC Augsburg,williamhill,totals,,,,,,,,,,,,,2.5,1.44,2.75,,,current,,decimal,2026-09-18T10:07:21Z,the-odds-api.com,https://api.the-odds-api.com/v4/sports/soccer_germany_bundesliga/odds/,False,True,live,2026-09-18,Real current decimal odds from The Odds API. Opening/closing snapshots are not available on the free tier and are intentionally left blank.
BUNDESLIGA2627_MW04_030_SVWerderBremen_FCAugsburg,2026-27,4,2026-09-19,2026-09-19T13:30:00+00:00,SV Werder Bremen,FC Augsburg,leovegas,totals,,,,,,,,,,,,,3.5,1.98,1.75,,,current,,decimal,2026-09-18T10:07:01Z,the-odds-api.com,https://api.the-odds-api.com/v4/sports/soccer_germany_bundesliga/odds/,False,True,live,2026-09-18,Real current decimal odds from The Odds API. Opening/closing snapshots are not available on the free tier and are intentionally left blank.
BUNDESLIGA2627_MW04_030_SVWerderBremen_FCAugsburg,2026-27,4,2026-09-19,2026-09-19T13:30:00+00:00,SV Werder Bremen,FC Augsburg,onexbet,totals,,,,,,,,,,,,,3.5,2.11,1.84,,,current,,decimal,2026-09-18T10:07:21Z,the-odds-api.com,https://api.the-odds-api.com/v4/sports/soccer_germany_bundesliga/odds/,False,True,live,2026-09-18,Real current decimal odds from The Odds API. Opening/closing snapshots are not available on the free tier and are intentionally left blank.
BUNDESLIGA2627_MW04_030_SVWerderBremen_FCAugsburg,2026-27,4,2026-09-19,2026-09-19T13:30:00+00:00,SV Werder Bremen,FC Augsburg,codere_it,totals,,,,,,,,,,,,,3.5,1.96,1.72,,,current,,decimal,2026-09-18T10:07:44Z,the-odds-api.com,https://api.the-odds-api.com/v4/sports/soccer_germany_bundesliga/odds/,False,True,live,2026-09-18,Real current decimal odds from The Odds API. Opening/closing snapshots are not available on the free tier and are intentionally left blank.
BUNDESLIGA2627_MW04_030_SVWerderBremen_FCAugsburg,2026-27,4,2026-09-19,2026-09-19T13:30:00+00:00,SV Werder Bremen,FC Augsburg,coolbet,totals,,,,,,,,,,,,,3.5,2.08,1.76,,,current,,decimal,2026-09-18T10:07:24Z,the-odds-api.com,https://api.the-odds-api.com/v4/sports/soccer_germany_bundesliga/odds/,False,True,live,2026-09-18,Real current decimal odds from The Odds API. Opening/closing snapshots are not available on the free tier and are intentionally left blank.
BUNDESLIGA2627_MW04_030_SVWerderBremen_FCAugsburg,2026-27,4,2026-09-19,2026-09-19T13:30:00+00:00,SV Werder Bremen,FC Augsburg,tipico_de,totals,,,,,,,,,,,,,3.5,1.95,1.77,,,current,,decimal,2026-09-18T10:07:01Z,the-odds-api.com,https://api.the-odds-api.com/v4/sports/soccer_germany_bundesliga/odds/,False,True,live,2026-09-18,Real current decimal odds from The Odds API. Opening/closing snapshots are not available on the free tier and are intentionally left blank.
BUNDESLIGA2627_MW04_030_SVWerderBremen_FCAugsburg,2026-27,4,2026-09-19,2026-09-19T13:30:00+00:00,SV Werder Bremen,FC Augsburg,betsson,totals,,,,,,,,,,,,,2.5,1.42,2.91,,,current,,decimal,2026-09-18T10:07:21Z,the-odds-api.com,https://api.the-odds-api.com/v4/sports/soccer_germany_bundesliga/odds/,False,True,live,2026-09-18,Real current decimal odds from The Odds API. Opening/closing snapshots are not available on the free tier and are intentionally left blank.
BUNDESLIGA2627_MW04_030_SVWerderBremen_FCAugsburg,2026-27,4,2026-09-19,2026-09-19T13:30:00+00:00,SV Werder Bremen,FC Augsburg,nordicbet,totals,,,,,,,,,,,,,2.5,1.41,2.85,,,current,,decimal,2026-09-18T10:07:01Z,the-odds-api.com,https://api.the-odds-api.com/v4/sports/soccer_germany_bundesliga/odds/,False,True,live,2026-09-18,Real current decimal odds from The Odds API. Opening/closing snapshots are not available on the free tier and are intentionally left blank.
BUNDESLIGA2627_MW04_030_SVWerderBremen_FCAugsburg,2026-27,4,2026-09-19,2026-09-19T13:30:00+00:00,SV Werder Bremen,FC Augsburg,pinnacle,totals,,,,,,,,,,,,,3.25,1.85,2.04,,,current,,decimal,2026-09-18T10:07:44Z,the-odds-api.com,https://api.the-odds-api.com/v4/sports/soccer_germany_bundesliga/odds/,False,True,live,2026-09-18,Real current decimal odds from The Odds API. Opening/closing snapshots are not available on the free tier and are intentionally left blank.
BUNDESLIGA2627_MW04_030_SVWerderBremen_FCAugsburg,2026-27,4,2026-09-19,2026-09-19T13:30:00+00:00,SV Werder Bremen,FC Augsburg,betmgm,totals,,,,,,,,,,,,,3.5,2.05,1.69,,,current,,decimal,2026-09-18T10:07:21Z,the-odds-api.com,https://api.the-odds-api.com/v4/sports/soccer_germany_bundesliga/odds/,False,True,live,2026-09-18,Real current decimal odds from The Odds API. Opening/closing snapshots are not available on the free tier and are intentionally left blank.
BUNDESLIGA2627_MW04_030_SVWerderBremen_FCAugsburg,2026-27,4,2026-09-19,2026-09-19T13:30:00+00:00,SV Werder Bremen,FC Augsburg,bovada,totals,,,,,,,,,,,,,3.25,1.83,2.0,,,current,,decimal,2026-09-18T10:07:50Z,the-odds-api.com,https://api.the-odds-api.com/v4/sports/soccer_germany_bundesliga/odds/,False,True,live,2026-09-18,Real current decimal odds from The Odds API. Opening/closing snapshots are not available on the free tier and are intentionally left blank.
BUNDESLIGA2627_MW04_030_SVWerderBremen_FCAugsburg,2026-27,4,2026-09-19,2026-09-19T13:30:00+00:00,SV Werder Bremen,FC Augsburg,betrivers,totals,,,,,,,,,,,,,3.5,2.07,1.72,,,current,,decimal,2026-09-18T10:07:44Z,the-odds-api.com,https://api.the-odds-api.com/v4/sports/soccer_germany_bundesliga/odds/,False,True,live,2026-09-18,Real current decimal odds from The Odds API. Opening/closing snapshots are not available on the free tier and are intentionally left blank.
BUNDESLIGA2627_MW04_030_SVWerderBremen_FCAugsburg,2026-27,4,2026-09-19,2026-09-19T13:30:00+00:00,SV Werder Bremen,FC Augsburg,leovegas_se,totals,,,,,,,,,,,,,3.5,2.08,1.74,,,current,,decimal,2026-09-18T10:07:00Z,the-odds-api.com,https://api.the-odds-api.com/v4/sports/soccer_germany_bundesliga/odds/,False,True,live,2026-09-18,Real current decimal odds from The Odds API. Opening/closing snapshots are not available on the free tier and are intentionally left blank.
BUNDESLIGA2627_MW04_030_SVWerderBremen_FCAugsburg,2026-27,4,2026-09-19,2026-09-19T13:30:00+00:00,SV Werder Bremen,FC Augsburg,grosvenor,totals,,,,,,,,,,,,,3.5,2.06,1.73,,,current,,decimal,2026-09-18T10:07:01Z,the-odds-api.com,https://api.the-odds-api.com/v4/sports/soccer_germany_bundesliga/odds/,False,True,live,2026-09-18,Real current decimal odds from The Odds API. Opening/closing snapshots are not available on the free tier and are intentionally left blank.
BUNDESLIGA2627_MW04_030_SVWerderBremen_FCAugsburg,2026-27,4,2026-09-19,2026-09-19T13:30:00+00:00,SV Werder Bremen,FC Augsburg,unibet_se,totals,,,,,,,,,,,,,3.5,2.1,1.74,,,current,,decimal,2026-09-18T10:07:45Z,the-odds-api.com,https://api.the-odds-api.com/v4/sports/soccer_germany_bundesliga/odds/,False,True,live,2026-09-18,Real current decimal odds from The Odds API. Opening/closing snapshots are not available on the free tier and are intentionally left blank.
BUNDESLIGA2627_MW04_030_SVWerderBremen_FCAugsburg,2026-27,4,2026-09-19,2026-09-19T13:30:00+00:00,SV Werder Bremen,FC Augsburg,pmu_fr,totals,,,,,,,,,,,,,3.5,1.94,1.64,,,current,,decimal,2026-09-18T10:07:01Z,the-odds-api.com,https://api.the-odds-api.com/v4/sports/soccer_germany_bundesliga/odds/,False,True,live,2026-09-18,Real current decimal odds from The Odds API. Opening/closing snapshots are not available on the free tier and are intentionally left blank.
BUNDESLIGA2627_MW04_030_SVWerderBremen_FCAugsburg,2026-27,4,2026-09-19,2026-09-19T13:30:00+00:00,SV Werder Bremen,FC Augsburg,unibet_nl,totals,,,,,,,,,,,,,3.5,2.06,1.73,,,current,,decimal,2026-09-18T10:07:22Z,the-odds-api.com,https://api.the-odds-api.com/v4/sports/soccer_germany_bundesliga/odds/,False,True,live,2026-09-18,Real current decimal odds from The Odds API. Opening/closing snapshots are not available on the free tier and are intentionally left blank.
BUNDESLIGA2627_MW04_030_SVWerderBremen_FCAugsburg,2026-27,4,2026-09-19,2026-09-19T13:30:00+00:00,SV Werder Bremen,FC Augsburg,casumo,totals,,,,,,,,,,,,,3.5,2.07,1.72,,,current,,decimal,2026-09-18T10:07:47Z,the-odds-api.com,https://api.the-odds-api.com/v4/sports/soccer_germany_bundesliga/odds/,False,True,live,2026-09-18,Real current decimal odds from The Odds API. Opening/closing snapshots are not available on the free tier and are intentionally left blank.
BUNDESLIGA2627_MW04_030_SVWerderBremen_FCAugsburg,2026-27,4,2026-09-19,2026-09-19T13:30:00+00:00,SV Werder Bremen,FC Augsburg,lowvig,totals,,,,,,,,,,,,,3.5,2.04,1.78,,,current,,decimal,2026-09-18T10:07:22Z,the-odds-api.com,https://api.the-odds-api.com/v4/sports/soccer_germany_bundesliga/odds/,False,True,live,2026-09-18,Real current decimal odds from The Odds API. Opening/closing snapshots are not available on the free tier and are intentionally left blank.
BUNDESLIGA2627_MW04_030_SVWerderBremen_FCAugsburg,2026-27,4,2026-09-19,2026-09-19T13:30:00+00:00,SV Werder Bremen,FC Augsburg,betonlineag,totals,,,,,,,,,,,,,3.5,2.04,1.78,,,current,,decimal,2026-09-18T10:06:36Z,the-odds-api.com,https://api.the-odds-api.com/v4/sports/soccer_germany_bundesliga/odds/,False,True,live,2026-09-18,Real current decimal odds from The Odds API. Opening/closing snapshots are not available on the free tier and are intentionally left blank.
BUNDESLIGA2627_MW04_030_SVWerderBremen_FCAugsburg,2026-27,4,2026-09-19,2026-09-19T13:30:00+00:00,SV Werder Bremen,FC Augsburg,gtbets,totals,,,,,,,,,,,,,3.5,2.03,1.72,,,current,,decimal,2026-09-18T10:07:45Z,the-odds-api.com,https://api.the-odds-api.com/v4/sports/soccer_germany_bundesliga/odds/,False,True,live,2026-09-18,Real current decimal odds from The Odds API. Opening/closing snapshots are not available on the free tier and are intentionally left blank.
BUNDESLIGA2627_MW04_030_SVWerderBremen_FCAugsburg,2026-27,4,2026-09-19,2026-09-19T13:30:00+00:00,SV Werder Bremen,FC Augsburg,betus,totals,,,,,,,,,,,,,3.5,2.05,1.8,,,current,,decimal,2026-09-18T10:07:44Z,the-odds-api.com,https://api.the-odds-api.com/v4/sports/soccer_germany_bundesliga/odds/,False,True,live,2026-09-18,Real current decimal odds from The Odds API. Opening/closing snapshots are not available on the free tier and are intentionally left blank.
BUNDESLIGA2627_MW04_031_HamburgerSV_1.FCKöln,2026-27,4,2026-09-19,2026-09-19T13:30:00+00:00,Hamburger SV,1. FC Köln,unibet_uk,h2h,,,,2.7,3.6,2.4,,,,,,,,,,,,current,,decimal,2026-09-18T10:07:47Z,the-odds-api.com,https://api.the-odds-api.com/v4/sports/soccer_germany_bundesliga/odds/,False,True,live,2026-09-18,Real current decimal odds from The Odds API. Opening/closing snapshots are not available on the free tier and are intentionally left blank.
BUNDESLIGA2627_MW04_031_HamburgerSV_1.FCKöln,2026-27,4,2026-09-19,2026-09-19T13:30:00+00:00,Hamburger SV,1. FC Köln,sport888,h2h,,,,2.62,3.4,2.4,,,,,,,,,,,,current,,decimal,2026-09-18T10:07:46Z,the-odds-api.com,https://api.the-odds-api.com/v4/sports/soccer_germany_bundesliga/odds/,False,True,live,2026-09-18,Real current decimal odds from The Odds API. Opening/closing snapshots are not available on the free tier and are intentionally left blank.
BUNDESLIGA2627_MW04_031_HamburgerSV_1.FCKöln,2026-27,4,2026-09-19,2026-09-19T13:30:00+00:00,Hamburger SV,1. FC Köln,betfred_uk,h2h,,,,2.75,3.75,2.38,,,,,,,,,,,,current,,decimal,2026-09-18T10:07:44Z,the-odds-api.com,https://api.the-odds-api.com/v4/sports/soccer_germany_bundesliga/odds/,False,True,live,2026-09-18,Real current decimal odds from The Odds API. Opening/closing snapshots are not available on the free tier and are intentionally left blank.
BUNDESLIGA2627_MW04_031_HamburgerSV_1.FCKöln,2026-27,4,2026-09-19,2026-09-19T13:30:00+00:00,Hamburger SV,1. FC Köln,williamhill,h2h,,,,2.62,3.4,2.4,,,,,,,,,,,,current,,decimal,2026-09-18T10:07:21Z,the-odds-api.com,https://api.the-odds-api.com/v4/sports/soccer_germany_bundesliga/odds/,False,True,live,2026-09-18,Real current decimal odds from The Odds API. Opening/closing snapshots are not available on the free tier and are intentionally left blank.
BUNDESLIGA2627_MW04_031_HamburgerSV_1.FCKöln,2026-27,4,2026-09-19,2026-09-19T13:30:00+00:00,Hamburger SV,1. FC Köln,leovegas,h2h,,,,2.65,3.6,2.38,,,,,,,,,,,,current,,decimal,2026-09-18T10:07:01Z,the-odds-api.com,https://api.the-odds-api.com/v4/sports/soccer_germany_bundesliga/odds/,False,True,live,2026-09-18,Real current decimal odds from The Odds API. Opening/closing snapshots are not available on the free tier and are intentionally left blank.
BUNDESLIGA2627_MW04_031_HamburgerSV_1.FCKöln,2026-27,4,2026-09-19,2026-09-19T13:30:00+00:00,Hamburger SV,1. FC Köln,winamax_de,h2h,,,,2.65,3.7,2.35,,,,,,,,,,,,current,,decimal,2026-09-18T10:07:46Z,the-odds-api.com,https://api.the-odds-api.com/v4/sports/soccer_germany_bundesliga/odds/,False,True,live,2026-09-18,Real current decimal odds from The Odds API. Opening/closing snapshots are not available on the free tier and are intentionally left blank.
BUNDESLIGA2627_MW04_031_HamburgerSV_1.FCKöln,2026-27,4,2026-09-19,2026-09-19T13:30:00+00:00,Hamburger SV,1. FC Köln,winamax_fr,h2h,,,,2.6,3.6,2.35,,,,,,,,,,,,current,,decimal,2026-09-18T10:07:45Z,the-odds-api.com,https://api.the-odds-api.com/v4/sports/soccer_germany_bundesliga/odds/,False,True,live,2026-09-18,Real current decimal odds from The Odds API. Opening/closing snapshots are not available on the free tier and are intentionally left blank.
BUNDESLIGA2627_MW04_031_HamburgerSV_1.FCKöln,2026-27,4,2026-09-19,2026-09-19T13:30:00+00:00,Hamburger SV,1. FC Köln,betclic_fr,h2h,,,,2.68,3.55,2.35,,,,,,,,,,,,current,,decimal,2026-09-18T10:05:43Z,the-odds-api.com,https://api.the-odds-api.com/v4/sports/soccer_germany_bundesliga/odds/,False,True,live,2026-09-18,Real current decimal odds from The Odds API. Opening/closing snapshots are not available on the free tier and are intentionally left blank.
BUNDESLIGA2627_MW04_031_HamburgerSV_1.FCKöln,2026-27,4,2026-09-19,2026-09-19T13:30:00+00:00,Hamburger SV,1. FC Köln,onexbet,h2h,,,,2.83,3.76,2.53,,,,,,,,,,,,current,,decimal,2026-09-18T10:07:21Z,the-odds-api.com,https://api.the-odds-api.com/v4/sports/soccer_germany_bundesliga/odds/,False,True,live,2026-09-18,Real current decimal odds from The Odds API. Opening/closing snapshots are not available on the free tier and are intentionally left blank.
BUNDESLIGA2627_MW04_031_HamburgerSV_1.FCKöln,2026-27,4,2026-09-19,2026-09-19T13:30:00+00:00,Hamburger SV,1. FC Köln,unibet_fr,h2h,,,,2.55,3.5,2.4,,,,,,,,,,,,current,,decimal,2026-09-18T10:07:44Z,the-odds-api.com,https://api.the-odds-api.com/v4/sports/soccer_germany_bundesliga/odds/,False,True,live,2026-09-18,Real current decimal odds from The Odds API. Opening/closing snapshots are not available on the free tier and are intentionally left blank.
BUNDESLIGA2627_MW04_031_HamburgerSV_1.FCKöln,2026-27,4,2026-09-19,2026-09-19T13:30:00+00:00,Hamburger SV,1. FC Köln,codere_it,h2h,,,,2.75,3.65,2.44,,,,,,,,,,,,current,,decimal,2026-09-18T10:07:44Z,the-odds-api.com,https://api.the-odds-api.com/v4/sports/soccer_germany_bundesliga/odds/,False,True,live,2026-09-18,Real current decimal odds from The Odds API. Opening/closing snapshots are not available on the free tier and are intentionally left blank.
BUNDESLIGA2627_MW04_031_HamburgerSV_1.FCKöln,2026-27,4,2026-09-19,2026-09-19T13:30:00+00:00,Hamburger SV,1. FC Köln,coolbet,h2h,,,,2.85,3.65,2.45,,,,,,,,,,,,current,,decimal,2026-09-18T10:07:24Z,the-odds-api.com,https://api.the-odds-api.com/v4/sports/soccer_germany_bundesliga/odds/,False,True,live,2026-09-18,Real current decimal odds from The Odds API. Opening/closing snapshots are not available on the free tier and are intentionally left blank.
BUNDESLIGA2627_MW04_031_HamburgerSV_1.FCKöln,2026-27,4,2026-09-19,2026-09-19T13:30:00+00:00,Hamburger SV,1. FC Köln,tipico_de,h2h,,,,2.75,3.6,2.4,,,,,,,,,,,,current,,decimal,2026-09-18T10:07:01Z,the-odds-api.com,https://api.the-odds-api.com/v4/sports/soccer_germany_bundesliga/odds/,False,True,live,2026-09-18,Real current decimal odds from The Odds API. Opening/closing snapshots are not available on the free tier and are intentionally left blank.
BUNDESLIGA2627_MW04_031_HamburgerSV_1.FCKöln,2026-27,4,2026-09-19,2026-09-19T13:30:00+00:00,Hamburger SV,1. FC Köln,skybet,h2h,,,,2.5,3.6,2.5,,,,,,,,,,,,current,,decimal,2026-09-18T10:07:44Z,the-odds-api.com,https://api.the-odds-api.com/v4/sports/soccer_germany_bundesliga/odds/,False,True,live,2026-09-18,Real current decimal odds from The Odds API. Opening/closing snapshots are not available on the free tier and are intentionally left blank.
BUNDESLIGA2627_MW04_031_HamburgerSV_1.FCKöln,2026-27,4,2026-09-19,2026-09-19T13:30:00+00:00,Hamburger SV,1. FC Köln,paddypower,h2h,,,,2.5,3.75,2.5,,,,,,,,,,,,current,,decimal,2026-09-18T10:06:36Z,the-odds-api.com,https://api.the-odds-api.com/v4/sports/soccer_germany_bundesliga/odds/,False,True,live,2026-09-18,Real current decimal odds from The Odds API. Opening/closing snapshots are not available on the free tier and are intentionally left blank.
BUNDESLIGA2627_MW04_031_HamburgerSV_1.FCKöln,2026-27,4,2026-09-19,2026-09-19T13:30:00+00:00,Hamburger SV,1. FC Köln,fanduel,h2h,,,,2.55,3.7,2.5,,,,,,,,,,,,current,,decimal,2026-09-18T10:07:45Z,the-odds-api.com,https://api.the-odds-api.com/v4/sports/soccer_germany_bundesliga/odds/,False,True,live,2026-09-18,Real current decimal odds from The Odds API. Opening/closing snapshots are not available on the free tier and are intentionally left blank.
BUNDESLIGA2627_MW04_031_HamburgerSV_1.FCKöln,2026-27,4,2026-09-19,2026-09-19T13:30:00+00:00,Hamburger SV,1. FC Köln,betsson,h2h,,,,2.7,3.45,2.45,,,,,,,,,,,,current,,decimal,2026-09-18T10:07:21Z,the-odds-api.com,https://api.the-odds-api.com/v4/sports/soccer_germany_bundesliga/odds/,False,True,live,2026-09-18,Real current decimal odds from The Odds API. Opening/closing snapshots are not available on the free tier and are intentionally left blank.
BUNDESLIGA2627_MW04_031_HamburgerSV_1.FCKöln,2026-27,4,2026-09-19,2026-09-19T13:30:00+00:00,Hamburger SV,1. FC Köln,nordicbet,h2h,,,,2.72,3.45,2.45,,,,,,,,,,,,current,,decimal,2026-09-18T10:07:01Z,the-odds-api.com,https://api.the-odds-api.com/v4/sports/soccer_germany_bundesliga/odds/,False,True,live,2026-09-18,Real current decimal odds from The Odds API. Opening/closing snapshots are not available on the free tier and are intentionally left blank.
BUNDESLIGA2627_MW04_031_HamburgerSV_1.FCKöln,2026-27,4,2026-09-19,2026-09-19T13:30:00+00:00,Hamburger SV,1. FC Köln,betfair_ex_uk,h2h,,,,2.86,3.75,2.54,,,,,,,,,,,,current,,decimal,2026-09-18T10:07:45Z,the-odds-api.com,https://api.the-odds-api.com/v4/sports/soccer_germany_bundesliga/odds/,False,True,live,2026-09-18,Real current decimal odds from The Odds API. Opening/closing snapshots are not available on the free tier and are intentionally left blank.
BUNDESLIGA2627_MW04_031_HamburgerSV_1.FCKöln,2026-27,4,2026-09-19,2026-09-19T13:30:00+00:00,Hamburger SV,1. FC Köln,betfair_ex_eu,h2h,,,,2.86,3.75,2.54,,,,,,,,,,,,current,,decimal,2026-09-18T10:07:46Z,the-odds-api.com,https://api.the-odds-api.com/v4/sports/soccer_germany_bundesliga/odds/,False,True,live,2026-09-18,Real current decimal odds from The Odds API. Opening/closing snapshots are not available on the free tier and are intentionally left blank.
BUNDESLIGA2627_MW04_031_HamburgerSV_1.FCKöln,2026-27,4,2026-09-19,2026-09-19T13:30:00+00:00,Hamburger SV,1. FC Köln,marathonbet,h2h,,,,2.75,3.66,2.46,,,,,,,,,,,,current,,decimal,2026-09-18T10:07:49Z,the-odds-api.com,https://api.the-odds-api.com/v4/sports/soccer_germany_bundesliga/odds/,False,True,live,2026-09-18,Real current decimal odds from The Odds API. Opening/closing snapshots are not available on the free tier and are intentionally left blank.
BUNDESLIGA2627_MW04_031_HamburgerSV_1.FCKöln,2026-27,4,2026-09-19,2026-09-19T13:30:00+00:00,Hamburger SV,1. FC Köln,betway,h2h,,,,2.7,3.6,2.4,,,,,,,,,,,,current,,decimal,2026-09-18T10:07:22Z,the-odds-api.com,https://api.the-odds-api.com/v4/sports/soccer_germany_bundesliga/odds/,False,True,live,2026-09-18,Real current decimal odds from The Odds API. Opening/closing snapshots are not available on the free tier and are intentionally left blank.
BUNDESLIGA2627_MW04_031_HamburgerSV_1.FCKöln,2026-27,4,2026-09-19,2026-09-19T13:30:00+00:00,Hamburger SV,1. FC Köln,pinnacle,h2h,,,,2.78,3.69,2.49,,,,,,,,,,,,current,,decimal,2026-09-18T10:07:44Z,the-odds-api.com,https://api.the-odds-api.com/v4/sports/soccer_germany_bundesliga/odds/,False,True,live,2026-09-18,Real current decimal odds from The Odds API. Opening/closing snapshots are not available on the free tier and are intentionally left blank.
BUNDESLIGA2627_MW04_031_HamburgerSV_1.FCKöln,2026-27,4,2026-09-19,2026-09-19T13:30:00+00:00,Hamburger SV,1. FC Köln,ladbrokes_uk,h2h,,,,2.7,3.7,2.37,,,,,,,,,,,,current,,decimal,2026-09-18T10:07:01Z,the-odds-api.com,https://api.the-odds-api.com/v4/sports/soccer_germany_bundesliga/odds/,False,True,live,2026-09-18,Real current decimal odds from The Odds API. Opening/closing snapshots are not available on the free tier and are intentionally left blank.
BUNDESLIGA2627_MW04_031_HamburgerSV_1.FCKöln,2026-27,4,2026-09-19,2026-09-19T13:30:00+00:00,Hamburger SV,1. FC Köln,coral,h2h,,,,2.7,3.7,2.4,,,,,,,,,,,,current,,decimal,2026-09-18T10:07:21Z,the-odds-api.com,https://api.the-odds-api.com/v4/sports/soccer_germany_bundesliga/odds/,False,True,live,2026-09-18,Real current decimal odds from The Odds API. Opening/closing snapshots are not available on the free tier and are intentionally left blank.
BUNDESLIGA2627_MW04_031_HamburgerSV_1.FCKöln,2026-27,4,2026-09-19,2026-09-19T13:30:00+00:00,Hamburger SV,1. FC Köln,betmgm,h2h,,,,2.7,3.7,2.4,,,,,,,,,,,,current,,decimal,2026-09-18T10:07:21Z,the-odds-api.com,https://api.the-odds-api.com/v4/sports/soccer_germany_bundesliga/odds/,False,True,live,2026-09-18,Real current decimal odds from The Odds API. Opening/closing snapshots are not available on the free tier and are intentionally left blank.
BUNDESLIGA2627_MW04_031_HamburgerSV_1.FCKöln,2026-27,4,2026-09-19,2026-09-19T13:30:00+00:00,Hamburger SV,1. FC Köln,smarkets,h2h,,,,2.88,3.75,2.54,,,,,,,,,,,,current,,decimal,2026-09-18T10:07:47Z,the-odds-api.com,https://api.the-odds-api.com/v4/sports/soccer_germany_bundesliga/odds/,False,True,live,2026-09-18,Real current decimal odds from The Odds API. Opening/closing snapshots are not available on the free tier and are intentionally left blank.
BUNDESLIGA2627_MW04_031_HamburgerSV_1.FCKöln,2026-27,4,2026-09-19,2026-09-19T13:30:00+00:00,Hamburger SV,1. FC Köln,draftkings,h2h,,,,2.7,3.45,2.4,,,,,,,,,,,,current,,decimal,2026-09-18T10:05:54Z,the-odds-api.com,https://api.the-odds-api.com/v4/sports/soccer_germany_bundesliga/odds/,False,True,live,2026-09-18,Real current decimal odds from The Odds API. Opening/closing snapshots are not available on the free tier and are intentionally left blank.
BUNDESLIGA2627_MW04_031_HamburgerSV_1.FCKöln,2026-27,4,2026-09-19,2026-09-19T13:30:00+00:00,Hamburger SV,1. FC Köln,bovada,h2h,,,,2.73,3.6,2.45,,,,,,,,,,,,current,,decimal,2026-09-18T10:07:50Z,the-odds-api.com,https://api.the-odds-api.com/v4/sports/soccer_germany_bundesliga/odds/,False,True,live,2026-09-18,Real current decimal odds from The Odds API. Opening/closing snapshots are not available on the free tier and are intentionally left blank.
BUNDESLIGA2627_MW04_031_HamburgerSV_1.FCKöln,2026-27,4,2026-09-19,2026-09-19T13:30:00+00:00,Hamburger SV,1. FC Köln,boylesports,h2h,,,,2.5,3.5,2.3,,,,,,,,,,,,current,,decimal,2026-09-18T10:06:39Z,the-odds-api.com,https://api.the-odds-api.com/v4/sports/soccer_germany_bundesliga/odds/,False,True,live,2026-09-18,Real current decimal odds from The Odds API. Opening/closing snapshots are not available on the free tier and are intentionally left blank.
BUNDESLIGA2627_MW04_031_HamburgerSV_1.FCKöln,2026-27,4,2026-09-19,2026-09-19T13:30:00+00:00,Hamburger SV,1. FC Köln,unibet_se,h2h,,,,2.75,3.65,2.55,,,,,,,,,,,,current,,decimal,2026-09-18T10:07:45Z,the-odds-api.com,https://api.the-odds-api.com/v4/sports/soccer_germany_bundesliga/odds/,False,True,live,2026-09-18,Real current decimal odds from The Odds API. Opening/closing snapshots are not available on the free tier and are intentionally left blank.
BUNDESLIGA2627_MW04_031_HamburgerSV_1.FCKöln,2026-27,4,2026-09-19,2026-09-19T13:30:00+00:00,Hamburger SV,1. FC Köln,betrivers,h2h,,,,2.63,3.5,2.48,,,,,,,,,,,,current,,decimal,2026-09-18T10:07:44Z,the-odds-api.com,https://api.the-odds-api.com/v4/sports/soccer_germany_bundesliga/odds/,False,True,live,2026-09-18,Real current decimal odds from The Odds API. Opening/closing snapshots are not available on the free tier and are intentionally left blank.
BUNDESLIGA2627_MW04_031_HamburgerSV_1.FCKöln,2026-27,4,2026-09-19,2026-09-19T13:30:00+00:00,Hamburger SV,1. FC Köln,livescorebet,h2h,,,,2.55,3.35,2.4,,,,,,,,,,,,current,,decimal,2026-09-18T10:07:21Z,the-odds-api.com,https://api.the-odds-api.com/v4/sports/soccer_germany_bundesliga/odds/,False,True,live,2026-09-18,Real current decimal odds from The Odds API. Opening/closing snapshots are not available on the free tier and are intentionally left blank.
BUNDESLIGA2627_MW04_031_HamburgerSV_1.FCKöln,2026-27,4,2026-09-19,2026-09-19T13:30:00+00:00,Hamburger SV,1. FC Köln,pmu_fr,h2h,,,,2.6,3.45,2.45,,,,,,,,,,,,current,,decimal,2026-09-18T10:07:01Z,the-odds-api.com,https://api.the-odds-api.com/v4/sports/soccer_germany_bundesliga/odds/,False,True,live,2026-09-18,Real current decimal odds from The Odds API. Opening/closing snapshots are not available on the free tier and are intentionally left blank.
BUNDESLIGA2627_MW04_031_HamburgerSV_1.FCKöln,2026-27,4,2026-09-19,2026-09-19T13:30:00+00:00,Hamburger SV,1. FC Köln,leovegas_se,h2h,,,,2.6,3.4,2.43,,,,,,,,,,,,current,,decimal,2026-09-18T10:07:00Z,the-odds-api.com,https://api.the-odds-api.com/v4/sports/soccer_germany_bundesliga/odds/,False,True,live,2026-09-18,Real current decimal odds from The Odds API. Opening/closing snapshots are not available on the free tier and are intentionally left blank.
BUNDESLIGA2627_MW04_031_HamburgerSV_1.FCKöln,2026-27,4,2026-09-19,2026-09-19T13:30:00+00:00,Hamburger SV,1. FC Köln,grosvenor,h2h,,,,2.65,3.55,2.5,,,,,,,,,,,,current,,decimal,2026-09-18T10:07:01Z,the-odds-api.com,https://api.the-odds-api.com/v4/sports/soccer_germany_bundesliga/odds/,False,True,live,2026-09-18,Real current decimal odds from The Odds API. Opening/closing snapshots are not available on the free tier and are intentionally left blank.
BUNDESLIGA2627_MW04_031_HamburgerSV_1.FCKöln,2026-27,4,2026-09-19,2026-09-19T13:30:00+00:00,Hamburger SV,1. FC Köln,unibet_nl,h2h,,,,2.75,3.65,2.55,,,,,,,,,,,,current,,decimal,2026-09-18T10:07:22Z,the-odds-api.com,https://api.the-odds-api.com/v4/sports/soccer_germany_bundesliga/odds/,False,True,live,2026-09-18,Real current decimal odds from The Odds API. Opening/closing snapshots are not available on the free tier and are intentionally left blank.
BUNDESLIGA2627_MW04_031_HamburgerSV_1.FCKöln,2026-27,4,2026-09-19,2026-09-19T13:30:00+00:00,Hamburger SV,1. FC Köln,casumo,h2h,,,,2.63,3.5,2.48,,,,,,,,,,,,current,,decimal,2026-09-18T10:07:47Z,the-odds-api.com,https://api.the-odds-api.com/v4/sports/soccer_germany_bundesliga/odds/,False,True,live,2026-09-18,Real current decimal odds from The Odds API. Opening/closing snapshots are not available on the free tier and are intentionally left blank.
BUNDESLIGA2627_MW04_031_HamburgerSV_1.FCKöln,2026-27,4,2026-09-19,2026-09-19T13:30:00+00:00,Hamburger SV,1. FC Köln,virginbet,h2h,,,,2.55,3.35,2.4,,,,,,,,,,,,current,,decimal,2026-09-18T10:07:29Z,the-odds-api.com,https://api.the-odds-api.com/v4/sports/soccer_germany_bundesliga/odds/,False,True,live,2026-09-18,Real current decimal odds from The Odds API. Opening/closing snapshots are not available on the free tier and are intentionally left blank.
BUNDESLIGA2627_MW04_031_HamburgerSV_1.FCKöln,2026-27,4,2026-09-19,2026-09-19T13:30:00+00:00,Hamburger SV,1. FC Köln,suprabets,h2h,,,,2.62,3.47,2.38,,,,,,,,,,,,current,,decimal,2026-09-18T10:05:27Z,the-odds-api.com,https://api.the-odds-api.com/v4/sports/soccer_germany_bundesliga/odds/,False,True,live,2026-09-18,Real current decimal odds from The Odds API. Opening/closing snapshots are not available on the free tier and are intentionally left blank.
BUNDESLIGA2627_MW04_031_HamburgerSV_1.FCKöln,2026-27,4,2026-09-19,2026-09-19T13:30:00+00:00,Hamburger SV,1. FC Köln,lowvig,h2h,,,,2.76,3.63,2.51,,,,,,,,,,,,current,,decimal,2026-09-18T10:07:22Z,the-odds-api.com,https://api.the-odds-api.com/v4/sports/soccer_germany_bundesliga/odds/,False,True,live,2026-09-18,Real current decimal odds from The Odds API. Opening/closing snapshots are not available on the free tier and are intentionally left blank.
BUNDESLIGA2627_MW04_031_HamburgerSV_1.FCKöln,2026-27,4,2026-09-19,2026-09-19T13:30:00+00:00,Hamburger SV,1. FC Köln,betonlineag,h2h,,,,2.76,3.63,2.51,,,,,,,,,,,,current,,decimal,2026-09-18T10:06:36Z,the-odds-api.com,https://api.the-odds-api.com/v4/sports/soccer_germany_bundesliga/odds/,False,True,live,2026-09-18,Real current decimal odds from The Odds API. Opening/closing snapshots are not available on the free tier and are intentionally left blank.
BUNDESLIGA2627_MW04_031_HamburgerSV_1.FCKöln,2026-27,4,2026-09-19,2026-09-19T13:30:00+00:00,Hamburger SV,1. FC Köln,matchbook,h2h,,,,2.88,3.75,2.54,,,,,,,,,,,,current,,decimal,2026-09-18T10:07:46Z,the-odds-api.com,https://api.the-odds-api.com/v4/sports/soccer_germany_bundesliga/odds/,False,True,live,2026-09-18,Real current decimal odds from The Odds API. Opening/closing snapshots are not available on the free tier and are intentionally left blank.
BUNDESLIGA2627_MW04_031_HamburgerSV_1.FCKöln,2026-27,4,2026-09-19,2026-09-19T13:30:00+00:00,Hamburger SV,1. FC Köln,betano_uk,h2h,,,,2.6,3.6,2.3,,,,,,,,,,,,current,,decimal,2026-09-18T10:06:25Z,the-odds-api.com,https://api.the-odds-api.com/v4/sports/soccer_germany_bundesliga/odds/,False,True,live,2026-09-18,Real current decimal odds from The Odds API. Opening/closing snapshots are not available on the free tier and are intentionally left blank.
BUNDESLIGA2627_MW04_031_HamburgerSV_1.FCKöln,2026-27,4,2026-09-19,2026-09-19T13:30:00+00:00,Hamburger SV,1. FC Köln,betvictor,h2h,,,,2.55,3.6,2.3,,,,,,,,,,,,current,,decimal,2026-09-18T10:06:09Z,the-odds-api.com,https://api.the-odds-api.com/v4/sports/soccer_germany_bundesliga/odds/,False,True,live,2026-09-18,Real current decimal odds from The Odds API. Opening/closing snapshots are not available on the free tier and are intentionally left blank.
BUNDESLIGA2627_MW04_031_HamburgerSV_1.FCKöln,2026-27,4,2026-09-19,2026-09-19T13:30:00+00:00,Hamburger SV,1. FC Köln,gtbets,h2h,,,,2.72,3.64,2.45,,,,,,,,,,,,current,,decimal,2026-09-18T10:07:45Z,the-odds-api.com,https://api.the-odds-api.com/v4/sports/soccer_germany_bundesliga/odds/,False,True,live,2026-09-18,Real current decimal odds from The Odds API. Opening/closing snapshots are not available on the free tier and are intentionally left blank.
BUNDESLIGA2627_MW04_031_HamburgerSV_1.FCKöln,2026-27,4,2026-09-19,2026-09-19T13:30:00+00:00,Hamburger SV,1. FC Köln,everygame,h2h,,,,2.6,3.45,2.4,,,,,,,,,,,,current,,decimal,2026-09-18T10:06:27Z,the-odds-api.com,https://api.the-odds-api.com/v4/sports/soccer_germany_bundesliga/odds/,False,True,live,2026-09-18,Real current decimal odds from The Odds API. Opening/closing snapshots are not available on the free tier and are intentionally left blank.
BUNDESLIGA2627_MW04_031_HamburgerSV_1.FCKöln,2026-27,4,2026-09-19,2026-09-19T13:30:00+00:00,Hamburger SV,1. FC Köln,betus,h2h,,,,2.76,3.63,2.51,,,,,,,,,,,,current,,decimal,2026-09-18T10:07:44Z,the-odds-api.com,https://api.the-odds-api.com/v4/sports/soccer_germany_bundesliga/odds/,False,True,live,2026-09-18,Real current decimal odds from The Odds API. Opening/closing snapshots are not available on the free tier and are intentionally left blank.
BUNDESLIGA2627_MW04_031_HamburgerSV_1.FCKöln,2026-27,4,2026-09-19,2026-09-19T13:30:00+00:00,Hamburger SV,1. FC Köln,onexbet,spreads,,,,,,,,,,0.0,2.08,1.87,,,,,,current,,decimal,2026-09-18T10:07:21Z,the-odds-api.com,https://api.the-odds-api.com/v4/sports/soccer_germany_bundesliga/odds/,False,True,live,2026-09-18,Real current decimal odds from The Odds API. Opening/closing snapshots are not available on the free tier and are intentionally left blank.
BUNDESLIGA2627_MW04_031_HamburgerSV_1.FCKöln,2026-27,4,2026-09-19,2026-09-19T13:30:00+00:00,Hamburger SV,1. FC Köln,coolbet,spreads,,,,,,,,,,1.0,1.29,3.8,,,,,,current,,decimal,2026-09-18T10:07:24Z,the-odds-api.com,https://api.the-odds-api.com/v4/sports/soccer_germany_bundesliga/odds/,False,True,live,2026-09-18,Real current decimal odds from The Odds API. Opening/closing snapshots are not available on the free tier and are intentionally left blank.
BUNDESLIGA2627_MW04_031_HamburgerSV_1.FCKöln,2026-27,4,2026-09-19,2026-09-19T13:30:00+00:00,Hamburger SV,1. FC Köln,pinnacle,spreads,,,,,,,,,,0.0,2.07,1.85,,,,,,current,,decimal,2026-09-18T10:07:44Z,the-odds-api.com,https://api.the-odds-api.com/v4/sports/soccer_germany_bundesliga/odds/,False,True,live,2026-09-18,Real current decimal odds from The Odds API. Opening/closing snapshots are not available on the free tier and are intentionally left blank.
BUNDESLIGA2627_MW04_031_HamburgerSV_1.FCKöln,2026-27,4,2026-09-19,2026-09-19T13:30:00+00:00,Hamburger SV,1. FC Köln,bovada,spreads,,,,,,,,,,0.0,2.02,1.82,,,,,,current,,decimal,2026-09-18T10:07:50Z,the-odds-api.com,https://api.the-odds-api.com/v4/sports/soccer_germany_bundesliga/odds/,False,True,live,2026-09-18,Real current decimal odds from The Odds API. Opening/closing snapshots are not available on the free tier and are intentionally left blank.
BUNDESLIGA2627_MW04_031_HamburgerSV_1.FCKöln,2026-27,4,2026-09-19,2026-09-19T13:30:00+00:00,Hamburger SV,1. FC Köln,lowvig,spreads,,,,,,,,,,0.0,2.01,1.83,,,,,,current,,decimal,2026-09-18T10:07:22Z,the-odds-api.com,https://api.the-odds-api.com/v4/sports/soccer_germany_bundesliga/odds/,False,True,live,2026-09-18,Real current decimal odds from The Odds API. Opening/closing snapshots are not available on the free tier and are intentionally left blank.
BUNDESLIGA2627_MW04_031_HamburgerSV_1.FCKöln,2026-27,4,2026-09-19,2026-09-19T13:30:00+00:00,Hamburger SV,1. FC Köln,betonlineag,spreads,,,,,,,,,,0.0,2.01,1.83,,,,,,current,,decimal,2026-09-18T10:06:36Z,the-odds-api.com,https://api.the-odds-api.com/v4/sports/soccer_germany_bundesliga/odds/,False,True,live,2026-09-18,Real current decimal odds from The Odds API. Opening/closing snapshots are not available on the free tier and are intentionally left blank.
BUNDESLIGA2627_MW04_031_HamburgerSV_1.FCKöln,2026-27,4,2026-09-19,2026-09-19T13:30:00+00:00,Hamburger SV,1. FC Köln,matchbook,spreads,,,,,,,,,,0.0,2.1,1.87,,,,,,current,,decimal,2026-09-18T10:07:46Z,the-odds-api.com,https://api.the-odds-api.com/v4/sports/soccer_germany_bundesliga/odds/,False,True,live,2026-09-18,Real current decimal odds from The Odds API. Opening/closing snapshots are not available on the free tier and are intentionally left blank.
BUNDESLIGA2627_MW04_031_HamburgerSV_1.FCKöln,2026-27,4,2026-09-19,2026-09-19T13:30:00+00:00,Hamburger SV,1. FC Köln,gtbets,spreads,,,,,,,,,,0.5,1.57,2.37,,,,,,current,,decimal,2026-09-18T10:07:45Z,the-odds-api.com,https://api.the-odds-api.com/v4/sports/soccer_germany_bundesliga/odds/,False,True,live,2026-09-18,Real current decimal odds from The Odds API. Opening/closing snapshots are not available on the free tier and are intentionally left blank.
BUNDESLIGA2627_MW04_031_HamburgerSV_1.FCKöln,2026-27,4,2026-09-19,2026-09-19T13:30:00+00:00,Hamburger SV,1. FC Köln,betus,spreads,,,,,,,,,,0.0,2.01,1.83,,,,,,current,,decimal,2026-09-18T10:07:44Z,the-odds-api.com,https://api.the-odds-api.com/v4/sports/soccer_germany_bundesliga/odds/,False,True,live,2026-09-18,Real current decimal odds from The Odds API. Opening/closing snapshots are not available on the free tier and are intentionally left blank.
BUNDESLIGA2627_MW04_031_HamburgerSV_1.FCKöln,2026-27,4,2026-09-19,2026-09-19T13:30:00+00:00,Hamburger SV,1. FC Köln,williamhill,totals,,,,,,,,,,,,,2.5,1.57,2.3,,,current,,decimal,2026-09-18T10:07:21Z,the-odds-api.com,https://api.the-odds-api.com/v4/sports/soccer_germany_bundesliga/odds/,False,True,live,2026-09-18,Real current decimal odds from The Odds API. Opening/closing snapshots are not available on the free tier and are intentionally left blank.
BUNDESLIGA2627_MW04_031_HamburgerSV_1.FCKöln,2026-27,4,2026-09-19,2026-09-19T13:30:00+00:00,Hamburger SV,1. FC Köln,leovegas,totals,,,,,,,,,,,,,3.5,2.3,1.55,,,current,,decimal,2026-09-18T10:07:01Z,the-odds-api.com,https://api.the-odds-api.com/v4/sports/soccer_germany_bundesliga/odds/,False,True,live,2026-09-18,Real current decimal odds from The Odds API. Opening/closing snapshots are not available on the free tier and are intentionally left blank.
BUNDESLIGA2627_MW04_031_HamburgerSV_1.FCKöln,2026-27,4,2026-09-19,2026-09-19T13:30:00+00:00,Hamburger SV,1. FC Köln,onexbet,totals,,,,,,,,,,,,,2.5,1.65,2.45,,,current,,decimal,2026-09-18T10:07:21Z,the-odds-api.com,https://api.the-odds-api.com/v4/sports/soccer_germany_bundesliga/odds/,False,True,live,2026-09-18,Real current decimal odds from The Odds API. Opening/closing snapshots are not available on the free tier and are intentionally left blank.
BUNDESLIGA2627_MW04_031_HamburgerSV_1.FCKöln,2026-27,4,2026-09-19,2026-09-19T13:30:00+00:00,Hamburger SV,1. FC Köln,codere_it,totals,,,,,,,,,,,,,3.5,2.26,1.54,,,current,,decimal,2026-09-18T10:07:44Z,the-odds-api.com,https://api.the-odds-api.com/v4/sports/soccer_germany_bundesliga/odds/,False,True,live,2026-09-18,Real current decimal odds from The Odds API. Opening/closing snapshots are not available on the free tier and are intentionally left blank.
BUNDESLIGA2627_MW04_031_HamburgerSV_1.FCKöln,2026-27,4,2026-09-19,2026-09-19T13:30:00+00:00,Hamburger SV,1. FC Köln,coolbet,totals,,,,,,,,,,,,,3.0,2.0,1.82,,,current,,decimal,2026-09-18T10:07:24Z,the-odds-api.com,https://api.the-odds-api.com/v4/sports/soccer_germany_bundesliga/odds/,False,True,live,2026-09-18,Real current decimal odds from The Odds API. Opening/closing snapshots are not available on the free tier and are intentionally left blank.
BUNDESLIGA2627_MW04_031_HamburgerSV_1.FCKöln,2026-27,4,2026-09-19,2026-09-19T13:30:00+00:00,Hamburger SV,1. FC Köln,tipico_de,totals,,,,,,,,,,,,,3.5,2.3,1.55,,,current,,decimal,2026-09-18T10:07:01Z,the-odds-api.com,https://api.the-odds-api.com/v4/sports/soccer_germany_bundesliga/odds/,False,True,live,2026-09-18,Real current decimal odds from The Odds API. Opening/closing snapshots are not available on the free tier and are intentionally left blank.
BUNDESLIGA2627_MW04_031_HamburgerSV_1.FCKöln,2026-27,4,2026-09-19,2026-09-19T13:30:00+00:00,Hamburger SV,1. FC Köln,betsson,totals,,,,,,,,,,,,,2.5,1.58,2.41,,,current,,decimal,2026-09-18T10:07:21Z,the-odds-api.com,https://api.the-odds-api.com/v4/sports/soccer_germany_bundesliga/odds/,False,True,live,2026-09-18,Real current decimal odds from The Odds API. Opening/closing snapshots are not available on the free tier and are intentionally left blank.
BUNDESLIGA2627_MW04_031_HamburgerSV_1.FCKöln,2026-27,4,2026-09-19,2026-09-19T13:30:00+00:00,Hamburger SV,1. FC Köln,nordicbet,totals,,,,,,,,,,,,,2.5,1.55,2.38,,,current,,decimal,2026-09-18T10:07:01Z,the-odds-api.com,https://api.the-odds-api.com/v4/sports/soccer_germany_bundesliga/odds/,False,True,live,2026-09-18,Real current decimal odds from The Odds API. Opening/closing snapshots are not available on the free tier and are intentionally left blank.
BUNDESLIGA2627_MW04_031_HamburgerSV_1.FCKöln,2026-27,4,2026-09-19,2026-09-19T13:30:00+00:00,Hamburger SV,1. FC Köln,pinnacle,totals,,,,,,,,,,,,,3.0,1.96,1.93,,,current,,decimal,2026-09-18T10:07:44Z,the-odds-api.com,https://api.the-odds-api.com/v4/sports/soccer_germany_bundesliga/odds/,False,True,live,2026-09-18,Real current decimal odds from The Odds API. Opening/closing snapshots are not available on the free tier and are intentionally left blank.
BUNDESLIGA2627_MW04_031_HamburgerSV_1.FCKöln,2026-27,4,2026-09-19,2026-09-19T13:30:00+00:00,Hamburger SV,1. FC Köln,betmgm,totals,,,,,,,,,,,,,2.5,1.54,2.3,,,current,,decimal,2026-09-18T10:07:21Z,the-odds-api.com,https://api.the-odds-api.com/v4/sports/soccer_germany_bundesliga/odds/,False,True,live,2026-09-18,Real current decimal odds from The Odds API. Opening/closing snapshots are not available on the free tier and are intentionally left blank.
BUNDESLIGA2627_MW04_031_HamburgerSV_1.FCKöln,2026-27,4,2026-09-19,2026-09-19T13:30:00+00:00,Hamburger SV,1. FC Köln,bovada,totals,,,,,,,,,,,,,3.0,1.93,1.89,,,current,,decimal,2026-09-18T10:07:50Z,the-odds-api.com,https://api.the-odds-api.com/v4/sports/soccer_germany_bundesliga/odds/,False,True,live,2026-09-18,Real current decimal odds from The Odds API. Opening/closing snapshots are not available on the free tier and are intentionally left blank.
BUNDESLIGA2627_MW04_031_HamburgerSV_1.FCKöln,2026-27,4,2026-09-19,2026-09-19T13:30:00+00:00,Hamburger SV,1. FC Köln,unibet_se,totals,,,,,,,,,,,,,2.5,1.61,2.32,,,current,,decimal,2026-09-18T10:07:45Z,the-odds-api.com,https://api.the-odds-api.com/v4/sports/soccer_germany_bundesliga/odds/,False,True,live,2026-09-18,Real current decimal odds from The Odds API. Opening/closing snapshots are not available on the free tier and are intentionally left blank.
BUNDESLIGA2627_MW04_031_HamburgerSV_1.FCKöln,2026-27,4,2026-09-19,2026-09-19T13:30:00+00:00,Hamburger SV,1. FC Köln,betrivers,totals,,,,,,,,,,,,,2.5,1.6,2.3,,,current,,decimal,2026-09-18T10:07:44Z,the-odds-api.com,https://api.the-odds-api.com/v4/sports/soccer_germany_bundesliga/odds/,False,True,live,2026-09-18,Real current decimal odds from The Odds API. Opening/closing snapshots are not available on the free tier and are intentionally left blank.
BUNDESLIGA2627_MW04_031_HamburgerSV_1.FCKöln,2026-27,4,2026-09-19,2026-09-19T13:30:00+00:00,Hamburger SV,1. FC Köln,pmu_fr,totals,,,,,,,,,,,,,2.5,1.51,2.16,,,current,,decimal,2026-09-18T10:07:01Z,the-odds-api.com,https://api.the-odds-api.com/v4/sports/soccer_germany_bundesliga/odds/,False,True,live,2026-09-18,Real current decimal odds from The Odds API. Opening/closing snapshots are not available on the free tier and are intentionally left blank.
BUNDESLIGA2627_MW04_031_HamburgerSV_1.FCKöln,2026-27,4,2026-09-19,2026-09-19T13:30:00+00:00,Hamburger SV,1. FC Köln,leovegas_se,totals,,,,,,,,,,,,,2.5,1.61,2.32,,,current,,decimal,2026-09-18T10:07:00Z,the-odds-api.com,https://api.the-odds-api.com/v4/sports/soccer_germany_bundesliga/odds/,False,True,live,2026-09-18,Real current decimal odds from The Odds API. Opening/closing snapshots are not available on the free tier and are intentionally left blank.
BUNDESLIGA2627_MW04_031_HamburgerSV_1.FCKöln,2026-27,4,2026-09-19,2026-09-19T13:30:00+00:00,Hamburger SV,1. FC Köln,grosvenor,totals,,,,,,,,,,,,,2.5,1.6,2.3,,,current,,decimal,2026-09-18T10:07:01Z,the-odds-api.com,https://api.the-odds-api.com/v4/sports/soccer_germany_bundesliga/odds/,False,True,live,2026-09-18,Real current decimal odds from The Odds API. Opening/closing snapshots are not available on the free tier and are intentionally left blank.
BUNDESLIGA2627_MW04_031_HamburgerSV_1.FCKöln,2026-27,4,2026-09-19,2026-09-19T13:30:00+00:00,Hamburger SV,1. FC Köln,unibet_nl,totals,,,,,,,,,,,,,2.5,1.6,2.3,,,current,,decimal,2026-09-18T10:07:22Z,the-odds-api.com,https://api.the-odds-api.com/v4/sports/soccer_germany_bundesliga/odds/,False,True,live,2026-09-18,Real current decimal odds from The Odds API. Opening/closing snapshots are not available on the free tier and are intentionally left blank.
BUNDESLIGA2627_MW04_031_HamburgerSV_1.FCKöln,2026-27,4,2026-09-19,2026-09-19T13:30:00+00:00,Hamburger SV,1. FC Köln,casumo,totals,,,,,,,,,,,,,2.5,1.6,2.3,,,current,,decimal,2026-09-18T10:07:47Z,the-odds-api.com,https://api.the-odds-api.com/v4/sports/soccer_germany_bundesliga/odds/,False,True,live,2026-09-18,Real current decimal odds from The Odds API. Opening/closing snapshots are not available on the free tier and are intentionally left blank.
BUNDESLIGA2627_MW04_031_HamburgerSV_1.FCKöln,2026-27,4,2026-09-19,2026-09-19T13:30:00+00:00,Hamburger SV,1. FC Köln,lowvig,totals,,,,,,,,,,,,,3.0,1.98,1.84,,,current,,decimal,2026-09-18T10:07:22Z,the-odds-api.com,https://api.the-odds-api.com/v4/sports/soccer_germany_bundesliga/odds/,False,True,live,2026-09-18,Real current decimal odds from The Odds API. Opening/closing snapshots are not available on the free tier and are intentionally left blank.
BUNDESLIGA2627_MW04_031_HamburgerSV_1.FCKöln,2026-27,4,2026-09-19,2026-09-19T13:30:00+00:00,Hamburger SV,1. FC Köln,betonlineag,totals,,,,,,,,,,,,,3.0,1.98,1.84,,,current,,decimal,2026-09-18T10:06:36Z,the-odds-api.com,https://api.the-odds-api.com/v4/sports/soccer_germany_bundesliga/odds/,False,True,live,2026-09-18,Real current decimal odds from The Odds API. Opening/closing snapshots are not available on the free tier and are intentionally left blank.
BUNDESLIGA2627_MW04_031_HamburgerSV_1.FCKöln,2026-27,4,2026-09-19,2026-09-19T13:30:00+00:00,Hamburger SV,1. FC Köln,gtbets,totals,,,,,,,,,,,,,2.5,1.58,2.31,,,current,,decimal,2026-09-18T10:07:45Z,the-odds-api.com,https://api.the-odds-api.com/v4/sports/soccer_germany_bundesliga/odds/,False,True,live,2026-09-18,Real current decimal odds from The Odds API. Opening/closing snapshots are not available on the free tier and are intentionally left blank.
BUNDESLIGA2627_MW04_031_HamburgerSV_1.FCKöln,2026-27,4,2026-09-19,2026-09-19T13:30:00+00:00,Hamburger SV,1. FC Köln,betus,totals,,,,,,,,,,,,,3.0,2.0,1.83,,,current,,decimal,2026-09-18T10:07:44Z,the-odds-api.com,https://api.the-odds-api.com/v4/sports/soccer_germany_bundesliga/odds/,False,True,live,2026-09-18,Real current decimal odds from The Odds API. Opening/closing snapshots are not available on the free tier and are intentionally left blank.
BUNDESLIGA2627_MW04_032_BorussiaMönchengladbach_1.FSVMainz05,2026-27,4,2026-09-19,2026-09-19T13:30:00+00:00,Borussia Mönchengladbach,1. FSV Mainz 05,,h2h,,,,,,,,,,,,,,,,,,unknown,,decimal,2026-09-18T10:07:51+00:00,none_available,,False,False,unavailable,2026-09-18,"The Odds API is configured and reachable, but has not yet posted this market for this fixture (bookmakers open different markets at different times before kickoff) -- genuinely unavailable, not a collector failure."
BUNDESLIGA2627_MW04_032_BorussiaMönchengladbach_1.FSVMainz05,2026-27,4,2026-09-19,2026-09-19T13:30:00+00:00,Borussia Mönchengladbach,1. FSV Mainz 05,,spreads,,,,,,,,,,,,,,,,,,unknown,,decimal,2026-09-18T10:07:51+00:00,none_available,,False,False,unavailable,2026-09-18,"The Odds API is configured and reachable, but has not yet posted this market for this fixture (bookmakers open different markets at different times before kickoff) -- genuinely unavailable, not a collector failure."
BUNDESLIGA2627_MW04_032_BorussiaMönchengladbach_1.FSVMainz05,2026-27,4,2026-09-19,2026-09-19T13:30:00+00:00,Borussia Mönchengladbach,1. FSV Mainz 05,,totals,,,,,,,,,,,,,,,,,,unknown,,decimal,2026-09-18T10:07:51+00:00,none_available,,False,False,unavailable,2026-09-18,"The Odds API is configured and reachable, but has not yet posted this market for this fixture (bookmakers open different markets at different times before kickoff) -- genuinely unavailable, not a collector failure."
BUNDESLIGA2627_MW04_033_EintrachtFrankfurt_Sport-ClubFreiburg,2026-27,4,2026-09-19,2026-09-19T13:30:00+00:00,Eintracht Frankfurt,Sport-Club Freiburg,,h2h,,,,,,,,,,,,,,,,,,unknown,,decimal,2026-09-18T10:07:51+00:00,none_available,,False,False,unavailable,2026-09-18,"The Odds API is configured and reachable, but has not yet posted this market for this fixture (bookmakers open different markets at different times before kickoff) -- genuinely unavailable, not a collector failure."
BUNDESLIGA2627_MW04_033_EintrachtFrankfurt_Sport-ClubFreiburg,2026-27,4,2026-09-19,2026-09-19T13:30:00+00:00,Eintracht Frankfurt,Sport-Club Freiburg,,spreads,,,,,,,,,,,,,,,,,,unknown,,decimal,2026-09-18T10:07:51+00:00,none_available,,False,False,unavailable,2026-09-18,"The Odds API is configured and reachable, but has not yet posted this market for this fixture (bookmakers open different markets at different times before kickoff) -- genuinely unavailable, not a collector failure."
BUNDESLIGA2627_MW04_033_EintrachtFrankfurt_Sport-ClubFreiburg,2026-27,4,2026-09-19,2026-09-19T13:30:00+00:00,Eintracht Frankfurt,Sport-Club Freiburg,,totals,,,,,,,,,,,,,,,,,,unknown,,decimal,2026-09-18T10:07:51+00:00,none_available,,False,False,unavailable,2026-09-18,"The Odds API is configured and reachable, but has not yet posted this market for this fixture (bookmakers open different markets at different times before kickoff) -- genuinely unavailable, not a collector failure."
BUNDESLIGA2627_MW04_035_VfBStuttgart_BorussiaDortmund,2026-27,4,2026-09-19,2026-09-19T16:30:00+00:00,VfB Stuttgart,Borussia Dortmund,winamax_de,h2h,,,,2.35,3.8,2.6,,,,,,,,,,,,current,,decimal,2026-09-18T10:07:46Z,the-odds-api.com,https://api.the-odds-api.com/v4/sports/soccer_germany_bundesliga/odds/,False,True,live,2026-09-18,Real current decimal odds from The Odds API. Opening/closing snapshots are not available on the free tier and are intentionally left blank.
BUNDESLIGA2627_MW04_035_VfBStuttgart_BorussiaDortmund,2026-27,4,2026-09-19,2026-09-19T16:30:00+00:00,VfB Stuttgart,Borussia Dortmund,betclic_fr,h2h,,,,2.3,3.7,2.67,,,,,,,,,,,,current,,decimal,2026-09-18T10:05:43Z,the-odds-api.com,https://api.the-odds-api.com/v4/sports/soccer_germany_bundesliga/odds/,False,True,live,2026-09-18,Real current decimal odds from The Odds API. Opening/closing snapshots are not available on the free tier and are intentionally left blank.
BUNDESLIGA2627_MW04_035_VfBStuttgart_BorussiaDortmund,2026-27,4,2026-09-19,2026-09-19T16:30:00+00:00,VfB Stuttgart,Borussia Dortmund,sport888,h2h,,,,2.3,3.5,2.62,,,,,,,,,,,,current,,decimal,2026-09-18T10:07:46Z,the-odds-api.com,https://api.the-odds-api.com/v4/sports/soccer_germany_bundesliga/odds/,False,True,live,2026-09-18,Real current decimal odds from The Odds API. Opening/closing snapshots are not available on the free tier and are intentionally left blank.
BUNDESLIGA2627_MW04_035_VfBStuttgart_BorussiaDortmund,2026-27,4,2026-09-19,2026-09-19T16:30:00+00:00,VfB Stuttgart,Borussia Dortmund,betfred_uk,h2h,,,,2.38,4.0,2.62,,,,,,,,,,,,current,,decimal,2026-09-18T10:07:44Z,the-odds-api.com,https://api.the-odds-api.com/v4/sports/soccer_germany_bundesliga/odds/,False,True,live,2026-09-18,Real current decimal odds from The Odds API. Opening/closing snapshots are not available on the free tier and are intentionally left blank.
BUNDESLIGA2627_MW04_035_VfBStuttgart_BorussiaDortmund,2026-27,4,2026-09-19,2026-09-19T16:30:00+00:00,VfB Stuttgart,Borussia Dortmund,winamax_fr,h2h,,,,2.3,3.75,2.55,,,,,,,,,,,,current,,decimal,2026-09-18T10:07:45Z,the-odds-api.com,https://api.the-odds-api.com/v4/sports/soccer_germany_bundesliga/odds/,False,True,live,2026-09-18,Real current decimal odds from The Odds API. Opening/closing snapshots are not available on the free tier and are intentionally left blank.
BUNDESLIGA2627_MW04_035_VfBStuttgart_BorussiaDortmund,2026-27,4,2026-09-19,2026-09-19T16:30:00+00:00,VfB Stuttgart,Borussia Dortmund,leovegas,h2h,,,,2.35,3.7,2.65,,,,,,,,,,,,current,,decimal,2026-09-18T10:07:01Z,the-odds-api.com,https://api.the-odds-api.com/v4/sports/soccer_germany_bundesliga/odds/,False,True,live,2026-09-18,Real current decimal odds from The Odds API. Opening/closing snapshots are not available on the free tier and are intentionally left blank.
BUNDESLIGA2627_MW04_035_VfBStuttgart_BorussiaDortmund,2026-27,4,2026-09-19,2026-09-19T16:30:00+00:00,VfB Stuttgart,Borussia Dortmund,coolbet,h2h,,,,2.42,3.7,2.86,,,,,,,,,,,,current,,decimal,2026-09-18T10:07:24Z,the-odds-api.com,https://api.the-odds-api.com/v4/sports/soccer_germany_bundesliga/odds/,False,True,live,2026-09-18,Real current decimal odds from The Odds API. Opening/closing snapshots are not available on the free tier and are intentionally left blank.
BUNDESLIGA2627_MW04_035_VfBStuttgart_BorussiaDortmund,2026-27,4,2026-09-19,2026-09-19T16:30:00+00:00,VfB Stuttgart,Borussia Dortmund,onexbet,h2h,,,,2.49,3.8,2.85,,,,,,,,,,,,current,,decimal,2026-09-18T10:07:21Z,the-odds-api.com,https://api.the-odds-api.com/v4/sports/soccer_germany_bundesliga/odds/,False,True,live,2026-09-18,Real current decimal odds from The Odds API. Opening/closing snapshots are not available on the free tier and are intentionally left blank.
BUNDESLIGA2627_MW04_035_VfBStuttgart_BorussiaDortmund,2026-27,4,2026-09-19,2026-09-19T16:30:00+00:00,VfB Stuttgart,Borussia Dortmund,williamhill,h2h,,,,2.3,3.5,2.62,,,,,,,,,,,,current,,decimal,2026-09-18T10:07:21Z,the-odds-api.com,https://api.the-odds-api.com/v4/sports/soccer_germany_bundesliga/odds/,False,True,live,2026-09-18,Real current decimal odds from The Odds API. Opening/closing snapshots are not available on the free tier and are intentionally left blank.
BUNDESLIGA2627_MW04_035_VfBStuttgart_BorussiaDortmund,2026-27,4,2026-09-19,2026-09-19T16:30:00+00:00,VfB Stuttgart,Borussia Dortmund,codere_it,h2h,,,,2.41,3.75,2.7,,,,,,,,,,,,current,,decimal,2026-09-18T10:07:44Z,the-odds-api.com,https://api.the-odds-api.com/v4/sports/soccer_germany_bundesliga/odds/,False,True,live,2026-09-18,Real current decimal odds from The Odds API. Opening/closing snapshots are not available on the free tier and are intentionally left blank.
BUNDESLIGA2627_MW04_035_VfBStuttgart_BorussiaDortmund,2026-27,4,2026-09-19,2026-09-19T16:30:00+00:00,VfB Stuttgart,Borussia Dortmund,fanduel,h2h,,,,2.4,3.8,2.6,,,,,,,,,,,,current,,decimal,2026-09-18T10:07:45Z,the-odds-api.com,https://api.the-odds-api.com/v4/sports/soccer_germany_bundesliga/odds/,False,True,live,2026-09-18,Real current decimal odds from The Odds API. Opening/closing snapshots are not available on the free tier and are intentionally left blank.
BUNDESLIGA2627_MW04_035_VfBStuttgart_BorussiaDortmund,2026-27,4,2026-09-19,2026-09-19T16:30:00+00:00,VfB Stuttgart,Borussia Dortmund,unibet_uk,h2h,,,,2.4,3.7,2.7,,,,,,,,,,,,current,,decimal,2026-09-18T10:07:47Z,the-odds-api.com,https://api.the-odds-api.com/v4/sports/soccer_germany_bundesliga/odds/,False,True,live,2026-09-18,Real current decimal odds from The Odds API. Opening/closing snapshots are not available on the free tier and are intentionally left blank.
BUNDESLIGA2627_MW04_035_VfBStuttgart_BorussiaDortmund,2026-27,4,2026-09-19,2026-09-19T16:30:00+00:00,VfB Stuttgart,Borussia Dortmund,tipico_de,h2h,,,,2.45,3.9,2.6,,,,,,,,,,,,current,,decimal,2026-09-18T10:07:01Z,the-odds-api.com,https://api.the-odds-api.com/v4/sports/soccer_germany_bundesliga/odds/,False,True,live,2026-09-18,Real current decimal odds from The Odds API. Opening/closing snapshots are not available on the free tier and are intentionally left blank.
BUNDESLIGA2627_MW04_035_VfBStuttgart_BorussiaDortmund,2026-27,4,2026-09-19,2026-09-19T16:30:00+00:00,VfB Stuttgart,Borussia Dortmund,unibet_fr,h2h,,,,2.35,3.6,2.6,,,,,,,,,,,,current,,decimal,2026-09-18T10:07:44Z,the-odds-api.com,https://api.the-odds-api.com/v4/sports/soccer_germany_bundesliga/odds/,False,True,live,2026-09-18,Real current decimal odds from The Odds API. Opening/closing snapshots are not available on the free tier and are intentionally left blank.
BUNDESLIGA2627_MW04_035_VfBStuttgart_BorussiaDortmund,2026-27,4,2026-09-19,2026-09-19T16:30:00+00:00,VfB Stuttgart,Borussia Dortmund,paddypower,h2h,,,,2.4,3.75,2.62,,,,,,,,,,,,current,,decimal,2026-09-18T10:06:36Z,the-odds-api.com,https://api.the-odds-api.com/v4/sports/soccer_germany_bundesliga/odds/,False,True,live,2026-09-18,Real current decimal odds from The Odds API. Opening/closing snapshots are not available on the free tier and are intentionally left blank.
BUNDESLIGA2627_MW04_035_VfBStuttgart_BorussiaDortmund,2026-27,4,2026-09-19,2026-09-19T16:30:00+00:00,VfB Stuttgart,Borussia Dortmund,skybet,h2h,,,,2.38,3.75,2.6,,,,,,,,,,,,current,,decimal,2026-09-18T10:07:44Z,the-odds-api.com,https://api.the-odds-api.com/v4/sports/soccer_germany_bundesliga/odds/,False,True,live,2026-09-18,Real current decimal odds from The Odds API. Opening/closing snapshots are not available on the free tier and are intentionally left blank.
BUNDESLIGA2627_MW04_035_VfBStuttgart_BorussiaDortmund,2026-27,4,2026-09-19,2026-09-19T16:30:00+00:00,VfB Stuttgart,Borussia Dortmund,betsson,h2h,,,,2.4,3.6,2.7,,,,,,,,,,,,current,,decimal,2026-09-18T10:07:21Z,the-odds-api.com,https://api.the-odds-api.com/v4/sports/soccer_germany_bundesliga/odds/,False,True,live,2026-09-18,Real current decimal odds from The Odds API. Opening/closing snapshots are not available on the free tier and are intentionally left blank.
BUNDESLIGA2627_MW04_035_VfBStuttgart_BorussiaDortmund,2026-27,4,2026-09-19,2026-09-19T16:30:00+00:00,VfB Stuttgart,Borussia Dortmund,nordicbet,h2h,,,,2.42,3.6,2.72,,,,,,,,,,,,current,,decimal,2026-09-18T10:07:01Z,the-odds-api.com,https://api.the-odds-api.com/v4/sports/soccer_germany_bundesliga/odds/,False,True,live,2026-09-18,Real current decimal odds from The Odds API. Opening/closing snapshots are not available on the free tier and are intentionally left blank.
BUNDESLIGA2627_MW04_035_VfBStuttgart_BorussiaDortmund,2026-27,4,2026-09-19,2026-09-19T16:30:00+00:00,VfB Stuttgart,Borussia Dortmund,betfair_ex_uk,h2h,,,,2.52,4.0,2.78,,,,,,,,,,,,current,,decimal,2026-09-18T10:07:45Z,the-odds-api.com,https://api.the-odds-api.com/v4/sports/soccer_germany_bundesliga/odds/,False,True,live,2026-09-18,Real current decimal odds from The Odds API. Opening/closing snapshots are not available on the free tier and are intentionally left blank.
BUNDESLIGA2627_MW04_035_VfBStuttgart_BorussiaDortmund,2026-27,4,2026-09-19,2026-09-19T16:30:00+00:00,VfB Stuttgart,Borussia Dortmund,betfair_ex_eu,h2h,,,,2.54,4.0,2.76,,,,,,,,,,,,current,,decimal,2026-09-18T10:07:46Z,the-odds-api.com,https://api.the-odds-api.com/v4/sports/soccer_germany_bundesliga/odds/,False,True,live,2026-09-18,Real current decimal odds from The Odds API. Opening/closing snapshots are not available on the free tier and are intentionally left blank.
BUNDESLIGA2627_MW04_035_VfBStuttgart_BorussiaDortmund,2026-27,4,2026-09-19,2026-09-19T16:30:00+00:00,VfB Stuttgart,Borussia Dortmund,marathonbet,h2h,,,,2.45,3.74,2.81,,,,,,,,,,,,current,,decimal,2026-09-18T10:07:49Z,the-odds-api.com,https://api.the-odds-api.com/v4/sports/soccer_germany_bundesliga/odds/,False,True,live,2026-09-18,Real current decimal odds from The Odds API. Opening/closing snapshots are not available on the free tier and are intentionally left blank.
BUNDESLIGA2627_MW04_035_VfBStuttgart_BorussiaDortmund,2026-27,4,2026-09-19,2026-09-19T16:30:00+00:00,VfB Stuttgart,Borussia Dortmund,betway,h2h,,,,2.38,3.6,2.7,,,,,,,,,,,,current,,decimal,2026-09-18T10:07:22Z,the-odds-api.com,https://api.the-odds-api.com/v4/sports/soccer_germany_bundesliga/odds/,False,True,live,2026-09-18,Real current decimal odds from The Odds API. Opening/closing snapshots are not available on the free tier and are intentionally left blank.
BUNDESLIGA2627_MW04_035_VfBStuttgart_BorussiaDortmund,2026-27,4,2026-09-19,2026-09-19T16:30:00+00:00,VfB Stuttgart,Borussia Dortmund,pinnacle,h2h,,,,2.46,3.72,2.79,,,,,,,,,,,,current,,decimal,2026-09-18T10:07:44Z,the-odds-api.com,https://api.the-odds-api.com/v4/sports/soccer_germany_bundesliga/odds/,False,True,live,2026-09-18,Real current decimal odds from The Odds API. Opening/closing snapshots are not available on the free tier and are intentionally left blank.
BUNDESLIGA2627_MW04_035_VfBStuttgart_BorussiaDortmund,2026-27,4,2026-09-19,2026-09-19T16:30:00+00:00,VfB Stuttgart,Borussia Dortmund,smarkets,h2h,,,,2.52,3.95,2.76,,,,,,,,,,,,current,,decimal,2026-09-18T10:07:47Z,the-odds-api.com,https://api.the-odds-api.com/v4/sports/soccer_germany_bundesliga/odds/,False,True,live,2026-09-18,Real current decimal odds from The Odds API. Opening/closing snapshots are not available on the free tier and are intentionally left blank.
BUNDESLIGA2627_MW04_035_VfBStuttgart_BorussiaDortmund,2026-27,4,2026-09-19,2026-09-19T16:30:00+00:00,VfB Stuttgart,Borussia Dortmund,ladbrokes_uk,h2h,,,,2.37,3.75,2.7,,,,,,,,,,,,current,,decimal,2026-09-18T10:07:01Z,the-odds-api.com,https://api.the-odds-api.com/v4/sports/soccer_germany_bundesliga/odds/,False,True,live,2026-09-18,Real current decimal odds from The Odds API. Opening/closing snapshots are not available on the free tier and are intentionally left blank.
BUNDESLIGA2627_MW04_035_VfBStuttgart_BorussiaDortmund,2026-27,4,2026-09-19,2026-09-19T16:30:00+00:00,VfB Stuttgart,Borussia Dortmund,betmgm,h2h,,,,2.35,3.75,2.7,,,,,,,,,,,,current,,decimal,2026-09-18T10:07:21Z,the-odds-api.com,https://api.the-odds-api.com/v4/sports/soccer_germany_bundesliga/odds/,False,True,live,2026-09-18,Real current decimal odds from The Odds API. Opening/closing snapshots are not available on the free tier and are intentionally left blank.
BUNDESLIGA2627_MW04_035_VfBStuttgart_BorussiaDortmund,2026-27,4,2026-09-19,2026-09-19T16:30:00+00:00,VfB Stuttgart,Borussia Dortmund,coral,h2h,,,,2.37,3.75,2.7,,,,,,,,,,,,current,,decimal,2026-09-18T10:07:21Z,the-odds-api.com,https://api.the-odds-api.com/v4/sports/soccer_germany_bundesliga/odds/,False,True,live,2026-09-18,Real current decimal odds from The Odds API. Opening/closing snapshots are not available on the free tier and are intentionally left blank.
BUNDESLIGA2627_MW04_035_VfBStuttgart_BorussiaDortmund,2026-27,4,2026-09-19,2026-09-19T16:30:00+00:00,VfB Stuttgart,Borussia Dortmund,draftkings,h2h,,,,2.35,3.6,2.7,,,,,,,,,,,,current,,decimal,2026-09-18T10:05:54Z,the-odds-api.com,https://api.the-odds-api.com/v4/sports/soccer_germany_bundesliga/odds/,False,True,live,2026-09-18,Real current decimal odds from The Odds API. Opening/closing snapshots are not available on the free tier and are intentionally left blank.
BUNDESLIGA2627_MW04_035_VfBStuttgart_BorussiaDortmund,2026-27,4,2026-09-19,2026-09-19T16:30:00+00:00,VfB Stuttgart,Borussia Dortmund,bovada,h2h,,,,2.42,3.65,2.74,,,,,,,,,,,,current,,decimal,2026-09-18T10:07:50Z,the-odds-api.com,https://api.the-odds-api.com/v4/sports/soccer_germany_bundesliga/odds/,False,True,live,2026-09-18,Real current decimal odds from The Odds API. Opening/closing snapshots are not available on the free tier and are intentionally left blank.
BUNDESLIGA2627_MW04_035_VfBStuttgart_BorussiaDortmund,2026-27,4,2026-09-19,2026-09-19T16:30:00+00:00,VfB Stuttgart,Borussia Dortmund,boylesports,h2h,,,,2.15,3.6,2.5,,,,,,,,,,,,current,,decimal,2026-09-18T10:06:39Z,the-odds-api.com,https://api.the-odds-api.com/v4/sports/soccer_germany_bundesliga/odds/,False,True,live,2026-09-18,Real current decimal odds from The Odds API. Opening/closing snapshots are not available on the free tier and are intentionally left blank.
BUNDESLIGA2627_MW04_035_VfBStuttgart_BorussiaDortmund,2026-27,4,2026-09-19,2026-09-19T16:30:00+00:00,VfB Stuttgart,Borussia Dortmund,unibet_nl,h2h,,,,2.3,4.0,2.9,,,,,,,,,,,,current,,decimal,2026-09-18T10:07:22Z,the-odds-api.com,https://api.the-odds-api.com/v4/sports/soccer_germany_bundesliga/odds/,False,True,live,2026-09-18,Real current decimal odds from The Odds API. Opening/closing snapshots are not available on the free tier and are intentionally left blank.
BUNDESLIGA2627_MW04_035_VfBStuttgart_BorussiaDortmund,2026-27,4,2026-09-19,2026-09-19T16:30:00+00:00,VfB Stuttgart,Borussia Dortmund,casumo,h2h,,,,2.23,3.8,2.75,,,,,,,,,,,,current,,decimal,2026-09-18T10:07:47Z,the-odds-api.com,https://api.the-odds-api.com/v4/sports/soccer_germany_bundesliga/odds/,False,True,live,2026-09-18,Real current decimal odds from The Odds API. Opening/closing snapshots are not available on the free tier and are intentionally left blank.
BUNDESLIGA2627_MW04_035_VfBStuttgart_BorussiaDortmund,2026-27,4,2026-09-19,2026-09-19T16:30:00+00:00,VfB Stuttgart,Borussia Dortmund,virginbet,h2h,,,,2.17,3.7,2.65,,,,,,,,,,,,current,,decimal,2026-09-18T10:07:29Z,the-odds-api.com,https://api.the-odds-api.com/v4/sports/soccer_germany_bundesliga/odds/,False,True,live,2026-09-18,Real current decimal odds from The Odds API. Opening/closing snapshots are not available on the free tier and are intentionally left blank.
BUNDESLIGA2627_MW04_035_VfBStuttgart_BorussiaDortmund,2026-27,4,2026-09-19,2026-09-19T16:30:00+00:00,VfB Stuttgart,Borussia Dortmund,pmu_fr,h2h,,,,2.2,3.75,2.75,,,,,,,,,,,,current,,decimal,2026-09-18T10:07:01Z,the-odds-api.com,https://api.the-odds-api.com/v4/sports/soccer_germany_bundesliga/odds/,False,True,live,2026-09-18,Real current decimal odds from The Odds API. Opening/closing snapshots are not available on the free tier and are intentionally left blank.
BUNDESLIGA2627_MW04_035_VfBStuttgart_BorussiaDortmund,2026-27,4,2026-09-19,2026-09-19T16:30:00+00:00,VfB Stuttgart,Borussia Dortmund,leovegas_se,h2h,,,,2.2,3.75,2.75,,,,,,,,,,,,current,,decimal,2026-09-18T10:07:00Z,the-odds-api.com,https://api.the-odds-api.com/v4/sports/soccer_germany_bundesliga/odds/,False,True,live,2026-09-18,Real current decimal odds from The Odds API. Opening/closing snapshots are not available on the free tier and are intentionally left blank.
BUNDESLIGA2627_MW04_035_VfBStuttgart_BorussiaDortmund,2026-27,4,2026-09-19,2026-09-19T16:30:00+00:00,VfB Stuttgart,Borussia Dortmund,grosvenor,h2h,,,,2.25,3.9,2.8,,,,,,,,,,,,current,,decimal,2026-09-18T10:07:01Z,the-odds-api.com,https://api.the-odds-api.com/v4/sports/soccer_germany_bundesliga/odds/,False,True,live,2026-09-18,Real current decimal odds from The Odds API. Opening/closing snapshots are not available on the free tier and are intentionally left blank.
BUNDESLIGA2627_MW04_035_VfBStuttgart_BorussiaDortmund,2026-27,4,2026-09-19,2026-09-19T16:30:00+00:00,VfB Stuttgart,Borussia Dortmund,livescorebet,h2h,,,,2.17,3.7,2.65,,,,,,,,,,,,current,,decimal,2026-09-18T10:07:21Z,the-odds-api.com,https://api.the-odds-api.com/v4/sports/soccer_germany_bundesliga/odds/,False,True,live,2026-09-18,Real current decimal odds from The Odds API. Opening/closing snapshots are not available on the free tier and are intentionally left blank.
BUNDESLIGA2627_MW04_035_VfBStuttgart_BorussiaDortmund,2026-27,4,2026-09-19,2026-09-19T16:30:00+00:00,VfB Stuttgart,Borussia Dortmund,unibet_se,h2h,,,,2.3,4.0,2.9,,,,,,,,,,,,current,,decimal,2026-09-18T10:07:45Z,the-odds-api.com,https://api.the-odds-api.com/v4/sports/soccer_germany_bundesliga/odds/,False,True,live,2026-09-18,Real current decimal odds from The Odds API. Opening/closing snapshots are not available on the free tier and are intentionally left blank.
BUNDESLIGA2627_MW04_035_VfBStuttgart_BorussiaDortmund,2026-27,4,2026-09-19,2026-09-19T16:30:00+00:00,VfB Stuttgart,Borussia Dortmund,betrivers,h2h,,,,2.23,3.8,2.75,,,,,,,,,,,,current,,decimal,2026-09-18T10:07:44Z,the-odds-api.com,https://api.the-odds-api.com/v4/sports/soccer_germany_bundesliga/odds/,False,True,live,2026-09-18,Real current decimal odds from The Odds API. Opening/closing snapshots are not available on the free tier and are intentionally left blank.
BUNDESLIGA2627_MW04_035_VfBStuttgart_BorussiaDortmund,2026-27,4,2026-09-19,2026-09-19T16:30:00+00:00,VfB Stuttgart,Borussia Dortmund,suprabets,h2h,,,,2.34,3.5,2.65,,,,,,,,,,,,current,,decimal,2026-09-18T10:05:27Z,the-odds-api.com,https://api.the-odds-api.com/v4/sports/soccer_germany_bundesliga/odds/,False,True,live,2026-09-18,Real current decimal odds from The Odds API. Opening/closing snapshots are not available on the free tier and are intentionally left blank.
BUNDESLIGA2627_MW04_035_VfBStuttgart_BorussiaDortmund,2026-27,4,2026-09-19,2026-09-19T16:30:00+00:00,VfB Stuttgart,Borussia Dortmund,matchbook,h2h,,,,2.54,3.95,2.78,,,,,,,,,,,,current,,decimal,2026-09-18T10:07:46Z,the-odds-api.com,https://api.the-odds-api.com/v4/sports/soccer_germany_bundesliga/odds/,False,True,live,2026-09-18,Real current decimal odds from The Odds API. Opening/closing snapshots are not available on the free tier and are intentionally left blank.
BUNDESLIGA2627_MW04_035_VfBStuttgart_BorussiaDortmund,2026-27,4,2026-09-19,2026-09-19T16:30:00+00:00,VfB Stuttgart,Borussia Dortmund,betano_uk,h2h,,,,2.25,3.8,2.55,,,,,,,,,,,,current,,decimal,2026-09-18T10:06:25Z,the-odds-api.com,https://api.the-odds-api.com/v4/sports/soccer_germany_bundesliga/odds/,False,True,live,2026-09-18,Real current decimal odds from The Odds API. Opening/closing snapshots are not available on the free tier and are intentionally left blank.
BUNDESLIGA2627_MW04_035_VfBStuttgart_BorussiaDortmund,2026-27,4,2026-09-19,2026-09-19T16:30:00+00:00,VfB Stuttgart,Borussia Dortmund,betvictor,h2h,,,,2.25,3.8,2.55,,,,,,,,,,,,current,,decimal,2026-09-18T10:06:09Z,the-odds-api.com,https://api.the-odds-api.com/v4/sports/soccer_germany_bundesliga/odds/,False,True,live,2026-09-18,Real current decimal odds from The Odds API. Opening/closing snapshots are not available on the free tier and are intentionally left blank.
BUNDESLIGA2627_MW04_035_VfBStuttgart_BorussiaDortmund,2026-27,4,2026-09-19,2026-09-19T16:30:00+00:00,VfB Stuttgart,Borussia Dortmund,gtbets,h2h,,,,2.28,3.86,2.84,,,,,,,,,,,,current,,decimal,2026-09-18T10:07:45Z,the-odds-api.com,https://api.the-odds-api.com/v4/sports/soccer_germany_bundesliga/odds/,False,True,live,2026-09-18,Real current decimal odds from The Odds API. Opening/closing snapshots are not available on the free tier and are intentionally left blank.
BUNDESLIGA2627_MW04_035_VfBStuttgart_BorussiaDortmund,2026-27,4,2026-09-19,2026-09-19T16:30:00+00:00,VfB Stuttgart,Borussia Dortmund,everygame,h2h,,,,2.35,3.5,2.65,,,,,,,,,,,,current,,decimal,2026-09-18T10:06:27Z,the-odds-api.com,https://api.the-odds-api.com/v4/sports/soccer_germany_bundesliga/odds/,False,True,live,2026-09-18,Real current decimal odds from The Odds API. Opening/closing snapshots are not available on the free tier and are intentionally left blank.
BUNDESLIGA2627_MW04_035_VfBStuttgart_BorussiaDortmund,2026-27,4,2026-09-19,2026-09-19T16:30:00+00:00,VfB Stuttgart,Borussia Dortmund,betus,h2h,,,,2.42,3.65,2.74,,,,,,,,,,,,current,,decimal,2026-09-18T10:07:44Z,the-odds-api.com,https://api.the-odds-api.com/v4/sports/soccer_germany_bundesliga/odds/,False,True,live,2026-09-18,Real current decimal odds from The Odds API. Opening/closing snapshots are not available on the free tier and are intentionally left blank.
BUNDESLIGA2627_MW04_035_VfBStuttgart_BorussiaDortmund,2026-27,4,2026-09-19,2026-09-19T16:30:00+00:00,VfB Stuttgart,Borussia Dortmund,betonlineag,h2h,,,,2.4,3.8,2.82,,,,,,,,,,,,current,,decimal,2026-09-18T10:06:36Z,the-odds-api.com,https://api.the-odds-api.com/v4/sports/soccer_germany_bundesliga/odds/,False,True,live,2026-09-18,Real current decimal odds from The Odds API. Opening/closing snapshots are not available on the free tier and are intentionally left blank.
BUNDESLIGA2627_MW04_035_VfBStuttgart_BorussiaDortmund,2026-27,4,2026-09-19,2026-09-19T16:30:00+00:00,VfB Stuttgart,Borussia Dortmund,lowvig,h2h,,,,2.4,3.8,2.82,,,,,,,,,,,,current,,decimal,2026-09-18T10:07:22Z,the-odds-api.com,https://api.the-odds-api.com/v4/sports/soccer_germany_bundesliga/odds/,False,True,live,2026-09-18,Real current decimal odds from The Odds API. Opening/closing snapshots are not available on the free tier and are intentionally left blank.
BUNDESLIGA2627_MW04_035_VfBStuttgart_BorussiaDortmund,2026-27,4,2026-09-19,2026-09-19T16:30:00+00:00,VfB Stuttgart,Borussia Dortmund,coolbet,spreads,,,,,,,,,,-1.0,3.6,1.31,,,,,,current,,decimal,2026-09-18T10:07:24Z,the-odds-api.com,https://api.the-odds-api.com/v4/sports/soccer_germany_bundesliga/odds/,False,True,live,2026-09-18,Real current decimal odds from The Odds API. Opening/closing snapshots are not available on the free tier and are intentionally left blank.
BUNDESLIGA2627_MW04_035_VfBStuttgart_BorussiaDortmund,2026-27,4,2026-09-19,2026-09-19T16:30:00+00:00,VfB Stuttgart,Borussia Dortmund,onexbet,spreads,,,,,,,,,,0.0,1.85,2.1,,,,,,current,,decimal,2026-09-18T10:07:21Z,the-odds-api.com,https://api.the-odds-api.com/v4/sports/soccer_germany_bundesliga/odds/,False,True,live,2026-09-18,Real current decimal odds from The Odds API. Opening/closing snapshots are not available on the free tier and are intentionally left blank.
BUNDESLIGA2627_MW04_035_VfBStuttgart_BorussiaDortmund,2026-27,4,2026-09-19,2026-09-19T16:30:00+00:00,VfB Stuttgart,Borussia Dortmund,pinnacle,spreads,,,,,,,,,,0.0,1.83,2.09,,,,,,current,,decimal,2026-09-18T10:07:44Z,the-odds-api.com,https://api.the-odds-api.com/v4/sports/soccer_germany_bundesliga/odds/,False,True,live,2026-09-18,Real current decimal odds from The Odds API. Opening/closing snapshots are not available on the free tier and are intentionally left blank.
BUNDESLIGA2627_MW04_035_VfBStuttgart_BorussiaDortmund,2026-27,4,2026-09-19,2026-09-19T16:30:00+00:00,VfB Stuttgart,Borussia Dortmund,bovada,spreads,,,,,,,,,,0.0,1.8,2.05,,,,,,current,,decimal,2026-09-18T10:07:50Z,the-odds-api.com,https://api.the-odds-api.com/v4/sports/soccer_germany_bundesliga/odds/,False,True,live,2026-09-18,Real current decimal odds from The Odds API. Opening/closing snapshots are not available on the free tier and are intentionally left blank.
BUNDESLIGA2627_MW04_035_VfBStuttgart_BorussiaDortmund,2026-27,4,2026-09-19,2026-09-19T16:30:00+00:00,VfB Stuttgart,Borussia Dortmund,matchbook,spreads,,,,,,,,,,0.0,1.89,2.06,,,,,,current,,decimal,2026-09-18T10:07:46Z,the-odds-api.com,https://api.the-odds-api.com/v4/sports/soccer_germany_bundesliga/odds/,False,True,live,2026-09-18,Real current decimal odds from The Odds API. Opening/closing snapshots are not available on the free tier and are intentionally left blank.
BUNDESLIGA2627_MW04_035_VfBStuttgart_BorussiaDortmund,2026-27,4,2026-09-19,2026-09-19T16:30:00+00:00,VfB Stuttgart,Borussia Dortmund,gtbets,spreads,,,,,,,,,,-0.5,2.34,1.58,,,,,,current,,decimal,2026-09-18T10:07:45Z,the-odds-api.com,https://api.the-odds-api.com/v4/sports/soccer_germany_bundesliga/odds/,False,True,live,2026-09-18,Real current decimal odds from The Odds API. Opening/closing snapshots are not available on the free tier and are intentionally left blank.
BUNDESLIGA2627_MW04_035_VfBStuttgart_BorussiaDortmund,2026-27,4,2026-09-19,2026-09-19T16:30:00+00:00,VfB Stuttgart,Borussia Dortmund,betus,spreads,,,,,,,,,,0.0,1.77,2.1,,,,,,current,,decimal,2026-09-18T10:07:44Z,the-odds-api.com,https://api.the-odds-api.com/v4/sports/soccer_germany_bundesliga/odds/,False,True,live,2026-09-18,Real current decimal odds from The Odds API. Opening/closing snapshots are not available on the free tier and are intentionally left blank.
BUNDESLIGA2627_MW04_035_VfBStuttgart_BorussiaDortmund,2026-27,4,2026-09-19,2026-09-19T16:30:00+00:00,VfB Stuttgart,Borussia Dortmund,betonlineag,spreads,,,,,,,,,,0.0,1.77,2.08,,,,,,current,,decimal,2026-09-18T10:06:36Z,the-odds-api.com,https://api.the-odds-api.com/v4/sports/soccer_germany_bundesliga/odds/,False,True,live,2026-09-18,Real current decimal odds from The Odds API. Opening/closing snapshots are not available on the free tier and are intentionally left blank.
BUNDESLIGA2627_MW04_035_VfBStuttgart_BorussiaDortmund,2026-27,4,2026-09-19,2026-09-19T16:30:00+00:00,VfB Stuttgart,Borussia Dortmund,lowvig,spreads,,,,,,,,,,0.0,1.77,2.08,,,,,,current,,decimal,2026-09-18T10:07:22Z,the-odds-api.com,https://api.the-odds-api.com/v4/sports/soccer_germany_bundesliga/odds/,False,True,live,2026-09-18,Real current decimal odds from The Odds API. Opening/closing snapshots are not available on the free tier and are intentionally left blank.
BUNDESLIGA2627_MW04_035_VfBStuttgart_BorussiaDortmund,2026-27,4,2026-09-19,2026-09-19T16:30:00+00:00,VfB Stuttgart,Borussia Dortmund,leovegas,totals,,,,,,,,,,,,,3.5,1.92,1.8,,,current,,decimal,2026-09-18T10:07:01Z,the-odds-api.com,https://api.the-odds-api.com/v4/sports/soccer_germany_bundesliga/odds/,False,True,live,2026-09-18,Real current decimal odds from The Odds API. Opening/closing snapshots are not available on the free tier and are intentionally left blank.
BUNDESLIGA2627_MW04_035_VfBStuttgart_BorussiaDortmund,2026-27,4,2026-09-19,2026-09-19T16:30:00+00:00,VfB Stuttgart,Borussia Dortmund,coolbet,totals,,,,,,,,,,,,,3.5,2.04,1.85,,,current,,decimal,2026-09-18T10:07:24Z,the-odds-api.com,https://api.the-odds-api.com/v4/sports/soccer_germany_bundesliga/odds/,False,True,live,2026-09-18,Real current decimal odds from The Odds API. Opening/closing snapshots are not available on the free tier and are intentionally left blank.
BUNDESLIGA2627_MW04_035_VfBStuttgart_BorussiaDortmund,2026-27,4,2026-09-19,2026-09-19T16:30:00+00:00,VfB Stuttgart,Borussia Dortmund,onexbet,totals,,,,,,,,,,,,,3.5,2.02,1.92,,,current,,decimal,2026-09-18T10:07:21Z,the-odds-api.com,https://api.the-odds-api.com/v4/sports/soccer_germany_bundesliga/odds/,False,True,live,2026-09-18,Real current decimal odds from The Odds API. Opening/closing snapshots are not available on the free tier and are intentionally left blank.
BUNDESLIGA2627_MW04_035_VfBStuttgart_BorussiaDortmund,2026-27,4,2026-09-19,2026-09-19T16:30:00+00:00,VfB Stuttgart,Borussia Dortmund,williamhill,totals,,,,,,,,,,,,,2.5,1.36,3.0,,,current,,decimal,2026-09-18T10:07:21Z,the-odds-api.com,https://api.the-odds-api.com/v4/sports/soccer_germany_bundesliga/odds/,False,True,live,2026-09-18,Real current decimal odds from The Odds API. Opening/closing snapshots are not available on the free tier and are intentionally left blank.
BUNDESLIGA2627_MW04_035_VfBStuttgart_BorussiaDortmund,2026-27,4,2026-09-19,2026-09-19T16:30:00+00:00,VfB Stuttgart,Borussia Dortmund,codere_it,totals,,,,,,,,,,,,,3.5,1.91,1.77,,,current,,decimal,2026-09-18T10:07:44Z,the-odds-api.com,https://api.the-odds-api.com/v4/sports/soccer_germany_bundesliga/odds/,False,True,live,2026-09-18,Real current decimal odds from The Odds API. Opening/closing snapshots are not available on the free tier and are intentionally left blank.
BUNDESLIGA2627_MW04_035_VfBStuttgart_BorussiaDortmund,2026-27,4,2026-09-19,2026-09-19T16:30:00+00:00,VfB Stuttgart,Borussia Dortmund,tipico_de,totals,,,,,,,,,,,,,3.5,1.85,1.87,,,current,,decimal,2026-09-18T10:07:01Z,the-odds-api.com,https://api.the-odds-api.com/v4/sports/soccer_germany_bundesliga/odds/,False,True,live,2026-09-18,Real current decimal odds from The Odds API. Opening/closing snapshots are not available on the free tier and are intentionally left blank.
BUNDESLIGA2627_MW04_035_VfBStuttgart_BorussiaDortmund,2026-27,4,2026-09-19,2026-09-19T16:30:00+00:00,VfB Stuttgart,Borussia Dortmund,betsson,totals,,,,,,,,,,,,,2.5,1.4,3.0,,,current,,decimal,2026-09-18T10:07:21Z,the-odds-api.com,https://api.the-odds-api.com/v4/sports/soccer_germany_bundesliga/odds/,False,True,live,2026-09-18,Real current decimal odds from The Odds API. Opening/closing snapshots are not available on the free tier and are intentionally left blank.
BUNDESLIGA2627_MW04_035_VfBStuttgart_BorussiaDortmund,2026-27,4,2026-09-19,2026-09-19T16:30:00+00:00,VfB Stuttgart,Borussia Dortmund,nordicbet,totals,,,,,,,,,,,,,2.5,1.39,2.95,,,current,,decimal,2026-09-18T10:07:01Z,the-odds-api.com,https://api.the-odds-api.com/v4/sports/soccer_germany_bundesliga/odds/,False,True,live,2026-09-18,Real current decimal odds from The Odds API. Opening/closing snapshots are not available on the free tier and are intentionally left blank.
BUNDESLIGA2627_MW04_035_VfBStuttgart_BorussiaDortmund,2026-27,4,2026-09-19,2026-09-19T16:30:00+00:00,VfB Stuttgart,Borussia Dortmund,pinnacle,totals,,,,,,,,,,,,,3.5,2.0,1.89,,,current,,decimal,2026-09-18T10:07:44Z,the-odds-api.com,https://api.the-odds-api.com/v4/sports/soccer_germany_bundesliga/odds/,False,True,live,2026-09-18,Real current decimal odds from The Odds API. Opening/closing snapshots are not available on the free tier and are intentionally left blank.
BUNDESLIGA2627_MW04_035_VfBStuttgart_BorussiaDortmund,2026-27,4,2026-09-19,2026-09-19T16:30:00+00:00,VfB Stuttgart,Borussia Dortmund,betmgm,totals,,,,,,,,,,,,,3.5,1.93,1.77,,,current,,decimal,2026-09-18T10:07:21Z,the-odds-api.com,https://api.the-odds-api.com/v4/sports/soccer_germany_bundesliga/odds/,False,True,live,2026-09-18,Real current decimal odds from The Odds API. Opening/closing snapshots are not available on the free tier and are intentionally left blank.
BUNDESLIGA2627_MW04_035_VfBStuttgart_BorussiaDortmund,2026-27,4,2026-09-19,2026-09-19T16:30:00+00:00,VfB Stuttgart,Borussia Dortmund,bovada,totals,,,,,,,,,,,,,3.5,1.95,1.87,,,current,,decimal,2026-09-18T10:07:50Z,the-odds-api.com,https://api.the-odds-api.com/v4/sports/soccer_germany_bundesliga/odds/,False,True,live,2026-09-18,Real current decimal odds from The Odds API. Opening/closing snapshots are not available on the free tier and are intentionally left blank.
BUNDESLIGA2627_MW04_035_VfBStuttgart_BorussiaDortmund,2026-27,4,2026-09-19,2026-09-19T16:30:00+00:00,VfB Stuttgart,Borussia Dortmund,unibet_nl,totals,,,,,,,,,,,,,3.5,1.93,1.83,,,current,,decimal,2026-09-18T10:07:22Z,the-odds-api.com,https://api.the-odds-api.com/v4/sports/soccer_germany_bundesliga/odds/,False,True,live,2026-09-18,Real current decimal odds from The Odds API. Opening/closing snapshots are not available on the free tier and are intentionally left blank.
BUNDESLIGA2627_MW04_035_VfBStuttgart_BorussiaDortmund,2026-27,4,2026-09-19,2026-09-19T16:30:00+00:00,VfB Stuttgart,Borussia Dortmund,casumo,totals,,,,,,,,,,,,,3.5,1.93,1.83,,,current,,decimal,2026-09-18T10:07:47Z,the-odds-api.com,https://api.the-odds-api.com/v4/sports/soccer_germany_bundesliga/odds/,False,True,live,2026-09-18,Real current decimal odds from The Odds API. Opening/closing snapshots are not available on the free tier and are intentionally left blank.
BUNDESLIGA2627_MW04_035_VfBStuttgart_BorussiaDortmund,2026-27,4,2026-09-19,2026-09-19T16:30:00+00:00,VfB Stuttgart,Borussia Dortmund,pmu_fr,totals,,,,,,,,,,,,,3.5,1.83,1.73,,,current,,decimal,2026-09-18T10:07:01Z,the-odds-api.com,https://api.the-odds-api.com/v4/sports/soccer_germany_bundesliga/odds/,False,True,live,2026-09-18,Real current decimal odds from The Odds API. Opening/closing snapshots are not available on the free tier and are intentionally left blank.
BUNDESLIGA2627_MW04_035_VfBStuttgart_BorussiaDortmund,2026-27,4,2026-09-19,2026-09-19T16:30:00+00:00,VfB Stuttgart,Borussia Dortmund,leovegas_se,totals,,,,,,,,,,,,,3.5,1.95,1.85,,,current,,decimal,2026-09-18T10:07:00Z,the-odds-api.com,https://api.the-odds-api.com/v4/sports/soccer_germany_bundesliga/odds/,False,True,live,2026-09-18,Real current decimal odds from The Odds API. Opening/closing snapshots are not available on the free tier and are intentionally left blank.
BUNDESLIGA2627_MW04_035_VfBStuttgart_BorussiaDortmund,2026-27,4,2026-09-19,2026-09-19T16:30:00+00:00,VfB Stuttgart,Borussia Dortmund,grosvenor,totals,,,,,,,,,,,,,3.5,1.93,1.83,,,current,,decimal,2026-09-18T10:07:01Z,the-odds-api.com,https://api.the-odds-api.com/v4/sports/soccer_germany_bundesliga/odds/,False,True,live,2026-09-18,Real current decimal odds from The Odds API. Opening/closing snapshots are not available on the free tier and are intentionally left blank.
BUNDESLIGA2627_MW04_035_VfBStuttgart_BorussiaDortmund,2026-27,4,2026-09-19,2026-09-19T16:30:00+00:00,VfB Stuttgart,Borussia Dortmund,unibet_se,totals,,,,,,,,,,,,,3.5,1.95,1.85,,,current,,decimal,2026-09-18T10:07:45Z,the-odds-api.com,https://api.the-odds-api.com/v4/sports/soccer_germany_bundesliga/odds/,False,True,live,2026-09-18,Real current decimal odds from The Odds API. Opening/closing snapshots are not available on the free tier and are intentionally left blank.
BUNDESLIGA2627_MW04_035_VfBStuttgart_BorussiaDortmund,2026-27,4,2026-09-19,2026-09-19T16:30:00+00:00,VfB Stuttgart,Borussia Dortmund,betrivers,totals,,,,,,,,,,,,,3.5,1.93,1.83,,,current,,decimal,2026-09-18T10:07:44Z,the-odds-api.com,https://api.the-odds-api.com/v4/sports/soccer_germany_bundesliga/odds/,False,True,live,2026-09-18,Real current decimal odds from The Odds API. Opening/closing snapshots are not available on the free tier and are intentionally left blank.
BUNDESLIGA2627_MW04_035_VfBStuttgart_BorussiaDortmund,2026-27,4,2026-09-19,2026-09-19T16:30:00+00:00,VfB Stuttgart,Borussia Dortmund,matchbook,totals,,,,,,,,,,,,,3.5,2.04,1.92,,,current,,decimal,2026-09-18T10:07:46Z,the-odds-api.com,https://api.the-odds-api.com/v4/sports/soccer_germany_bundesliga/odds/,False,True,live,2026-09-18,Real current decimal odds from The Odds API. Opening/closing snapshots are not available on the free tier and are intentionally left blank.
BUNDESLIGA2627_MW04_035_VfBStuttgart_BorussiaDortmund,2026-27,4,2026-09-19,2026-09-19T16:30:00+00:00,VfB Stuttgart,Borussia Dortmund,gtbets,totals,,,,,,,,,,,,,3.5,1.96,1.82,,,current,,decimal,2026-09-18T10:07:45Z,the-odds-api.com,https://api.the-odds-api.com/v4/sports/soccer_germany_bundesliga/odds/,False,True,live,2026-09-18,Real current decimal odds from The Odds API. Opening/closing snapshots are not available on the free tier and are intentionally left blank.
BUNDESLIGA2627_MW04_035_VfBStuttgart_BorussiaDortmund,2026-27,4,2026-09-19,2026-09-19T16:30:00+00:00,VfB Stuttgart,Borussia Dortmund,betus,totals,,,,,,,,,,,,,3.5,1.93,1.89,,,current,,decimal,2026-09-18T10:07:44Z,the-odds-api.com,https://api.the-odds-api.com/v4/sports/soccer_germany_bundesliga/odds/,False,True,live,2026-09-18,Real current decimal odds from The Odds API. Opening/closing snapshots are not available on the free tier and are intentionally left blank.
BUNDESLIGA2627_MW04_035_VfBStuttgart_BorussiaDortmund,2026-27,4,2026-09-19,2026-09-19T16:30:00+00:00,VfB Stuttgart,Borussia Dortmund,betonlineag,totals,,,,,,,,,,,,,3.5,1.93,1.89,,,current,,decimal,2026-09-18T10:06:36Z,the-odds-api.com,https://api.the-odds-api.com/v4/sports/soccer_germany_bundesliga/odds/,False,True,live,2026-09-18,Real current decimal odds from The Odds API. Opening/closing snapshots are not available on the free tier and are intentionally left blank.
BUNDESLIGA2627_MW04_035_VfBStuttgart_BorussiaDortmund,2026-27,4,2026-09-19,2026-09-19T16:30:00+00:00,VfB Stuttgart,Borussia Dortmund,lowvig,totals,,,,,,,,,,,,,3.5,1.93,1.89,,,current,,decimal,2026-09-18T10:07:22Z,the-odds-api.com,https://api.the-odds-api.com/v4/sports/soccer_germany_bundesliga/odds/,False,True,live,2026-09-18,Real current decimal odds from The Odds API. Opening/closing snapshots are not available on the free tier and are intentionally left blank.
BUNDESLIGA2627_MW04_034_Bayer04Leverkusen_RBLeipzig,2026-27,4,2026-09-20,2026-09-20T13:30:00+00:00,Bayer 04 Leverkusen,RB Leipzig,,h2h,,,,,,,,,,,,,,,,,,unknown,,decimal,2026-09-18T10:07:51+00:00,none_available,,False,False,unavailable,2026-09-18,"The Odds API is configured and reachable, but has not yet posted this market for this fixture (bookmakers open different markets at different times before kickoff) -- genuinely unavailable, not a collector failure."
BUNDESLIGA2627_MW04_034_Bayer04Leverkusen_RBLeipzig,2026-27,4,2026-09-20,2026-09-20T13:30:00+00:00,Bayer 04 Leverkusen,RB Leipzig,,spreads,,,,,,,,,,,,,,,,,,unknown,,decimal,2026-09-18T10:07:51+00:00,none_available,,False,False,unavailable,2026-09-18,"The Odds API is configured and reachable, but has not yet posted this market for this fixture (bookmakers open different markets at different times before kickoff) -- genuinely unavailable, not a collector failure."
BUNDESLIGA2627_MW04_034_Bayer04Leverkusen_RBLeipzig,2026-27,4,2026-09-20,2026-09-20T13:30:00+00:00,Bayer 04 Leverkusen,RB Leipzig,,totals,,,,,,,,,,,,,,,,,,unknown,,decimal,2026-09-18T10:07:51+00:00,none_available,,False,False,unavailable,2026-09-18,"The Odds API is configured and reachable, but has not yet posted this market for this fixture (bookmakers open different markets at different times before kickoff) -- genuinely unavailable, not a collector failure."
BUNDESLIGA2627_MW04_029_FCSchalke04_SVElversberg,2026-27,4,2026-09-20,2026-09-20T15:30:00+00:00,FC Schalke 04,SV Elversberg,unibet_uk,h2h,,,,2.05,3.7,3.3,,,,,,,,,,,,current,,decimal,2026-09-18T10:07:47Z,the-odds-api.com,https://api.the-odds-api.com/v4/sports/soccer_germany_bundesliga/odds/,False,True,live,2026-09-18,Real current decimal odds from The Odds API. Opening/closing snapshots are not available on the free tier and are intentionally left blank.
BUNDESLIGA2627_MW04_029_FCSchalke04_SVElversberg,2026-27,4,2026-09-20,2026-09-20T15:30:00+00:00,FC Schalke 04,SV Elversberg,sport888,h2h,,,,2.0,3.75,3.1,,,,,,,,,,,,current,,decimal,2026-09-18T10:07:46Z,the-odds-api.com,https://api.the-odds-api.com/v4/sports/soccer_germany_bundesliga/odds/,False,True,live,2026-09-18,Real current decimal odds from The Odds API. Opening/closing snapshots are not available on the free tier and are intentionally left blank.
BUNDESLIGA2627_MW04_029_FCSchalke04_SVElversberg,2026-27,4,2026-09-20,2026-09-20T15:30:00+00:00,FC Schalke 04,SV Elversberg,betfred_uk,h2h,,,,2.05,3.75,3.3,,,,,,,,,,,,current,,decimal,2026-09-18T10:07:44Z,the-odds-api.com,https://api.the-odds-api.com/v4/sports/soccer_germany_bundesliga/odds/,False,True,live,2026-09-18,Real current decimal odds from The Odds API. Opening/closing snapshots are not available on the free tier and are intentionally left blank.
BUNDESLIGA2627_MW04_029_FCSchalke04_SVElversberg,2026-27,4,2026-09-20,2026-09-20T15:30:00+00:00,FC Schalke 04,SV Elversberg,williamhill,h2h,,,,2.0,3.75,3.1,,,,,,,,,,,,current,,decimal,2026-09-18T10:07:21Z,the-odds-api.com,https://api.the-odds-api.com/v4/sports/soccer_germany_bundesliga/odds/,False,True,live,2026-09-18,Real current decimal odds from The Odds API. Opening/closing snapshots are not available on the free tier and are intentionally left blank.
BUNDESLIGA2627_MW04_029_FCSchalke04_SVElversberg,2026-27,4,2026-09-20,2026-09-20T15:30:00+00:00,FC Schalke 04,SV Elversberg,leovegas,h2h,,,,2.05,3.6,3.25,,,,,,,,,,,,current,,decimal,2026-09-18T10:07:01Z,the-odds-api.com,https://api.the-odds-api.com/v4/sports/soccer_germany_bundesliga/odds/,False,True,live,2026-09-18,Real current decimal odds from The Odds API. Opening/closing snapshots are not available on the free tier and are intentionally left blank.
BUNDESLIGA2627_MW04_029_FCSchalke04_SVElversberg,2026-27,4,2026-09-20,2026-09-20T15:30:00+00:00,FC Schalke 04,SV Elversberg,winamax_de,h2h,,,,2.0,3.65,3.35,,,,,,,,,,,,current,,decimal,2026-09-18T10:07:46Z,the-odds-api.com,https://api.the-odds-api.com/v4/sports/soccer_germany_bundesliga/odds/,False,True,live,2026-09-18,Real current decimal odds from The Odds API. Opening/closing snapshots are not available on the free tier and are intentionally left blank.
BUNDESLIGA2627_MW04_029_FCSchalke04_SVElversberg,2026-27,4,2026-09-20,2026-09-20T15:30:00+00:00,FC Schalke 04,SV Elversberg,winamax_fr,h2h,,,,2.0,3.6,3.25,,,,,,,,,,,,current,,decimal,2026-09-18T10:07:45Z,the-odds-api.com,https://api.the-odds-api.com/v4/sports/soccer_germany_bundesliga/odds/,False,True,live,2026-09-18,Real current decimal odds from The Odds API. Opening/closing snapshots are not available on the free tier and are intentionally left blank.
BUNDESLIGA2627_MW04_029_FCSchalke04_SVElversberg,2026-27,4,2026-09-20,2026-09-20T15:30:00+00:00,FC Schalke 04,SV Elversberg,betclic_fr,h2h,,,,1.95,3.68,3.28,,,,,,,,,,,,current,,decimal,2026-09-18T10:05:43Z,the-odds-api.com,https://api.the-odds-api.com/v4/sports/soccer_germany_bundesliga/odds/,False,True,live,2026-09-18,Real current decimal odds from The Odds API. Opening/closing snapshots are not available on the free tier and are intentionally left blank.
BUNDESLIGA2627_MW04_029_FCSchalke04_SVElversberg,2026-27,4,2026-09-20,2026-09-20T15:30:00+00:00,FC Schalke 04,SV Elversberg,onexbet,h2h,,,,2.11,3.74,3.65,,,,,,,,,,,,current,,decimal,2026-09-18T10:07:21Z,the-odds-api.com,https://api.the-odds-api.com/v4/sports/soccer_germany_bundesliga/odds/,False,True,live,2026-09-18,Real current decimal odds from The Odds API. Opening/closing snapshots are not available on the free tier and are intentionally left blank.
BUNDESLIGA2627_MW04_029_FCSchalke04_SVElversberg,2026-27,4,2026-09-20,2026-09-20T15:30:00+00:00,FC Schalke 04,SV Elversberg,unibet_fr,h2h,,,,1.93,3.6,3.3,,,,,,,,,,,,current,,decimal,2026-09-18T10:07:44Z,the-odds-api.com,https://api.the-odds-api.com/v4/sports/soccer_germany_bundesliga/odds/,False,True,live,2026-09-18,Real current decimal odds from The Odds API. Opening/closing snapshots are not available on the free tier and are intentionally left blank.
BUNDESLIGA2627_MW04_029_FCSchalke04_SVElversberg,2026-27,4,2026-09-20,2026-09-20T15:30:00+00:00,FC Schalke 04,SV Elversberg,codere_it,h2h,,,,2.06,3.75,3.35,,,,,,,,,,,,current,,decimal,2026-09-18T10:07:44Z,the-odds-api.com,https://api.the-odds-api.com/v4/sports/soccer_germany_bundesliga/odds/,False,True,live,2026-09-18,Real current decimal odds from The Odds API. Opening/closing snapshots are not available on the free tier and are intentionally left blank.
BUNDESLIGA2627_MW04_029_FCSchalke04_SVElversberg,2026-27,4,2026-09-20,2026-09-20T15:30:00+00:00,FC Schalke 04,SV Elversberg,coolbet,h2h,,,,2.14,3.47,3.6,,,,,,,,,,,,current,,decimal,2026-09-18T10:07:24Z,the-odds-api.com,https://api.the-odds-api.com/v4/sports/soccer_germany_bundesliga/odds/,False,True,live,2026-09-18,Real current decimal odds from The Odds API. Opening/closing snapshots are not available on the free tier and are intentionally left blank.
BUNDESLIGA2627_MW04_029_FCSchalke04_SVElversberg,2026-27,4,2026-09-20,2026-09-20T15:30:00+00:00,FC Schalke 04,SV Elversberg,tipico_de,h2h,,,,2.0,3.6,3.6,,,,,,,,,,,,current,,decimal,2026-09-18T10:07:01Z,the-odds-api.com,https://api.the-odds-api.com/v4/sports/soccer_germany_bundesliga/odds/,False,True,live,2026-09-18,Real current decimal odds from The Odds API. Opening/closing snapshots are not available on the free tier and are intentionally left blank.
BUNDESLIGA2627_MW04_029_FCSchalke04_SVElversberg,2026-27,4,2026-09-20,2026-09-20T15:30:00+00:00,FC Schalke 04,SV Elversberg,skybet,h2h,,,,2.0,3.5,3.4,,,,,,,,,,,,current,,decimal,2026-09-18T10:07:44Z,the-odds-api.com,https://api.the-odds-api.com/v4/sports/soccer_germany_bundesliga/odds/,False,True,live,2026-09-18,Real current decimal odds from The Odds API. Opening/closing snapshots are not available on the free tier and are intentionally left blank.
BUNDESLIGA2627_MW04_029_FCSchalke04_SVElversberg,2026-27,4,2026-09-20,2026-09-20T15:30:00+00:00,FC Schalke 04,SV Elversberg,paddypower,h2h,,,,2.0,3.5,3.5,,,,,,,,,,,,current,,decimal,2026-09-18T10:06:36Z,the-odds-api.com,https://api.the-odds-api.com/v4/sports/soccer_germany_bundesliga/odds/,False,True,live,2026-09-18,Real current decimal odds from The Odds API. Opening/closing snapshots are not available on the free tier and are intentionally left blank.
BUNDESLIGA2627_MW04_029_FCSchalke04_SVElversberg,2026-27,4,2026-09-20,2026-09-20T15:30:00+00:00,FC Schalke 04,SV Elversberg,fanduel,h2h,,,,2.0,3.6,3.5,,,,,,,,,,,,current,,decimal,2026-09-18T10:07:45Z,the-odds-api.com,https://api.the-odds-api.com/v4/sports/soccer_germany_bundesliga/odds/,False,True,live,2026-09-18,Real current decimal odds from The Odds API. Opening/closing snapshots are not available on the free tier and are intentionally left blank.
BUNDESLIGA2627_MW04_029_FCSchalke04_SVElversberg,2026-27,4,2026-09-20,2026-09-20T15:30:00+00:00,FC Schalke 04,SV Elversberg,betsson,h2h,,,,2.02,3.6,3.45,,,,,,,,,,,,current,,decimal,2026-09-18T10:07:21Z,the-odds-api.com,https://api.the-odds-api.com/v4/sports/soccer_germany_bundesliga/odds/,False,True,live,2026-09-18,Real current decimal odds from The Odds API. Opening/closing snapshots are not available on the free tier and are intentionally left blank.
BUNDESLIGA2627_MW04_029_FCSchalke04_SVElversberg,2026-27,4,2026-09-20,2026-09-20T15:30:00+00:00,FC Schalke 04,SV Elversberg,nordicbet,h2h,,,,2.02,3.6,3.45,,,,,,,,,,,,current,,decimal,2026-09-18T10:07:01Z,the-odds-api.com,https://api.the-odds-api.com/v4/sports/soccer_germany_bundesliga/odds/,False,True,live,2026-09-18,Real current decimal odds from The Odds API. Opening/closing snapshots are not available on the free tier and are intentionally left blank.
BUNDESLIGA2627_MW04_029_FCSchalke04_SVElversberg,2026-27,4,2026-09-20,2026-09-20T15:30:00+00:00,FC Schalke 04,SV Elversberg,betfair_ex_uk,h2h,,,,2.1,3.85,3.7,,,,,,,,,,,,current,,decimal,2026-09-18T10:07:45Z,the-odds-api.com,https://api.the-odds-api.com/v4/sports/soccer_germany_bundesliga/odds/,False,True,live,2026-09-18,Real current decimal odds from The Odds API. Opening/closing snapshots are not available on the free tier and are intentionally left blank.
BUNDESLIGA2627_MW04_029_FCSchalke04_SVElversberg,2026-27,4,2026-09-20,2026-09-20T15:30:00+00:00,FC Schalke 04,SV Elversberg,betfair_ex_eu,h2h,,,,2.1,3.85,3.7,,,,,,,,,,,,current,,decimal,2026-09-18T10:07:46Z,the-odds-api.com,https://api.the-odds-api.com/v4/sports/soccer_germany_bundesliga/odds/,False,True,live,2026-09-18,Real current decimal odds from The Odds API. Opening/closing snapshots are not available on the free tier and are intentionally left blank.
BUNDESLIGA2627_MW04_029_FCSchalke04_SVElversberg,2026-27,4,2026-09-20,2026-09-20T15:30:00+00:00,FC Schalke 04,SV Elversberg,marathonbet,h2h,,,,2.05,3.64,3.56,,,,,,,,,,,,current,,decimal,2026-09-18T10:07:49Z,the-odds-api.com,https://api.the-odds-api.com/v4/sports/soccer_germany_bundesliga/odds/,False,True,live,2026-09-18,Real current decimal odds from The Odds API. Opening/closing snapshots are not available on the free tier and are intentionally left blank.
BUNDESLIGA2627_MW04_029_FCSchalke04_SVElversberg,2026-27,4,2026-09-20,2026-09-20T15:30:00+00:00,FC Schalke 04,SV Elversberg,coral,h2h,,,,2.05,3.75,3.3,,,,,,,,,,,,current,,decimal,2026-09-18T10:07:21Z,the-odds-api.com,https://api.the-odds-api.com/v4/sports/soccer_germany_bundesliga/odds/,False,True,live,2026-09-18,Real current decimal odds from The Odds API. Opening/closing snapshots are not available on the free tier and are intentionally left blank.
BUNDESLIGA2627_MW04_029_FCSchalke04_SVElversberg,2026-27,4,2026-09-20,2026-09-20T15:30:00+00:00,FC Schalke 04,SV Elversberg,ladbrokes_uk,h2h,,,,2.05,3.75,3.3,,,,,,,,,,,,current,,decimal,2026-09-18T10:07:01Z,the-odds-api.com,https://api.the-odds-api.com/v4/sports/soccer_germany_bundesliga/odds/,False,True,live,2026-09-18,Real current decimal odds from The Odds API. Opening/closing snapshots are not available on the free tier and are intentionally left blank.
BUNDESLIGA2627_MW04_029_FCSchalke04_SVElversberg,2026-27,4,2026-09-20,2026-09-20T15:30:00+00:00,FC Schalke 04,SV Elversberg,betmgm,h2h,,,,2.05,3.75,3.3,,,,,,,,,,,,current,,decimal,2026-09-18T10:07:21Z,the-odds-api.com,https://api.the-odds-api.com/v4/sports/soccer_germany_bundesliga/odds/,False,True,live,2026-09-18,Real current decimal odds from The Odds API. Opening/closing snapshots are not available on the free tier and are intentionally left blank.
BUNDESLIGA2627_MW04_029_FCSchalke04_SVElversberg,2026-27,4,2026-09-20,2026-09-20T15:30:00+00:00,FC Schalke 04,SV Elversberg,smarkets,h2h,,,,2.12,3.85,3.7,,,,,,,,,,,,current,,decimal,2026-09-18T10:07:47Z,the-odds-api.com,https://api.the-odds-api.com/v4/sports/soccer_germany_bundesliga/odds/,False,True,live,2026-09-18,Real current decimal odds from The Odds API. Opening/closing snapshots are not available on the free tier and are intentionally left blank.
BUNDESLIGA2627_MW04_029_FCSchalke04_SVElversberg,2026-27,4,2026-09-20,2026-09-20T15:30:00+00:00,FC Schalke 04,SV Elversberg,boylesports,h2h,,,,1.91,3.4,3.2,,,,,,,,,,,,current,,decimal,2026-09-18T10:06:39Z,the-odds-api.com,https://api.the-odds-api.com/v4/sports/soccer_germany_bundesliga/odds/,False,True,live,2026-09-18,Real current decimal odds from The Odds API. Opening/closing snapshots are not available on the free tier and are intentionally left blank.
BUNDESLIGA2627_MW04_029_FCSchalke04_SVElversberg,2026-27,4,2026-09-20,2026-09-20T15:30:00+00:00,FC Schalke 04,SV Elversberg,virginbet,h2h,,,,1.89,3.6,3.35,,,,,,,,,,,,current,,decimal,2026-09-18T10:07:29Z,the-odds-api.com,https://api.the-odds-api.com/v4/sports/soccer_germany_bundesliga/odds/,False,True,live,2026-09-18,Real current decimal odds from The Odds API. Opening/closing snapshots are not available on the free tier and are intentionally left blank.
BUNDESLIGA2627_MW04_029_FCSchalke04_SVElversberg,2026-27,4,2026-09-20,2026-09-20T15:30:00+00:00,FC Schalke 04,SV Elversberg,betrivers,h2h,,,,1.94,3.7,3.45,,,,,,,,,,,,current,,decimal,2026-09-18T10:07:44Z,the-odds-api.com,https://api.the-odds-api.com/v4/sports/soccer_germany_bundesliga/odds/,False,True,live,2026-09-18,Real current decimal odds from The Odds API. Opening/closing snapshots are not available on the free tier and are intentionally left blank.
BUNDESLIGA2627_MW04_029_FCSchalke04_SVElversberg,2026-27,4,2026-09-20,2026-09-20T15:30:00+00:00,FC Schalke 04,SV Elversberg,leovegas_se,h2h,,,,1.93,3.65,3.4,,,,,,,,,,,,current,,decimal,2026-09-18T10:07:00Z,the-odds-api.com,https://api.the-odds-api.com/v4/sports/soccer_germany_bundesliga/odds/,False,True,live,2026-09-18,Real current decimal odds from The Odds API. Opening/closing snapshots are not available on the free tier and are intentionally left blank.
BUNDESLIGA2627_MW04_029_FCSchalke04_SVElversberg,2026-27,4,2026-09-20,2026-09-20T15:30:00+00:00,FC Schalke 04,SV Elversberg,grosvenor,h2h,,,,1.96,3.8,3.5,,,,,,,,,,,,current,,decimal,2026-09-18T10:07:01Z,the-odds-api.com,https://api.the-odds-api.com/v4/sports/soccer_germany_bundesliga/odds/,False,True,live,2026-09-18,Real current decimal odds from The Odds API. Opening/closing snapshots are not available on the free tier and are intentionally left blank.
BUNDESLIGA2627_MW04_029_FCSchalke04_SVElversberg,2026-27,4,2026-09-20,2026-09-20T15:30:00+00:00,FC Schalke 04,SV Elversberg,unibet_se,h2h,,,,2.02,3.9,3.6,,,,,,,,,,,,current,,decimal,2026-09-18T10:07:45Z,the-odds-api.com,https://api.the-odds-api.com/v4/sports/soccer_germany_bundesliga/odds/,False,True,live,2026-09-18,Real current decimal odds from The Odds API. Opening/closing snapshots are not available on the free tier and are intentionally left blank.
BUNDESLIGA2627_MW04_029_FCSchalke04_SVElversberg,2026-27,4,2026-09-20,2026-09-20T15:30:00+00:00,FC Schalke 04,SV Elversberg,pmu_fr,h2h,,,,1.93,3.65,3.4,,,,,,,,,,,,current,,decimal,2026-09-18T10:07:01Z,the-odds-api.com,https://api.the-odds-api.com/v4/sports/soccer_germany_bundesliga/odds/,False,True,live,2026-09-18,Real current decimal odds from The Odds API. Opening/closing snapshots are not available on the free tier and are intentionally left blank.
BUNDESLIGA2627_MW04_029_FCSchalke04_SVElversberg,2026-27,4,2026-09-20,2026-09-20T15:30:00+00:00,FC Schalke 04,SV Elversberg,livescorebet,h2h,,,,1.89,3.6,3.35,,,,,,,,,,,,current,,decimal,2026-09-18T10:07:21Z,the-odds-api.com,https://api.the-odds-api.com/v4/sports/soccer_germany_bundesliga/odds/,False,True,live,2026-09-18,Real current decimal odds from The Odds API. Opening/closing snapshots are not available on the free tier and are intentionally left blank.
BUNDESLIGA2627_MW04_029_FCSchalke04_SVElversberg,2026-27,4,2026-09-20,2026-09-20T15:30:00+00:00,FC Schalke 04,SV Elversberg,unibet_nl,h2h,,,,2.02,3.9,3.6,,,,,,,,,,,,current,,decimal,2026-09-18T10:07:22Z,the-odds-api.com,https://api.the-odds-api.com/v4/sports/soccer_germany_bundesliga/odds/,False,True,live,2026-09-18,Real current decimal odds from The Odds API. Opening/closing snapshots are not available on the free tier and are intentionally left blank.
BUNDESLIGA2627_MW04_029_FCSchalke04_SVElversberg,2026-27,4,2026-09-20,2026-09-20T15:30:00+00:00,FC Schalke 04,SV Elversberg,casumo,h2h,,,,1.94,3.7,3.45,,,,,,,,,,,,current,,decimal,2026-09-18T10:07:47Z,the-odds-api.com,https://api.the-odds-api.com/v4/sports/soccer_germany_bundesliga/odds/,False,True,live,2026-09-18,Real current decimal odds from The Odds API. Opening/closing snapshots are not available on the free tier and are intentionally left blank.
BUNDESLIGA2627_MW04_029_FCSchalke04_SVElversberg,2026-27,4,2026-09-20,2026-09-20T15:30:00+00:00,FC Schalke 04,SV Elversberg,betway,h2h,,,,2.0,3.5,3.4,,,,,,,,,,,,current,,decimal,2026-09-18T10:07:22Z,the-odds-api.com,https://api.the-odds-api.com/v4/sports/soccer_germany_bundesliga/odds/,False,True,live,2026-09-18,Real current decimal odds from The Odds API. Opening/closing snapshots are not available on the free tier and are intentionally left blank.
BUNDESLIGA2627_MW04_029_FCSchalke04_SVElversberg,2026-27,4,2026-09-20,2026-09-20T15:30:00+00:00,FC Schalke 04,SV Elversberg,pinnacle,h2h,,,,2.07,3.62,3.63,,,,,,,,,,,,current,,decimal,2026-09-18T10:07:44Z,the-odds-api.com,https://api.the-odds-api.com/v4/sports/soccer_germany_bundesliga/odds/,False,True,live,2026-09-18,Real current decimal odds from The Odds API. Opening/closing snapshots are not available on the free tier and are intentionally left blank.
BUNDESLIGA2627_MW04_029_FCSchalke04_SVElversberg,2026-27,4,2026-09-20,2026-09-20T15:30:00+00:00,FC Schalke 04,SV Elversberg,bovada,h2h,,,,2.04,3.55,3.55,,,,,,,,,,,,current,,decimal,2026-09-18T10:07:50Z,the-odds-api.com,https://api.the-odds-api.com/v4/sports/soccer_germany_bundesliga/odds/,False,True,live,2026-09-18,Real current decimal odds from The Odds API. Opening/closing snapshots are not available on the free tier and are intentionally left blank.
BUNDESLIGA2627_MW04_029_FCSchalke04_SVElversberg,2026-27,4,2026-09-20,2026-09-20T15:30:00+00:00,FC Schalke 04,SV Elversberg,suprabets,h2h,,,,1.98,3.4,3.45,,,,,,,,,,,,current,,decimal,2026-09-18T10:05:27Z,the-odds-api.com,https://api.the-odds-api.com/v4/sports/soccer_germany_bundesliga/odds/,False,True,live,2026-09-18,Real current decimal odds from The Odds API. Opening/closing snapshots are not available on the free tier and are intentionally left blank.
BUNDESLIGA2627_MW04_029_FCSchalke04_SVElversberg,2026-27,4,2026-09-20,2026-09-20T15:30:00+00:00,FC Schalke 04,SV Elversberg,draftkings,h2h,,,,2.0,3.5,3.35,,,,,,,,,,,,current,,decimal,2026-09-18T10:05:54Z,the-odds-api.com,https://api.the-odds-api.com/v4/sports/soccer_germany_bundesliga/odds/,False,True,live,2026-09-18,Real current decimal odds from The Odds API. Opening/closing snapshots are not available on the free tier and are intentionally left blank.
BUNDESLIGA2627_MW04_029_FCSchalke04_SVElversberg,2026-27,4,2026-09-20,2026-09-20T15:30:00+00:00,FC Schalke 04,SV Elversberg,everygame,h2h,,,,2.0,3.4,3.45,,,,,,,,,,,,current,,decimal,2026-09-18T10:06:27Z,the-odds-api.com,https://api.the-odds-api.com/v4/sports/soccer_germany_bundesliga/odds/,False,True,live,2026-09-18,Real current decimal odds from The Odds API. Opening/closing snapshots are not available on the free tier and are intentionally left blank.
BUNDESLIGA2627_MW04_029_FCSchalke04_SVElversberg,2026-27,4,2026-09-20,2026-09-20T15:30:00+00:00,FC Schalke 04,SV Elversberg,matchbook,h2h,,,,2.1,3.85,3.7,,,,,,,,,,,,current,,decimal,2026-09-18T10:07:46Z,the-odds-api.com,https://api.the-odds-api.com/v4/sports/soccer_germany_bundesliga/odds/,False,True,live,2026-09-18,Real current decimal odds from The Odds API. Opening/closing snapshots are not available on the free tier and are intentionally left blank.
BUNDESLIGA2627_MW04_029_FCSchalke04_SVElversberg,2026-27,4,2026-09-20,2026-09-20T15:30:00+00:00,FC Schalke 04,SV Elversberg,betus,h2h,,,,2.0,3.7,3.5,,,,,,,,,,,,current,,decimal,2026-09-18T10:07:44Z,the-odds-api.com,https://api.the-odds-api.com/v4/sports/soccer_germany_bundesliga/odds/,False,True,live,2026-09-18,Real current decimal odds from The Odds API. Opening/closing snapshots are not available on the free tier and are intentionally left blank.
BUNDESLIGA2627_MW04_029_FCSchalke04_SVElversberg,2026-27,4,2026-09-20,2026-09-20T15:30:00+00:00,FC Schalke 04,SV Elversberg,lowvig,h2h,,,,2.06,3.58,3.69,,,,,,,,,,,,current,,decimal,2026-09-18T10:07:22Z,the-odds-api.com,https://api.the-odds-api.com/v4/sports/soccer_germany_bundesliga/odds/,False,True,live,2026-09-18,Real current decimal odds from The Odds API. Opening/closing snapshots are not available on the free tier and are intentionally left blank.
BUNDESLIGA2627_MW04_029_FCSchalke04_SVElversberg,2026-27,4,2026-09-20,2026-09-20T15:30:00+00:00,FC Schalke 04,SV Elversberg,betonlineag,h2h,,,,2.06,3.58,3.69,,,,,,,,,,,,current,,decimal,2026-09-18T10:06:36Z,the-odds-api.com,https://api.the-odds-api.com/v4/sports/soccer_germany_bundesliga/odds/,False,True,live,2026-09-18,Real current decimal odds from The Odds API. Opening/closing snapshots are not available on the free tier and are intentionally left blank.
BUNDESLIGA2627_MW04_029_FCSchalke04_SVElversberg,2026-27,4,2026-09-20,2026-09-20T15:30:00+00:00,FC Schalke 04,SV Elversberg,gtbets,h2h,,,,2.08,3.58,3.46,,,,,,,,,,,,current,,decimal,2026-09-18T10:07:45Z,the-odds-api.com,https://api.the-odds-api.com/v4/sports/soccer_germany_bundesliga/odds/,False,True,live,2026-09-18,Real current decimal odds from The Odds API. Opening/closing snapshots are not available on the free tier and are intentionally left blank.
BUNDESLIGA2627_MW04_029_FCSchalke04_SVElversberg,2026-27,4,2026-09-20,2026-09-20T15:30:00+00:00,FC Schalke 04,SV Elversberg,betano_uk,h2h,,,,1.95,3.7,3.12,,,,,,,,,,,,current,,decimal,2026-09-18T10:06:25Z,the-odds-api.com,https://api.the-odds-api.com/v4/sports/soccer_germany_bundesliga/odds/,False,True,live,2026-09-18,Real current decimal odds from The Odds API. Opening/closing snapshots are not available on the free tier and are intentionally left blank.
BUNDESLIGA2627_MW04_029_FCSchalke04_SVElversberg,2026-27,4,2026-09-20,2026-09-20T15:30:00+00:00,FC Schalke 04,SV Elversberg,betvictor,h2h,,,,1.95,3.7,3.12,,,,,,,,,,,,current,,decimal,2026-09-18T10:06:09Z,the-odds-api.com,https://api.the-odds-api.com/v4/sports/soccer_germany_bundesliga/odds/,False,True,live,2026-09-18,Real current decimal odds from The Odds API. Opening/closing snapshots are not available on the free tier and are intentionally left blank.
BUNDESLIGA2627_MW04_029_FCSchalke04_SVElversberg,2026-27,4,2026-09-20,2026-09-20T15:30:00+00:00,FC Schalke 04,SV Elversberg,onexbet,spreads,,,,,,,,,,0.0,1.56,2.66,,,,,,current,,decimal,2026-09-18T10:07:21Z,the-odds-api.com,https://api.the-odds-api.com/v4/sports/soccer_germany_bundesliga/odds/,False,True,live,2026-09-18,Real current decimal odds from The Odds API. Opening/closing snapshots are not available on the free tier and are intentionally left blank.
BUNDESLIGA2627_MW04_029_FCSchalke04_SVElversberg,2026-27,4,2026-09-20,2026-09-20T15:30:00+00:00,FC Schalke 04,SV Elversberg,coolbet,spreads,,,,,,,,,,-1.0,2.98,1.42,,,,,,current,,decimal,2026-09-18T10:07:24Z,the-odds-api.com,https://api.the-odds-api.com/v4/sports/soccer_germany_bundesliga/odds/,False,True,live,2026-09-18,Real current decimal odds from The Odds API. Opening/closing snapshots are not available on the free tier and are intentionally left blank.
BUNDESLIGA2627_MW04_029_FCSchalke04_SVElversberg,2026-27,4,2026-09-20,2026-09-20T15:30:00+00:00,FC Schalke 04,SV Elversberg,pinnacle,spreads,,,,,,,,,,-0.5,2.08,1.84,,,,,,current,,decimal,2026-09-18T10:07:44Z,the-odds-api.com,https://api.the-odds-api.com/v4/sports/soccer_germany_bundesliga/odds/,False,True,live,2026-09-18,Real current decimal odds from The Odds API. Opening/closing snapshots are not available on the free tier and are intentionally left blank.
BUNDESLIGA2627_MW04_029_FCSchalke04_SVElversberg,2026-27,4,2026-09-20,2026-09-20T15:30:00+00:00,FC Schalke 04,SV Elversberg,bovada,spreads,,,,,,,,,,-0.5,2.05,1.8,,,,,,current,,decimal,2026-09-18T10:07:50Z,the-odds-api.com,https://api.the-odds-api.com/v4/sports/soccer_germany_bundesliga/odds/,False,True,live,2026-09-18,Real current decimal odds from The Odds API. Opening/closing snapshots are not available on the free tier and are intentionally left blank.
BUNDESLIGA2627_MW04_029_FCSchalke04_SVElversberg,2026-27,4,2026-09-20,2026-09-20T15:30:00+00:00,FC Schalke 04,SV Elversberg,matchbook,spreads,,,,,,,,,,-0.5,2.08,1.85,,,,,,current,,decimal,2026-09-18T10:07:46Z,the-odds-api.com,https://api.the-odds-api.com/v4/sports/soccer_germany_bundesliga/odds/,False,True,live,2026-09-18,Real current decimal odds from The Odds API. Opening/closing snapshots are not available on the free tier and are intentionally left blank.
BUNDESLIGA2627_MW04_029_FCSchalke04_SVElversberg,2026-27,4,2026-09-20,2026-09-20T15:30:00+00:00,FC Schalke 04,SV Elversberg,betus,spreads,,,,,,,,,,-0.5,1.99,1.84,,,,,,current,,decimal,2026-09-18T10:07:44Z,the-odds-api.com,https://api.the-odds-api.com/v4/sports/soccer_germany_bundesliga/odds/,False,True,live,2026-09-18,Real current decimal odds from The Odds API. Opening/closing snapshots are not available on the free tier and are intentionally left blank.
BUNDESLIGA2627_MW04_029_FCSchalke04_SVElversberg,2026-27,4,2026-09-20,2026-09-20T15:30:00+00:00,FC Schalke 04,SV Elversberg,lowvig,spreads,,,,,,,,,,-0.5,2.06,1.78,,,,,,current,,decimal,2026-09-18T10:07:22Z,the-odds-api.com,https://api.the-odds-api.com/v4/sports/soccer_germany_bundesliga/odds/,False,True,live,2026-09-18,Real current decimal odds from The Odds API. Opening/closing snapshots are not available on the free tier and are intentionally left blank.
BUNDESLIGA2627_MW04_029_FCSchalke04_SVElversberg,2026-27,4,2026-09-20,2026-09-20T15:30:00+00:00,FC Schalke 04,SV Elversberg,betonlineag,spreads,,,,,,,,,,-0.5,2.06,1.78,,,,,,current,,decimal,2026-09-18T10:06:36Z,the-odds-api.com,https://api.the-odds-api.com/v4/sports/soccer_germany_bundesliga/odds/,False,True,live,2026-09-18,Real current decimal odds from The Odds API. Opening/closing snapshots are not available on the free tier and are intentionally left blank.
BUNDESLIGA2627_MW04_029_FCSchalke04_SVElversberg,2026-27,4,2026-09-20,2026-09-20T15:30:00+00:00,FC Schalke 04,SV Elversberg,gtbets,spreads,,,,,,,,,,-0.5,1.99,1.8,,,,,,current,,decimal,2026-09-18T10:07:45Z,the-odds-api.com,https://api.the-odds-api.com/v4/sports/soccer_germany_bundesliga/odds/,False,True,live,2026-09-18,Real current decimal odds from The Odds API. Opening/closing snapshots are not available on the free tier and are intentionally left blank.
BUNDESLIGA2627_MW04_029_FCSchalke04_SVElversberg,2026-27,4,2026-09-20,2026-09-20T15:30:00+00:00,FC Schalke 04,SV Elversberg,williamhill,totals,,,,,,,,,,,,,2.5,1.44,2.62,,,current,,decimal,2026-09-18T10:07:21Z,the-odds-api.com,https://api.the-odds-api.com/v4/sports/soccer_germany_bundesliga/odds/,False,True,live,2026-09-18,Real current decimal odds from The Odds API. Opening/closing snapshots are not available on the free tier and are intentionally left blank.
BUNDESLIGA2627_MW04_029_FCSchalke04_SVElversberg,2026-27,4,2026-09-20,2026-09-20T15:30:00+00:00,FC Schalke 04,SV Elversberg,leovegas,totals,,,,,,,,,,,,,3.5,2.18,1.62,,,current,,decimal,2026-09-18T10:07:01Z,the-odds-api.com,https://api.the-odds-api.com/v4/sports/soccer_germany_bundesliga/odds/,False,True,live,2026-09-18,Real current decimal odds from The Odds API. Opening/closing snapshots are not available on the free tier and are intentionally left blank.
BUNDESLIGA2627_MW04_029_FCSchalke04_SVElversberg,2026-27,4,2026-09-20,2026-09-20T15:30:00+00:00,FC Schalke 04,SV Elversberg,onexbet,totals,,,,,,,,,,,,,3.5,2.34,1.7,,,current,,decimal,2026-09-18T10:07:21Z,the-odds-api.com,https://api.the-odds-api.com/v4/sports/soccer_germany_bundesliga/odds/,False,True,live,2026-09-18,Real current decimal odds from The Odds API. Opening/closing snapshots are not available on the free tier and are intentionally left blank.
BUNDESLIGA2627_MW04_029_FCSchalke04_SVElversberg,2026-27,4,2026-09-20,2026-09-20T15:30:00+00:00,FC Schalke 04,SV Elversberg,codere_it,totals,,,,,,,,,,,,,3.5,2.16,1.59,,,current,,decimal,2026-09-18T10:07:44Z,the-odds-api.com,https://api.the-odds-api.com/v4/sports/soccer_germany_bundesliga/odds/,False,True,live,2026-09-18,Real current decimal odds from The Odds API. Opening/closing snapshots are not available on the free tier and are intentionally left blank.
BUNDESLIGA2627_MW04_029_FCSchalke04_SVElversberg,2026-27,4,2026-09-20,2026-09-20T15:30:00+00:00,FC Schalke 04,SV Elversberg,coolbet,totals,,,,,,,,,,,,,3.0,1.8,2.02,,,current,,decimal,2026-09-18T10:07:24Z,the-odds-api.com,https://api.the-odds-api.com/v4/sports/soccer_germany_bundesliga/odds/,False,True,live,2026-09-18,Real current decimal odds from The Odds API. Opening/closing snapshots are not available on the free tier and are intentionally left blank.
BUNDESLIGA2627_MW04_029_FCSchalke04_SVElversberg,2026-27,4,2026-09-20,2026-09-20T15:30:00+00:00,FC Schalke 04,SV Elversberg,tipico_de,totals,,,,,,,,,,,,,3.5,2.2,1.6,,,current,,decimal,2026-09-18T10:07:01Z,the-odds-api.com,https://api.the-odds-api.com/v4/sports/soccer_germany_bundesliga/odds/,False,True,live,2026-09-18,Real current decimal odds from The Odds API. Opening/closing snapshots are not available on the free tier and are intentionally left blank.
BUNDESLIGA2627_MW04_029_FCSchalke04_SVElversberg,2026-27,4,2026-09-20,2026-09-20T15:30:00+00:00,FC Schalke 04,SV Elversberg,betsson,totals,,,,,,,,,,,,,2.5,1.54,2.52,,,current,,decimal,2026-09-18T10:07:21Z,the-odds-api.com,https://api.the-odds-api.com/v4/sports/soccer_germany_bundesliga/odds/,False,True,live,2026-09-18,Real current decimal odds from The Odds API. Opening/closing snapshots are not available on the free tier and are intentionally left blank.
BUNDESLIGA2627_MW04_029_FCSchalke04_SVElversberg,2026-27,4,2026-09-20,2026-09-20T15:30:00+00:00,FC Schalke 04,SV Elversberg,nordicbet,totals,,,,,,,,,,,,,2.5,1.52,2.48,,,current,,decimal,2026-09-18T10:07:01Z,the-odds-api.com,https://api.the-odds-api.com/v4/sports/soccer_germany_bundesliga/odds/,False,True,live,2026-09-18,Real current decimal odds from The Odds API. Opening/closing snapshots are not available on the free tier and are intentionally left blank.
BUNDESLIGA2627_MW04_029_FCSchalke04_SVElversberg,2026-27,4,2026-09-20,2026-09-20T15:30:00+00:00,FC Schalke 04,SV Elversberg,betmgm,totals,,,,,,,,,,,,,3.5,2.2,1.61,,,current,,decimal,2026-09-18T10:07:21Z,the-odds-api.com,https://api.the-odds-api.com/v4/sports/soccer_germany_bundesliga/odds/,False,True,live,2026-09-18,Real current decimal odds from The Odds API. Opening/closing snapshots are not available on the free tier and are intentionally left blank.
BUNDESLIGA2627_MW04_029_FCSchalke04_SVElversberg,2026-27,4,2026-09-20,2026-09-20T15:30:00+00:00,FC Schalke 04,SV Elversberg,betrivers,totals,,,,,,,,,,,,,3.5,2.33,1.57,,,current,,decimal,2026-09-18T10:07:44Z,the-odds-api.com,https://api.the-odds-api.com/v4/sports/soccer_germany_bundesliga/odds/,False,True,live,2026-09-18,Real current decimal odds from The Odds API. Opening/closing snapshots are not available on the free tier and are intentionally left blank.
BUNDESLIGA2627_MW04_029_FCSchalke04_SVElversberg,2026-27,4,2026-09-20,2026-09-20T15:30:00+00:00,FC Schalke 04,SV Elversberg,leovegas_se,totals,,,,,,,,,,,,,3.5,2.35,1.6,,,current,,decimal,2026-09-18T10:07:00Z,the-odds-api.com,https://api.the-odds-api.com/v4/sports/soccer_germany_bundesliga/odds/,False,True,live,2026-09-18,Real current decimal odds from The Odds API. Opening/closing snapshots are not available on the free tier and are intentionally left blank.
BUNDESLIGA2627_MW04_029_FCSchalke04_SVElversberg,2026-27,4,2026-09-20,2026-09-20T15:30:00+00:00,FC Schalke 04,SV Elversberg,grosvenor,totals,,,,,,,,,,,,,3.5,2.33,1.57,,,current,,decimal,2026-09-18T10:07:01Z,the-odds-api.com,https://api.the-odds-api.com/v4/sports/soccer_germany_bundesliga/odds/,False,True,live,2026-09-18,Real current decimal odds from The Odds API. Opening/closing snapshots are not available on the free tier and are intentionally left blank.
BUNDESLIGA2627_MW04_029_FCSchalke04_SVElversberg,2026-27,4,2026-09-20,2026-09-20T15:30:00+00:00,FC Schalke 04,SV Elversberg,unibet_se,totals,,,,,,,,,,,,,3.5,2.35,1.6,,,current,,decimal,2026-09-18T10:07:45Z,the-odds-api.com,https://api.the-odds-api.com/v4/sports/soccer_germany_bundesliga/odds/,False,True,live,2026-09-18,Real current decimal odds from The Odds API. Opening/closing snapshots are not available on the free tier and are intentionally left blank.
BUNDESLIGA2627_MW04_029_FCSchalke04_SVElversberg,2026-27,4,2026-09-20,2026-09-20T15:30:00+00:00,FC Schalke 04,SV Elversberg,pmu_fr,totals,,,,,,,,,,,,,3.5,2.2,1.49,,,current,,decimal,2026-09-18T10:07:01Z,the-odds-api.com,https://api.the-odds-api.com/v4/sports/soccer_germany_bundesliga/odds/,False,True,live,2026-09-18,Real current decimal odds from The Odds API. Opening/closing snapshots are not available on the free tier and are intentionally left blank.
BUNDESLIGA2627_MW04_029_FCSchalke04_SVElversberg,2026-27,4,2026-09-20,2026-09-20T15:30:00+00:00,FC Schalke 04,SV Elversberg,unibet_nl,totals,,,,,,,,,,,,,3.5,2.33,1.57,,,current,,decimal,2026-09-18T10:07:22Z,the-odds-api.com,https://api.the-odds-api.com/v4/sports/soccer_germany_bundesliga/odds/,False,True,live,2026-09-18,Real current decimal odds from The Odds API. Opening/closing snapshots are not available on the free tier and are intentionally left blank.
BUNDESLIGA2627_MW04_029_FCSchalke04_SVElversberg,2026-27,4,2026-09-20,2026-09-20T15:30:00+00:00,FC Schalke 04,SV Elversberg,casumo,totals,,,,,,,,,,,,,3.5,2.33,1.57,,,current,,decimal,2026-09-18T10:07:47Z,the-odds-api.com,https://api.the-odds-api.com/v4/sports/soccer_germany_bundesliga/odds/,False,True,live,2026-09-18,Real current decimal odds from The Odds API. Opening/closing snapshots are not available on the free tier and are intentionally left blank.
BUNDESLIGA2627_MW04_029_FCSchalke04_SVElversberg,2026-27,4,2026-09-20,2026-09-20T15:30:00+00:00,FC Schalke 04,SV Elversberg,pinnacle,totals,,,,,,,,,,,,,3.0,1.83,2.07,,,current,,decimal,2026-09-18T10:07:44Z,the-odds-api.com,https://api.the-odds-api.com/v4/sports/soccer_germany_bundesliga/odds/,False,True,live,2026-09-18,Real current decimal odds from The Odds API. Opening/closing snapshots are not available on the free tier and are intentionally left blank.
BUNDESLIGA2627_MW04_029_FCSchalke04_SVElversberg,2026-27,4,2026-09-20,2026-09-20T15:30:00+00:00,FC Schalke 04,SV Elversberg,bovada,totals,,,,,,,,,,,,,3.0,1.8,2.05,,,current,,decimal,2026-09-18T10:07:50Z,the-odds-api.com,https://api.the-odds-api.com/v4/sports/soccer_germany_bundesliga/odds/,False,True,live,2026-09-18,Real current decimal odds from The Odds API. Opening/closing snapshots are not available on the free tier and are intentionally left blank.
BUNDESLIGA2627_MW04_029_FCSchalke04_SVElversberg,2026-27,4,2026-09-20,2026-09-20T15:30:00+00:00,FC Schalke 04,SV Elversberg,betus,totals,,,,,,,,,,,,,3.0,1.8,2.05,,,current,,decimal,2026-09-18T10:07:44Z,the-odds-api.com,https://api.the-odds-api.com/v4/sports/soccer_germany_bundesliga/odds/,False,True,live,2026-09-18,Real current decimal odds from The Odds API. Opening/closing snapshots are not available on the free tier and are intentionally left blank.
BUNDESLIGA2627_MW04_029_FCSchalke04_SVElversberg,2026-27,4,2026-09-20,2026-09-20T15:30:00+00:00,FC Schalke 04,SV Elversberg,lowvig,totals,,,,,,,,,,,,,3.0,1.84,1.98,,,current,,decimal,2026-09-18T10:07:22Z,the-odds-api.com,https://api.the-odds-api.com/v4/sports/soccer_germany_bundesliga/odds/,False,True,live,2026-09-18,Real current decimal odds from The Odds API. Opening/closing snapshots are not available on the free tier and are intentionally left blank.
BUNDESLIGA2627_MW04_029_FCSchalke04_SVElversberg,2026-27,4,2026-09-20,2026-09-20T15:30:00+00:00,FC Schalke 04,SV Elversberg,betonlineag,totals,,,,,,,,,,,,,3.0,1.84,1.98,,,current,,decimal,2026-09-18T10:06:36Z,the-odds-api.com,https://api.the-odds-api.com/v4/sports/soccer_germany_bundesliga/odds/,False,True,live,2026-09-18,Real current decimal odds from The Odds API. Opening/closing snapshots are not available on the free tier and are intentionally left blank.
BUNDESLIGA2627_MW04_029_FCSchalke04_SVElversberg,2026-27,4,2026-09-20,2026-09-20T15:30:00+00:00,FC Schalke 04,SV Elversberg,gtbets,totals,,,,,,,,,,,,,3.5,2.19,1.63,,,current,,decimal,2026-09-18T10:07:45Z,the-odds-api.com,https://api.the-odds-api.com/v4/sports/soccer_germany_bundesliga/odds/,False,True,live,2026-09-18,Real current decimal odds from The Odds API. Opening/closing snapshots are not available on the free tier and are intentionally left blank.
BUNDESLIGA2627_MW04_028_SCPaderborn07_TSGHoffenheim,2026-27,4,2026-09-20,2026-09-20T17:30:00+00:00,SC Paderborn 07,TSG Hoffenheim,,h2h,,,,,,,,,,,,,,,,,,unknown,,decimal,2026-09-18T10:07:51+00:00,none_available,,False,False,unavailable,2026-09-18,"The Odds API is configured and reachable, but has not yet posted this market for this fixture (bookmakers open different markets at different times before kickoff) -- genuinely unavailable, not a collector failure."
BUNDESLIGA2627_MW04_028_SCPaderborn07_TSGHoffenheim,2026-27,4,2026-09-20,2026-09-20T17:30:00+00:00,SC Paderborn 07,TSG Hoffenheim,,spreads,,,,,,,,,,,,,,,,,,unknown,,decimal,2026-09-18T10:07:51+00:00,none_available,,False,False,unavailable,2026-09-18,"The Odds API is configured and reachable, but has not yet posted this market for this fixture (bookmakers open different markets at different times before kickoff) -- genuinely unavailable, not a collector failure."
BUNDESLIGA2627_MW04_028_SCPaderborn07_TSGHoffenheim,2026-27,4,2026-09-20,2026-09-20T17:30:00+00:00,SC Paderborn 07,TSG Hoffenheim,,totals,,,,,,,,,,,,,,,,,,unknown,,decimal,2026-09-18T10:07:51+00:00,none_available,,False,False,unavailable,2026-09-18,"The Odds API is configured and reachable, but has not yet posted this market for this fixture (bookmakers open different markets at different times before kickoff) -- genuinely unavailable, not a collector failure."
BUNDESLIGA2627_MW05_037_SCPaderborn07_VfBStuttgart,2026-27,5,2026-10-09,2026-10-09T00:00:00+00:00,SC Paderborn 07,VfB Stuttgart,,h2h,,,,,,,,,,,,,,,,,,unknown,,decimal,2026-09-18T10:07:51+00:00,none_available,,False,False,unavailable,2026-09-18,"The Odds API is configured and reachable, but has not yet posted this market for this fixture (bookmakers open different markets at different times before kickoff) -- genuinely unavailable, not a collector failure."
BUNDESLIGA2627_MW05_037_SCPaderborn07_VfBStuttgart,2026-27,5,2026-10-09,2026-10-09T00:00:00+00:00,SC Paderborn 07,VfB Stuttgart,,spreads,,,,,,,,,,,,,,,,,,unknown,,decimal,2026-09-18T10:07:51+00:00,none_available,,False,False,unavailable,2026-09-18,"The Odds API is configured and reachable, but has not yet posted this market for this fixture (bookmakers open different markets at different times before kickoff) -- genuinely unavailable, not a collector failure."
BUNDESLIGA2627_MW05_037_SCPaderborn07_VfBStuttgart,2026-27,5,2026-10-09,2026-10-09T00:00:00+00:00,SC Paderborn 07,VfB Stuttgart,,totals,,,,,,,,,,,,,,,,,,unknown,,decimal,2026-09-18T10:07:51+00:00,none_available,,False,False,unavailable,2026-09-18,"The Odds API is configured and reachable, but has not yet posted this market for this fixture (bookmakers open different markets at different times before kickoff) -- genuinely unavailable, not a collector failure."
BUNDESLIGA2627_MW05_038_1.FCKöln_BorussiaMönchengladbach,2026-27,5,2026-10-09,2026-10-09T00:00:00+00:00,1. FC Köln,Borussia Mönchengladbach,,h2h,,,,,,,,,,,,,,,,,,unknown,,decimal,2026-09-18T10:07:51+00:00,none_available,,False,False,unavailable,2026-09-18,"The Odds API is configured and reachable, but has not yet posted this market for this fixture (bookmakers open different markets at different times before kickoff) -- genuinely unavailable, not a collector failure."
BUNDESLIGA2627_MW05_038_1.FCKöln_BorussiaMönchengladbach,2026-27,5,2026-10-09,2026-10-09T00:00:00+00:00,1. FC Köln,Borussia Mönchengladbach,,spreads,,,,,,,,,,,,,,,,,,unknown,,decimal,2026-09-18T10:07:51+00:00,none_available,,False,False,unavailable,2026-09-18,"The Odds API is configured and reachable, but has not yet posted this market for this fixture (bookmakers open different markets at different times before kickoff) -- genuinely unavailable, not a collector failure."
BUNDESLIGA2627_MW05_038_1.FCKöln_BorussiaMönchengladbach,2026-27,5,2026-10-09,2026-10-09T00:00:00+00:00,1. FC Köln,Borussia Mönchengladbach,,totals,,,,,,,,,,,,,,,,,,unknown,,decimal,2026-09-18T10:07:51+00:00,none_available,,False,False,unavailable,2026-09-18,"The Odds API is configured and reachable, but has not yet posted this market for this fixture (bookmakers open different markets at different times before kickoff) -- genuinely unavailable, not a collector failure."
BUNDESLIGA2627_MW05_039_1.FCUnionBerlin_SVElversberg,2026-27,5,2026-10-09,2026-10-09T00:00:00+00:00,1. FC Union Berlin,SV Elversberg,pinnacle,h2h,,,,2.15,3.86,3.06,,,,,,,,,,,,current,,decimal,2026-09-18T10:07:44Z,the-odds-api.com,https://api.the-odds-api.com/v4/sports/soccer_germany_bundesliga/odds/,False,True,live,2026-09-18,Real current decimal odds from The Odds API. Opening/closing snapshots are not available on the free tier and are intentionally left blank.
BUNDESLIGA2627_MW05_039_1.FCUnionBerlin_SVElversberg,2026-27,5,2026-10-09,2026-10-09T00:00:00+00:00,1. FC Union Berlin,SV Elversberg,leovegas,h2h,,,,2.1,3.55,3.0,,,,,,,,,,,,current,,decimal,2026-09-18T10:07:01Z,the-odds-api.com,https://api.the-odds-api.com/v4/sports/soccer_germany_bundesliga/odds/,False,True,live,2026-09-18,Real current decimal odds from The Odds API. Opening/closing snapshots are not available on the free tier and are intentionally left blank.
BUNDESLIGA2627_MW05_039_1.FCUnionBerlin_SVElversberg,2026-27,5,2026-10-09,2026-10-09T00:00:00+00:00,1. FC Union Berlin,SV Elversberg,betclic_fr,h2h,,,,2.03,3.47,2.95,,,,,,,,,,,,current,,decimal,2026-09-18T10:05:43Z,the-odds-api.com,https://api.the-odds-api.com/v4/sports/soccer_germany_bundesliga/odds/,False,True,live,2026-09-18,Real current decimal odds from The Odds API. Opening/closing snapshots are not available on the free tier and are intentionally left blank.
BUNDESLIGA2627_MW05_039_1.FCUnionBerlin_SVElversberg,2026-27,5,2026-10-09,2026-10-09T00:00:00+00:00,1. FC Union Berlin,SV Elversberg,onexbet,h2h,,,,2.23,3.92,3.21,,,,,,,,,,,,current,,decimal,2026-09-18T10:07:21Z,the-odds-api.com,https://api.the-odds-api.com/v4/sports/soccer_germany_bundesliga/odds/,False,True,live,2026-09-18,Real current decimal odds from The Odds API. Opening/closing snapshots are not available on the free tier and are intentionally left blank.
BUNDESLIGA2627_MW05_039_1.FCUnionBerlin_SVElversberg,2026-27,5,2026-10-09,2026-10-09T00:00:00+00:00,1. FC Union Berlin,SV Elversberg,winamax_de,h2h,,,,2.0,3.5,2.85,,,,,,,,,,,,current,,decimal,2026-09-18T10:07:46Z,the-odds-api.com,https://api.the-odds-api.com/v4/sports/soccer_germany_bundesliga/odds/,False,True,live,2026-09-18,Real current decimal odds from The Odds API. Opening/closing snapshots are not available on the free tier and are intentionally left blank.
BUNDESLIGA2627_MW05_039_1.FCUnionBerlin_SVElversberg,2026-27,5,2026-10-09,2026-10-09T00:00:00+00:00,1. FC Union Berlin,SV Elversberg,winamax_fr,h2h,,,,1.98,3.4,2.8,,,,,,,,,,,,current,,decimal,2026-09-18T10:07:45Z,the-odds-api.com,https://api.the-odds-api.com/v4/sports/soccer_germany_bundesliga/odds/,False,True,live,2026-09-18,Real current decimal odds from The Odds API. Opening/closing snapshots are not available on the free tier and are intentionally left blank.
BUNDESLIGA2627_MW05_039_1.FCUnionBerlin_SVElversberg,2026-27,5,2026-10-09,2026-10-09T00:00:00+00:00,1. FC Union Berlin,SV Elversberg,boylesports,h2h,,,,2.0,3.75,2.88,,,,,,,,,,,,current,,decimal,2026-09-18T10:06:39Z,the-odds-api.com,https://api.the-odds-api.com/v4/sports/soccer_germany_bundesliga/odds/,False,True,live,2026-09-18,Real current decimal odds from The Odds API. Opening/closing snapshots are not available on the free tier and are intentionally left blank.
BUNDESLIGA2627_MW05_039_1.FCUnionBerlin_SVElversberg,2026-27,5,2026-10-09,2026-10-09T00:00:00+00:00,1. FC Union Berlin,SV Elversberg,codere_it,h2h,,,,2.17,3.7,3.15,,,,,,,,,,,,current,,decimal,2026-09-18T10:07:44Z,the-odds-api.com,https://api.the-odds-api.com/v4/sports/soccer_germany_bundesliga/odds/,False,True,live,2026-09-18,Real current decimal odds from The Odds API. Opening/closing snapshots are not available on the free tier and are intentionally left blank.
BUNDESLIGA2627_MW05_039_1.FCUnionBerlin_SVElversberg,2026-27,5,2026-10-09,2026-10-09T00:00:00+00:00,1. FC Union Berlin,SV Elversberg,unibet_fr,h2h,,,,1.97,3.4,2.95,,,,,,,,,,,,current,,decimal,2026-09-18T10:07:44Z,the-odds-api.com,https://api.the-odds-api.com/v4/sports/soccer_germany_bundesliga/odds/,False,True,live,2026-09-18,Real current decimal odds from The Odds API. Opening/closing snapshots are not available on the free tier and are intentionally left blank.
BUNDESLIGA2627_MW05_039_1.FCUnionBerlin_SVElversberg,2026-27,5,2026-10-09,2026-10-09T00:00:00+00:00,1. FC Union Berlin,SV Elversberg,betfred_uk,h2h,,,,2.15,3.75,3.1,,,,,,,,,,,,current,,decimal,2026-09-18T10:07:44Z,the-odds-api.com,https://api.the-odds-api.com/v4/sports/soccer_germany_bundesliga/odds/,False,True,live,2026-09-18,Real current decimal odds from The Odds API. Opening/closing snapshots are not available on the free tier and are intentionally left blank.
BUNDESLIGA2627_MW05_039_1.FCUnionBerlin_SVElversberg,2026-27,5,2026-10-09,2026-10-09T00:00:00+00:00,1. FC Union Berlin,SV Elversberg,sport888,h2h,,,,2.1,3.6,3.0,,,,,,,,,,,,current,,decimal,2026-09-18T10:07:46Z,the-odds-api.com,https://api.the-odds-api.com/v4/sports/soccer_germany_bundesliga/odds/,False,True,live,2026-09-18,Real current decimal odds from The Odds API. Opening/closing snapshots are not available on the free tier and are intentionally left blank.
BUNDESLIGA2627_MW05_039_1.FCUnionBerlin_SVElversberg,2026-27,5,2026-10-09,2026-10-09T00:00:00+00:00,1. FC Union Berlin,SV Elversberg,williamhill,h2h,,,,2.1,3.6,3.0,,,,,,,,,,,,current,,decimal,2026-09-18T10:07:21Z,the-odds-api.com,https://api.the-odds-api.com/v4/sports/soccer_germany_bundesliga/odds/,False,True,live,2026-09-18,Real current decimal odds from The Odds API. Opening/closing snapshots are not available on the free tier and are intentionally left blank.
BUNDESLIGA2627_MW05_039_1.FCUnionBerlin_SVElversberg,2026-27,5,2026-10-09,2026-10-09T00:00:00+00:00,1. FC Union Berlin,SV Elversberg,smarkets,h2h,,,,1.99,3.25,2.82,,,,,,,,,,,,current,,decimal,2026-09-18T10:07:47Z,the-odds-api.com,https://api.the-odds-api.com/v4/sports/soccer_germany_bundesliga/odds/,False,True,live,2026-09-18,Real current decimal odds from The Odds API. Opening/closing snapshots are not available on the free tier and are intentionally left blank.
BUNDESLIGA2627_MW05_039_1.FCUnionBerlin_SVElversberg,2026-27,5,2026-10-09,2026-10-09T00:00:00+00:00,1. FC Union Berlin,SV Elversberg,draftkings,h2h,,,,2.05,3.65,2.9,,,,,,,,,,,,current,,decimal,2026-09-18T10:05:54Z,the-odds-api.com,https://api.the-odds-api.com/v4/sports/soccer_germany_bundesliga/odds/,False,True,live,2026-09-18,Real current decimal odds from The Odds API. Opening/closing snapshots are not available on the free tier and are intentionally left blank.
BUNDESLIGA2627_MW05_039_1.FCUnionBerlin_SVElversberg,2026-27,5,2026-10-09,2026-10-09T00:00:00+00:00,1. FC Union Berlin,SV Elversberg,tipico_de,h2h,,,,2.15,3.7,3.1,,,,,,,,,,,,current,,decimal,2026-09-18T10:07:01Z,the-odds-api.com,https://api.the-odds-api.com/v4/sports/soccer_germany_bundesliga/odds/,False,True,live,2026-09-18,Real current decimal odds from The Odds API. Opening/closing snapshots are not available on the free tier and are intentionally left blank.
BUNDESLIGA2627_MW05_039_1.FCUnionBerlin_SVElversberg,2026-27,5,2026-10-09,2026-10-09T00:00:00+00:00,1. FC Union Berlin,SV Elversberg,marathonbet,h2h,,,,2.17,3.82,3.12,,,,,,,,,,,,current,,decimal,2026-09-18T10:07:49Z,the-odds-api.com,https://api.the-odds-api.com/v4/sports/soccer_germany_bundesliga/odds/,False,True,live,2026-09-18,Real current decimal odds from The Odds API. Opening/closing snapshots are not available on the free tier and are intentionally left blank.
BUNDESLIGA2627_MW05_039_1.FCUnionBerlin_SVElversberg,2026-27,5,2026-10-09,2026-10-09T00:00:00+00:00,1. FC Union Berlin,SV Elversberg,bovada,h2h,,,,2.15,3.85,3.05,,,,,,,,,,,,current,,decimal,2026-09-18T10:07:50Z,the-odds-api.com,https://api.the-odds-api.com/v4/sports/soccer_germany_bundesliga/odds/,False,True,live,2026-09-18,Real current decimal odds from The Odds API. Opening/closing snapshots are not available on the free tier and are intentionally left blank.
BUNDESLIGA2627_MW05_039_1.FCUnionBerlin_SVElversberg,2026-27,5,2026-10-09,2026-10-09T00:00:00+00:00,1. FC Union Berlin,SV Elversberg,suprabets,h2h,,,,2.08,3.7,2.94,,,,,,,,,,,,current,,decimal,2026-09-18T10:05:27Z,the-odds-api.com,https://api.the-odds-api.com/v4/sports/soccer_germany_bundesliga/odds/,False,True,live,2026-09-18,Real current decimal odds from The Odds API. Opening/closing snapshots are not available on the free tier and are intentionally left blank.
BUNDESLIGA2627_MW05_039_1.FCUnionBerlin_SVElversberg,2026-27,5,2026-10-09,2026-10-09T00:00:00+00:00,1. FC Union Berlin,SV Elversberg,pinnacle,spreads,,,,,,,,,,-0.25,1.9,1.95,,,,,,current,,decimal,2026-09-18T10:07:44Z,the-odds-api.com,https://api.the-odds-api.com/v4/sports/soccer_germany_bundesliga/odds/,False,True,live,2026-09-18,Real current decimal odds from The Odds API. Opening/closing snapshots are not available on the free tier and are intentionally left blank.
BUNDESLIGA2627_MW05_039_1.FCUnionBerlin_SVElversberg,2026-27,5,2026-10-09,2026-10-09T00:00:00+00:00,1. FC Union Berlin,SV Elversberg,onexbet,spreads,,,,,,,,,,0.0,1.68,2.38,,,,,,current,,decimal,2026-09-18T10:07:21Z,the-odds-api.com,https://api.the-odds-api.com/v4/sports/soccer_germany_bundesliga/odds/,False,True,live,2026-09-18,Real current decimal odds from The Odds API. Opening/closing snapshots are not available on the free tier and are intentionally left blank.
BUNDESLIGA2627_MW05_039_1.FCUnionBerlin_SVElversberg,2026-27,5,2026-10-09,2026-10-09T00:00:00+00:00,1. FC Union Berlin,SV Elversberg,bovada,spreads,,,,,,,,,,-0.25,1.89,1.93,,,,,,current,,decimal,2026-09-18T10:07:50Z,the-odds-api.com,https://api.the-odds-api.com/v4/sports/soccer_germany_bundesliga/odds/,False,True,live,2026-09-18,Real current decimal odds from The Odds API. Opening/closing snapshots are not available on the free tier and are intentionally left blank.
BUNDESLIGA2627_MW05_039_1.FCUnionBerlin_SVElversberg,2026-27,5,2026-10-09,2026-10-09T00:00:00+00:00,1. FC Union Berlin,SV Elversberg,pinnacle,totals,,,,,,,,,,,,,2.75,1.83,2.01,,,current,,decimal,2026-09-18T10:07:44Z,the-odds-api.com,https://api.the-odds-api.com/v4/sports/soccer_germany_bundesliga/odds/,False,True,live,2026-09-18,Real current decimal odds from The Odds API. Opening/closing snapshots are not available on the free tier and are intentionally left blank.
BUNDESLIGA2627_MW05_039_1.FCUnionBerlin_SVElversberg,2026-27,5,2026-10-09,2026-10-09T00:00:00+00:00,1. FC Union Berlin,SV Elversberg,leovegas,totals,,,,,,,,,,,,,2.5,1.6,2.15,,,current,,decimal,2026-09-18T10:07:01Z,the-odds-api.com,https://api.the-odds-api.com/v4/sports/soccer_germany_bundesliga/odds/,False,True,live,2026-09-18,Real current decimal odds from The Odds API. Opening/closing snapshots are not available on the free tier and are intentionally left blank.
BUNDESLIGA2627_MW05_039_1.FCUnionBerlin_SVElversberg,2026-27,5,2026-10-09,2026-10-09T00:00:00+00:00,1. FC Union Berlin,SV Elversberg,onexbet,totals,,,,,,,,,,,,,2.5,1.72,2.3,,,current,,decimal,2026-09-18T10:07:21Z,the-odds-api.com,https://api.the-odds-api.com/v4/sports/soccer_germany_bundesliga/odds/,False,True,live,2026-09-18,Real current decimal odds from The Odds API. Opening/closing snapshots are not available on the free tier and are intentionally left blank.
BUNDESLIGA2627_MW05_039_1.FCUnionBerlin_SVElversberg,2026-27,5,2026-10-09,2026-10-09T00:00:00+00:00,1. FC Union Berlin,SV Elversberg,codere_it,totals,,,,,,,,,,,,,2.5,1.61,2.14,,,current,,decimal,2026-09-18T10:07:44Z,the-odds-api.com,https://api.the-odds-api.com/v4/sports/soccer_germany_bundesliga/odds/,False,True,live,2026-09-18,Real current decimal odds from The Odds API. Opening/closing snapshots are not available on the free tier and are intentionally left blank.
BUNDESLIGA2627_MW05_039_1.FCUnionBerlin_SVElversberg,2026-27,5,2026-10-09,2026-10-09T00:00:00+00:00,1. FC Union Berlin,SV Elversberg,williamhill,totals,,,,,,,,,,,,,2.5,1.62,2.25,,,current,,decimal,2026-09-18T10:07:21Z,the-odds-api.com,https://api.the-odds-api.com/v4/sports/soccer_germany_bundesliga/odds/,False,True,live,2026-09-18,Real current decimal odds from The Odds API. Opening/closing snapshots are not available on the free tier and are intentionally left blank.
BUNDESLIGA2627_MW05_039_1.FCUnionBerlin_SVElversberg,2026-27,5,2026-10-09,2026-10-09T00:00:00+00:00,1. FC Union Berlin,SV Elversberg,tipico_de,totals,,,,,,,,,,,,,2.5,1.62,2.25,,,current,,decimal,2026-09-18T10:07:01Z,the-odds-api.com,https://api.the-odds-api.com/v4/sports/soccer_germany_bundesliga/odds/,False,True,live,2026-09-18,Real current decimal odds from The Odds API. Opening/closing snapshots are not available on the free tier and are intentionally left blank.
BUNDESLIGA2627_MW05_039_1.FCUnionBerlin_SVElversberg,2026-27,5,2026-10-09,2026-10-09T00:00:00+00:00,1. FC Union Berlin,SV Elversberg,bovada,totals,,,,,,,,,,,,,2.75,1.83,2.0,,,current,,decimal,2026-09-18T10:07:50Z,the-odds-api.com,https://api.the-odds-api.com/v4/sports/soccer_germany_bundesliga/odds/,False,True,live,2026-09-18,Real current decimal odds from The Odds API. Opening/closing snapshots are not available on the free tier and are intentionally left blank.
BUNDESLIGA2627_MW05_040_1.FSVMainz05_Bayer04Leverkusen,2026-27,5,2026-10-09,2026-10-09T00:00:00+00:00,1. FSV Mainz 05,Bayer 04 Leverkusen,,h2h,,,,,,,,,,,,,,,,,,unknown,,decimal,2026-09-18T10:07:51+00:00,none_available,,False,False,unavailable,2026-09-18,"The Odds API is configured and reachable, but has not yet posted this market for this fixture (bookmakers open different markets at different times before kickoff) -- genuinely unavailable, not a collector failure."
BUNDESLIGA2627_MW05_040_1.FSVMainz05_Bayer04Leverkusen,2026-27,5,2026-10-09,2026-10-09T00:00:00+00:00,1. FSV Mainz 05,Bayer 04 Leverkusen,,spreads,,,,,,,,,,,,,,,,,,unknown,,decimal,2026-09-18T10:07:51+00:00,none_available,,False,False,unavailable,2026-09-18,"The Odds API is configured and reachable, but has not yet posted this market for this fixture (bookmakers open different markets at different times before kickoff) -- genuinely unavailable, not a collector failure."
BUNDESLIGA2627_MW05_040_1.FSVMainz05_Bayer04Leverkusen,2026-27,5,2026-10-09,2026-10-09T00:00:00+00:00,1. FSV Mainz 05,Bayer 04 Leverkusen,,totals,,,,,,,,,,,,,,,,,,unknown,,decimal,2026-09-18T10:07:51+00:00,none_available,,False,False,unavailable,2026-09-18,"The Odds API is configured and reachable, but has not yet posted this market for this fixture (bookmakers open different markets at different times before kickoff) -- genuinely unavailable, not a collector failure."
BUNDESLIGA2627_MW05_041_FCAugsburg_FCBayernMünchen,2026-27,5,2026-10-09,2026-10-09T00:00:00+00:00,FC Augsburg,FC Bayern München,pinnacle,h2h,,,,9.12,8.0,1.21,,,,,,,,,,,,current,,decimal,2026-09-18T10:07:44Z,the-odds-api.com,https://api.the-odds-api.com/v4/sports/soccer_germany_bundesliga/odds/,False,True,live,2026-09-18,Real current decimal odds from The Odds API. Opening/closing snapshots are not available on the free tier and are intentionally left blank.
BUNDESLIGA2627_MW05_041_FCAugsburg_FCBayernMünchen,2026-27,5,2026-10-09,2026-10-09T00:00:00+00:00,FC Augsburg,FC Bayern München,leovegas,h2h,,,,8.0,7.0,1.22,,,,,,,,,,,,current,,decimal,2026-09-18T10:07:01Z,the-odds-api.com,https://api.the-odds-api.com/v4/sports/soccer_germany_bundesliga/odds/,False,True,live,2026-09-18,Real current decimal odds from The Odds API. Opening/closing snapshots are not available on the free tier and are intentionally left blank.
BUNDESLIGA2627_MW05_041_FCAugsburg_FCBayernMünchen,2026-27,5,2026-10-09,2026-10-09T00:00:00+00:00,FC Augsburg,FC Bayern München,betclic_fr,h2h,,,,7.75,6.4,1.2,,,,,,,,,,,,current,,decimal,2026-09-18T10:05:43Z,the-odds-api.com,https://api.the-odds-api.com/v4/sports/soccer_germany_bundesliga/odds/,False,True,live,2026-09-18,Real current decimal odds from The Odds API. Opening/closing snapshots are not available on the free tier and are intentionally left blank.
BUNDESLIGA2627_MW05_041_FCAugsburg_FCBayernMünchen,2026-27,5,2026-10-09,2026-10-09T00:00:00+00:00,FC Augsburg,FC Bayern München,betfred_uk,h2h,,,,10.0,7.5,1.22,,,,,,,,,,,,current,,decimal,2026-09-18T10:07:44Z,the-odds-api.com,https://api.the-odds-api.com/v4/sports/soccer_germany_bundesliga/odds/,False,True,live,2026-09-18,Real current decimal odds from The Odds API. Opening/closing snapshots are not available on the free tier and are intentionally left blank.
BUNDESLIGA2627_MW05_041_FCAugsburg_FCBayernMünchen,2026-27,5,2026-10-09,2026-10-09T00:00:00+00:00,FC Augsburg,FC Bayern München,onexbet,h2h,,,,11.1,8.25,1.24,,,,,,,,,,,,current,,decimal,2026-09-18T10:07:21Z,the-odds-api.com,https://api.the-odds-api.com/v4/sports/soccer_germany_bundesliga/odds/,False,True,live,2026-09-18,Real current decimal odds from The Odds API. Opening/closing snapshots are not available on the free tier and are intentionally left blank.
BUNDESLIGA2627_MW05_041_FCAugsburg_FCBayernMünchen,2026-27,5,2026-10-09,2026-10-09T00:00:00+00:00,FC Augsburg,FC Bayern München,winamax_de,h2h,,,,7.0,6.5,1.19,,,,,,,,,,,,current,,decimal,2026-09-18T10:07:46Z,the-odds-api.com,https://api.the-odds-api.com/v4/sports/soccer_germany_bundesliga/odds/,False,True,live,2026-09-18,Real current decimal odds from The Odds API. Opening/closing snapshots are not available on the free tier and are intentionally left blank.
BUNDESLIGA2627_MW05_041_FCAugsburg_FCBayernMünchen,2026-27,5,2026-10-09,2026-10-09T00:00:00+00:00,FC Augsburg,FC Bayern München,winamax_fr,h2h,,,,6.75,6.0,1.18,,,,,,,,,,,,current,,decimal,2026-09-18T10:07:45Z,the-odds-api.com,https://api.the-odds-api.com/v4/sports/soccer_germany_bundesliga/odds/,False,True,live,2026-09-18,Real current decimal odds from The Odds API. Opening/closing snapshots are not available on the free tier and are intentionally left blank.
BUNDESLIGA2627_MW05_041_FCAugsburg_FCBayernMünchen,2026-27,5,2026-10-09,2026-10-09T00:00:00+00:00,FC Augsburg,FC Bayern München,boylesports,h2h,,,,8.0,7.0,1.18,,,,,,,,,,,,current,,decimal,2026-09-18T10:06:39Z,the-odds-api.com,https://api.the-odds-api.com/v4/sports/soccer_germany_bundesliga/odds/,False,True,live,2026-09-18,Real current decimal odds from The Odds API. Opening/closing snapshots are not available on the free tier and are intentionally left blank.
BUNDESLIGA2627_MW05_041_FCAugsburg_FCBayernMünchen,2026-27,5,2026-10-09,2026-10-09T00:00:00+00:00,FC Augsburg,FC Bayern München,codere_it,h2h,,,,9.0,7.2,1.25,,,,,,,,,,,,current,,decimal,2026-09-18T10:07:44Z,the-odds-api.com,https://api.the-odds-api.com/v4/sports/soccer_germany_bundesliga/odds/,False,True,live,2026-09-18,Real current decimal odds from The Odds API. Opening/closing snapshots are not available on the free tier and are intentionally left blank.
BUNDESLIGA2627_MW05_041_FCAugsburg_FCBayernMünchen,2026-27,5,2026-10-09,2026-10-09T00:00:00+00:00,FC Augsburg,FC Bayern München,unibet_fr,h2h,,,,6.8,6.2,1.21,,,,,,,,,,,,current,,decimal,2026-09-18T10:07:44Z,the-odds-api.com,https://api.the-odds-api.com/v4/sports/soccer_germany_bundesliga/odds/,False,True,live,2026-09-18,Real current decimal odds from The Odds API. Opening/closing snapshots are not available on the free tier and are intentionally left blank.
BUNDESLIGA2627_MW05_041_FCAugsburg_FCBayernMünchen,2026-27,5,2026-10-09,2026-10-09T00:00:00+00:00,FC Augsburg,FC Bayern München,smarkets,h2h,,,,7.0,5.8,1.18,,,,,,,,,,,,current,,decimal,2026-09-18T10:07:47Z,the-odds-api.com,https://api.the-odds-api.com/v4/sports/soccer_germany_bundesliga/odds/,False,True,live,2026-09-18,Real current decimal odds from The Odds API. Opening/closing snapshots are not available on the free tier and are intentionally left blank.
BUNDESLIGA2627_MW05_041_FCAugsburg_FCBayernMünchen,2026-27,5,2026-10-09,2026-10-09T00:00:00+00:00,FC Augsburg,FC Bayern München,sport888,h2h,,,,9.5,7.0,1.2,,,,,,,,,,,,current,,decimal,2026-09-18T10:07:46Z,the-odds-api.com,https://api.the-odds-api.com/v4/sports/soccer_germany_bundesliga/odds/,False,True,live,2026-09-18,Real current decimal odds from The Odds API. Opening/closing snapshots are not available on the free tier and are intentionally left blank.
BUNDESLIGA2627_MW05_041_FCAugsburg_FCBayernMünchen,2026-27,5,2026-10-09,2026-10-09T00:00:00+00:00,FC Augsburg,FC Bayern München,williamhill,h2h,,,,9.5,7.0,1.2,,,,,,,,,,,,current,,decimal,2026-09-18T10:07:21Z,the-odds-api.com,https://api.the-odds-api.com/v4/sports/soccer_germany_bundesliga/odds/,False,True,live,2026-09-18,Real current decimal odds from The Odds API. Opening/closing snapshots are not available on the free tier and are intentionally left blank.
BUNDESLIGA2627_MW05_041_FCAugsburg_FCBayernMünchen,2026-27,5,2026-10-09,2026-10-09T00:00:00+00:00,FC Augsburg,FC Bayern München,draftkings,h2h,,,,8.5,7.0,1.18,,,,,,,,,,,,current,,decimal,2026-09-18T10:05:54Z,the-odds-api.com,https://api.the-odds-api.com/v4/sports/soccer_germany_bundesliga/odds/,False,True,live,2026-09-18,Real current decimal odds from The Odds API. Opening/closing snapshots are not available on the free tier and are intentionally left blank.
BUNDESLIGA2627_MW05_041_FCAugsburg_FCBayernMünchen,2026-27,5,2026-10-09,2026-10-09T00:00:00+00:00,FC Augsburg,FC Bayern München,tipico_de,h2h,,,,9.0,8.0,1.22,,,,,,,,,,,,current,,decimal,2026-09-18T10:07:01Z,the-odds-api.com,https://api.the-odds-api.com/v4/sports/soccer_germany_bundesliga/odds/,False,True,live,2026-09-18,Real current decimal odds from The Odds API. Opening/closing snapshots are not available on the free tier and are intentionally left blank.
BUNDESLIGA2627_MW05_041_FCAugsburg_FCBayernMünchen,2026-27,5,2026-10-09,2026-10-09T00:00:00+00:00,FC Augsburg,FC Bayern München,marathonbet,h2h,,,,10.5,7.8,1.22,,,,,,,,,,,,current,,decimal,2026-09-18T10:07:49Z,the-odds-api.com,https://api.the-odds-api.com/v4/sports/soccer_germany_bundesliga/odds/,False,True,live,2026-09-18,Real current decimal odds from The Odds API. Opening/closing snapshots are not available on the free tier and are intentionally left blank.
BUNDESLIGA2627_MW05_041_FCAugsburg_FCBayernMünchen,2026-27,5,2026-10-09,2026-10-09T00:00:00+00:00,FC Augsburg,FC Bayern München,bovada,h2h,,,,9.25,8.25,1.21,,,,,,,,,,,,current,,decimal,2026-09-18T10:07:50Z,the-odds-api.com,https://api.the-odds-api.com/v4/sports/soccer_germany_bundesliga/odds/,False,True,live,2026-09-18,Real current decimal odds from The Odds API. Opening/closing snapshots are not available on the free tier and are intentionally left blank.
BUNDESLIGA2627_MW05_041_FCAugsburg_FCBayernMünchen,2026-27,5,2026-10-09,2026-10-09T00:00:00+00:00,FC Augsburg,FC Bayern München,suprabets,h2h,,,,8.6,7.5,1.19,,,,,,,,,,,,current,,decimal,2026-09-18T10:05:27Z,the-odds-api.com,https://api.the-odds-api.com/v4/sports/soccer_germany_bundesliga/odds/,False,True,live,2026-09-18,Real current decimal odds from The Odds API. Opening/closing snapshots are not available on the free tier and are intentionally left blank.
BUNDESLIGA2627_MW05_041_FCAugsburg_FCBayernMünchen,2026-27,5,2026-10-09,2026-10-09T00:00:00+00:00,FC Augsburg,FC Bayern München,pinnacle,spreads,,,,,,,,,,2.0,2.03,1.82,,,,,,current,,decimal,2026-09-18T10:07:44Z,the-odds-api.com,https://api.the-odds-api.com/v4/sports/soccer_germany_bundesliga/odds/,False,True,live,2026-09-18,Real current decimal odds from The Odds API. Opening/closing snapshots are not available on the free tier and are intentionally left blank.
BUNDESLIGA2627_MW05_041_FCAugsburg_FCBayernMünchen,2026-27,5,2026-10-09,2026-10-09T00:00:00+00:00,FC Augsburg,FC Bayern München,onexbet,spreads,,,,,,,,,,2.5,1.71,2.32,,,,,,current,,decimal,2026-09-18T10:07:21Z,the-odds-api.com,https://api.the-odds-api.com/v4/sports/soccer_germany_bundesliga/odds/,False,True,live,2026-09-18,Real current decimal odds from The Odds API. Opening/closing snapshots are not available on the free tier and are intentionally left blank.
BUNDESLIGA2627_MW05_041_FCAugsburg_FCBayernMünchen,2026-27,5,2026-10-09,2026-10-09T00:00:00+00:00,FC Augsburg,FC Bayern München,bovada,spreads,,,,,,,,,,2.0,2.02,1.82,,,,,,current,,decimal,2026-09-18T10:07:50Z,the-odds-api.com,https://api.the-odds-api.com/v4/sports/soccer_germany_bundesliga/odds/,False,True,live,2026-09-18,Real current decimal odds from The Odds API. Opening/closing snapshots are not available on the free tier and are intentionally left blank.
BUNDESLIGA2627_MW05_041_FCAugsburg_FCBayernMünchen,2026-27,5,2026-10-09,2026-10-09T00:00:00+00:00,FC Augsburg,FC Bayern München,pinnacle,totals,,,,,,,,,,,,,4.5,1.97,1.85,,,current,,decimal,2026-09-18T10:07:44Z,the-odds-api.com,https://api.the-odds-api.com/v4/sports/soccer_germany_bundesliga/odds/,False,True,live,2026-09-18,Real current decimal odds from The Odds API. Opening/closing snapshots are not available on the free tier and are intentionally left blank.
BUNDESLIGA2627_MW05_041_FCAugsburg_FCBayernMünchen,2026-27,5,2026-10-09,2026-10-09T00:00:00+00:00,FC Augsburg,FC Bayern München,leovegas,totals,,,,,,,,,,,,,4.5,1.95,1.75,,,current,,decimal,2026-09-18T10:07:01Z,the-odds-api.com,https://api.the-odds-api.com/v4/sports/soccer_germany_bundesliga/odds/,False,True,live,2026-09-18,Real current decimal odds from The Odds API. Opening/closing snapshots are not available on the free tier and are intentionally left blank.
BUNDESLIGA2627_MW05_041_FCAugsburg_FCBayernMünchen,2026-27,5,2026-10-09,2026-10-09T00:00:00+00:00,FC Augsburg,FC Bayern München,onexbet,totals,,,,,,,,,,,,,4.5,2.08,1.87,,,current,,decimal,2026-09-18T10:07:21Z,the-odds-api.com,https://api.the-odds-api.com/v4/sports/soccer_germany_bundesliga/odds/,False,True,live,2026-09-18,Real current decimal odds from The Odds API. Opening/closing snapshots are not available on the free tier and are intentionally left blank.
BUNDESLIGA2627_MW05_041_FCAugsburg_FCBayernMünchen,2026-27,5,2026-10-09,2026-10-09T00:00:00+00:00,FC Augsburg,FC Bayern München,codere_it,totals,,,,,,,,,,,,,4.5,1.99,1.7,,,current,,decimal,2026-09-18T10:07:44Z,the-odds-api.com,https://api.the-odds-api.com/v4/sports/soccer_germany_bundesliga/odds/,False,True,live,2026-09-18,Real current decimal odds from The Odds API. Opening/closing snapshots are not available on the free tier and are intentionally left blank.
BUNDESLIGA2627_MW05_041_FCAugsburg_FCBayernMünchen,2026-27,5,2026-10-09,2026-10-09T00:00:00+00:00,FC Augsburg,FC Bayern München,williamhill,totals,,,,,,,,,,,,,2.5,1.15,5.5,,,current,,decimal,2026-09-18T10:07:21Z,the-odds-api.com,https://api.the-odds-api.com/v4/sports/soccer_germany_bundesliga/odds/,False,True,live,2026-09-18,Real current decimal odds from The Odds API. Opening/closing snapshots are not available on the free tier and are intentionally left blank.
BUNDESLIGA2627_MW05_041_FCAugsburg_FCBayernMünchen,2026-27,5,2026-10-09,2026-10-09T00:00:00+00:00,FC Augsburg,FC Bayern München,tipico_de,totals,,,,,,,,,,,,,4.5,1.95,1.77,,,current,,decimal,2026-09-18T10:07:01Z,the-odds-api.com,https://api.the-odds-api.com/v4/sports/soccer_germany_bundesliga/odds/,False,True,live,2026-09-18,Real current decimal odds from The Odds API. Opening/closing snapshots are not available on the free tier and are intentionally left blank.
BUNDESLIGA2627_MW05_041_FCAugsburg_FCBayernMünchen,2026-27,5,2026-10-09,2026-10-09T00:00:00+00:00,FC Augsburg,FC Bayern München,bovada,totals,,,,,,,,,,,,,4.5,1.98,1.85,,,current,,decimal,2026-09-18T10:07:50Z,the-odds-api.com,https://api.the-odds-api.com/v4/sports/soccer_germany_bundesliga/odds/,False,True,live,2026-09-18,Real current decimal odds from The Odds API. Opening/closing snapshots are not available on the free tier and are intentionally left blank.
BUNDESLIGA2627_MW05_042_Sport-ClubFreiburg_FCSchalke04,2026-27,5,2026-10-09,2026-10-09T00:00:00+00:00,Sport-Club Freiburg,FC Schalke 04,,h2h,,,,,,,,,,,,,,,,,,unknown,,decimal,2026-09-18T10:07:51+00:00,none_available,,False,False,unavailable,2026-09-18,"The Odds API is configured and reachable, but has not yet posted this market for this fixture (bookmakers open different markets at different times before kickoff) -- genuinely unavailable, not a collector failure."
BUNDESLIGA2627_MW05_042_Sport-ClubFreiburg_FCSchalke04,2026-27,5,2026-10-09,2026-10-09T00:00:00+00:00,Sport-Club Freiburg,FC Schalke 04,,spreads,,,,,,,,,,,,,,,,,,unknown,,decimal,2026-09-18T10:07:51+00:00,none_available,,False,False,unavailable,2026-09-18,"The Odds API is configured and reachable, but has not yet posted this market for this fixture (bookmakers open different markets at different times before kickoff) -- genuinely unavailable, not a collector failure."
BUNDESLIGA2627_MW05_042_Sport-ClubFreiburg_FCSchalke04,2026-27,5,2026-10-09,2026-10-09T00:00:00+00:00,Sport-Club Freiburg,FC Schalke 04,,totals,,,,,,,,,,,,,,,,,,unknown,,decimal,2026-09-18T10:07:51+00:00,none_available,,False,False,unavailable,2026-09-18,"The Odds API is configured and reachable, but has not yet posted this market for this fixture (bookmakers open different markets at different times before kickoff) -- genuinely unavailable, not a collector failure."
BUNDESLIGA2627_MW05_043_TSGHoffenheim_HamburgerSV,2026-27,5,2026-10-09,2026-10-09T00:00:00+00:00,TSG Hoffenheim,Hamburger SV,pinnacle,h2h,,,,1.34,5.21,8.27,,,,,,,,,,,,current,,decimal,2026-09-18T10:07:44Z,the-odds-api.com,https://api.the-odds-api.com/v4/sports/soccer_germany_bundesliga/odds/,False,True,live,2026-09-18,Real current decimal odds from The Odds API. Opening/closing snapshots are not available on the free tier and are intentionally left blank.
BUNDESLIGA2627_MW05_043_TSGHoffenheim_HamburgerSV,2026-27,5,2026-10-09,2026-10-09T00:00:00+00:00,TSG Hoffenheim,Hamburger SV,leovegas,h2h,,,,1.32,5.4,7.0,,,,,,,,,,,,current,,decimal,2026-09-18T10:07:01Z,the-odds-api.com,https://api.the-odds-api.com/v4/sports/soccer_germany_bundesliga/odds/,False,True,live,2026-09-18,Real current decimal odds from The Odds API. Opening/closing snapshots are not available on the free tier and are intentionally left blank.
BUNDESLIGA2627_MW05_043_TSGHoffenheim_HamburgerSV,2026-27,5,2026-10-09,2026-10-09T00:00:00+00:00,TSG Hoffenheim,Hamburger SV,betclic_fr,h2h,,,,1.28,5.25,6.9,,,,,,,,,,,,current,,decimal,2026-09-18T10:05:43Z,the-odds-api.com,https://api.the-odds-api.com/v4/sports/soccer_germany_bundesliga/odds/,False,True,live,2026-09-18,Real current decimal odds from The Odds API. Opening/closing snapshots are not available on the free tier and are intentionally left blank.
BUNDESLIGA2627_MW05_043_TSGHoffenheim_HamburgerSV,2026-27,5,2026-10-09,2026-10-09T00:00:00+00:00,TSG Hoffenheim,Hamburger SV,betfred_uk,h2h,,,,1.33,5.5,8.5,,,,,,,,,,,,current,,decimal,2026-09-18T10:07:44Z,the-odds-api.com,https://api.the-odds-api.com/v4/sports/soccer_germany_bundesliga/odds/,False,True,live,2026-09-18,Real current decimal odds from The Odds API. Opening/closing snapshots are not available on the free tier and are intentionally left blank.
BUNDESLIGA2627_MW05_043_TSGHoffenheim_HamburgerSV,2026-27,5,2026-10-09,2026-10-09T00:00:00+00:00,TSG Hoffenheim,Hamburger SV,onexbet,h2h,,,,1.39,5.57,8.75,,,,,,,,,,,,current,,decimal,2026-09-18T10:07:21Z,the-odds-api.com,https://api.the-odds-api.com/v4/sports/soccer_germany_bundesliga/odds/,False,True,live,2026-09-18,Real current decimal odds from The Odds API. Opening/closing snapshots are not available on the free tier and are intentionally left blank.
BUNDESLIGA2627_MW05_043_TSGHoffenheim_HamburgerSV,2026-27,5,2026-10-09,2026-10-09T00:00:00+00:00,TSG Hoffenheim,Hamburger SV,winamax_de,h2h,,,,1.27,5.2,6.25,,,,,,,,,,,,current,,decimal,2026-09-18T10:07:46Z,the-odds-api.com,https://api.the-odds-api.com/v4/sports/soccer_germany_bundesliga/odds/,False,True,live,2026-09-18,Real current decimal odds from The Odds API. Opening/closing snapshots are not available on the free tier and are intentionally left blank.
BUNDESLIGA2627_MW05_043_TSGHoffenheim_HamburgerSV,2026-27,5,2026-10-09,2026-10-09T00:00:00+00:00,TSG Hoffenheim,Hamburger SV,winamax_fr,h2h,,,,1.26,5.1,6.0,,,,,,,,,,,,current,,decimal,2026-09-18T10:07:45Z,the-odds-api.com,https://api.the-odds-api.com/v4/sports/soccer_germany_bundesliga/odds/,False,True,live,2026-09-18,Real current decimal odds from The Odds API. Opening/closing snapshots are not available on the free tier and are intentionally left blank.
BUNDESLIGA2627_MW05_043_TSGHoffenheim_HamburgerSV,2026-27,5,2026-10-09,2026-10-09T00:00:00+00:00,TSG Hoffenheim,Hamburger SV,boylesports,h2h,,,,1.3,5.0,7.0,,,,,,,,,,,,current,,decimal,2026-09-18T10:06:39Z,the-odds-api.com,https://api.the-odds-api.com/v4/sports/soccer_germany_bundesliga/odds/,False,True,live,2026-09-18,Real current decimal odds from The Odds API. Opening/closing snapshots are not available on the free tier and are intentionally left blank.
BUNDESLIGA2627_MW05_043_TSGHoffenheim_HamburgerSV,2026-27,5,2026-10-09,2026-10-09T00:00:00+00:00,TSG Hoffenheim,Hamburger SV,codere_it,h2h,,,,1.34,5.8,7.6,,,,,,,,,,,,current,,decimal,2026-09-18T10:07:44Z,the-odds-api.com,https://api.the-odds-api.com/v4/sports/soccer_germany_bundesliga/odds/,False,True,live,2026-09-18,Real current decimal odds from The Odds API. Opening/closing snapshots are not available on the free tier and are intentionally left blank.
BUNDESLIGA2627_MW05_043_TSGHoffenheim_HamburgerSV,2026-27,5,2026-10-09,2026-10-09T00:00:00+00:00,TSG Hoffenheim,Hamburger SV,unibet_fr,h2h,,,,1.26,5.1,6.7,,,,,,,,,,,,current,,decimal,2026-09-18T10:07:44Z,the-odds-api.com,https://api.the-odds-api.com/v4/sports/soccer_germany_bundesliga/odds/,False,True,live,2026-09-18,Real current decimal odds from The Odds API. Opening/closing snapshots are not available on the free tier and are intentionally left blank.
BUNDESLIGA2627_MW05_043_TSGHoffenheim_HamburgerSV,2026-27,5,2026-10-09,2026-10-09T00:00:00+00:00,TSG Hoffenheim,Hamburger SV,smarkets,h2h,,,,1.26,4.8,6.0,,,,,,,,,,,,current,,decimal,2026-09-18T10:07:47Z,the-odds-api.com,https://api.the-odds-api.com/v4/sports/soccer_germany_bundesliga/odds/,False,True,live,2026-09-18,Real current decimal odds from The Odds API. Opening/closing snapshots are not available on the free tier and are intentionally left blank.
BUNDESLIGA2627_MW05_043_TSGHoffenheim_HamburgerSV,2026-27,5,2026-10-09,2026-10-09T00:00:00+00:00,TSG Hoffenheim,Hamburger SV,sport888,h2h,,,,1.33,5.0,7.5,,,,,,,,,,,,current,,decimal,2026-09-18T10:07:46Z,the-odds-api.com,https://api.the-odds-api.com/v4/sports/soccer_germany_bundesliga/odds/,False,True,live,2026-09-18,Real current decimal odds from The Odds API. Opening/closing snapshots are not available on the free tier and are intentionally left blank.
BUNDESLIGA2627_MW05_043_TSGHoffenheim_HamburgerSV,2026-27,5,2026-10-09,2026-10-09T00:00:00+00:00,TSG Hoffenheim,Hamburger SV,williamhill,h2h,,,,1.35,5.0,7.5,,,,,,,,,,,,current,,decimal,2026-09-18T10:07:21Z,the-odds-api.com,https://api.the-odds-api.com/v4/sports/soccer_germany_bundesliga/odds/,False,True,live,2026-09-18,Real current decimal odds from The Odds API. Opening/closing snapshots are not available on the free tier and are intentionally left blank.
BUNDESLIGA2627_MW05_043_TSGHoffenheim_HamburgerSV,2026-27,5,2026-10-09,2026-10-09T00:00:00+00:00,TSG Hoffenheim,Hamburger SV,draftkings,h2h,,,,1.31,4.8,7.5,,,,,,,,,,,,current,,decimal,2026-09-18T10:05:54Z,the-odds-api.com,https://api.the-odds-api.com/v4/sports/soccer_germany_bundesliga/odds/,False,True,live,2026-09-18,Real current decimal odds from The Odds API. Opening/closing snapshots are not available on the free tier and are intentionally left blank.
BUNDESLIGA2627_MW05_043_TSGHoffenheim_HamburgerSV,2026-27,5,2026-10-09,2026-10-09T00:00:00+00:00,TSG Hoffenheim,Hamburger SV,tipico_de,h2h,,,,1.32,5.7,8.2,,,,,,,,,,,,current,,decimal,2026-09-18T10:07:01Z,the-odds-api.com,https://api.the-odds-api.com/v4/sports/soccer_germany_bundesliga/odds/,False,True,live,2026-09-18,Real current decimal odds from The Odds API. Opening/closing snapshots are not available on the free tier and are intentionally left blank.
BUNDESLIGA2627_MW05_043_TSGHoffenheim_HamburgerSV,2026-27,5,2026-10-09,2026-10-09T00:00:00+00:00,TSG Hoffenheim,Hamburger SV,marathonbet,h2h,,,,1.35,5.4,8.5,,,,,,,,,,,,current,,decimal,2026-09-18T10:07:49Z,the-odds-api.com,https://api.the-odds-api.com/v4/sports/soccer_germany_bundesliga/odds/,False,True,live,2026-09-18,Real current decimal odds from The Odds API. Opening/closing snapshots are not available on the free tier and are intentionally left blank.
BUNDESLIGA2627_MW05_043_TSGHoffenheim_HamburgerSV,2026-27,5,2026-10-09,2026-10-09T00:00:00+00:00,TSG Hoffenheim,Hamburger SV,bovada,h2h,,,,1.34,5.25,8.25,,,,,,,,,,,,current,,decimal,2026-09-18T10:07:50Z,the-odds-api.com,https://api.the-odds-api.com/v4/sports/soccer_germany_bundesliga/odds/,False,True,live,2026-09-18,Real current decimal odds from The Odds API. Opening/closing snapshots are not available on the free tier and are intentionally left blank.
BUNDESLIGA2627_MW05_043_TSGHoffenheim_HamburgerSV,2026-27,5,2026-10-09,2026-10-09T00:00:00+00:00,TSG Hoffenheim,Hamburger SV,suprabets,h2h,,,,1.32,4.9,7.8,,,,,,,,,,,,current,,decimal,2026-09-18T10:05:27Z,the-odds-api.com,https://api.the-odds-api.com/v4/sports/soccer_germany_bundesliga/odds/,False,True,live,2026-09-18,Real current decimal odds from The Odds API. Opening/closing snapshots are not available on the free tier and are intentionally left blank.
BUNDESLIGA2627_MW05_043_TSGHoffenheim_HamburgerSV,2026-27,5,2026-10-09,2026-10-09T00:00:00+00:00,TSG Hoffenheim,Hamburger SV,pinnacle,spreads,,,,,,,,,,-1.5,1.89,1.96,,,,,,current,,decimal,2026-09-18T10:07:44Z,the-odds-api.com,https://api.the-odds-api.com/v4/sports/soccer_germany_bundesliga/odds/,False,True,live,2026-09-18,Real current decimal odds from The Odds API. Opening/closing snapshots are not available on the free tier and are intentionally left blank.
BUNDESLIGA2627_MW05_043_TSGHoffenheim_HamburgerSV,2026-27,5,2026-10-09,2026-10-09T00:00:00+00:00,TSG Hoffenheim,Hamburger SV,onexbet,spreads,,,,,,,,,,-1.5,1.94,2.0,,,,,,current,,decimal,2026-09-18T10:07:21Z,the-odds-api.com,https://api.the-odds-api.com/v4/sports/soccer_germany_bundesliga/odds/,False,True,live,2026-09-18,Real current decimal odds from The Odds API. Opening/closing snapshots are not available on the free tier and are intentionally left blank.
BUNDESLIGA2627_MW05_043_TSGHoffenheim_HamburgerSV,2026-27,5,2026-10-09,2026-10-09T00:00:00+00:00,TSG Hoffenheim,Hamburger SV,bovada,spreads,,,,,,,,,,-1.5,1.87,1.95,,,,,,current,,decimal,2026-09-18T10:07:50Z,the-odds-api.com,https://api.the-odds-api.com/v4/sports/soccer_germany_bundesliga/odds/,False,True,live,2026-09-18,Real current decimal odds from The Odds API. Opening/closing snapshots are not available on the free tier and are intentionally left blank.
BUNDESLIGA2627_MW05_043_TSGHoffenheim_HamburgerSV,2026-27,5,2026-10-09,2026-10-09T00:00:00+00:00,TSG Hoffenheim,Hamburger SV,pinnacle,totals,,,,,,,,,,,,,3.5,1.99,1.85,,,current,,decimal,2026-09-18T10:07:44Z,the-odds-api.com,https://api.the-odds-api.com/v4/sports/soccer_germany_bundesliga/odds/,False,True,live,2026-09-18,Real current decimal odds from The Odds API. Opening/closing snapshots are not available on the free tier and are intentionally left blank.
BUNDESLIGA2627_MW05_043_TSGHoffenheim_HamburgerSV,2026-27,5,2026-10-09,2026-10-09T00:00:00+00:00,TSG Hoffenheim,Hamburger SV,leovegas,totals,,,,,,,,,,,,,3.5,1.88,1.8,,,current,,decimal,2026-09-18T10:07:01Z,the-odds-api.com,https://api.the-odds-api.com/v4/sports/soccer_germany_bundesliga/odds/,False,True,live,2026-09-18,Real current decimal odds from The Odds API. Opening/closing snapshots are not available on the free tier and are intentionally left blank.
BUNDESLIGA2627_MW05_043_TSGHoffenheim_HamburgerSV,2026-27,5,2026-10-09,2026-10-09T00:00:00+00:00,TSG Hoffenheim,Hamburger SV,onexbet,totals,,,,,,,,,,,,,3.5,2.03,1.91,,,current,,decimal,2026-09-18T10:07:21Z,the-odds-api.com,https://api.the-odds-api.com/v4/sports/soccer_germany_bundesliga/odds/,False,True,live,2026-09-18,Real current decimal odds from The Odds API. Opening/closing snapshots are not available on the free tier and are intentionally left blank.
BUNDESLIGA2627_MW05_043_TSGHoffenheim_HamburgerSV,2026-27,5,2026-10-09,2026-10-09T00:00:00+00:00,TSG Hoffenheim,Hamburger SV,codere_it,totals,,,,,,,,,,,,,3.5,1.9,1.77,,,current,,decimal,2026-09-18T10:07:44Z,the-odds-api.com,https://api.the-odds-api.com/v4/sports/soccer_germany_bundesliga/odds/,False,True,live,2026-09-18,Real current decimal odds from The Odds API. Opening/closing snapshots are not available on the free tier and are intentionally left blank.
BUNDESLIGA2627_MW05_043_TSGHoffenheim_HamburgerSV,2026-27,5,2026-10-09,2026-10-09T00:00:00+00:00,TSG Hoffenheim,Hamburger SV,williamhill,totals,,,,,,,,,,,,,2.5,1.36,3.0,,,current,,decimal,2026-09-18T10:07:21Z,the-odds-api.com,https://api.the-odds-api.com/v4/sports/soccer_germany_bundesliga/odds/,False,True,live,2026-09-18,Real current decimal odds from The Odds API. Opening/closing snapshots are not available on the free tier and are intentionally left blank.
BUNDESLIGA2627_MW05_043_TSGHoffenheim_HamburgerSV,2026-27,5,2026-10-09,2026-10-09T00:00:00+00:00,TSG Hoffenheim,Hamburger SV,tipico_de,totals,,,,,,,,,,,,,3.5,1.87,1.85,,,current,,decimal,2026-09-18T10:07:01Z,the-odds-api.com,https://api.the-odds-api.com/v4/sports/soccer_germany_bundesliga/odds/,False,True,live,2026-09-18,Real current decimal odds from The Odds API. Opening/closing snapshots are not available on the free tier and are intentionally left blank.
BUNDESLIGA2627_MW05_043_TSGHoffenheim_HamburgerSV,2026-27,5,2026-10-09,2026-10-09T00:00:00+00:00,TSG Hoffenheim,Hamburger SV,bovada,totals,,,,,,,,,,,,,3.5,1.98,1.85,,,current,,decimal,2026-09-18T10:07:50Z,the-odds-api.com,https://api.the-odds-api.com/v4/sports/soccer_germany_bundesliga/odds/,False,True,live,2026-09-18,Real current decimal odds from The Odds API. Opening/closing snapshots are not available on the free tier and are intentionally left blank.
BUNDESLIGA2627_MW05_044_RBLeipzig_EintrachtFrankfurt,2026-27,5,2026-10-09,2026-10-09T00:00:00+00:00,RB Leipzig,Eintracht Frankfurt,pinnacle,h2h,,,,1.53,4.85,5.05,,,,,,,,,,,,current,,decimal,2026-09-18T10:07:44Z,the-odds-api.com,https://api.the-odds-api.com/v4/sports/soccer_germany_bundesliga/odds/,False,True,live,2026-09-18,Real current decimal odds from The Odds API. Opening/closing snapshots are not available on the free tier and are intentionally left blank.
BUNDESLIGA2627_MW05_044_RBLeipzig_EintrachtFrankfurt,2026-27,5,2026-10-09,2026-10-09T00:00:00+00:00,RB Leipzig,Eintracht Frankfurt,leovegas,h2h,,,,1.5,4.7,4.8,,,,,,,,,,,,current,,decimal,2026-09-18T10:07:01Z,the-odds-api.com,https://api.the-odds-api.com/v4/sports/soccer_germany_bundesliga/odds/,False,True,live,2026-09-18,Real current decimal odds from The Odds API. Opening/closing snapshots are not available on the free tier and are intentionally left blank.
BUNDESLIGA2627_MW05_044_RBLeipzig_EintrachtFrankfurt,2026-27,5,2026-10-09,2026-10-09T00:00:00+00:00,RB Leipzig,Eintracht Frankfurt,betclic_fr,h2h,,,,1.46,4.45,4.75,,,,,,,,,,,,current,,decimal,2026-09-18T10:05:43Z,the-odds-api.com,https://api.the-odds-api.com/v4/sports/soccer_germany_bundesliga/odds/,False,True,live,2026-09-18,Real current decimal odds from The Odds API. Opening/closing snapshots are not available on the free tier and are intentionally left blank.
BUNDESLIGA2627_MW05_044_RBLeipzig_EintrachtFrankfurt,2026-27,5,2026-10-09,2026-10-09T00:00:00+00:00,RB Leipzig,Eintracht Frankfurt,betfred_uk,h2h,,,,1.53,5.0,5.0,,,,,,,,,,,,current,,decimal,2026-09-18T10:07:44Z,the-odds-api.com,https://api.the-odds-api.com/v4/sports/soccer_germany_bundesliga/odds/,False,True,live,2026-09-18,Real current decimal odds from The Odds API. Opening/closing snapshots are not available on the free tier and are intentionally left blank.
BUNDESLIGA2627_MW05_044_RBLeipzig_EintrachtFrankfurt,2026-27,5,2026-10-09,2026-10-09T00:00:00+00:00,RB Leipzig,Eintracht Frankfurt,onexbet,h2h,,,,1.58,5.08,5.34,,,,,,,,,,,,current,,decimal,2026-09-18T10:07:21Z,the-odds-api.com,https://api.the-odds-api.com/v4/sports/soccer_germany_bundesliga/odds/,False,True,live,2026-09-18,Real current decimal odds from The Odds API. Opening/closing snapshots are not available on the free tier and are intentionally left blank.
BUNDESLIGA2627_MW05_044_RBLeipzig_EintrachtFrankfurt,2026-27,5,2026-10-09,2026-10-09T00:00:00+00:00,RB Leipzig,Eintracht Frankfurt,winamax_de,h2h,,,,1.45,4.4,4.5,,,,,,,,,,,,current,,decimal,2026-09-18T10:07:46Z,the-odds-api.com,https://api.the-odds-api.com/v4/sports/soccer_germany_bundesliga/odds/,False,True,live,2026-09-18,Real current decimal odds from The Odds API. Opening/closing snapshots are not available on the free tier and are intentionally left blank.
BUNDESLIGA2627_MW05_044_RBLeipzig_EintrachtFrankfurt,2026-27,5,2026-10-09,2026-10-09T00:00:00+00:00,RB Leipzig,Eintracht Frankfurt,winamax_fr,h2h,,,,1.44,4.3,4.3,,,,,,,,,,,,current,,decimal,2026-09-18T10:07:45Z,the-odds-api.com,https://api.the-odds-api.com/v4/sports/soccer_germany_bundesliga/odds/,False,True,live,2026-09-18,Real current decimal odds from The Odds API. Opening/closing snapshots are not available on the free tier and are intentionally left blank.
BUNDESLIGA2627_MW05_044_RBLeipzig_EintrachtFrankfurt,2026-27,5,2026-10-09,2026-10-09T00:00:00+00:00,RB Leipzig,Eintracht Frankfurt,boylesports,h2h,,,,1.44,4.5,4.5,,,,,,,,,,,,current,,decimal,2026-09-18T10:06:39Z,the-odds-api.com,https://api.the-odds-api.com/v4/sports/soccer_germany_bundesliga/odds/,False,True,live,2026-09-18,Real current decimal odds from The Odds API. Opening/closing snapshots are not available on the free tier and are intentionally left blank.
BUNDESLIGA2627_MW05_044_RBLeipzig_EintrachtFrankfurt,2026-27,5,2026-10-09,2026-10-09T00:00:00+00:00,RB Leipzig,Eintracht Frankfurt,codere_it,h2h,,,,1.54,4.8,5.2,,,,,,,,,,,,current,,decimal,2026-09-18T10:07:44Z,the-odds-api.com,https://api.the-odds-api.com/v4/sports/soccer_germany_bundesliga/odds/,False,True,live,2026-09-18,Real current decimal odds from The Odds API. Opening/closing snapshots are not available on the free tier and are intentionally left blank.
BUNDESLIGA2627_MW05_044_RBLeipzig_EintrachtFrankfurt,2026-27,5,2026-10-09,2026-10-09T00:00:00+00:00,RB Leipzig,Eintracht Frankfurt,unibet_fr,h2h,,,,1.43,4.4,4.7,,,,,,,,,,,,current,,decimal,2026-09-18T10:07:44Z,the-odds-api.com,https://api.the-odds-api.com/v4/sports/soccer_germany_bundesliga/odds/,False,True,live,2026-09-18,Real current decimal odds from The Odds API. Opening/closing snapshots are not available on the free tier and are intentionally left blank.
BUNDESLIGA2627_MW05_044_RBLeipzig_EintrachtFrankfurt,2026-27,5,2026-10-09,2026-10-09T00:00:00+00:00,RB Leipzig,Eintracht Frankfurt,smarkets,h2h,,,,1.44,4.1,4.4,,,,,,,,,,,,current,,decimal,2026-09-18T10:07:47Z,the-odds-api.com,https://api.the-odds-api.com/v4/sports/soccer_germany_bundesliga/odds/,False,True,live,2026-09-18,Real current decimal odds from The Odds API. Opening/closing snapshots are not available on the free tier and are intentionally left blank.
BUNDESLIGA2627_MW05_044_RBLeipzig_EintrachtFrankfurt,2026-27,5,2026-10-09,2026-10-09T00:00:00+00:00,RB Leipzig,Eintracht Frankfurt,sport888,h2h,,,,1.53,4.6,4.75,,,,,,,,,,,,current,,decimal,2026-09-18T10:07:46Z,the-odds-api.com,https://api.the-odds-api.com/v4/sports/soccer_germany_bundesliga/odds/,False,True,live,2026-09-18,Real current decimal odds from The Odds API. Opening/closing snapshots are not available on the free tier and are intentionally left blank.
BUNDESLIGA2627_MW05_044_RBLeipzig_EintrachtFrankfurt,2026-27,5,2026-10-09,2026-10-09T00:00:00+00:00,RB Leipzig,Eintracht Frankfurt,williamhill,h2h,,,,1.53,4.6,4.75,,,,,,,,,,,,current,,decimal,2026-09-18T10:07:21Z,the-odds-api.com,https://api.the-odds-api.com/v4/sports/soccer_germany_bundesliga/odds/,False,True,live,2026-09-18,Real current decimal odds from The Odds API. Opening/closing snapshots are not available on the free tier and are intentionally left blank.
BUNDESLIGA2627_MW05_044_RBLeipzig_EintrachtFrankfurt,2026-27,5,2026-10-09,2026-10-09T00:00:00+00:00,RB Leipzig,Eintracht Frankfurt,draftkings,h2h,,,,1.49,4.5,4.7,,,,,,,,,,,,current,,decimal,2026-09-18T10:05:54Z,the-odds-api.com,https://api.the-odds-api.com/v4/sports/soccer_germany_bundesliga/odds/,False,True,live,2026-09-18,Real current decimal odds from The Odds API. Opening/closing snapshots are not available on the free tier and are intentionally left blank.
BUNDESLIGA2627_MW05_044_RBLeipzig_EintrachtFrankfurt,2026-27,5,2026-10-09,2026-10-09T00:00:00+00:00,RB Leipzig,Eintracht Frankfurt,tipico_de,h2h,,,,1.52,5.2,4.9,,,,,,,,,,,,current,,decimal,2026-09-18T10:07:01Z,the-odds-api.com,https://api.the-odds-api.com/v4/sports/soccer_germany_bundesliga/odds/,False,True,live,2026-09-18,Real current decimal odds from The Odds API. Opening/closing snapshots are not available on the free tier and are intentionally left blank.
BUNDESLIGA2627_MW05_044_RBLeipzig_EintrachtFrankfurt,2026-27,5,2026-10-09,2026-10-09T00:00:00+00:00,RB Leipzig,Eintracht Frankfurt,marathonbet,h2h,,,,1.54,4.95,5.2,,,,,,,,,,,,current,,decimal,2026-09-18T10:07:49Z,the-odds-api.com,https://api.the-odds-api.com/v4/sports/soccer_germany_bundesliga/odds/,False,True,live,2026-09-18,Real current decimal odds from The Odds API. Opening/closing snapshots are not available on the free tier and are intentionally left blank.
BUNDESLIGA2627_MW05_044_RBLeipzig_EintrachtFrankfurt,2026-27,5,2026-10-09,2026-10-09T00:00:00+00:00,RB Leipzig,Eintracht Frankfurt,bovada,h2h,,,,1.54,4.9,5.1,,,,,,,,,,,,current,,decimal,2026-09-18T10:07:50Z,the-odds-api.com,https://api.the-odds-api.com/v4/sports/soccer_germany_bundesliga/odds/,False,True,live,2026-09-18,Real current decimal odds from The Odds API. Opening/closing snapshots are not available on the free tier and are intentionally left blank.
BUNDESLIGA2627_MW05_044_RBLeipzig_EintrachtFrankfurt,2026-27,5,2026-10-09,2026-10-09T00:00:00+00:00,RB Leipzig,Eintracht Frankfurt,suprabets,h2h,,,,1.5,4.6,4.8,,,,,,,,,,,,current,,decimal,2026-09-18T10:05:27Z,the-odds-api.com,https://api.the-odds-api.com/v4/sports/soccer_germany_bundesliga/odds/,False,True,live,2026-09-18,Real current decimal odds from The Odds API. Opening/closing snapshots are not available on the free tier and are intentionally left blank.
BUNDESLIGA2627_MW05_044_RBLeipzig_EintrachtFrankfurt,2026-27,5,2026-10-09,2026-10-09T00:00:00+00:00,RB Leipzig,Eintracht Frankfurt,pinnacle,spreads,,,,,,,,,,-1.0,1.84,2.02,,,,,,current,,decimal,2026-09-18T10:07:44Z,the-odds-api.com,https://api.the-odds-api.com/v4/sports/soccer_germany_bundesliga/odds/,False,True,live,2026-09-18,Real current decimal odds from The Odds API. Opening/closing snapshots are not available on the free tier and are intentionally left blank.
BUNDESLIGA2627_MW05_044_RBLeipzig_EintrachtFrankfurt,2026-27,5,2026-10-09,2026-10-09T00:00:00+00:00,RB Leipzig,Eintracht Frankfurt,onexbet,spreads,,,,,,,,,,-1.5,2.37,1.68,,,,,,current,,decimal,2026-09-18T10:07:21Z,the-odds-api.com,https://api.the-odds-api.com/v4/sports/soccer_germany_bundesliga/odds/,False,True,live,2026-09-18,Real current decimal odds from The Odds API. Opening/closing snapshots are not available on the free tier and are intentionally left blank.
BUNDESLIGA2627_MW05_044_RBLeipzig_EintrachtFrankfurt,2026-27,5,2026-10-09,2026-10-09T00:00:00+00:00,RB Leipzig,Eintracht Frankfurt,bovada,spreads,,,,,,,,,,-1.0,1.83,2.0,,,,,,current,,decimal,2026-09-18T10:07:50Z,the-odds-api.com,https://api.the-odds-api.com/v4/sports/soccer_germany_bundesliga/odds/,False,True,live,2026-09-18,Real current decimal odds from The Odds API. Opening/closing snapshots are not available on the free tier and are intentionally left blank.
BUNDESLIGA2627_MW05_044_RBLeipzig_EintrachtFrankfurt,2026-27,5,2026-10-09,2026-10-09T00:00:00+00:00,RB Leipzig,Eintracht Frankfurt,pinnacle,totals,,,,,,,,,,,,,3.5,1.83,2.01,,,current,,decimal,2026-09-18T10:07:44Z,the-odds-api.com,https://api.the-odds-api.com/v4/sports/soccer_germany_bundesliga/odds/,False,True,live,2026-09-18,Real current decimal odds from The Odds API. Opening/closing snapshots are not available on the free tier and are intentionally left blank.
BUNDESLIGA2627_MW05_044_RBLeipzig_EintrachtFrankfurt,2026-27,5,2026-10-09,2026-10-09T00:00:00+00:00,RB Leipzig,Eintracht Frankfurt,leovegas,totals,,,,,,,,,,,,,3.5,1.77,1.9,,,current,,decimal,2026-09-18T10:07:01Z,the-odds-api.com,https://api.the-odds-api.com/v4/sports/soccer_germany_bundesliga/odds/,False,True,live,2026-09-18,Real current decimal odds from The Odds API. Opening/closing snapshots are not available on the free tier and are intentionally left blank.
BUNDESLIGA2627_MW05_044_RBLeipzig_EintrachtFrankfurt,2026-27,5,2026-10-09,2026-10-09T00:00:00+00:00,RB Leipzig,Eintracht Frankfurt,onexbet,totals,,,,,,,,,,,,,3.5,1.9,2.05,,,current,,decimal,2026-09-18T10:07:21Z,the-odds-api.com,https://api.the-odds-api.com/v4/sports/soccer_germany_bundesliga/odds/,False,True,live,2026-09-18,Real current decimal odds from The Odds API. Opening/closing snapshots are not available on the free tier and are intentionally left blank.
BUNDESLIGA2627_MW05_044_RBLeipzig_EintrachtFrankfurt,2026-27,5,2026-10-09,2026-10-09T00:00:00+00:00,RB Leipzig,Eintracht Frankfurt,codere_it,totals,,,,,,,,,,,,,3.5,1.8,1.87,,,current,,decimal,2026-09-18T10:07:44Z,the-odds-api.com,https://api.the-odds-api.com/v4/sports/soccer_germany_bundesliga/odds/,False,True,live,2026-09-18,Real current decimal odds from The Odds API. Opening/closing snapshots are not available on the free tier and are intentionally left blank.
BUNDESLIGA2627_MW05_044_RBLeipzig_EintrachtFrankfurt,2026-27,5,2026-10-09,2026-10-09T00:00:00+00:00,RB Leipzig,Eintracht Frankfurt,williamhill,totals,,,,,,,,,,,,,2.5,1.3,3.4,,,current,,decimal,2026-09-18T10:07:21Z,the-odds-api.com,https://api.the-odds-api.com/v4/sports/soccer_germany_bundesliga/odds/,False,True,live,2026-09-18,Real current decimal odds from The Odds API. Opening/closing snapshots are not available on the free tier and are intentionally left blank.
BUNDESLIGA2627_MW05_044_RBLeipzig_EintrachtFrankfurt,2026-27,5,2026-10-09,2026-10-09T00:00:00+00:00,RB Leipzig,Eintracht Frankfurt,tipico_de,totals,,,,,,,,,,,,,3.5,1.75,1.97,,,current,,decimal,2026-09-18T10:07:01Z,the-odds-api.com,https://api.the-odds-api.com/v4/sports/soccer_germany_bundesliga/odds/,False,True,live,2026-09-18,Real current decimal odds from The Odds API. Opening/closing snapshots are not available on the free tier and are intentionally left blank.
BUNDESLIGA2627_MW05_044_RBLeipzig_EintrachtFrankfurt,2026-27,5,2026-10-09,2026-10-09T00:00:00+00:00,RB Leipzig,Eintracht Frankfurt,bovada,totals,,,,,,,,,,,,,3.5,1.83,2.0,,,current,,decimal,2026-09-18T10:07:50Z,the-odds-api.com,https://api.the-odds-api.com/v4/sports/soccer_germany_bundesliga/odds/,False,True,live,2026-09-18,Real current decimal odds from The Odds API. Opening/closing snapshots are not available on the free tier and are intentionally left blank.
BUNDESLIGA2627_MW05_045_BorussiaDortmund_SVWerderBremen,2026-27,5,2026-10-09,2026-10-09T00:00:00+00:00,Borussia Dortmund,SV Werder Bremen,pinnacle,h2h,,,,1.39,5.27,6.66,,,,,,,,,,,,current,,decimal,2026-09-18T10:07:44Z,the-odds-api.com,https://api.the-odds-api.com/v4/sports/soccer_germany_bundesliga/odds/,False,True,live,2026-09-18,Real current decimal odds from The Odds API. Opening/closing snapshots are not available on the free tier and are intentionally left blank.
BUNDESLIGA2627_MW05_045_BorussiaDortmund_SVWerderBremen,2026-27,5,2026-10-09,2026-10-09T00:00:00+00:00,Borussia Dortmund,SV Werder Bremen,leovegas,h2h,,,,1.38,5.2,6.0,,,,,,,,,,,,current,,decimal,2026-09-18T10:07:01Z,the-odds-api.com,https://api.the-odds-api.com/v4/sports/soccer_germany_bundesliga/odds/,False,True,live,2026-09-18,Real current decimal odds from The Odds API. Opening/closing snapshots are not available on the free tier and are intentionally left blank.
BUNDESLIGA2627_MW05_045_BorussiaDortmund_SVWerderBremen,2026-27,5,2026-10-09,2026-10-09T00:00:00+00:00,Borussia Dortmund,SV Werder Bremen,betclic_fr,h2h,,,,1.34,4.9,5.9,,,,,,,,,,,,current,,decimal,2026-09-18T10:05:43Z,the-odds-api.com,https://api.the-odds-api.com/v4/sports/soccer_germany_bundesliga/odds/,False,True,live,2026-09-18,Real current decimal odds from The Odds API. Opening/closing snapshots are not available on the free tier and are intentionally left blank.
BUNDESLIGA2627_MW05_045_BorussiaDortmund_SVWerderBremen,2026-27,5,2026-10-09,2026-10-09T00:00:00+00:00,Borussia Dortmund,SV Werder Bremen,betfred_uk,h2h,,,,1.4,5.0,7.0,,,,,,,,,,,,current,,decimal,2026-09-18T10:07:44Z,the-odds-api.com,https://api.the-odds-api.com/v4/sports/soccer_germany_bundesliga/odds/,False,True,live,2026-09-18,Real current decimal odds from The Odds API. Opening/closing snapshots are not available on the free tier and are intentionally left blank.
BUNDESLIGA2627_MW05_045_BorussiaDortmund_SVWerderBremen,2026-27,5,2026-10-09,2026-10-09T00:00:00+00:00,Borussia Dortmund,SV Werder Bremen,onexbet,h2h,,,,1.44,5.49,7.28,,,,,,,,,,,,current,,decimal,2026-09-18T10:07:21Z,the-odds-api.com,https://api.the-odds-api.com/v4/sports/soccer_germany_bundesliga/odds/,False,True,live,2026-09-18,Real current decimal odds from The Odds API. Opening/closing snapshots are not available on the free tier and are intentionally left blank.
BUNDESLIGA2627_MW05_045_BorussiaDortmund_SVWerderBremen,2026-27,5,2026-10-09,2026-10-09T00:00:00+00:00,Borussia Dortmund,SV Werder Bremen,winamax_de,h2h,,,,1.33,4.9,5.5,,,,,,,,,,,,current,,decimal,2026-09-18T10:07:46Z,the-odds-api.com,https://api.the-odds-api.com/v4/sports/soccer_germany_bundesliga/odds/,False,True,live,2026-09-18,Real current decimal odds from The Odds API. Opening/closing snapshots are not available on the free tier and are intentionally left blank.
BUNDESLIGA2627_MW05_045_BorussiaDortmund_SVWerderBremen,2026-27,5,2026-10-09,2026-10-09T00:00:00+00:00,Borussia Dortmund,SV Werder Bremen,winamax_fr,h2h,,,,1.32,4.8,5.3,,,,,,,,,,,,current,,decimal,2026-09-18T10:07:45Z,the-odds-api.com,https://api.the-odds-api.com/v4/sports/soccer_germany_bundesliga/odds/,False,True,live,2026-09-18,Real current decimal odds from The Odds API. Opening/closing snapshots are not available on the free tier and are intentionally left blank.
BUNDESLIGA2627_MW05_045_BorussiaDortmund_SVWerderBremen,2026-27,5,2026-10-09,2026-10-09T00:00:00+00:00,Borussia Dortmund,SV Werder Bremen,boylesports,h2h,,,,1.36,4.75,6.0,,,,,,,,,,,,current,,decimal,2026-09-18T10:06:39Z,the-odds-api.com,https://api.the-odds-api.com/v4/sports/soccer_germany_bundesliga/odds/,False,True,live,2026-09-18,Real current decimal odds from The Odds API. Opening/closing snapshots are not available on the free tier and are intentionally left blank.
BUNDESLIGA2627_MW05_045_BorussiaDortmund_SVWerderBremen,2026-27,5,2026-10-09,2026-10-09T00:00:00+00:00,Borussia Dortmund,SV Werder Bremen,codere_it,h2h,,,,1.4,5.4,6.6,,,,,,,,,,,,current,,decimal,2026-09-18T10:07:44Z,the-odds-api.com,https://api.the-odds-api.com/v4/sports/soccer_germany_bundesliga/odds/,False,True,live,2026-09-18,Real current decimal odds from The Odds API. Opening/closing snapshots are not available on the free tier and are intentionally left blank.
BUNDESLIGA2627_MW05_045_BorussiaDortmund_SVWerderBremen,2026-27,5,2026-10-09,2026-10-09T00:00:00+00:00,Borussia Dortmund,SV Werder Bremen,unibet_fr,h2h,,,,1.31,4.8,5.8,,,,,,,,,,,,current,,decimal,2026-09-18T10:07:44Z,the-odds-api.com,https://api.the-odds-api.com/v4/sports/soccer_germany_bundesliga/odds/,False,True,live,2026-09-18,Real current decimal odds from The Odds API. Opening/closing snapshots are not available on the free tier and are intentionally left blank.
BUNDESLIGA2627_MW05_045_BorussiaDortmund_SVWerderBremen,2026-27,5,2026-10-09,2026-10-09T00:00:00+00:00,Borussia Dortmund,SV Werder Bremen,smarkets,h2h,,,,1.32,4.5,5.4,,,,,,,,,,,,current,,decimal,2026-09-18T10:07:47Z,the-odds-api.com,https://api.the-odds-api.com/v4/sports/soccer_germany_bundesliga/odds/,False,True,live,2026-09-18,Real current decimal odds from The Odds API. Opening/closing snapshots are not available on the free tier and are intentionally left blank.
BUNDESLIGA2627_MW05_045_BorussiaDortmund_SVWerderBremen,2026-27,5,2026-10-09,2026-10-09T00:00:00+00:00,Borussia Dortmund,SV Werder Bremen,sport888,h2h,,,,1.4,4.8,6.5,,,,,,,,,,,,current,,decimal,2026-09-18T10:07:46Z,the-odds-api.com,https://api.the-odds-api.com/v4/sports/soccer_germany_bundesliga/odds/,False,True,live,2026-09-18,Real current decimal odds from The Odds API. Opening/closing snapshots are not available on the free tier and are intentionally left blank.
BUNDESLIGA2627_MW05_045_BorussiaDortmund_SVWerderBremen,2026-27,5,2026-10-09,2026-10-09T00:00:00+00:00,Borussia Dortmund,SV Werder Bremen,williamhill,h2h,,,,1.4,4.8,6.5,,,,,,,,,,,,current,,decimal,2026-09-18T10:07:21Z,the-odds-api.com,https://api.the-odds-api.com/v4/sports/soccer_germany_bundesliga/odds/,False,True,live,2026-09-18,Real current decimal odds from The Odds API. Opening/closing snapshots are not available on the free tier and are intentionally left blank.
BUNDESLIGA2627_MW05_045_BorussiaDortmund_SVWerderBremen,2026-27,5,2026-10-09,2026-10-09T00:00:00+00:00,Borussia Dortmund,SV Werder Bremen,draftkings,h2h,,,,1.36,4.9,6.0,,,,,,,,,,,,current,,decimal,2026-09-18T10:05:54Z,the-odds-api.com,https://api.the-odds-api.com/v4/sports/soccer_germany_bundesliga/odds/,False,True,live,2026-09-18,Real current decimal odds from The Odds API. Opening/closing snapshots are not available on the free tier and are intentionally left blank.
BUNDESLIGA2627_MW05_045_BorussiaDortmund_SVWerderBremen,2026-27,5,2026-10-09,2026-10-09T00:00:00+00:00,Borussia Dortmund,SV Werder Bremen,tipico_de,h2h,,,,1.37,5.7,6.7,,,,,,,,,,,,current,,decimal,2026-09-18T10:07:01Z,the-odds-api.com,https://api.the-odds-api.com/v4/sports/soccer_germany_bundesliga/odds/,False,True,live,2026-09-18,Real current decimal odds from The Odds API. Opening/closing snapshots are not available on the free tier and are intentionally left blank.
BUNDESLIGA2627_MW05_045_BorussiaDortmund_SVWerderBremen,2026-27,5,2026-10-09,2026-10-09T00:00:00+00:00,Borussia Dortmund,SV Werder Bremen,marathonbet,h2h,,,,1.4,5.35,7.1,,,,,,,,,,,,current,,decimal,2026-09-18T10:07:49Z,the-odds-api.com,https://api.the-odds-api.com/v4/sports/soccer_germany_bundesliga/odds/,False,True,live,2026-09-18,Real current decimal odds from The Odds API. Opening/closing snapshots are not available on the free tier and are intentionally left blank.
BUNDESLIGA2627_MW05_045_BorussiaDortmund_SVWerderBremen,2026-27,5,2026-10-09,2026-10-09T00:00:00+00:00,Borussia Dortmund,SV Werder Bremen,bovada,h2h,,,,1.39,5.3,6.75,,,,,,,,,,,,current,,decimal,2026-09-18T10:07:50Z,the-odds-api.com,https://api.the-odds-api.com/v4/sports/soccer_germany_bundesliga/odds/,False,True,live,2026-09-18,Real current decimal odds from The Odds API. Opening/closing snapshots are not available on the free tier and are intentionally left blank.
BUNDESLIGA2627_MW05_045_BorussiaDortmund_SVWerderBremen,2026-27,5,2026-10-09,2026-10-09T00:00:00+00:00,Borussia Dortmund,SV Werder Bremen,suprabets,h2h,,,,1.37,5.0,6.3,,,,,,,,,,,,current,,decimal,2026-09-18T10:05:27Z,the-odds-api.com,https://api.the-odds-api.com/v4/sports/soccer_germany_bundesliga/odds/,False,True,live,2026-09-18,Real current decimal odds from The Odds API. Opening/closing snapshots are not available on the free tier and are intentionally left blank.
BUNDESLIGA2627_MW05_045_BorussiaDortmund_SVWerderBremen,2026-27,5,2026-10-09,2026-10-09T00:00:00+00:00,Borussia Dortmund,SV Werder Bremen,pinnacle,spreads,,,,,,,,,,-1.5,2.04,1.82,,,,,,current,,decimal,2026-09-18T10:07:44Z,the-odds-api.com,https://api.the-odds-api.com/v4/sports/soccer_germany_bundesliga/odds/,False,True,live,2026-09-18,Real current decimal odds from The Odds API. Opening/closing snapshots are not available on the free tier and are intentionally left blank.
BUNDESLIGA2627_MW05_045_BorussiaDortmund_SVWerderBremen,2026-27,5,2026-10-09,2026-10-09T00:00:00+00:00,Borussia Dortmund,SV Werder Bremen,onexbet,spreads,,,,,,,,,,-1.5,2.08,1.87,,,,,,current,,decimal,2026-09-18T10:07:21Z,the-odds-api.com,https://api.the-odds-api.com/v4/sports/soccer_germany_bundesliga/odds/,False,True,live,2026-09-18,Real current decimal odds from The Odds API. Opening/closing snapshots are not available on the free tier and are intentionally left blank.
BUNDESLIGA2627_MW05_045_BorussiaDortmund_SVWerderBremen,2026-27,5,2026-10-09,2026-10-09T00:00:00+00:00,Borussia Dortmund,SV Werder Bremen,bovada,spreads,,,,,,,,,,-1.5,2.02,1.82,,,,,,current,,decimal,2026-09-18T10:07:50Z,the-odds-api.com,https://api.the-odds-api.com/v4/sports/soccer_germany_bundesliga/odds/,False,True,live,2026-09-18,Real current decimal odds from The Odds API. Opening/closing snapshots are not available on the free tier and are intentionally left blank.
BUNDESLIGA2627_MW05_045_BorussiaDortmund_SVWerderBremen,2026-27,5,2026-10-09,2026-10-09T00:00:00+00:00,Borussia Dortmund,SV Werder Bremen,pinnacle,totals,,,,,,,,,,,,,3.5,1.99,1.85,,,current,,decimal,2026-09-18T10:07:44Z,the-odds-api.com,https://api.the-odds-api.com/v4/sports/soccer_germany_bundesliga/odds/,False,True,live,2026-09-18,Real current decimal odds from The Odds API. Opening/closing snapshots are not available on the free tier and are intentionally left blank.
BUNDESLIGA2627_MW05_045_BorussiaDortmund_SVWerderBremen,2026-27,5,2026-10-09,2026-10-09T00:00:00+00:00,Borussia Dortmund,SV Werder Bremen,leovegas,totals,,,,,,,,,,,,,3.5,1.9,1.77,,,current,,decimal,2026-09-18T10:07:01Z,the-odds-api.com,https://api.the-odds-api.com/v4/sports/soccer_germany_bundesliga/odds/,False,True,live,2026-09-18,Real current decimal odds from The Odds API. Opening/closing snapshots are not available on the free tier and are intentionally left blank.
BUNDESLIGA2627_MW05_045_BorussiaDortmund_SVWerderBremen,2026-27,5,2026-10-09,2026-10-09T00:00:00+00:00,Borussia Dortmund,SV Werder Bremen,onexbet,totals,,,,,,,,,,,,,3.5,2.05,1.9,,,current,,decimal,2026-09-18T10:07:21Z,the-odds-api.com,https://api.the-odds-api.com/v4/sports/soccer_germany_bundesliga/odds/,False,True,live,2026-09-18,Real current decimal odds from The Odds API. Opening/closing snapshots are not available on the free tier and are intentionally left blank.
BUNDESLIGA2627_MW05_045_BorussiaDortmund_SVWerderBremen,2026-27,5,2026-10-09,2026-10-09T00:00:00+00:00,Borussia Dortmund,SV Werder Bremen,codere_it,totals,,,,,,,,,,,,,3.5,1.92,1.76,,,current,,decimal,2026-09-18T10:07:44Z,the-odds-api.com,https://api.the-odds-api.com/v4/sports/soccer_germany_bundesliga/odds/,False,True,live,2026-09-18,Real current decimal odds from The Odds API. Opening/closing snapshots are not available on the free tier and are intentionally left blank.
BUNDESLIGA2627_MW05_045_BorussiaDortmund_SVWerderBremen,2026-27,5,2026-10-09,2026-10-09T00:00:00+00:00,Borussia Dortmund,SV Werder Bremen,williamhill,totals,,,,,,,,,,,,,2.5,1.36,3.0,,,current,,decimal,2026-09-18T10:07:21Z,the-odds-api.com,https://api.the-odds-api.com/v4/sports/soccer_germany_bundesliga/odds/,False,True,live,2026-09-18,Real current decimal odds from The Odds API. Opening/closing snapshots are not available on the free tier and are intentionally left blank.
BUNDESLIGA2627_MW05_045_BorussiaDortmund_SVWerderBremen,2026-27,5,2026-10-09,2026-10-09T00:00:00+00:00,Borussia Dortmund,SV Werder Bremen,tipico_de,totals,,,,,,,,,,,,,3.5,1.95,1.77,,,current,,decimal,2026-09-18T10:07:01Z,the-odds-api.com,https://api.the-odds-api.com/v4/sports/soccer_germany_bundesliga/odds/,False,True,live,2026-09-18,Real current decimal odds from The Odds API. Opening/closing snapshots are not available on the free tier and are intentionally left blank.
BUNDESLIGA2627_MW05_045_BorussiaDortmund_SVWerderBremen,2026-27,5,2026-10-09,2026-10-09T00:00:00+00:00,Borussia Dortmund,SV Werder Bremen,bovada,totals,,,,,,,,,,,,,3.5,1.98,1.85,,,current,,decimal,2026-09-18T10:07:50Z,the-odds-api.com,https://api.the-odds-api.com/v4/sports/soccer_germany_bundesliga/odds/,False,True,live,2026-09-18,Real current decimal odds from The Odds API. Opening/closing snapshots are not available on the free tier and are intentionally left blank.
BUNDESLIGA2627_MW06_046_SVElversberg_FCAugsburg,2026-27,6,2026-10-16,2026-10-16T00:00:00+00:00,SV Elversberg,FC Augsburg,,h2h,,,,,,,,,,,,,,,,,,unknown,,decimal,2026-09-18T10:07:51+00:00,none_available,,False,False,unavailable,2026-09-18,"The Odds API is configured and reachable, but has not yet posted this market for this fixture (bookmakers open different markets at different times before kickoff) -- genuinely unavailable, not a collector failure."
BUNDESLIGA2627_MW06_046_SVElversberg_FCAugsburg,2026-27,6,2026-10-16,2026-10-16T00:00:00+00:00,SV Elversberg,FC Augsburg,,spreads,,,,,,,,,,,,,,,,,,unknown,,decimal,2026-09-18T10:07:51+00:00,none_available,,False,False,unavailable,2026-09-18,"The Odds API is configured and reachable, but has not yet posted this market for this fixture (bookmakers open different markets at different times before kickoff) -- genuinely unavailable, not a collector failure."
BUNDESLIGA2627_MW06_046_SVElversberg_FCAugsburg,2026-27,6,2026-10-16,2026-10-16T00:00:00+00:00,SV Elversberg,FC Augsburg,,totals,,,,,,,,,,,,,,,,,,unknown,,decimal,2026-09-18T10:07:51+00:00,none_available,,False,False,unavailable,2026-09-18,"The Odds API is configured and reachable, but has not yet posted this market for this fixture (bookmakers open different markets at different times before kickoff) -- genuinely unavailable, not a collector failure."
BUNDESLIGA2627_MW06_047_FCSchalke04_1.FSVMainz05,2026-27,6,2026-10-16,2026-10-16T00:00:00+00:00,FC Schalke 04,1. FSV Mainz 05,,h2h,,,,,,,,,,,,,,,,,,unknown,,decimal,2026-09-18T10:07:51+00:00,none_available,,False,False,unavailable,2026-09-18,"The Odds API is configured and reachable, but has not yet posted this market for this fixture (bookmakers open different markets at different times before kickoff) -- genuinely unavailable, not a collector failure."
BUNDESLIGA2627_MW06_047_FCSchalke04_1.FSVMainz05,2026-27,6,2026-10-16,2026-10-16T00:00:00+00:00,FC Schalke 04,1. FSV Mainz 05,,spreads,,,,,,,,,,,,,,,,,,unknown,,decimal,2026-09-18T10:07:51+00:00,none_available,,False,False,unavailable,2026-09-18,"The Odds API is configured and reachable, but has not yet posted this market for this fixture (bookmakers open different markets at different times before kickoff) -- genuinely unavailable, not a collector failure."
BUNDESLIGA2627_MW06_047_FCSchalke04_1.FSVMainz05,2026-27,6,2026-10-16,2026-10-16T00:00:00+00:00,FC Schalke 04,1. FSV Mainz 05,,totals,,,,,,,,,,,,,,,,,,unknown,,decimal,2026-09-18T10:07:51+00:00,none_available,,False,False,unavailable,2026-09-18,"The Odds API is configured and reachable, but has not yet posted this market for this fixture (bookmakers open different markets at different times before kickoff) -- genuinely unavailable, not a collector failure."
BUNDESLIGA2627_MW06_048_SVWerderBremen_SCPaderborn07,2026-27,6,2026-10-16,2026-10-16T00:00:00+00:00,SV Werder Bremen,SC Paderborn 07,,h2h,,,,,,,,,,,,,,,,,,unknown,,decimal,2026-09-18T10:07:51+00:00,none_available,,False,False,unavailable,2026-09-18,"The Odds API is configured and reachable, but has not yet posted this market for this fixture (bookmakers open different markets at different times before kickoff) -- genuinely unavailable, not a collector failure."
BUNDESLIGA2627_MW06_048_SVWerderBremen_SCPaderborn07,2026-27,6,2026-10-16,2026-10-16T00:00:00+00:00,SV Werder Bremen,SC Paderborn 07,,spreads,,,,,,,,,,,,,,,,,,unknown,,decimal,2026-09-18T10:07:51+00:00,none_available,,False,False,unavailable,2026-09-18,"The Odds API is configured and reachable, but has not yet posted this market for this fixture (bookmakers open different markets at different times before kickoff) -- genuinely unavailable, not a collector failure."
BUNDESLIGA2627_MW06_048_SVWerderBremen_SCPaderborn07,2026-27,6,2026-10-16,2026-10-16T00:00:00+00:00,SV Werder Bremen,SC Paderborn 07,,totals,,,,,,,,,,,,,,,,,,unknown,,decimal,2026-09-18T10:07:51+00:00,none_available,,False,False,unavailable,2026-09-18,"The Odds API is configured and reachable, but has not yet posted this market for this fixture (bookmakers open different markets at different times before kickoff) -- genuinely unavailable, not a collector failure."
BUNDESLIGA2627_MW06_049_HamburgerSV_VfBStuttgart,2026-27,6,2026-10-16,2026-10-16T00:00:00+00:00,Hamburger SV,VfB Stuttgart,,h2h,,,,,,,,,,,,,,,,,,unknown,,decimal,2026-09-18T10:07:51+00:00,none_available,,False,False,unavailable,2026-09-18,"The Odds API is configured and reachable, but has not yet posted this market for this fixture (bookmakers open different markets at different times before kickoff) -- genuinely unavailable, not a collector failure."
BUNDESLIGA2627_MW06_049_HamburgerSV_VfBStuttgart,2026-27,6,2026-10-16,2026-10-16T00:00:00+00:00,Hamburger SV,VfB Stuttgart,,spreads,,,,,,,,,,,,,,,,,,unknown,,decimal,2026-09-18T10:07:51+00:00,none_available,,False,False,unavailable,2026-09-18,"The Odds API is configured and reachable, but has not yet posted this market for this fixture (bookmakers open different markets at different times before kickoff) -- genuinely unavailable, not a collector failure."
BUNDESLIGA2627_MW06_049_HamburgerSV_VfBStuttgart,2026-27,6,2026-10-16,2026-10-16T00:00:00+00:00,Hamburger SV,VfB Stuttgart,,totals,,,,,,,,,,,,,,,,,,unknown,,decimal,2026-09-18T10:07:51+00:00,none_available,,False,False,unavailable,2026-09-18,"The Odds API is configured and reachable, but has not yet posted this market for this fixture (bookmakers open different markets at different times before kickoff) -- genuinely unavailable, not a collector failure."
BUNDESLIGA2627_MW06_050_BorussiaMönchengladbach_TSGHoffenheim,2026-27,6,2026-10-16,2026-10-16T00:00:00+00:00,Borussia Mönchengladbach,TSG Hoffenheim,,h2h,,,,,,,,,,,,,,,,,,unknown,,decimal,2026-09-18T10:07:51+00:00,none_available,,False,False,unavailable,2026-09-18,"The Odds API is configured and reachable, but has not yet posted this market for this fixture (bookmakers open different markets at different times before kickoff) -- genuinely unavailable, not a collector failure."
BUNDESLIGA2627_MW06_050_BorussiaMönchengladbach_TSGHoffenheim,2026-27,6,2026-10-16,2026-10-16T00:00:00+00:00,Borussia Mönchengladbach,TSG Hoffenheim,,spreads,,,,,,,,,,,,,,,,,,unknown,,decimal,2026-09-18T10:07:51+00:00,none_available,,False,False,unavailable,2026-09-18,"The Odds API is configured and reachable, but has not yet posted this market for this fixture (bookmakers open different markets at different times before kickoff) -- genuinely unavailable, not a collector failure."
BUNDESLIGA2627_MW06_050_BorussiaMönchengladbach_TSGHoffenheim,2026-27,6,2026-10-16,2026-10-16T00:00:00+00:00,Borussia Mönchengladbach,TSG Hoffenheim,,totals,,,,,,,,,,,,,,,,,,unknown,,decimal,2026-09-18T10:07:51+00:00,none_available,,False,False,unavailable,2026-09-18,"The Odds API is configured and reachable, but has not yet posted this market for this fixture (bookmakers open different markets at different times before kickoff) -- genuinely unavailable, not a collector failure."
BUNDESLIGA2627_MW06_051_1.FCUnionBerlin_BorussiaDortmund,2026-27,6,2026-10-16,2026-10-16T00:00:00+00:00,1. FC Union Berlin,Borussia Dortmund,,h2h,,,,,,,,,,,,,,,,,,unknown,,decimal,2026-09-18T10:07:51+00:00,none_available,,False,False,unavailable,2026-09-18,"The Odds API is configured and reachable, but has not yet posted this market for this fixture (bookmakers open different markets at different times before kickoff) -- genuinely unavailable, not a collector failure."
BUNDESLIGA2627_MW06_051_1.FCUnionBerlin_BorussiaDortmund,2026-27,6,2026-10-16,2026-10-16T00:00:00+00:00,1. FC Union Berlin,Borussia Dortmund,,spreads,,,,,,,,,,,,,,,,,,unknown,,decimal,2026-09-18T10:07:51+00:00,none_available,,False,False,unavailable,2026-09-18,"The Odds API is configured and reachable, but has not yet posted this market for this fixture (bookmakers open different markets at different times before kickoff) -- genuinely unavailable, not a collector failure."
BUNDESLIGA2627_MW06_051_1.FCUnionBerlin_BorussiaDortmund,2026-27,6,2026-10-16,2026-10-16T00:00:00+00:00,1. FC Union Berlin,Borussia Dortmund,,totals,,,,,,,,,,,,,,,,,,unknown,,decimal,2026-09-18T10:07:51+00:00,none_available,,False,False,unavailable,2026-09-18,"The Odds API is configured and reachable, but has not yet posted this market for this fixture (bookmakers open different markets at different times before kickoff) -- genuinely unavailable, not a collector failure."
BUNDESLIGA2627_MW06_052_EintrachtFrankfurt_1.FCKöln,2026-27,6,2026-10-16,2026-10-16T00:00:00+00:00,Eintracht Frankfurt,1. FC Köln,,h2h,,,,,,,,,,,,,,,,,,unknown,,decimal,2026-09-18T10:07:51+00:00,none_available,,False,False,unavailable,2026-09-18,"The Odds API is configured and reachable, but has not yet posted this market for this fixture (bookmakers open different markets at different times before kickoff) -- genuinely unavailable, not a collector failure."
BUNDESLIGA2627_MW06_052_EintrachtFrankfurt_1.FCKöln,2026-27,6,2026-10-16,2026-10-16T00:00:00+00:00,Eintracht Frankfurt,1. FC Köln,,spreads,,,,,,,,,,,,,,,,,,unknown,,decimal,2026-09-18T10:07:51+00:00,none_available,,False,False,unavailable,2026-09-18,"The Odds API is configured and reachable, but has not yet posted this market for this fixture (bookmakers open different markets at different times before kickoff) -- genuinely unavailable, not a collector failure."
BUNDESLIGA2627_MW06_052_EintrachtFrankfurt_1.FCKöln,2026-27,6,2026-10-16,2026-10-16T00:00:00+00:00,Eintracht Frankfurt,1. FC Köln,,totals,,,,,,,,,,,,,,,,,,unknown,,decimal,2026-09-18T10:07:51+00:00,none_available,,False,False,unavailable,2026-09-18,"The Odds API is configured and reachable, but has not yet posted this market for this fixture (bookmakers open different markets at different times before kickoff) -- genuinely unavailable, not a collector failure."
BUNDESLIGA2627_MW06_053_Bayer04Leverkusen_Sport-ClubFreiburg,2026-27,6,2026-10-16,2026-10-16T00:00:00+00:00,Bayer 04 Leverkusen,Sport-Club Freiburg,,h2h,,,,,,,,,,,,,,,,,,unknown,,decimal,2026-09-18T10:07:51+00:00,none_available,,False,False,unavailable,2026-09-18,"The Odds API is configured and reachable, but has not yet posted this market for this fixture (bookmakers open different markets at different times before kickoff) -- genuinely unavailable, not a collector failure."
BUNDESLIGA2627_MW06_053_Bayer04Leverkusen_Sport-ClubFreiburg,2026-27,6,2026-10-16,2026-10-16T00:00:00+00:00,Bayer 04 Leverkusen,Sport-Club Freiburg,,spreads,,,,,,,,,,,,,,,,,,unknown,,decimal,2026-09-18T10:07:51+00:00,none_available,,False,False,unavailable,2026-09-18,"The Odds API is configured and reachable, but has not yet posted this market for this fixture (bookmakers open different markets at different times before kickoff) -- genuinely unavailable, not a collector failure."
BUNDESLIGA2627_MW06_053_Bayer04Leverkusen_Sport-ClubFreiburg,2026-27,6,2026-10-16,2026-10-16T00:00:00+00:00,Bayer 04 Leverkusen,Sport-Club Freiburg,,totals,,,,,,,,,,,,,,,,,,unknown,,decimal,2026-09-18T10:07:51+00:00,none_available,,False,False,unavailable,2026-09-18,"The Odds API is configured and reachable, but has not yet posted this market for this fixture (bookmakers open different markets at different times before kickoff) -- genuinely unavailable, not a collector failure."
BUNDESLIGA2627_MW06_054_FCBayernMünchen_RBLeipzig,2026-27,6,2026-10-16,2026-10-16T00:00:00+00:00,FC Bayern München,RB Leipzig,,h2h,,,,,,,,,,,,,,,,,,unknown,,decimal,2026-09-18T10:07:51+00:00,none_available,,False,False,unavailable,2026-09-18,"The Odds API is configured and reachable, but has not yet posted this market for this fixture (bookmakers open different markets at different times before kickoff) -- genuinely unavailable, not a collector failure."
BUNDESLIGA2627_MW06_054_FCBayernMünchen_RBLeipzig,2026-27,6,2026-10-16,2026-10-16T00:00:00+00:00,FC Bayern München,RB Leipzig,,spreads,,,,,,,,,,,,,,,,,,unknown,,decimal,2026-09-18T10:07:51+00:00,none_available,,False,False,unavailable,2026-09-18,"The Odds API is configured and reachable, but has not yet posted this market for this fixture (bookmakers open different markets at different times before kickoff) -- genuinely unavailable, not a collector failure."
BUNDESLIGA2627_MW06_054_FCBayernMünchen_RBLeipzig,2026-27,6,2026-10-16,2026-10-16T00:00:00+00:00,FC Bayern München,RB Leipzig,,totals,,,,,,,,,,,,,,,,,,unknown,,decimal,2026-09-18T10:07:51+00:00,none_available,,False,False,unavailable,2026-09-18,"The Odds API is configured and reachable, but has not yet posted this market for this fixture (bookmakers open different markets at different times before kickoff) -- genuinely unavailable, not a collector failure."
BUNDESLIGA2627_MW07_055_SCPaderborn07_HamburgerSV,2026-27,7,2026-10-23,2026-10-23T00:00:00+00:00,SC Paderborn 07,Hamburger SV,,h2h,,,,,,,,,,,,,,,,,,unknown,,decimal,2026-09-18T10:07:51+00:00,none_available,,False,False,unavailable,2026-09-18,"The Odds API is configured and reachable, but has not yet posted this market for this fixture (bookmakers open different markets at different times before kickoff) -- genuinely unavailable, not a collector failure."
BUNDESLIGA2627_MW07_055_SCPaderborn07_HamburgerSV,2026-27,7,2026-10-23,2026-10-23T00:00:00+00:00,SC Paderborn 07,Hamburger SV,,spreads,,,,,,,,,,,,,,,,,,unknown,,decimal,2026-09-18T10:07:51+00:00,none_available,,False,False,unavailable,2026-09-18,"The Odds API is configured and reachable, but has not yet posted this market for this fixture (bookmakers open different markets at different times before kickoff) -- genuinely unavailable, not a collector failure."
BUNDESLIGA2627_MW07_055_SCPaderborn07_HamburgerSV,2026-27,7,2026-10-23,2026-10-23T00:00:00+00:00,SC Paderborn 07,Hamburger SV,,totals,,,,,,,,,,,,,,,,,,unknown,,decimal,2026-09-18T10:07:51+00:00,none_available,,False,False,unavailable,2026-09-18,"The Odds API is configured and reachable, but has not yet posted this market for this fixture (bookmakers open different markets at different times before kickoff) -- genuinely unavailable, not a collector failure."
BUNDESLIGA2627_MW07_056_1.FCKöln_FCSchalke04,2026-27,7,2026-10-23,2026-10-23T00:00:00+00:00,1. FC Köln,FC Schalke 04,,h2h,,,,,,,,,,,,,,,,,,unknown,,decimal,2026-09-18T10:07:51+00:00,none_available,,False,False,unavailable,2026-09-18,"The Odds API is configured and reachable, but has not yet posted this market for this fixture (bookmakers open different markets at different times before kickoff) -- genuinely unavailable, not a collector failure."
BUNDESLIGA2627_MW07_056_1.FCKöln_FCSchalke04,2026-27,7,2026-10-23,2026-10-23T00:00:00+00:00,1. FC Köln,FC Schalke 04,,spreads,,,,,,,,,,,,,,,,,,unknown,,decimal,2026-09-18T10:07:51+00:00,none_available,,False,False,unavailable,2026-09-18,"The Odds API is configured and reachable, but has not yet posted this market for this fixture (bookmakers open different markets at different times before kickoff) -- genuinely unavailable, not a collector failure."
BUNDESLIGA2627_MW07_056_1.FCKöln_FCSchalke04,2026-27,7,2026-10-23,2026-10-23T00:00:00+00:00,1. FC Köln,FC Schalke 04,,totals,,,,,,,,,,,,,,,,,,unknown,,decimal,2026-09-18T10:07:51+00:00,none_available,,False,False,unavailable,2026-09-18,"The Odds API is configured and reachable, but has not yet posted this market for this fixture (bookmakers open different markets at different times before kickoff) -- genuinely unavailable, not a collector failure."
BUNDESLIGA2627_MW07_057_1.FSVMainz05_SVWerderBremen,2026-27,7,2026-10-23,2026-10-23T00:00:00+00:00,1. FSV Mainz 05,SV Werder Bremen,,h2h,,,,,,,,,,,,,,,,,,unknown,,decimal,2026-09-18T10:07:51+00:00,none_available,,False,False,unavailable,2026-09-18,"The Odds API is configured and reachable, but has not yet posted this market for this fixture (bookmakers open different markets at different times before kickoff) -- genuinely unavailable, not a collector failure."
BUNDESLIGA2627_MW07_057_1.FSVMainz05_SVWerderBremen,2026-27,7,2026-10-23,2026-10-23T00:00:00+00:00,1. FSV Mainz 05,SV Werder Bremen,,spreads,,,,,,,,,,,,,,,,,,unknown,,decimal,2026-09-18T10:07:51+00:00,none_available,,False,False,unavailable,2026-09-18,"The Odds API is configured and reachable, but has not yet posted this market for this fixture (bookmakers open different markets at different times before kickoff) -- genuinely unavailable, not a collector failure."
BUNDESLIGA2627_MW07_057_1.FSVMainz05_SVWerderBremen,2026-27,7,2026-10-23,2026-10-23T00:00:00+00:00,1. FSV Mainz 05,SV Werder Bremen,,totals,,,,,,,,,,,,,,,,,,unknown,,decimal,2026-09-18T10:07:51+00:00,none_available,,False,False,unavailable,2026-09-18,"The Odds API is configured and reachable, but has not yet posted this market for this fixture (bookmakers open different markets at different times before kickoff) -- genuinely unavailable, not a collector failure."
BUNDESLIGA2627_MW07_058_FCAugsburg_1.FCUnionBerlin,2026-27,7,2026-10-23,2026-10-23T00:00:00+00:00,FC Augsburg,1. FC Union Berlin,,h2h,,,,,,,,,,,,,,,,,,unknown,,decimal,2026-09-18T10:07:51+00:00,none_available,,False,False,unavailable,2026-09-18,"The Odds API is configured and reachable, but has not yet posted this market for this fixture (bookmakers open different markets at different times before kickoff) -- genuinely unavailable, not a collector failure."
BUNDESLIGA2627_MW07_058_FCAugsburg_1.FCUnionBerlin,2026-27,7,2026-10-23,2026-10-23T00:00:00+00:00,FC Augsburg,1. FC Union Berlin,,spreads,,,,,,,,,,,,,,,,,,unknown,,decimal,2026-09-18T10:07:51+00:00,none_available,,False,False,unavailable,2026-09-18,"The Odds API is configured and reachable, but has not yet posted this market for this fixture (bookmakers open different markets at different times before kickoff) -- genuinely unavailable, not a collector failure."
BUNDESLIGA2627_MW07_058_FCAugsburg_1.FCUnionBerlin,2026-27,7,2026-10-23,2026-10-23T00:00:00+00:00,FC Augsburg,1. FC Union Berlin,,totals,,,,,,,,,,,,,,,,,,unknown,,decimal,2026-09-18T10:07:51+00:00,none_available,,False,False,unavailable,2026-09-18,"The Odds API is configured and reachable, but has not yet posted this market for this fixture (bookmakers open different markets at different times before kickoff) -- genuinely unavailable, not a collector failure."
BUNDESLIGA2627_MW07_059_Sport-ClubFreiburg_FCBayernMünchen,2026-27,7,2026-10-23,2026-10-23T00:00:00+00:00,Sport-Club Freiburg,FC Bayern München,,h2h,,,,,,,,,,,,,,,,,,unknown,,decimal,2026-09-18T10:07:51+00:00,none_available,,False,False,unavailable,2026-09-18,"The Odds API is configured and reachable, but has not yet posted this market for this fixture (bookmakers open different markets at different times before kickoff) -- genuinely unavailable, not a collector failure."
BUNDESLIGA2627_MW07_059_Sport-ClubFreiburg_FCBayernMünchen,2026-27,7,2026-10-23,2026-10-23T00:00:00+00:00,Sport-Club Freiburg,FC Bayern München,,spreads,,,,,,,,,,,,,,,,,,unknown,,decimal,2026-09-18T10:07:51+00:00,none_available,,False,False,unavailable,2026-09-18,"The Odds API is configured and reachable, but has not yet posted this market for this fixture (bookmakers open different markets at different times before kickoff) -- genuinely unavailable, not a collector failure."
BUNDESLIGA2627_MW07_059_Sport-ClubFreiburg_FCBayernMünchen,2026-27,7,2026-10-23,2026-10-23T00:00:00+00:00,Sport-Club Freiburg,FC Bayern München,,totals,,,,,,,,,,,,,,,,,,unknown,,decimal,2026-09-18T10:07:51+00:00,none_available,,False,False,unavailable,2026-09-18,"The Odds API is configured and reachable, but has not yet posted this market for this fixture (bookmakers open different markets at different times before kickoff) -- genuinely unavailable, not a collector failure."
BUNDESLIGA2627_MW07_060_TSGHoffenheim_Bayer04Leverkusen,2026-27,7,2026-10-23,2026-10-23T00:00:00+00:00,TSG Hoffenheim,Bayer 04 Leverkusen,,h2h,,,,,,,,,,,,,,,,,,unknown,,decimal,2026-09-18T10:07:51+00:00,none_available,,False,False,unavailable,2026-09-18,"The Odds API is configured and reachable, but has not yet posted this market for this fixture (bookmakers open different markets at different times before kickoff) -- genuinely unavailable, not a collector failure."
BUNDESLIGA2627_MW07_060_TSGHoffenheim_Bayer04Leverkusen,2026-27,7,2026-10-23,2026-10-23T00:00:00+00:00,TSG Hoffenheim,Bayer 04 Leverkusen,,spreads,,,,,,,,,,,,,,,,,,unknown,,decimal,2026-09-18T10:07:51+00:00,none_available,,False,False,unavailable,2026-09-18,"The Odds API is configured and reachable, but has not yet posted this market for this fixture (bookmakers open different markets at different times before kickoff) -- genuinely unavailable, not a collector failure."
BUNDESLIGA2627_MW07_060_TSGHoffenheim_Bayer04Leverkusen,2026-27,7,2026-10-23,2026-10-23T00:00:00+00:00,TSG Hoffenheim,Bayer 04 Leverkusen,,totals,,,,,,,,,,,,,,,,,,unknown,,decimal,2026-09-18T10:07:51+00:00,none_available,,False,False,unavailable,2026-09-18,"The Odds API is configured and reachable, but has not yet posted this market for this fixture (bookmakers open different markets at different times before kickoff) -- genuinely unavailable, not a collector failure."
BUNDESLIGA2627_MW07_061_VfBStuttgart_BorussiaMönchengladbach,2026-27,7,2026-10-23,2026-10-23T00:00:00+00:00,VfB Stuttgart,Borussia Mönchengladbach,,h2h,,,,,,,,,,,,,,,,,,unknown,,decimal,2026-09-18T10:07:51+00:00,none_available,,False,False,unavailable,2026-09-18,"The Odds API is configured and reachable, but has not yet posted this market for this fixture (bookmakers open different markets at different times before kickoff) -- genuinely unavailable, not a collector failure."
BUNDESLIGA2627_MW07_061_VfBStuttgart_BorussiaMönchengladbach,2026-27,7,2026-10-23,2026-10-23T00:00:00+00:00,VfB Stuttgart,Borussia Mönchengladbach,,spreads,,,,,,,,,,,,,,,,,,unknown,,decimal,2026-09-18T10:07:51+00:00,none_available,,False,False,unavailable,2026-09-18,"The Odds API is configured and reachable, but has not yet posted this market for this fixture (bookmakers open different markets at different times before kickoff) -- genuinely unavailable, not a collector failure."
BUNDESLIGA2627_MW07_061_VfBStuttgart_BorussiaMönchengladbach,2026-27,7,2026-10-23,2026-10-23T00:00:00+00:00,VfB Stuttgart,Borussia Mönchengladbach,,totals,,,,,,,,,,,,,,,,,,unknown,,decimal,2026-09-18T10:07:51+00:00,none_available,,False,False,unavailable,2026-09-18,"The Odds API is configured and reachable, but has not yet posted this market for this fixture (bookmakers open different markets at different times before kickoff) -- genuinely unavailable, not a collector failure."
BUNDESLIGA2627_MW07_062_RBLeipzig_SVElversberg,2026-27,7,2026-10-23,2026-10-23T00:00:00+00:00,RB Leipzig,SV Elversberg,,h2h,,,,,,,,,,,,,,,,,,unknown,,decimal,2026-09-18T10:07:51+00:00,none_available,,False,False,unavailable,2026-09-18,"The Odds API is configured and reachable, but has not yet posted this market for this fixture (bookmakers open different markets at different times before kickoff) -- genuinely unavailable, not a collector failure."
BUNDESLIGA2627_MW07_062_RBLeipzig_SVElversberg,2026-27,7,2026-10-23,2026-10-23T00:00:00+00:00,RB Leipzig,SV Elversberg,,spreads,,,,,,,,,,,,,,,,,,unknown,,decimal,2026-09-18T10:07:51+00:00,none_available,,False,False,unavailable,2026-09-18,"The Odds API is configured and reachable, but has not yet posted this market for this fixture (bookmakers open different markets at different times before kickoff) -- genuinely unavailable, not a collector failure."
BUNDESLIGA2627_MW07_062_RBLeipzig_SVElversberg,2026-27,7,2026-10-23,2026-10-23T00:00:00+00:00,RB Leipzig,SV Elversberg,,totals,,,,,,,,,,,,,,,,,,unknown,,decimal,2026-09-18T10:07:51+00:00,none_available,,False,False,unavailable,2026-09-18,"The Odds API is configured and reachable, but has not yet posted this market for this fixture (bookmakers open different markets at different times before kickoff) -- genuinely unavailable, not a collector failure."
BUNDESLIGA2627_MW07_063_BorussiaDortmund_EintrachtFrankfurt,2026-27,7,2026-10-23,2026-10-23T00:00:00+00:00,Borussia Dortmund,Eintracht Frankfurt,,h2h,,,,,,,,,,,,,,,,,,unknown,,decimal,2026-09-18T10:07:51+00:00,none_available,,False,False,unavailable,2026-09-18,"The Odds API is configured and reachable, but has not yet posted this market for this fixture (bookmakers open different markets at different times before kickoff) -- genuinely unavailable, not a collector failure."
BUNDESLIGA2627_MW07_063_BorussiaDortmund_EintrachtFrankfurt,2026-27,7,2026-10-23,2026-10-23T00:00:00+00:00,Borussia Dortmund,Eintracht Frankfurt,,spreads,,,,,,,,,,,,,,,,,,unknown,,decimal,2026-09-18T10:07:51+00:00,none_available,,False,False,unavailable,2026-09-18,"The Odds API is configured and reachable, but has not yet posted this market for this fixture (bookmakers open different markets at different times before kickoff) -- genuinely unavailable, not a collector failure."
BUNDESLIGA2627_MW07_063_BorussiaDortmund_EintrachtFrankfurt,2026-27,7,2026-10-23,2026-10-23T00:00:00+00:00,Borussia Dortmund,Eintracht Frankfurt,,totals,,,,,,,,,,,,,,,,,,unknown,,decimal,2026-09-18T10:07:51+00:00,none_available,,False,False,unavailable,2026-09-18,"The Odds API is configured and reachable, but has not yet posted this market for this fixture (bookmakers open different markets at different times before kickoff) -- genuinely unavailable, not a collector failure."
BUNDESLIGA2627_MW08_064_SVElversberg_1.FSVMainz05,2026-27,8,2026-10-30,2026-10-30T00:00:00+00:00,SV Elversberg,1. FSV Mainz 05,,h2h,,,,,,,,,,,,,,,,,,unknown,,decimal,2026-09-18T10:07:51+00:00,none_available,,False,False,unavailable,2026-09-18,"The Odds API is configured and reachable, but has not yet posted this market for this fixture (bookmakers open different markets at different times before kickoff) -- genuinely unavailable, not a collector failure."
BUNDESLIGA2627_MW08_064_SVElversberg_1.FSVMainz05,2026-27,8,2026-10-30,2026-10-30T00:00:00+00:00,SV Elversberg,1. FSV Mainz 05,,spreads,,,,,,,,,,,,,,,,,,unknown,,decimal,2026-09-18T10:07:51+00:00,none_available,,False,False,unavailable,2026-09-18,"The Odds API is configured and reachable, but has not yet posted this market for this fixture (bookmakers open different markets at different times before kickoff) -- genuinely unavailable, not a collector failure."
BUNDESLIGA2627_MW08_064_SVElversberg_1.FSVMainz05,2026-27,8,2026-10-30,2026-10-30T00:00:00+00:00,SV Elversberg,1. FSV Mainz 05,,totals,,,,,,,,,,,,,,,,,,unknown,,decimal,2026-09-18T10:07:51+00:00,none_available,,False,False,unavailable,2026-09-18,"The Odds API is configured and reachable, but has not yet posted this market for this fixture (bookmakers open different markets at different times before kickoff) -- genuinely unavailable, not a collector failure."
BUNDESLIGA2627_MW08_065_FCSchalke04_RBLeipzig,2026-27,8,2026-10-30,2026-10-30T00:00:00+00:00,FC Schalke 04,RB Leipzig,,h2h,,,,,,,,,,,,,,,,,,unknown,,decimal,2026-09-18T10:07:51+00:00,none_available,,False,False,unavailable,2026-09-18,"The Odds API is configured and reachable, but has not yet posted this market for this fixture (bookmakers open different markets at different times before kickoff) -- genuinely unavailable, not a collector failure."
BUNDESLIGA2627_MW08_065_FCSchalke04_RBLeipzig,2026-27,8,2026-10-30,2026-10-30T00:00:00+00:00,FC Schalke 04,RB Leipzig,,spreads,,,,,,,,,,,,,,,,,,unknown,,decimal,2026-09-18T10:07:51+00:00,none_available,,False,False,unavailable,2026-09-18,"The Odds API is configured and reachable, but has not yet posted this market for this fixture (bookmakers open different markets at different times before kickoff) -- genuinely unavailable, not a collector failure."
BUNDESLIGA2627_MW08_065_FCSchalke04_RBLeipzig,2026-27,8,2026-10-30,2026-10-30T00:00:00+00:00,FC Schalke 04,RB Leipzig,,totals,,,,,,,,,,,,,,,,,,unknown,,decimal,2026-09-18T10:07:51+00:00,none_available,,False,False,unavailable,2026-09-18,"The Odds API is configured and reachable, but has not yet posted this market for this fixture (bookmakers open different markets at different times before kickoff) -- genuinely unavailable, not a collector failure."
BUNDESLIGA2627_MW08_066_SVWerderBremen_TSGHoffenheim,2026-27,8,2026-10-30,2026-10-30T00:00:00+00:00,SV Werder Bremen,TSG Hoffenheim,,h2h,,,,,,,,,,,,,,,,,,unknown,,decimal,2026-09-18T10:07:51+00:00,none_available,,False,False,unavailable,2026-09-18,"The Odds API is configured and reachable, but has not yet posted this market for this fixture (bookmakers open different markets at different times before kickoff) -- genuinely unavailable, not a collector failure."
BUNDESLIGA2627_MW08_066_SVWerderBremen_TSGHoffenheim,2026-27,8,2026-10-30,2026-10-30T00:00:00+00:00,SV Werder Bremen,TSG Hoffenheim,,spreads,,,,,,,,,,,,,,,,,,unknown,,decimal,2026-09-18T10:07:51+00:00,none_available,,False,False,unavailable,2026-09-18,"The Odds API is configured and reachable, but has not yet posted this market for this fixture (bookmakers open different markets at different times before kickoff) -- genuinely unavailable, not a collector failure."
BUNDESLIGA2627_MW08_066_SVWerderBremen_TSGHoffenheim,2026-27,8,2026-10-30,2026-10-30T00:00:00+00:00,SV Werder Bremen,TSG Hoffenheim,,totals,,,,,,,,,,,,,,,,,,unknown,,decimal,2026-09-18T10:07:51+00:00,none_available,,False,False,unavailable,2026-09-18,"The Odds API is configured and reachable, but has not yet posted this market for this fixture (bookmakers open different markets at different times before kickoff) -- genuinely unavailable, not a collector failure."
BUNDESLIGA2627_MW08_067_BorussiaMönchengladbach_SCPaderborn07,2026-27,8,2026-10-30,2026-10-30T00:00:00+00:00,Borussia Mönchengladbach,SC Paderborn 07,,h2h,,,,,,,,,,,,,,,,,,unknown,,decimal,2026-09-18T10:07:51+00:00,none_available,,False,False,unavailable,2026-09-18,"The Odds API is configured and reachable, but has not yet posted this market for this fixture (bookmakers open different markets at different times before kickoff) -- genuinely unavailable, not a collector failure."
BUNDESLIGA2627_MW08_067_BorussiaMönchengladbach_SCPaderborn07,2026-27,8,2026-10-30,2026-10-30T00:00:00+00:00,Borussia Mönchengladbach,SC Paderborn 07,,spreads,,,,,,,,,,,,,,,,,,unknown,,decimal,2026-09-18T10:07:51+00:00,none_available,,False,False,unavailable,2026-09-18,"The Odds API is configured and reachable, but has not yet posted this market for this fixture (bookmakers open different markets at different times before kickoff) -- genuinely unavailable, not a collector failure."
BUNDESLIGA2627_MW08_067_BorussiaMönchengladbach_SCPaderborn07,2026-27,8,2026-10-30,2026-10-30T00:00:00+00:00,Borussia Mönchengladbach,SC Paderborn 07,,totals,,,,,,,,,,,,,,,,,,unknown,,decimal,2026-09-18T10:07:51+00:00,none_available,,False,False,unavailable,2026-09-18,"The Odds API is configured and reachable, but has not yet posted this market for this fixture (bookmakers open different markets at different times before kickoff) -- genuinely unavailable, not a collector failure."
BUNDESLIGA2627_MW08_068_1.FCUnionBerlin_1.FCKöln,2026-27,8,2026-10-30,2026-10-30T00:00:00+00:00,1. FC Union Berlin,1. FC Köln,,h2h,,,,,,,,,,,,,,,,,,unknown,,decimal,2026-09-18T10:07:51+00:00,none_available,,False,False,unavailable,2026-09-18,"The Odds API is configured and reachable, but has not yet posted this market for this fixture (bookmakers open different markets at different times before kickoff) -- genuinely unavailable, not a collector failure."
BUNDESLIGA2627_MW08_068_1.FCUnionBerlin_1.FCKöln,2026-27,8,2026-10-30,2026-10-30T00:00:00+00:00,1. FC Union Berlin,1. FC Köln,,spreads,,,,,,,,,,,,,,,,,,unknown,,decimal,2026-09-18T10:07:51+00:00,none_available,,False,False,unavailable,2026-09-18,"The Odds API is configured and reachable, but has not yet posted this market for this fixture (bookmakers open different markets at different times before kickoff) -- genuinely unavailable, not a collector failure."
BUNDESLIGA2627_MW08_068_1.FCUnionBerlin_1.FCKöln,2026-27,8,2026-10-30,2026-10-30T00:00:00+00:00,1. FC Union Berlin,1. FC Köln,,totals,,,,,,,,,,,,,,,,,,unknown,,decimal,2026-09-18T10:07:51+00:00,none_available,,False,False,unavailable,2026-09-18,"The Odds API is configured and reachable, but has not yet posted this market for this fixture (bookmakers open different markets at different times before kickoff) -- genuinely unavailable, not a collector failure."
BUNDESLIGA2627_MW08_069_FCAugsburg_Sport-ClubFreiburg,2026-27,8,2026-10-30,2026-10-30T00:00:00+00:00,FC Augsburg,Sport-Club Freiburg,,h2h,,,,,,,,,,,,,,,,,,unknown,,decimal,2026-09-18T10:07:51+00:00,none_available,,False,False,unavailable,2026-09-18,"The Odds API is configured and reachable, but has not yet posted this market for this fixture (bookmakers open different markets at different times before kickoff) -- genuinely unavailable, not a collector failure."
BUNDESLIGA2627_MW08_069_FCAugsburg_Sport-ClubFreiburg,2026-27,8,2026-10-30,2026-10-30T00:00:00+00:00,FC Augsburg,Sport-Club Freiburg,,spreads,,,,,,,,,,,,,,,,,,unknown,,decimal,2026-09-18T10:07:51+00:00,none_available,,False,False,unavailable,2026-09-18,"The Odds API is configured and reachable, but has not yet posted this market for this fixture (bookmakers open different markets at different times before kickoff) -- genuinely unavailable, not a collector failure."
BUNDESLIGA2627_MW08_069_FCAugsburg_Sport-ClubFreiburg,2026-27,8,2026-10-30,2026-10-30T00:00:00+00:00,FC Augsburg,Sport-Club Freiburg,,totals,,,,,,,,,,,,,,,,,,unknown,,decimal,2026-09-18T10:07:51+00:00,none_available,,False,False,unavailable,2026-09-18,"The Odds API is configured and reachable, but has not yet posted this market for this fixture (bookmakers open different markets at different times before kickoff) -- genuinely unavailable, not a collector failure."
BUNDESLIGA2627_MW08_070_EintrachtFrankfurt_HamburgerSV,2026-27,8,2026-10-30,2026-10-30T00:00:00+00:00,Eintracht Frankfurt,Hamburger SV,,h2h,,,,,,,,,,,,,,,,,,unknown,,decimal,2026-09-18T10:07:51+00:00,none_available,,False,False,unavailable,2026-09-18,"The Odds API is configured and reachable, but has not yet posted this market for this fixture (bookmakers open different markets at different times before kickoff) -- genuinely unavailable, not a collector failure."
BUNDESLIGA2627_MW08_070_EintrachtFrankfurt_HamburgerSV,2026-27,8,2026-10-30,2026-10-30T00:00:00+00:00,Eintracht Frankfurt,Hamburger SV,,spreads,,,,,,,,,,,,,,,,,,unknown,,decimal,2026-09-18T10:07:51+00:00,none_available,,False,False,unavailable,2026-09-18,"The Odds API is configured and reachable, but has not yet posted this market for this fixture (bookmakers open different markets at different times before kickoff) -- genuinely unavailable, not a collector failure."
BUNDESLIGA2627_MW08_070_EintrachtFrankfurt_HamburgerSV,2026-27,8,2026-10-30,2026-10-30T00:00:00+00:00,Eintracht Frankfurt,Hamburger SV,,totals,,,,,,,,,,,,,,,,,,unknown,,decimal,2026-09-18T10:07:51+00:00,none_available,,False,False,unavailable,2026-09-18,"The Odds API is configured and reachable, but has not yet posted this market for this fixture (bookmakers open different markets at different times before kickoff) -- genuinely unavailable, not a collector failure."
BUNDESLIGA2627_MW08_071_Bayer04Leverkusen_VfBStuttgart,2026-27,8,2026-10-30,2026-10-30T00:00:00+00:00,Bayer 04 Leverkusen,VfB Stuttgart,,h2h,,,,,,,,,,,,,,,,,,unknown,,decimal,2026-09-18T10:07:51+00:00,none_available,,False,False,unavailable,2026-09-18,"The Odds API is configured and reachable, but has not yet posted this market for this fixture (bookmakers open different markets at different times before kickoff) -- genuinely unavailable, not a collector failure."
BUNDESLIGA2627_MW08_071_Bayer04Leverkusen_VfBStuttgart,2026-27,8,2026-10-30,2026-10-30T00:00:00+00:00,Bayer 04 Leverkusen,VfB Stuttgart,,spreads,,,,,,,,,,,,,,,,,,unknown,,decimal,2026-09-18T10:07:51+00:00,none_available,,False,False,unavailable,2026-09-18,"The Odds API is configured and reachable, but has not yet posted this market for this fixture (bookmakers open different markets at different times before kickoff) -- genuinely unavailable, not a collector failure."
BUNDESLIGA2627_MW08_071_Bayer04Leverkusen_VfBStuttgart,2026-27,8,2026-10-30,2026-10-30T00:00:00+00:00,Bayer 04 Leverkusen,VfB Stuttgart,,totals,,,,,,,,,,,,,,,,,,unknown,,decimal,2026-09-18T10:07:51+00:00,none_available,,False,False,unavailable,2026-09-18,"The Odds API is configured and reachable, but has not yet posted this market for this fixture (bookmakers open different markets at different times before kickoff) -- genuinely unavailable, not a collector failure."
BUNDESLIGA2627_MW08_072_FCBayernMünchen_BorussiaDortmund,2026-27,8,2026-10-30,2026-10-30T00:00:00+00:00,FC Bayern München,Borussia Dortmund,,h2h,,,,,,,,,,,,,,,,,,unknown,,decimal,2026-09-18T10:07:51+00:00,none_available,,False,False,unavailable,2026-09-18,"The Odds API is configured and reachable, but has not yet posted this market for this fixture (bookmakers open different markets at different times before kickoff) -- genuinely unavailable, not a collector failure."
BUNDESLIGA2627_MW08_072_FCBayernMünchen_BorussiaDortmund,2026-27,8,2026-10-30,2026-10-30T00:00:00+00:00,FC Bayern München,Borussia Dortmund,,spreads,,,,,,,,,,,,,,,,,,unknown,,decimal,2026-09-18T10:07:51+00:00,none_available,,False,False,unavailable,2026-09-18,"The Odds API is configured and reachable, but has not yet posted this market for this fixture (bookmakers open different markets at different times before kickoff) -- genuinely unavailable, not a collector failure."
BUNDESLIGA2627_MW08_072_FCBayernMünchen_BorussiaDortmund,2026-27,8,2026-10-30,2026-10-30T00:00:00+00:00,FC Bayern München,Borussia Dortmund,,totals,,,,,,,,,,,,,,,,,,unknown,,decimal,2026-09-18T10:07:51+00:00,none_available,,False,False,unavailable,2026-09-18,"The Odds API is configured and reachable, but has not yet posted this market for this fixture (bookmakers open different markets at different times before kickoff) -- genuinely unavailable, not a collector failure."
BUNDESLIGA2627_MW09_073_SCPaderborn07_EintrachtFrankfurt,2026-27,9,2026-11-06,2026-11-06T00:00:00+00:00,SC Paderborn 07,Eintracht Frankfurt,,h2h,,,,,,,,,,,,,,,,,,unknown,,decimal,2026-09-18T10:07:51+00:00,none_available,,False,False,unavailable,2026-09-18,"The Odds API is configured and reachable, but has not yet posted this market for this fixture (bookmakers open different markets at different times before kickoff) -- genuinely unavailable, not a collector failure."
BUNDESLIGA2627_MW09_073_SCPaderborn07_EintrachtFrankfurt,2026-27,9,2026-11-06,2026-11-06T00:00:00+00:00,SC Paderborn 07,Eintracht Frankfurt,,spreads,,,,,,,,,,,,,,,,,,unknown,,decimal,2026-09-18T10:07:51+00:00,none_available,,False,False,unavailable,2026-09-18,"The Odds API is configured and reachable, but has not yet posted this market for this fixture (bookmakers open different markets at different times before kickoff) -- genuinely unavailable, not a collector failure."
BUNDESLIGA2627_MW09_073_SCPaderborn07_EintrachtFrankfurt,2026-27,9,2026-11-06,2026-11-06T00:00:00+00:00,SC Paderborn 07,Eintracht Frankfurt,,totals,,,,,,,,,,,,,,,,,,unknown,,decimal,2026-09-18T10:07:51+00:00,none_available,,False,False,unavailable,2026-09-18,"The Odds API is configured and reachable, but has not yet posted this market for this fixture (bookmakers open different markets at different times before kickoff) -- genuinely unavailable, not a collector failure."
BUNDESLIGA2627_MW09_074_1.FCKöln_Bayer04Leverkusen,2026-27,9,2026-11-06,2026-11-06T00:00:00+00:00,1. FC Köln,Bayer 04 Leverkusen,,h2h,,,,,,,,,,,,,,,,,,unknown,,decimal,2026-09-18T10:07:51+00:00,none_available,,False,False,unavailable,2026-09-18,"The Odds API is configured and reachable, but has not yet posted this market for this fixture (bookmakers open different markets at different times before kickoff) -- genuinely unavailable, not a collector failure."
BUNDESLIGA2627_MW09_074_1.FCKöln_Bayer04Leverkusen,2026-27,9,2026-11-06,2026-11-06T00:00:00+00:00,1. FC Köln,Bayer 04 Leverkusen,,spreads,,,,,,,,,,,,,,,,,,unknown,,decimal,2026-09-18T10:07:51+00:00,none_available,,False,False,unavailable,2026-09-18,"The Odds API is configured and reachable, but has not yet posted this market for this fixture (bookmakers open different markets at different times before kickoff) -- genuinely unavailable, not a collector failure."
BUNDESLIGA2627_MW09_074_1.FCKöln_Bayer04Leverkusen,2026-27,9,2026-11-06,2026-11-06T00:00:00+00:00,1. FC Köln,Bayer 04 Leverkusen,,totals,,,,,,,,,,,,,,,,,,unknown,,decimal,2026-09-18T10:07:51+00:00,none_available,,False,False,unavailable,2026-09-18,"The Odds API is configured and reachable, but has not yet posted this market for this fixture (bookmakers open different markets at different times before kickoff) -- genuinely unavailable, not a collector failure."
BUNDESLIGA2627_MW09_075_HamburgerSV_BorussiaMönchengladbach,2026-27,9,2026-11-06,2026-11-06T00:00:00+00:00,Hamburger SV,Borussia Mönchengladbach,,h2h,,,,,,,,,,,,,,,,,,unknown,,decimal,2026-09-18T10:07:51+00:00,none_available,,False,False,unavailable,2026-09-18,"The Odds API is configured and reachable, but has not yet posted this market for this fixture (bookmakers open different markets at different times before kickoff) -- genuinely unavailable, not a collector failure."
BUNDESLIGA2627_MW09_075_HamburgerSV_BorussiaMönchengladbach,2026-27,9,2026-11-06,2026-11-06T00:00:00+00:00,Hamburger SV,Borussia Mönchengladbach,,spreads,,,,,,,,,,,,,,,,,,unknown,,decimal,2026-09-18T10:07:51+00:00,none_available,,False,False,unavailable,2026-09-18,"The Odds API is configured and reachable, but has not yet posted this market for this fixture (bookmakers open different markets at different times before kickoff) -- genuinely unavailable, not a collector failure."
BUNDESLIGA2627_MW09_075_HamburgerSV_BorussiaMönchengladbach,2026-27,9,2026-11-06,2026-11-06T00:00:00+00:00,Hamburger SV,Borussia Mönchengladbach,,totals,,,,,,,,,,,,,,,,,,unknown,,decimal,2026-09-18T10:07:51+00:00,none_available,,False,False,unavailable,2026-09-18,"The Odds API is configured and reachable, but has not yet posted this market for this fixture (bookmakers open different markets at different times before kickoff) -- genuinely unavailable, not a collector failure."
BUNDESLIGA2627_MW09_076_1.FSVMainz05_FCBayernMünchen,2026-27,9,2026-11-06,2026-11-06T00:00:00+00:00,1. FSV Mainz 05,FC Bayern München,,h2h,,,,,,,,,,,,,,,,,,unknown,,decimal,2026-09-18T10:07:51+00:00,none_available,,False,False,unavailable,2026-09-18,"The Odds API is configured and reachable, but has not yet posted this market for this fixture (bookmakers open different markets at different times before kickoff) -- genuinely unavailable, not a collector failure."
BUNDESLIGA2627_MW09_076_1.FSVMainz05_FCBayernMünchen,2026-27,9,2026-11-06,2026-11-06T00:00:00+00:00,1. FSV Mainz 05,FC Bayern München,,spreads,,,,,,,,,,,,,,,,,,unknown,,decimal,2026-09-18T10:07:51+00:00,none_available,,False,False,unavailable,2026-09-18,"The Odds API is configured and reachable, but has not yet posted this market for this fixture (bookmakers open different markets at different times before kickoff) -- genuinely unavailable, not a collector failure."
BUNDESLIGA2627_MW09_076_1.FSVMainz05_FCBayernMünchen,2026-27,9,2026-11-06,2026-11-06T00:00:00+00:00,1. FSV Mainz 05,FC Bayern München,,totals,,,,,,,,,,,,,,,,,,unknown,,decimal,2026-09-18T10:07:51+00:00,none_available,,False,False,unavailable,2026-09-18,"The Odds API is configured and reachable, but has not yet posted this market for this fixture (bookmakers open different markets at different times before kickoff) -- genuinely unavailable, not a collector failure."
BUNDESLIGA2627_MW09_077_Sport-ClubFreiburg_1.FCUnionBerlin,2026-27,9,2026-11-06,2026-11-06T00:00:00+00:00,Sport-Club Freiburg,1. FC Union Berlin,,h2h,,,,,,,,,,,,,,,,,,unknown,,decimal,2026-09-18T10:07:51+00:00,none_available,,False,False,unavailable,2026-09-18,"The Odds API is configured and reachable, but has not yet posted this market for this fixture (bookmakers open different markets at different times before kickoff) -- genuinely unavailable, not a collector failure."
BUNDESLIGA2627_MW09_077_Sport-ClubFreiburg_1.FCUnionBerlin,2026-27,9,2026-11-06,2026-11-06T00:00:00+00:00,Sport-Club Freiburg,1. FC Union Berlin,,spreads,,,,,,,,,,,,,,,,,,unknown,,decimal,2026-09-18T10:07:51+00:00,none_available,,False,False,unavailable,2026-09-18,"The Odds API is configured and reachable, but has not yet posted this market for this fixture (bookmakers open different markets at different times before kickoff) -- genuinely unavailable, not a collector failure."
BUNDESLIGA2627_MW09_077_Sport-ClubFreiburg_1.FCUnionBerlin,2026-27,9,2026-11-06,2026-11-06T00:00:00+00:00,Sport-Club Freiburg,1. FC Union Berlin,,totals,,,,,,,,,,,,,,,,,,unknown,,decimal,2026-09-18T10:07:51+00:00,none_available,,False,False,unavailable,2026-09-18,"The Odds API is configured and reachable, but has not yet posted this market for this fixture (bookmakers open different markets at different times before kickoff) -- genuinely unavailable, not a collector failure."
BUNDESLIGA2627_MW09_078_TSGHoffenheim_FCSchalke04,2026-27,9,2026-11-06,2026-11-06T00:00:00+00:00,TSG Hoffenheim,FC Schalke 04,,h2h,,,,,,,,,,,,,,,,,,unknown,,decimal,2026-09-18T10:07:51+00:00,none_available,,False,False,unavailable,2026-09-18,"The Odds API is configured and reachable, but has not yet posted this market for this fixture (bookmakers open different markets at different times before kickoff) -- genuinely unavailable, not a collector failure."
BUNDESLIGA2627_MW09_078_TSGHoffenheim_FCSchalke04,2026-27,9,2026-11-06,2026-11-06T00:00:00+00:00,TSG Hoffenheim,FC Schalke 04,,spreads,,,,,,,,,,,,,,,,,,unknown,,decimal,2026-09-18T10:07:51+00:00,none_available,,False,False,unavailable,2026-09-18,"The Odds API is configured and reachable, but has not yet posted this market for this fixture (bookmakers open different markets at different times before kickoff) -- genuinely unavailable, not a collector failure."
BUNDESLIGA2627_MW09_078_TSGHoffenheim_FCSchalke04,2026-27,9,2026-11-06,2026-11-06T00:00:00+00:00,TSG Hoffenheim,FC Schalke 04,,totals,,,,,,,,,,,,,,,,,,unknown,,decimal,2026-09-18T10:07:51+00:00,none_available,,False,False,unavailable,2026-09-18,"The Odds API is configured and reachable, but has not yet posted this market for this fixture (bookmakers open different markets at different times before kickoff) -- genuinely unavailable, not a collector failure."
BUNDESLIGA2627_MW09_079_VfBStuttgart_SVWerderBremen,2026-27,9,2026-11-06,2026-11-06T00:00:00+00:00,VfB Stuttgart,SV Werder Bremen,,h2h,,,,,,,,,,,,,,,,,,unknown,,decimal,2026-09-18T10:07:51+00:00,none_available,,False,False,unavailable,2026-09-18,"The Odds API is configured and reachable, but has not yet posted this market for this fixture (bookmakers open different markets at different times before kickoff) -- genuinely unavailable, not a collector failure."
BUNDESLIGA2627_MW09_079_VfBStuttgart_SVWerderBremen,2026-27,9,2026-11-06,2026-11-06T00:00:00+00:00,VfB Stuttgart,SV Werder Bremen,,spreads,,,,,,,,,,,,,,,,,,unknown,,decimal,2026-09-18T10:07:51+00:00,none_available,,False,False,unavailable,2026-09-18,"The Odds API is configured and reachable, but has not yet posted this market for this fixture (bookmakers open different markets at different times before kickoff) -- genuinely unavailable, not a collector failure."
BUNDESLIGA2627_MW09_079_VfBStuttgart_SVWerderBremen,2026-27,9,2026-11-06,2026-11-06T00:00:00+00:00,VfB Stuttgart,SV Werder Bremen,,totals,,,,,,,,,,,,,,,,,,unknown,,decimal,2026-09-18T10:07:51+00:00,none_available,,False,False,unavailable,2026-09-18,"The Odds API is configured and reachable, but has not yet posted this market for this fixture (bookmakers open different markets at different times before kickoff) -- genuinely unavailable, not a collector failure."
BUNDESLIGA2627_MW09_080_RBLeipzig_FCAugsburg,2026-27,9,2026-11-06,2026-11-06T00:00:00+00:00,RB Leipzig,FC Augsburg,,h2h,,,,,,,,,,,,,,,,,,unknown,,decimal,2026-09-18T10:07:51+00:00,none_available,,False,False,unavailable,2026-09-18,"The Odds API is configured and reachable, but has not yet posted this market for this fixture (bookmakers open different markets at different times before kickoff) -- genuinely unavailable, not a collector failure."
BUNDESLIGA2627_MW09_080_RBLeipzig_FCAugsburg,2026-27,9,2026-11-06,2026-11-06T00:00:00+00:00,RB Leipzig,FC Augsburg,,spreads,,,,,,,,,,,,,,,,,,unknown,,decimal,2026-09-18T10:07:51+00:00,none_available,,False,False,unavailable,2026-09-18,"The Odds API is configured and reachable, but has not yet posted this market for this fixture (bookmakers open different markets at different times before kickoff) -- genuinely unavailable, not a collector failure."
BUNDESLIGA2627_MW09_080_RBLeipzig_FCAugsburg,2026-27,9,2026-11-06,2026-11-06T00:00:00+00:00,RB Leipzig,FC Augsburg,,totals,,,,,,,,,,,,,,,,,,unknown,,decimal,2026-09-18T10:07:51+00:00,none_available,,False,False,unavailable,2026-09-18,"The Odds API is configured and reachable, but has not yet posted this market for this fixture (bookmakers open different markets at different times before kickoff) -- genuinely unavailable, not a collector failure."
BUNDESLIGA2627_MW09_081_BorussiaDortmund_SVElversberg,2026-27,9,2026-11-06,2026-11-06T00:00:00+00:00,Borussia Dortmund,SV Elversberg,,h2h,,,,,,,,,,,,,,,,,,unknown,,decimal,2026-09-18T10:07:51+00:00,none_available,,False,False,unavailable,2026-09-18,"The Odds API is configured and reachable, but has not yet posted this market for this fixture (bookmakers open different markets at different times before kickoff) -- genuinely unavailable, not a collector failure."
BUNDESLIGA2627_MW09_081_BorussiaDortmund_SVElversberg,2026-27,9,2026-11-06,2026-11-06T00:00:00+00:00,Borussia Dortmund,SV Elversberg,,spreads,,,,,,,,,,,,,,,,,,unknown,,decimal,2026-09-18T10:07:51+00:00,none_available,,False,False,unavailable,2026-09-18,"The Odds API is configured and reachable, but has not yet posted this market for this fixture (bookmakers open different markets at different times before kickoff) -- genuinely unavailable, not a collector failure."
BUNDESLIGA2627_MW09_081_BorussiaDortmund_SVElversberg,2026-27,9,2026-11-06,2026-11-06T00:00:00+00:00,Borussia Dortmund,SV Elversberg,,totals,,,,,,,,,,,,,,,,,,unknown,,decimal,2026-09-18T10:07:51+00:00,none_available,,False,False,unavailable,2026-09-18,"The Odds API is configured and reachable, but has not yet posted this market for this fixture (bookmakers open different markets at different times before kickoff) -- genuinely unavailable, not a collector failure."
BUNDESLIGA2627_MW10_082_SVElversberg_Sport-ClubFreiburg,2026-27,10,2026-11-20,2026-11-20T00:00:00+00:00,SV Elversberg,Sport-Club Freiburg,,h2h,,,,,,,,,,,,,,,,,,unknown,,decimal,2026-09-18T10:07:51+00:00,none_available,,False,False,unavailable,2026-09-18,"The Odds API is configured and reachable, but has not yet posted this market for this fixture (bookmakers open different markets at different times before kickoff) -- genuinely unavailable, not a collector failure."
BUNDESLIGA2627_MW10_082_SVElversberg_Sport-ClubFreiburg,2026-27,10,2026-11-20,2026-11-20T00:00:00+00:00,SV Elversberg,Sport-Club Freiburg,,spreads,,,,,,,,,,,,,,,,,,unknown,,decimal,2026-09-18T10:07:51+00:00,none_available,,False,False,unavailable,2026-09-18,"The Odds API is configured and reachable, but has not yet posted this market for this fixture (bookmakers open different markets at different times before kickoff) -- genuinely unavailable, not a collector failure."
BUNDESLIGA2627_MW10_082_SVElversberg_Sport-ClubFreiburg,2026-27,10,2026-11-20,2026-11-20T00:00:00+00:00,SV Elversberg,Sport-Club Freiburg,,totals,,,,,,,,,,,,,,,,,,unknown,,decimal,2026-09-18T10:07:51+00:00,none_available,,False,False,unavailable,2026-09-18,"The Odds API is configured and reachable, but has not yet posted this market for this fixture (bookmakers open different markets at different times before kickoff) -- genuinely unavailable, not a collector failure."
BUNDESLIGA2627_MW10_083_FCSchalke04_VfBStuttgart,2026-27,10,2026-11-20,2026-11-20T00:00:00+00:00,FC Schalke 04,VfB Stuttgart,,h2h,,,,,,,,,,,,,,,,,,unknown,,decimal,2026-09-18T10:07:51+00:00,none_available,,False,False,unavailable,2026-09-18,"The Odds API is configured and reachable, but has not yet posted this market for this fixture (bookmakers open different markets at different times before kickoff) -- genuinely unavailable, not a collector failure."
BUNDESLIGA2627_MW10_083_FCSchalke04_VfBStuttgart,2026-27,10,2026-11-20,2026-11-20T00:00:00+00:00,FC Schalke 04,VfB Stuttgart,,spreads,,,,,,,,,,,,,,,,,,unknown,,decimal,2026-09-18T10:07:51+00:00,none_available,,False,False,unavailable,2026-09-18,"The Odds API is configured and reachable, but has not yet posted this market for this fixture (bookmakers open different markets at different times before kickoff) -- genuinely unavailable, not a collector failure."
BUNDESLIGA2627_MW10_083_FCSchalke04_VfBStuttgart,2026-27,10,2026-11-20,2026-11-20T00:00:00+00:00,FC Schalke 04,VfB Stuttgart,,totals,,,,,,,,,,,,,,,,,,unknown,,decimal,2026-09-18T10:07:51+00:00,none_available,,False,False,unavailable,2026-09-18,"The Odds API is configured and reachable, but has not yet posted this market for this fixture (bookmakers open different markets at different times before kickoff) -- genuinely unavailable, not a collector failure."
BUNDESLIGA2627_MW10_084_SVWerderBremen_HamburgerSV,2026-27,10,2026-11-20,2026-11-20T00:00:00+00:00,SV Werder Bremen,Hamburger SV,,h2h,,,,,,,,,,,,,,,,,,unknown,,decimal,2026-09-18T10:07:51+00:00,none_available,,False,False,unavailable,2026-09-18,"The Odds API is configured and reachable, but has not yet posted this market for this fixture (bookmakers open different markets at different times before kickoff) -- genuinely unavailable, not a collector failure."
BUNDESLIGA2627_MW10_084_SVWerderBremen_HamburgerSV,2026-27,10,2026-11-20,2026-11-20T00:00:00+00:00,SV Werder Bremen,Hamburger SV,,spreads,,,,,,,,,,,,,,,,,,unknown,,decimal,2026-09-18T10:07:51+00:00,none_available,,False,False,unavailable,2026-09-18,"The Odds API is configured and reachable, but has not yet posted this market for this fixture (bookmakers open different markets at different times before kickoff) -- genuinely unavailable, not a collector failure."
BUNDESLIGA2627_MW10_084_SVWerderBremen_HamburgerSV,2026-27,10,2026-11-20,2026-11-20T00:00:00+00:00,SV Werder Bremen,Hamburger SV,,totals,,,,,,,,,,,,,,,,,,unknown,,decimal,2026-09-18T10:07:51+00:00,none_available,,False,False,unavailable,2026-09-18,"The Odds API is configured and reachable, but has not yet posted this market for this fixture (bookmakers open different markets at different times before kickoff) -- genuinely unavailable, not a collector failure."
BUNDESLIGA2627_MW10_085_BorussiaMönchengladbach_BorussiaDortmund,2026-27,10,2026-11-20,2026-11-20T00:00:00+00:00,Borussia Mönchengladbach,Borussia Dortmund,,h2h,,,,,,,,,,,,,,,,,,unknown,,decimal,2026-09-18T10:07:51+00:00,none_available,,False,False,unavailable,2026-09-18,"The Odds API is configured and reachable, but has not yet posted this market for this fixture (bookmakers open different markets at different times before kickoff) -- genuinely unavailable, not a collector failure."
BUNDESLIGA2627_MW10_085_BorussiaMönchengladbach_BorussiaDortmund,2026-27,10,2026-11-20,2026-11-20T00:00:00+00:00,Borussia Mönchengladbach,Borussia Dortmund,,spreads,,,,,,,,,,,,,,,,,,unknown,,decimal,2026-09-18T10:07:51+00:00,none_available,,False,False,unavailable,2026-09-18,"The Odds API is configured and reachable, but has not yet posted this market for this fixture (bookmakers open different markets at different times before kickoff) -- genuinely unavailable, not a collector failure."
BUNDESLIGA2627_MW10_085_BorussiaMönchengladbach_BorussiaDortmund,2026-27,10,2026-11-20,2026-11-20T00:00:00+00:00,Borussia Mönchengladbach,Borussia Dortmund,,totals,,,,,,,,,,,,,,,,,,unknown,,decimal,2026-09-18T10:07:51+00:00,none_available,,False,False,unavailable,2026-09-18,"The Odds API is configured and reachable, but has not yet posted this market for this fixture (bookmakers open different markets at different times before kickoff) -- genuinely unavailable, not a collector failure."
BUNDESLIGA2627_MW10_086_1.FCUnionBerlin_RBLeipzig,2026-27,10,2026-11-20,2026-11-20T00:00:00+00:00,1. FC Union Berlin,RB Leipzig,,h2h,,,,,,,,,,,,,,,,,,unknown,,decimal,2026-09-18T10:07:51+00:00,none_available,,False,False,unavailable,2026-09-18,"The Odds API is configured and reachable, but has not yet posted this market for this fixture (bookmakers open different markets at different times before kickoff) -- genuinely unavailable, not a collector failure."
BUNDESLIGA2627_MW10_086_1.FCUnionBerlin_RBLeipzig,2026-27,10,2026-11-20,2026-11-20T00:00:00+00:00,1. FC Union Berlin,RB Leipzig,,spreads,,,,,,,,,,,,,,,,,,unknown,,decimal,2026-09-18T10:07:51+00:00,none_available,,False,False,unavailable,2026-09-18,"The Odds API is configured and reachable, but has not yet posted this market for this fixture (bookmakers open different markets at different times before kickoff) -- genuinely unavailable, not a collector failure."
BUNDESLIGA2627_MW10_086_1.FCUnionBerlin_RBLeipzig,2026-27,10,2026-11-20,2026-11-20T00:00:00+00:00,1. FC Union Berlin,RB Leipzig,,totals,,,,,,,,,,,,,,,,,,unknown,,decimal,2026-09-18T10:07:51+00:00,none_available,,False,False,unavailable,2026-09-18,"The Odds API is configured and reachable, but has not yet posted this market for this fixture (bookmakers open different markets at different times before kickoff) -- genuinely unavailable, not a collector failure."
BUNDESLIGA2627_MW10_087_FCAugsburg_1.FSVMainz05,2026-27,10,2026-11-20,2026-11-20T00:00:00+00:00,FC Augsburg,1. FSV Mainz 05,,h2h,,,,,,,,,,,,,,,,,,unknown,,decimal,2026-09-18T10:07:51+00:00,none_available,,False,False,unavailable,2026-09-18,"The Odds API is configured and reachable, but has not yet posted this market for this fixture (bookmakers open different markets at different times before kickoff) -- genuinely unavailable, not a collector failure."
BUNDESLIGA2627_MW10_087_FCAugsburg_1.FSVMainz05,2026-27,10,2026-11-20,2026-11-20T00:00:00+00:00,FC Augsburg,1. FSV Mainz 05,,spreads,,,,,,,,,,,,,,,,,,unknown,,decimal,2026-09-18T10:07:51+00:00,none_available,,False,False,unavailable,2026-09-18,"The Odds API is configured and reachable, but has not yet posted this market for this fixture (bookmakers open different markets at different times before kickoff) -- genuinely unavailable, not a collector failure."
BUNDESLIGA2627_MW10_087_FCAugsburg_1.FSVMainz05,2026-27,10,2026-11-20,2026-11-20T00:00:00+00:00,FC Augsburg,1. FSV Mainz 05,,totals,,,,,,,,,,,,,,,,,,unknown,,decimal,2026-09-18T10:07:51+00:00,none_available,,False,False,unavailable,2026-09-18,"The Odds API is configured and reachable, but has not yet posted this market for this fixture (bookmakers open different markets at different times before kickoff) -- genuinely unavailable, not a collector failure."
BUNDESLIGA2627_MW10_088_EintrachtFrankfurt_TSGHoffenheim,2026-27,10,2026-11-20,2026-11-20T00:00:00+00:00,Eintracht Frankfurt,TSG Hoffenheim,,h2h,,,,,,,,,,,,,,,,,,unknown,,decimal,2026-09-18T10:07:51+00:00,none_available,,False,False,unavailable,2026-09-18,"The Odds API is configured and reachable, but has not yet posted this market for this fixture (bookmakers open different markets at different times before kickoff) -- genuinely unavailable, not a collector failure."
BUNDESLIGA2627_MW10_088_EintrachtFrankfurt_TSGHoffenheim,2026-27,10,2026-11-20,2026-11-20T00:00:00+00:00,Eintracht Frankfurt,TSG Hoffenheim,,spreads,,,,,,,,,,,,,,,,,,unknown,,decimal,2026-09-18T10:07:51+00:00,none_available,,False,False,unavailable,2026-09-18,"The Odds API is configured and reachable, but has not yet posted this market for this fixture (bookmakers open different markets at different times before kickoff) -- genuinely unavailable, not a collector failure."
BUNDESLIGA2627_MW10_088_EintrachtFrankfurt_TSGHoffenheim,2026-27,10,2026-11-20,2026-11-20T00:00:00+00:00,Eintracht Frankfurt,TSG Hoffenheim,,totals,,,,,,,,,,,,,,,,,,unknown,,decimal,2026-09-18T10:07:51+00:00,none_available,,False,False,unavailable,2026-09-18,"The Odds API is configured and reachable, but has not yet posted this market for this fixture (bookmakers open different markets at different times before kickoff) -- genuinely unavailable, not a collector failure."
BUNDESLIGA2627_MW10_089_Bayer04Leverkusen_SCPaderborn07,2026-27,10,2026-11-20,2026-11-20T00:00:00+00:00,Bayer 04 Leverkusen,SC Paderborn 07,,h2h,,,,,,,,,,,,,,,,,,unknown,,decimal,2026-09-18T10:07:51+00:00,none_available,,False,False,unavailable,2026-09-18,"The Odds API is configured and reachable, but has not yet posted this market for this fixture (bookmakers open different markets at different times before kickoff) -- genuinely unavailable, not a collector failure."
BUNDESLIGA2627_MW10_089_Bayer04Leverkusen_SCPaderborn07,2026-27,10,2026-11-20,2026-11-20T00:00:00+00:00,Bayer 04 Leverkusen,SC Paderborn 07,,spreads,,,,,,,,,,,,,,,,,,unknown,,decimal,2026-09-18T10:07:51+00:00,none_available,,False,False,unavailable,2026-09-18,"The Odds API is configured and reachable, but has not yet posted this market for this fixture (bookmakers open different markets at different times before kickoff) -- genuinely unavailable, not a collector failure."
BUNDESLIGA2627_MW10_089_Bayer04Leverkusen_SCPaderborn07,2026-27,10,2026-11-20,2026-11-20T00:00:00+00:00,Bayer 04 Leverkusen,SC Paderborn 07,,totals,,,,,,,,,,,,,,,,,,unknown,,decimal,2026-09-18T10:07:51+00:00,none_available,,False,False,unavailable,2026-09-18,"The Odds API is configured and reachable, but has not yet posted this market for this fixture (bookmakers open different markets at different times before kickoff) -- genuinely unavailable, not a collector failure."
BUNDESLIGA2627_MW10_090_FCBayernMünchen_1.FCKöln,2026-27,10,2026-11-20,2026-11-20T00:00:00+00:00,FC Bayern München,1. FC Köln,,h2h,,,,,,,,,,,,,,,,,,unknown,,decimal,2026-09-18T10:07:51+00:00,none_available,,False,False,unavailable,2026-09-18,"The Odds API is configured and reachable, but has not yet posted this market for this fixture (bookmakers open different markets at different times before kickoff) -- genuinely unavailable, not a collector failure."
BUNDESLIGA2627_MW10_090_FCBayernMünchen_1.FCKöln,2026-27,10,2026-11-20,2026-11-20T00:00:00+00:00,FC Bayern München,1. FC Köln,,spreads,,,,,,,,,,,,,,,,,,unknown,,decimal,2026-09-18T10:07:51+00:00,none_available,,False,False,unavailable,2026-09-18,"The Odds API is configured and reachable, but has not yet posted this market for this fixture (bookmakers open different markets at different times before kickoff) -- genuinely unavailable, not a collector failure."
BUNDESLIGA2627_MW10_090_FCBayernMünchen_1.FCKöln,2026-27,10,2026-11-20,2026-11-20T00:00:00+00:00,FC Bayern München,1. FC Köln,,totals,,,,,,,,,,,,,,,,,,unknown,,decimal,2026-09-18T10:07:51+00:00,none_available,,False,False,unavailable,2026-09-18,"The Odds API is configured and reachable, but has not yet posted this market for this fixture (bookmakers open different markets at different times before kickoff) -- genuinely unavailable, not a collector failure."
BUNDESLIGA2627_MW11_091_SCPaderborn07_FCSchalke04,2026-27,11,2026-11-27,2026-11-27T00:00:00+00:00,SC Paderborn 07,FC Schalke 04,,h2h,,,,,,,,,,,,,,,,,,unknown,,decimal,2026-09-18T10:07:51+00:00,none_available,,False,False,unavailable,2026-09-18,"The Odds API is configured and reachable, but has not yet posted this market for this fixture (bookmakers open different markets at different times before kickoff) -- genuinely unavailable, not a collector failure."
BUNDESLIGA2627_MW11_091_SCPaderborn07_FCSchalke04,2026-27,11,2026-11-27,2026-11-27T00:00:00+00:00,SC Paderborn 07,FC Schalke 04,,spreads,,,,,,,,,,,,,,,,,,unknown,,decimal,2026-09-18T10:07:51+00:00,none_available,,False,False,unavailable,2026-09-18,"The Odds API is configured and reachable, but has not yet posted this market for this fixture (bookmakers open different markets at different times before kickoff) -- genuinely unavailable, not a collector failure."
BUNDESLIGA2627_MW11_091_SCPaderborn07_FCSchalke04,2026-27,11,2026-11-27,2026-11-27T00:00:00+00:00,SC Paderborn 07,FC Schalke 04,,totals,,,,,,,,,,,,,,,,,,unknown,,decimal,2026-09-18T10:07:51+00:00,none_available,,False,False,unavailable,2026-09-18,"The Odds API is configured and reachable, but has not yet posted this market for this fixture (bookmakers open different markets at different times before kickoff) -- genuinely unavailable, not a collector failure."
BUNDESLIGA2627_MW11_092_SVWerderBremen_BorussiaMönchengladbach,2026-27,11,2026-11-27,2026-11-27T00:00:00+00:00,SV Werder Bremen,Borussia Mönchengladbach,,h2h,,,,,,,,,,,,,,,,,,unknown,,decimal,2026-09-18T10:07:51+00:00,none_available,,False,False,unavailable,2026-09-18,"The Odds API is configured and reachable, but has not yet posted this market for this fixture (bookmakers open different markets at different times before kickoff) -- genuinely unavailable, not a collector failure."
BUNDESLIGA2627_MW11_092_SVWerderBremen_BorussiaMönchengladbach,2026-27,11,2026-11-27,2026-11-27T00:00:00+00:00,SV Werder Bremen,Borussia Mönchengladbach,,spreads,,,,,,,,,,,,,,,,,,unknown,,decimal,2026-09-18T10:07:51+00:00,none_available,,False,False,unavailable,2026-09-18,"The Odds API is configured and reachable, but has not yet posted this market for this fixture (bookmakers open different markets at different times before kickoff) -- genuinely unavailable, not a collector failure."
BUNDESLIGA2627_MW11_092_SVWerderBremen_BorussiaMönchengladbach,2026-27,11,2026-11-27,2026-11-27T00:00:00+00:00,SV Werder Bremen,Borussia Mönchengladbach,,totals,,,,,,,,,,,,,,,,,,unknown,,decimal,2026-09-18T10:07:51+00:00,none_available,,False,False,unavailable,2026-09-18,"The Odds API is configured and reachable, but has not yet posted this market for this fixture (bookmakers open different markets at different times before kickoff) -- genuinely unavailable, not a collector failure."
BUNDESLIGA2627_MW11_093_1.FCKöln_SVElversberg,2026-27,11,2026-11-27,2026-11-27T00:00:00+00:00,1. FC Köln,SV Elversberg,,h2h,,,,,,,,,,,,,,,,,,unknown,,decimal,2026-09-18T10:07:51+00:00,none_available,,False,False,unavailable,2026-09-18,"The Odds API is configured and reachable, but has not yet posted this market for this fixture (bookmakers open different markets at different times before kickoff) -- genuinely unavailable, not a collector failure."
BUNDESLIGA2627_MW11_093_1.FCKöln_SVElversberg,2026-27,11,2026-11-27,2026-11-27T00:00:00+00:00,1. FC Köln,SV Elversberg,,spreads,,,,,,,,,,,,,,,,,,unknown,,decimal,2026-09-18T10:07:51+00:00,none_available,,False,False,unavailable,2026-09-18,"The Odds API is configured and reachable, but has not yet posted this market for this fixture (bookmakers open different markets at different times before kickoff) -- genuinely unavailable, not a collector failure."
BUNDESLIGA2627_MW11_093_1.FCKöln_SVElversberg,2026-27,11,2026-11-27,2026-11-27T00:00:00+00:00,1. FC Köln,SV Elversberg,,totals,,,,,,,,,,,,,,,,,,unknown,,decimal,2026-09-18T10:07:51+00:00,none_available,,False,False,unavailable,2026-09-18,"The Odds API is configured and reachable, but has not yet posted this market for this fixture (bookmakers open different markets at different times before kickoff) -- genuinely unavailable, not a collector failure."
BUNDESLIGA2627_MW11_094_HamburgerSV_FCBayernMünchen,2026-27,11,2026-11-27,2026-11-27T00:00:00+00:00,Hamburger SV,FC Bayern München,,h2h,,,,,,,,,,,,,,,,,,unknown,,decimal,2026-09-18T10:07:51+00:00,none_available,,False,False,unavailable,2026-09-18,"The Odds API is configured and reachable, but has not yet posted this market for this fixture (bookmakers open different markets at different times before kickoff) -- genuinely unavailable, not a collector failure."
BUNDESLIGA2627_MW11_094_HamburgerSV_FCBayernMünchen,2026-27,11,2026-11-27,2026-11-27T00:00:00+00:00,Hamburger SV,FC Bayern München,,spreads,,,,,,,,,,,,,,,,,,unknown,,decimal,2026-09-18T10:07:51+00:00,none_available,,False,False,unavailable,2026-09-18,"The Odds API is configured and reachable, but has not yet posted this market for this fixture (bookmakers open different markets at different times before kickoff) -- genuinely unavailable, not a collector failure."
BUNDESLIGA2627_MW11_094_HamburgerSV_FCBayernMünchen,2026-27,11,2026-11-27,2026-11-27T00:00:00+00:00,Hamburger SV,FC Bayern München,,totals,,,,,,,,,,,,,,,,,,unknown,,decimal,2026-09-18T10:07:51+00:00,none_available,,False,False,unavailable,2026-09-18,"The Odds API is configured and reachable, but has not yet posted this market for this fixture (bookmakers open different markets at different times before kickoff) -- genuinely unavailable, not a collector failure."
BUNDESLIGA2627_MW11_095_1.FSVMainz05_1.FCUnionBerlin,2026-27,11,2026-11-27,2026-11-27T00:00:00+00:00,1. FSV Mainz 05,1. FC Union Berlin,,h2h,,,,,,,,,,,,,,,,,,unknown,,decimal,2026-09-18T10:07:51+00:00,none_available,,False,False,unavailable,2026-09-18,"The Odds API is configured and reachable, but has not yet posted this market for this fixture (bookmakers open different markets at different times before kickoff) -- genuinely unavailable, not a collector failure."
BUNDESLIGA2627_MW11_095_1.FSVMainz05_1.FCUnionBerlin,2026-27,11,2026-11-27,2026-11-27T00:00:00+00:00,1. FSV Mainz 05,1. FC Union Berlin,,spreads,,,,,,,,,,,,,,,,,,unknown,,decimal,2026-09-18T10:07:51+00:00,none_available,,False,False,unavailable,2026-09-18,"The Odds API is configured and reachable, but has not yet posted this market for this fixture (bookmakers open different markets at different times before kickoff) -- genuinely unavailable, not a collector failure."
BUNDESLIGA2627_MW11_095_1.FSVMainz05_1.FCUnionBerlin,2026-27,11,2026-11-27,2026-11-27T00:00:00+00:00,1. FSV Mainz 05,1. FC Union Berlin,,totals,,,,,,,,,,,,,,,,,,unknown,,decimal,2026-09-18T10:07:51+00:00,none_available,,False,False,unavailable,2026-09-18,"The Odds API is configured and reachable, but has not yet posted this market for this fixture (bookmakers open different markets at different times before kickoff) -- genuinely unavailable, not a collector failure."
BUNDESLIGA2627_MW11_096_Sport-ClubFreiburg_RBLeipzig,2026-27,11,2026-11-27,2026-11-27T00:00:00+00:00,Sport-Club Freiburg,RB Leipzig,,h2h,,,,,,,,,,,,,,,,,,unknown,,decimal,2026-09-18T10:07:51+00:00,none_available,,False,False,unavailable,2026-09-18,"The Odds API is configured and reachable, but has not yet posted this market for this fixture (bookmakers open different markets at different times before kickoff) -- genuinely unavailable, not a collector failure."
BUNDESLIGA2627_MW11_096_Sport-ClubFreiburg_RBLeipzig,2026-27,11,2026-11-27,2026-11-27T00:00:00+00:00,Sport-Club Freiburg,RB Leipzig,,spreads,,,,,,,,,,,,,,,,,,unknown,,decimal,2026-09-18T10:07:51+00:00,none_available,,False,False,unavailable,2026-09-18,"The Odds API is configured and reachable, but has not yet posted this market for this fixture (bookmakers open different markets at different times before kickoff) -- genuinely unavailable, not a collector failure."
BUNDESLIGA2627_MW11_096_Sport-ClubFreiburg_RBLeipzig,2026-27,11,2026-11-27,2026-11-27T00:00:00+00:00,Sport-Club Freiburg,RB Leipzig,,totals,,,,,,,,,,,,,,,,,,unknown,,decimal,2026-09-18T10:07:51+00:00,none_available,,False,False,unavailable,2026-09-18,"The Odds API is configured and reachable, but has not yet posted this market for this fixture (bookmakers open different markets at different times before kickoff) -- genuinely unavailable, not a collector failure."
BUNDESLIGA2627_MW11_097_TSGHoffenheim_FCAugsburg,2026-27,11,2026-11-27,2026-11-27T00:00:00+00:00,TSG Hoffenheim,FC Augsburg,,h2h,,,,,,,,,,,,,,,,,,unknown,,decimal,2026-09-18T10:07:51+00:00,none_available,,False,False,unavailable,2026-09-18,"The Odds API is configured and reachable, but has not yet posted this market for this fixture (bookmakers open different markets at different times before kickoff) -- genuinely unavailable, not a collector failure."
BUNDESLIGA2627_MW11_097_TSGHoffenheim_FCAugsburg,2026-27,11,2026-11-27,2026-11-27T00:00:00+00:00,TSG Hoffenheim,FC Augsburg,,spreads,,,,,,,,,,,,,,,,,,unknown,,decimal,2026-09-18T10:07:51+00:00,none_available,,False,False,unavailable,2026-09-18,"The Odds API is configured and reachable, but has not yet posted this market for this fixture (bookmakers open different markets at different times before kickoff) -- genuinely unavailable, not a collector failure."
BUNDESLIGA2627_MW11_097_TSGHoffenheim_FCAugsburg,2026-27,11,2026-11-27,2026-11-27T00:00:00+00:00,TSG Hoffenheim,FC Augsburg,,totals,,,,,,,,,,,,,,,,,,unknown,,decimal,2026-09-18T10:07:51+00:00,none_available,,False,False,unavailable,2026-09-18,"The Odds API is configured and reachable, but has not yet posted this market for this fixture (bookmakers open different markets at different times before kickoff) -- genuinely unavailable, not a collector failure."
BUNDESLIGA2627_MW11_098_VfBStuttgart_EintrachtFrankfurt,2026-27,11,2026-11-27,2026-11-27T00:00:00+00:00,VfB Stuttgart,Eintracht Frankfurt,,h2h,,,,,,,,,,,,,,,,,,unknown,,decimal,2026-09-18T10:07:51+00:00,none_available,,False,False,unavailable,2026-09-18,"The Odds API is configured and reachable, but has not yet posted this market for this fixture (bookmakers open different markets at different times before kickoff) -- genuinely unavailable, not a collector failure."
BUNDESLIGA2627_MW11_098_VfBStuttgart_EintrachtFrankfurt,2026-27,11,2026-11-27,2026-11-27T00:00:00+00:00,VfB Stuttgart,Eintracht Frankfurt,,spreads,,,,,,,,,,,,,,,,,,unknown,,decimal,2026-09-18T10:07:51+00:00,none_available,,False,False,unavailable,2026-09-18,"The Odds API is configured and reachable, but has not yet posted this market for this fixture (bookmakers open different markets at different times before kickoff) -- genuinely unavailable, not a collector failure."
BUNDESLIGA2627_MW11_098_VfBStuttgart_EintrachtFrankfurt,2026-27,11,2026-11-27,2026-11-27T00:00:00+00:00,VfB Stuttgart,Eintracht Frankfurt,,totals,,,,,,,,,,,,,,,,,,unknown,,decimal,2026-09-18T10:07:51+00:00,none_available,,False,False,unavailable,2026-09-18,"The Odds API is configured and reachable, but has not yet posted this market for this fixture (bookmakers open different markets at different times before kickoff) -- genuinely unavailable, not a collector failure."
BUNDESLIGA2627_MW11_099_BorussiaDortmund_Bayer04Leverkusen,2026-27,11,2026-11-27,2026-11-27T00:00:00+00:00,Borussia Dortmund,Bayer 04 Leverkusen,,h2h,,,,,,,,,,,,,,,,,,unknown,,decimal,2026-09-18T10:07:51+00:00,none_available,,False,False,unavailable,2026-09-18,"The Odds API is configured and reachable, but has not yet posted this market for this fixture (bookmakers open different markets at different times before kickoff) -- genuinely unavailable, not a collector failure."
BUNDESLIGA2627_MW11_099_BorussiaDortmund_Bayer04Leverkusen,2026-27,11,2026-11-27,2026-11-27T00:00:00+00:00,Borussia Dortmund,Bayer 04 Leverkusen,,spreads,,,,,,,,,,,,,,,,,,unknown,,decimal,2026-09-18T10:07:51+00:00,none_available,,False,False,unavailable,2026-09-18,"The Odds API is configured and reachable, but has not yet posted this market for this fixture (bookmakers open different markets at different times before kickoff) -- genuinely unavailable, not a collector failure."
BUNDESLIGA2627_MW11_099_BorussiaDortmund_Bayer04Leverkusen,2026-27,11,2026-11-27,2026-11-27T00:00:00+00:00,Borussia Dortmund,Bayer 04 Leverkusen,,totals,,,,,,,,,,,,,,,,,,unknown,,decimal,2026-09-18T10:07:51+00:00,none_available,,False,False,unavailable,2026-09-18,"The Odds API is configured and reachable, but has not yet posted this market for this fixture (bookmakers open different markets at different times before kickoff) -- genuinely unavailable, not a collector failure."
BUNDESLIGA2627_MW12_100_SVElversberg_VfBStuttgart,2026-27,12,2026-12-04,2026-12-04T00:00:00+00:00,SV Elversberg,VfB Stuttgart,,h2h,,,,,,,,,,,,,,,,,,unknown,,decimal,2026-09-18T10:07:51+00:00,none_available,,False,False,unavailable,2026-09-18,"The Odds API is configured and reachable, but has not yet posted this market for this fixture (bookmakers open different markets at different times before kickoff) -- genuinely unavailable, not a collector failure."
BUNDESLIGA2627_MW12_100_SVElversberg_VfBStuttgart,2026-27,12,2026-12-04,2026-12-04T00:00:00+00:00,SV Elversberg,VfB Stuttgart,,spreads,,,,,,,,,,,,,,,,,,unknown,,decimal,2026-09-18T10:07:51+00:00,none_available,,False,False,unavailable,2026-09-18,"The Odds API is configured and reachable, but has not yet posted this market for this fixture (bookmakers open different markets at different times before kickoff) -- genuinely unavailable, not a collector failure."
BUNDESLIGA2627_MW12_100_SVElversberg_VfBStuttgart,2026-27,12,2026-12-04,2026-12-04T00:00:00+00:00,SV Elversberg,VfB Stuttgart,,totals,,,,,,,,,,,,,,,,,,unknown,,decimal,2026-09-18T10:07:51+00:00,none_available,,False,False,unavailable,2026-09-18,"The Odds API is configured and reachable, but has not yet posted this market for this fixture (bookmakers open different markets at different times before kickoff) -- genuinely unavailable, not a collector failure."
BUNDESLIGA2627_MW12_101_FCSchalke04_BorussiaDortmund,2026-27,12,2026-12-04,2026-12-04T00:00:00+00:00,FC Schalke 04,Borussia Dortmund,,h2h,,,,,,,,,,,,,,,,,,unknown,,decimal,2026-09-18T10:07:51+00:00,none_available,,False,False,unavailable,2026-09-18,"The Odds API is configured and reachable, but has not yet posted this market for this fixture (bookmakers open different markets at different times before kickoff) -- genuinely unavailable, not a collector failure."
BUNDESLIGA2627_MW12_101_FCSchalke04_BorussiaDortmund,2026-27,12,2026-12-04,2026-12-04T00:00:00+00:00,FC Schalke 04,Borussia Dortmund,,spreads,,,,,,,,,,,,,,,,,,unknown,,decimal,2026-09-18T10:07:51+00:00,none_available,,False,False,unavailable,2026-09-18,"The Odds API is configured and reachable, but has not yet posted this market for this fixture (bookmakers open different markets at different times before kickoff) -- genuinely unavailable, not a collector failure."
BUNDESLIGA2627_MW12_101_FCSchalke04_BorussiaDortmund,2026-27,12,2026-12-04,2026-12-04T00:00:00+00:00,FC Schalke 04,Borussia Dortmund,,totals,,,,,,,,,,,,,,,,,,unknown,,decimal,2026-09-18T10:07:51+00:00,none_available,,False,False,unavailable,2026-09-18,"The Odds API is configured and reachable, but has not yet posted this market for this fixture (bookmakers open different markets at different times before kickoff) -- genuinely unavailable, not a collector failure."
BUNDESLIGA2627_MW12_102_1.FCUnionBerlin_HamburgerSV,2026-27,12,2026-12-04,2026-12-04T00:00:00+00:00,1. FC Union Berlin,Hamburger SV,,h2h,,,,,,,,,,,,,,,,,,unknown,,decimal,2026-09-18T10:07:51+00:00,none_available,,False,False,unavailable,2026-09-18,"The Odds API is configured and reachable, but has not yet posted this market for this fixture (bookmakers open different markets at different times before kickoff) -- genuinely unavailable, not a collector failure."
BUNDESLIGA2627_MW12_102_1.FCUnionBerlin_HamburgerSV,2026-27,12,2026-12-04,2026-12-04T00:00:00+00:00,1. FC Union Berlin,Hamburger SV,,spreads,,,,,,,,,,,,,,,,,,unknown,,decimal,2026-09-18T10:07:51+00:00,none_available,,False,False,unavailable,2026-09-18,"The Odds API is configured and reachable, but has not yet posted this market for this fixture (bookmakers open different markets at different times before kickoff) -- genuinely unavailable, not a collector failure."
BUNDESLIGA2627_MW12_102_1.FCUnionBerlin_HamburgerSV,2026-27,12,2026-12-04,2026-12-04T00:00:00+00:00,1. FC Union Berlin,Hamburger SV,,totals,,,,,,,,,,,,,,,,,,unknown,,decimal,2026-09-18T10:07:51+00:00,none_available,,False,False,unavailable,2026-09-18,"The Odds API is configured and reachable, but has not yet posted this market for this fixture (bookmakers open different markets at different times before kickoff) -- genuinely unavailable, not a collector failure."
BUNDESLIGA2627_MW12_103_FCAugsburg_1.FCKöln,2026-27,12,2026-12-04,2026-12-04T00:00:00+00:00,FC Augsburg,1. FC Köln,,h2h,,,,,,,,,,,,,,,,,,unknown,,decimal,2026-09-18T10:07:51+00:00,none_available,,False,False,unavailable,2026-09-18,"The Odds API is configured and reachable, but has not yet posted this market for this fixture (bookmakers open different markets at different times before kickoff) -- genuinely unavailable, not a collector failure."
BUNDESLIGA2627_MW12_103_FCAugsburg_1.FCKöln,2026-27,12,2026-12-04,2026-12-04T00:00:00+00:00,FC Augsburg,1. FC Köln,,spreads,,,,,,,,,,,,,,,,,,unknown,,decimal,2026-09-18T10:07:51+00:00,none_available,,False,False,unavailable,2026-09-18,"The Odds API is configured and reachable, but has not yet posted this market for this fixture (bookmakers open different markets at different times before kickoff) -- genuinely unavailable, not a collector failure."
BUNDESLIGA2627_MW12_103_FCAugsburg_1.FCKöln,2026-27,12,2026-12-04,2026-12-04T00:00:00+00:00,FC Augsburg,1. FC Köln,,totals,,,,,,,,,,,,,,,,,,unknown,,decimal,2026-09-18T10:07:51+00:00,none_available,,False,False,unavailable,2026-09-18,"The Odds API is configured and reachable, but has not yet posted this market for this fixture (bookmakers open different markets at different times before kickoff) -- genuinely unavailable, not a collector failure."
BUNDESLIGA2627_MW12_104_EintrachtFrankfurt_SVWerderBremen,2026-27,12,2026-12-04,2026-12-04T00:00:00+00:00,Eintracht Frankfurt,SV Werder Bremen,,h2h,,,,,,,,,,,,,,,,,,unknown,,decimal,2026-09-18T10:07:51+00:00,none_available,,False,False,unavailable,2026-09-18,"The Odds API is configured and reachable, but has not yet posted this market for this fixture (bookmakers open different markets at different times before kickoff) -- genuinely unavailable, not a collector failure."
BUNDESLIGA2627_MW12_104_EintrachtFrankfurt_SVWerderBremen,2026-27,12,2026-12-04,2026-12-04T00:00:00+00:00,Eintracht Frankfurt,SV Werder Bremen,,spreads,,,,,,,,,,,,,,,,,,unknown,,decimal,2026-09-18T10:07:51+00:00,none_available,,False,False,unavailable,2026-09-18,"The Odds API is configured and reachable, but has not yet posted this market for this fixture (bookmakers open different markets at different times before kickoff) -- genuinely unavailable, not a collector failure."
BUNDESLIGA2627_MW12_104_EintrachtFrankfurt_SVWerderBremen,2026-27,12,2026-12-04,2026-12-04T00:00:00+00:00,Eintracht Frankfurt,SV Werder Bremen,,totals,,,,,,,,,,,,,,,,,,unknown,,decimal,2026-09-18T10:07:51+00:00,none_available,,False,False,unavailable,2026-09-18,"The Odds API is configured and reachable, but has not yet posted this market for this fixture (bookmakers open different markets at different times before kickoff) -- genuinely unavailable, not a collector failure."
BUNDESLIGA2627_MW12_105_Sport-ClubFreiburg_TSGHoffenheim,2026-27,12,2026-12-04,2026-12-04T00:00:00+00:00,Sport-Club Freiburg,TSG Hoffenheim,,h2h,,,,,,,,,,,,,,,,,,unknown,,decimal,2026-09-18T10:07:51+00:00,none_available,,False,False,unavailable,2026-09-18,"The Odds API is configured and reachable, but has not yet posted this market for this fixture (bookmakers open different markets at different times before kickoff) -- genuinely unavailable, not a collector failure."
BUNDESLIGA2627_MW12_105_Sport-ClubFreiburg_TSGHoffenheim,2026-27,12,2026-12-04,2026-12-04T00:00:00+00:00,Sport-Club Freiburg,TSG Hoffenheim,,spreads,,,,,,,,,,,,,,,,,,unknown,,decimal,2026-09-18T10:07:51+00:00,none_available,,False,False,unavailable,2026-09-18,"The Odds API is configured and reachable, but has not yet posted this market for this fixture (bookmakers open different markets at different times before kickoff) -- genuinely unavailable, not a collector failure."
BUNDESLIGA2627_MW12_105_Sport-ClubFreiburg_TSGHoffenheim,2026-27,12,2026-12-04,2026-12-04T00:00:00+00:00,Sport-Club Freiburg,TSG Hoffenheim,,totals,,,,,,,,,,,,,,,,,,unknown,,decimal,2026-09-18T10:07:51+00:00,none_available,,False,False,unavailable,2026-09-18,"The Odds API is configured and reachable, but has not yet posted this market for this fixture (bookmakers open different markets at different times before kickoff) -- genuinely unavailable, not a collector failure."
BUNDESLIGA2627_MW12_106_Bayer04Leverkusen_BorussiaMönchengladbach,2026-27,12,2026-12-04,2026-12-04T00:00:00+00:00,Bayer 04 Leverkusen,Borussia Mönchengladbach,,h2h,,,,,,,,,,,,,,,,,,unknown,,decimal,2026-09-18T10:07:51+00:00,none_available,,False,False,unavailable,2026-09-18,"The Odds API is configured and reachable, but has not yet posted this market for this fixture (bookmakers open different markets at different times before kickoff) -- genuinely unavailable, not a collector failure."
BUNDESLIGA2627_MW12_106_Bayer04Leverkusen_BorussiaMönchengladbach,2026-27,12,2026-12-04,2026-12-04T00:00:00+00:00,Bayer 04 Leverkusen,Borussia Mönchengladbach,,spreads,,,,,,,,,,,,,,,,,,unknown,,decimal,2026-09-18T10:07:51+00:00,none_available,,False,False,unavailable,2026-09-18,"The Odds API is configured and reachable, but has not yet posted this market for this fixture (bookmakers open different markets at different times before kickoff) -- genuinely unavailable, not a collector failure."
BUNDESLIGA2627_MW12_106_Bayer04Leverkusen_BorussiaMönchengladbach,2026-27,12,2026-12-04,2026-12-04T00:00:00+00:00,Bayer 04 Leverkusen,Borussia Mönchengladbach,,totals,,,,,,,,,,,,,,,,,,unknown,,decimal,2026-09-18T10:07:51+00:00,none_available,,False,False,unavailable,2026-09-18,"The Odds API is configured and reachable, but has not yet posted this market for this fixture (bookmakers open different markets at different times before kickoff) -- genuinely unavailable, not a collector failure."
BUNDESLIGA2627_MW12_107_RBLeipzig_1.FSVMainz05,2026-27,12,2026-12-04,2026-12-04T00:00:00+00:00,RB Leipzig,1. FSV Mainz 05,,h2h,,,,,,,,,,,,,,,,,,unknown,,decimal,2026-09-18T10:07:51+00:00,none_available,,False,False,unavailable,2026-09-18,"The Odds API is configured and reachable, but has not yet posted this market for this fixture (bookmakers open different markets at different times before kickoff) -- genuinely unavailable, not a collector failure."
BUNDESLIGA2627_MW12_107_RBLeipzig_1.FSVMainz05,2026-27,12,2026-12-04,2026-12-04T00:00:00+00:00,RB Leipzig,1. FSV Mainz 05,,spreads,,,,,,,,,,,,,,,,,,unknown,,decimal,2026-09-18T10:07:51+00:00,none_available,,False,False,unavailable,2026-09-18,"The Odds API is configured and reachable, but has not yet posted this market for this fixture (bookmakers open different markets at different times before kickoff) -- genuinely unavailable, not a collector failure."
BUNDESLIGA2627_MW12_107_RBLeipzig_1.FSVMainz05,2026-27,12,2026-12-04,2026-12-04T00:00:00+00:00,RB Leipzig,1. FSV Mainz 05,,totals,,,,,,,,,,,,,,,,,,unknown,,decimal,2026-09-18T10:07:51+00:00,none_available,,False,False,unavailable,2026-09-18,"The Odds API is configured and reachable, but has not yet posted this market for this fixture (bookmakers open different markets at different times before kickoff) -- genuinely unavailable, not a collector failure."
BUNDESLIGA2627_MW12_108_FCBayernMünchen_SCPaderborn07,2026-27,12,2026-12-04,2026-12-04T00:00:00+00:00,FC Bayern München,SC Paderborn 07,,h2h,,,,,,,,,,,,,,,,,,unknown,,decimal,2026-09-18T10:07:51+00:00,none_available,,False,False,unavailable,2026-09-18,"The Odds API is configured and reachable, but has not yet posted this market for this fixture (bookmakers open different markets at different times before kickoff) -- genuinely unavailable, not a collector failure."
BUNDESLIGA2627_MW12_108_FCBayernMünchen_SCPaderborn07,2026-27,12,2026-12-04,2026-12-04T00:00:00+00:00,FC Bayern München,SC Paderborn 07,,spreads,,,,,,,,,,,,,,,,,,unknown,,decimal,2026-09-18T10:07:51+00:00,none_available,,False,False,unavailable,2026-09-18,"The Odds API is configured and reachable, but has not yet posted this market for this fixture (bookmakers open different markets at different times before kickoff) -- genuinely unavailable, not a collector failure."
BUNDESLIGA2627_MW12_108_FCBayernMünchen_SCPaderborn07,2026-27,12,2026-12-04,2026-12-04T00:00:00+00:00,FC Bayern München,SC Paderborn 07,,totals,,,,,,,,,,,,,,,,,,unknown,,decimal,2026-09-18T10:07:51+00:00,none_available,,False,False,unavailable,2026-09-18,"The Odds API is configured and reachable, but has not yet posted this market for this fixture (bookmakers open different markets at different times before kickoff) -- genuinely unavailable, not a collector failure."
BUNDESLIGA2627_MW13_109_SCPaderborn07_SVElversberg,2026-27,13,2026-12-11,2026-12-11T00:00:00+00:00,SC Paderborn 07,SV Elversberg,,h2h,,,,,,,,,,,,,,,,,,unknown,,decimal,2026-09-18T10:07:51+00:00,none_available,,False,False,unavailable,2026-09-18,"The Odds API is configured and reachable, but has not yet posted this market for this fixture (bookmakers open different markets at different times before kickoff) -- genuinely unavailable, not a collector failure."
BUNDESLIGA2627_MW13_109_SCPaderborn07_SVElversberg,2026-27,13,2026-12-11,2026-12-11T00:00:00+00:00,SC Paderborn 07,SV Elversberg,,spreads,,,,,,,,,,,,,,,,,,unknown,,decimal,2026-09-18T10:07:51+00:00,none_available,,False,False,unavailable,2026-09-18,"The Odds API is configured and reachable, but has not yet posted this market for this fixture (bookmakers open different markets at different times before kickoff) -- genuinely unavailable, not a collector failure."
BUNDESLIGA2627_MW13_109_SCPaderborn07_SVElversberg,2026-27,13,2026-12-11,2026-12-11T00:00:00+00:00,SC Paderborn 07,SV Elversberg,,totals,,,,,,,,,,,,,,,,,,unknown,,decimal,2026-09-18T10:07:51+00:00,none_available,,False,False,unavailable,2026-09-18,"The Odds API is configured and reachable, but has not yet posted this market for this fixture (bookmakers open different markets at different times before kickoff) -- genuinely unavailable, not a collector failure."
BUNDESLIGA2627_MW13_110_SVWerderBremen_Bayer04Leverkusen,2026-27,13,2026-12-11,2026-12-11T00:00:00+00:00,SV Werder Bremen,Bayer 04 Leverkusen,,h2h,,,,,,,,,,,,,,,,,,unknown,,decimal,2026-09-18T10:07:51+00:00,none_available,,False,False,unavailable,2026-09-18,"The Odds API is configured and reachable, but has not yet posted this market for this fixture (bookmakers open different markets at different times before kickoff) -- genuinely unavailable, not a collector failure."
BUNDESLIGA2627_MW13_110_SVWerderBremen_Bayer04Leverkusen,2026-27,13,2026-12-11,2026-12-11T00:00:00+00:00,SV Werder Bremen,Bayer 04 Leverkusen,,spreads,,,,,,,,,,,,,,,,,,unknown,,decimal,2026-09-18T10:07:51+00:00,none_available,,False,False,unavailable,2026-09-18,"The Odds API is configured and reachable, but has not yet posted this market for this fixture (bookmakers open different markets at different times before kickoff) -- genuinely unavailable, not a collector failure."
BUNDESLIGA2627_MW13_110_SVWerderBremen_Bayer04Leverkusen,2026-27,13,2026-12-11,2026-12-11T00:00:00+00:00,SV Werder Bremen,Bayer 04 Leverkusen,,totals,,,,,,,,,,,,,,,,,,unknown,,decimal,2026-09-18T10:07:51+00:00,none_available,,False,False,unavailable,2026-09-18,"The Odds API is configured and reachable, but has not yet posted this market for this fixture (bookmakers open different markets at different times before kickoff) -- genuinely unavailable, not a collector failure."
BUNDESLIGA2627_MW13_111_1.FCKöln_RBLeipzig,2026-27,13,2026-12-11,2026-12-11T00:00:00+00:00,1. FC Köln,RB Leipzig,,h2h,,,,,,,,,,,,,,,,,,unknown,,decimal,2026-09-18T10:07:51+00:00,none_available,,False,False,unavailable,2026-09-18,"The Odds API is configured and reachable, but has not yet posted this market for this fixture (bookmakers open different markets at different times before kickoff) -- genuinely unavailable, not a collector failure."
BUNDESLIGA2627_MW13_111_1.FCKöln_RBLeipzig,2026-27,13,2026-12-11,2026-12-11T00:00:00+00:00,1. FC Köln,RB Leipzig,,spreads,,,,,,,,,,,,,,,,,,unknown,,decimal,2026-09-18T10:07:51+00:00,none_available,,False,False,unavailable,2026-09-18,"The Odds API is configured and reachable, but has not yet posted this market for this fixture (bookmakers open different markets at different times before kickoff) -- genuinely unavailable, not a collector failure."
BUNDESLIGA2627_MW13_111_1.FCKöln_RBLeipzig,2026-27,13,2026-12-11,2026-12-11T00:00:00+00:00,1. FC Köln,RB Leipzig,,totals,,,,,,,,,,,,,,,,,,unknown,,decimal,2026-09-18T10:07:51+00:00,none_available,,False,False,unavailable,2026-09-18,"The Odds API is configured and reachable, but has not yet posted this market for this fixture (bookmakers open different markets at different times before kickoff) -- genuinely unavailable, not a collector failure."
BUNDESLIGA2627_MW13_112_HamburgerSV_FCSchalke04,2026-27,13,2026-12-11,2026-12-11T00:00:00+00:00,Hamburger SV,FC Schalke 04,,h2h,,,,,,,,,,,,,,,,,,unknown,,decimal,2026-09-18T10:07:51+00:00,none_available,,False,False,unavailable,2026-09-18,"The Odds API is configured and reachable, but has not yet posted this market for this fixture (bookmakers open different markets at different times before kickoff) -- genuinely unavailable, not a collector failure."
BUNDESLIGA2627_MW13_112_HamburgerSV_FCSchalke04,2026-27,13,2026-12-11,2026-12-11T00:00:00+00:00,Hamburger SV,FC Schalke 04,,spreads,,,,,,,,,,,,,,,,,,unknown,,decimal,2026-09-18T10:07:51+00:00,none_available,,False,False,unavailable,2026-09-18,"The Odds API is configured and reachable, but has not yet posted this market for this fixture (bookmakers open different markets at different times before kickoff) -- genuinely unavailable, not a collector failure."
BUNDESLIGA2627_MW13_112_HamburgerSV_FCSchalke04,2026-27,13,2026-12-11,2026-12-11T00:00:00+00:00,Hamburger SV,FC Schalke 04,,totals,,,,,,,,,,,,,,,,,,unknown,,decimal,2026-09-18T10:07:51+00:00,none_available,,False,False,unavailable,2026-09-18,"The Odds API is configured and reachable, but has not yet posted this market for this fixture (bookmakers open different markets at different times before kickoff) -- genuinely unavailable, not a collector failure."
BUNDESLIGA2627_MW13_113_BorussiaMönchengladbach_EintrachtFrankfurt,2026-27,13,2026-12-11,2026-12-11T00:00:00+00:00,Borussia Mönchengladbach,Eintracht Frankfurt,,h2h,,,,,,,,,,,,,,,,,,unknown,,decimal,2026-09-18T10:07:51+00:00,none_available,,False,False,unavailable,2026-09-18,"The Odds API is configured and reachable, but has not yet posted this market for this fixture (bookmakers open different markets at different times before kickoff) -- genuinely unavailable, not a collector failure."
BUNDESLIGA2627_MW13_113_BorussiaMönchengladbach_EintrachtFrankfurt,2026-27,13,2026-12-11,2026-12-11T00:00:00+00:00,Borussia Mönchengladbach,Eintracht Frankfurt,,spreads,,,,,,,,,,,,,,,,,,unknown,,decimal,2026-09-18T10:07:51+00:00,none_available,,False,False,unavailable,2026-09-18,"The Odds API is configured and reachable, but has not yet posted this market for this fixture (bookmakers open different markets at different times before kickoff) -- genuinely unavailable, not a collector failure."
BUNDESLIGA2627_MW13_113_BorussiaMönchengladbach_EintrachtFrankfurt,2026-27,13,2026-12-11,2026-12-11T00:00:00+00:00,Borussia Mönchengladbach,Eintracht Frankfurt,,totals,,,,,,,,,,,,,,,,,,unknown,,decimal,2026-09-18T10:07:51+00:00,none_available,,False,False,unavailable,2026-09-18,"The Odds API is configured and reachable, but has not yet posted this market for this fixture (bookmakers open different markets at different times before kickoff) -- genuinely unavailable, not a collector failure."
BUNDESLIGA2627_MW13_114_1.FSVMainz05_Sport-ClubFreiburg,2026-27,13,2026-12-11,2026-12-11T00:00:00+00:00,1. FSV Mainz 05,Sport-Club Freiburg,,h2h,,,,,,,,,,,,,,,,,,unknown,,decimal,2026-09-18T10:07:51+00:00,none_available,,False,False,unavailable,2026-09-18,"The Odds API is configured and reachable, but has not yet posted this market for this fixture (bookmakers open different markets at different times before kickoff) -- genuinely unavailable, not a collector failure."
BUNDESLIGA2627_MW13_114_1.FSVMainz05_Sport-ClubFreiburg,2026-27,13,2026-12-11,2026-12-11T00:00:00+00:00,1. FSV Mainz 05,Sport-Club Freiburg,,spreads,,,,,,,,,,,,,,,,,,unknown,,decimal,2026-09-18T10:07:51+00:00,none_available,,False,False,unavailable,2026-09-18,"The Odds API is configured and reachable, but has not yet posted this market for this fixture (bookmakers open different markets at different times before kickoff) -- genuinely unavailable, not a collector failure."
BUNDESLIGA2627_MW13_114_1.FSVMainz05_Sport-ClubFreiburg,2026-27,13,2026-12-11,2026-12-11T00:00:00+00:00,1. FSV Mainz 05,Sport-Club Freiburg,,totals,,,,,,,,,,,,,,,,,,unknown,,decimal,2026-09-18T10:07:51+00:00,none_available,,False,False,unavailable,2026-09-18,"The Odds API is configured and reachable, but has not yet posted this market for this fixture (bookmakers open different markets at different times before kickoff) -- genuinely unavailable, not a collector failure."
BUNDESLIGA2627_MW13_115_TSGHoffenheim_FCBayernMünchen,2026-27,13,2026-12-11,2026-12-11T00:00:00+00:00,TSG Hoffenheim,FC Bayern München,,h2h,,,,,,,,,,,,,,,,,,unknown,,decimal,2026-09-18T10:07:51+00:00,none_available,,False,False,unavailable,2026-09-18,"The Odds API is configured and reachable, but has not yet posted this market for this fixture (bookmakers open different markets at different times before kickoff) -- genuinely unavailable, not a collector failure."
BUNDESLIGA2627_MW13_115_TSGHoffenheim_FCBayernMünchen,2026-27,13,2026-12-11,2026-12-11T00:00:00+00:00,TSG Hoffenheim,FC Bayern München,,spreads,,,,,,,,,,,,,,,,,,unknown,,decimal,2026-09-18T10:07:51+00:00,none_available,,False,False,unavailable,2026-09-18,"The Odds API is configured and reachable, but has not yet posted this market for this fixture (bookmakers open different markets at different times before kickoff) -- genuinely unavailable, not a collector failure."
BUNDESLIGA2627_MW13_115_TSGHoffenheim_FCBayernMünchen,2026-27,13,2026-12-11,2026-12-11T00:00:00+00:00,TSG Hoffenheim,FC Bayern München,,totals,,,,,,,,,,,,,,,,,,unknown,,decimal,2026-09-18T10:07:51+00:00,none_available,,False,False,unavailable,2026-09-18,"The Odds API is configured and reachable, but has not yet posted this market for this fixture (bookmakers open different markets at different times before kickoff) -- genuinely unavailable, not a collector failure."
BUNDESLIGA2627_MW13_116_VfBStuttgart_1.FCUnionBerlin,2026-27,13,2026-12-11,2026-12-11T00:00:00+00:00,VfB Stuttgart,1. FC Union Berlin,,h2h,,,,,,,,,,,,,,,,,,unknown,,decimal,2026-09-18T10:07:51+00:00,none_available,,False,False,unavailable,2026-09-18,"The Odds API is configured and reachable, but has not yet posted this market for this fixture (bookmakers open different markets at different times before kickoff) -- genuinely unavailable, not a collector failure."
BUNDESLIGA2627_MW13_116_VfBStuttgart_1.FCUnionBerlin,2026-27,13,2026-12-11,2026-12-11T00:00:00+00:00,VfB Stuttgart,1. FC Union Berlin,,spreads,,,,,,,,,,,,,,,,,,unknown,,decimal,2026-09-18T10:07:51+00:00,none_available,,False,False,unavailable,2026-09-18,"The Odds API is configured and reachable, but has not yet posted this market for this fixture (bookmakers open different markets at different times before kickoff) -- genuinely unavailable, not a collector failure."
BUNDESLIGA2627_MW13_116_VfBStuttgart_1.FCUnionBerlin,2026-27,13,2026-12-11,2026-12-11T00:00:00+00:00,VfB Stuttgart,1. FC Union Berlin,,totals,,,,,,,,,,,,,,,,,,unknown,,decimal,2026-09-18T10:07:51+00:00,none_available,,False,False,unavailable,2026-09-18,"The Odds API is configured and reachable, but has not yet posted this market for this fixture (bookmakers open different markets at different times before kickoff) -- genuinely unavailable, not a collector failure."
BUNDESLIGA2627_MW13_117_BorussiaDortmund_FCAugsburg,2026-27,13,2026-12-11,2026-12-11T00:00:00+00:00,Borussia Dortmund,FC Augsburg,,h2h,,,,,,,,,,,,,,,,,,unknown,,decimal,2026-09-18T10:07:51+00:00,none_available,,False,False,unavailable,2026-09-18,"The Odds API is configured and reachable, but has not yet posted this market for this fixture (bookmakers open different markets at different times before kickoff) -- genuinely unavailable, not a collector failure."
BUNDESLIGA2627_MW13_117_BorussiaDortmund_FCAugsburg,2026-27,13,2026-12-11,2026-12-11T00:00:00+00:00,Borussia Dortmund,FC Augsburg,,spreads,,,,,,,,,,,,,,,,,,unknown,,decimal,2026-09-18T10:07:51+00:00,none_available,,False,False,unavailable,2026-09-18,"The Odds API is configured and reachable, but has not yet posted this market for this fixture (bookmakers open different markets at different times before kickoff) -- genuinely unavailable, not a collector failure."
BUNDESLIGA2627_MW13_117_BorussiaDortmund_FCAugsburg,2026-27,13,2026-12-11,2026-12-11T00:00:00+00:00,Borussia Dortmund,FC Augsburg,,totals,,,,,,,,,,,,,,,,,,unknown,,decimal,2026-09-18T10:07:51+00:00,none_available,,False,False,unavailable,2026-09-18,"The Odds API is configured and reachable, but has not yet posted this market for this fixture (bookmakers open different markets at different times before kickoff) -- genuinely unavailable, not a collector failure."
BUNDESLIGA2627_MW14_118_SVElversberg_HamburgerSV,2026-27,14,2026-12-18,2026-12-18T00:00:00+00:00,SV Elversberg,Hamburger SV,,h2h,,,,,,,,,,,,,,,,,,unknown,,decimal,2026-09-18T10:07:51+00:00,none_available,,False,False,unavailable,2026-09-18,"The Odds API is configured and reachable, but has not yet posted this market for this fixture (bookmakers open different markets at different times before kickoff) -- genuinely unavailable, not a collector failure."
BUNDESLIGA2627_MW14_118_SVElversberg_HamburgerSV,2026-27,14,2026-12-18,2026-12-18T00:00:00+00:00,SV Elversberg,Hamburger SV,,spreads,,,,,,,,,,,,,,,,,,unknown,,decimal,2026-09-18T10:07:51+00:00,none_available,,False,False,unavailable,2026-09-18,"The Odds API is configured and reachable, but has not yet posted this market for this fixture (bookmakers open different markets at different times before kickoff) -- genuinely unavailable, not a collector failure."
BUNDESLIGA2627_MW14_118_SVElversberg_HamburgerSV,2026-27,14,2026-12-18,2026-12-18T00:00:00+00:00,SV Elversberg,Hamburger SV,,totals,,,,,,,,,,,,,,,,,,unknown,,decimal,2026-09-18T10:07:51+00:00,none_available,,False,False,unavailable,2026-09-18,"The Odds API is configured and reachable, but has not yet posted this market for this fixture (bookmakers open different markets at different times before kickoff) -- genuinely unavailable, not a collector failure."
BUNDESLIGA2627_MW14_119_FCSchalke04_BorussiaMönchengladbach,2026-27,14,2026-12-18,2026-12-18T00:00:00+00:00,FC Schalke 04,Borussia Mönchengladbach,,h2h,,,,,,,,,,,,,,,,,,unknown,,decimal,2026-09-18T10:07:51+00:00,none_available,,False,False,unavailable,2026-09-18,"The Odds API is configured and reachable, but has not yet posted this market for this fixture (bookmakers open different markets at different times before kickoff) -- genuinely unavailable, not a collector failure."
BUNDESLIGA2627_MW14_119_FCSchalke04_BorussiaMönchengladbach,2026-27,14,2026-12-18,2026-12-18T00:00:00+00:00,FC Schalke 04,Borussia Mönchengladbach,,spreads,,,,,,,,,,,,,,,,,,unknown,,decimal,2026-09-18T10:07:51+00:00,none_available,,False,False,unavailable,2026-09-18,"The Odds API is configured and reachable, but has not yet posted this market for this fixture (bookmakers open different markets at different times before kickoff) -- genuinely unavailable, not a collector failure."
BUNDESLIGA2627_MW14_119_FCSchalke04_BorussiaMönchengladbach,2026-27,14,2026-12-18,2026-12-18T00:00:00+00:00,FC Schalke 04,Borussia Mönchengladbach,,totals,,,,,,,,,,,,,,,,,,unknown,,decimal,2026-09-18T10:07:51+00:00,none_available,,False,False,unavailable,2026-09-18,"The Odds API is configured and reachable, but has not yet posted this market for this fixture (bookmakers open different markets at different times before kickoff) -- genuinely unavailable, not a collector failure."
BUNDESLIGA2627_MW14_120_1.FCUnionBerlin_TSGHoffenheim,2026-27,14,2026-12-18,2026-12-18T00:00:00+00:00,1. FC Union Berlin,TSG Hoffenheim,,h2h,,,,,,,,,,,,,,,,,,unknown,,decimal,2026-09-18T10:07:51+00:00,none_available,,False,False,unavailable,2026-09-18,"The Odds API is configured and reachable, but has not yet posted this market for this fixture (bookmakers open different markets at different times before kickoff) -- genuinely unavailable, not a collector failure."
BUNDESLIGA2627_MW14_120_1.FCUnionBerlin_TSGHoffenheim,2026-27,14,2026-12-18,2026-12-18T00:00:00+00:00,1. FC Union Berlin,TSG Hoffenheim,,spreads,,,,,,,,,,,,,,,,,,unknown,,decimal,2026-09-18T10:07:51+00:00,none_available,,False,False,unavailable,2026-09-18,"The Odds API is configured and reachable, but has not yet posted this market for this fixture (bookmakers open different markets at different times before kickoff) -- genuinely unavailable, not a collector failure."
BUNDESLIGA2627_MW14_120_1.FCUnionBerlin_TSGHoffenheim,2026-27,14,2026-12-18,2026-12-18T00:00:00+00:00,1. FC Union Berlin,TSG Hoffenheim,,totals,,,,,,,,,,,,,,,,,,unknown,,decimal,2026-09-18T10:07:51+00:00,none_available,,False,False,unavailable,2026-09-18,"The Odds API is configured and reachable, but has not yet posted this market for this fixture (bookmakers open different markets at different times before kickoff) -- genuinely unavailable, not a collector failure."
BUNDESLIGA2627_MW14_121_1.FSVMainz05_1.FCKöln,2026-27,14,2026-12-18,2026-12-18T00:00:00+00:00,1. FSV Mainz 05,1. FC Köln,,h2h,,,,,,,,,,,,,,,,,,unknown,,decimal,2026-09-18T10:07:51+00:00,none_available,,False,False,unavailable,2026-09-18,"The Odds API is configured and reachable, but has not yet posted this market for this fixture (bookmakers open different markets at different times before kickoff) -- genuinely unavailable, not a collector failure."
BUNDESLIGA2627_MW14_121_1.FSVMainz05_1.FCKöln,2026-27,14,2026-12-18,2026-12-18T00:00:00+00:00,1. FSV Mainz 05,1. FC Köln,,spreads,,,,,,,,,,,,,,,,,,unknown,,decimal,2026-09-18T10:07:51+00:00,none_available,,False,False,unavailable,2026-09-18,"The Odds API is configured and reachable, but has not yet posted this market for this fixture (bookmakers open different markets at different times before kickoff) -- genuinely unavailable, not a collector failure."
BUNDESLIGA2627_MW14_121_1.FSVMainz05_1.FCKöln,2026-27,14,2026-12-18,2026-12-18T00:00:00+00:00,1. FSV Mainz 05,1. FC Köln,,totals,,,,,,,,,,,,,,,,,,unknown,,decimal,2026-09-18T10:07:51+00:00,none_available,,False,False,unavailable,2026-09-18,"The Odds API is configured and reachable, but has not yet posted this market for this fixture (bookmakers open different markets at different times before kickoff) -- genuinely unavailable, not a collector failure."
BUNDESLIGA2627_MW14_122_FCAugsburg_SCPaderborn07,2026-27,14,2026-12-18,2026-12-18T00:00:00+00:00,FC Augsburg,SC Paderborn 07,,h2h,,,,,,,,,,,,,,,,,,unknown,,decimal,2026-09-18T10:07:51+00:00,none_available,,False,False,unavailable,2026-09-18,"The Odds API is configured and reachable, but has not yet posted this market for this fixture (bookmakers open different markets at different times before kickoff) -- genuinely unavailable, not a collector failure."
BUNDESLIGA2627_MW14_122_FCAugsburg_SCPaderborn07,2026-27,14,2026-12-18,2026-12-18T00:00:00+00:00,FC Augsburg,SC Paderborn 07,,spreads,,,,,,,,,,,,,,,,,,unknown,,decimal,2026-09-18T10:07:51+00:00,none_available,,False,False,unavailable,2026-09-18,"The Odds API is configured and reachable, but has not yet posted this market for this fixture (bookmakers open different markets at different times before kickoff) -- genuinely unavailable, not a collector failure."
BUNDESLIGA2627_MW14_122_FCAugsburg_SCPaderborn07,2026-27,14,2026-12-18,2026-12-18T00:00:00+00:00,FC Augsburg,SC Paderborn 07,,totals,,,,,,,,,,,,,,,,,,unknown,,decimal,2026-09-18T10:07:51+00:00,none_available,,False,False,unavailable,2026-09-18,"The Odds API is configured and reachable, but has not yet posted this market for this fixture (bookmakers open different markets at different times before kickoff) -- genuinely unavailable, not a collector failure."
BUNDESLIGA2627_MW14_123_Sport-ClubFreiburg_VfBStuttgart,2026-27,14,2026-12-18,2026-12-18T00:00:00+00:00,Sport-Club Freiburg,VfB Stuttgart,,h2h,,,,,,,,,,,,,,,,,,unknown,,decimal,2026-09-18T10:07:51+00:00,none_available,,False,False,unavailable,2026-09-18,"The Odds API is configured and reachable, but has not yet posted this market for this fixture (bookmakers open different markets at different times before kickoff) -- genuinely unavailable, not a collector failure."
BUNDESLIGA2627_MW14_123_Sport-ClubFreiburg_VfBStuttgart,2026-27,14,2026-12-18,2026-12-18T00:00:00+00:00,Sport-Club Freiburg,VfB Stuttgart,,spreads,,,,,,,,,,,,,,,,,,unknown,,decimal,2026-09-18T10:07:51+00:00,none_available,,False,False,unavailable,2026-09-18,"The Odds API is configured and reachable, but has not yet posted this market for this fixture (bookmakers open different markets at different times before kickoff) -- genuinely unavailable, not a collector failure."
BUNDESLIGA2627_MW14_123_Sport-ClubFreiburg_VfBStuttgart,2026-27,14,2026-12-18,2026-12-18T00:00:00+00:00,Sport-Club Freiburg,VfB Stuttgart,,totals,,,,,,,,,,,,,,,,,,unknown,,decimal,2026-09-18T10:07:51+00:00,none_available,,False,False,unavailable,2026-09-18,"The Odds API is configured and reachable, but has not yet posted this market for this fixture (bookmakers open different markets at different times before kickoff) -- genuinely unavailable, not a collector failure."
BUNDESLIGA2627_MW14_124_Bayer04Leverkusen_EintrachtFrankfurt,2026-27,14,2026-12-18,2026-12-18T00:00:00+00:00,Bayer 04 Leverkusen,Eintracht Frankfurt,,h2h,,,,,,,,,,,,,,,,,,unknown,,decimal,2026-09-18T10:07:51+00:00,none_available,,False,False,unavailable,2026-09-18,"The Odds API is configured and reachable, but has not yet posted this market for this fixture (bookmakers open different markets at different times before kickoff) -- genuinely unavailable, not a collector failure."
BUNDESLIGA2627_MW14_124_Bayer04Leverkusen_EintrachtFrankfurt,2026-27,14,2026-12-18,2026-12-18T00:00:00+00:00,Bayer 04 Leverkusen,Eintracht Frankfurt,,spreads,,,,,,,,,,,,,,,,,,unknown,,decimal,2026-09-18T10:07:51+00:00,none_available,,False,False,unavailable,2026-09-18,"The Odds API is configured and reachable, but has not yet posted this market for this fixture (bookmakers open different markets at different times before kickoff) -- genuinely unavailable, not a collector failure."
BUNDESLIGA2627_MW14_124_Bayer04Leverkusen_EintrachtFrankfurt,2026-27,14,2026-12-18,2026-12-18T00:00:00+00:00,Bayer 04 Leverkusen,Eintracht Frankfurt,,totals,,,,,,,,,,,,,,,,,,unknown,,decimal,2026-09-18T10:07:51+00:00,none_available,,False,False,unavailable,2026-09-18,"The Odds API is configured and reachable, but has not yet posted this market for this fixture (bookmakers open different markets at different times before kickoff) -- genuinely unavailable, not a collector failure."
BUNDESLIGA2627_MW14_125_RBLeipzig_BorussiaDortmund,2026-27,14,2026-12-18,2026-12-18T00:00:00+00:00,RB Leipzig,Borussia Dortmund,,h2h,,,,,,,,,,,,,,,,,,unknown,,decimal,2026-09-18T10:07:51+00:00,none_available,,False,False,unavailable,2026-09-18,"The Odds API is configured and reachable, but has not yet posted this market for this fixture (bookmakers open different markets at different times before kickoff) -- genuinely unavailable, not a collector failure."
BUNDESLIGA2627_MW14_125_RBLeipzig_BorussiaDortmund,2026-27,14,2026-12-18,2026-12-18T00:00:00+00:00,RB Leipzig,Borussia Dortmund,,spreads,,,,,,,,,,,,,,,,,,unknown,,decimal,2026-09-18T10:07:51+00:00,none_available,,False,False,unavailable,2026-09-18,"The Odds API is configured and reachable, but has not yet posted this market for this fixture (bookmakers open different markets at different times before kickoff) -- genuinely unavailable, not a collector failure."
BUNDESLIGA2627_MW14_125_RBLeipzig_BorussiaDortmund,2026-27,14,2026-12-18,2026-12-18T00:00:00+00:00,RB Leipzig,Borussia Dortmund,,totals,,,,,,,,,,,,,,,,,,unknown,,decimal,2026-09-18T10:07:51+00:00,none_available,,False,False,unavailable,2026-09-18,"The Odds API is configured and reachable, but has not yet posted this market for this fixture (bookmakers open different markets at different times before kickoff) -- genuinely unavailable, not a collector failure."
BUNDESLIGA2627_MW14_126_FCBayernMünchen_SVWerderBremen,2026-27,14,2026-12-18,2026-12-18T00:00:00+00:00,FC Bayern München,SV Werder Bremen,,h2h,,,,,,,,,,,,,,,,,,unknown,,decimal,2026-09-18T10:07:51+00:00,none_available,,False,False,unavailable,2026-09-18,"The Odds API is configured and reachable, but has not yet posted this market for this fixture (bookmakers open different markets at different times before kickoff) -- genuinely unavailable, not a collector failure."
BUNDESLIGA2627_MW14_126_FCBayernMünchen_SVWerderBremen,2026-27,14,2026-12-18,2026-12-18T00:00:00+00:00,FC Bayern München,SV Werder Bremen,,spreads,,,,,,,,,,,,,,,,,,unknown,,decimal,2026-09-18T10:07:51+00:00,none_available,,False,False,unavailable,2026-09-18,"The Odds API is configured and reachable, but has not yet posted this market for this fixture (bookmakers open different markets at different times before kickoff) -- genuinely unavailable, not a collector failure."
BUNDESLIGA2627_MW14_126_FCBayernMünchen_SVWerderBremen,2026-27,14,2026-12-18,2026-12-18T00:00:00+00:00,FC Bayern München,SV Werder Bremen,,totals,,,,,,,,,,,,,,,,,,unknown,,decimal,2026-09-18T10:07:51+00:00,none_available,,False,False,unavailable,2026-09-18,"The Odds API is configured and reachable, but has not yet posted this market for this fixture (bookmakers open different markets at different times before kickoff) -- genuinely unavailable, not a collector failure."
BUNDESLIGA2627_MW15_127_SCPaderborn07_RBLeipzig,2026-27,15,2027-01-08,2027-01-08T00:00:00+00:00,SC Paderborn 07,RB Leipzig,,h2h,,,,,,,,,,,,,,,,,,unknown,,decimal,2026-09-18T10:07:51+00:00,none_available,,False,False,unavailable,2026-09-18,"The Odds API is configured and reachable, but has not yet posted this market for this fixture (bookmakers open different markets at different times before kickoff) -- genuinely unavailable, not a collector failure."
BUNDESLIGA2627_MW15_127_SCPaderborn07_RBLeipzig,2026-27,15,2027-01-08,2027-01-08T00:00:00+00:00,SC Paderborn 07,RB Leipzig,,spreads,,,,,,,,,,,,,,,,,,unknown,,decimal,2026-09-18T10:07:51+00:00,none_available,,False,False,unavailable,2026-09-18,"The Odds API is configured and reachable, but has not yet posted this market for this fixture (bookmakers open different markets at different times before kickoff) -- genuinely unavailable, not a collector failure."
BUNDESLIGA2627_MW15_127_SCPaderborn07_RBLeipzig,2026-27,15,2027-01-08,2027-01-08T00:00:00+00:00,SC Paderborn 07,RB Leipzig,,totals,,,,,,,,,,,,,,,,,,unknown,,decimal,2026-09-18T10:07:51+00:00,none_available,,False,False,unavailable,2026-09-18,"The Odds API is configured and reachable, but has not yet posted this market for this fixture (bookmakers open different markets at different times before kickoff) -- genuinely unavailable, not a collector failure."
BUNDESLIGA2627_MW15_128_SVWerderBremen_1.FCUnionBerlin,2026-27,15,2027-01-08,2027-01-08T00:00:00+00:00,SV Werder Bremen,1. FC Union Berlin,,h2h,,,,,,,,,,,,,,,,,,unknown,,decimal,2026-09-18T10:07:51+00:00,none_available,,False,False,unavailable,2026-09-18,"The Odds API is configured and reachable, but has not yet posted this market for this fixture (bookmakers open different markets at different times before kickoff) -- genuinely unavailable, not a collector failure."
BUNDESLIGA2627_MW15_128_SVWerderBremen_1.FCUnionBerlin,2026-27,15,2027-01-08,2027-01-08T00:00:00+00:00,SV Werder Bremen,1. FC Union Berlin,,spreads,,,,,,,,,,,,,,,,,,unknown,,decimal,2026-09-18T10:07:51+00:00,none_available,,False,False,unavailable,2026-09-18,"The Odds API is configured and reachable, but has not yet posted this market for this fixture (bookmakers open different markets at different times before kickoff) -- genuinely unavailable, not a collector failure."
BUNDESLIGA2627_MW15_128_SVWerderBremen_1.FCUnionBerlin,2026-27,15,2027-01-08,2027-01-08T00:00:00+00:00,SV Werder Bremen,1. FC Union Berlin,,totals,,,,,,,,,,,,,,,,,,unknown,,decimal,2026-09-18T10:07:51+00:00,none_available,,False,False,unavailable,2026-09-18,"The Odds API is configured and reachable, but has not yet posted this market for this fixture (bookmakers open different markets at different times before kickoff) -- genuinely unavailable, not a collector failure."
BUNDESLIGA2627_MW15_129_1.FCKöln_Sport-ClubFreiburg,2026-27,15,2027-01-08,2027-01-08T00:00:00+00:00,1. FC Köln,Sport-Club Freiburg,,h2h,,,,,,,,,,,,,,,,,,unknown,,decimal,2026-09-18T10:07:51+00:00,none_available,,False,False,unavailable,2026-09-18,"The Odds API is configured and reachable, but has not yet posted this market for this fixture (bookmakers open different markets at different times before kickoff) -- genuinely unavailable, not a collector failure."
BUNDESLIGA2627_MW15_129_1.FCKöln_Sport-ClubFreiburg,2026-27,15,2027-01-08,2027-01-08T00:00:00+00:00,1. FC Köln,Sport-Club Freiburg,,spreads,,,,,,,,,,,,,,,,,,unknown,,decimal,2026-09-18T10:07:51+00:00,none_available,,False,False,unavailable,2026-09-18,"The Odds API is configured and reachable, but has not yet posted this market for this fixture (bookmakers open different markets at different times before kickoff) -- genuinely unavailable, not a collector failure."
BUNDESLIGA2627_MW15_129_1.FCKöln_Sport-ClubFreiburg,2026-27,15,2027-01-08,2027-01-08T00:00:00+00:00,1. FC Köln,Sport-Club Freiburg,,totals,,,,,,,,,,,,,,,,,,unknown,,decimal,2026-09-18T10:07:51+00:00,none_available,,False,False,unavailable,2026-09-18,"The Odds API is configured and reachable, but has not yet posted this market for this fixture (bookmakers open different markets at different times before kickoff) -- genuinely unavailable, not a collector failure."
BUNDESLIGA2627_MW15_130_HamburgerSV_Bayer04Leverkusen,2026-27,15,2027-01-08,2027-01-08T00:00:00+00:00,Hamburger SV,Bayer 04 Leverkusen,,h2h,,,,,,,,,,,,,,,,,,unknown,,decimal,2026-09-18T10:07:51+00:00,none_available,,False,False,unavailable,2026-09-18,"The Odds API is configured and reachable, but has not yet posted this market for this fixture (bookmakers open different markets at different times before kickoff) -- genuinely unavailable, not a collector failure."
BUNDESLIGA2627_MW15_130_HamburgerSV_Bayer04Leverkusen,2026-27,15,2027-01-08,2027-01-08T00:00:00+00:00,Hamburger SV,Bayer 04 Leverkusen,,spreads,,,,,,,,,,,,,,,,,,unknown,,decimal,2026-09-18T10:07:51+00:00,none_available,,False,False,unavailable,2026-09-18,"The Odds API is configured and reachable, but has not yet posted this market for this fixture (bookmakers open different markets at different times before kickoff) -- genuinely unavailable, not a collector failure."
BUNDESLIGA2627_MW15_130_HamburgerSV_Bayer04Leverkusen,2026-27,15,2027-01-08,2027-01-08T00:00:00+00:00,Hamburger SV,Bayer 04 Leverkusen,,totals,,,,,,,,,,,,,,,,,,unknown,,decimal,2026-09-18T10:07:51+00:00,none_available,,False,False,unavailable,2026-09-18,"The Odds API is configured and reachable, but has not yet posted this market for this fixture (bookmakers open different markets at different times before kickoff) -- genuinely unavailable, not a collector failure."
BUNDESLIGA2627_MW15_131_BorussiaMönchengladbach_FCBayernMünchen,2026-27,15,2027-01-08,2027-01-08T00:00:00+00:00,Borussia Mönchengladbach,FC Bayern München,,h2h,,,,,,,,,,,,,,,,,,unknown,,decimal,2026-09-18T10:07:51+00:00,none_available,,False,False,unavailable,2026-09-18,"The Odds API is configured and reachable, but has not yet posted this market for this fixture (bookmakers open different markets at different times before kickoff) -- genuinely unavailable, not a collector failure."
BUNDESLIGA2627_MW15_131_BorussiaMönchengladbach_FCBayernMünchen,2026-27,15,2027-01-08,2027-01-08T00:00:00+00:00,Borussia Mönchengladbach,FC Bayern München,,spreads,,,,,,,,,,,,,,,,,,unknown,,decimal,2026-09-18T10:07:51+00:00,none_available,,False,False,unavailable,2026-09-18,"The Odds API is configured and reachable, but has not yet posted this market for this fixture (bookmakers open different markets at different times before kickoff) -- genuinely unavailable, not a collector failure."
BUNDESLIGA2627_MW15_131_BorussiaMönchengladbach_FCBayernMünchen,2026-27,15,2027-01-08,2027-01-08T00:00:00+00:00,Borussia Mönchengladbach,FC Bayern München,,totals,,,,,,,,,,,,,,,,,,unknown,,decimal,2026-09-18T10:07:51+00:00,none_available,,False,False,unavailable,2026-09-18,"The Odds API is configured and reachable, but has not yet posted this market for this fixture (bookmakers open different markets at different times before kickoff) -- genuinely unavailable, not a collector failure."
BUNDESLIGA2627_MW15_132_EintrachtFrankfurt_FCSchalke04,2026-27,15,2027-01-08,2027-01-08T00:00:00+00:00,Eintracht Frankfurt,FC Schalke 04,,h2h,,,,,,,,,,,,,,,,,,unknown,,decimal,2026-09-18T10:07:51+00:00,none_available,,False,False,unavailable,2026-09-18,"The Odds API is configured and reachable, but has not yet posted this market for this fixture (bookmakers open different markets at different times before kickoff) -- genuinely unavailable, not a collector failure."
BUNDESLIGA2627_MW15_132_EintrachtFrankfurt_FCSchalke04,2026-27,15,2027-01-08,2027-01-08T00:00:00+00:00,Eintracht Frankfurt,FC Schalke 04,,spreads,,,,,,,,,,,,,,,,,,unknown,,decimal,2026-09-18T10:07:51+00:00,none_available,,False,False,unavailable,2026-09-18,"The Odds API is configured and reachable, but has not yet posted this market for this fixture (bookmakers open different markets at different times before kickoff) -- genuinely unavailable, not a collector failure."
BUNDESLIGA2627_MW15_132_EintrachtFrankfurt_FCSchalke04,2026-27,15,2027-01-08,2027-01-08T00:00:00+00:00,Eintracht Frankfurt,FC Schalke 04,,totals,,,,,,,,,,,,,,,,,,unknown,,decimal,2026-09-18T10:07:51+00:00,none_available,,False,False,unavailable,2026-09-18,"The Odds API is configured and reachable, but has not yet posted this market for this fixture (bookmakers open different markets at different times before kickoff) -- genuinely unavailable, not a collector failure."
BUNDESLIGA2627_MW15_133_TSGHoffenheim_SVElversberg,2026-27,15,2027-01-08,2027-01-08T00:00:00+00:00,TSG Hoffenheim,SV Elversberg,,h2h,,,,,,,,,,,,,,,,,,unknown,,decimal,2026-09-18T10:07:51+00:00,none_available,,False,False,unavailable,2026-09-18,"The Odds API is configured and reachable, but has not yet posted this market for this fixture (bookmakers open different markets at different times before kickoff) -- genuinely unavailable, not a collector failure."
BUNDESLIGA2627_MW15_133_TSGHoffenheim_SVElversberg,2026-27,15,2027-01-08,2027-01-08T00:00:00+00:00,TSG Hoffenheim,SV Elversberg,,spreads,,,,,,,,,,,,,,,,,,unknown,,decimal,2026-09-18T10:07:51+00:00,none_available,,False,False,unavailable,2026-09-18,"The Odds API is configured and reachable, but has not yet posted this market for this fixture (bookmakers open different markets at different times before kickoff) -- genuinely unavailable, not a collector failure."
BUNDESLIGA2627_MW15_133_TSGHoffenheim_SVElversberg,2026-27,15,2027-01-08,2027-01-08T00:00:00+00:00,TSG Hoffenheim,SV Elversberg,,totals,,,,,,,,,,,,,,,,,,unknown,,decimal,2026-09-18T10:07:51+00:00,none_available,,False,False,unavailable,2026-09-18,"The Odds API is configured and reachable, but has not yet posted this market for this fixture (bookmakers open different markets at different times before kickoff) -- genuinely unavailable, not a collector failure."
BUNDESLIGA2627_MW15_134_VfBStuttgart_FCAugsburg,2026-27,15,2027-01-08,2027-01-08T00:00:00+00:00,VfB Stuttgart,FC Augsburg,,h2h,,,,,,,,,,,,,,,,,,unknown,,decimal,2026-09-18T10:07:51+00:00,none_available,,False,False,unavailable,2026-09-18,"The Odds API is configured and reachable, but has not yet posted this market for this fixture (bookmakers open different markets at different times before kickoff) -- genuinely unavailable, not a collector failure."
BUNDESLIGA2627_MW15_134_VfBStuttgart_FCAugsburg,2026-27,15,2027-01-08,2027-01-08T00:00:00+00:00,VfB Stuttgart,FC Augsburg,,spreads,,,,,,,,,,,,,,,,,,unknown,,decimal,2026-09-18T10:07:51+00:00,none_available,,False,False,unavailable,2026-09-18,"The Odds API is configured and reachable, but has not yet posted this market for this fixture (bookmakers open different markets at different times before kickoff) -- genuinely unavailable, not a collector failure."
BUNDESLIGA2627_MW15_134_VfBStuttgart_FCAugsburg,2026-27,15,2027-01-08,2027-01-08T00:00:00+00:00,VfB Stuttgart,FC Augsburg,,totals,,,,,,,,,,,,,,,,,,unknown,,decimal,2026-09-18T10:07:51+00:00,none_available,,False,False,unavailable,2026-09-18,"The Odds API is configured and reachable, but has not yet posted this market for this fixture (bookmakers open different markets at different times before kickoff) -- genuinely unavailable, not a collector failure."
BUNDESLIGA2627_MW15_135_BorussiaDortmund_1.FSVMainz05,2026-27,15,2027-01-08,2027-01-08T00:00:00+00:00,Borussia Dortmund,1. FSV Mainz 05,,h2h,,,,,,,,,,,,,,,,,,unknown,,decimal,2026-09-18T10:07:51+00:00,none_available,,False,False,unavailable,2026-09-18,"The Odds API is configured and reachable, but has not yet posted this market for this fixture (bookmakers open different markets at different times before kickoff) -- genuinely unavailable, not a collector failure."
BUNDESLIGA2627_MW15_135_BorussiaDortmund_1.FSVMainz05,2026-27,15,2027-01-08,2027-01-08T00:00:00+00:00,Borussia Dortmund,1. FSV Mainz 05,,spreads,,,,,,,,,,,,,,,,,,unknown,,decimal,2026-09-18T10:07:51+00:00,none_available,,False,False,unavailable,2026-09-18,"The Odds API is configured and reachable, but has not yet posted this market for this fixture (bookmakers open different markets at different times before kickoff) -- genuinely unavailable, not a collector failure."
BUNDESLIGA2627_MW15_135_BorussiaDortmund_1.FSVMainz05,2026-27,15,2027-01-08,2027-01-08T00:00:00+00:00,Borussia Dortmund,1. FSV Mainz 05,,totals,,,,,,,,,,,,,,,,,,unknown,,decimal,2026-09-18T10:07:51+00:00,none_available,,False,False,unavailable,2026-09-18,"The Odds API is configured and reachable, but has not yet posted this market for this fixture (bookmakers open different markets at different times before kickoff) -- genuinely unavailable, not a collector failure."
BUNDESLIGA2627_MW16_136_SVElversberg_EintrachtFrankfurt,2026-27,16,2027-01-12,2027-01-12T00:00:00+00:00,SV Elversberg,Eintracht Frankfurt,,h2h,,,,,,,,,,,,,,,,,,unknown,,decimal,2026-09-18T10:07:51+00:00,none_available,,False,False,unavailable,2026-09-18,"The Odds API is configured and reachable, but has not yet posted this market for this fixture (bookmakers open different markets at different times before kickoff) -- genuinely unavailable, not a collector failure."
BUNDESLIGA2627_MW16_136_SVElversberg_EintrachtFrankfurt,2026-27,16,2027-01-12,2027-01-12T00:00:00+00:00,SV Elversberg,Eintracht Frankfurt,,spreads,,,,,,,,,,,,,,,,,,unknown,,decimal,2026-09-18T10:07:51+00:00,none_available,,False,False,unavailable,2026-09-18,"The Odds API is configured and reachable, but has not yet posted this market for this fixture (bookmakers open different markets at different times before kickoff) -- genuinely unavailable, not a collector failure."
BUNDESLIGA2627_MW16_136_SVElversberg_EintrachtFrankfurt,2026-27,16,2027-01-12,2027-01-12T00:00:00+00:00,SV Elversberg,Eintracht Frankfurt,,totals,,,,,,,,,,,,,,,,,,unknown,,decimal,2026-09-18T10:07:51+00:00,none_available,,False,False,unavailable,2026-09-18,"The Odds API is configured and reachable, but has not yet posted this market for this fixture (bookmakers open different markets at different times before kickoff) -- genuinely unavailable, not a collector failure."
BUNDESLIGA2627_MW16_137_FCSchalke04_SVWerderBremen,2026-27,16,2027-01-12,2027-01-12T00:00:00+00:00,FC Schalke 04,SV Werder Bremen,,h2h,,,,,,,,,,,,,,,,,,unknown,,decimal,2026-09-18T10:07:51+00:00,none_available,,False,False,unavailable,2026-09-18,"The Odds API is configured and reachable, but has not yet posted this market for this fixture (bookmakers open different markets at different times before kickoff) -- genuinely unavailable, not a collector failure."
BUNDESLIGA2627_MW16_137_FCSchalke04_SVWerderBremen,2026-27,16,2027-01-12,2027-01-12T00:00:00+00:00,FC Schalke 04,SV Werder Bremen,,spreads,,,,,,,,,,,,,,,,,,unknown,,decimal,2026-09-18T10:07:51+00:00,none_available,,False,False,unavailable,2026-09-18,"The Odds API is configured and reachable, but has not yet posted this market for this fixture (bookmakers open different markets at different times before kickoff) -- genuinely unavailable, not a collector failure."
BUNDESLIGA2627_MW16_137_FCSchalke04_SVWerderBremen,2026-27,16,2027-01-12,2027-01-12T00:00:00+00:00,FC Schalke 04,SV Werder Bremen,,totals,,,,,,,,,,,,,,,,,,unknown,,decimal,2026-09-18T10:07:51+00:00,none_available,,False,False,unavailable,2026-09-18,"The Odds API is configured and reachable, but has not yet posted this market for this fixture (bookmakers open different markets at different times before kickoff) -- genuinely unavailable, not a collector failure."
BUNDESLIGA2627_MW16_138_1.FCKöln_BorussiaDortmund,2026-27,16,2027-01-12,2027-01-12T00:00:00+00:00,1. FC Köln,Borussia Dortmund,,h2h,,,,,,,,,,,,,,,,,,unknown,,decimal,2026-09-18T10:07:51+00:00,none_available,,False,False,unavailable,2026-09-18,"The Odds API is configured and reachable, but has not yet posted this market for this fixture (bookmakers open different markets at different times before kickoff) -- genuinely unavailable, not a collector failure."
BUNDESLIGA2627_MW16_138_1.FCKöln_BorussiaDortmund,2026-27,16,2027-01-12,2027-01-12T00:00:00+00:00,1. FC Köln,Borussia Dortmund,,spreads,,,,,,,,,,,,,,,,,,unknown,,decimal,2026-09-18T10:07:51+00:00,none_available,,False,False,unavailable,2026-09-18,"The Odds API is configured and reachable, but has not yet posted this market for this fixture (bookmakers open different markets at different times before kickoff) -- genuinely unavailable, not a collector failure."
BUNDESLIGA2627_MW16_138_1.FCKöln_BorussiaDortmund,2026-27,16,2027-01-12,2027-01-12T00:00:00+00:00,1. FC Köln,Borussia Dortmund,,totals,,,,,,,,,,,,,,,,,,unknown,,decimal,2026-09-18T10:07:51+00:00,none_available,,False,False,unavailable,2026-09-18,"The Odds API is configured and reachable, but has not yet posted this market for this fixture (bookmakers open different markets at different times before kickoff) -- genuinely unavailable, not a collector failure."
BUNDESLIGA2627_MW16_139_1.FCUnionBerlin_SCPaderborn07,2026-27,16,2027-01-12,2027-01-12T00:00:00+00:00,1. FC Union Berlin,SC Paderborn 07,,h2h,,,,,,,,,,,,,,,,,,unknown,,decimal,2026-09-18T10:07:51+00:00,none_available,,False,False,unavailable,2026-09-18,"The Odds API is configured and reachable, but has not yet posted this market for this fixture (bookmakers open different markets at different times before kickoff) -- genuinely unavailable, not a collector failure."
BUNDESLIGA2627_MW16_139_1.FCUnionBerlin_SCPaderborn07,2026-27,16,2027-01-12,2027-01-12T00:00:00+00:00,1. FC Union Berlin,SC Paderborn 07,,spreads,,,,,,,,,,,,,,,,,,unknown,,decimal,2026-09-18T10:07:51+00:00,none_available,,False,False,unavailable,2026-09-18,"The Odds API is configured and reachable, but has not yet posted this market for this fixture (bookmakers open different markets at different times before kickoff) -- genuinely unavailable, not a collector failure."
BUNDESLIGA2627_MW16_139_1.FCUnionBerlin_SCPaderborn07,2026-27,16,2027-01-12,2027-01-12T00:00:00+00:00,1. FC Union Berlin,SC Paderborn 07,,totals,,,,,,,,,,,,,,,,,,unknown,,decimal,2026-09-18T10:07:51+00:00,none_available,,False,False,unavailable,2026-09-18,"The Odds API is configured and reachable, but has not yet posted this market for this fixture (bookmakers open different markets at different times before kickoff) -- genuinely unavailable, not a collector failure."
BUNDESLIGA2627_MW16_140_1.FSVMainz05_TSGHoffenheim,2026-27,16,2027-01-12,2027-01-12T00:00:00+00:00,1. FSV Mainz 05,TSG Hoffenheim,,h2h,,,,,,,,,,,,,,,,,,unknown,,decimal,2026-09-18T10:07:51+00:00,none_available,,False,False,unavailable,2026-09-18,"The Odds API is configured and reachable, but has not yet posted this market for this fixture (bookmakers open different markets at different times before kickoff) -- genuinely unavailable, not a collector failure."
BUNDESLIGA2627_MW16_140_1.FSVMainz05_TSGHoffenheim,2026-27,16,2027-01-12,2027-01-12T00:00:00+00:00,1. FSV Mainz 05,TSG Hoffenheim,,spreads,,,,,,,,,,,,,,,,,,unknown,,decimal,2026-09-18T10:07:51+00:00,none_available,,False,False,unavailable,2026-09-18,"The Odds API is configured and reachable, but has not yet posted this market for this fixture (bookmakers open different markets at different times before kickoff) -- genuinely unavailable, not a collector failure."
BUNDESLIGA2627_MW16_140_1.FSVMainz05_TSGHoffenheim,2026-27,16,2027-01-12,2027-01-12T00:00:00+00:00,1. FSV Mainz 05,TSG Hoffenheim,,totals,,,,,,,,,,,,,,,,,,unknown,,decimal,2026-09-18T10:07:51+00:00,none_available,,False,False,unavailable,2026-09-18,"The Odds API is configured and reachable, but has not yet posted this market for this fixture (bookmakers open different markets at different times before kickoff) -- genuinely unavailable, not a collector failure."
BUNDESLIGA2627_MW16_141_FCAugsburg_BorussiaMönchengladbach,2026-27,16,2027-01-12,2027-01-12T00:00:00+00:00,FC Augsburg,Borussia Mönchengladbach,,h2h,,,,,,,,,,,,,,,,,,unknown,,decimal,2026-09-18T10:07:51+00:00,none_available,,False,False,unavailable,2026-09-18,"The Odds API is configured and reachable, but has not yet posted this market for this fixture (bookmakers open different markets at different times before kickoff) -- genuinely unavailable, not a collector failure."
BUNDESLIGA2627_MW16_141_FCAugsburg_BorussiaMönchengladbach,2026-27,16,2027-01-12,2027-01-12T00:00:00+00:00,FC Augsburg,Borussia Mönchengladbach,,spreads,,,,,,,,,,,,,,,,,,unknown,,decimal,2026-09-18T10:07:51+00:00,none_available,,False,False,unavailable,2026-09-18,"The Odds API is configured and reachable, but has not yet posted this market for this fixture (bookmakers open different markets at different times before kickoff) -- genuinely unavailable, not a collector failure."
BUNDESLIGA2627_MW16_141_FCAugsburg_BorussiaMönchengladbach,2026-27,16,2027-01-12,2027-01-12T00:00:00+00:00,FC Augsburg,Borussia Mönchengladbach,,totals,,,,,,,,,,,,,,,,,,unknown,,decimal,2026-09-18T10:07:51+00:00,none_available,,False,False,unavailable,2026-09-18,"The Odds API is configured and reachable, but has not yet posted this market for this fixture (bookmakers open different markets at different times before kickoff) -- genuinely unavailable, not a collector failure."
BUNDESLIGA2627_MW16_142_Sport-ClubFreiburg_HamburgerSV,2026-27,16,2027-01-12,2027-01-12T00:00:00+00:00,Sport-Club Freiburg,Hamburger SV,,h2h,,,,,,,,,,,,,,,,,,unknown,,decimal,2026-09-18T10:07:51+00:00,none_available,,False,False,unavailable,2026-09-18,"The Odds API is configured and reachable, but has not yet posted this market for this fixture (bookmakers open different markets at different times before kickoff) -- genuinely unavailable, not a collector failure."
BUNDESLIGA2627_MW16_142_Sport-ClubFreiburg_HamburgerSV,2026-27,16,2027-01-12,2027-01-12T00:00:00+00:00,Sport-Club Freiburg,Hamburger SV,,spreads,,,,,,,,,,,,,,,,,,unknown,,decimal,2026-09-18T10:07:51+00:00,none_available,,False,False,unavailable,2026-09-18,"The Odds API is configured and reachable, but has not yet posted this market for this fixture (bookmakers open different markets at different times before kickoff) -- genuinely unavailable, not a collector failure."
BUNDESLIGA2627_MW16_142_Sport-ClubFreiburg_HamburgerSV,2026-27,16,2027-01-12,2027-01-12T00:00:00+00:00,Sport-Club Freiburg,Hamburger SV,,totals,,,,,,,,,,,,,,,,,,unknown,,decimal,2026-09-18T10:07:51+00:00,none_available,,False,False,unavailable,2026-09-18,"The Odds API is configured and reachable, but has not yet posted this market for this fixture (bookmakers open different markets at different times before kickoff) -- genuinely unavailable, not a collector failure."
BUNDESLIGA2627_MW16_143_RBLeipzig_VfBStuttgart,2026-27,16,2027-01-12,2027-01-12T00:00:00+00:00,RB Leipzig,VfB Stuttgart,,h2h,,,,,,,,,,,,,,,,,,unknown,,decimal,2026-09-18T10:07:51+00:00,none_available,,False,False,unavailable,2026-09-18,"The Odds API is configured and reachable, but has not yet posted this market for this fixture (bookmakers open different markets at different times before kickoff) -- genuinely unavailable, not a collector failure."
BUNDESLIGA2627_MW16_143_RBLeipzig_VfBStuttgart,2026-27,16,2027-01-12,2027-01-12T00:00:00+00:00,RB Leipzig,VfB Stuttgart,,spreads,,,,,,,,,,,,,,,,,,unknown,,decimal,2026-09-18T10:07:51+00:00,none_available,,False,False,unavailable,2026-09-18,"The Odds API is configured and reachable, but has not yet posted this market for this fixture (bookmakers open different markets at different times before kickoff) -- genuinely unavailable, not a collector failure."
BUNDESLIGA2627_MW16_143_RBLeipzig_VfBStuttgart,2026-27,16,2027-01-12,2027-01-12T00:00:00+00:00,RB Leipzig,VfB Stuttgart,,totals,,,,,,,,,,,,,,,,,,unknown,,decimal,2026-09-18T10:07:51+00:00,none_available,,False,False,unavailable,2026-09-18,"The Odds API is configured and reachable, but has not yet posted this market for this fixture (bookmakers open different markets at different times before kickoff) -- genuinely unavailable, not a collector failure."
BUNDESLIGA2627_MW16_144_FCBayernMünchen_Bayer04Leverkusen,2026-27,16,2027-01-12,2027-01-12T00:00:00+00:00,FC Bayern München,Bayer 04 Leverkusen,,h2h,,,,,,,,,,,,,,,,,,unknown,,decimal,2026-09-18T10:07:51+00:00,none_available,,False,False,unavailable,2026-09-18,"The Odds API is configured and reachable, but has not yet posted this market for this fixture (bookmakers open different markets at different times before kickoff) -- genuinely unavailable, not a collector failure."
BUNDESLIGA2627_MW16_144_FCBayernMünchen_Bayer04Leverkusen,2026-27,16,2027-01-12,2027-01-12T00:00:00+00:00,FC Bayern München,Bayer 04 Leverkusen,,spreads,,,,,,,,,,,,,,,,,,unknown,,decimal,2026-09-18T10:07:51+00:00,none_available,,False,False,unavailable,2026-09-18,"The Odds API is configured and reachable, but has not yet posted this market for this fixture (bookmakers open different markets at different times before kickoff) -- genuinely unavailable, not a collector failure."
BUNDESLIGA2627_MW16_144_FCBayernMünchen_Bayer04Leverkusen,2026-27,16,2027-01-12,2027-01-12T00:00:00+00:00,FC Bayern München,Bayer 04 Leverkusen,,totals,,,,,,,,,,,,,,,,,,unknown,,decimal,2026-09-18T10:07:51+00:00,none_available,,False,False,unavailable,2026-09-18,"The Odds API is configured and reachable, but has not yet posted this market for this fixture (bookmakers open different markets at different times before kickoff) -- genuinely unavailable, not a collector failure."
BUNDESLIGA2627_MW17_145_SCPaderborn07_1.FCKöln,2026-27,17,2027-01-15,2027-01-15T00:00:00+00:00,SC Paderborn 07,1. FC Köln,,h2h,,,,,,,,,,,,,,,,,,unknown,,decimal,2026-09-18T10:07:51+00:00,none_available,,False,False,unavailable,2026-09-18,"The Odds API is configured and reachable, but has not yet posted this market for this fixture (bookmakers open different markets at different times before kickoff) -- genuinely unavailable, not a collector failure."
BUNDESLIGA2627_MW17_145_SCPaderborn07_1.FCKöln,2026-27,17,2027-01-15,2027-01-15T00:00:00+00:00,SC Paderborn 07,1. FC Köln,,spreads,,,,,,,,,,,,,,,,,,unknown,,decimal,2026-09-18T10:07:51+00:00,none_available,,False,False,unavailable,2026-09-18,"The Odds API is configured and reachable, but has not yet posted this market for this fixture (bookmakers open different markets at different times before kickoff) -- genuinely unavailable, not a collector failure."
BUNDESLIGA2627_MW17_145_SCPaderborn07_1.FCKöln,2026-27,17,2027-01-15,2027-01-15T00:00:00+00:00,SC Paderborn 07,1. FC Köln,,totals,,,,,,,,,,,,,,,,,,unknown,,decimal,2026-09-18T10:07:51+00:00,none_available,,False,False,unavailable,2026-09-18,"The Odds API is configured and reachable, but has not yet posted this market for this fixture (bookmakers open different markets at different times before kickoff) -- genuinely unavailable, not a collector failure."
BUNDESLIGA2627_MW17_146_SVWerderBremen_SVElversberg,2026-27,17,2027-01-15,2027-01-15T00:00:00+00:00,SV Werder Bremen,SV Elversberg,,h2h,,,,,,,,,,,,,,,,,,unknown,,decimal,2026-09-18T10:07:51+00:00,none_available,,False,False,unavailable,2026-09-18,"The Odds API is configured and reachable, but has not yet posted this market for this fixture (bookmakers open different markets at different times before kickoff) -- genuinely unavailable, not a collector failure."
BUNDESLIGA2627_MW17_146_SVWerderBremen_SVElversberg,2026-27,17,2027-01-15,2027-01-15T00:00:00+00:00,SV Werder Bremen,SV Elversberg,,spreads,,,,,,,,,,,,,,,,,,unknown,,decimal,2026-09-18T10:07:51+00:00,none_available,,False,False,unavailable,2026-09-18,"The Odds API is configured and reachable, but has not yet posted this market for this fixture (bookmakers open different markets at different times before kickoff) -- genuinely unavailable, not a collector failure."
BUNDESLIGA2627_MW17_146_SVWerderBremen_SVElversberg,2026-27,17,2027-01-15,2027-01-15T00:00:00+00:00,SV Werder Bremen,SV Elversberg,,totals,,,,,,,,,,,,,,,,,,unknown,,decimal,2026-09-18T10:07:51+00:00,none_available,,False,False,unavailable,2026-09-18,"The Odds API is configured and reachable, but has not yet posted this market for this fixture (bookmakers open different markets at different times before kickoff) -- genuinely unavailable, not a collector failure."
BUNDESLIGA2627_MW17_147_HamburgerSV_FCAugsburg,2026-27,17,2027-01-15,2027-01-15T00:00:00+00:00,Hamburger SV,FC Augsburg,,h2h,,,,,,,,,,,,,,,,,,unknown,,decimal,2026-09-18T10:07:51+00:00,none_available,,False,False,unavailable,2026-09-18,"The Odds API is configured and reachable, but has not yet posted this market for this fixture (bookmakers open different markets at different times before kickoff) -- genuinely unavailable, not a collector failure."
BUNDESLIGA2627_MW17_147_HamburgerSV_FCAugsburg,2026-27,17,2027-01-15,2027-01-15T00:00:00+00:00,Hamburger SV,FC Augsburg,,spreads,,,,,,,,,,,,,,,,,,unknown,,decimal,2026-09-18T10:07:51+00:00,none_available,,False,False,unavailable,2026-09-18,"The Odds API is configured and reachable, but has not yet posted this market for this fixture (bookmakers open different markets at different times before kickoff) -- genuinely unavailable, not a collector failure."
BUNDESLIGA2627_MW17_147_HamburgerSV_FCAugsburg,2026-27,17,2027-01-15,2027-01-15T00:00:00+00:00,Hamburger SV,FC Augsburg,,totals,,,,,,,,,,,,,,,,,,unknown,,decimal,2026-09-18T10:07:51+00:00,none_available,,False,False,unavailable,2026-09-18,"The Odds API is configured and reachable, but has not yet posted this market for this fixture (bookmakers open different markets at different times before kickoff) -- genuinely unavailable, not a collector failure."
BUNDESLIGA2627_MW17_148_BorussiaMönchengladbach_1.FCUnionBerlin,2026-27,17,2027-01-15,2027-01-15T00:00:00+00:00,Borussia Mönchengladbach,1. FC Union Berlin,,h2h,,,,,,,,,,,,,,,,,,unknown,,decimal,2026-09-18T10:07:51+00:00,none_available,,False,False,unavailable,2026-09-18,"The Odds API is configured and reachable, but has not yet posted this market for this fixture (bookmakers open different markets at different times before kickoff) -- genuinely unavailable, not a collector failure."
BUNDESLIGA2627_MW17_148_BorussiaMönchengladbach_1.FCUnionBerlin,2026-27,17,2027-01-15,2027-01-15T00:00:00+00:00,Borussia Mönchengladbach,1. FC Union Berlin,,spreads,,,,,,,,,,,,,,,,,,unknown,,decimal,2026-09-18T10:07:51+00:00,none_available,,False,False,unavailable,2026-09-18,"The Odds API is configured and reachable, but has not yet posted this market for this fixture (bookmakers open different markets at different times before kickoff) -- genuinely unavailable, not a collector failure."
BUNDESLIGA2627_MW17_148_BorussiaMönchengladbach_1.FCUnionBerlin,2026-27,17,2027-01-15,2027-01-15T00:00:00+00:00,Borussia Mönchengladbach,1. FC Union Berlin,,totals,,,,,,,,,,,,,,,,,,unknown,,decimal,2026-09-18T10:07:51+00:00,none_available,,False,False,unavailable,2026-09-18,"The Odds API is configured and reachable, but has not yet posted this market for this fixture (bookmakers open different markets at different times before kickoff) -- genuinely unavailable, not a collector failure."
BUNDESLIGA2627_MW17_149_EintrachtFrankfurt_FCBayernMünchen,2026-27,17,2027-01-15,2027-01-15T00:00:00+00:00,Eintracht Frankfurt,FC Bayern München,,h2h,,,,,,,,,,,,,,,,,,unknown,,decimal,2026-09-18T10:07:51+00:00,none_available,,False,False,unavailable,2026-09-18,"The Odds API is configured and reachable, but has not yet posted this market for this fixture (bookmakers open different markets at different times before kickoff) -- genuinely unavailable, not a collector failure."
BUNDESLIGA2627_MW17_149_EintrachtFrankfurt_FCBayernMünchen,2026-27,17,2027-01-15,2027-01-15T00:00:00+00:00,Eintracht Frankfurt,FC Bayern München,,spreads,,,,,,,,,,,,,,,,,,unknown,,decimal,2026-09-18T10:07:51+00:00,none_available,,False,False,unavailable,2026-09-18,"The Odds API is configured and reachable, but has not yet posted this market for this fixture (bookmakers open different markets at different times before kickoff) -- genuinely unavailable, not a collector failure."
BUNDESLIGA2627_MW17_149_EintrachtFrankfurt_FCBayernMünchen,2026-27,17,2027-01-15,2027-01-15T00:00:00+00:00,Eintracht Frankfurt,FC Bayern München,,totals,,,,,,,,,,,,,,,,,,unknown,,decimal,2026-09-18T10:07:51+00:00,none_available,,False,False,unavailable,2026-09-18,"The Odds API is configured and reachable, but has not yet posted this market for this fixture (bookmakers open different markets at different times before kickoff) -- genuinely unavailable, not a collector failure."
BUNDESLIGA2627_MW17_150_Bayer04Leverkusen_FCSchalke04,2026-27,17,2027-01-15,2027-01-15T00:00:00+00:00,Bayer 04 Leverkusen,FC Schalke 04,,h2h,,,,,,,,,,,,,,,,,,unknown,,decimal,2026-09-18T10:07:51+00:00,none_available,,False,False,unavailable,2026-09-18,"The Odds API is configured and reachable, but has not yet posted this market for this fixture (bookmakers open different markets at different times before kickoff) -- genuinely unavailable, not a collector failure."
BUNDESLIGA2627_MW17_150_Bayer04Leverkusen_FCSchalke04,2026-27,17,2027-01-15,2027-01-15T00:00:00+00:00,Bayer 04 Leverkusen,FC Schalke 04,,spreads,,,,,,,,,,,,,,,,,,unknown,,decimal,2026-09-18T10:07:51+00:00,none_available,,False,False,unavailable,2026-09-18,"The Odds API is configured and reachable, but has not yet posted this market for this fixture (bookmakers open different markets at different times before kickoff) -- genuinely unavailable, not a collector failure."
BUNDESLIGA2627_MW17_150_Bayer04Leverkusen_FCSchalke04,2026-27,17,2027-01-15,2027-01-15T00:00:00+00:00,Bayer 04 Leverkusen,FC Schalke 04,,totals,,,,,,,,,,,,,,,,,,unknown,,decimal,2026-09-18T10:07:51+00:00,none_available,,False,False,unavailable,2026-09-18,"The Odds API is configured and reachable, but has not yet posted this market for this fixture (bookmakers open different markets at different times before kickoff) -- genuinely unavailable, not a collector failure."
BUNDESLIGA2627_MW17_151_TSGHoffenheim_RBLeipzig,2026-27,17,2027-01-15,2027-01-15T00:00:00+00:00,TSG Hoffenheim,RB Leipzig,,h2h,,,,,,,,,,,,,,,,,,unknown,,decimal,2026-09-18T10:07:51+00:00,none_available,,False,False,unavailable,2026-09-18,"The Odds API is configured and reachable, but has not yet posted this market for this fixture (bookmakers open different markets at different times before kickoff) -- genuinely unavailable, not a collector failure."
BUNDESLIGA2627_MW17_151_TSGHoffenheim_RBLeipzig,2026-27,17,2027-01-15,2027-01-15T00:00:00+00:00,TSG Hoffenheim,RB Leipzig,,spreads,,,,,,,,,,,,,,,,,,unknown,,decimal,2026-09-18T10:07:51+00:00,none_available,,False,False,unavailable,2026-09-18,"The Odds API is configured and reachable, but has not yet posted this market for this fixture (bookmakers open different markets at different times before kickoff) -- genuinely unavailable, not a collector failure."
BUNDESLIGA2627_MW17_151_TSGHoffenheim_RBLeipzig,2026-27,17,2027-01-15,2027-01-15T00:00:00+00:00,TSG Hoffenheim,RB Leipzig,,totals,,,,,,,,,,,,,,,,,,unknown,,decimal,2026-09-18T10:07:51+00:00,none_available,,False,False,unavailable,2026-09-18,"The Odds API is configured and reachable, but has not yet posted this market for this fixture (bookmakers open different markets at different times before kickoff) -- genuinely unavailable, not a collector failure."
BUNDESLIGA2627_MW17_152_VfBStuttgart_1.FSVMainz05,2026-27,17,2027-01-15,2027-01-15T00:00:00+00:00,VfB Stuttgart,1. FSV Mainz 05,,h2h,,,,,,,,,,,,,,,,,,unknown,,decimal,2026-09-18T10:07:51+00:00,none_available,,False,False,unavailable,2026-09-18,"The Odds API is configured and reachable, but has not yet posted this market for this fixture (bookmakers open different markets at different times before kickoff) -- genuinely unavailable, not a collector failure."
BUNDESLIGA2627_MW17_152_VfBStuttgart_1.FSVMainz05,2026-27,17,2027-01-15,2027-01-15T00:00:00+00:00,VfB Stuttgart,1. FSV Mainz 05,,spreads,,,,,,,,,,,,,,,,,,unknown,,decimal,2026-09-18T10:07:51+00:00,none_available,,False,False,unavailable,2026-09-18,"The Odds API is configured and reachable, but has not yet posted this market for this fixture (bookmakers open different markets at different times before kickoff) -- genuinely unavailable, not a collector failure."
BUNDESLIGA2627_MW17_152_VfBStuttgart_1.FSVMainz05,2026-27,17,2027-01-15,2027-01-15T00:00:00+00:00,VfB Stuttgart,1. FSV Mainz 05,,totals,,,,,,,,,,,,,,,,,,unknown,,decimal,2026-09-18T10:07:51+00:00,none_available,,False,False,unavailable,2026-09-18,"The Odds API is configured and reachable, but has not yet posted this market for this fixture (bookmakers open different markets at different times before kickoff) -- genuinely unavailable, not a collector failure."
BUNDESLIGA2627_MW17_153_BorussiaDortmund_Sport-ClubFreiburg,2026-27,17,2027-01-15,2027-01-15T00:00:00+00:00,Borussia Dortmund,Sport-Club Freiburg,,h2h,,,,,,,,,,,,,,,,,,unknown,,decimal,2026-09-18T10:07:51+00:00,none_available,,False,False,unavailable,2026-09-18,"The Odds API is configured and reachable, but has not yet posted this market for this fixture (bookmakers open different markets at different times before kickoff) -- genuinely unavailable, not a collector failure."
BUNDESLIGA2627_MW17_153_BorussiaDortmund_Sport-ClubFreiburg,2026-27,17,2027-01-15,2027-01-15T00:00:00+00:00,Borussia Dortmund,Sport-Club Freiburg,,spreads,,,,,,,,,,,,,,,,,,unknown,,decimal,2026-09-18T10:07:51+00:00,none_available,,False,False,unavailable,2026-09-18,"The Odds API is configured and reachable, but has not yet posted this market for this fixture (bookmakers open different markets at different times before kickoff) -- genuinely unavailable, not a collector failure."
BUNDESLIGA2627_MW17_153_BorussiaDortmund_Sport-ClubFreiburg,2026-27,17,2027-01-15,2027-01-15T00:00:00+00:00,Borussia Dortmund,Sport-Club Freiburg,,totals,,,,,,,,,,,,,,,,,,unknown,,decimal,2026-09-18T10:07:51+00:00,none_available,,False,False,unavailable,2026-09-18,"The Odds API is configured and reachable, but has not yet posted this market for this fixture (bookmakers open different markets at different times before kickoff) -- genuinely unavailable, not a collector failure."
BUNDESLIGA2627_MW18_154_SCPaderborn07_1.FSVMainz05,2026-27,18,2027-01-22,2027-01-22T00:00:00+00:00,SC Paderborn 07,1. FSV Mainz 05,,h2h,,,,,,,,,,,,,,,,,,unknown,,decimal,2026-09-18T10:07:51+00:00,none_available,,False,False,unavailable,2026-09-18,"The Odds API is configured and reachable, but has not yet posted this market for this fixture (bookmakers open different markets at different times before kickoff) -- genuinely unavailable, not a collector failure."
BUNDESLIGA2627_MW18_154_SCPaderborn07_1.FSVMainz05,2026-27,18,2027-01-22,2027-01-22T00:00:00+00:00,SC Paderborn 07,1. FSV Mainz 05,,spreads,,,,,,,,,,,,,,,,,,unknown,,decimal,2026-09-18T10:07:51+00:00,none_available,,False,False,unavailable,2026-09-18,"The Odds API is configured and reachable, but has not yet posted this market for this fixture (bookmakers open different markets at different times before kickoff) -- genuinely unavailable, not a collector failure."
BUNDESLIGA2627_MW18_154_SCPaderborn07_1.FSVMainz05,2026-27,18,2027-01-22,2027-01-22T00:00:00+00:00,SC Paderborn 07,1. FSV Mainz 05,,totals,,,,,,,,,,,,,,,,,,unknown,,decimal,2026-09-18T10:07:51+00:00,none_available,,False,False,unavailable,2026-09-18,"The Odds API is configured and reachable, but has not yet posted this market for this fixture (bookmakers open different markets at different times before kickoff) -- genuinely unavailable, not a collector failure."
BUNDESLIGA2627_MW18_155_FCSchalke04_FCAugsburg,2026-27,18,2027-01-22,2027-01-22T00:00:00+00:00,FC Schalke 04,FC Augsburg,,h2h,,,,,,,,,,,,,,,,,,unknown,,decimal,2026-09-18T10:07:51+00:00,none_available,,False,False,unavailable,2026-09-18,"The Odds API is configured and reachable, but has not yet posted this market for this fixture (bookmakers open different markets at different times before kickoff) -- genuinely unavailable, not a collector failure."
BUNDESLIGA2627_MW18_155_FCSchalke04_FCAugsburg,2026-27,18,2027-01-22,2027-01-22T00:00:00+00:00,FC Schalke 04,FC Augsburg,,spreads,,,,,,,,,,,,,,,,,,unknown,,decimal,2026-09-18T10:07:51+00:00,none_available,,False,False,unavailable,2026-09-18,"The Odds API is configured and reachable, but has not yet posted this market for this fixture (bookmakers open different markets at different times before kickoff) -- genuinely unavailable, not a collector failure."
BUNDESLIGA2627_MW18_155_FCSchalke04_FCAugsburg,2026-27,18,2027-01-22,2027-01-22T00:00:00+00:00,FC Schalke 04,FC Augsburg,,totals,,,,,,,,,,,,,,,,,,unknown,,decimal,2026-09-18T10:07:51+00:00,none_available,,False,False,unavailable,2026-09-18,"The Odds API is configured and reachable, but has not yet posted this market for this fixture (bookmakers open different markets at different times before kickoff) -- genuinely unavailable, not a collector failure."
BUNDESLIGA2627_MW18_156_SVWerderBremen_Sport-ClubFreiburg,2026-27,18,2027-01-22,2027-01-22T00:00:00+00:00,SV Werder Bremen,Sport-Club Freiburg,,h2h,,,,,,,,,,,,,,,,,,unknown,,decimal,2026-09-18T10:07:51+00:00,none_available,,False,False,unavailable,2026-09-18,"The Odds API is configured and reachable, but has not yet posted this market for this fixture (bookmakers open different markets at different times before kickoff) -- genuinely unavailable, not a collector failure."
BUNDESLIGA2627_MW18_156_SVWerderBremen_Sport-ClubFreiburg,2026-27,18,2027-01-22,2027-01-22T00:00:00+00:00,SV Werder Bremen,Sport-Club Freiburg,,spreads,,,,,,,,,,,,,,,,,,unknown,,decimal,2026-09-18T10:07:51+00:00,none_available,,False,False,unavailable,2026-09-18,"The Odds API is configured and reachable, but has not yet posted this market for this fixture (bookmakers open different markets at different times before kickoff) -- genuinely unavailable, not a collector failure."
BUNDESLIGA2627_MW18_156_SVWerderBremen_Sport-ClubFreiburg,2026-27,18,2027-01-22,2027-01-22T00:00:00+00:00,SV Werder Bremen,Sport-Club Freiburg,,totals,,,,,,,,,,,,,,,,,,unknown,,decimal,2026-09-18T10:07:51+00:00,none_available,,False,False,unavailable,2026-09-18,"The Odds API is configured and reachable, but has not yet posted this market for this fixture (bookmakers open different markets at different times before kickoff) -- genuinely unavailable, not a collector failure."
BUNDESLIGA2627_MW18_157_HamburgerSV_BorussiaDortmund,2026-27,18,2027-01-22,2027-01-22T00:00:00+00:00,Hamburger SV,Borussia Dortmund,,h2h,,,,,,,,,,,,,,,,,,unknown,,decimal,2026-09-18T10:07:51+00:00,none_available,,False,False,unavailable,2026-09-18,"The Odds API is configured and reachable, but has not yet posted this market for this fixture (bookmakers open different markets at different times before kickoff) -- genuinely unavailable, not a collector failure."
BUNDESLIGA2627_MW18_157_HamburgerSV_BorussiaDortmund,2026-27,18,2027-01-22,2027-01-22T00:00:00+00:00,Hamburger SV,Borussia Dortmund,,spreads,,,,,,,,,,,,,,,,,,unknown,,decimal,2026-09-18T10:07:51+00:00,none_available,,False,False,unavailable,2026-09-18,"The Odds API is configured and reachable, but has not yet posted this market for this fixture (bookmakers open different markets at different times before kickoff) -- genuinely unavailable, not a collector failure."
BUNDESLIGA2627_MW18_157_HamburgerSV_BorussiaDortmund,2026-27,18,2027-01-22,2027-01-22T00:00:00+00:00,Hamburger SV,Borussia Dortmund,,totals,,,,,,,,,,,,,,,,,,unknown,,decimal,2026-09-18T10:07:51+00:00,none_available,,False,False,unavailable,2026-09-18,"The Odds API is configured and reachable, but has not yet posted this market for this fixture (bookmakers open different markets at different times before kickoff) -- genuinely unavailable, not a collector failure."
BUNDESLIGA2627_MW18_158_BorussiaMönchengladbach_RBLeipzig,2026-27,18,2027-01-22,2027-01-22T00:00:00+00:00,Borussia Mönchengladbach,RB Leipzig,,h2h,,,,,,,,,,,,,,,,,,unknown,,decimal,2026-09-18T10:07:51+00:00,none_available,,False,False,unavailable,2026-09-18,"The Odds API is configured and reachable, but has not yet posted this market for this fixture (bookmakers open different markets at different times before kickoff) -- genuinely unavailable, not a collector failure."
BUNDESLIGA2627_MW18_158_BorussiaMönchengladbach_RBLeipzig,2026-27,18,2027-01-22,2027-01-22T00:00:00+00:00,Borussia Mönchengladbach,RB Leipzig,,spreads,,,,,,,,,,,,,,,,,,unknown,,decimal,2026-09-18T10:07:51+00:00,none_available,,False,False,unavailable,2026-09-18,"The Odds API is configured and reachable, but has not yet posted this market for this fixture (bookmakers open different markets at different times before kickoff) -- genuinely unavailable, not a collector failure."
BUNDESLIGA2627_MW18_158_BorussiaMönchengladbach_RBLeipzig,2026-27,18,2027-01-22,2027-01-22T00:00:00+00:00,Borussia Mönchengladbach,RB Leipzig,,totals,,,,,,,,,,,,,,,,,,unknown,,decimal,2026-09-18T10:07:51+00:00,none_available,,False,False,unavailable,2026-09-18,"The Odds API is configured and reachable, but has not yet posted this market for this fixture (bookmakers open different markets at different times before kickoff) -- genuinely unavailable, not a collector failure."
BUNDESLIGA2627_MW18_159_EintrachtFrankfurt_1.FCUnionBerlin,2026-27,18,2027-01-22,2027-01-22T00:00:00+00:00,Eintracht Frankfurt,1. FC Union Berlin,,h2h,,,,,,,,,,,,,,,,,,unknown,,decimal,2026-09-18T10:07:51+00:00,none_available,,False,False,unavailable,2026-09-18,"The Odds API is configured and reachable, but has not yet posted this market for this fixture (bookmakers open different markets at different times before kickoff) -- genuinely unavailable, not a collector failure."
BUNDESLIGA2627_MW18_159_EintrachtFrankfurt_1.FCUnionBerlin,2026-27,18,2027-01-22,2027-01-22T00:00:00+00:00,Eintracht Frankfurt,1. FC Union Berlin,,spreads,,,,,,,,,,,,,,,,,,unknown,,decimal,2026-09-18T10:07:51+00:00,none_available,,False,False,unavailable,2026-09-18,"The Odds API is configured and reachable, but has not yet posted this market for this fixture (bookmakers open different markets at different times before kickoff) -- genuinely unavailable, not a collector failure."
BUNDESLIGA2627_MW18_159_EintrachtFrankfurt_1.FCUnionBerlin,2026-27,18,2027-01-22,2027-01-22T00:00:00+00:00,Eintracht Frankfurt,1. FC Union Berlin,,totals,,,,,,,,,,,,,,,,,,unknown,,decimal,2026-09-18T10:07:51+00:00,none_available,,False,False,unavailable,2026-09-18,"The Odds API is configured and reachable, but has not yet posted this market for this fixture (bookmakers open different markets at different times before kickoff) -- genuinely unavailable, not a collector failure."
BUNDESLIGA2627_MW18_160_Bayer04Leverkusen_SVElversberg,2026-27,18,2027-01-22,2027-01-22T00:00:00+00:00,Bayer 04 Leverkusen,SV Elversberg,,h2h,,,,,,,,,,,,,,,,,,unknown,,decimal,2026-09-18T10:07:51+00:00,none_available,,False,False,unavailable,2026-09-18,"The Odds API is configured and reachable, but has not yet posted this market for this fixture (bookmakers open different markets at different times before kickoff) -- genuinely unavailable, not a collector failure."
BUNDESLIGA2627_MW18_160_Bayer04Leverkusen_SVElversberg,2026-27,18,2027-01-22,2027-01-22T00:00:00+00:00,Bayer 04 Leverkusen,SV Elversberg,,spreads,,,,,,,,,,,,,,,,,,unknown,,decimal,2026-09-18T10:07:51+00:00,none_available,,False,False,unavailable,2026-09-18,"The Odds API is configured and reachable, but has not yet posted this market for this fixture (bookmakers open different markets at different times before kickoff) -- genuinely unavailable, not a collector failure."
BUNDESLIGA2627_MW18_160_Bayer04Leverkusen_SVElversberg,2026-27,18,2027-01-22,2027-01-22T00:00:00+00:00,Bayer 04 Leverkusen,SV Elversberg,,totals,,,,,,,,,,,,,,,,,,unknown,,decimal,2026-09-18T10:07:51+00:00,none_available,,False,False,unavailable,2026-09-18,"The Odds API is configured and reachable, but has not yet posted this market for this fixture (bookmakers open different markets at different times before kickoff) -- genuinely unavailable, not a collector failure."
BUNDESLIGA2627_MW18_161_TSGHoffenheim_1.FCKöln,2026-27,18,2027-01-22,2027-01-22T00:00:00+00:00,TSG Hoffenheim,1. FC Köln,,h2h,,,,,,,,,,,,,,,,,,unknown,,decimal,2026-09-18T10:07:51+00:00,none_available,,False,False,unavailable,2026-09-18,"The Odds API is configured and reachable, but has not yet posted this market for this fixture (bookmakers open different markets at different times before kickoff) -- genuinely unavailable, not a collector failure."
BUNDESLIGA2627_MW18_161_TSGHoffenheim_1.FCKöln,2026-27,18,2027-01-22,2027-01-22T00:00:00+00:00,TSG Hoffenheim,1. FC Köln,,spreads,,,,,,,,,,,,,,,,,,unknown,,decimal,2026-09-18T10:07:51+00:00,none_available,,False,False,unavailable,2026-09-18,"The Odds API is configured and reachable, but has not yet posted this market for this fixture (bookmakers open different markets at different times before kickoff) -- genuinely unavailable, not a collector failure."
BUNDESLIGA2627_MW18_161_TSGHoffenheim_1.FCKöln,2026-27,18,2027-01-22,2027-01-22T00:00:00+00:00,TSG Hoffenheim,1. FC Köln,,totals,,,,,,,,,,,,,,,,,,unknown,,decimal,2026-09-18T10:07:51+00:00,none_available,,False,False,unavailable,2026-09-18,"The Odds API is configured and reachable, but has not yet posted this market for this fixture (bookmakers open different markets at different times before kickoff) -- genuinely unavailable, not a collector failure."
BUNDESLIGA2627_MW18_162_VfBStuttgart_FCBayernMünchen,2026-27,18,2027-01-22,2027-01-22T00:00:00+00:00,VfB Stuttgart,FC Bayern München,,h2h,,,,,,,,,,,,,,,,,,unknown,,decimal,2026-09-18T10:07:51+00:00,none_available,,False,False,unavailable,2026-09-18,"The Odds API is configured and reachable, but has not yet posted this market for this fixture (bookmakers open different markets at different times before kickoff) -- genuinely unavailable, not a collector failure."
BUNDESLIGA2627_MW18_162_VfBStuttgart_FCBayernMünchen,2026-27,18,2027-01-22,2027-01-22T00:00:00+00:00,VfB Stuttgart,FC Bayern München,,spreads,,,,,,,,,,,,,,,,,,unknown,,decimal,2026-09-18T10:07:51+00:00,none_available,,False,False,unavailable,2026-09-18,"The Odds API is configured and reachable, but has not yet posted this market for this fixture (bookmakers open different markets at different times before kickoff) -- genuinely unavailable, not a collector failure."
BUNDESLIGA2627_MW18_162_VfBStuttgart_FCBayernMünchen,2026-27,18,2027-01-22,2027-01-22T00:00:00+00:00,VfB Stuttgart,FC Bayern München,,totals,,,,,,,,,,,,,,,,,,unknown,,decimal,2026-09-18T10:07:51+00:00,none_available,,False,False,unavailable,2026-09-18,"The Odds API is configured and reachable, but has not yet posted this market for this fixture (bookmakers open different markets at different times before kickoff) -- genuinely unavailable, not a collector failure."
BUNDESLIGA2627_MW19_163_SVElversberg_BorussiaMönchengladbach,2026-27,19,2027-01-29,2027-01-29T00:00:00+00:00,SV Elversberg,Borussia Mönchengladbach,,h2h,,,,,,,,,,,,,,,,,,unknown,,decimal,2026-09-18T10:07:51+00:00,none_available,,False,False,unavailable,2026-09-18,"The Odds API is configured and reachable, but has not yet posted this market for this fixture (bookmakers open different markets at different times before kickoff) -- genuinely unavailable, not a collector failure."
BUNDESLIGA2627_MW19_163_SVElversberg_BorussiaMönchengladbach,2026-27,19,2027-01-29,2027-01-29T00:00:00+00:00,SV Elversberg,Borussia Mönchengladbach,,spreads,,,,,,,,,,,,,,,,,,unknown,,decimal,2026-09-18T10:07:51+00:00,none_available,,False,False,unavailable,2026-09-18,"The Odds API is configured and reachable, but has not yet posted this market for this fixture (bookmakers open different markets at different times before kickoff) -- genuinely unavailable, not a collector failure."
BUNDESLIGA2627_MW19_163_SVElversberg_BorussiaMönchengladbach,2026-27,19,2027-01-29,2027-01-29T00:00:00+00:00,SV Elversberg,Borussia Mönchengladbach,,totals,,,,,,,,,,,,,,,,,,unknown,,decimal,2026-09-18T10:07:51+00:00,none_available,,False,False,unavailable,2026-09-18,"The Odds API is configured and reachable, but has not yet posted this market for this fixture (bookmakers open different markets at different times before kickoff) -- genuinely unavailable, not a collector failure."
BUNDESLIGA2627_MW19_164_1.FCKöln_VfBStuttgart,2026-27,19,2027-01-29,2027-01-29T00:00:00+00:00,1. FC Köln,VfB Stuttgart,,h2h,,,,,,,,,,,,,,,,,,unknown,,decimal,2026-09-18T10:07:51+00:00,none_available,,False,False,unavailable,2026-09-18,"The Odds API is configured and reachable, but has not yet posted this market for this fixture (bookmakers open different markets at different times before kickoff) -- genuinely unavailable, not a collector failure."
BUNDESLIGA2627_MW19_164_1.FCKöln_VfBStuttgart,2026-27,19,2027-01-29,2027-01-29T00:00:00+00:00,1. FC Köln,VfB Stuttgart,,spreads,,,,,,,,,,,,,,,,,,unknown,,decimal,2026-09-18T10:07:51+00:00,none_available,,False,False,unavailable,2026-09-18,"The Odds API is configured and reachable, but has not yet posted this market for this fixture (bookmakers open different markets at different times before kickoff) -- genuinely unavailable, not a collector failure."
BUNDESLIGA2627_MW19_164_1.FCKöln_VfBStuttgart,2026-27,19,2027-01-29,2027-01-29T00:00:00+00:00,1. FC Köln,VfB Stuttgart,,totals,,,,,,,,,,,,,,,,,,unknown,,decimal,2026-09-18T10:07:51+00:00,none_available,,False,False,unavailable,2026-09-18,"The Odds API is configured and reachable, but has not yet posted this market for this fixture (bookmakers open different markets at different times before kickoff) -- genuinely unavailable, not a collector failure."
BUNDESLIGA2627_MW19_165_1.FCUnionBerlin_Bayer04Leverkusen,2026-27,19,2027-01-29,2027-01-29T00:00:00+00:00,1. FC Union Berlin,Bayer 04 Leverkusen,,h2h,,,,,,,,,,,,,,,,,,unknown,,decimal,2026-09-18T10:07:51+00:00,none_available,,False,False,unavailable,2026-09-18,"The Odds API is configured and reachable, but has not yet posted this market for this fixture (bookmakers open different markets at different times before kickoff) -- genuinely unavailable, not a collector failure."
BUNDESLIGA2627_MW19_165_1.FCUnionBerlin_Bayer04Leverkusen,2026-27,19,2027-01-29,2027-01-29T00:00:00+00:00,1. FC Union Berlin,Bayer 04 Leverkusen,,spreads,,,,,,,,,,,,,,,,,,unknown,,decimal,2026-09-18T10:07:51+00:00,none_available,,False,False,unavailable,2026-09-18,"The Odds API is configured and reachable, but has not yet posted this market for this fixture (bookmakers open different markets at different times before kickoff) -- genuinely unavailable, not a collector failure."
BUNDESLIGA2627_MW19_165_1.FCUnionBerlin_Bayer04Leverkusen,2026-27,19,2027-01-29,2027-01-29T00:00:00+00:00,1. FC Union Berlin,Bayer 04 Leverkusen,,totals,,,,,,,,,,,,,,,,,,unknown,,decimal,2026-09-18T10:07:51+00:00,none_available,,False,False,unavailable,2026-09-18,"The Odds API is configured and reachable, but has not yet posted this market for this fixture (bookmakers open different markets at different times before kickoff) -- genuinely unavailable, not a collector failure."
BUNDESLIGA2627_MW19_166_1.FSVMainz05_HamburgerSV,2026-27,19,2027-01-29,2027-01-29T00:00:00+00:00,1. FSV Mainz 05,Hamburger SV,,h2h,,,,,,,,,,,,,,,,,,unknown,,decimal,2026-09-18T10:07:51+00:00,none_available,,False,False,unavailable,2026-09-18,"The Odds API is configured and reachable, but has not yet posted this market for this fixture (bookmakers open different markets at different times before kickoff) -- genuinely unavailable, not a collector failure."
BUNDESLIGA2627_MW19_166_1.FSVMainz05_HamburgerSV,2026-27,19,2027-01-29,2027-01-29T00:00:00+00:00,1. FSV Mainz 05,Hamburger SV,,spreads,,,,,,,,,,,,,,,,,,unknown,,decimal,2026-09-18T10:07:51+00:00,none_available,,False,False,unavailable,2026-09-18,"The Odds API is configured and reachable, but has not yet posted this market for this fixture (bookmakers open different markets at different times before kickoff) -- genuinely unavailable, not a collector failure."
BUNDESLIGA2627_MW19_166_1.FSVMainz05_HamburgerSV,2026-27,19,2027-01-29,2027-01-29T00:00:00+00:00,1. FSV Mainz 05,Hamburger SV,,totals,,,,,,,,,,,,,,,,,,unknown,,decimal,2026-09-18T10:07:51+00:00,none_available,,False,False,unavailable,2026-09-18,"The Odds API is configured and reachable, but has not yet posted this market for this fixture (bookmakers open different markets at different times before kickoff) -- genuinely unavailable, not a collector failure."
BUNDESLIGA2627_MW19_167_FCAugsburg_EintrachtFrankfurt,2026-27,19,2027-01-29,2027-01-29T00:00:00+00:00,FC Augsburg,Eintracht Frankfurt,,h2h,,,,,,,,,,,,,,,,,,unknown,,decimal,2026-09-18T10:07:51+00:00,none_available,,False,False,unavailable,2026-09-18,"The Odds API is configured and reachable, but has not yet posted this market for this fixture (bookmakers open different markets at different times before kickoff) -- genuinely unavailable, not a collector failure."
BUNDESLIGA2627_MW19_167_FCAugsburg_EintrachtFrankfurt,2026-27,19,2027-01-29,2027-01-29T00:00:00+00:00,FC Augsburg,Eintracht Frankfurt,,spreads,,,,,,,,,,,,,,,,,,unknown,,decimal,2026-09-18T10:07:51+00:00,none_available,,False,False,unavailable,2026-09-18,"The Odds API is configured and reachable, but has not yet posted this market for this fixture (bookmakers open different markets at different times before kickoff) -- genuinely unavailable, not a collector failure."
BUNDESLIGA2627_MW19_167_FCAugsburg_EintrachtFrankfurt,2026-27,19,2027-01-29,2027-01-29T00:00:00+00:00,FC Augsburg,Eintracht Frankfurt,,totals,,,,,,,,,,,,,,,,,,unknown,,decimal,2026-09-18T10:07:51+00:00,none_available,,False,False,unavailable,2026-09-18,"The Odds API is configured and reachable, but has not yet posted this market for this fixture (bookmakers open different markets at different times before kickoff) -- genuinely unavailable, not a collector failure."
BUNDESLIGA2627_MW19_168_Sport-ClubFreiburg_SCPaderborn07,2026-27,19,2027-01-29,2027-01-29T00:00:00+00:00,Sport-Club Freiburg,SC Paderborn 07,,h2h,,,,,,,,,,,,,,,,,,unknown,,decimal,2026-09-18T10:07:51+00:00,none_available,,False,False,unavailable,2026-09-18,"The Odds API is configured and reachable, but has not yet posted this market for this fixture (bookmakers open different markets at different times before kickoff) -- genuinely unavailable, not a collector failure."
BUNDESLIGA2627_MW19_168_Sport-ClubFreiburg_SCPaderborn07,2026-27,19,2027-01-29,2027-01-29T00:00:00+00:00,Sport-Club Freiburg,SC Paderborn 07,,spreads,,,,,,,,,,,,,,,,,,unknown,,decimal,2026-09-18T10:07:51+00:00,none_available,,False,False,unavailable,2026-09-18,"The Odds API is configured and reachable, but has not yet posted this market for this fixture (bookmakers open different markets at different times before kickoff) -- genuinely unavailable, not a collector failure."
BUNDESLIGA2627_MW19_168_Sport-ClubFreiburg_SCPaderborn07,2026-27,19,2027-01-29,2027-01-29T00:00:00+00:00,Sport-Club Freiburg,SC Paderborn 07,,totals,,,,,,,,,,,,,,,,,,unknown,,decimal,2026-09-18T10:07:51+00:00,none_available,,False,False,unavailable,2026-09-18,"The Odds API is configured and reachable, but has not yet posted this market for this fixture (bookmakers open different markets at different times before kickoff) -- genuinely unavailable, not a collector failure."
BUNDESLIGA2627_MW19_169_RBLeipzig_SVWerderBremen,2026-27,19,2027-01-29,2027-01-29T00:00:00+00:00,RB Leipzig,SV Werder Bremen,,h2h,,,,,,,,,,,,,,,,,,unknown,,decimal,2026-09-18T10:07:51+00:00,none_available,,False,False,unavailable,2026-09-18,"The Odds API is configured and reachable, but has not yet posted this market for this fixture (bookmakers open different markets at different times before kickoff) -- genuinely unavailable, not a collector failure."
BUNDESLIGA2627_MW19_169_RBLeipzig_SVWerderBremen,2026-27,19,2027-01-29,2027-01-29T00:00:00+00:00,RB Leipzig,SV Werder Bremen,,spreads,,,,,,,,,,,,,,,,,,unknown,,decimal,2026-09-18T10:07:51+00:00,none_available,,False,False,unavailable,2026-09-18,"The Odds API is configured and reachable, but has not yet posted this market for this fixture (bookmakers open different markets at different times before kickoff) -- genuinely unavailable, not a collector failure."
BUNDESLIGA2627_MW19_169_RBLeipzig_SVWerderBremen,2026-27,19,2027-01-29,2027-01-29T00:00:00+00:00,RB Leipzig,SV Werder Bremen,,totals,,,,,,,,,,,,,,,,,,unknown,,decimal,2026-09-18T10:07:51+00:00,none_available,,False,False,unavailable,2026-09-18,"The Odds API is configured and reachable, but has not yet posted this market for this fixture (bookmakers open different markets at different times before kickoff) -- genuinely unavailable, not a collector failure."
BUNDESLIGA2627_MW19_170_BorussiaDortmund_TSGHoffenheim,2026-27,19,2027-01-29,2027-01-29T00:00:00+00:00,Borussia Dortmund,TSG Hoffenheim,,h2h,,,,,,,,,,,,,,,,,,unknown,,decimal,2026-09-18T10:07:51+00:00,none_available,,False,False,unavailable,2026-09-18,"The Odds API is configured and reachable, but has not yet posted this market for this fixture (bookmakers open different markets at different times before kickoff) -- genuinely unavailable, not a collector failure."
BUNDESLIGA2627_MW19_170_BorussiaDortmund_TSGHoffenheim,2026-27,19,2027-01-29,2027-01-29T00:00:00+00:00,Borussia Dortmund,TSG Hoffenheim,,spreads,,,,,,,,,,,,,,,,,,unknown,,decimal,2026-09-18T10:07:51+00:00,none_available,,False,False,unavailable,2026-09-18,"The Odds API is configured and reachable, but has not yet posted this market for this fixture (bookmakers open different markets at different times before kickoff) -- genuinely unavailable, not a collector failure."
BUNDESLIGA2627_MW19_170_BorussiaDortmund_TSGHoffenheim,2026-27,19,2027-01-29,2027-01-29T00:00:00+00:00,Borussia Dortmund,TSG Hoffenheim,,totals,,,,,,,,,,,,,,,,,,unknown,,decimal,2026-09-18T10:07:51+00:00,none_available,,False,False,unavailable,2026-09-18,"The Odds API is configured and reachable, but has not yet posted this market for this fixture (bookmakers open different markets at different times before kickoff) -- genuinely unavailable, not a collector failure."
BUNDESLIGA2627_MW19_171_FCBayernMünchen_FCSchalke04,2026-27,19,2027-01-29,2027-01-29T00:00:00+00:00,FC Bayern München,FC Schalke 04,,h2h,,,,,,,,,,,,,,,,,,unknown,,decimal,2026-09-18T10:07:51+00:00,none_available,,False,False,unavailable,2026-09-18,"The Odds API is configured and reachable, but has not yet posted this market for this fixture (bookmakers open different markets at different times before kickoff) -- genuinely unavailable, not a collector failure."
BUNDESLIGA2627_MW19_171_FCBayernMünchen_FCSchalke04,2026-27,19,2027-01-29,2027-01-29T00:00:00+00:00,FC Bayern München,FC Schalke 04,,spreads,,,,,,,,,,,,,,,,,,unknown,,decimal,2026-09-18T10:07:51+00:00,none_available,,False,False,unavailable,2026-09-18,"The Odds API is configured and reachable, but has not yet posted this market for this fixture (bookmakers open different markets at different times before kickoff) -- genuinely unavailable, not a collector failure."
BUNDESLIGA2627_MW19_171_FCBayernMünchen_FCSchalke04,2026-27,19,2027-01-29,2027-01-29T00:00:00+00:00,FC Bayern München,FC Schalke 04,,totals,,,,,,,,,,,,,,,,,,unknown,,decimal,2026-09-18T10:07:51+00:00,none_available,,False,False,unavailable,2026-09-18,"The Odds API is configured and reachable, but has not yet posted this market for this fixture (bookmakers open different markets at different times before kickoff) -- genuinely unavailable, not a collector failure."
BUNDESLIGA2627_MW20_172_SCPaderborn07_BorussiaDortmund,2026-27,20,2027-02-05,2027-02-05T00:00:00+00:00,SC Paderborn 07,Borussia Dortmund,,h2h,,,,,,,,,,,,,,,,,,unknown,,decimal,2026-09-18T10:07:51+00:00,none_available,,False,False,unavailable,2026-09-18,"The Odds API is configured and reachable, but has not yet posted this market for this fixture (bookmakers open different markets at different times before kickoff) -- genuinely unavailable, not a collector failure."
BUNDESLIGA2627_MW20_172_SCPaderborn07_BorussiaDortmund,2026-27,20,2027-02-05,2027-02-05T00:00:00+00:00,SC Paderborn 07,Borussia Dortmund,,spreads,,,,,,,,,,,,,,,,,,unknown,,decimal,2026-09-18T10:07:51+00:00,none_available,,False,False,unavailable,2026-09-18,"The Odds API is configured and reachable, but has not yet posted this market for this fixture (bookmakers open different markets at different times before kickoff) -- genuinely unavailable, not a collector failure."
BUNDESLIGA2627_MW20_172_SCPaderborn07_BorussiaDortmund,2026-27,20,2027-02-05,2027-02-05T00:00:00+00:00,SC Paderborn 07,Borussia Dortmund,,totals,,,,,,,,,,,,,,,,,,unknown,,decimal,2026-09-18T10:07:51+00:00,none_available,,False,False,unavailable,2026-09-18,"The Odds API is configured and reachable, but has not yet posted this market for this fixture (bookmakers open different markets at different times before kickoff) -- genuinely unavailable, not a collector failure."
BUNDESLIGA2627_MW20_173_FCSchalke04_1.FCUnionBerlin,2026-27,20,2027-02-05,2027-02-05T00:00:00+00:00,FC Schalke 04,1. FC Union Berlin,,h2h,,,,,,,,,,,,,,,,,,unknown,,decimal,2026-09-18T10:07:51+00:00,none_available,,False,False,unavailable,2026-09-18,"The Odds API is configured and reachable, but has not yet posted this market for this fixture (bookmakers open different markets at different times before kickoff) -- genuinely unavailable, not a collector failure."
BUNDESLIGA2627_MW20_173_FCSchalke04_1.FCUnionBerlin,2026-27,20,2027-02-05,2027-02-05T00:00:00+00:00,FC Schalke 04,1. FC Union Berlin,,spreads,,,,,,,,,,,,,,,,,,unknown,,decimal,2026-09-18T10:07:51+00:00,none_available,,False,False,unavailable,2026-09-18,"The Odds API is configured and reachable, but has not yet posted this market for this fixture (bookmakers open different markets at different times before kickoff) -- genuinely unavailable, not a collector failure."
BUNDESLIGA2627_MW20_173_FCSchalke04_1.FCUnionBerlin,2026-27,20,2027-02-05,2027-02-05T00:00:00+00:00,FC Schalke 04,1. FC Union Berlin,,totals,,,,,,,,,,,,,,,,,,unknown,,decimal,2026-09-18T10:07:51+00:00,none_available,,False,False,unavailable,2026-09-18,"The Odds API is configured and reachable, but has not yet posted this market for this fixture (bookmakers open different markets at different times before kickoff) -- genuinely unavailable, not a collector failure."
BUNDESLIGA2627_MW20_174_SVWerderBremen_1.FCKöln,2026-27,20,2027-02-05,2027-02-05T00:00:00+00:00,SV Werder Bremen,1. FC Köln,,h2h,,,,,,,,,,,,,,,,,,unknown,,decimal,2026-09-18T10:07:51+00:00,none_available,,False,False,unavailable,2026-09-18,"The Odds API is configured and reachable, but has not yet posted this market for this fixture (bookmakers open different markets at different times before kickoff) -- genuinely unavailable, not a collector failure."
BUNDESLIGA2627_MW20_174_SVWerderBremen_1.FCKöln,2026-27,20,2027-02-05,2027-02-05T00:00:00+00:00,SV Werder Bremen,1. FC Köln,,spreads,,,,,,,,,,,,,,,,,,unknown,,decimal,2026-09-18T10:07:51+00:00,none_available,,False,False,unavailable,2026-09-18,"The Odds API is configured and reachable, but has not yet posted this market for this fixture (bookmakers open different markets at different times before kickoff) -- genuinely unavailable, not a collector failure."
BUNDESLIGA2627_MW20_174_SVWerderBremen_1.FCKöln,2026-27,20,2027-02-05,2027-02-05T00:00:00+00:00,SV Werder Bremen,1. FC Köln,,totals,,,,,,,,,,,,,,,,,,unknown,,decimal,2026-09-18T10:07:51+00:00,none_available,,False,False,unavailable,2026-09-18,"The Odds API is configured and reachable, but has not yet posted this market for this fixture (bookmakers open different markets at different times before kickoff) -- genuinely unavailable, not a collector failure."
BUNDESLIGA2627_MW20_175_HamburgerSV_RBLeipzig,2026-27,20,2027-02-05,2027-02-05T00:00:00+00:00,Hamburger SV,RB Leipzig,,h2h,,,,,,,,,,,,,,,,,,unknown,,decimal,2026-09-18T10:07:51+00:00,none_available,,False,False,unavailable,2026-09-18,"The Odds API is configured and reachable, but has not yet posted this market for this fixture (bookmakers open different markets at different times before kickoff) -- genuinely unavailable, not a collector failure."
BUNDESLIGA2627_MW20_175_HamburgerSV_RBLeipzig,2026-27,20,2027-02-05,2027-02-05T00:00:00+00:00,Hamburger SV,RB Leipzig,,spreads,,,,,,,,,,,,,,,,,,unknown,,decimal,2026-09-18T10:07:51+00:00,none_available,,False,False,unavailable,2026-09-18,"The Odds API is configured and reachable, but has not yet posted this market for this fixture (bookmakers open different markets at different times before kickoff) -- genuinely unavailable, not a collector failure."
BUNDESLIGA2627_MW20_175_HamburgerSV_RBLeipzig,2026-27,20,2027-02-05,2027-02-05T00:00:00+00:00,Hamburger SV,RB Leipzig,,totals,,,,,,,,,,,,,,,,,,unknown,,decimal,2026-09-18T10:07:51+00:00,none_available,,False,False,unavailable,2026-09-18,"The Odds API is configured and reachable, but has not yet posted this market for this fixture (bookmakers open different markets at different times before kickoff) -- genuinely unavailable, not a collector failure."
BUNDESLIGA2627_MW20_176_BorussiaMönchengladbach_Sport-ClubFreiburg,2026-27,20,2027-02-05,2027-02-05T00:00:00+00:00,Borussia Mönchengladbach,Sport-Club Freiburg,,h2h,,,,,,,,,,,,,,,,,,unknown,,decimal,2026-09-18T10:07:51+00:00,none_available,,False,False,unavailable,2026-09-18,"The Odds API is configured and reachable, but has not yet posted this market for this fixture (bookmakers open different markets at different times before kickoff) -- genuinely unavailable, not a collector failure."
BUNDESLIGA2627_MW20_176_BorussiaMönchengladbach_Sport-ClubFreiburg,2026-27,20,2027-02-05,2027-02-05T00:00:00+00:00,Borussia Mönchengladbach,Sport-Club Freiburg,,spreads,,,,,,,,,,,,,,,,,,unknown,,decimal,2026-09-18T10:07:51+00:00,none_available,,False,False,unavailable,2026-09-18,"The Odds API is configured and reachable, but has not yet posted this market for this fixture (bookmakers open different markets at different times before kickoff) -- genuinely unavailable, not a collector failure."
BUNDESLIGA2627_MW20_176_BorussiaMönchengladbach_Sport-ClubFreiburg,2026-27,20,2027-02-05,2027-02-05T00:00:00+00:00,Borussia Mönchengladbach,Sport-Club Freiburg,,totals,,,,,,,,,,,,,,,,,,unknown,,decimal,2026-09-18T10:07:51+00:00,none_available,,False,False,unavailable,2026-09-18,"The Odds API is configured and reachable, but has not yet posted this market for this fixture (bookmakers open different markets at different times before kickoff) -- genuinely unavailable, not a collector failure."
BUNDESLIGA2627_MW20_177_EintrachtFrankfurt_1.FSVMainz05,2026-27,20,2027-02-05,2027-02-05T00:00:00+00:00,Eintracht Frankfurt,1. FSV Mainz 05,,h2h,,,,,,,,,,,,,,,,,,unknown,,decimal,2026-09-18T10:07:51+00:00,none_available,,False,False,unavailable,2026-09-18,"The Odds API is configured and reachable, but has not yet posted this market for this fixture (bookmakers open different markets at different times before kickoff) -- genuinely unavailable, not a collector failure."
BUNDESLIGA2627_MW20_177_EintrachtFrankfurt_1.FSVMainz05,2026-27,20,2027-02-05,2027-02-05T00:00:00+00:00,Eintracht Frankfurt,1. FSV Mainz 05,,spreads,,,,,,,,,,,,,,,,,,unknown,,decimal,2026-09-18T10:07:51+00:00,none_available,,False,False,unavailable,2026-09-18,"The Odds API is configured and reachable, but has not yet posted this market for this fixture (bookmakers open different markets at different times before kickoff) -- genuinely unavailable, not a collector failure."
BUNDESLIGA2627_MW20_177_EintrachtFrankfurt_1.FSVMainz05,2026-27,20,2027-02-05,2027-02-05T00:00:00+00:00,Eintracht Frankfurt,1. FSV Mainz 05,,totals,,,,,,,,,,,,,,,,,,unknown,,decimal,2026-09-18T10:07:51+00:00,none_available,,False,False,unavailable,2026-09-18,"The Odds API is configured and reachable, but has not yet posted this market for this fixture (bookmakers open different markets at different times before kickoff) -- genuinely unavailable, not a collector failure."
BUNDESLIGA2627_MW20_178_Bayer04Leverkusen_FCAugsburg,2026-27,20,2027-02-05,2027-02-05T00:00:00+00:00,Bayer 04 Leverkusen,FC Augsburg,,h2h,,,,,,,,,,,,,,,,,,unknown,,decimal,2026-09-18T10:07:51+00:00,none_available,,False,False,unavailable,2026-09-18,"The Odds API is configured and reachable, but has not yet posted this market for this fixture (bookmakers open different markets at different times before kickoff) -- genuinely unavailable, not a collector failure."
BUNDESLIGA2627_MW20_178_Bayer04Leverkusen_FCAugsburg,2026-27,20,2027-02-05,2027-02-05T00:00:00+00:00,Bayer 04 Leverkusen,FC Augsburg,,spreads,,,,,,,,,,,,,,,,,,unknown,,decimal,2026-09-18T10:07:51+00:00,none_available,,False,False,unavailable,2026-09-18,"The Odds API is configured and reachable, but has not yet posted this market for this fixture (bookmakers open different markets at different times before kickoff) -- genuinely unavailable, not a collector failure."
BUNDESLIGA2627_MW20_178_Bayer04Leverkusen_FCAugsburg,2026-27,20,2027-02-05,2027-02-05T00:00:00+00:00,Bayer 04 Leverkusen,FC Augsburg,,totals,,,,,,,,,,,,,,,,,,unknown,,decimal,2026-09-18T10:07:51+00:00,none_available,,False,False,unavailable,2026-09-18,"The Odds API is configured and reachable, but has not yet posted this market for this fixture (bookmakers open different markets at different times before kickoff) -- genuinely unavailable, not a collector failure."
BUNDESLIGA2627_MW20_179_VfBStuttgart_TSGHoffenheim,2026-27,20,2027-02-05,2027-02-05T00:00:00+00:00,VfB Stuttgart,TSG Hoffenheim,,h2h,,,,,,,,,,,,,,,,,,unknown,,decimal,2026-09-18T10:07:51+00:00,none_available,,False,False,unavailable,2026-09-18,"The Odds API is configured and reachable, but has not yet posted this market for this fixture (bookmakers open different markets at different times before kickoff) -- genuinely unavailable, not a collector failure."
BUNDESLIGA2627_MW20_179_VfBStuttgart_TSGHoffenheim,2026-27,20,2027-02-05,2027-02-05T00:00:00+00:00,VfB Stuttgart,TSG Hoffenheim,,spreads,,,,,,,,,,,,,,,,,,unknown,,decimal,2026-09-18T10:07:51+00:00,none_available,,False,False,unavailable,2026-09-18,"The Odds API is configured and reachable, but has not yet posted this market for this fixture (bookmakers open different markets at different times before kickoff) -- genuinely unavailable, not a collector failure."
BUNDESLIGA2627_MW20_179_VfBStuttgart_TSGHoffenheim,2026-27,20,2027-02-05,2027-02-05T00:00:00+00:00,VfB Stuttgart,TSG Hoffenheim,,totals,,,,,,,,,,,,,,,,,,unknown,,decimal,2026-09-18T10:07:51+00:00,none_available,,False,False,unavailable,2026-09-18,"The Odds API is configured and reachable, but has not yet posted this market for this fixture (bookmakers open different markets at different times before kickoff) -- genuinely unavailable, not a collector failure."
BUNDESLIGA2627_MW20_180_FCBayernMünchen_SVElversberg,2026-27,20,2027-02-05,2027-02-05T00:00:00+00:00,FC Bayern München,SV Elversberg,,h2h,,,,,,,,,,,,,,,,,,unknown,,decimal,2026-09-18T10:07:51+00:00,none_available,,False,False,unavailable,2026-09-18,"The Odds API is configured and reachable, but has not yet posted this market for this fixture (bookmakers open different markets at different times before kickoff) -- genuinely unavailable, not a collector failure."
BUNDESLIGA2627_MW20_180_FCBayernMünchen_SVElversberg,2026-27,20,2027-02-05,2027-02-05T00:00:00+00:00,FC Bayern München,SV Elversberg,,spreads,,,,,,,,,,,,,,,,,,unknown,,decimal,2026-09-18T10:07:51+00:00,none_available,,False,False,unavailable,2026-09-18,"The Odds API is configured and reachable, but has not yet posted this market for this fixture (bookmakers open different markets at different times before kickoff) -- genuinely unavailable, not a collector failure."
BUNDESLIGA2627_MW20_180_FCBayernMünchen_SVElversberg,2026-27,20,2027-02-05,2027-02-05T00:00:00+00:00,FC Bayern München,SV Elversberg,,totals,,,,,,,,,,,,,,,,,,unknown,,decimal,2026-09-18T10:07:51+00:00,none_available,,False,False,unavailable,2026-09-18,"The Odds API is configured and reachable, but has not yet posted this market for this fixture (bookmakers open different markets at different times before kickoff) -- genuinely unavailable, not a collector failure."
BUNDESLIGA2627_MW21_181_SVElversberg_FCSchalke04,2026-27,21,2027-02-12,2027-02-12T00:00:00+00:00,SV Elversberg,FC Schalke 04,,h2h,,,,,,,,,,,,,,,,,,unknown,,decimal,2026-09-18T10:07:51+00:00,none_available,,False,False,unavailable,2026-09-18,"The Odds API is configured and reachable, but has not yet posted this market for this fixture (bookmakers open different markets at different times before kickoff) -- genuinely unavailable, not a collector failure."
BUNDESLIGA2627_MW21_181_SVElversberg_FCSchalke04,2026-27,21,2027-02-12,2027-02-12T00:00:00+00:00,SV Elversberg,FC Schalke 04,,spreads,,,,,,,,,,,,,,,,,,unknown,,decimal,2026-09-18T10:07:51+00:00,none_available,,False,False,unavailable,2026-09-18,"The Odds API is configured and reachable, but has not yet posted this market for this fixture (bookmakers open different markets at different times before kickoff) -- genuinely unavailable, not a collector failure."
BUNDESLIGA2627_MW21_181_SVElversberg_FCSchalke04,2026-27,21,2027-02-12,2027-02-12T00:00:00+00:00,SV Elversberg,FC Schalke 04,,totals,,,,,,,,,,,,,,,,,,unknown,,decimal,2026-09-18T10:07:51+00:00,none_available,,False,False,unavailable,2026-09-18,"The Odds API is configured and reachable, but has not yet posted this market for this fixture (bookmakers open different markets at different times before kickoff) -- genuinely unavailable, not a collector failure."
BUNDESLIGA2627_MW21_182_1.FCKöln_HamburgerSV,2026-27,21,2027-02-12,2027-02-12T00:00:00+00:00,1. FC Köln,Hamburger SV,,h2h,,,,,,,,,,,,,,,,,,unknown,,decimal,2026-09-18T10:07:51+00:00,none_available,,False,False,unavailable,2026-09-18,"The Odds API is configured and reachable, but has not yet posted this market for this fixture (bookmakers open different markets at different times before kickoff) -- genuinely unavailable, not a collector failure."
BUNDESLIGA2627_MW21_182_1.FCKöln_HamburgerSV,2026-27,21,2027-02-12,2027-02-12T00:00:00+00:00,1. FC Köln,Hamburger SV,,spreads,,,,,,,,,,,,,,,,,,unknown,,decimal,2026-09-18T10:07:51+00:00,none_available,,False,False,unavailable,2026-09-18,"The Odds API is configured and reachable, but has not yet posted this market for this fixture (bookmakers open different markets at different times before kickoff) -- genuinely unavailable, not a collector failure."
BUNDESLIGA2627_MW21_182_1.FCKöln_HamburgerSV,2026-27,21,2027-02-12,2027-02-12T00:00:00+00:00,1. FC Köln,Hamburger SV,,totals,,,,,,,,,,,,,,,,,,unknown,,decimal,2026-09-18T10:07:51+00:00,none_available,,False,False,unavailable,2026-09-18,"The Odds API is configured and reachable, but has not yet posted this market for this fixture (bookmakers open different markets at different times before kickoff) -- genuinely unavailable, not a collector failure."
BUNDESLIGA2627_MW21_183_1.FCUnionBerlin_FCBayernMünchen,2026-27,21,2027-02-12,2027-02-12T00:00:00+00:00,1. FC Union Berlin,FC Bayern München,,h2h,,,,,,,,,,,,,,,,,,unknown,,decimal,2026-09-18T10:07:51+00:00,none_available,,False,False,unavailable,2026-09-18,"The Odds API is configured and reachable, but has not yet posted this market for this fixture (bookmakers open different markets at different times before kickoff) -- genuinely unavailable, not a collector failure."
BUNDESLIGA2627_MW21_183_1.FCUnionBerlin_FCBayernMünchen,2026-27,21,2027-02-12,2027-02-12T00:00:00+00:00,1. FC Union Berlin,FC Bayern München,,spreads,,,,,,,,,,,,,,,,,,unknown,,decimal,2026-09-18T10:07:51+00:00,none_available,,False,False,unavailable,2026-09-18,"The Odds API is configured and reachable, but has not yet posted this market for this fixture (bookmakers open different markets at different times before kickoff) -- genuinely unavailable, not a collector failure."
BUNDESLIGA2627_MW21_183_1.FCUnionBerlin_FCBayernMünchen,2026-27,21,2027-02-12,2027-02-12T00:00:00+00:00,1. FC Union Berlin,FC Bayern München,,totals,,,,,,,,,,,,,,,,,,unknown,,decimal,2026-09-18T10:07:51+00:00,none_available,,False,False,unavailable,2026-09-18,"The Odds API is configured and reachable, but has not yet posted this market for this fixture (bookmakers open different markets at different times before kickoff) -- genuinely unavailable, not a collector failure."
BUNDESLIGA2627_MW21_184_1.FSVMainz05_BorussiaMönchengladbach,2026-27,21,2027-02-12,2027-02-12T00:00:00+00:00,1. FSV Mainz 05,Borussia Mönchengladbach,,h2h,,,,,,,,,,,,,,,,,,unknown,,decimal,2026-09-18T10:07:51+00:00,none_available,,False,False,unavailable,2026-09-18,"The Odds API is configured and reachable, but has not yet posted this market for this fixture (bookmakers open different markets at different times before kickoff) -- genuinely unavailable, not a collector failure."
BUNDESLIGA2627_MW21_184_1.FSVMainz05_BorussiaMönchengladbach,2026-27,21,2027-02-12,2027-02-12T00:00:00+00:00,1. FSV Mainz 05,Borussia Mönchengladbach,,spreads,,,,,,,,,,,,,,,,,,unknown,,decimal,2026-09-18T10:07:51+00:00,none_available,,False,False,unavailable,2026-09-18,"The Odds API is configured and reachable, but has not yet posted this market for this fixture (bookmakers open different markets at different times before kickoff) -- genuinely unavailable, not a collector failure."
BUNDESLIGA2627_MW21_184_1.FSVMainz05_BorussiaMönchengladbach,2026-27,21,2027-02-12,2027-02-12T00:00:00+00:00,1. FSV Mainz 05,Borussia Mönchengladbach,,totals,,,,,,,,,,,,,,,,,,unknown,,decimal,2026-09-18T10:07:51+00:00,none_available,,False,False,unavailable,2026-09-18,"The Odds API is configured and reachable, but has not yet posted this market for this fixture (bookmakers open different markets at different times before kickoff) -- genuinely unavailable, not a collector failure."
BUNDESLIGA2627_MW21_185_FCAugsburg_SVWerderBremen,2026-27,21,2027-02-12,2027-02-12T00:00:00+00:00,FC Augsburg,SV Werder Bremen,,h2h,,,,,,,,,,,,,,,,,,unknown,,decimal,2026-09-18T10:07:51+00:00,none_available,,False,False,unavailable,2026-09-18,"The Odds API is configured and reachable, but has not yet posted this market for this fixture (bookmakers open different markets at different times before kickoff) -- genuinely unavailable, not a collector failure."
BUNDESLIGA2627_MW21_185_FCAugsburg_SVWerderBremen,2026-27,21,2027-02-12,2027-02-12T00:00:00+00:00,FC Augsburg,SV Werder Bremen,,spreads,,,,,,,,,,,,,,,,,,unknown,,decimal,2026-09-18T10:07:51+00:00,none_available,,False,False,unavailable,2026-09-18,"The Odds API is configured and reachable, but has not yet posted this market for this fixture (bookmakers open different markets at different times before kickoff) -- genuinely unavailable, not a collector failure."
BUNDESLIGA2627_MW21_185_FCAugsburg_SVWerderBremen,2026-27,21,2027-02-12,2027-02-12T00:00:00+00:00,FC Augsburg,SV Werder Bremen,,totals,,,,,,,,,,,,,,,,,,unknown,,decimal,2026-09-18T10:07:51+00:00,none_available,,False,False,unavailable,2026-09-18,"The Odds API is configured and reachable, but has not yet posted this market for this fixture (bookmakers open different markets at different times before kickoff) -- genuinely unavailable, not a collector failure."
BUNDESLIGA2627_MW21_186_Sport-ClubFreiburg_EintrachtFrankfurt,2026-27,21,2027-02-12,2027-02-12T00:00:00+00:00,Sport-Club Freiburg,Eintracht Frankfurt,,h2h,,,,,,,,,,,,,,,,,,unknown,,decimal,2026-09-18T10:07:51+00:00,none_available,,False,False,unavailable,2026-09-18,"The Odds API is configured and reachable, but has not yet posted this market for this fixture (bookmakers open different markets at different times before kickoff) -- genuinely unavailable, not a collector failure."
BUNDESLIGA2627_MW21_186_Sport-ClubFreiburg_EintrachtFrankfurt,2026-27,21,2027-02-12,2027-02-12T00:00:00+00:00,Sport-Club Freiburg,Eintracht Frankfurt,,spreads,,,,,,,,,,,,,,,,,,unknown,,decimal,2026-09-18T10:07:51+00:00,none_available,,False,False,unavailable,2026-09-18,"The Odds API is configured and reachable, but has not yet posted this market for this fixture (bookmakers open different markets at different times before kickoff) -- genuinely unavailable, not a collector failure."
BUNDESLIGA2627_MW21_186_Sport-ClubFreiburg_EintrachtFrankfurt,2026-27,21,2027-02-12,2027-02-12T00:00:00+00:00,Sport-Club Freiburg,Eintracht Frankfurt,,totals,,,,,,,,,,,,,,,,,,unknown,,decimal,2026-09-18T10:07:51+00:00,none_available,,False,False,unavailable,2026-09-18,"The Odds API is configured and reachable, but has not yet posted this market for this fixture (bookmakers open different markets at different times before kickoff) -- genuinely unavailable, not a collector failure."
BUNDESLIGA2627_MW21_187_TSGHoffenheim_SCPaderborn07,2026-27,21,2027-02-12,2027-02-12T00:00:00+00:00,TSG Hoffenheim,SC Paderborn 07,,h2h,,,,,,,,,,,,,,,,,,unknown,,decimal,2026-09-18T10:07:51+00:00,none_available,,False,False,unavailable,2026-09-18,"The Odds API is configured and reachable, but has not yet posted this market for this fixture (bookmakers open different markets at different times before kickoff) -- genuinely unavailable, not a collector failure."
BUNDESLIGA2627_MW21_187_TSGHoffenheim_SCPaderborn07,2026-27,21,2027-02-12,2027-02-12T00:00:00+00:00,TSG Hoffenheim,SC Paderborn 07,,spreads,,,,,,,,,,,,,,,,,,unknown,,decimal,2026-09-18T10:07:51+00:00,none_available,,False,False,unavailable,2026-09-18,"The Odds API is configured and reachable, but has not yet posted this market for this fixture (bookmakers open different markets at different times before kickoff) -- genuinely unavailable, not a collector failure."
BUNDESLIGA2627_MW21_187_TSGHoffenheim_SCPaderborn07,2026-27,21,2027-02-12,2027-02-12T00:00:00+00:00,TSG Hoffenheim,SC Paderborn 07,,totals,,,,,,,,,,,,,,,,,,unknown,,decimal,2026-09-18T10:07:51+00:00,none_available,,False,False,unavailable,2026-09-18,"The Odds API is configured and reachable, but has not yet posted this market for this fixture (bookmakers open different markets at different times before kickoff) -- genuinely unavailable, not a collector failure."
BUNDESLIGA2627_MW21_188_RBLeipzig_Bayer04Leverkusen,2026-27,21,2027-02-12,2027-02-12T00:00:00+00:00,RB Leipzig,Bayer 04 Leverkusen,,h2h,,,,,,,,,,,,,,,,,,unknown,,decimal,2026-09-18T10:07:51+00:00,none_available,,False,False,unavailable,2026-09-18,"The Odds API is configured and reachable, but has not yet posted this market for this fixture (bookmakers open different markets at different times before kickoff) -- genuinely unavailable, not a collector failure."
BUNDESLIGA2627_MW21_188_RBLeipzig_Bayer04Leverkusen,2026-27,21,2027-02-12,2027-02-12T00:00:00+00:00,RB Leipzig,Bayer 04 Leverkusen,,spreads,,,,,,,,,,,,,,,,,,unknown,,decimal,2026-09-18T10:07:51+00:00,none_available,,False,False,unavailable,2026-09-18,"The Odds API is configured and reachable, but has not yet posted this market for this fixture (bookmakers open different markets at different times before kickoff) -- genuinely unavailable, not a collector failure."
BUNDESLIGA2627_MW21_188_RBLeipzig_Bayer04Leverkusen,2026-27,21,2027-02-12,2027-02-12T00:00:00+00:00,RB Leipzig,Bayer 04 Leverkusen,,totals,,,,,,,,,,,,,,,,,,unknown,,decimal,2026-09-18T10:07:51+00:00,none_available,,False,False,unavailable,2026-09-18,"The Odds API is configured and reachable, but has not yet posted this market for this fixture (bookmakers open different markets at different times before kickoff) -- genuinely unavailable, not a collector failure."
BUNDESLIGA2627_MW21_189_BorussiaDortmund_VfBStuttgart,2026-27,21,2027-02-12,2027-02-12T00:00:00+00:00,Borussia Dortmund,VfB Stuttgart,,h2h,,,,,,,,,,,,,,,,,,unknown,,decimal,2026-09-18T10:07:51+00:00,none_available,,False,False,unavailable,2026-09-18,"The Odds API is configured and reachable, but has not yet posted this market for this fixture (bookmakers open different markets at different times before kickoff) -- genuinely unavailable, not a collector failure."
BUNDESLIGA2627_MW21_189_BorussiaDortmund_VfBStuttgart,2026-27,21,2027-02-12,2027-02-12T00:00:00+00:00,Borussia Dortmund,VfB Stuttgart,,spreads,,,,,,,,,,,,,,,,,,unknown,,decimal,2026-09-18T10:07:51+00:00,none_available,,False,False,unavailable,2026-09-18,"The Odds API is configured and reachable, but has not yet posted this market for this fixture (bookmakers open different markets at different times before kickoff) -- genuinely unavailable, not a collector failure."
BUNDESLIGA2627_MW21_189_BorussiaDortmund_VfBStuttgart,2026-27,21,2027-02-12,2027-02-12T00:00:00+00:00,Borussia Dortmund,VfB Stuttgart,,totals,,,,,,,,,,,,,,,,,,unknown,,decimal,2026-09-18T10:07:51+00:00,none_available,,False,False,unavailable,2026-09-18,"The Odds API is configured and reachable, but has not yet posted this market for this fixture (bookmakers open different markets at different times before kickoff) -- genuinely unavailable, not a collector failure."
BUNDESLIGA2627_MW22_190_SVElversberg_1.FCUnionBerlin,2026-27,22,2027-02-19,2027-02-19T00:00:00+00:00,SV Elversberg,1. FC Union Berlin,,h2h,,,,,,,,,,,,,,,,,,unknown,,decimal,2026-09-18T10:07:51+00:00,none_available,,False,False,unavailable,2026-09-18,"The Odds API is configured and reachable, but has not yet posted this market for this fixture (bookmakers open different markets at different times before kickoff) -- genuinely unavailable, not a collector failure."
BUNDESLIGA2627_MW22_190_SVElversberg_1.FCUnionBerlin,2026-27,22,2027-02-19,2027-02-19T00:00:00+00:00,SV Elversberg,1. FC Union Berlin,,spreads,,,,,,,,,,,,,,,,,,unknown,,decimal,2026-09-18T10:07:51+00:00,none_available,,False,False,unavailable,2026-09-18,"The Odds API is configured and reachable, but has not yet posted this market for this fixture (bookmakers open different markets at different times before kickoff) -- genuinely unavailable, not a collector failure."
BUNDESLIGA2627_MW22_190_SVElversberg_1.FCUnionBerlin,2026-27,22,2027-02-19,2027-02-19T00:00:00+00:00,SV Elversberg,1. FC Union Berlin,,totals,,,,,,,,,,,,,,,,,,unknown,,decimal,2026-09-18T10:07:51+00:00,none_available,,False,False,unavailable,2026-09-18,"The Odds API is configured and reachable, but has not yet posted this market for this fixture (bookmakers open different markets at different times before kickoff) -- genuinely unavailable, not a collector failure."
BUNDESLIGA2627_MW22_191_FCSchalke04_Sport-ClubFreiburg,2026-27,22,2027-02-19,2027-02-19T00:00:00+00:00,FC Schalke 04,Sport-Club Freiburg,,h2h,,,,,,,,,,,,,,,,,,unknown,,decimal,2026-09-18T10:07:51+00:00,none_available,,False,False,unavailable,2026-09-18,"The Odds API is configured and reachable, but has not yet posted this market for this fixture (bookmakers open different markets at different times before kickoff) -- genuinely unavailable, not a collector failure."
BUNDESLIGA2627_MW22_191_FCSchalke04_Sport-ClubFreiburg,2026-27,22,2027-02-19,2027-02-19T00:00:00+00:00,FC Schalke 04,Sport-Club Freiburg,,spreads,,,,,,,,,,,,,,,,,,unknown,,decimal,2026-09-18T10:07:51+00:00,none_available,,False,False,unavailable,2026-09-18,"The Odds API is configured and reachable, but has not yet posted this market for this fixture (bookmakers open different markets at different times before kickoff) -- genuinely unavailable, not a collector failure."
BUNDESLIGA2627_MW22_191_FCSchalke04_Sport-ClubFreiburg,2026-27,22,2027-02-19,2027-02-19T00:00:00+00:00,FC Schalke 04,Sport-Club Freiburg,,totals,,,,,,,,,,,,,,,,,,unknown,,decimal,2026-09-18T10:07:51+00:00,none_available,,False,False,unavailable,2026-09-18,"The Odds API is configured and reachable, but has not yet posted this market for this fixture (bookmakers open different markets at different times before kickoff) -- genuinely unavailable, not a collector failure."
BUNDESLIGA2627_MW22_192_SVWerderBremen_BorussiaDortmund,2026-27,22,2027-02-19,2027-02-19T00:00:00+00:00,SV Werder Bremen,Borussia Dortmund,,h2h,,,,,,,,,,,,,,,,,,unknown,,decimal,2026-09-18T10:07:51+00:00,none_available,,False,False,unavailable,2026-09-18,"The Odds API is configured and reachable, but has not yet posted this market for this fixture (bookmakers open different markets at different times before kickoff) -- genuinely unavailable, not a collector failure."
BUNDESLIGA2627_MW22_192_SVWerderBremen_BorussiaDortmund,2026-27,22,2027-02-19,2027-02-19T00:00:00+00:00,SV Werder Bremen,Borussia Dortmund,,spreads,,,,,,,,,,,,,,,,,,unknown,,decimal,2026-09-18T10:07:51+00:00,none_available,,False,False,unavailable,2026-09-18,"The Odds API is configured and reachable, but has not yet posted this market for this fixture (bookmakers open different markets at different times before kickoff) -- genuinely unavailable, not a collector failure."
BUNDESLIGA2627_MW22_192_SVWerderBremen_BorussiaDortmund,2026-27,22,2027-02-19,2027-02-19T00:00:00+00:00,SV Werder Bremen,Borussia Dortmund,,totals,,,,,,,,,,,,,,,,,,unknown,,decimal,2026-09-18T10:07:51+00:00,none_available,,False,False,unavailable,2026-09-18,"The Odds API is configured and reachable, but has not yet posted this market for this fixture (bookmakers open different markets at different times before kickoff) -- genuinely unavailable, not a collector failure."
BUNDESLIGA2627_MW22_193_HamburgerSV_TSGHoffenheim,2026-27,22,2027-02-19,2027-02-19T00:00:00+00:00,Hamburger SV,TSG Hoffenheim,,h2h,,,,,,,,,,,,,,,,,,unknown,,decimal,2026-09-18T10:07:51+00:00,none_available,,False,False,unavailable,2026-09-18,"The Odds API is configured and reachable, but has not yet posted this market for this fixture (bookmakers open different markets at different times before kickoff) -- genuinely unavailable, not a collector failure."
BUNDESLIGA2627_MW22_193_HamburgerSV_TSGHoffenheim,2026-27,22,2027-02-19,2027-02-19T00:00:00+00:00,Hamburger SV,TSG Hoffenheim,,spreads,,,,,,,,,,,,,,,,,,unknown,,decimal,2026-09-18T10:07:51+00:00,none_available,,False,False,unavailable,2026-09-18,"The Odds API is configured and reachable, but has not yet posted this market for this fixture (bookmakers open different markets at different times before kickoff) -- genuinely unavailable, not a collector failure."
BUNDESLIGA2627_MW22_193_HamburgerSV_TSGHoffenheim,2026-27,22,2027-02-19,2027-02-19T00:00:00+00:00,Hamburger SV,TSG Hoffenheim,,totals,,,,,,,,,,,,,,,,,,unknown,,decimal,2026-09-18T10:07:51+00:00,none_available,,False,False,unavailable,2026-09-18,"The Odds API is configured and reachable, but has not yet posted this market for this fixture (bookmakers open different markets at different times before kickoff) -- genuinely unavailable, not a collector failure."
BUNDESLIGA2627_MW22_194_BorussiaMönchengladbach_1.FCKöln,2026-27,22,2027-02-19,2027-02-19T00:00:00+00:00,Borussia Mönchengladbach,1. FC Köln,,h2h,,,,,,,,,,,,,,,,,,unknown,,decimal,2026-09-18T10:07:51+00:00,none_available,,False,False,unavailable,2026-09-18,"The Odds API is configured and reachable, but has not yet posted this market for this fixture (bookmakers open different markets at different times before kickoff) -- genuinely unavailable, not a collector failure."
BUNDESLIGA2627_MW22_194_BorussiaMönchengladbach_1.FCKöln,2026-27,22,2027-02-19,2027-02-19T00:00:00+00:00,Borussia Mönchengladbach,1. FC Köln,,spreads,,,,,,,,,,,,,,,,,,unknown,,decimal,2026-09-18T10:07:51+00:00,none_available,,False,False,unavailable,2026-09-18,"The Odds API is configured and reachable, but has not yet posted this market for this fixture (bookmakers open different markets at different times before kickoff) -- genuinely unavailable, not a collector failure."
BUNDESLIGA2627_MW22_194_BorussiaMönchengladbach_1.FCKöln,2026-27,22,2027-02-19,2027-02-19T00:00:00+00:00,Borussia Mönchengladbach,1. FC Köln,,totals,,,,,,,,,,,,,,,,,,unknown,,decimal,2026-09-18T10:07:51+00:00,none_available,,False,False,unavailable,2026-09-18,"The Odds API is configured and reachable, but has not yet posted this market for this fixture (bookmakers open different markets at different times before kickoff) -- genuinely unavailable, not a collector failure."
BUNDESLIGA2627_MW22_195_EintrachtFrankfurt_RBLeipzig,2026-27,22,2027-02-19,2027-02-19T00:00:00+00:00,Eintracht Frankfurt,RB Leipzig,,h2h,,,,,,,,,,,,,,,,,,unknown,,decimal,2026-09-18T10:07:51+00:00,none_available,,False,False,unavailable,2026-09-18,"The Odds API is configured and reachable, but has not yet posted this market for this fixture (bookmakers open different markets at different times before kickoff) -- genuinely unavailable, not a collector failure."
BUNDESLIGA2627_MW22_195_EintrachtFrankfurt_RBLeipzig,2026-27,22,2027-02-19,2027-02-19T00:00:00+00:00,Eintracht Frankfurt,RB Leipzig,,spreads,,,,,,,,,,,,,,,,,,unknown,,decimal,2026-09-18T10:07:51+00:00,none_available,,False,False,unavailable,2026-09-18,"The Odds API is configured and reachable, but has not yet posted this market for this fixture (bookmakers open different markets at different times before kickoff) -- genuinely unavailable, not a collector failure."
BUNDESLIGA2627_MW22_195_EintrachtFrankfurt_RBLeipzig,2026-27,22,2027-02-19,2027-02-19T00:00:00+00:00,Eintracht Frankfurt,RB Leipzig,,totals,,,,,,,,,,,,,,,,,,unknown,,decimal,2026-09-18T10:07:51+00:00,none_available,,False,False,unavailable,2026-09-18,"The Odds API is configured and reachable, but has not yet posted this market for this fixture (bookmakers open different markets at different times before kickoff) -- genuinely unavailable, not a collector failure."
BUNDESLIGA2627_MW22_196_Bayer04Leverkusen_1.FSVMainz05,2026-27,22,2027-02-19,2027-02-19T00:00:00+00:00,Bayer 04 Leverkusen,1. FSV Mainz 05,,h2h,,,,,,,,,,,,,,,,,,unknown,,decimal,2026-09-18T10:07:51+00:00,none_available,,False,False,unavailable,2026-09-18,"The Odds API is configured and reachable, but has not yet posted this market for this fixture (bookmakers open different markets at different times before kickoff) -- genuinely unavailable, not a collector failure."
BUNDESLIGA2627_MW22_196_Bayer04Leverkusen_1.FSVMainz05,2026-27,22,2027-02-19,2027-02-19T00:00:00+00:00,Bayer 04 Leverkusen,1. FSV Mainz 05,,spreads,,,,,,,,,,,,,,,,,,unknown,,decimal,2026-09-18T10:07:51+00:00,none_available,,False,False,unavailable,2026-09-18,"The Odds API is configured and reachable, but has not yet posted this market for this fixture (bookmakers open different markets at different times before kickoff) -- genuinely unavailable, not a collector failure."
BUNDESLIGA2627_MW22_196_Bayer04Leverkusen_1.FSVMainz05,2026-27,22,2027-02-19,2027-02-19T00:00:00+00:00,Bayer 04 Leverkusen,1. FSV Mainz 05,,totals,,,,,,,,,,,,,,,,,,unknown,,decimal,2026-09-18T10:07:51+00:00,none_available,,False,False,unavailable,2026-09-18,"The Odds API is configured and reachable, but has not yet posted this market for this fixture (bookmakers open different markets at different times before kickoff) -- genuinely unavailable, not a collector failure."
BUNDESLIGA2627_MW22_197_VfBStuttgart_SCPaderborn07,2026-27,22,2027-02-19,2027-02-19T00:00:00+00:00,VfB Stuttgart,SC Paderborn 07,,h2h,,,,,,,,,,,,,,,,,,unknown,,decimal,2026-09-18T10:07:51+00:00,none_available,,False,False,unavailable,2026-09-18,"The Odds API is configured and reachable, but has not yet posted this market for this fixture (bookmakers open different markets at different times before kickoff) -- genuinely unavailable, not a collector failure."
BUNDESLIGA2627_MW22_197_VfBStuttgart_SCPaderborn07,2026-27,22,2027-02-19,2027-02-19T00:00:00+00:00,VfB Stuttgart,SC Paderborn 07,,spreads,,,,,,,,,,,,,,,,,,unknown,,decimal,2026-09-18T10:07:51+00:00,none_available,,False,False,unavailable,2026-09-18,"The Odds API is configured and reachable, but has not yet posted this market for this fixture (bookmakers open different markets at different times before kickoff) -- genuinely unavailable, not a collector failure."
BUNDESLIGA2627_MW22_197_VfBStuttgart_SCPaderborn07,2026-27,22,2027-02-19,2027-02-19T00:00:00+00:00,VfB Stuttgart,SC Paderborn 07,,totals,,,,,,,,,,,,,,,,,,unknown,,decimal,2026-09-18T10:07:51+00:00,none_available,,False,False,unavailable,2026-09-18,"The Odds API is configured and reachable, but has not yet posted this market for this fixture (bookmakers open different markets at different times before kickoff) -- genuinely unavailable, not a collector failure."
BUNDESLIGA2627_MW22_198_FCBayernMünchen_FCAugsburg,2026-27,22,2027-02-19,2027-02-19T00:00:00+00:00,FC Bayern München,FC Augsburg,,h2h,,,,,,,,,,,,,,,,,,unknown,,decimal,2026-09-18T10:07:51+00:00,none_available,,False,False,unavailable,2026-09-18,"The Odds API is configured and reachable, but has not yet posted this market for this fixture (bookmakers open different markets at different times before kickoff) -- genuinely unavailable, not a collector failure."
BUNDESLIGA2627_MW22_198_FCBayernMünchen_FCAugsburg,2026-27,22,2027-02-19,2027-02-19T00:00:00+00:00,FC Bayern München,FC Augsburg,,spreads,,,,,,,,,,,,,,,,,,unknown,,decimal,2026-09-18T10:07:51+00:00,none_available,,False,False,unavailable,2026-09-18,"The Odds API is configured and reachable, but has not yet posted this market for this fixture (bookmakers open different markets at different times before kickoff) -- genuinely unavailable, not a collector failure."
BUNDESLIGA2627_MW22_198_FCBayernMünchen_FCAugsburg,2026-27,22,2027-02-19,2027-02-19T00:00:00+00:00,FC Bayern München,FC Augsburg,,totals,,,,,,,,,,,,,,,,,,unknown,,decimal,2026-09-18T10:07:51+00:00,none_available,,False,False,unavailable,2026-09-18,"The Odds API is configured and reachable, but has not yet posted this market for this fixture (bookmakers open different markets at different times before kickoff) -- genuinely unavailable, not a collector failure."
BUNDESLIGA2627_MW23_199_SCPaderborn07_SVWerderBremen,2026-27,23,2027-02-26,2027-02-26T00:00:00+00:00,SC Paderborn 07,SV Werder Bremen,,h2h,,,,,,,,,,,,,,,,,,unknown,,decimal,2026-09-18T10:07:51+00:00,none_available,,False,False,unavailable,2026-09-18,"The Odds API is configured and reachable, but has not yet posted this market for this fixture (bookmakers open different markets at different times before kickoff) -- genuinely unavailable, not a collector failure."
BUNDESLIGA2627_MW23_199_SCPaderborn07_SVWerderBremen,2026-27,23,2027-02-26,2027-02-26T00:00:00+00:00,SC Paderborn 07,SV Werder Bremen,,spreads,,,,,,,,,,,,,,,,,,unknown,,decimal,2026-09-18T10:07:51+00:00,none_available,,False,False,unavailable,2026-09-18,"The Odds API is configured and reachable, but has not yet posted this market for this fixture (bookmakers open different markets at different times before kickoff) -- genuinely unavailable, not a collector failure."
BUNDESLIGA2627_MW23_199_SCPaderborn07_SVWerderBremen,2026-27,23,2027-02-26,2027-02-26T00:00:00+00:00,SC Paderborn 07,SV Werder Bremen,,totals,,,,,,,,,,,,,,,,,,unknown,,decimal,2026-09-18T10:07:51+00:00,none_available,,False,False,unavailable,2026-09-18,"The Odds API is configured and reachable, but has not yet posted this market for this fixture (bookmakers open different markets at different times before kickoff) -- genuinely unavailable, not a collector failure."
BUNDESLIGA2627_MW23_200_1.FCKöln_EintrachtFrankfurt,2026-27,23,2027-02-26,2027-02-26T00:00:00+00:00,1. FC Köln,Eintracht Frankfurt,,h2h,,,,,,,,,,,,,,,,,,unknown,,decimal,2026-09-18T10:07:51+00:00,none_available,,False,False,unavailable,2026-09-18,"The Odds API is configured and reachable, but has not yet posted this market for this fixture (bookmakers open different markets at different times before kickoff) -- genuinely unavailable, not a collector failure."
BUNDESLIGA2627_MW23_200_1.FCKöln_EintrachtFrankfurt,2026-27,23,2027-02-26,2027-02-26T00:00:00+00:00,1. FC Köln,Eintracht Frankfurt,,spreads,,,,,,,,,,,,,,,,,,unknown,,decimal,2026-09-18T10:07:51+00:00,none_available,,False,False,unavailable,2026-09-18,"The Odds API is configured and reachable, but has not yet posted this market for this fixture (bookmakers open different markets at different times before kickoff) -- genuinely unavailable, not a collector failure."
BUNDESLIGA2627_MW23_200_1.FCKöln_EintrachtFrankfurt,2026-27,23,2027-02-26,2027-02-26T00:00:00+00:00,1. FC Köln,Eintracht Frankfurt,,totals,,,,,,,,,,,,,,,,,,unknown,,decimal,2026-09-18T10:07:51+00:00,none_available,,False,False,unavailable,2026-09-18,"The Odds API is configured and reachable, but has not yet posted this market for this fixture (bookmakers open different markets at different times before kickoff) -- genuinely unavailable, not a collector failure."
BUNDESLIGA2627_MW23_201_1.FSVMainz05_FCSchalke04,2026-27,23,2027-02-26,2027-02-26T00:00:00+00:00,1. FSV Mainz 05,FC Schalke 04,,h2h,,,,,,,,,,,,,,,,,,unknown,,decimal,2026-09-18T10:07:51+00:00,none_available,,False,False,unavailable,2026-09-18,"The Odds API is configured and reachable, but has not yet posted this market for this fixture (bookmakers open different markets at different times before kickoff) -- genuinely unavailable, not a collector failure."
BUNDESLIGA2627_MW23_201_1.FSVMainz05_FCSchalke04,2026-27,23,2027-02-26,2027-02-26T00:00:00+00:00,1. FSV Mainz 05,FC Schalke 04,,spreads,,,,,,,,,,,,,,,,,,unknown,,decimal,2026-09-18T10:07:51+00:00,none_available,,False,False,unavailable,2026-09-18,"The Odds API is configured and reachable, but has not yet posted this market for this fixture (bookmakers open different markets at different times before kickoff) -- genuinely unavailable, not a collector failure."
BUNDESLIGA2627_MW23_201_1.FSVMainz05_FCSchalke04,2026-27,23,2027-02-26,2027-02-26T00:00:00+00:00,1. FSV Mainz 05,FC Schalke 04,,totals,,,,,,,,,,,,,,,,,,unknown,,decimal,2026-09-18T10:07:51+00:00,none_available,,False,False,unavailable,2026-09-18,"The Odds API is configured and reachable, but has not yet posted this market for this fixture (bookmakers open different markets at different times before kickoff) -- genuinely unavailable, not a collector failure."
BUNDESLIGA2627_MW23_202_FCAugsburg_SVElversberg,2026-27,23,2027-02-26,2027-02-26T00:00:00+00:00,FC Augsburg,SV Elversberg,,h2h,,,,,,,,,,,,,,,,,,unknown,,decimal,2026-09-18T10:07:51+00:00,none_available,,False,False,unavailable,2026-09-18,"The Odds API is configured and reachable, but has not yet posted this market for this fixture (bookmakers open different markets at different times before kickoff) -- genuinely unavailable, not a collector failure."
BUNDESLIGA2627_MW23_202_FCAugsburg_SVElversberg,2026-27,23,2027-02-26,2027-02-26T00:00:00+00:00,FC Augsburg,SV Elversberg,,spreads,,,,,,,,,,,,,,,,,,unknown,,decimal,2026-09-18T10:07:51+00:00,none_available,,False,False,unavailable,2026-09-18,"The Odds API is configured and reachable, but has not yet posted this market for this fixture (bookmakers open different markets at different times before kickoff) -- genuinely unavailable, not a collector failure."
BUNDESLIGA2627_MW23_202_FCAugsburg_SVElversberg,2026-27,23,2027-02-26,2027-02-26T00:00:00+00:00,FC Augsburg,SV Elversberg,,totals,,,,,,,,,,,,,,,,,,unknown,,decimal,2026-09-18T10:07:51+00:00,none_available,,False,False,unavailable,2026-09-18,"The Odds API is configured and reachable, but has not yet posted this market for this fixture (bookmakers open different markets at different times before kickoff) -- genuinely unavailable, not a collector failure."
BUNDESLIGA2627_MW23_203_Sport-ClubFreiburg_Bayer04Leverkusen,2026-27,23,2027-02-26,2027-02-26T00:00:00+00:00,Sport-Club Freiburg,Bayer 04 Leverkusen,,h2h,,,,,,,,,,,,,,,,,,unknown,,decimal,2026-09-18T10:07:51+00:00,none_available,,False,False,unavailable,2026-09-18,"The Odds API is configured and reachable, but has not yet posted this market for this fixture (bookmakers open different markets at different times before kickoff) -- genuinely unavailable, not a collector failure."
BUNDESLIGA2627_MW23_203_Sport-ClubFreiburg_Bayer04Leverkusen,2026-27,23,2027-02-26,2027-02-26T00:00:00+00:00,Sport-Club Freiburg,Bayer 04 Leverkusen,,spreads,,,,,,,,,,,,,,,,,,unknown,,decimal,2026-09-18T10:07:51+00:00,none_available,,False,False,unavailable,2026-09-18,"The Odds API is configured and reachable, but has not yet posted this market for this fixture (bookmakers open different markets at different times before kickoff) -- genuinely unavailable, not a collector failure."
BUNDESLIGA2627_MW23_203_Sport-ClubFreiburg_Bayer04Leverkusen,2026-27,23,2027-02-26,2027-02-26T00:00:00+00:00,Sport-Club Freiburg,Bayer 04 Leverkusen,,totals,,,,,,,,,,,,,,,,,,unknown,,decimal,2026-09-18T10:07:51+00:00,none_available,,False,False,unavailable,2026-09-18,"The Odds API is configured and reachable, but has not yet posted this market for this fixture (bookmakers open different markets at different times before kickoff) -- genuinely unavailable, not a collector failure."
BUNDESLIGA2627_MW23_204_TSGHoffenheim_BorussiaMönchengladbach,2026-27,23,2027-02-26,2027-02-26T00:00:00+00:00,TSG Hoffenheim,Borussia Mönchengladbach,,h2h,,,,,,,,,,,,,,,,,,unknown,,decimal,2026-09-18T10:07:51+00:00,none_available,,False,False,unavailable,2026-09-18,"The Odds API is configured and reachable, but has not yet posted this market for this fixture (bookmakers open different markets at different times before kickoff) -- genuinely unavailable, not a collector failure."
BUNDESLIGA2627_MW23_204_TSGHoffenheim_BorussiaMönchengladbach,2026-27,23,2027-02-26,2027-02-26T00:00:00+00:00,TSG Hoffenheim,Borussia Mönchengladbach,,spreads,,,,,,,,,,,,,,,,,,unknown,,decimal,2026-09-18T10:07:51+00:00,none_available,,False,False,unavailable,2026-09-18,"The Odds API is configured and reachable, but has not yet posted this market for this fixture (bookmakers open different markets at different times before kickoff) -- genuinely unavailable, not a collector failure."
BUNDESLIGA2627_MW23_204_TSGHoffenheim_BorussiaMönchengladbach,2026-27,23,2027-02-26,2027-02-26T00:00:00+00:00,TSG Hoffenheim,Borussia Mönchengladbach,,totals,,,,,,,,,,,,,,,,,,unknown,,decimal,2026-09-18T10:07:51+00:00,none_available,,False,False,unavailable,2026-09-18,"The Odds API is configured and reachable, but has not yet posted this market for this fixture (bookmakers open different markets at different times before kickoff) -- genuinely unavailable, not a collector failure."
BUNDESLIGA2627_MW23_205_VfBStuttgart_HamburgerSV,2026-27,23,2027-02-26,2027-02-26T00:00:00+00:00,VfB Stuttgart,Hamburger SV,,h2h,,,,,,,,,,,,,,,,,,unknown,,decimal,2026-09-18T10:07:51+00:00,none_available,,False,False,unavailable,2026-09-18,"The Odds API is configured and reachable, but has not yet posted this market for this fixture (bookmakers open different markets at different times before kickoff) -- genuinely unavailable, not a collector failure."
BUNDESLIGA2627_MW23_205_VfBStuttgart_HamburgerSV,2026-27,23,2027-02-26,2027-02-26T00:00:00+00:00,VfB Stuttgart,Hamburger SV,,spreads,,,,,,,,,,,,,,,,,,unknown,,decimal,2026-09-18T10:07:51+00:00,none_available,,False,False,unavailable,2026-09-18,"The Odds API is configured and reachable, but has not yet posted this market for this fixture (bookmakers open different markets at different times before kickoff) -- genuinely unavailable, not a collector failure."
BUNDESLIGA2627_MW23_205_VfBStuttgart_HamburgerSV,2026-27,23,2027-02-26,2027-02-26T00:00:00+00:00,VfB Stuttgart,Hamburger SV,,totals,,,,,,,,,,,,,,,,,,unknown,,decimal,2026-09-18T10:07:51+00:00,none_available,,False,False,unavailable,2026-09-18,"The Odds API is configured and reachable, but has not yet posted this market for this fixture (bookmakers open different markets at different times before kickoff) -- genuinely unavailable, not a collector failure."
BUNDESLIGA2627_MW23_206_RBLeipzig_FCBayernMünchen,2026-27,23,2027-02-26,2027-02-26T00:00:00+00:00,RB Leipzig,FC Bayern München,,h2h,,,,,,,,,,,,,,,,,,unknown,,decimal,2026-09-18T10:07:51+00:00,none_available,,False,False,unavailable,2026-09-18,"The Odds API is configured and reachable, but has not yet posted this market for this fixture (bookmakers open different markets at different times before kickoff) -- genuinely unavailable, not a collector failure."
BUNDESLIGA2627_MW23_206_RBLeipzig_FCBayernMünchen,2026-27,23,2027-02-26,2027-02-26T00:00:00+00:00,RB Leipzig,FC Bayern München,,spreads,,,,,,,,,,,,,,,,,,unknown,,decimal,2026-09-18T10:07:51+00:00,none_available,,False,False,unavailable,2026-09-18,"The Odds API is configured and reachable, but has not yet posted this market for this fixture (bookmakers open different markets at different times before kickoff) -- genuinely unavailable, not a collector failure."
BUNDESLIGA2627_MW23_206_RBLeipzig_FCBayernMünchen,2026-27,23,2027-02-26,2027-02-26T00:00:00+00:00,RB Leipzig,FC Bayern München,,totals,,,,,,,,,,,,,,,,,,unknown,,decimal,2026-09-18T10:07:51+00:00,none_available,,False,False,unavailable,2026-09-18,"The Odds API is configured and reachable, but has not yet posted this market for this fixture (bookmakers open different markets at different times before kickoff) -- genuinely unavailable, not a collector failure."
BUNDESLIGA2627_MW23_207_BorussiaDortmund_1.FCUnionBerlin,2026-27,23,2027-02-26,2027-02-26T00:00:00+00:00,Borussia Dortmund,1. FC Union Berlin,,h2h,,,,,,,,,,,,,,,,,,unknown,,decimal,2026-09-18T10:07:51+00:00,none_available,,False,False,unavailable,2026-09-18,"The Odds API is configured and reachable, but has not yet posted this market for this fixture (bookmakers open different markets at different times before kickoff) -- genuinely unavailable, not a collector failure."
BUNDESLIGA2627_MW23_207_BorussiaDortmund_1.FCUnionBerlin,2026-27,23,2027-02-26,2027-02-26T00:00:00+00:00,Borussia Dortmund,1. FC Union Berlin,,spreads,,,,,,,,,,,,,,,,,,unknown,,decimal,2026-09-18T10:07:51+00:00,none_available,,False,False,unavailable,2026-09-18,"The Odds API is configured and reachable, but has not yet posted this market for this fixture (bookmakers open different markets at different times before kickoff) -- genuinely unavailable, not a collector failure."
BUNDESLIGA2627_MW23_207_BorussiaDortmund_1.FCUnionBerlin,2026-27,23,2027-02-26,2027-02-26T00:00:00+00:00,Borussia Dortmund,1. FC Union Berlin,,totals,,,,,,,,,,,,,,,,,,unknown,,decimal,2026-09-18T10:07:51+00:00,none_available,,False,False,unavailable,2026-09-18,"The Odds API is configured and reachable, but has not yet posted this market for this fixture (bookmakers open different markets at different times before kickoff) -- genuinely unavailable, not a collector failure."
BUNDESLIGA2627_MW24_208_SVElversberg_RBLeipzig,2026-27,24,2027-03-02,2027-03-02T00:00:00+00:00,SV Elversberg,RB Leipzig,,h2h,,,,,,,,,,,,,,,,,,unknown,,decimal,2026-09-18T10:07:51+00:00,none_available,,False,False,unavailable,2026-09-18,"The Odds API is configured and reachable, but has not yet posted this market for this fixture (bookmakers open different markets at different times before kickoff) -- genuinely unavailable, not a collector failure."
BUNDESLIGA2627_MW24_208_SVElversberg_RBLeipzig,2026-27,24,2027-03-02,2027-03-02T00:00:00+00:00,SV Elversberg,RB Leipzig,,spreads,,,,,,,,,,,,,,,,,,unknown,,decimal,2026-09-18T10:07:51+00:00,none_available,,False,False,unavailable,2026-09-18,"The Odds API is configured and reachable, but has not yet posted this market for this fixture (bookmakers open different markets at different times before kickoff) -- genuinely unavailable, not a collector failure."
BUNDESLIGA2627_MW24_208_SVElversberg_RBLeipzig,2026-27,24,2027-03-02,2027-03-02T00:00:00+00:00,SV Elversberg,RB Leipzig,,totals,,,,,,,,,,,,,,,,,,unknown,,decimal,2026-09-18T10:07:51+00:00,none_available,,False,False,unavailable,2026-09-18,"The Odds API is configured and reachable, but has not yet posted this market for this fixture (bookmakers open different markets at different times before kickoff) -- genuinely unavailable, not a collector failure."
BUNDESLIGA2627_MW24_209_FCSchalke04_1.FCKöln,2026-27,24,2027-03-02,2027-03-02T00:00:00+00:00,FC Schalke 04,1. FC Köln,,h2h,,,,,,,,,,,,,,,,,,unknown,,decimal,2026-09-18T10:07:51+00:00,none_available,,False,False,unavailable,2026-09-18,"The Odds API is configured and reachable, but has not yet posted this market for this fixture (bookmakers open different markets at different times before kickoff) -- genuinely unavailable, not a collector failure."
BUNDESLIGA2627_MW24_209_FCSchalke04_1.FCKöln,2026-27,24,2027-03-02,2027-03-02T00:00:00+00:00,FC Schalke 04,1. FC Köln,,spreads,,,,,,,,,,,,,,,,,,unknown,,decimal,2026-09-18T10:07:51+00:00,none_available,,False,False,unavailable,2026-09-18,"The Odds API is configured and reachable, but has not yet posted this market for this fixture (bookmakers open different markets at different times before kickoff) -- genuinely unavailable, not a collector failure."
BUNDESLIGA2627_MW24_209_FCSchalke04_1.FCKöln,2026-27,24,2027-03-02,2027-03-02T00:00:00+00:00,FC Schalke 04,1. FC Köln,,totals,,,,,,,,,,,,,,,,,,unknown,,decimal,2026-09-18T10:07:51+00:00,none_available,,False,False,unavailable,2026-09-18,"The Odds API is configured and reachable, but has not yet posted this market for this fixture (bookmakers open different markets at different times before kickoff) -- genuinely unavailable, not a collector failure."
BUNDESLIGA2627_MW24_210_SVWerderBremen_1.FSVMainz05,2026-27,24,2027-03-02,2027-03-02T00:00:00+00:00,SV Werder Bremen,1. FSV Mainz 05,,h2h,,,,,,,,,,,,,,,,,,unknown,,decimal,2026-09-18T10:07:51+00:00,none_available,,False,False,unavailable,2026-09-18,"The Odds API is configured and reachable, but has not yet posted this market for this fixture (bookmakers open different markets at different times before kickoff) -- genuinely unavailable, not a collector failure."
BUNDESLIGA2627_MW24_210_SVWerderBremen_1.FSVMainz05,2026-27,24,2027-03-02,2027-03-02T00:00:00+00:00,SV Werder Bremen,1. FSV Mainz 05,,spreads,,,,,,,,,,,,,,,,,,unknown,,decimal,2026-09-18T10:07:51+00:00,none_available,,False,False,unavailable,2026-09-18,"The Odds API is configured and reachable, but has not yet posted this market for this fixture (bookmakers open different markets at different times before kickoff) -- genuinely unavailable, not a collector failure."
BUNDESLIGA2627_MW24_210_SVWerderBremen_1.FSVMainz05,2026-27,24,2027-03-02,2027-03-02T00:00:00+00:00,SV Werder Bremen,1. FSV Mainz 05,,totals,,,,,,,,,,,,,,,,,,unknown,,decimal,2026-09-18T10:07:51+00:00,none_available,,False,False,unavailable,2026-09-18,"The Odds API is configured and reachable, but has not yet posted this market for this fixture (bookmakers open different markets at different times before kickoff) -- genuinely unavailable, not a collector failure."
BUNDESLIGA2627_MW24_211_HamburgerSV_SCPaderborn07,2026-27,24,2027-03-02,2027-03-02T00:00:00+00:00,Hamburger SV,SC Paderborn 07,,h2h,,,,,,,,,,,,,,,,,,unknown,,decimal,2026-09-18T10:07:51+00:00,none_available,,False,False,unavailable,2026-09-18,"The Odds API is configured and reachable, but has not yet posted this market for this fixture (bookmakers open different markets at different times before kickoff) -- genuinely unavailable, not a collector failure."
BUNDESLIGA2627_MW24_211_HamburgerSV_SCPaderborn07,2026-27,24,2027-03-02,2027-03-02T00:00:00+00:00,Hamburger SV,SC Paderborn 07,,spreads,,,,,,,,,,,,,,,,,,unknown,,decimal,2026-09-18T10:07:51+00:00,none_available,,False,False,unavailable,2026-09-18,"The Odds API is configured and reachable, but has not yet posted this market for this fixture (bookmakers open different markets at different times before kickoff) -- genuinely unavailable, not a collector failure."
BUNDESLIGA2627_MW24_211_HamburgerSV_SCPaderborn07,2026-27,24,2027-03-02,2027-03-02T00:00:00+00:00,Hamburger SV,SC Paderborn 07,,totals,,,,,,,,,,,,,,,,,,unknown,,decimal,2026-09-18T10:07:51+00:00,none_available,,False,False,unavailable,2026-09-18,"The Odds API is configured and reachable, but has not yet posted this market for this fixture (bookmakers open different markets at different times before kickoff) -- genuinely unavailable, not a collector failure."
BUNDESLIGA2627_MW24_212_BorussiaMönchengladbach_VfBStuttgart,2026-27,24,2027-03-02,2027-03-02T00:00:00+00:00,Borussia Mönchengladbach,VfB Stuttgart,,h2h,,,,,,,,,,,,,,,,,,unknown,,decimal,2026-09-18T10:07:51+00:00,none_available,,False,False,unavailable,2026-09-18,"The Odds API is configured and reachable, but has not yet posted this market for this fixture (bookmakers open different markets at different times before kickoff) -- genuinely unavailable, not a collector failure."
BUNDESLIGA2627_MW24_212_BorussiaMönchengladbach_VfBStuttgart,2026-27,24,2027-03-02,2027-03-02T00:00:00+00:00,Borussia Mönchengladbach,VfB Stuttgart,,spreads,,,,,,,,,,,,,,,,,,unknown,,decimal,2026-09-18T10:07:51+00:00,none_available,,False,False,unavailable,2026-09-18,"The Odds API is configured and reachable, but has not yet posted this market for this fixture (bookmakers open different markets at different times before kickoff) -- genuinely unavailable, not a collector failure."
BUNDESLIGA2627_MW24_212_BorussiaMönchengladbach_VfBStuttgart,2026-27,24,2027-03-02,2027-03-02T00:00:00+00:00,Borussia Mönchengladbach,VfB Stuttgart,,totals,,,,,,,,,,,,,,,,,,unknown,,decimal,2026-09-18T10:07:51+00:00,none_available,,False,False,unavailable,2026-09-18,"The Odds API is configured and reachable, but has not yet posted this market for this fixture (bookmakers open different markets at different times before kickoff) -- genuinely unavailable, not a collector failure."
BUNDESLIGA2627_MW24_213_1.FCUnionBerlin_FCAugsburg,2026-27,24,2027-03-02,2027-03-02T00:00:00+00:00,1. FC Union Berlin,FC Augsburg,,h2h,,,,,,,,,,,,,,,,,,unknown,,decimal,2026-09-18T10:07:51+00:00,none_available,,False,False,unavailable,2026-09-18,"The Odds API is configured and reachable, but has not yet posted this market for this fixture (bookmakers open different markets at different times before kickoff) -- genuinely unavailable, not a collector failure."
BUNDESLIGA2627_MW24_213_1.FCUnionBerlin_FCAugsburg,2026-27,24,2027-03-02,2027-03-02T00:00:00+00:00,1. FC Union Berlin,FC Augsburg,,spreads,,,,,,,,,,,,,,,,,,unknown,,decimal,2026-09-18T10:07:51+00:00,none_available,,False,False,unavailable,2026-09-18,"The Odds API is configured and reachable, but has not yet posted this market for this fixture (bookmakers open different markets at different times before kickoff) -- genuinely unavailable, not a collector failure."
BUNDESLIGA2627_MW24_213_1.FCUnionBerlin_FCAugsburg,2026-27,24,2027-03-02,2027-03-02T00:00:00+00:00,1. FC Union Berlin,FC Augsburg,,totals,,,,,,,,,,,,,,,,,,unknown,,decimal,2026-09-18T10:07:51+00:00,none_available,,False,False,unavailable,2026-09-18,"The Odds API is configured and reachable, but has not yet posted this market for this fixture (bookmakers open different markets at different times before kickoff) -- genuinely unavailable, not a collector failure."
BUNDESLIGA2627_MW24_214_EintrachtFrankfurt_BorussiaDortmund,2026-27,24,2027-03-02,2027-03-02T00:00:00+00:00,Eintracht Frankfurt,Borussia Dortmund,,h2h,,,,,,,,,,,,,,,,,,unknown,,decimal,2026-09-18T10:07:51+00:00,none_available,,False,False,unavailable,2026-09-18,"The Odds API is configured and reachable, but has not yet posted this market for this fixture (bookmakers open different markets at different times before kickoff) -- genuinely unavailable, not a collector failure."
BUNDESLIGA2627_MW24_214_EintrachtFrankfurt_BorussiaDortmund,2026-27,24,2027-03-02,2027-03-02T00:00:00+00:00,Eintracht Frankfurt,Borussia Dortmund,,spreads,,,,,,,,,,,,,,,,,,unknown,,decimal,2026-09-18T10:07:51+00:00,none_available,,False,False,unavailable,2026-09-18,"The Odds API is configured and reachable, but has not yet posted this market for this fixture (bookmakers open different markets at different times before kickoff) -- genuinely unavailable, not a collector failure."
BUNDESLIGA2627_MW24_214_EintrachtFrankfurt_BorussiaDortmund,2026-27,24,2027-03-02,2027-03-02T00:00:00+00:00,Eintracht Frankfurt,Borussia Dortmund,,totals,,,,,,,,,,,,,,,,,,unknown,,decimal,2026-09-18T10:07:51+00:00,none_available,,False,False,unavailable,2026-09-18,"The Odds API is configured and reachable, but has not yet posted this market for this fixture (bookmakers open different markets at different times before kickoff) -- genuinely unavailable, not a collector failure."
BUNDESLIGA2627_MW24_215_Bayer04Leverkusen_TSGHoffenheim,2026-27,24,2027-03-02,2027-03-02T00:00:00+00:00,Bayer 04 Leverkusen,TSG Hoffenheim,,h2h,,,,,,,,,,,,,,,,,,unknown,,decimal,2026-09-18T10:07:51+00:00,none_available,,False,False,unavailable,2026-09-18,"The Odds API is configured and reachable, but has not yet posted this market for this fixture (bookmakers open different markets at different times before kickoff) -- genuinely unavailable, not a collector failure."
BUNDESLIGA2627_MW24_215_Bayer04Leverkusen_TSGHoffenheim,2026-27,24,2027-03-02,2027-03-02T00:00:00+00:00,Bayer 04 Leverkusen,TSG Hoffenheim,,spreads,,,,,,,,,,,,,,,,,,unknown,,decimal,2026-09-18T10:07:51+00:00,none_available,,False,False,unavailable,2026-09-18,"The Odds API is configured and reachable, but has not yet posted this market for this fixture (bookmakers open different markets at different times before kickoff) -- genuinely unavailable, not a collector failure."
BUNDESLIGA2627_MW24_215_Bayer04Leverkusen_TSGHoffenheim,2026-27,24,2027-03-02,2027-03-02T00:00:00+00:00,Bayer 04 Leverkusen,TSG Hoffenheim,,totals,,,,,,,,,,,,,,,,,,unknown,,decimal,2026-09-18T10:07:51+00:00,none_available,,False,False,unavailable,2026-09-18,"The Odds API is configured and reachable, but has not yet posted this market for this fixture (bookmakers open different markets at different times before kickoff) -- genuinely unavailable, not a collector failure."
BUNDESLIGA2627_MW24_216_FCBayernMünchen_Sport-ClubFreiburg,2026-27,24,2027-03-02,2027-03-02T00:00:00+00:00,FC Bayern München,Sport-Club Freiburg,,h2h,,,,,,,,,,,,,,,,,,unknown,,decimal,2026-09-18T10:07:51+00:00,none_available,,False,False,unavailable,2026-09-18,"The Odds API is configured and reachable, but has not yet posted this market for this fixture (bookmakers open different markets at different times before kickoff) -- genuinely unavailable, not a collector failure."
BUNDESLIGA2627_MW24_216_FCBayernMünchen_Sport-ClubFreiburg,2026-27,24,2027-03-02,2027-03-02T00:00:00+00:00,FC Bayern München,Sport-Club Freiburg,,spreads,,,,,,,,,,,,,,,,,,unknown,,decimal,2026-09-18T10:07:51+00:00,none_available,,False,False,unavailable,2026-09-18,"The Odds API is configured and reachable, but has not yet posted this market for this fixture (bookmakers open different markets at different times before kickoff) -- genuinely unavailable, not a collector failure."
BUNDESLIGA2627_MW24_216_FCBayernMünchen_Sport-ClubFreiburg,2026-27,24,2027-03-02,2027-03-02T00:00:00+00:00,FC Bayern München,Sport-Club Freiburg,,totals,,,,,,,,,,,,,,,,,,unknown,,decimal,2026-09-18T10:07:51+00:00,none_available,,False,False,unavailable,2026-09-18,"The Odds API is configured and reachable, but has not yet posted this market for this fixture (bookmakers open different markets at different times before kickoff) -- genuinely unavailable, not a collector failure."
BUNDESLIGA2627_MW25_217_SCPaderborn07_BorussiaMönchengladbach,2026-27,25,2027-03-05,2027-03-05T00:00:00+00:00,SC Paderborn 07,Borussia Mönchengladbach,,h2h,,,,,,,,,,,,,,,,,,unknown,,decimal,2026-09-18T10:07:51+00:00,none_available,,False,False,unavailable,2026-09-18,"The Odds API is configured and reachable, but has not yet posted this market for this fixture (bookmakers open different markets at different times before kickoff) -- genuinely unavailable, not a collector failure."
BUNDESLIGA2627_MW25_217_SCPaderborn07_BorussiaMönchengladbach,2026-27,25,2027-03-05,2027-03-05T00:00:00+00:00,SC Paderborn 07,Borussia Mönchengladbach,,spreads,,,,,,,,,,,,,,,,,,unknown,,decimal,2026-09-18T10:07:51+00:00,none_available,,False,False,unavailable,2026-09-18,"The Odds API is configured and reachable, but has not yet posted this market for this fixture (bookmakers open different markets at different times before kickoff) -- genuinely unavailable, not a collector failure."
BUNDESLIGA2627_MW25_217_SCPaderborn07_BorussiaMönchengladbach,2026-27,25,2027-03-05,2027-03-05T00:00:00+00:00,SC Paderborn 07,Borussia Mönchengladbach,,totals,,,,,,,,,,,,,,,,,,unknown,,decimal,2026-09-18T10:07:51+00:00,none_available,,False,False,unavailable,2026-09-18,"The Odds API is configured and reachable, but has not yet posted this market for this fixture (bookmakers open different markets at different times before kickoff) -- genuinely unavailable, not a collector failure."
BUNDESLIGA2627_MW25_218_1.FCKöln_1.FCUnionBerlin,2026-27,25,2027-03-05,2027-03-05T00:00:00+00:00,1. FC Köln,1. FC Union Berlin,,h2h,,,,,,,,,,,,,,,,,,unknown,,decimal,2026-09-18T10:07:51+00:00,none_available,,False,False,unavailable,2026-09-18,"The Odds API is configured and reachable, but has not yet posted this market for this fixture (bookmakers open different markets at different times before kickoff) -- genuinely unavailable, not a collector failure."
BUNDESLIGA2627_MW25_218_1.FCKöln_1.FCUnionBerlin,2026-27,25,2027-03-05,2027-03-05T00:00:00+00:00,1. FC Köln,1. FC Union Berlin,,spreads,,,,,,,,,,,,,,,,,,unknown,,decimal,2026-09-18T10:07:51+00:00,none_available,,False,False,unavailable,2026-09-18,"The Odds API is configured and reachable, but has not yet posted this market for this fixture (bookmakers open different markets at different times before kickoff) -- genuinely unavailable, not a collector failure."
BUNDESLIGA2627_MW25_218_1.FCKöln_1.FCUnionBerlin,2026-27,25,2027-03-05,2027-03-05T00:00:00+00:00,1. FC Köln,1. FC Union Berlin,,totals,,,,,,,,,,,,,,,,,,unknown,,decimal,2026-09-18T10:07:51+00:00,none_available,,False,False,unavailable,2026-09-18,"The Odds API is configured and reachable, but has not yet posted this market for this fixture (bookmakers open different markets at different times before kickoff) -- genuinely unavailable, not a collector failure."
BUNDESLIGA2627_MW25_219_HamburgerSV_EintrachtFrankfurt,2026-27,25,2027-03-05,2027-03-05T00:00:00+00:00,Hamburger SV,Eintracht Frankfurt,,h2h,,,,,,,,,,,,,,,,,,unknown,,decimal,2026-09-18T10:07:51+00:00,none_available,,False,False,unavailable,2026-09-18,"The Odds API is configured and reachable, but has not yet posted this market for this fixture (bookmakers open different markets at different times before kickoff) -- genuinely unavailable, not a collector failure."
BUNDESLIGA2627_MW25_219_HamburgerSV_EintrachtFrankfurt,2026-27,25,2027-03-05,2027-03-05T00:00:00+00:00,Hamburger SV,Eintracht Frankfurt,,spreads,,,,,,,,,,,,,,,,,,unknown,,decimal,2026-09-18T10:07:51+00:00,none_available,,False,False,unavailable,2026-09-18,"The Odds API is configured and reachable, but has not yet posted this market for this fixture (bookmakers open different markets at different times before kickoff) -- genuinely unavailable, not a collector failure."
BUNDESLIGA2627_MW25_219_HamburgerSV_EintrachtFrankfurt,2026-27,25,2027-03-05,2027-03-05T00:00:00+00:00,Hamburger SV,Eintracht Frankfurt,,totals,,,,,,,,,,,,,,,,,,unknown,,decimal,2026-09-18T10:07:51+00:00,none_available,,False,False,unavailable,2026-09-18,"The Odds API is configured and reachable, but has not yet posted this market for this fixture (bookmakers open different markets at different times before kickoff) -- genuinely unavailable, not a collector failure."
BUNDESLIGA2627_MW25_220_1.FSVMainz05_SVElversberg,2026-27,25,2027-03-05,2027-03-05T00:00:00+00:00,1. FSV Mainz 05,SV Elversberg,,h2h,,,,,,,,,,,,,,,,,,unknown,,decimal,2026-09-18T10:07:51+00:00,none_available,,False,False,unavailable,2026-09-18,"The Odds API is configured and reachable, but has not yet posted this market for this fixture (bookmakers open different markets at different times before kickoff) -- genuinely unavailable, not a collector failure."
BUNDESLIGA2627_MW25_220_1.FSVMainz05_SVElversberg,2026-27,25,2027-03-05,2027-03-05T00:00:00+00:00,1. FSV Mainz 05,SV Elversberg,,spreads,,,,,,,,,,,,,,,,,,unknown,,decimal,2026-09-18T10:07:51+00:00,none_available,,False,False,unavailable,2026-09-18,"The Odds API is configured and reachable, but has not yet posted this market for this fixture (bookmakers open different markets at different times before kickoff) -- genuinely unavailable, not a collector failure."
BUNDESLIGA2627_MW25_220_1.FSVMainz05_SVElversberg,2026-27,25,2027-03-05,2027-03-05T00:00:00+00:00,1. FSV Mainz 05,SV Elversberg,,totals,,,,,,,,,,,,,,,,,,unknown,,decimal,2026-09-18T10:07:51+00:00,none_available,,False,False,unavailable,2026-09-18,"The Odds API is configured and reachable, but has not yet posted this market for this fixture (bookmakers open different markets at different times before kickoff) -- genuinely unavailable, not a collector failure."
BUNDESLIGA2627_MW25_221_Sport-ClubFreiburg_FCAugsburg,2026-27,25,2027-03-05,2027-03-05T00:00:00+00:00,Sport-Club Freiburg,FC Augsburg,,h2h,,,,,,,,,,,,,,,,,,unknown,,decimal,2026-09-18T10:07:51+00:00,none_available,,False,False,unavailable,2026-09-18,"The Odds API is configured and reachable, but has not yet posted this market for this fixture (bookmakers open different markets at different times before kickoff) -- genuinely unavailable, not a collector failure."
BUNDESLIGA2627_MW25_221_Sport-ClubFreiburg_FCAugsburg,2026-27,25,2027-03-05,2027-03-05T00:00:00+00:00,Sport-Club Freiburg,FC Augsburg,,spreads,,,,,,,,,,,,,,,,,,unknown,,decimal,2026-09-18T10:07:51+00:00,none_available,,False,False,unavailable,2026-09-18,"The Odds API is configured and reachable, but has not yet posted this market for this fixture (bookmakers open different markets at different times before kickoff) -- genuinely unavailable, not a collector failure."
BUNDESLIGA2627_MW25_221_Sport-ClubFreiburg_FCAugsburg,2026-27,25,2027-03-05,2027-03-05T00:00:00+00:00,Sport-Club Freiburg,FC Augsburg,,totals,,,,,,,,,,,,,,,,,,unknown,,decimal,2026-09-18T10:07:51+00:00,none_available,,False,False,unavailable,2026-09-18,"The Odds API is configured and reachable, but has not yet posted this market for this fixture (bookmakers open different markets at different times before kickoff) -- genuinely unavailable, not a collector failure."
BUNDESLIGA2627_MW25_222_TSGHoffenheim_SVWerderBremen,2026-27,25,2027-03-05,2027-03-05T00:00:00+00:00,TSG Hoffenheim,SV Werder Bremen,,h2h,,,,,,,,,,,,,,,,,,unknown,,decimal,2026-09-18T10:07:51+00:00,none_available,,False,False,unavailable,2026-09-18,"The Odds API is configured and reachable, but has not yet posted this market for this fixture (bookmakers open different markets at different times before kickoff) -- genuinely unavailable, not a collector failure."
BUNDESLIGA2627_MW25_222_TSGHoffenheim_SVWerderBremen,2026-27,25,2027-03-05,2027-03-05T00:00:00+00:00,TSG Hoffenheim,SV Werder Bremen,,spreads,,,,,,,,,,,,,,,,,,unknown,,decimal,2026-09-18T10:07:51+00:00,none_available,,False,False,unavailable,2026-09-18,"The Odds API is configured and reachable, but has not yet posted this market for this fixture (bookmakers open different markets at different times before kickoff) -- genuinely unavailable, not a collector failure."
BUNDESLIGA2627_MW25_222_TSGHoffenheim_SVWerderBremen,2026-27,25,2027-03-05,2027-03-05T00:00:00+00:00,TSG Hoffenheim,SV Werder Bremen,,totals,,,,,,,,,,,,,,,,,,unknown,,decimal,2026-09-18T10:07:51+00:00,none_available,,False,False,unavailable,2026-09-18,"The Odds API is configured and reachable, but has not yet posted this market for this fixture (bookmakers open different markets at different times before kickoff) -- genuinely unavailable, not a collector failure."
BUNDESLIGA2627_MW25_223_VfBStuttgart_Bayer04Leverkusen,2026-27,25,2027-03-05,2027-03-05T00:00:00+00:00,VfB Stuttgart,Bayer 04 Leverkusen,,h2h,,,,,,,,,,,,,,,,,,unknown,,decimal,2026-09-18T10:07:51+00:00,none_available,,False,False,unavailable,2026-09-18,"The Odds API is configured and reachable, but has not yet posted this market for this fixture (bookmakers open different markets at different times before kickoff) -- genuinely unavailable, not a collector failure."
BUNDESLIGA2627_MW25_223_VfBStuttgart_Bayer04Leverkusen,2026-27,25,2027-03-05,2027-03-05T00:00:00+00:00,VfB Stuttgart,Bayer 04 Leverkusen,,spreads,,,,,,,,,,,,,,,,,,unknown,,decimal,2026-09-18T10:07:51+00:00,none_available,,False,False,unavailable,2026-09-18,"The Odds API is configured and reachable, but has not yet posted this market for this fixture (bookmakers open different markets at different times before kickoff) -- genuinely unavailable, not a collector failure."
BUNDESLIGA2627_MW25_223_VfBStuttgart_Bayer04Leverkusen,2026-27,25,2027-03-05,2027-03-05T00:00:00+00:00,VfB Stuttgart,Bayer 04 Leverkusen,,totals,,,,,,,,,,,,,,,,,,unknown,,decimal,2026-09-18T10:07:51+00:00,none_available,,False,False,unavailable,2026-09-18,"The Odds API is configured and reachable, but has not yet posted this market for this fixture (bookmakers open different markets at different times before kickoff) -- genuinely unavailable, not a collector failure."
BUNDESLIGA2627_MW25_224_RBLeipzig_FCSchalke04,2026-27,25,2027-03-05,2027-03-05T00:00:00+00:00,RB Leipzig,FC Schalke 04,,h2h,,,,,,,,,,,,,,,,,,unknown,,decimal,2026-09-18T10:07:51+00:00,none_available,,False,False,unavailable,2026-09-18,"The Odds API is configured and reachable, but has not yet posted this market for this fixture (bookmakers open different markets at different times before kickoff) -- genuinely unavailable, not a collector failure."
BUNDESLIGA2627_MW25_224_RBLeipzig_FCSchalke04,2026-27,25,2027-03-05,2027-03-05T00:00:00+00:00,RB Leipzig,FC Schalke 04,,spreads,,,,,,,,,,,,,,,,,,unknown,,decimal,2026-09-18T10:07:51+00:00,none_available,,False,False,unavailable,2026-09-18,"The Odds API is configured and reachable, but has not yet posted this market for this fixture (bookmakers open different markets at different times before kickoff) -- genuinely unavailable, not a collector failure."
BUNDESLIGA2627_MW25_224_RBLeipzig_FCSchalke04,2026-27,25,2027-03-05,2027-03-05T00:00:00+00:00,RB Leipzig,FC Schalke 04,,totals,,,,,,,,,,,,,,,,,,unknown,,decimal,2026-09-18T10:07:51+00:00,none_available,,False,False,unavailable,2026-09-18,"The Odds API is configured and reachable, but has not yet posted this market for this fixture (bookmakers open different markets at different times before kickoff) -- genuinely unavailable, not a collector failure."
BUNDESLIGA2627_MW25_225_BorussiaDortmund_FCBayernMünchen,2026-27,25,2027-03-05,2027-03-05T00:00:00+00:00,Borussia Dortmund,FC Bayern München,,h2h,,,,,,,,,,,,,,,,,,unknown,,decimal,2026-09-18T10:07:51+00:00,none_available,,False,False,unavailable,2026-09-18,"The Odds API is configured and reachable, but has not yet posted this market for this fixture (bookmakers open different markets at different times before kickoff) -- genuinely unavailable, not a collector failure."
BUNDESLIGA2627_MW25_225_BorussiaDortmund_FCBayernMünchen,2026-27,25,2027-03-05,2027-03-05T00:00:00+00:00,Borussia Dortmund,FC Bayern München,,spreads,,,,,,,,,,,,,,,,,,unknown,,decimal,2026-09-18T10:07:51+00:00,none_available,,False,False,unavailable,2026-09-18,"The Odds API is configured and reachable, but has not yet posted this market for this fixture (bookmakers open different markets at different times before kickoff) -- genuinely unavailable, not a collector failure."
BUNDESLIGA2627_MW25_225_BorussiaDortmund_FCBayernMünchen,2026-27,25,2027-03-05,2027-03-05T00:00:00+00:00,Borussia Dortmund,FC Bayern München,,totals,,,,,,,,,,,,,,,,,,unknown,,decimal,2026-09-18T10:07:51+00:00,none_available,,False,False,unavailable,2026-09-18,"The Odds API is configured and reachable, but has not yet posted this market for this fixture (bookmakers open different markets at different times before kickoff) -- genuinely unavailable, not a collector failure."
BUNDESLIGA2627_MW26_226_SVElversberg_BorussiaDortmund,2026-27,26,2027-03-12,2027-03-12T00:00:00+00:00,SV Elversberg,Borussia Dortmund,,h2h,,,,,,,,,,,,,,,,,,unknown,,decimal,2026-09-18T10:07:51+00:00,none_available,,False,False,unavailable,2026-09-18,"The Odds API is configured and reachable, but has not yet posted this market for this fixture (bookmakers open different markets at different times before kickoff) -- genuinely unavailable, not a collector failure."
BUNDESLIGA2627_MW26_226_SVElversberg_BorussiaDortmund,2026-27,26,2027-03-12,2027-03-12T00:00:00+00:00,SV Elversberg,Borussia Dortmund,,spreads,,,,,,,,,,,,,,,,,,unknown,,decimal,2026-09-18T10:07:51+00:00,none_available,,False,False,unavailable,2026-09-18,"The Odds API is configured and reachable, but has not yet posted this market for this fixture (bookmakers open different markets at different times before kickoff) -- genuinely unavailable, not a collector failure."
BUNDESLIGA2627_MW26_226_SVElversberg_BorussiaDortmund,2026-27,26,2027-03-12,2027-03-12T00:00:00+00:00,SV Elversberg,Borussia Dortmund,,totals,,,,,,,,,,,,,,,,,,unknown,,decimal,2026-09-18T10:07:51+00:00,none_available,,False,False,unavailable,2026-09-18,"The Odds API is configured and reachable, but has not yet posted this market for this fixture (bookmakers open different markets at different times before kickoff) -- genuinely unavailable, not a collector failure."
BUNDESLIGA2627_MW26_227_FCSchalke04_TSGHoffenheim,2026-27,26,2027-03-12,2027-03-12T00:00:00+00:00,FC Schalke 04,TSG Hoffenheim,,h2h,,,,,,,,,,,,,,,,,,unknown,,decimal,2026-09-18T10:07:51+00:00,none_available,,False,False,unavailable,2026-09-18,"The Odds API is configured and reachable, but has not yet posted this market for this fixture (bookmakers open different markets at different times before kickoff) -- genuinely unavailable, not a collector failure."
BUNDESLIGA2627_MW26_227_FCSchalke04_TSGHoffenheim,2026-27,26,2027-03-12,2027-03-12T00:00:00+00:00,FC Schalke 04,TSG Hoffenheim,,spreads,,,,,,,,,,,,,,,,,,unknown,,decimal,2026-09-18T10:07:51+00:00,none_available,,False,False,unavailable,2026-09-18,"The Odds API is configured and reachable, but has not yet posted this market for this fixture (bookmakers open different markets at different times before kickoff) -- genuinely unavailable, not a collector failure."
BUNDESLIGA2627_MW26_227_FCSchalke04_TSGHoffenheim,2026-27,26,2027-03-12,2027-03-12T00:00:00+00:00,FC Schalke 04,TSG Hoffenheim,,totals,,,,,,,,,,,,,,,,,,unknown,,decimal,2026-09-18T10:07:51+00:00,none_available,,False,False,unavailable,2026-09-18,"The Odds API is configured and reachable, but has not yet posted this market for this fixture (bookmakers open different markets at different times before kickoff) -- genuinely unavailable, not a collector failure."
BUNDESLIGA2627_MW26_228_SVWerderBremen_VfBStuttgart,2026-27,26,2027-03-12,2027-03-12T00:00:00+00:00,SV Werder Bremen,VfB Stuttgart,,h2h,,,,,,,,,,,,,,,,,,unknown,,decimal,2026-09-18T10:07:51+00:00,none_available,,False,False,unavailable,2026-09-18,"The Odds API is configured and reachable, but has not yet posted this market for this fixture (bookmakers open different markets at different times before kickoff) -- genuinely unavailable, not a collector failure."
BUNDESLIGA2627_MW26_228_SVWerderBremen_VfBStuttgart,2026-27,26,2027-03-12,2027-03-12T00:00:00+00:00,SV Werder Bremen,VfB Stuttgart,,spreads,,,,,,,,,,,,,,,,,,unknown,,decimal,2026-09-18T10:07:51+00:00,none_available,,False,False,unavailable,2026-09-18,"The Odds API is configured and reachable, but has not yet posted this market for this fixture (bookmakers open different markets at different times before kickoff) -- genuinely unavailable, not a collector failure."
BUNDESLIGA2627_MW26_228_SVWerderBremen_VfBStuttgart,2026-27,26,2027-03-12,2027-03-12T00:00:00+00:00,SV Werder Bremen,VfB Stuttgart,,totals,,,,,,,,,,,,,,,,,,unknown,,decimal,2026-09-18T10:07:51+00:00,none_available,,False,False,unavailable,2026-09-18,"The Odds API is configured and reachable, but has not yet posted this market for this fixture (bookmakers open different markets at different times before kickoff) -- genuinely unavailable, not a collector failure."
BUNDESLIGA2627_MW26_229_BorussiaMönchengladbach_HamburgerSV,2026-27,26,2027-03-12,2027-03-12T00:00:00+00:00,Borussia Mönchengladbach,Hamburger SV,,h2h,,,,,,,,,,,,,,,,,,unknown,,decimal,2026-09-18T10:07:51+00:00,none_available,,False,False,unavailable,2026-09-18,"The Odds API is configured and reachable, but has not yet posted this market for this fixture (bookmakers open different markets at different times before kickoff) -- genuinely unavailable, not a collector failure."
BUNDESLIGA2627_MW26_229_BorussiaMönchengladbach_HamburgerSV,2026-27,26,2027-03-12,2027-03-12T00:00:00+00:00,Borussia Mönchengladbach,Hamburger SV,,spreads,,,,,,,,,,,,,,,,,,unknown,,decimal,2026-09-18T10:07:51+00:00,none_available,,False,False,unavailable,2026-09-18,"The Odds API is configured and reachable, but has not yet posted this market for this fixture (bookmakers open different markets at different times before kickoff) -- genuinely unavailable, not a collector failure."
BUNDESLIGA2627_MW26_229_BorussiaMönchengladbach_HamburgerSV,2026-27,26,2027-03-12,2027-03-12T00:00:00+00:00,Borussia Mönchengladbach,Hamburger SV,,totals,,,,,,,,,,,,,,,,,,unknown,,decimal,2026-09-18T10:07:51+00:00,none_available,,False,False,unavailable,2026-09-18,"The Odds API is configured and reachable, but has not yet posted this market for this fixture (bookmakers open different markets at different times before kickoff) -- genuinely unavailable, not a collector failure."
BUNDESLIGA2627_MW26_230_1.FCUnionBerlin_Sport-ClubFreiburg,2026-27,26,2027-03-12,2027-03-12T00:00:00+00:00,1. FC Union Berlin,Sport-Club Freiburg,,h2h,,,,,,,,,,,,,,,,,,unknown,,decimal,2026-09-18T10:07:51+00:00,none_available,,False,False,unavailable,2026-09-18,"The Odds API is configured and reachable, but has not yet posted this market for this fixture (bookmakers open different markets at different times before kickoff) -- genuinely unavailable, not a collector failure."
BUNDESLIGA2627_MW26_230_1.FCUnionBerlin_Sport-ClubFreiburg,2026-27,26,2027-03-12,2027-03-12T00:00:00+00:00,1. FC Union Berlin,Sport-Club Freiburg,,spreads,,,,,,,,,,,,,,,,,,unknown,,decimal,2026-09-18T10:07:51+00:00,none_available,,False,False,unavailable,2026-09-18,"The Odds API is configured and reachable, but has not yet posted this market for this fixture (bookmakers open different markets at different times before kickoff) -- genuinely unavailable, not a collector failure."
BUNDESLIGA2627_MW26_230_1.FCUnionBerlin_Sport-ClubFreiburg,2026-27,26,2027-03-12,2027-03-12T00:00:00+00:00,1. FC Union Berlin,Sport-Club Freiburg,,totals,,,,,,,,,,,,,,,,,,unknown,,decimal,2026-09-18T10:07:51+00:00,none_available,,False,False,unavailable,2026-09-18,"The Odds API is configured and reachable, but has not yet posted this market for this fixture (bookmakers open different markets at different times before kickoff) -- genuinely unavailable, not a collector failure."
BUNDESLIGA2627_MW26_231_FCAugsburg_RBLeipzig,2026-27,26,2027-03-12,2027-03-12T00:00:00+00:00,FC Augsburg,RB Leipzig,,h2h,,,,,,,,,,,,,,,,,,unknown,,decimal,2026-09-18T10:07:51+00:00,none_available,,False,False,unavailable,2026-09-18,"The Odds API is configured and reachable, but has not yet posted this market for this fixture (bookmakers open different markets at different times before kickoff) -- genuinely unavailable, not a collector failure."
BUNDESLIGA2627_MW26_231_FCAugsburg_RBLeipzig,2026-27,26,2027-03-12,2027-03-12T00:00:00+00:00,FC Augsburg,RB Leipzig,,spreads,,,,,,,,,,,,,,,,,,unknown,,decimal,2026-09-18T10:07:51+00:00,none_available,,False,False,unavailable,2026-09-18,"The Odds API is configured and reachable, but has not yet posted this market for this fixture (bookmakers open different markets at different times before kickoff) -- genuinely unavailable, not a collector failure."
BUNDESLIGA2627_MW26_231_FCAugsburg_RBLeipzig,2026-27,26,2027-03-12,2027-03-12T00:00:00+00:00,FC Augsburg,RB Leipzig,,totals,,,,,,,,,,,,,,,,,,unknown,,decimal,2026-09-18T10:07:51+00:00,none_available,,False,False,unavailable,2026-09-18,"The Odds API is configured and reachable, but has not yet posted this market for this fixture (bookmakers open different markets at different times before kickoff) -- genuinely unavailable, not a collector failure."
BUNDESLIGA2627_MW26_232_EintrachtFrankfurt_SCPaderborn07,2026-27,26,2027-03-12,2027-03-12T00:00:00+00:00,Eintracht Frankfurt,SC Paderborn 07,,h2h,,,,,,,,,,,,,,,,,,unknown,,decimal,2026-09-18T10:07:51+00:00,none_available,,False,False,unavailable,2026-09-18,"The Odds API is configured and reachable, but has not yet posted this market for this fixture (bookmakers open different markets at different times before kickoff) -- genuinely unavailable, not a collector failure."
BUNDESLIGA2627_MW26_232_EintrachtFrankfurt_SCPaderborn07,2026-27,26,2027-03-12,2027-03-12T00:00:00+00:00,Eintracht Frankfurt,SC Paderborn 07,,spreads,,,,,,,,,,,,,,,,,,unknown,,decimal,2026-09-18T10:07:51+00:00,none_available,,False,False,unavailable,2026-09-18,"The Odds API is configured and reachable, but has not yet posted this market for this fixture (bookmakers open different markets at different times before kickoff) -- genuinely unavailable, not a collector failure."
BUNDESLIGA2627_MW26_232_EintrachtFrankfurt_SCPaderborn07,2026-27,26,2027-03-12,2027-03-12T00:00:00+00:00,Eintracht Frankfurt,SC Paderborn 07,,totals,,,,,,,,,,,,,,,,,,unknown,,decimal,2026-09-18T10:07:51+00:00,none_available,,False,False,unavailable,2026-09-18,"The Odds API is configured and reachable, but has not yet posted this market for this fixture (bookmakers open different markets at different times before kickoff) -- genuinely unavailable, not a collector failure."
BUNDESLIGA2627_MW26_233_Bayer04Leverkusen_1.FCKöln,2026-27,26,2027-03-12,2027-03-12T00:00:00+00:00,Bayer 04 Leverkusen,1. FC Köln,,h2h,,,,,,,,,,,,,,,,,,unknown,,decimal,2026-09-18T10:07:51+00:00,none_available,,False,False,unavailable,2026-09-18,"The Odds API is configured and reachable, but has not yet posted this market for this fixture (bookmakers open different markets at different times before kickoff) -- genuinely unavailable, not a collector failure."
BUNDESLIGA2627_MW26_233_Bayer04Leverkusen_1.FCKöln,2026-27,26,2027-03-12,2027-03-12T00:00:00+00:00,Bayer 04 Leverkusen,1. FC Köln,,spreads,,,,,,,,,,,,,,,,,,unknown,,decimal,2026-09-18T10:07:51+00:00,none_available,,False,False,unavailable,2026-09-18,"The Odds API is configured and reachable, but has not yet posted this market for this fixture (bookmakers open different markets at different times before kickoff) -- genuinely unavailable, not a collector failure."
BUNDESLIGA2627_MW26_233_Bayer04Leverkusen_1.FCKöln,2026-27,26,2027-03-12,2027-03-12T00:00:00+00:00,Bayer 04 Leverkusen,1. FC Köln,,totals,,,,,,,,,,,,,,,,,,unknown,,decimal,2026-09-18T10:07:51+00:00,none_available,,False,False,unavailable,2026-09-18,"The Odds API is configured and reachable, but has not yet posted this market for this fixture (bookmakers open different markets at different times before kickoff) -- genuinely unavailable, not a collector failure."
BUNDESLIGA2627_MW26_234_FCBayernMünchen_1.FSVMainz05,2026-27,26,2027-03-12,2027-03-12T00:00:00+00:00,FC Bayern München,1. FSV Mainz 05,,h2h,,,,,,,,,,,,,,,,,,unknown,,decimal,2026-09-18T10:07:51+00:00,none_available,,False,False,unavailable,2026-09-18,"The Odds API is configured and reachable, but has not yet posted this market for this fixture (bookmakers open different markets at different times before kickoff) -- genuinely unavailable, not a collector failure."
BUNDESLIGA2627_MW26_234_FCBayernMünchen_1.FSVMainz05,2026-27,26,2027-03-12,2027-03-12T00:00:00+00:00,FC Bayern München,1. FSV Mainz 05,,spreads,,,,,,,,,,,,,,,,,,unknown,,decimal,2026-09-18T10:07:51+00:00,none_available,,False,False,unavailable,2026-09-18,"The Odds API is configured and reachable, but has not yet posted this market for this fixture (bookmakers open different markets at different times before kickoff) -- genuinely unavailable, not a collector failure."
BUNDESLIGA2627_MW26_234_FCBayernMünchen_1.FSVMainz05,2026-27,26,2027-03-12,2027-03-12T00:00:00+00:00,FC Bayern München,1. FSV Mainz 05,,totals,,,,,,,,,,,,,,,,,,unknown,,decimal,2026-09-18T10:07:51+00:00,none_available,,False,False,unavailable,2026-09-18,"The Odds API is configured and reachable, but has not yet posted this market for this fixture (bookmakers open different markets at different times before kickoff) -- genuinely unavailable, not a collector failure."
BUNDESLIGA2627_MW27_235_SCPaderborn07_Bayer04Leverkusen,2026-27,27,2027-03-19,2027-03-19T00:00:00+00:00,SC Paderborn 07,Bayer 04 Leverkusen,,h2h,,,,,,,,,,,,,,,,,,unknown,,decimal,2026-09-18T10:07:51+00:00,none_available,,False,False,unavailable,2026-09-18,"The Odds API is configured and reachable, but has not yet posted this market for this fixture (bookmakers open different markets at different times before kickoff) -- genuinely unavailable, not a collector failure."
BUNDESLIGA2627_MW27_235_SCPaderborn07_Bayer04Leverkusen,2026-27,27,2027-03-19,2027-03-19T00:00:00+00:00,SC Paderborn 07,Bayer 04 Leverkusen,,spreads,,,,,,,,,,,,,,,,,,unknown,,decimal,2026-09-18T10:07:51+00:00,none_available,,False,False,unavailable,2026-09-18,"The Odds API is configured and reachable, but has not yet posted this market for this fixture (bookmakers open different markets at different times before kickoff) -- genuinely unavailable, not a collector failure."
BUNDESLIGA2627_MW27_235_SCPaderborn07_Bayer04Leverkusen,2026-27,27,2027-03-19,2027-03-19T00:00:00+00:00,SC Paderborn 07,Bayer 04 Leverkusen,,totals,,,,,,,,,,,,,,,,,,unknown,,decimal,2026-09-18T10:07:51+00:00,none_available,,False,False,unavailable,2026-09-18,"The Odds API is configured and reachable, but has not yet posted this market for this fixture (bookmakers open different markets at different times before kickoff) -- genuinely unavailable, not a collector failure."
BUNDESLIGA2627_MW27_236_1.FCKöln_FCBayernMünchen,2026-27,27,2027-03-19,2027-03-19T00:00:00+00:00,1. FC Köln,FC Bayern München,,h2h,,,,,,,,,,,,,,,,,,unknown,,decimal,2026-09-18T10:07:51+00:00,none_available,,False,False,unavailable,2026-09-18,"The Odds API is configured and reachable, but has not yet posted this market for this fixture (bookmakers open different markets at different times before kickoff) -- genuinely unavailable, not a collector failure."
BUNDESLIGA2627_MW27_236_1.FCKöln_FCBayernMünchen,2026-27,27,2027-03-19,2027-03-19T00:00:00+00:00,1. FC Köln,FC Bayern München,,spreads,,,,,,,,,,,,,,,,,,unknown,,decimal,2026-09-18T10:07:51+00:00,none_available,,False,False,unavailable,2026-09-18,"The Odds API is configured and reachable, but has not yet posted this market for this fixture (bookmakers open different markets at different times before kickoff) -- genuinely unavailable, not a collector failure."
BUNDESLIGA2627_MW27_236_1.FCKöln_FCBayernMünchen,2026-27,27,2027-03-19,2027-03-19T00:00:00+00:00,1. FC Köln,FC Bayern München,,totals,,,,,,,,,,,,,,,,,,unknown,,decimal,2026-09-18T10:07:51+00:00,none_available,,False,False,unavailable,2026-09-18,"The Odds API is configured and reachable, but has not yet posted this market for this fixture (bookmakers open different markets at different times before kickoff) -- genuinely unavailable, not a collector failure."
BUNDESLIGA2627_MW27_237_HamburgerSV_SVWerderBremen,2026-27,27,2027-03-19,2027-03-19T00:00:00+00:00,Hamburger SV,SV Werder Bremen,,h2h,,,,,,,,,,,,,,,,,,unknown,,decimal,2026-09-18T10:07:51+00:00,none_available,,False,False,unavailable,2026-09-18,"The Odds API is configured and reachable, but has not yet posted this market for this fixture (bookmakers open different markets at different times before kickoff) -- genuinely unavailable, not a collector failure."
BUNDESLIGA2627_MW27_237_HamburgerSV_SVWerderBremen,2026-27,27,2027-03-19,2027-03-19T00:00:00+00:00,Hamburger SV,SV Werder Bremen,,spreads,,,,,,,,,,,,,,,,,,unknown,,decimal,2026-09-18T10:07:51+00:00,none_available,,False,False,unavailable,2026-09-18,"The Odds API is configured and reachable, but has not yet posted this market for this fixture (bookmakers open different markets at different times before kickoff) -- genuinely unavailable, not a collector failure."
BUNDESLIGA2627_MW27_237_HamburgerSV_SVWerderBremen,2026-27,27,2027-03-19,2027-03-19T00:00:00+00:00,Hamburger SV,SV Werder Bremen,,totals,,,,,,,,,,,,,,,,,,unknown,,decimal,2026-09-18T10:07:51+00:00,none_available,,False,False,unavailable,2026-09-18,"The Odds API is configured and reachable, but has not yet posted this market for this fixture (bookmakers open different markets at different times before kickoff) -- genuinely unavailable, not a collector failure."
BUNDESLIGA2627_MW27_238_1.FSVMainz05_FCAugsburg,2026-27,27,2027-03-19,2027-03-19T00:00:00+00:00,1. FSV Mainz 05,FC Augsburg,,h2h,,,,,,,,,,,,,,,,,,unknown,,decimal,2026-09-18T10:07:51+00:00,none_available,,False,False,unavailable,2026-09-18,"The Odds API is configured and reachable, but has not yet posted this market for this fixture (bookmakers open different markets at different times before kickoff) -- genuinely unavailable, not a collector failure."
BUNDESLIGA2627_MW27_238_1.FSVMainz05_FCAugsburg,2026-27,27,2027-03-19,2027-03-19T00:00:00+00:00,1. FSV Mainz 05,FC Augsburg,,spreads,,,,,,,,,,,,,,,,,,unknown,,decimal,2026-09-18T10:07:51+00:00,none_available,,False,False,unavailable,2026-09-18,"The Odds API is configured and reachable, but has not yet posted this market for this fixture (bookmakers open different markets at different times before kickoff) -- genuinely unavailable, not a collector failure."
BUNDESLIGA2627_MW27_238_1.FSVMainz05_FCAugsburg,2026-27,27,2027-03-19,2027-03-19T00:00:00+00:00,1. FSV Mainz 05,FC Augsburg,,totals,,,,,,,,,,,,,,,,,,unknown,,decimal,2026-09-18T10:07:51+00:00,none_available,,False,False,unavailable,2026-09-18,"The Odds API is configured and reachable, but has not yet posted this market for this fixture (bookmakers open different markets at different times before kickoff) -- genuinely unavailable, not a collector failure."
BUNDESLIGA2627_MW27_239_Sport-ClubFreiburg_SVElversberg,2026-27,27,2027-03-19,2027-03-19T00:00:00+00:00,Sport-Club Freiburg,SV Elversberg,,h2h,,,,,,,,,,,,,,,,,,unknown,,decimal,2026-09-18T10:07:51+00:00,none_available,,False,False,unavailable,2026-09-18,"The Odds API is configured and reachable, but has not yet posted this market for this fixture (bookmakers open different markets at different times before kickoff) -- genuinely unavailable, not a collector failure."
BUNDESLIGA2627_MW27_239_Sport-ClubFreiburg_SVElversberg,2026-27,27,2027-03-19,2027-03-19T00:00:00+00:00,Sport-Club Freiburg,SV Elversberg,,spreads,,,,,,,,,,,,,,,,,,unknown,,decimal,2026-09-18T10:07:51+00:00,none_available,,False,False,unavailable,2026-09-18,"The Odds API is configured and reachable, but has not yet posted this market for this fixture (bookmakers open different markets at different times before kickoff) -- genuinely unavailable, not a collector failure."
BUNDESLIGA2627_MW27_239_Sport-ClubFreiburg_SVElversberg,2026-27,27,2027-03-19,2027-03-19T00:00:00+00:00,Sport-Club Freiburg,SV Elversberg,,totals,,,,,,,,,,,,,,,,,,unknown,,decimal,2026-09-18T10:07:51+00:00,none_available,,False,False,unavailable,2026-09-18,"The Odds API is configured and reachable, but has not yet posted this market for this fixture (bookmakers open different markets at different times before kickoff) -- genuinely unavailable, not a collector failure."
BUNDESLIGA2627_MW27_240_TSGHoffenheim_EintrachtFrankfurt,2026-27,27,2027-03-19,2027-03-19T00:00:00+00:00,TSG Hoffenheim,Eintracht Frankfurt,,h2h,,,,,,,,,,,,,,,,,,unknown,,decimal,2026-09-18T10:07:51+00:00,none_available,,False,False,unavailable,2026-09-18,"The Odds API is configured and reachable, but has not yet posted this market for this fixture (bookmakers open different markets at different times before kickoff) -- genuinely unavailable, not a collector failure."
BUNDESLIGA2627_MW27_240_TSGHoffenheim_EintrachtFrankfurt,2026-27,27,2027-03-19,2027-03-19T00:00:00+00:00,TSG Hoffenheim,Eintracht Frankfurt,,spreads,,,,,,,,,,,,,,,,,,unknown,,decimal,2026-09-18T10:07:51+00:00,none_available,,False,False,unavailable,2026-09-18,"The Odds API is configured and reachable, but has not yet posted this market for this fixture (bookmakers open different markets at different times before kickoff) -- genuinely unavailable, not a collector failure."
BUNDESLIGA2627_MW27_240_TSGHoffenheim_EintrachtFrankfurt,2026-27,27,2027-03-19,2027-03-19T00:00:00+00:00,TSG Hoffenheim,Eintracht Frankfurt,,totals,,,,,,,,,,,,,,,,,,unknown,,decimal,2026-09-18T10:07:51+00:00,none_available,,False,False,unavailable,2026-09-18,"The Odds API is configured and reachable, but has not yet posted this market for this fixture (bookmakers open different markets at different times before kickoff) -- genuinely unavailable, not a collector failure."
BUNDESLIGA2627_MW27_241_VfBStuttgart_FCSchalke04,2026-27,27,2027-03-19,2027-03-19T00:00:00+00:00,VfB Stuttgart,FC Schalke 04,,h2h,,,,,,,,,,,,,,,,,,unknown,,decimal,2026-09-18T10:07:51+00:00,none_available,,False,False,unavailable,2026-09-18,"The Odds API is configured and reachable, but has not yet posted this market for this fixture (bookmakers open different markets at different times before kickoff) -- genuinely unavailable, not a collector failure."
BUNDESLIGA2627_MW27_241_VfBStuttgart_FCSchalke04,2026-27,27,2027-03-19,2027-03-19T00:00:00+00:00,VfB Stuttgart,FC Schalke 04,,spreads,,,,,,,,,,,,,,,,,,unknown,,decimal,2026-09-18T10:07:51+00:00,none_available,,False,False,unavailable,2026-09-18,"The Odds API is configured and reachable, but has not yet posted this market for this fixture (bookmakers open different markets at different times before kickoff) -- genuinely unavailable, not a collector failure."
BUNDESLIGA2627_MW27_241_VfBStuttgart_FCSchalke04,2026-27,27,2027-03-19,2027-03-19T00:00:00+00:00,VfB Stuttgart,FC Schalke 04,,totals,,,,,,,,,,,,,,,,,,unknown,,decimal,2026-09-18T10:07:51+00:00,none_available,,False,False,unavailable,2026-09-18,"The Odds API is configured and reachable, but has not yet posted this market for this fixture (bookmakers open different markets at different times before kickoff) -- genuinely unavailable, not a collector failure."
BUNDESLIGA2627_MW27_242_RBLeipzig_1.FCUnionBerlin,2026-27,27,2027-03-19,2027-03-19T00:00:00+00:00,RB Leipzig,1. FC Union Berlin,,h2h,,,,,,,,,,,,,,,,,,unknown,,decimal,2026-09-18T10:07:51+00:00,none_available,,False,False,unavailable,2026-09-18,"The Odds API is configured and reachable, but has not yet posted this market for this fixture (bookmakers open different markets at different times before kickoff) -- genuinely unavailable, not a collector failure."
BUNDESLIGA2627_MW27_242_RBLeipzig_1.FCUnionBerlin,2026-27,27,2027-03-19,2027-03-19T00:00:00+00:00,RB Leipzig,1. FC Union Berlin,,spreads,,,,,,,,,,,,,,,,,,unknown,,decimal,2026-09-18T10:07:51+00:00,none_available,,False,False,unavailable,2026-09-18,"The Odds API is configured and reachable, but has not yet posted this market for this fixture (bookmakers open different markets at different times before kickoff) -- genuinely unavailable, not a collector failure."
BUNDESLIGA2627_MW27_242_RBLeipzig_1.FCUnionBerlin,2026-27,27,2027-03-19,2027-03-19T00:00:00+00:00,RB Leipzig,1. FC Union Berlin,,totals,,,,,,,,,,,,,,,,,,unknown,,decimal,2026-09-18T10:07:51+00:00,none_available,,False,False,unavailable,2026-09-18,"The Odds API is configured and reachable, but has not yet posted this market for this fixture (bookmakers open different markets at different times before kickoff) -- genuinely unavailable, not a collector failure."
BUNDESLIGA2627_MW27_243_BorussiaDortmund_BorussiaMönchengladbach,2026-27,27,2027-03-19,2027-03-19T00:00:00+00:00,Borussia Dortmund,Borussia Mönchengladbach,,h2h,,,,,,,,,,,,,,,,,,unknown,,decimal,2026-09-18T10:07:51+00:00,none_available,,False,False,unavailable,2026-09-18,"The Odds API is configured and reachable, but has not yet posted this market for this fixture (bookmakers open different markets at different times before kickoff) -- genuinely unavailable, not a collector failure."
BUNDESLIGA2627_MW27_243_BorussiaDortmund_BorussiaMönchengladbach,2026-27,27,2027-03-19,2027-03-19T00:00:00+00:00,Borussia Dortmund,Borussia Mönchengladbach,,spreads,,,,,,,,,,,,,,,,,,unknown,,decimal,2026-09-18T10:07:51+00:00,none_available,,False,False,unavailable,2026-09-18,"The Odds API is configured and reachable, but has not yet posted this market for this fixture (bookmakers open different markets at different times before kickoff) -- genuinely unavailable, not a collector failure."
BUNDESLIGA2627_MW27_243_BorussiaDortmund_BorussiaMönchengladbach,2026-27,27,2027-03-19,2027-03-19T00:00:00+00:00,Borussia Dortmund,Borussia Mönchengladbach,,totals,,,,,,,,,,,,,,,,,,unknown,,decimal,2026-09-18T10:07:51+00:00,none_available,,False,False,unavailable,2026-09-18,"The Odds API is configured and reachable, but has not yet posted this market for this fixture (bookmakers open different markets at different times before kickoff) -- genuinely unavailable, not a collector failure."
BUNDESLIGA2627_MW28_244_SVElversberg_1.FCKöln,2026-27,28,2027-04-02,2027-04-02T00:00:00+00:00,SV Elversberg,1. FC Köln,,h2h,,,,,,,,,,,,,,,,,,unknown,,decimal,2026-09-18T10:07:51+00:00,none_available,,False,False,unavailable,2026-09-18,"The Odds API is configured and reachable, but has not yet posted this market for this fixture (bookmakers open different markets at different times before kickoff) -- genuinely unavailable, not a collector failure."
BUNDESLIGA2627_MW28_244_SVElversberg_1.FCKöln,2026-27,28,2027-04-02,2027-04-02T00:00:00+00:00,SV Elversberg,1. FC Köln,,spreads,,,,,,,,,,,,,,,,,,unknown,,decimal,2026-09-18T10:07:51+00:00,none_available,,False,False,unavailable,2026-09-18,"The Odds API is configured and reachable, but has not yet posted this market for this fixture (bookmakers open different markets at different times before kickoff) -- genuinely unavailable, not a collector failure."
BUNDESLIGA2627_MW28_244_SVElversberg_1.FCKöln,2026-27,28,2027-04-02,2027-04-02T00:00:00+00:00,SV Elversberg,1. FC Köln,,totals,,,,,,,,,,,,,,,,,,unknown,,decimal,2026-09-18T10:07:51+00:00,none_available,,False,False,unavailable,2026-09-18,"The Odds API is configured and reachable, but has not yet posted this market for this fixture (bookmakers open different markets at different times before kickoff) -- genuinely unavailable, not a collector failure."
BUNDESLIGA2627_MW28_245_FCSchalke04_SCPaderborn07,2026-27,28,2027-04-02,2027-04-02T00:00:00+00:00,FC Schalke 04,SC Paderborn 07,,h2h,,,,,,,,,,,,,,,,,,unknown,,decimal,2026-09-18T10:07:51+00:00,none_available,,False,False,unavailable,2026-09-18,"The Odds API is configured and reachable, but has not yet posted this market for this fixture (bookmakers open different markets at different times before kickoff) -- genuinely unavailable, not a collector failure."
BUNDESLIGA2627_MW28_245_FCSchalke04_SCPaderborn07,2026-27,28,2027-04-02,2027-04-02T00:00:00+00:00,FC Schalke 04,SC Paderborn 07,,spreads,,,,,,,,,,,,,,,,,,unknown,,decimal,2026-09-18T10:07:51+00:00,none_available,,False,False,unavailable,2026-09-18,"The Odds API is configured and reachable, but has not yet posted this market for this fixture (bookmakers open different markets at different times before kickoff) -- genuinely unavailable, not a collector failure."
BUNDESLIGA2627_MW28_245_FCSchalke04_SCPaderborn07,2026-27,28,2027-04-02,2027-04-02T00:00:00+00:00,FC Schalke 04,SC Paderborn 07,,totals,,,,,,,,,,,,,,,,,,unknown,,decimal,2026-09-18T10:07:51+00:00,none_available,,False,False,unavailable,2026-09-18,"The Odds API is configured and reachable, but has not yet posted this market for this fixture (bookmakers open different markets at different times before kickoff) -- genuinely unavailable, not a collector failure."
BUNDESLIGA2627_MW28_246_BorussiaMönchengladbach_SVWerderBremen,2026-27,28,2027-04-02,2027-04-02T00:00:00+00:00,Borussia Mönchengladbach,SV Werder Bremen,,h2h,,,,,,,,,,,,,,,,,,unknown,,decimal,2026-09-18T10:07:51+00:00,none_available,,False,False,unavailable,2026-09-18,"The Odds API is configured and reachable, but has not yet posted this market for this fixture (bookmakers open different markets at different times before kickoff) -- genuinely unavailable, not a collector failure."
BUNDESLIGA2627_MW28_246_BorussiaMönchengladbach_SVWerderBremen,2026-27,28,2027-04-02,2027-04-02T00:00:00+00:00,Borussia Mönchengladbach,SV Werder Bremen,,spreads,,,,,,,,,,,,,,,,,,unknown,,decimal,2026-09-18T10:07:51+00:00,none_available,,False,False,unavailable,2026-09-18,"The Odds API is configured and reachable, but has not yet posted this market for this fixture (bookmakers open different markets at different times before kickoff) -- genuinely unavailable, not a collector failure."
BUNDESLIGA2627_MW28_246_BorussiaMönchengladbach_SVWerderBremen,2026-27,28,2027-04-02,2027-04-02T00:00:00+00:00,Borussia Mönchengladbach,SV Werder Bremen,,totals,,,,,,,,,,,,,,,,,,unknown,,decimal,2026-09-18T10:07:51+00:00,none_available,,False,False,unavailable,2026-09-18,"The Odds API is configured and reachable, but has not yet posted this market for this fixture (bookmakers open different markets at different times before kickoff) -- genuinely unavailable, not a collector failure."
BUNDESLIGA2627_MW28_247_1.FCUnionBerlin_1.FSVMainz05,2026-27,28,2027-04-02,2027-04-02T00:00:00+00:00,1. FC Union Berlin,1. FSV Mainz 05,,h2h,,,,,,,,,,,,,,,,,,unknown,,decimal,2026-09-18T10:07:51+00:00,none_available,,False,False,unavailable,2026-09-18,"The Odds API is configured and reachable, but has not yet posted this market for this fixture (bookmakers open different markets at different times before kickoff) -- genuinely unavailable, not a collector failure."
BUNDESLIGA2627_MW28_247_1.FCUnionBerlin_1.FSVMainz05,2026-27,28,2027-04-02,2027-04-02T00:00:00+00:00,1. FC Union Berlin,1. FSV Mainz 05,,spreads,,,,,,,,,,,,,,,,,,unknown,,decimal,2026-09-18T10:07:51+00:00,none_available,,False,False,unavailable,2026-09-18,"The Odds API is configured and reachable, but has not yet posted this market for this fixture (bookmakers open different markets at different times before kickoff) -- genuinely unavailable, not a collector failure."
BUNDESLIGA2627_MW28_247_1.FCUnionBerlin_1.FSVMainz05,2026-27,28,2027-04-02,2027-04-02T00:00:00+00:00,1. FC Union Berlin,1. FSV Mainz 05,,totals,,,,,,,,,,,,,,,,,,unknown,,decimal,2026-09-18T10:07:51+00:00,none_available,,False,False,unavailable,2026-09-18,"The Odds API is configured and reachable, but has not yet posted this market for this fixture (bookmakers open different markets at different times before kickoff) -- genuinely unavailable, not a collector failure."
BUNDESLIGA2627_MW28_248_FCAugsburg_TSGHoffenheim,2026-27,28,2027-04-02,2027-04-02T00:00:00+00:00,FC Augsburg,TSG Hoffenheim,,h2h,,,,,,,,,,,,,,,,,,unknown,,decimal,2026-09-18T10:07:51+00:00,none_available,,False,False,unavailable,2026-09-18,"The Odds API is configured and reachable, but has not yet posted this market for this fixture (bookmakers open different markets at different times before kickoff) -- genuinely unavailable, not a collector failure."
BUNDESLIGA2627_MW28_248_FCAugsburg_TSGHoffenheim,2026-27,28,2027-04-02,2027-04-02T00:00:00+00:00,FC Augsburg,TSG Hoffenheim,,spreads,,,,,,,,,,,,,,,,,,unknown,,decimal,2026-09-18T10:07:51+00:00,none_available,,False,False,unavailable,2026-09-18,"The Odds API is configured and reachable, but has not yet posted this market for this fixture (bookmakers open different markets at different times before kickoff) -- genuinely unavailable, not a collector failure."
BUNDESLIGA2627_MW28_248_FCAugsburg_TSGHoffenheim,2026-27,28,2027-04-02,2027-04-02T00:00:00+00:00,FC Augsburg,TSG Hoffenheim,,totals,,,,,,,,,,,,,,,,,,unknown,,decimal,2026-09-18T10:07:51+00:00,none_available,,False,False,unavailable,2026-09-18,"The Odds API is configured and reachable, but has not yet posted this market for this fixture (bookmakers open different markets at different times before kickoff) -- genuinely unavailable, not a collector failure."
BUNDESLIGA2627_MW28_249_EintrachtFrankfurt_VfBStuttgart,2026-27,28,2027-04-02,2027-04-02T00:00:00+00:00,Eintracht Frankfurt,VfB Stuttgart,,h2h,,,,,,,,,,,,,,,,,,unknown,,decimal,2026-09-18T10:07:51+00:00,none_available,,False,False,unavailable,2026-09-18,"The Odds API is configured and reachable, but has not yet posted this market for this fixture (bookmakers open different markets at different times before kickoff) -- genuinely unavailable, not a collector failure."
BUNDESLIGA2627_MW28_249_EintrachtFrankfurt_VfBStuttgart,2026-27,28,2027-04-02,2027-04-02T00:00:00+00:00,Eintracht Frankfurt,VfB Stuttgart,,spreads,,,,,,,,,,,,,,,,,,unknown,,decimal,2026-09-18T10:07:51+00:00,none_available,,False,False,unavailable,2026-09-18,"The Odds API is configured and reachable, but has not yet posted this market for this fixture (bookmakers open different markets at different times before kickoff) -- genuinely unavailable, not a collector failure."
BUNDESLIGA2627_MW28_249_EintrachtFrankfurt_VfBStuttgart,2026-27,28,2027-04-02,2027-04-02T00:00:00+00:00,Eintracht Frankfurt,VfB Stuttgart,,totals,,,,,,,,,,,,,,,,,,unknown,,decimal,2026-09-18T10:07:51+00:00,none_available,,False,False,unavailable,2026-09-18,"The Odds API is configured and reachable, but has not yet posted this market for this fixture (bookmakers open different markets at different times before kickoff) -- genuinely unavailable, not a collector failure."
BUNDESLIGA2627_MW28_250_Bayer04Leverkusen_BorussiaDortmund,2026-27,28,2027-04-02,2027-04-02T00:00:00+00:00,Bayer 04 Leverkusen,Borussia Dortmund,,h2h,,,,,,,,,,,,,,,,,,unknown,,decimal,2026-09-18T10:07:51+00:00,none_available,,False,False,unavailable,2026-09-18,"The Odds API is configured and reachable, but has not yet posted this market for this fixture (bookmakers open different markets at different times before kickoff) -- genuinely unavailable, not a collector failure."
BUNDESLIGA2627_MW28_250_Bayer04Leverkusen_BorussiaDortmund,2026-27,28,2027-04-02,2027-04-02T00:00:00+00:00,Bayer 04 Leverkusen,Borussia Dortmund,,spreads,,,,,,,,,,,,,,,,,,unknown,,decimal,2026-09-18T10:07:51+00:00,none_available,,False,False,unavailable,2026-09-18,"The Odds API is configured and reachable, but has not yet posted this market for this fixture (bookmakers open different markets at different times before kickoff) -- genuinely unavailable, not a collector failure."
BUNDESLIGA2627_MW28_250_Bayer04Leverkusen_BorussiaDortmund,2026-27,28,2027-04-02,2027-04-02T00:00:00+00:00,Bayer 04 Leverkusen,Borussia Dortmund,,totals,,,,,,,,,,,,,,,,,,unknown,,decimal,2026-09-18T10:07:51+00:00,none_available,,False,False,unavailable,2026-09-18,"The Odds API is configured and reachable, but has not yet posted this market for this fixture (bookmakers open different markets at different times before kickoff) -- genuinely unavailable, not a collector failure."
BUNDESLIGA2627_MW28_251_RBLeipzig_Sport-ClubFreiburg,2026-27,28,2027-04-02,2027-04-02T00:00:00+00:00,RB Leipzig,Sport-Club Freiburg,,h2h,,,,,,,,,,,,,,,,,,unknown,,decimal,2026-09-18T10:07:51+00:00,none_available,,False,False,unavailable,2026-09-18,"The Odds API is configured and reachable, but has not yet posted this market for this fixture (bookmakers open different markets at different times before kickoff) -- genuinely unavailable, not a collector failure."
BUNDESLIGA2627_MW28_251_RBLeipzig_Sport-ClubFreiburg,2026-27,28,2027-04-02,2027-04-02T00:00:00+00:00,RB Leipzig,Sport-Club Freiburg,,spreads,,,,,,,,,,,,,,,,,,unknown,,decimal,2026-09-18T10:07:51+00:00,none_available,,False,False,unavailable,2026-09-18,"The Odds API is configured and reachable, but has not yet posted this market for this fixture (bookmakers open different markets at different times before kickoff) -- genuinely unavailable, not a collector failure."
BUNDESLIGA2627_MW28_251_RBLeipzig_Sport-ClubFreiburg,2026-27,28,2027-04-02,2027-04-02T00:00:00+00:00,RB Leipzig,Sport-Club Freiburg,,totals,,,,,,,,,,,,,,,,,,unknown,,decimal,2026-09-18T10:07:51+00:00,none_available,,False,False,unavailable,2026-09-18,"The Odds API is configured and reachable, but has not yet posted this market for this fixture (bookmakers open different markets at different times before kickoff) -- genuinely unavailable, not a collector failure."
BUNDESLIGA2627_MW28_252_FCBayernMünchen_HamburgerSV,2026-27,28,2027-04-02,2027-04-02T00:00:00+00:00,FC Bayern München,Hamburger SV,,h2h,,,,,,,,,,,,,,,,,,unknown,,decimal,2026-09-18T10:07:51+00:00,none_available,,False,False,unavailable,2026-09-18,"The Odds API is configured and reachable, but has not yet posted this market for this fixture (bookmakers open different markets at different times before kickoff) -- genuinely unavailable, not a collector failure."
BUNDESLIGA2627_MW28_252_FCBayernMünchen_HamburgerSV,2026-27,28,2027-04-02,2027-04-02T00:00:00+00:00,FC Bayern München,Hamburger SV,,spreads,,,,,,,,,,,,,,,,,,unknown,,decimal,2026-09-18T10:07:51+00:00,none_available,,False,False,unavailable,2026-09-18,"The Odds API is configured and reachable, but has not yet posted this market for this fixture (bookmakers open different markets at different times before kickoff) -- genuinely unavailable, not a collector failure."
BUNDESLIGA2627_MW28_252_FCBayernMünchen_HamburgerSV,2026-27,28,2027-04-02,2027-04-02T00:00:00+00:00,FC Bayern München,Hamburger SV,,totals,,,,,,,,,,,,,,,,,,unknown,,decimal,2026-09-18T10:07:51+00:00,none_available,,False,False,unavailable,2026-09-18,"The Odds API is configured and reachable, but has not yet posted this market for this fixture (bookmakers open different markets at different times before kickoff) -- genuinely unavailable, not a collector failure."
BUNDESLIGA2627_MW29_253_SCPaderborn07_FCBayernMünchen,2026-27,29,2027-04-09,2027-04-09T00:00:00+00:00,SC Paderborn 07,FC Bayern München,,h2h,,,,,,,,,,,,,,,,,,unknown,,decimal,2026-09-18T10:07:51+00:00,none_available,,False,False,unavailable,2026-09-18,"The Odds API is configured and reachable, but has not yet posted this market for this fixture (bookmakers open different markets at different times before kickoff) -- genuinely unavailable, not a collector failure."
BUNDESLIGA2627_MW29_253_SCPaderborn07_FCBayernMünchen,2026-27,29,2027-04-09,2027-04-09T00:00:00+00:00,SC Paderborn 07,FC Bayern München,,spreads,,,,,,,,,,,,,,,,,,unknown,,decimal,2026-09-18T10:07:51+00:00,none_available,,False,False,unavailable,2026-09-18,"The Odds API is configured and reachable, but has not yet posted this market for this fixture (bookmakers open different markets at different times before kickoff) -- genuinely unavailable, not a collector failure."
BUNDESLIGA2627_MW29_253_SCPaderborn07_FCBayernMünchen,2026-27,29,2027-04-09,2027-04-09T00:00:00+00:00,SC Paderborn 07,FC Bayern München,,totals,,,,,,,,,,,,,,,,,,unknown,,decimal,2026-09-18T10:07:51+00:00,none_available,,False,False,unavailable,2026-09-18,"The Odds API is configured and reachable, but has not yet posted this market for this fixture (bookmakers open different markets at different times before kickoff) -- genuinely unavailable, not a collector failure."
BUNDESLIGA2627_MW29_254_SVWerderBremen_EintrachtFrankfurt,2026-27,29,2027-04-09,2027-04-09T00:00:00+00:00,SV Werder Bremen,Eintracht Frankfurt,,h2h,,,,,,,,,,,,,,,,,,unknown,,decimal,2026-09-18T10:07:51+00:00,none_available,,False,False,unavailable,2026-09-18,"The Odds API is configured and reachable, but has not yet posted this market for this fixture (bookmakers open different markets at different times before kickoff) -- genuinely unavailable, not a collector failure."
BUNDESLIGA2627_MW29_254_SVWerderBremen_EintrachtFrankfurt,2026-27,29,2027-04-09,2027-04-09T00:00:00+00:00,SV Werder Bremen,Eintracht Frankfurt,,spreads,,,,,,,,,,,,,,,,,,unknown,,decimal,2026-09-18T10:07:51+00:00,none_available,,False,False,unavailable,2026-09-18,"The Odds API is configured and reachable, but has not yet posted this market for this fixture (bookmakers open different markets at different times before kickoff) -- genuinely unavailable, not a collector failure."
BUNDESLIGA2627_MW29_254_SVWerderBremen_EintrachtFrankfurt,2026-27,29,2027-04-09,2027-04-09T00:00:00+00:00,SV Werder Bremen,Eintracht Frankfurt,,totals,,,,,,,,,,,,,,,,,,unknown,,decimal,2026-09-18T10:07:51+00:00,none_available,,False,False,unavailable,2026-09-18,"The Odds API is configured and reachable, but has not yet posted this market for this fixture (bookmakers open different markets at different times before kickoff) -- genuinely unavailable, not a collector failure."
BUNDESLIGA2627_MW29_255_1.FCKöln_FCAugsburg,2026-27,29,2027-04-09,2027-04-09T00:00:00+00:00,1. FC Köln,FC Augsburg,,h2h,,,,,,,,,,,,,,,,,,unknown,,decimal,2026-09-18T10:07:51+00:00,none_available,,False,False,unavailable,2026-09-18,"The Odds API is configured and reachable, but has not yet posted this market for this fixture (bookmakers open different markets at different times before kickoff) -- genuinely unavailable, not a collector failure."
BUNDESLIGA2627_MW29_255_1.FCKöln_FCAugsburg,2026-27,29,2027-04-09,2027-04-09T00:00:00+00:00,1. FC Köln,FC Augsburg,,spreads,,,,,,,,,,,,,,,,,,unknown,,decimal,2026-09-18T10:07:51+00:00,none_available,,False,False,unavailable,2026-09-18,"The Odds API is configured and reachable, but has not yet posted this market for this fixture (bookmakers open different markets at different times before kickoff) -- genuinely unavailable, not a collector failure."
BUNDESLIGA2627_MW29_255_1.FCKöln_FCAugsburg,2026-27,29,2027-04-09,2027-04-09T00:00:00+00:00,1. FC Köln,FC Augsburg,,totals,,,,,,,,,,,,,,,,,,unknown,,decimal,2026-09-18T10:07:51+00:00,none_available,,False,False,unavailable,2026-09-18,"The Odds API is configured and reachable, but has not yet posted this market for this fixture (bookmakers open different markets at different times before kickoff) -- genuinely unavailable, not a collector failure."
BUNDESLIGA2627_MW29_256_HamburgerSV_1.FCUnionBerlin,2026-27,29,2027-04-09,2027-04-09T00:00:00+00:00,Hamburger SV,1. FC Union Berlin,,h2h,,,,,,,,,,,,,,,,,,unknown,,decimal,2026-09-18T10:07:51+00:00,none_available,,False,False,unavailable,2026-09-18,"The Odds API is configured and reachable, but has not yet posted this market for this fixture (bookmakers open different markets at different times before kickoff) -- genuinely unavailable, not a collector failure."
BUNDESLIGA2627_MW29_256_HamburgerSV_1.FCUnionBerlin,2026-27,29,2027-04-09,2027-04-09T00:00:00+00:00,Hamburger SV,1. FC Union Berlin,,spreads,,,,,,,,,,,,,,,,,,unknown,,decimal,2026-09-18T10:07:51+00:00,none_available,,False,False,unavailable,2026-09-18,"The Odds API is configured and reachable, but has not yet posted this market for this fixture (bookmakers open different markets at different times before kickoff) -- genuinely unavailable, not a collector failure."
BUNDESLIGA2627_MW29_256_HamburgerSV_1.FCUnionBerlin,2026-27,29,2027-04-09,2027-04-09T00:00:00+00:00,Hamburger SV,1. FC Union Berlin,,totals,,,,,,,,,,,,,,,,,,unknown,,decimal,2026-09-18T10:07:51+00:00,none_available,,False,False,unavailable,2026-09-18,"The Odds API is configured and reachable, but has not yet posted this market for this fixture (bookmakers open different markets at different times before kickoff) -- genuinely unavailable, not a collector failure."
BUNDESLIGA2627_MW29_257_BorussiaMönchengladbach_Bayer04Leverkusen,2026-27,29,2027-04-09,2027-04-09T00:00:00+00:00,Borussia Mönchengladbach,Bayer 04 Leverkusen,,h2h,,,,,,,,,,,,,,,,,,unknown,,decimal,2026-09-18T10:07:51+00:00,none_available,,False,False,unavailable,2026-09-18,"The Odds API is configured and reachable, but has not yet posted this market for this fixture (bookmakers open different markets at different times before kickoff) -- genuinely unavailable, not a collector failure."
BUNDESLIGA2627_MW29_257_BorussiaMönchengladbach_Bayer04Leverkusen,2026-27,29,2027-04-09,2027-04-09T00:00:00+00:00,Borussia Mönchengladbach,Bayer 04 Leverkusen,,spreads,,,,,,,,,,,,,,,,,,unknown,,decimal,2026-09-18T10:07:51+00:00,none_available,,False,False,unavailable,2026-09-18,"The Odds API is configured and reachable, but has not yet posted this market for this fixture (bookmakers open different markets at different times before kickoff) -- genuinely unavailable, not a collector failure."
BUNDESLIGA2627_MW29_257_BorussiaMönchengladbach_Bayer04Leverkusen,2026-27,29,2027-04-09,2027-04-09T00:00:00+00:00,Borussia Mönchengladbach,Bayer 04 Leverkusen,,totals,,,,,,,,,,,,,,,,,,unknown,,decimal,2026-09-18T10:07:51+00:00,none_available,,False,False,unavailable,2026-09-18,"The Odds API is configured and reachable, but has not yet posted this market for this fixture (bookmakers open different markets at different times before kickoff) -- genuinely unavailable, not a collector failure."
BUNDESLIGA2627_MW29_258_1.FSVMainz05_RBLeipzig,2026-27,29,2027-04-09,2027-04-09T00:00:00+00:00,1. FSV Mainz 05,RB Leipzig,,h2h,,,,,,,,,,,,,,,,,,unknown,,decimal,2026-09-18T10:07:51+00:00,none_available,,False,False,unavailable,2026-09-18,"The Odds API is configured and reachable, but has not yet posted this market for this fixture (bookmakers open different markets at different times before kickoff) -- genuinely unavailable, not a collector failure."
BUNDESLIGA2627_MW29_258_1.FSVMainz05_RBLeipzig,2026-27,29,2027-04-09,2027-04-09T00:00:00+00:00,1. FSV Mainz 05,RB Leipzig,,spreads,,,,,,,,,,,,,,,,,,unknown,,decimal,2026-09-18T10:07:51+00:00,none_available,,False,False,unavailable,2026-09-18,"The Odds API is configured and reachable, but has not yet posted this market for this fixture (bookmakers open different markets at different times before kickoff) -- genuinely unavailable, not a collector failure."
BUNDESLIGA2627_MW29_258_1.FSVMainz05_RBLeipzig,2026-27,29,2027-04-09,2027-04-09T00:00:00+00:00,1. FSV Mainz 05,RB Leipzig,,totals,,,,,,,,,,,,,,,,,,unknown,,decimal,2026-09-18T10:07:51+00:00,none_available,,False,False,unavailable,2026-09-18,"The Odds API is configured and reachable, but has not yet posted this market for this fixture (bookmakers open different markets at different times before kickoff) -- genuinely unavailable, not a collector failure."
BUNDESLIGA2627_MW29_259_TSGHoffenheim_Sport-ClubFreiburg,2026-27,29,2027-04-09,2027-04-09T00:00:00+00:00,TSG Hoffenheim,Sport-Club Freiburg,,h2h,,,,,,,,,,,,,,,,,,unknown,,decimal,2026-09-18T10:07:51+00:00,none_available,,False,False,unavailable,2026-09-18,"The Odds API is configured and reachable, but has not yet posted this market for this fixture (bookmakers open different markets at different times before kickoff) -- genuinely unavailable, not a collector failure."
BUNDESLIGA2627_MW29_259_TSGHoffenheim_Sport-ClubFreiburg,2026-27,29,2027-04-09,2027-04-09T00:00:00+00:00,TSG Hoffenheim,Sport-Club Freiburg,,spreads,,,,,,,,,,,,,,,,,,unknown,,decimal,2026-09-18T10:07:51+00:00,none_available,,False,False,unavailable,2026-09-18,"The Odds API is configured and reachable, but has not yet posted this market for this fixture (bookmakers open different markets at different times before kickoff) -- genuinely unavailable, not a collector failure."
BUNDESLIGA2627_MW29_259_TSGHoffenheim_Sport-ClubFreiburg,2026-27,29,2027-04-09,2027-04-09T00:00:00+00:00,TSG Hoffenheim,Sport-Club Freiburg,,totals,,,,,,,,,,,,,,,,,,unknown,,decimal,2026-09-18T10:07:51+00:00,none_available,,False,False,unavailable,2026-09-18,"The Odds API is configured and reachable, but has not yet posted this market for this fixture (bookmakers open different markets at different times before kickoff) -- genuinely unavailable, not a collector failure."
BUNDESLIGA2627_MW29_260_VfBStuttgart_SVElversberg,2026-27,29,2027-04-09,2027-04-09T00:00:00+00:00,VfB Stuttgart,SV Elversberg,,h2h,,,,,,,,,,,,,,,,,,unknown,,decimal,2026-09-18T10:07:51+00:00,none_available,,False,False,unavailable,2026-09-18,"The Odds API is configured and reachable, but has not yet posted this market for this fixture (bookmakers open different markets at different times before kickoff) -- genuinely unavailable, not a collector failure."
BUNDESLIGA2627_MW29_260_VfBStuttgart_SVElversberg,2026-27,29,2027-04-09,2027-04-09T00:00:00+00:00,VfB Stuttgart,SV Elversberg,,spreads,,,,,,,,,,,,,,,,,,unknown,,decimal,2026-09-18T10:07:51+00:00,none_available,,False,False,unavailable,2026-09-18,"The Odds API is configured and reachable, but has not yet posted this market for this fixture (bookmakers open different markets at different times before kickoff) -- genuinely unavailable, not a collector failure."
BUNDESLIGA2627_MW29_260_VfBStuttgart_SVElversberg,2026-27,29,2027-04-09,2027-04-09T00:00:00+00:00,VfB Stuttgart,SV Elversberg,,totals,,,,,,,,,,,,,,,,,,unknown,,decimal,2026-09-18T10:07:51+00:00,none_available,,False,False,unavailable,2026-09-18,"The Odds API is configured and reachable, but has not yet posted this market for this fixture (bookmakers open different markets at different times before kickoff) -- genuinely unavailable, not a collector failure."
BUNDESLIGA2627_MW29_261_BorussiaDortmund_FCSchalke04,2026-27,29,2027-04-09,2027-04-09T00:00:00+00:00,Borussia Dortmund,FC Schalke 04,,h2h,,,,,,,,,,,,,,,,,,unknown,,decimal,2026-09-18T10:07:51+00:00,none_available,,False,False,unavailable,2026-09-18,"The Odds API is configured and reachable, but has not yet posted this market for this fixture (bookmakers open different markets at different times before kickoff) -- genuinely unavailable, not a collector failure."
BUNDESLIGA2627_MW29_261_BorussiaDortmund_FCSchalke04,2026-27,29,2027-04-09,2027-04-09T00:00:00+00:00,Borussia Dortmund,FC Schalke 04,,spreads,,,,,,,,,,,,,,,,,,unknown,,decimal,2026-09-18T10:07:51+00:00,none_available,,False,False,unavailable,2026-09-18,"The Odds API is configured and reachable, but has not yet posted this market for this fixture (bookmakers open different markets at different times before kickoff) -- genuinely unavailable, not a collector failure."
BUNDESLIGA2627_MW29_261_BorussiaDortmund_FCSchalke04,2026-27,29,2027-04-09,2027-04-09T00:00:00+00:00,Borussia Dortmund,FC Schalke 04,,totals,,,,,,,,,,,,,,,,,,unknown,,decimal,2026-09-18T10:07:51+00:00,none_available,,False,False,unavailable,2026-09-18,"The Odds API is configured and reachable, but has not yet posted this market for this fixture (bookmakers open different markets at different times before kickoff) -- genuinely unavailable, not a collector failure."
BUNDESLIGA2627_MW30_262_SVElversberg_SCPaderborn07,2026-27,30,2027-04-16,2027-04-16T00:00:00+00:00,SV Elversberg,SC Paderborn 07,,h2h,,,,,,,,,,,,,,,,,,unknown,,decimal,2026-09-18T10:07:51+00:00,none_available,,False,False,unavailable,2026-09-18,"The Odds API is configured and reachable, but has not yet posted this market for this fixture (bookmakers open different markets at different times before kickoff) -- genuinely unavailable, not a collector failure."
BUNDESLIGA2627_MW30_262_SVElversberg_SCPaderborn07,2026-27,30,2027-04-16,2027-04-16T00:00:00+00:00,SV Elversberg,SC Paderborn 07,,spreads,,,,,,,,,,,,,,,,,,unknown,,decimal,2026-09-18T10:07:51+00:00,none_available,,False,False,unavailable,2026-09-18,"The Odds API is configured and reachable, but has not yet posted this market for this fixture (bookmakers open different markets at different times before kickoff) -- genuinely unavailable, not a collector failure."
BUNDESLIGA2627_MW30_262_SVElversberg_SCPaderborn07,2026-27,30,2027-04-16,2027-04-16T00:00:00+00:00,SV Elversberg,SC Paderborn 07,,totals,,,,,,,,,,,,,,,,,,unknown,,decimal,2026-09-18T10:07:51+00:00,none_available,,False,False,unavailable,2026-09-18,"The Odds API is configured and reachable, but has not yet posted this market for this fixture (bookmakers open different markets at different times before kickoff) -- genuinely unavailable, not a collector failure."
BUNDESLIGA2627_MW30_263_FCSchalke04_HamburgerSV,2026-27,30,2027-04-16,2027-04-16T00:00:00+00:00,FC Schalke 04,Hamburger SV,,h2h,,,,,,,,,,,,,,,,,,unknown,,decimal,2026-09-18T10:07:51+00:00,none_available,,False,False,unavailable,2026-09-18,"The Odds API is configured and reachable, but has not yet posted this market for this fixture (bookmakers open different markets at different times before kickoff) -- genuinely unavailable, not a collector failure."
BUNDESLIGA2627_MW30_263_FCSchalke04_HamburgerSV,2026-27,30,2027-04-16,2027-04-16T00:00:00+00:00,FC Schalke 04,Hamburger SV,,spreads,,,,,,,,,,,,,,,,,,unknown,,decimal,2026-09-18T10:07:51+00:00,none_available,,False,False,unavailable,2026-09-18,"The Odds API is configured and reachable, but has not yet posted this market for this fixture (bookmakers open different markets at different times before kickoff) -- genuinely unavailable, not a collector failure."
BUNDESLIGA2627_MW30_263_FCSchalke04_HamburgerSV,2026-27,30,2027-04-16,2027-04-16T00:00:00+00:00,FC Schalke 04,Hamburger SV,,totals,,,,,,,,,,,,,,,,,,unknown,,decimal,2026-09-18T10:07:51+00:00,none_available,,False,False,unavailable,2026-09-18,"The Odds API is configured and reachable, but has not yet posted this market for this fixture (bookmakers open different markets at different times before kickoff) -- genuinely unavailable, not a collector failure."
BUNDESLIGA2627_MW30_264_1.FCUnionBerlin_VfBStuttgart,2026-27,30,2027-04-16,2027-04-16T00:00:00+00:00,1. FC Union Berlin,VfB Stuttgart,,h2h,,,,,,,,,,,,,,,,,,unknown,,decimal,2026-09-18T10:07:51+00:00,none_available,,False,False,unavailable,2026-09-18,"The Odds API is configured and reachable, but has not yet posted this market for this fixture (bookmakers open different markets at different times before kickoff) -- genuinely unavailable, not a collector failure."
BUNDESLIGA2627_MW30_264_1.FCUnionBerlin_VfBStuttgart,2026-27,30,2027-04-16,2027-04-16T00:00:00+00:00,1. FC Union Berlin,VfB Stuttgart,,spreads,,,,,,,,,,,,,,,,,,unknown,,decimal,2026-09-18T10:07:51+00:00,none_available,,False,False,unavailable,2026-09-18,"The Odds API is configured and reachable, but has not yet posted this market for this fixture (bookmakers open different markets at different times before kickoff) -- genuinely unavailable, not a collector failure."
BUNDESLIGA2627_MW30_264_1.FCUnionBerlin_VfBStuttgart,2026-27,30,2027-04-16,2027-04-16T00:00:00+00:00,1. FC Union Berlin,VfB Stuttgart,,totals,,,,,,,,,,,,,,,,,,unknown,,decimal,2026-09-18T10:07:51+00:00,none_available,,False,False,unavailable,2026-09-18,"The Odds API is configured and reachable, but has not yet posted this market for this fixture (bookmakers open different markets at different times before kickoff) -- genuinely unavailable, not a collector failure."
BUNDESLIGA2627_MW30_265_FCAugsburg_BorussiaDortmund,2026-27,30,2027-04-16,2027-04-16T00:00:00+00:00,FC Augsburg,Borussia Dortmund,,h2h,,,,,,,,,,,,,,,,,,unknown,,decimal,2026-09-18T10:07:51+00:00,none_available,,False,False,unavailable,2026-09-18,"The Odds API is configured and reachable, but has not yet posted this market for this fixture (bookmakers open different markets at different times before kickoff) -- genuinely unavailable, not a collector failure."
BUNDESLIGA2627_MW30_265_FCAugsburg_BorussiaDortmund,2026-27,30,2027-04-16,2027-04-16T00:00:00+00:00,FC Augsburg,Borussia Dortmund,,spreads,,,,,,,,,,,,,,,,,,unknown,,decimal,2026-09-18T10:07:51+00:00,none_available,,False,False,unavailable,2026-09-18,"The Odds API is configured and reachable, but has not yet posted this market for this fixture (bookmakers open different markets at different times before kickoff) -- genuinely unavailable, not a collector failure."
BUNDESLIGA2627_MW30_265_FCAugsburg_BorussiaDortmund,2026-27,30,2027-04-16,2027-04-16T00:00:00+00:00,FC Augsburg,Borussia Dortmund,,totals,,,,,,,,,,,,,,,,,,unknown,,decimal,2026-09-18T10:07:51+00:00,none_available,,False,False,unavailable,2026-09-18,"The Odds API is configured and reachable, but has not yet posted this market for this fixture (bookmakers open different markets at different times before kickoff) -- genuinely unavailable, not a collector failure."
BUNDESLIGA2627_MW30_266_EintrachtFrankfurt_BorussiaMönchengladbach,2026-27,30,2027-04-16,2027-04-16T00:00:00+00:00,Eintracht Frankfurt,Borussia Mönchengladbach,,h2h,,,,,,,,,,,,,,,,,,unknown,,decimal,2026-09-18T10:07:51+00:00,none_available,,False,False,unavailable,2026-09-18,"The Odds API is configured and reachable, but has not yet posted this market for this fixture (bookmakers open different markets at different times before kickoff) -- genuinely unavailable, not a collector failure."
BUNDESLIGA2627_MW30_266_EintrachtFrankfurt_BorussiaMönchengladbach,2026-27,30,2027-04-16,2027-04-16T00:00:00+00:00,Eintracht Frankfurt,Borussia Mönchengladbach,,spreads,,,,,,,,,,,,,,,,,,unknown,,decimal,2026-09-18T10:07:51+00:00,none_available,,False,False,unavailable,2026-09-18,"The Odds API is configured and reachable, but has not yet posted this market for this fixture (bookmakers open different markets at different times before kickoff) -- genuinely unavailable, not a collector failure."
BUNDESLIGA2627_MW30_266_EintrachtFrankfurt_BorussiaMönchengladbach,2026-27,30,2027-04-16,2027-04-16T00:00:00+00:00,Eintracht Frankfurt,Borussia Mönchengladbach,,totals,,,,,,,,,,,,,,,,,,unknown,,decimal,2026-09-18T10:07:51+00:00,none_available,,False,False,unavailable,2026-09-18,"The Odds API is configured and reachable, but has not yet posted this market for this fixture (bookmakers open different markets at different times before kickoff) -- genuinely unavailable, not a collector failure."
BUNDESLIGA2627_MW30_267_Sport-ClubFreiburg_1.FSVMainz05,2026-27,30,2027-04-16,2027-04-16T00:00:00+00:00,Sport-Club Freiburg,1. FSV Mainz 05,,h2h,,,,,,,,,,,,,,,,,,unknown,,decimal,2026-09-18T10:07:51+00:00,none_available,,False,False,unavailable,2026-09-18,"The Odds API is configured and reachable, but has not yet posted this market for this fixture (bookmakers open different markets at different times before kickoff) -- genuinely unavailable, not a collector failure."
BUNDESLIGA2627_MW30_267_Sport-ClubFreiburg_1.FSVMainz05,2026-27,30,2027-04-16,2027-04-16T00:00:00+00:00,Sport-Club Freiburg,1. FSV Mainz 05,,spreads,,,,,,,,,,,,,,,,,,unknown,,decimal,2026-09-18T10:07:51+00:00,none_available,,False,False,unavailable,2026-09-18,"The Odds API is configured and reachable, but has not yet posted this market for this fixture (bookmakers open different markets at different times before kickoff) -- genuinely unavailable, not a collector failure."
BUNDESLIGA2627_MW30_267_Sport-ClubFreiburg_1.FSVMainz05,2026-27,30,2027-04-16,2027-04-16T00:00:00+00:00,Sport-Club Freiburg,1. FSV Mainz 05,,totals,,,,,,,,,,,,,,,,,,unknown,,decimal,2026-09-18T10:07:51+00:00,none_available,,False,False,unavailable,2026-09-18,"The Odds API is configured and reachable, but has not yet posted this market for this fixture (bookmakers open different markets at different times before kickoff) -- genuinely unavailable, not a collector failure."
BUNDESLIGA2627_MW30_268_Bayer04Leverkusen_SVWerderBremen,2026-27,30,2027-04-16,2027-04-16T00:00:00+00:00,Bayer 04 Leverkusen,SV Werder Bremen,,h2h,,,,,,,,,,,,,,,,,,unknown,,decimal,2026-09-18T10:07:51+00:00,none_available,,False,False,unavailable,2026-09-18,"The Odds API is configured and reachable, but has not yet posted this market for this fixture (bookmakers open different markets at different times before kickoff) -- genuinely unavailable, not a collector failure."
BUNDESLIGA2627_MW30_268_Bayer04Leverkusen_SVWerderBremen,2026-27,30,2027-04-16,2027-04-16T00:00:00+00:00,Bayer 04 Leverkusen,SV Werder Bremen,,spreads,,,,,,,,,,,,,,,,,,unknown,,decimal,2026-09-18T10:07:51+00:00,none_available,,False,False,unavailable,2026-09-18,"The Odds API is configured and reachable, but has not yet posted this market for this fixture (bookmakers open different markets at different times before kickoff) -- genuinely unavailable, not a collector failure."
BUNDESLIGA2627_MW30_268_Bayer04Leverkusen_SVWerderBremen,2026-27,30,2027-04-16,2027-04-16T00:00:00+00:00,Bayer 04 Leverkusen,SV Werder Bremen,,totals,,,,,,,,,,,,,,,,,,unknown,,decimal,2026-09-18T10:07:51+00:00,none_available,,False,False,unavailable,2026-09-18,"The Odds API is configured and reachable, but has not yet posted this market for this fixture (bookmakers open different markets at different times before kickoff) -- genuinely unavailable, not a collector failure."
BUNDESLIGA2627_MW30_269_RBLeipzig_1.FCKöln,2026-27,30,2027-04-16,2027-04-16T00:00:00+00:00,RB Leipzig,1. FC Köln,,h2h,,,,,,,,,,,,,,,,,,unknown,,decimal,2026-09-18T10:07:51+00:00,none_available,,False,False,unavailable,2026-09-18,"The Odds API is configured and reachable, but has not yet posted this market for this fixture (bookmakers open different markets at different times before kickoff) -- genuinely unavailable, not a collector failure."
BUNDESLIGA2627_MW30_269_RBLeipzig_1.FCKöln,2026-27,30,2027-04-16,2027-04-16T00:00:00+00:00,RB Leipzig,1. FC Köln,,spreads,,,,,,,,,,,,,,,,,,unknown,,decimal,2026-09-18T10:07:51+00:00,none_available,,False,False,unavailable,2026-09-18,"The Odds API is configured and reachable, but has not yet posted this market for this fixture (bookmakers open different markets at different times before kickoff) -- genuinely unavailable, not a collector failure."
BUNDESLIGA2627_MW30_269_RBLeipzig_1.FCKöln,2026-27,30,2027-04-16,2027-04-16T00:00:00+00:00,RB Leipzig,1. FC Köln,,totals,,,,,,,,,,,,,,,,,,unknown,,decimal,2026-09-18T10:07:51+00:00,none_available,,False,False,unavailable,2026-09-18,"The Odds API is configured and reachable, but has not yet posted this market for this fixture (bookmakers open different markets at different times before kickoff) -- genuinely unavailable, not a collector failure."
BUNDESLIGA2627_MW30_270_FCBayernMünchen_TSGHoffenheim,2026-27,30,2027-04-16,2027-04-16T00:00:00+00:00,FC Bayern München,TSG Hoffenheim,,h2h,,,,,,,,,,,,,,,,,,unknown,,decimal,2026-09-18T10:07:51+00:00,none_available,,False,False,unavailable,2026-09-18,"The Odds API is configured and reachable, but has not yet posted this market for this fixture (bookmakers open different markets at different times before kickoff) -- genuinely unavailable, not a collector failure."
BUNDESLIGA2627_MW30_270_FCBayernMünchen_TSGHoffenheim,2026-27,30,2027-04-16,2027-04-16T00:00:00+00:00,FC Bayern München,TSG Hoffenheim,,spreads,,,,,,,,,,,,,,,,,,unknown,,decimal,2026-09-18T10:07:51+00:00,none_available,,False,False,unavailable,2026-09-18,"The Odds API is configured and reachable, but has not yet posted this market for this fixture (bookmakers open different markets at different times before kickoff) -- genuinely unavailable, not a collector failure."
BUNDESLIGA2627_MW30_270_FCBayernMünchen_TSGHoffenheim,2026-27,30,2027-04-16,2027-04-16T00:00:00+00:00,FC Bayern München,TSG Hoffenheim,,totals,,,,,,,,,,,,,,,,,,unknown,,decimal,2026-09-18T10:07:51+00:00,none_available,,False,False,unavailable,2026-09-18,"The Odds API is configured and reachable, but has not yet posted this market for this fixture (bookmakers open different markets at different times before kickoff) -- genuinely unavailable, not a collector failure."
BUNDESLIGA2627_MW31_271_SCPaderborn07_FCAugsburg,2026-27,31,2027-04-23,2027-04-23T00:00:00+00:00,SC Paderborn 07,FC Augsburg,,h2h,,,,,,,,,,,,,,,,,,unknown,,decimal,2026-09-18T10:07:51+00:00,none_available,,False,False,unavailable,2026-09-18,"The Odds API is configured and reachable, but has not yet posted this market for this fixture (bookmakers open different markets at different times before kickoff) -- genuinely unavailable, not a collector failure."
BUNDESLIGA2627_MW31_271_SCPaderborn07_FCAugsburg,2026-27,31,2027-04-23,2027-04-23T00:00:00+00:00,SC Paderborn 07,FC Augsburg,,spreads,,,,,,,,,,,,,,,,,,unknown,,decimal,2026-09-18T10:07:51+00:00,none_available,,False,False,unavailable,2026-09-18,"The Odds API is configured and reachable, but has not yet posted this market for this fixture (bookmakers open different markets at different times before kickoff) -- genuinely unavailable, not a collector failure."
BUNDESLIGA2627_MW31_271_SCPaderborn07_FCAugsburg,2026-27,31,2027-04-23,2027-04-23T00:00:00+00:00,SC Paderborn 07,FC Augsburg,,totals,,,,,,,,,,,,,,,,,,unknown,,decimal,2026-09-18T10:07:51+00:00,none_available,,False,False,unavailable,2026-09-18,"The Odds API is configured and reachable, but has not yet posted this market for this fixture (bookmakers open different markets at different times before kickoff) -- genuinely unavailable, not a collector failure."
BUNDESLIGA2627_MW31_272_SVWerderBremen_FCBayernMünchen,2026-27,31,2027-04-23,2027-04-23T00:00:00+00:00,SV Werder Bremen,FC Bayern München,,h2h,,,,,,,,,,,,,,,,,,unknown,,decimal,2026-09-18T10:07:51+00:00,none_available,,False,False,unavailable,2026-09-18,"The Odds API is configured and reachable, but has not yet posted this market for this fixture (bookmakers open different markets at different times before kickoff) -- genuinely unavailable, not a collector failure."
BUNDESLIGA2627_MW31_272_SVWerderBremen_FCBayernMünchen,2026-27,31,2027-04-23,2027-04-23T00:00:00+00:00,SV Werder Bremen,FC Bayern München,,spreads,,,,,,,,,,,,,,,,,,unknown,,decimal,2026-09-18T10:07:51+00:00,none_available,,False,False,unavailable,2026-09-18,"The Odds API is configured and reachable, but has not yet posted this market for this fixture (bookmakers open different markets at different times before kickoff) -- genuinely unavailable, not a collector failure."
BUNDESLIGA2627_MW31_272_SVWerderBremen_FCBayernMünchen,2026-27,31,2027-04-23,2027-04-23T00:00:00+00:00,SV Werder Bremen,FC Bayern München,,totals,,,,,,,,,,,,,,,,,,unknown,,decimal,2026-09-18T10:07:51+00:00,none_available,,False,False,unavailable,2026-09-18,"The Odds API is configured and reachable, but has not yet posted this market for this fixture (bookmakers open different markets at different times before kickoff) -- genuinely unavailable, not a collector failure."
BUNDESLIGA2627_MW31_273_1.FCKöln_1.FSVMainz05,2026-27,31,2027-04-23,2027-04-23T00:00:00+00:00,1. FC Köln,1. FSV Mainz 05,,h2h,,,,,,,,,,,,,,,,,,unknown,,decimal,2026-09-18T10:07:51+00:00,none_available,,False,False,unavailable,2026-09-18,"The Odds API is configured and reachable, but has not yet posted this market for this fixture (bookmakers open different markets at different times before kickoff) -- genuinely unavailable, not a collector failure."
BUNDESLIGA2627_MW31_273_1.FCKöln_1.FSVMainz05,2026-27,31,2027-04-23,2027-04-23T00:00:00+00:00,1. FC Köln,1. FSV Mainz 05,,spreads,,,,,,,,,,,,,,,,,,unknown,,decimal,2026-09-18T10:07:51+00:00,none_available,,False,False,unavailable,2026-09-18,"The Odds API is configured and reachable, but has not yet posted this market for this fixture (bookmakers open different markets at different times before kickoff) -- genuinely unavailable, not a collector failure."
BUNDESLIGA2627_MW31_273_1.FCKöln_1.FSVMainz05,2026-27,31,2027-04-23,2027-04-23T00:00:00+00:00,1. FC Köln,1. FSV Mainz 05,,totals,,,,,,,,,,,,,,,,,,unknown,,decimal,2026-09-18T10:07:51+00:00,none_available,,False,False,unavailable,2026-09-18,"The Odds API is configured and reachable, but has not yet posted this market for this fixture (bookmakers open different markets at different times before kickoff) -- genuinely unavailable, not a collector failure."
BUNDESLIGA2627_MW31_274_HamburgerSV_SVElversberg,2026-27,31,2027-04-23,2027-04-23T00:00:00+00:00,Hamburger SV,SV Elversberg,,h2h,,,,,,,,,,,,,,,,,,unknown,,decimal,2026-09-18T10:07:51+00:00,none_available,,False,False,unavailable,2026-09-18,"The Odds API is configured and reachable, but has not yet posted this market for this fixture (bookmakers open different markets at different times before kickoff) -- genuinely unavailable, not a collector failure."
BUNDESLIGA2627_MW31_274_HamburgerSV_SVElversberg,2026-27,31,2027-04-23,2027-04-23T00:00:00+00:00,Hamburger SV,SV Elversberg,,spreads,,,,,,,,,,,,,,,,,,unknown,,decimal,2026-09-18T10:07:51+00:00,none_available,,False,False,unavailable,2026-09-18,"The Odds API is configured and reachable, but has not yet posted this market for this fixture (bookmakers open different markets at different times before kickoff) -- genuinely unavailable, not a collector failure."
BUNDESLIGA2627_MW31_274_HamburgerSV_SVElversberg,2026-27,31,2027-04-23,2027-04-23T00:00:00+00:00,Hamburger SV,SV Elversberg,,totals,,,,,,,,,,,,,,,,,,unknown,,decimal,2026-09-18T10:07:51+00:00,none_available,,False,False,unavailable,2026-09-18,"The Odds API is configured and reachable, but has not yet posted this market for this fixture (bookmakers open different markets at different times before kickoff) -- genuinely unavailable, not a collector failure."
BUNDESLIGA2627_MW31_275_BorussiaMönchengladbach_FCSchalke04,2026-27,31,2027-04-23,2027-04-23T00:00:00+00:00,Borussia Mönchengladbach,FC Schalke 04,,h2h,,,,,,,,,,,,,,,,,,unknown,,decimal,2026-09-18T10:07:51+00:00,none_available,,False,False,unavailable,2026-09-18,"The Odds API is configured and reachable, but has not yet posted this market for this fixture (bookmakers open different markets at different times before kickoff) -- genuinely unavailable, not a collector failure."
BUNDESLIGA2627_MW31_275_BorussiaMönchengladbach_FCSchalke04,2026-27,31,2027-04-23,2027-04-23T00:00:00+00:00,Borussia Mönchengladbach,FC Schalke 04,,spreads,,,,,,,,,,,,,,,,,,unknown,,decimal,2026-09-18T10:07:51+00:00,none_available,,False,False,unavailable,2026-09-18,"The Odds API is configured and reachable, but has not yet posted this market for this fixture (bookmakers open different markets at different times before kickoff) -- genuinely unavailable, not a collector failure."
BUNDESLIGA2627_MW31_275_BorussiaMönchengladbach_FCSchalke04,2026-27,31,2027-04-23,2027-04-23T00:00:00+00:00,Borussia Mönchengladbach,FC Schalke 04,,totals,,,,,,,,,,,,,,,,,,unknown,,decimal,2026-09-18T10:07:51+00:00,none_available,,False,False,unavailable,2026-09-18,"The Odds API is configured and reachable, but has not yet posted this market for this fixture (bookmakers open different markets at different times before kickoff) -- genuinely unavailable, not a collector failure."
BUNDESLIGA2627_MW31_276_EintrachtFrankfurt_Bayer04Leverkusen,2026-27,31,2027-04-23,2027-04-23T00:00:00+00:00,Eintracht Frankfurt,Bayer 04 Leverkusen,,h2h,,,,,,,,,,,,,,,,,,unknown,,decimal,2026-09-18T10:07:51+00:00,none_available,,False,False,unavailable,2026-09-18,"The Odds API is configured and reachable, but has not yet posted this market for this fixture (bookmakers open different markets at different times before kickoff) -- genuinely unavailable, not a collector failure."
BUNDESLIGA2627_MW31_276_EintrachtFrankfurt_Bayer04Leverkusen,2026-27,31,2027-04-23,2027-04-23T00:00:00+00:00,Eintracht Frankfurt,Bayer 04 Leverkusen,,spreads,,,,,,,,,,,,,,,,,,unknown,,decimal,2026-09-18T10:07:51+00:00,none_available,,False,False,unavailable,2026-09-18,"The Odds API is configured and reachable, but has not yet posted this market for this fixture (bookmakers open different markets at different times before kickoff) -- genuinely unavailable, not a collector failure."
BUNDESLIGA2627_MW31_276_EintrachtFrankfurt_Bayer04Leverkusen,2026-27,31,2027-04-23,2027-04-23T00:00:00+00:00,Eintracht Frankfurt,Bayer 04 Leverkusen,,totals,,,,,,,,,,,,,,,,,,unknown,,decimal,2026-09-18T10:07:51+00:00,none_available,,False,False,unavailable,2026-09-18,"The Odds API is configured and reachable, but has not yet posted this market for this fixture (bookmakers open different markets at different times before kickoff) -- genuinely unavailable, not a collector failure."
BUNDESLIGA2627_MW31_277_TSGHoffenheim_1.FCUnionBerlin,2026-27,31,2027-04-23,2027-04-23T00:00:00+00:00,TSG Hoffenheim,1. FC Union Berlin,,h2h,,,,,,,,,,,,,,,,,,unknown,,decimal,2026-09-18T10:07:51+00:00,none_available,,False,False,unavailable,2026-09-18,"The Odds API is configured and reachable, but has not yet posted this market for this fixture (bookmakers open different markets at different times before kickoff) -- genuinely unavailable, not a collector failure."
BUNDESLIGA2627_MW31_277_TSGHoffenheim_1.FCUnionBerlin,2026-27,31,2027-04-23,2027-04-23T00:00:00+00:00,TSG Hoffenheim,1. FC Union Berlin,,spreads,,,,,,,,,,,,,,,,,,unknown,,decimal,2026-09-18T10:07:51+00:00,none_available,,False,False,unavailable,2026-09-18,"The Odds API is configured and reachable, but has not yet posted this market for this fixture (bookmakers open different markets at different times before kickoff) -- genuinely unavailable, not a collector failure."
BUNDESLIGA2627_MW31_277_TSGHoffenheim_1.FCUnionBerlin,2026-27,31,2027-04-23,2027-04-23T00:00:00+00:00,TSG Hoffenheim,1. FC Union Berlin,,totals,,,,,,,,,,,,,,,,,,unknown,,decimal,2026-09-18T10:07:51+00:00,none_available,,False,False,unavailable,2026-09-18,"The Odds API is configured and reachable, but has not yet posted this market for this fixture (bookmakers open different markets at different times before kickoff) -- genuinely unavailable, not a collector failure."
BUNDESLIGA2627_MW31_278_VfBStuttgart_Sport-ClubFreiburg,2026-27,31,2027-04-23,2027-04-23T00:00:00+00:00,VfB Stuttgart,Sport-Club Freiburg,,h2h,,,,,,,,,,,,,,,,,,unknown,,decimal,2026-09-18T10:07:51+00:00,none_available,,False,False,unavailable,2026-09-18,"The Odds API is configured and reachable, but has not yet posted this market for this fixture (bookmakers open different markets at different times before kickoff) -- genuinely unavailable, not a collector failure."
BUNDESLIGA2627_MW31_278_VfBStuttgart_Sport-ClubFreiburg,2026-27,31,2027-04-23,2027-04-23T00:00:00+00:00,VfB Stuttgart,Sport-Club Freiburg,,spreads,,,,,,,,,,,,,,,,,,unknown,,decimal,2026-09-18T10:07:51+00:00,none_available,,False,False,unavailable,2026-09-18,"The Odds API is configured and reachable, but has not yet posted this market for this fixture (bookmakers open different markets at different times before kickoff) -- genuinely unavailable, not a collector failure."
BUNDESLIGA2627_MW31_278_VfBStuttgart_Sport-ClubFreiburg,2026-27,31,2027-04-23,2027-04-23T00:00:00+00:00,VfB Stuttgart,Sport-Club Freiburg,,totals,,,,,,,,,,,,,,,,,,unknown,,decimal,2026-09-18T10:07:51+00:00,none_available,,False,False,unavailable,2026-09-18,"The Odds API is configured and reachable, but has not yet posted this market for this fixture (bookmakers open different markets at different times before kickoff) -- genuinely unavailable, not a collector failure."
BUNDESLIGA2627_MW31_279_BorussiaDortmund_RBLeipzig,2026-27,31,2027-04-23,2027-04-23T00:00:00+00:00,Borussia Dortmund,RB Leipzig,,h2h,,,,,,,,,,,,,,,,,,unknown,,decimal,2026-09-18T10:07:51+00:00,none_available,,False,False,unavailable,2026-09-18,"The Odds API is configured and reachable, but has not yet posted this market for this fixture (bookmakers open different markets at different times before kickoff) -- genuinely unavailable, not a collector failure."
BUNDESLIGA2627_MW31_279_BorussiaDortmund_RBLeipzig,2026-27,31,2027-04-23,2027-04-23T00:00:00+00:00,Borussia Dortmund,RB Leipzig,,spreads,,,,,,,,,,,,,,,,,,unknown,,decimal,2026-09-18T10:07:51+00:00,none_available,,False,False,unavailable,2026-09-18,"The Odds API is configured and reachable, but has not yet posted this market for this fixture (bookmakers open different markets at different times before kickoff) -- genuinely unavailable, not a collector failure."
BUNDESLIGA2627_MW31_279_BorussiaDortmund_RBLeipzig,2026-27,31,2027-04-23,2027-04-23T00:00:00+00:00,Borussia Dortmund,RB Leipzig,,totals,,,,,,,,,,,,,,,,,,unknown,,decimal,2026-09-18T10:07:51+00:00,none_available,,False,False,unavailable,2026-09-18,"The Odds API is configured and reachable, but has not yet posted this market for this fixture (bookmakers open different markets at different times before kickoff) -- genuinely unavailable, not a collector failure."
BUNDESLIGA2627_MW32_280_SVElversberg_TSGHoffenheim,2026-27,32,2027-05-07,2027-05-07T00:00:00+00:00,SV Elversberg,TSG Hoffenheim,,h2h,,,,,,,,,,,,,,,,,,unknown,,decimal,2026-09-18T10:07:51+00:00,none_available,,False,False,unavailable,2026-09-18,"The Odds API is configured and reachable, but has not yet posted this market for this fixture (bookmakers open different markets at different times before kickoff) -- genuinely unavailable, not a collector failure."
BUNDESLIGA2627_MW32_280_SVElversberg_TSGHoffenheim,2026-27,32,2027-05-07,2027-05-07T00:00:00+00:00,SV Elversberg,TSG Hoffenheim,,spreads,,,,,,,,,,,,,,,,,,unknown,,decimal,2026-09-18T10:07:51+00:00,none_available,,False,False,unavailable,2026-09-18,"The Odds API is configured and reachable, but has not yet posted this market for this fixture (bookmakers open different markets at different times before kickoff) -- genuinely unavailable, not a collector failure."
BUNDESLIGA2627_MW32_280_SVElversberg_TSGHoffenheim,2026-27,32,2027-05-07,2027-05-07T00:00:00+00:00,SV Elversberg,TSG Hoffenheim,,totals,,,,,,,,,,,,,,,,,,unknown,,decimal,2026-09-18T10:07:51+00:00,none_available,,False,False,unavailable,2026-09-18,"The Odds API is configured and reachable, but has not yet posted this market for this fixture (bookmakers open different markets at different times before kickoff) -- genuinely unavailable, not a collector failure."
BUNDESLIGA2627_MW32_281_FCSchalke04_EintrachtFrankfurt,2026-27,32,2027-05-07,2027-05-07T00:00:00+00:00,FC Schalke 04,Eintracht Frankfurt,,h2h,,,,,,,,,,,,,,,,,,unknown,,decimal,2026-09-18T10:07:51+00:00,none_available,,False,False,unavailable,2026-09-18,"The Odds API is configured and reachable, but has not yet posted this market for this fixture (bookmakers open different markets at different times before kickoff) -- genuinely unavailable, not a collector failure."
BUNDESLIGA2627_MW32_281_FCSchalke04_EintrachtFrankfurt,2026-27,32,2027-05-07,2027-05-07T00:00:00+00:00,FC Schalke 04,Eintracht Frankfurt,,spreads,,,,,,,,,,,,,,,,,,unknown,,decimal,2026-09-18T10:07:51+00:00,none_available,,False,False,unavailable,2026-09-18,"The Odds API is configured and reachable, but has not yet posted this market for this fixture (bookmakers open different markets at different times before kickoff) -- genuinely unavailable, not a collector failure."
BUNDESLIGA2627_MW32_281_FCSchalke04_EintrachtFrankfurt,2026-27,32,2027-05-07,2027-05-07T00:00:00+00:00,FC Schalke 04,Eintracht Frankfurt,,totals,,,,,,,,,,,,,,,,,,unknown,,decimal,2026-09-18T10:07:51+00:00,none_available,,False,False,unavailable,2026-09-18,"The Odds API is configured and reachable, but has not yet posted this market for this fixture (bookmakers open different markets at different times before kickoff) -- genuinely unavailable, not a collector failure."
BUNDESLIGA2627_MW32_282_1.FCUnionBerlin_SVWerderBremen,2026-27,32,2027-05-07,2027-05-07T00:00:00+00:00,1. FC Union Berlin,SV Werder Bremen,,h2h,,,,,,,,,,,,,,,,,,unknown,,decimal,2026-09-18T10:07:51+00:00,none_available,,False,False,unavailable,2026-09-18,"The Odds API is configured and reachable, but has not yet posted this market for this fixture (bookmakers open different markets at different times before kickoff) -- genuinely unavailable, not a collector failure."
BUNDESLIGA2627_MW32_282_1.FCUnionBerlin_SVWerderBremen,2026-27,32,2027-05-07,2027-05-07T00:00:00+00:00,1. FC Union Berlin,SV Werder Bremen,,spreads,,,,,,,,,,,,,,,,,,unknown,,decimal,2026-09-18T10:07:51+00:00,none_available,,False,False,unavailable,2026-09-18,"The Odds API is configured and reachable, but has not yet posted this market for this fixture (bookmakers open different markets at different times before kickoff) -- genuinely unavailable, not a collector failure."
BUNDESLIGA2627_MW32_282_1.FCUnionBerlin_SVWerderBremen,2026-27,32,2027-05-07,2027-05-07T00:00:00+00:00,1. FC Union Berlin,SV Werder Bremen,,totals,,,,,,,,,,,,,,,,,,unknown,,decimal,2026-09-18T10:07:51+00:00,none_available,,False,False,unavailable,2026-09-18,"The Odds API is configured and reachable, but has not yet posted this market for this fixture (bookmakers open different markets at different times before kickoff) -- genuinely unavailable, not a collector failure."
BUNDESLIGA2627_MW32_283_1.FSVMainz05_BorussiaDortmund,2026-27,32,2027-05-07,2027-05-07T00:00:00+00:00,1. FSV Mainz 05,Borussia Dortmund,,h2h,,,,,,,,,,,,,,,,,,unknown,,decimal,2026-09-18T10:07:51+00:00,none_available,,False,False,unavailable,2026-09-18,"The Odds API is configured and reachable, but has not yet posted this market for this fixture (bookmakers open different markets at different times before kickoff) -- genuinely unavailable, not a collector failure."
BUNDESLIGA2627_MW32_283_1.FSVMainz05_BorussiaDortmund,2026-27,32,2027-05-07,2027-05-07T00:00:00+00:00,1. FSV Mainz 05,Borussia Dortmund,,spreads,,,,,,,,,,,,,,,,,,unknown,,decimal,2026-09-18T10:07:51+00:00,none_available,,False,False,unavailable,2026-09-18,"The Odds API is configured and reachable, but has not yet posted this market for this fixture (bookmakers open different markets at different times before kickoff) -- genuinely unavailable, not a collector failure."
BUNDESLIGA2627_MW32_283_1.FSVMainz05_BorussiaDortmund,2026-27,32,2027-05-07,2027-05-07T00:00:00+00:00,1. FSV Mainz 05,Borussia Dortmund,,totals,,,,,,,,,,,,,,,,,,unknown,,decimal,2026-09-18T10:07:51+00:00,none_available,,False,False,unavailable,2026-09-18,"The Odds API is configured and reachable, but has not yet posted this market for this fixture (bookmakers open different markets at different times before kickoff) -- genuinely unavailable, not a collector failure."
BUNDESLIGA2627_MW32_284_FCAugsburg_VfBStuttgart,2026-27,32,2027-05-07,2027-05-07T00:00:00+00:00,FC Augsburg,VfB Stuttgart,,h2h,,,,,,,,,,,,,,,,,,unknown,,decimal,2026-09-18T10:07:51+00:00,none_available,,False,False,unavailable,2026-09-18,"The Odds API is configured and reachable, but has not yet posted this market for this fixture (bookmakers open different markets at different times before kickoff) -- genuinely unavailable, not a collector failure."
BUNDESLIGA2627_MW32_284_FCAugsburg_VfBStuttgart,2026-27,32,2027-05-07,2027-05-07T00:00:00+00:00,FC Augsburg,VfB Stuttgart,,spreads,,,,,,,,,,,,,,,,,,unknown,,decimal,2026-09-18T10:07:51+00:00,none_available,,False,False,unavailable,2026-09-18,"The Odds API is configured and reachable, but has not yet posted this market for this fixture (bookmakers open different markets at different times before kickoff) -- genuinely unavailable, not a collector failure."
BUNDESLIGA2627_MW32_284_FCAugsburg_VfBStuttgart,2026-27,32,2027-05-07,2027-05-07T00:00:00+00:00,FC Augsburg,VfB Stuttgart,,totals,,,,,,,,,,,,,,,,,,unknown,,decimal,2026-09-18T10:07:51+00:00,none_available,,False,False,unavailable,2026-09-18,"The Odds API is configured and reachable, but has not yet posted this market for this fixture (bookmakers open different markets at different times before kickoff) -- genuinely unavailable, not a collector failure."
BUNDESLIGA2627_MW32_285_Sport-ClubFreiburg_1.FCKöln,2026-27,32,2027-05-07,2027-05-07T00:00:00+00:00,Sport-Club Freiburg,1. FC Köln,,h2h,,,,,,,,,,,,,,,,,,unknown,,decimal,2026-09-18T10:07:51+00:00,none_available,,False,False,unavailable,2026-09-18,"The Odds API is configured and reachable, but has not yet posted this market for this fixture (bookmakers open different markets at different times before kickoff) -- genuinely unavailable, not a collector failure."
BUNDESLIGA2627_MW32_285_Sport-ClubFreiburg_1.FCKöln,2026-27,32,2027-05-07,2027-05-07T00:00:00+00:00,Sport-Club Freiburg,1. FC Köln,,spreads,,,,,,,,,,,,,,,,,,unknown,,decimal,2026-09-18T10:07:51+00:00,none_available,,False,False,unavailable,2026-09-18,"The Odds API is configured and reachable, but has not yet posted this market for this fixture (bookmakers open different markets at different times before kickoff) -- genuinely unavailable, not a collector failure."
BUNDESLIGA2627_MW32_285_Sport-ClubFreiburg_1.FCKöln,2026-27,32,2027-05-07,2027-05-07T00:00:00+00:00,Sport-Club Freiburg,1. FC Köln,,totals,,,,,,,,,,,,,,,,,,unknown,,decimal,2026-09-18T10:07:51+00:00,none_available,,False,False,unavailable,2026-09-18,"The Odds API is configured and reachable, but has not yet posted this market for this fixture (bookmakers open different markets at different times before kickoff) -- genuinely unavailable, not a collector failure."
BUNDESLIGA2627_MW32_286_Bayer04Leverkusen_HamburgerSV,2026-27,32,2027-05-07,2027-05-07T00:00:00+00:00,Bayer 04 Leverkusen,Hamburger SV,,h2h,,,,,,,,,,,,,,,,,,unknown,,decimal,2026-09-18T10:07:51+00:00,none_available,,False,False,unavailable,2026-09-18,"The Odds API is configured and reachable, but has not yet posted this market for this fixture (bookmakers open different markets at different times before kickoff) -- genuinely unavailable, not a collector failure."
BUNDESLIGA2627_MW32_286_Bayer04Leverkusen_HamburgerSV,2026-27,32,2027-05-07,2027-05-07T00:00:00+00:00,Bayer 04 Leverkusen,Hamburger SV,,spreads,,,,,,,,,,,,,,,,,,unknown,,decimal,2026-09-18T10:07:51+00:00,none_available,,False,False,unavailable,2026-09-18,"The Odds API is configured and reachable, but has not yet posted this market for this fixture (bookmakers open different markets at different times before kickoff) -- genuinely unavailable, not a collector failure."
BUNDESLIGA2627_MW32_286_Bayer04Leverkusen_HamburgerSV,2026-27,32,2027-05-07,2027-05-07T00:00:00+00:00,Bayer 04 Leverkusen,Hamburger SV,,totals,,,,,,,,,,,,,,,,,,unknown,,decimal,2026-09-18T10:07:51+00:00,none_available,,False,False,unavailable,2026-09-18,"The Odds API is configured and reachable, but has not yet posted this market for this fixture (bookmakers open different markets at different times before kickoff) -- genuinely unavailable, not a collector failure."
BUNDESLIGA2627_MW32_287_RBLeipzig_SCPaderborn07,2026-27,32,2027-05-07,2027-05-07T00:00:00+00:00,RB Leipzig,SC Paderborn 07,,h2h,,,,,,,,,,,,,,,,,,unknown,,decimal,2026-09-18T10:07:51+00:00,none_available,,False,False,unavailable,2026-09-18,"The Odds API is configured and reachable, but has not yet posted this market for this fixture (bookmakers open different markets at different times before kickoff) -- genuinely unavailable, not a collector failure."
BUNDESLIGA2627_MW32_287_RBLeipzig_SCPaderborn07,2026-27,32,2027-05-07,2027-05-07T00:00:00+00:00,RB Leipzig,SC Paderborn 07,,spreads,,,,,,,,,,,,,,,,,,unknown,,decimal,2026-09-18T10:07:51+00:00,none_available,,False,False,unavailable,2026-09-18,"The Odds API is configured and reachable, but has not yet posted this market for this fixture (bookmakers open different markets at different times before kickoff) -- genuinely unavailable, not a collector failure."
BUNDESLIGA2627_MW32_287_RBLeipzig_SCPaderborn07,2026-27,32,2027-05-07,2027-05-07T00:00:00+00:00,RB Leipzig,SC Paderborn 07,,totals,,,,,,,,,,,,,,,,,,unknown,,decimal,2026-09-18T10:07:51+00:00,none_available,,False,False,unavailable,2026-09-18,"The Odds API is configured and reachable, but has not yet posted this market for this fixture (bookmakers open different markets at different times before kickoff) -- genuinely unavailable, not a collector failure."
BUNDESLIGA2627_MW32_288_FCBayernMünchen_BorussiaMönchengladbach,2026-27,32,2027-05-07,2027-05-07T00:00:00+00:00,FC Bayern München,Borussia Mönchengladbach,,h2h,,,,,,,,,,,,,,,,,,unknown,,decimal,2026-09-18T10:07:51+00:00,none_available,,False,False,unavailable,2026-09-18,"The Odds API is configured and reachable, but has not yet posted this market for this fixture (bookmakers open different markets at different times before kickoff) -- genuinely unavailable, not a collector failure."
BUNDESLIGA2627_MW32_288_FCBayernMünchen_BorussiaMönchengladbach,2026-27,32,2027-05-07,2027-05-07T00:00:00+00:00,FC Bayern München,Borussia Mönchengladbach,,spreads,,,,,,,,,,,,,,,,,,unknown,,decimal,2026-09-18T10:07:51+00:00,none_available,,False,False,unavailable,2026-09-18,"The Odds API is configured and reachable, but has not yet posted this market for this fixture (bookmakers open different markets at different times before kickoff) -- genuinely unavailable, not a collector failure."
BUNDESLIGA2627_MW32_288_FCBayernMünchen_BorussiaMönchengladbach,2026-27,32,2027-05-07,2027-05-07T00:00:00+00:00,FC Bayern München,Borussia Mönchengladbach,,totals,,,,,,,,,,,,,,,,,,unknown,,decimal,2026-09-18T10:07:51+00:00,none_available,,False,False,unavailable,2026-09-18,"The Odds API is configured and reachable, but has not yet posted this market for this fixture (bookmakers open different markets at different times before kickoff) -- genuinely unavailable, not a collector failure."
BUNDESLIGA2627_MW33_289_SCPaderborn07_1.FCUnionBerlin,2026-27,33,2027-05-14,2027-05-14T00:00:00+00:00,SC Paderborn 07,1. FC Union Berlin,,h2h,,,,,,,,,,,,,,,,,,unknown,,decimal,2026-09-18T10:07:51+00:00,none_available,,False,False,unavailable,2026-09-18,"The Odds API is configured and reachable, but has not yet posted this market for this fixture (bookmakers open different markets at different times before kickoff) -- genuinely unavailable, not a collector failure."
BUNDESLIGA2627_MW33_289_SCPaderborn07_1.FCUnionBerlin,2026-27,33,2027-05-14,2027-05-14T00:00:00+00:00,SC Paderborn 07,1. FC Union Berlin,,spreads,,,,,,,,,,,,,,,,,,unknown,,decimal,2026-09-18T10:07:51+00:00,none_available,,False,False,unavailable,2026-09-18,"The Odds API is configured and reachable, but has not yet posted this market for this fixture (bookmakers open different markets at different times before kickoff) -- genuinely unavailable, not a collector failure."
BUNDESLIGA2627_MW33_289_SCPaderborn07_1.FCUnionBerlin,2026-27,33,2027-05-14,2027-05-14T00:00:00+00:00,SC Paderborn 07,1. FC Union Berlin,,totals,,,,,,,,,,,,,,,,,,unknown,,decimal,2026-09-18T10:07:51+00:00,none_available,,False,False,unavailable,2026-09-18,"The Odds API is configured and reachable, but has not yet posted this market for this fixture (bookmakers open different markets at different times before kickoff) -- genuinely unavailable, not a collector failure."
BUNDESLIGA2627_MW33_290_SVWerderBremen_FCSchalke04,2026-27,33,2027-05-14,2027-05-14T00:00:00+00:00,SV Werder Bremen,FC Schalke 04,,h2h,,,,,,,,,,,,,,,,,,unknown,,decimal,2026-09-18T10:07:51+00:00,none_available,,False,False,unavailable,2026-09-18,"The Odds API is configured and reachable, but has not yet posted this market for this fixture (bookmakers open different markets at different times before kickoff) -- genuinely unavailable, not a collector failure."
BUNDESLIGA2627_MW33_290_SVWerderBremen_FCSchalke04,2026-27,33,2027-05-14,2027-05-14T00:00:00+00:00,SV Werder Bremen,FC Schalke 04,,spreads,,,,,,,,,,,,,,,,,,unknown,,decimal,2026-09-18T10:07:51+00:00,none_available,,False,False,unavailable,2026-09-18,"The Odds API is configured and reachable, but has not yet posted this market for this fixture (bookmakers open different markets at different times before kickoff) -- genuinely unavailable, not a collector failure."
BUNDESLIGA2627_MW33_290_SVWerderBremen_FCSchalke04,2026-27,33,2027-05-14,2027-05-14T00:00:00+00:00,SV Werder Bremen,FC Schalke 04,,totals,,,,,,,,,,,,,,,,,,unknown,,decimal,2026-09-18T10:07:51+00:00,none_available,,False,False,unavailable,2026-09-18,"The Odds API is configured and reachable, but has not yet posted this market for this fixture (bookmakers open different markets at different times before kickoff) -- genuinely unavailable, not a collector failure."
BUNDESLIGA2627_MW33_291_HamburgerSV_Sport-ClubFreiburg,2026-27,33,2027-05-14,2027-05-14T00:00:00+00:00,Hamburger SV,Sport-Club Freiburg,,h2h,,,,,,,,,,,,,,,,,,unknown,,decimal,2026-09-18T10:07:51+00:00,none_available,,False,False,unavailable,2026-09-18,"The Odds API is configured and reachable, but has not yet posted this market for this fixture (bookmakers open different markets at different times before kickoff) -- genuinely unavailable, not a collector failure."
BUNDESLIGA2627_MW33_291_HamburgerSV_Sport-ClubFreiburg,2026-27,33,2027-05-14,2027-05-14T00:00:00+00:00,Hamburger SV,Sport-Club Freiburg,,spreads,,,,,,,,,,,,,,,,,,unknown,,decimal,2026-09-18T10:07:51+00:00,none_available,,False,False,unavailable,2026-09-18,"The Odds API is configured and reachable, but has not yet posted this market for this fixture (bookmakers open different markets at different times before kickoff) -- genuinely unavailable, not a collector failure."
BUNDESLIGA2627_MW33_291_HamburgerSV_Sport-ClubFreiburg,2026-27,33,2027-05-14,2027-05-14T00:00:00+00:00,Hamburger SV,Sport-Club Freiburg,,totals,,,,,,,,,,,,,,,,,,unknown,,decimal,2026-09-18T10:07:51+00:00,none_available,,False,False,unavailable,2026-09-18,"The Odds API is configured and reachable, but has not yet posted this market for this fixture (bookmakers open different markets at different times before kickoff) -- genuinely unavailable, not a collector failure."
BUNDESLIGA2627_MW33_292_BorussiaMönchengladbach_FCAugsburg,2026-27,33,2027-05-14,2027-05-14T00:00:00+00:00,Borussia Mönchengladbach,FC Augsburg,,h2h,,,,,,,,,,,,,,,,,,unknown,,decimal,2026-09-18T10:07:51+00:00,none_available,,False,False,unavailable,2026-09-18,"The Odds API is configured and reachable, but has not yet posted this market for this fixture (bookmakers open different markets at different times before kickoff) -- genuinely unavailable, not a collector failure."
BUNDESLIGA2627_MW33_292_BorussiaMönchengladbach_FCAugsburg,2026-27,33,2027-05-14,2027-05-14T00:00:00+00:00,Borussia Mönchengladbach,FC Augsburg,,spreads,,,,,,,,,,,,,,,,,,unknown,,decimal,2026-09-18T10:07:51+00:00,none_available,,False,False,unavailable,2026-09-18,"The Odds API is configured and reachable, but has not yet posted this market for this fixture (bookmakers open different markets at different times before kickoff) -- genuinely unavailable, not a collector failure."
BUNDESLIGA2627_MW33_292_BorussiaMönchengladbach_FCAugsburg,2026-27,33,2027-05-14,2027-05-14T00:00:00+00:00,Borussia Mönchengladbach,FC Augsburg,,totals,,,,,,,,,,,,,,,,,,unknown,,decimal,2026-09-18T10:07:51+00:00,none_available,,False,False,unavailable,2026-09-18,"The Odds API is configured and reachable, but has not yet posted this market for this fixture (bookmakers open different markets at different times before kickoff) -- genuinely unavailable, not a collector failure."
BUNDESLIGA2627_MW33_293_EintrachtFrankfurt_SVElversberg,2026-27,33,2027-05-14,2027-05-14T00:00:00+00:00,Eintracht Frankfurt,SV Elversberg,,h2h,,,,,,,,,,,,,,,,,,unknown,,decimal,2026-09-18T10:07:51+00:00,none_available,,False,False,unavailable,2026-09-18,"The Odds API is configured and reachable, but has not yet posted this market for this fixture (bookmakers open different markets at different times before kickoff) -- genuinely unavailable, not a collector failure."
BUNDESLIGA2627_MW33_293_EintrachtFrankfurt_SVElversberg,2026-27,33,2027-05-14,2027-05-14T00:00:00+00:00,Eintracht Frankfurt,SV Elversberg,,spreads,,,,,,,,,,,,,,,,,,unknown,,decimal,2026-09-18T10:07:51+00:00,none_available,,False,False,unavailable,2026-09-18,"The Odds API is configured and reachable, but has not yet posted this market for this fixture (bookmakers open different markets at different times before kickoff) -- genuinely unavailable, not a collector failure."
BUNDESLIGA2627_MW33_293_EintrachtFrankfurt_SVElversberg,2026-27,33,2027-05-14,2027-05-14T00:00:00+00:00,Eintracht Frankfurt,SV Elversberg,,totals,,,,,,,,,,,,,,,,,,unknown,,decimal,2026-09-18T10:07:51+00:00,none_available,,False,False,unavailable,2026-09-18,"The Odds API is configured and reachable, but has not yet posted this market for this fixture (bookmakers open different markets at different times before kickoff) -- genuinely unavailable, not a collector failure."
BUNDESLIGA2627_MW33_294_Bayer04Leverkusen_FCBayernMünchen,2026-27,33,2027-05-14,2027-05-14T00:00:00+00:00,Bayer 04 Leverkusen,FC Bayern München,,h2h,,,,,,,,,,,,,,,,,,unknown,,decimal,2026-09-18T10:07:51+00:00,none_available,,False,False,unavailable,2026-09-18,"The Odds API is configured and reachable, but has not yet posted this market for this fixture (bookmakers open different markets at different times before kickoff) -- genuinely unavailable, not a collector failure."
BUNDESLIGA2627_MW33_294_Bayer04Leverkusen_FCBayernMünchen,2026-27,33,2027-05-14,2027-05-14T00:00:00+00:00,Bayer 04 Leverkusen,FC Bayern München,,spreads,,,,,,,,,,,,,,,,,,unknown,,decimal,2026-09-18T10:07:51+00:00,none_available,,False,False,unavailable,2026-09-18,"The Odds API is configured and reachable, but has not yet posted this market for this fixture (bookmakers open different markets at different times before kickoff) -- genuinely unavailable, not a collector failure."
BUNDESLIGA2627_MW33_294_Bayer04Leverkusen_FCBayernMünchen,2026-27,33,2027-05-14,2027-05-14T00:00:00+00:00,Bayer 04 Leverkusen,FC Bayern München,,totals,,,,,,,,,,,,,,,,,,unknown,,decimal,2026-09-18T10:07:51+00:00,none_available,,False,False,unavailable,2026-09-18,"The Odds API is configured and reachable, but has not yet posted this market for this fixture (bookmakers open different markets at different times before kickoff) -- genuinely unavailable, not a collector failure."
BUNDESLIGA2627_MW33_295_TSGHoffenheim_1.FSVMainz05,2026-27,33,2027-05-14,2027-05-14T00:00:00+00:00,TSG Hoffenheim,1. FSV Mainz 05,,h2h,,,,,,,,,,,,,,,,,,unknown,,decimal,2026-09-18T10:07:51+00:00,none_available,,False,False,unavailable,2026-09-18,"The Odds API is configured and reachable, but has not yet posted this market for this fixture (bookmakers open different markets at different times before kickoff) -- genuinely unavailable, not a collector failure."
BUNDESLIGA2627_MW33_295_TSGHoffenheim_1.FSVMainz05,2026-27,33,2027-05-14,2027-05-14T00:00:00+00:00,TSG Hoffenheim,1. FSV Mainz 05,,spreads,,,,,,,,,,,,,,,,,,unknown,,decimal,2026-09-18T10:07:51+00:00,none_available,,False,False,unavailable,2026-09-18,"The Odds API is configured and reachable, but has not yet posted this market for this fixture (bookmakers open different markets at different times before kickoff) -- genuinely unavailable, not a collector failure."
BUNDESLIGA2627_MW33_295_TSGHoffenheim_1.FSVMainz05,2026-27,33,2027-05-14,2027-05-14T00:00:00+00:00,TSG Hoffenheim,1. FSV Mainz 05,,totals,,,,,,,,,,,,,,,,,,unknown,,decimal,2026-09-18T10:07:51+00:00,none_available,,False,False,unavailable,2026-09-18,"The Odds API is configured and reachable, but has not yet posted this market for this fixture (bookmakers open different markets at different times before kickoff) -- genuinely unavailable, not a collector failure."
BUNDESLIGA2627_MW33_296_VfBStuttgart_RBLeipzig,2026-27,33,2027-05-14,2027-05-14T00:00:00+00:00,VfB Stuttgart,RB Leipzig,,h2h,,,,,,,,,,,,,,,,,,unknown,,decimal,2026-09-18T10:07:51+00:00,none_available,,False,False,unavailable,2026-09-18,"The Odds API is configured and reachable, but has not yet posted this market for this fixture (bookmakers open different markets at different times before kickoff) -- genuinely unavailable, not a collector failure."
BUNDESLIGA2627_MW33_296_VfBStuttgart_RBLeipzig,2026-27,33,2027-05-14,2027-05-14T00:00:00+00:00,VfB Stuttgart,RB Leipzig,,spreads,,,,,,,,,,,,,,,,,,unknown,,decimal,2026-09-18T10:07:51+00:00,none_available,,False,False,unavailable,2026-09-18,"The Odds API is configured and reachable, but has not yet posted this market for this fixture (bookmakers open different markets at different times before kickoff) -- genuinely unavailable, not a collector failure."
BUNDESLIGA2627_MW33_296_VfBStuttgart_RBLeipzig,2026-27,33,2027-05-14,2027-05-14T00:00:00+00:00,VfB Stuttgart,RB Leipzig,,totals,,,,,,,,,,,,,,,,,,unknown,,decimal,2026-09-18T10:07:51+00:00,none_available,,False,False,unavailable,2026-09-18,"The Odds API is configured and reachable, but has not yet posted this market for this fixture (bookmakers open different markets at different times before kickoff) -- genuinely unavailable, not a collector failure."
BUNDESLIGA2627_MW33_297_BorussiaDortmund_1.FCKöln,2026-27,33,2027-05-14,2027-05-14T00:00:00+00:00,Borussia Dortmund,1. FC Köln,,h2h,,,,,,,,,,,,,,,,,,unknown,,decimal,2026-09-18T10:07:51+00:00,none_available,,False,False,unavailable,2026-09-18,"The Odds API is configured and reachable, but has not yet posted this market for this fixture (bookmakers open different markets at different times before kickoff) -- genuinely unavailable, not a collector failure."
BUNDESLIGA2627_MW33_297_BorussiaDortmund_1.FCKöln,2026-27,33,2027-05-14,2027-05-14T00:00:00+00:00,Borussia Dortmund,1. FC Köln,,spreads,,,,,,,,,,,,,,,,,,unknown,,decimal,2026-09-18T10:07:51+00:00,none_available,,False,False,unavailable,2026-09-18,"The Odds API is configured and reachable, but has not yet posted this market for this fixture (bookmakers open different markets at different times before kickoff) -- genuinely unavailable, not a collector failure."
BUNDESLIGA2627_MW33_297_BorussiaDortmund_1.FCKöln,2026-27,33,2027-05-14,2027-05-14T00:00:00+00:00,Borussia Dortmund,1. FC Köln,,totals,,,,,,,,,,,,,,,,,,unknown,,decimal,2026-09-18T10:07:51+00:00,none_available,,False,False,unavailable,2026-09-18,"The Odds API is configured and reachable, but has not yet posted this market for this fixture (bookmakers open different markets at different times before kickoff) -- genuinely unavailable, not a collector failure."
BUNDESLIGA2627_MW34_298_SVElversberg_SVWerderBremen,2026-27,34,2027-05-22,2027-05-22T13:30:00+00:00,SV Elversberg,SV Werder Bremen,,h2h,,,,,,,,,,,,,,,,,,unknown,,decimal,2026-09-18T10:07:51+00:00,none_available,,False,False,unavailable,2026-09-18,"The Odds API is configured and reachable, but has not yet posted this market for this fixture (bookmakers open different markets at different times before kickoff) -- genuinely unavailable, not a collector failure."
BUNDESLIGA2627_MW34_298_SVElversberg_SVWerderBremen,2026-27,34,2027-05-22,2027-05-22T13:30:00+00:00,SV Elversberg,SV Werder Bremen,,spreads,,,,,,,,,,,,,,,,,,unknown,,decimal,2026-09-18T10:07:51+00:00,none_available,,False,False,unavailable,2026-09-18,"The Odds API is configured and reachable, but has not yet posted this market for this fixture (bookmakers open different markets at different times before kickoff) -- genuinely unavailable, not a collector failure."
BUNDESLIGA2627_MW34_298_SVElversberg_SVWerderBremen,2026-27,34,2027-05-22,2027-05-22T13:30:00+00:00,SV Elversberg,SV Werder Bremen,,totals,,,,,,,,,,,,,,,,,,unknown,,decimal,2026-09-18T10:07:51+00:00,none_available,,False,False,unavailable,2026-09-18,"The Odds API is configured and reachable, but has not yet posted this market for this fixture (bookmakers open different markets at different times before kickoff) -- genuinely unavailable, not a collector failure."
BUNDESLIGA2627_MW34_299_FCSchalke04_Bayer04Leverkusen,2026-27,34,2027-05-22,2027-05-22T13:30:00+00:00,FC Schalke 04,Bayer 04 Leverkusen,,h2h,,,,,,,,,,,,,,,,,,unknown,,decimal,2026-09-18T10:07:51+00:00,none_available,,False,False,unavailable,2026-09-18,"The Odds API is configured and reachable, but has not yet posted this market for this fixture (bookmakers open different markets at different times before kickoff) -- genuinely unavailable, not a collector failure."
BUNDESLIGA2627_MW34_299_FCSchalke04_Bayer04Leverkusen,2026-27,34,2027-05-22,2027-05-22T13:30:00+00:00,FC Schalke 04,Bayer 04 Leverkusen,,spreads,,,,,,,,,,,,,,,,,,unknown,,decimal,2026-09-18T10:07:51+00:00,none_available,,False,False,unavailable,2026-09-18,"The Odds API is configured and reachable, but has not yet posted this market for this fixture (bookmakers open different markets at different times before kickoff) -- genuinely unavailable, not a collector failure."
BUNDESLIGA2627_MW34_299_FCSchalke04_Bayer04Leverkusen,2026-27,34,2027-05-22,2027-05-22T13:30:00+00:00,FC Schalke 04,Bayer 04 Leverkusen,,totals,,,,,,,,,,,,,,,,,,unknown,,decimal,2026-09-18T10:07:51+00:00,none_available,,False,False,unavailable,2026-09-18,"The Odds API is configured and reachable, but has not yet posted this market for this fixture (bookmakers open different markets at different times before kickoff) -- genuinely unavailable, not a collector failure."
BUNDESLIGA2627_MW34_300_1.FCKöln_SCPaderborn07,2026-27,34,2027-05-22,2027-05-22T13:30:00+00:00,1. FC Köln,SC Paderborn 07,,h2h,,,,,,,,,,,,,,,,,,unknown,,decimal,2026-09-18T10:07:51+00:00,none_available,,False,False,unavailable,2026-09-18,"The Odds API is configured and reachable, but has not yet posted this market for this fixture (bookmakers open different markets at different times before kickoff) -- genuinely unavailable, not a collector failure."
BUNDESLIGA2627_MW34_300_1.FCKöln_SCPaderborn07,2026-27,34,2027-05-22,2027-05-22T13:30:00+00:00,1. FC Köln,SC Paderborn 07,,spreads,,,,,,,,,,,,,,,,,,unknown,,decimal,2026-09-18T10:07:51+00:00,none_available,,False,False,unavailable,2026-09-18,"The Odds API is configured and reachable, but has not yet posted this market for this fixture (bookmakers open different markets at different times before kickoff) -- genuinely unavailable, not a collector failure."
BUNDESLIGA2627_MW34_300_1.FCKöln_SCPaderborn07,2026-27,34,2027-05-22,2027-05-22T13:30:00+00:00,1. FC Köln,SC Paderborn 07,,totals,,,,,,,,,,,,,,,,,,unknown,,decimal,2026-09-18T10:07:51+00:00,none_available,,False,False,unavailable,2026-09-18,"The Odds API is configured and reachable, but has not yet posted this market for this fixture (bookmakers open different markets at different times before kickoff) -- genuinely unavailable, not a collector failure."
BUNDESLIGA2627_MW34_301_1.FCUnionBerlin_BorussiaMönchengladbach,2026-27,34,2027-05-22,2027-05-22T13:30:00+00:00,1. FC Union Berlin,Borussia Mönchengladbach,,h2h,,,,,,,,,,,,,,,,,,unknown,,decimal,2026-09-18T10:07:51+00:00,none_available,,False,False,unavailable,2026-09-18,"The Odds API is configured and reachable, but has not yet posted this market for this fixture (bookmakers open different markets at different times before kickoff) -- genuinely unavailable, not a collector failure."
BUNDESLIGA2627_MW34_301_1.FCUnionBerlin_BorussiaMönchengladbach,2026-27,34,2027-05-22,2027-05-22T13:30:00+00:00,1. FC Union Berlin,Borussia Mönchengladbach,,spreads,,,,,,,,,,,,,,,,,,unknown,,decimal,2026-09-18T10:07:51+00:00,none_available,,False,False,unavailable,2026-09-18,"The Odds API is configured and reachable, but has not yet posted this market for this fixture (bookmakers open different markets at different times before kickoff) -- genuinely unavailable, not a collector failure."
BUNDESLIGA2627_MW34_301_1.FCUnionBerlin_BorussiaMönchengladbach,2026-27,34,2027-05-22,2027-05-22T13:30:00+00:00,1. FC Union Berlin,Borussia Mönchengladbach,,totals,,,,,,,,,,,,,,,,,,unknown,,decimal,2026-09-18T10:07:51+00:00,none_available,,False,False,unavailable,2026-09-18,"The Odds API is configured and reachable, but has not yet posted this market for this fixture (bookmakers open different markets at different times before kickoff) -- genuinely unavailable, not a collector failure."
BUNDESLIGA2627_MW34_302_1.FSVMainz05_VfBStuttgart,2026-27,34,2027-05-22,2027-05-22T13:30:00+00:00,1. FSV Mainz 05,VfB Stuttgart,,h2h,,,,,,,,,,,,,,,,,,unknown,,decimal,2026-09-18T10:07:51+00:00,none_available,,False,False,unavailable,2026-09-18,"The Odds API is configured and reachable, but has not yet posted this market for this fixture (bookmakers open different markets at different times before kickoff) -- genuinely unavailable, not a collector failure."
BUNDESLIGA2627_MW34_302_1.FSVMainz05_VfBStuttgart,2026-27,34,2027-05-22,2027-05-22T13:30:00+00:00,1. FSV Mainz 05,VfB Stuttgart,,spreads,,,,,,,,,,,,,,,,,,unknown,,decimal,2026-09-18T10:07:51+00:00,none_available,,False,False,unavailable,2026-09-18,"The Odds API is configured and reachable, but has not yet posted this market for this fixture (bookmakers open different markets at different times before kickoff) -- genuinely unavailable, not a collector failure."
BUNDESLIGA2627_MW34_302_1.FSVMainz05_VfBStuttgart,2026-27,34,2027-05-22,2027-05-22T13:30:00+00:00,1. FSV Mainz 05,VfB Stuttgart,,totals,,,,,,,,,,,,,,,,,,unknown,,decimal,2026-09-18T10:07:51+00:00,none_available,,False,False,unavailable,2026-09-18,"The Odds API is configured and reachable, but has not yet posted this market for this fixture (bookmakers open different markets at different times before kickoff) -- genuinely unavailable, not a collector failure."
BUNDESLIGA2627_MW34_303_FCAugsburg_HamburgerSV,2026-27,34,2027-05-22,2027-05-22T13:30:00+00:00,FC Augsburg,Hamburger SV,,h2h,,,,,,,,,,,,,,,,,,unknown,,decimal,2026-09-18T10:07:51+00:00,none_available,,False,False,unavailable,2026-09-18,"The Odds API is configured and reachable, but has not yet posted this market for this fixture (bookmakers open different markets at different times before kickoff) -- genuinely unavailable, not a collector failure."
BUNDESLIGA2627_MW34_303_FCAugsburg_HamburgerSV,2026-27,34,2027-05-22,2027-05-22T13:30:00+00:00,FC Augsburg,Hamburger SV,,spreads,,,,,,,,,,,,,,,,,,unknown,,decimal,2026-09-18T10:07:51+00:00,none_available,,False,False,unavailable,2026-09-18,"The Odds API is configured and reachable, but has not yet posted this market for this fixture (bookmakers open different markets at different times before kickoff) -- genuinely unavailable, not a collector failure."
BUNDESLIGA2627_MW34_303_FCAugsburg_HamburgerSV,2026-27,34,2027-05-22,2027-05-22T13:30:00+00:00,FC Augsburg,Hamburger SV,,totals,,,,,,,,,,,,,,,,,,unknown,,decimal,2026-09-18T10:07:51+00:00,none_available,,False,False,unavailable,2026-09-18,"The Odds API is configured and reachable, but has not yet posted this market for this fixture (bookmakers open different markets at different times before kickoff) -- genuinely unavailable, not a collector failure."
BUNDESLIGA2627_MW34_304_Sport-ClubFreiburg_BorussiaDortmund,2026-27,34,2027-05-22,2027-05-22T13:30:00+00:00,Sport-Club Freiburg,Borussia Dortmund,,h2h,,,,,,,,,,,,,,,,,,unknown,,decimal,2026-09-18T10:07:51+00:00,none_available,,False,False,unavailable,2026-09-18,"The Odds API is configured and reachable, but has not yet posted this market for this fixture (bookmakers open different markets at different times before kickoff) -- genuinely unavailable, not a collector failure."
BUNDESLIGA2627_MW34_304_Sport-ClubFreiburg_BorussiaDortmund,2026-27,34,2027-05-22,2027-05-22T13:30:00+00:00,Sport-Club Freiburg,Borussia Dortmund,,spreads,,,,,,,,,,,,,,,,,,unknown,,decimal,2026-09-18T10:07:51+00:00,none_available,,False,False,unavailable,2026-09-18,"The Odds API is configured and reachable, but has not yet posted this market for this fixture (bookmakers open different markets at different times before kickoff) -- genuinely unavailable, not a collector failure."
BUNDESLIGA2627_MW34_304_Sport-ClubFreiburg_BorussiaDortmund,2026-27,34,2027-05-22,2027-05-22T13:30:00+00:00,Sport-Club Freiburg,Borussia Dortmund,,totals,,,,,,,,,,,,,,,,,,unknown,,decimal,2026-09-18T10:07:51+00:00,none_available,,False,False,unavailable,2026-09-18,"The Odds API is configured and reachable, but has not yet posted this market for this fixture (bookmakers open different markets at different times before kickoff) -- genuinely unavailable, not a collector failure."
BUNDESLIGA2627_MW34_305_RBLeipzig_TSGHoffenheim,2026-27,34,2027-05-22,2027-05-22T13:30:00+00:00,RB Leipzig,TSG Hoffenheim,,h2h,,,,,,,,,,,,,,,,,,unknown,,decimal,2026-09-18T10:07:51+00:00,none_available,,False,False,unavailable,2026-09-18,"The Odds API is configured and reachable, but has not yet posted this market for this fixture (bookmakers open different markets at different times before kickoff) -- genuinely unavailable, not a collector failure."
BUNDESLIGA2627_MW34_305_RBLeipzig_TSGHoffenheim,2026-27,34,2027-05-22,2027-05-22T13:30:00+00:00,RB Leipzig,TSG Hoffenheim,,spreads,,,,,,,,,,,,,,,,,,unknown,,decimal,2026-09-18T10:07:51+00:00,none_available,,False,False,unavailable,2026-09-18,"The Odds API is configured and reachable, but has not yet posted this market for this fixture (bookmakers open different markets at different times before kickoff) -- genuinely unavailable, not a collector failure."
BUNDESLIGA2627_MW34_305_RBLeipzig_TSGHoffenheim,2026-27,34,2027-05-22,2027-05-22T13:30:00+00:00,RB Leipzig,TSG Hoffenheim,,totals,,,,,,,,,,,,,,,,,,unknown,,decimal,2026-09-18T10:07:51+00:00,none_available,,False,False,unavailable,2026-09-18,"The Odds API is configured and reachable, but has not yet posted this market for this fixture (bookmakers open different markets at different times before kickoff) -- genuinely unavailable, not a collector failure."
BUNDESLIGA2627_MW34_306_FCBayernMünchen_EintrachtFrankfurt,2026-27,34,2027-05-22,2027-05-22T13:30:00+00:00,FC Bayern München,Eintracht Frankfurt,,h2h,,,,,,,,,,,,,,,,,,unknown,,decimal,2026-09-18T10:07:51+00:00,none_available,,False,False,unavailable,2026-09-18,"The Odds API is configured and reachable, but has not yet posted this market for this fixture (bookmakers open different markets at different times before kickoff) -- genuinely unavailable, not a collector failure."
BUNDESLIGA2627_MW34_306_FCBayernMünchen_EintrachtFrankfurt,2026-27,34,2027-05-22,2027-05-22T13:30:00+00:00,FC Bayern München,Eintracht Frankfurt,,spreads,,,,,,,,,,,,,,,,,,unknown,,decimal,2026-09-18T10:07:51+00:00,none_available,,False,False,unavailable,2026-09-18,"The Odds API is configured and reachable, but has not yet posted this market for this fixture (bookmakers open different markets at different times before kickoff) -- genuinely unavailable, not a collector failure."
BUNDESLIGA2627_MW34_306_FCBayernMünchen_EintrachtFrankfurt,2026-27,34,2027-05-22,2027-05-22T13:30:00+00:00,FC Bayern München,Eintracht Frankfurt,,totals,,,,,,,,,,,,,,,,,,unknown,,decimal,2026-09-18T10:07:51+00:00,none_available,,False,False,unavailable,2026-09-18,"The Odds API is configured and reachable, but has not yet posted this market for this fixture (bookmakers open different markets at different times before kickoff) -- genuinely unavailable, not a collector failure."
