match_id,season,matchweek,date,kickoff_utc,home_team,away_team,bookmaker,market_type,opening_home_odds,opening_draw_odds,opening_away_odds,current_home_odds,current_draw_odds,current_away_odds,closing_home_odds,closing_draw_odds,closing_away_odds,over_2_5_odds,under_2_5_odds,btts_yes_odds,btts_no_odds,odds_snapshot_type,time_to_kickoff_hours,odds_format,odds_timestamp,source_name,source_url_or_page_title,is_example,is_real_data,data_status,collection_date,notes
EPL2627_MW01_001_Arsenal_CoventryCity,2026-27,1,2026-08-21,2026-08-21T19:00:00+00:00,Arsenal,Coventry City,,1X2,,,,,,,,,,,,,,unknown,,decimal,2026-08-22T06:17:51+00:00,none_available,,False,False,unavailable,2026-08-22,"The Odds API is configured and reachable, but has not yet posted a market for this fixture (bookmakers typically open markets ~1-2 weeks before kickoff) -- genuinely unavailable, not a collector failure."
EPL2627_MW01_002_HullCity_ManchesterUnited,2026-27,1,2026-08-22,2026-08-22T11:30:00+00:00,Hull City,Manchester United,Betfair Sportsbook,1X2,,,,9.5,5.0,1.33,,,,,,,,current,,decimal,2026-08-22T06:17:05Z,the-odds-api.com,https://api.the-odds-api.com/v4/sports/soccer_epl/odds/,False,True,live,2026-08-22,Real current decimal odds from The Odds API. Opening/closing snapshots are not available on the free tier and are intentionally left blank.
EPL2627_MW01_002_HullCity_ManchesterUnited,2026-27,1,2026-08-22,2026-08-22T11:30:00+00:00,Hull City,Manchester United,Betfred (UK),1X2,,,,9.0,5.0,1.33,,,,,,,,current,,decimal,2026-08-22T06:17:06Z,the-odds-api.com,https://api.the-odds-api.com/v4/sports/soccer_epl/odds/,False,True,live,2026-08-22,Real current decimal odds from The Odds API. Opening/closing snapshots are not available on the free tier and are intentionally left blank.
EPL2627_MW01_002_HullCity_ManchesterUnited,2026-27,1,2026-08-22,2026-08-22T11:30:00+00:00,Hull City,Manchester United,Betfair,1X2,,,,10.5,5.6,1.36,,,,,,,,current,,decimal,2026-08-22T06:17:30Z,the-odds-api.com,https://api.the-odds-api.com/v4/sports/soccer_epl/odds/,False,True,live,2026-08-22,Real current decimal odds from The Odds API. Opening/closing snapshots are not available on the free tier and are intentionally left blank.
EPL2627_MW01_002_HullCity_ManchesterUnited,2026-27,1,2026-08-22,2026-08-22T11:30:00+00:00,Hull City,Manchester United,Coral,1X2,,,,8.5,5.25,1.35,,,,,,,,current,,decimal,2026-08-22T06:17:29Z,the-odds-api.com,https://api.the-odds-api.com/v4/sports/soccer_epl/odds/,False,True,live,2026-08-22,Real current decimal odds from The Odds API. Opening/closing snapshots are not available on the free tier and are intentionally left blank.
EPL2627_MW01_002_HullCity_ManchesterUnited,2026-27,1,2026-08-22,2026-08-22T11:30:00+00:00,Hull City,Manchester United,Paddy Power,1X2,,,,9.5,5.0,1.3,,,,,,,,current,,decimal,2026-08-22T06:17:29Z,the-odds-api.com,https://api.the-odds-api.com/v4/sports/soccer_epl/odds/,False,True,live,2026-08-22,Real current decimal odds from The Odds API. Opening/closing snapshots are not available on the free tier and are intentionally left blank.
EPL2627_MW01_002_HullCity_ManchesterUnited,2026-27,1,2026-08-22,2026-08-22T11:30:00+00:00,Hull City,Manchester United,William Hill,1X2,,,,8.5,5.0,1.35,,,,,,,,current,,decimal,2026-08-22T06:17:29Z,the-odds-api.com,https://api.the-odds-api.com/v4/sports/soccer_epl/odds/,False,True,live,2026-08-22,Real current decimal odds from The Odds API. Opening/closing snapshots are not available on the free tier and are intentionally left blank.
EPL2627_MW01_002_HullCity_ManchesterUnited,2026-27,1,2026-08-22,2026-08-22T11:30:00+00:00,Hull City,Manchester United,Bet Victor,1X2,,,,9.5,5.5,1.3,,,,,,,,current,,decimal,2026-08-22T06:17:02Z,the-odds-api.com,https://api.the-odds-api.com/v4/sports/soccer_epl/odds/,False,True,live,2026-08-22,Real current decimal odds from The Odds API. Opening/closing snapshots are not available on the free tier and are intentionally left blank.
EPL2627_MW01_002_HullCity_ManchesterUnited,2026-27,1,2026-08-22,2026-08-22T11:30:00+00:00,Hull City,Manchester United,888sport,1X2,,,,8.5,4.8,1.33,,,,,,,,current,,decimal,2026-08-22T06:17:29Z,the-odds-api.com,https://api.the-odds-api.com/v4/sports/soccer_epl/odds/,False,True,live,2026-08-22,Real current decimal odds from The Odds API. Opening/closing snapshots are not available on the free tier and are intentionally left blank.
EPL2627_MW01_002_HullCity_ManchesterUnited,2026-27,1,2026-08-22,2026-08-22T11:30:00+00:00,Hull City,Manchester United,Ladbrokes,1X2,,,,8.0,5.0,1.35,,,,,,,,current,,decimal,2026-08-22T06:17:07Z,the-odds-api.com,https://api.the-odds-api.com/v4/sports/soccer_epl/odds/,False,True,live,2026-08-22,Real current decimal odds from The Odds API. Opening/closing snapshots are not available on the free tier and are intentionally left blank.
EPL2627_MW01_002_HullCity_ManchesterUnited,2026-27,1,2026-08-22,2026-08-22T11:30:00+00:00,Hull City,Manchester United,Sky Bet,1X2,,,,9.0,5.0,1.3,,,,,,,,current,,decimal,2026-08-22T06:17:08Z,the-odds-api.com,https://api.the-odds-api.com/v4/sports/soccer_epl/odds/,False,True,live,2026-08-22,Real current decimal odds from The Odds API. Opening/closing snapshots are not available on the free tier and are intentionally left blank.
EPL2627_MW01_002_HullCity_ManchesterUnited,2026-27,1,2026-08-22,2026-08-22T11:30:00+00:00,Hull City,Manchester United,Unibet (UK),1X2,,,,9.0,5.25,1.37,,,,,,,,current,,decimal,2026-08-22T06:17:08Z,the-odds-api.com,https://api.the-odds-api.com/v4/sports/soccer_epl/odds/,False,True,live,2026-08-22,Real current decimal odds from The Odds API. Opening/closing snapshots are not available on the free tier and are intentionally left blank.
EPL2627_MW01_002_HullCity_ManchesterUnited,2026-27,1,2026-08-22,2026-08-22T11:30:00+00:00,Hull City,Manchester United,BoyleSports,1X2,,,,9.5,4.75,1.3,,,,,,,,current,,decimal,2026-08-22T06:17:49Z,the-odds-api.com,https://api.the-odds-api.com/v4/sports/soccer_epl/odds/,False,True,live,2026-08-22,Real current decimal odds from The Odds API. Opening/closing snapshots are not available on the free tier and are intentionally left blank.
EPL2627_MW01_002_HullCity_ManchesterUnited,2026-27,1,2026-08-22,2026-08-22T11:30:00+00:00,Hull City,Manchester United,Smarkets,1X2,,,,10.5,5.6,1.36,,,,,,,,current,,decimal,2026-08-22T06:17:49Z,the-odds-api.com,https://api.the-odds-api.com/v4/sports/soccer_epl/odds/,False,True,live,2026-08-22,Real current decimal odds from The Odds API. Opening/closing snapshots are not available on the free tier and are intentionally left blank.
EPL2627_MW01_002_HullCity_ManchesterUnited,2026-27,1,2026-08-22,2026-08-22T11:30:00+00:00,Hull City,Manchester United,Casumo,1X2,,,,9.5,5.3,1.33,,,,,,,,current,,decimal,2026-08-22T06:17:06Z,the-odds-api.com,https://api.the-odds-api.com/v4/sports/soccer_epl/odds/,False,True,live,2026-08-22,Real current decimal odds from The Odds API. Opening/closing snapshots are not available on the free tier and are intentionally left blank.
EPL2627_MW01_002_HullCity_ManchesterUnited,2026-27,1,2026-08-22,2026-08-22T11:30:00+00:00,Hull City,Manchester United,LiveScore Bet,1X2,,,,8.5,5.1,1.3,,,,,,,,current,,decimal,2026-08-22T06:17:06Z,the-odds-api.com,https://api.the-odds-api.com/v4/sports/soccer_epl/odds/,False,True,live,2026-08-22,Real current decimal odds from The Odds API. Opening/closing snapshots are not available on the free tier and are intentionally left blank.
EPL2627_MW01_002_HullCity_ManchesterUnited,2026-27,1,2026-08-22,2026-08-22T11:30:00+00:00,Hull City,Manchester United,Grosvenor,1X2,,,,9.5,5.3,1.33,,,,,,,,current,,decimal,2026-08-22T06:17:06Z,the-odds-api.com,https://api.the-odds-api.com/v4/sports/soccer_epl/odds/,False,True,live,2026-08-22,Real current decimal odds from The Odds API. Opening/closing snapshots are not available on the free tier and are intentionally left blank.
EPL2627_MW01_002_HullCity_ManchesterUnited,2026-27,1,2026-08-22,2026-08-22T11:30:00+00:00,Hull City,Manchester United,Virgin Bet,1X2,,,,8.5,5.0,1.29,,,,,,,,current,,decimal,2026-08-22T06:17:06Z,the-odds-api.com,https://api.the-odds-api.com/v4/sports/soccer_epl/odds/,False,True,live,2026-08-22,Real current decimal odds from The Odds API. Opening/closing snapshots are not available on the free tier and are intentionally left blank.
EPL2627_MW01_002_HullCity_ManchesterUnited,2026-27,1,2026-08-22,2026-08-22T11:30:00+00:00,Hull City,Manchester United,LeoVegas,1X2,,,,8.5,5.25,1.33,,,,,,,,current,,decimal,2026-08-22T06:17:08Z,the-odds-api.com,https://api.the-odds-api.com/v4/sports/soccer_epl/odds/,False,True,live,2026-08-22,Real current decimal odds from The Odds API. Opening/closing snapshots are not available on the free tier and are intentionally left blank.
EPL2627_MW01_002_HullCity_ManchesterUnited,2026-27,1,2026-08-22,2026-08-22T11:30:00+00:00,Hull City,Manchester United,Betano (UK),1X2,,,,9.5,5.5,1.3,,,,,,,,current,,decimal,2026-08-22T06:16:15Z,the-odds-api.com,https://api.the-odds-api.com/v4/sports/soccer_epl/odds/,False,True,live,2026-08-22,Real current decimal odds from The Odds API. Opening/closing snapshots are not available on the free tier and are intentionally left blank.
EPL2627_MW01_002_HullCity_ManchesterUnited,2026-27,1,2026-08-22,2026-08-22T11:30:00+00:00,Hull City,Manchester United,Betway,1X2,,,,8.5,5.25,1.33,,,,,,,,current,,decimal,2026-08-22T06:17:50Z,the-odds-api.com,https://api.the-odds-api.com/v4/sports/soccer_epl/odds/,False,True,live,2026-08-22,Real current decimal odds from The Odds API. Opening/closing snapshots are not available on the free tier and are intentionally left blank.
EPL2627_MW01_002_HullCity_ManchesterUnited,2026-27,1,2026-08-22,2026-08-22T11:30:00+00:00,Hull City,Manchester United,Matchbook,1X2,,,,10.5,5.6,1.36,,,,,,,,current,,decimal,2026-08-22T06:17:49Z,the-odds-api.com,https://api.the-odds-api.com/v4/sports/soccer_epl/odds/,False,True,live,2026-08-22,Real current decimal odds from The Odds API. Opening/closing snapshots are not available on the free tier and are intentionally left blank.
EPL2627_MW01_003_Everton_CrystalPalace,2026-27,1,2026-08-22,2026-08-22T14:00:00+00:00,Everton,Crystal Palace,Betfair Sportsbook,1X2,,,,2.25,3.4,3.3,,,,,,,,current,,decimal,2026-08-22T06:17:05Z,the-odds-api.com,https://api.the-odds-api.com/v4/sports/soccer_epl/odds/,False,True,live,2026-08-22,Real current decimal odds from The Odds API. Opening/closing snapshots are not available on the free tier and are intentionally left blank.
EPL2627_MW01_003_Everton_CrystalPalace,2026-27,1,2026-08-22,2026-08-22T14:00:00+00:00,Everton,Crystal Palace,Betfred (UK),1X2,,,,2.25,3.4,3.2,,,,,,,,current,,decimal,2026-08-22T06:17:06Z,the-odds-api.com,https://api.the-odds-api.com/v4/sports/soccer_epl/odds/,False,True,live,2026-08-22,Real current decimal odds from The Odds API. Opening/closing snapshots are not available on the free tier and are intentionally left blank.
EPL2627_MW01_003_Everton_CrystalPalace,2026-27,1,2026-08-22,2026-08-22T14:00:00+00:00,Everton,Crystal Palace,Betfair,1X2,,,,2.32,3.55,3.45,,,,,,,,current,,decimal,2026-08-22T06:17:30Z,the-odds-api.com,https://api.the-odds-api.com/v4/sports/soccer_epl/odds/,False,True,live,2026-08-22,Real current decimal odds from The Odds API. Opening/closing snapshots are not available on the free tier and are intentionally left blank.
EPL2627_MW01_003_Everton_CrystalPalace,2026-27,1,2026-08-22,2026-08-22T14:00:00+00:00,Everton,Crystal Palace,Coral,1X2,,,,2.2,3.4,3.3,,,,,,,,current,,decimal,2026-08-22T06:17:29Z,the-odds-api.com,https://api.the-odds-api.com/v4/sports/soccer_epl/odds/,False,True,live,2026-08-22,Real current decimal odds from The Odds API. Opening/closing snapshots are not available on the free tier and are intentionally left blank.
EPL2627_MW01_003_Everton_CrystalPalace,2026-27,1,2026-08-22,2026-08-22T14:00:00+00:00,Everton,Crystal Palace,Paddy Power,1X2,,,,2.2,3.3,3.25,,,,,,,,current,,decimal,2026-08-22T06:17:29Z,the-odds-api.com,https://api.the-odds-api.com/v4/sports/soccer_epl/odds/,False,True,live,2026-08-22,Real current decimal odds from The Odds API. Opening/closing snapshots are not available on the free tier and are intentionally left blank.
EPL2627_MW01_003_Everton_CrystalPalace,2026-27,1,2026-08-22,2026-08-22T14:00:00+00:00,Everton,Crystal Palace,William Hill,1X2,,,,2.2,3.3,3.2,,,,,,,,current,,decimal,2026-08-22T06:17:29Z,the-odds-api.com,https://api.the-odds-api.com/v4/sports/soccer_epl/odds/,False,True,live,2026-08-22,Real current decimal odds from The Odds API. Opening/closing snapshots are not available on the free tier and are intentionally left blank.
EPL2627_MW01_003_Everton_CrystalPalace,2026-27,1,2026-08-22,2026-08-22T14:00:00+00:00,Everton,Crystal Palace,Bet Victor,1X2,,,,2.2,3.4,3.25,,,,,,,,current,,decimal,2026-08-22T06:17:02Z,the-odds-api.com,https://api.the-odds-api.com/v4/sports/soccer_epl/odds/,False,True,live,2026-08-22,Real current decimal odds from The Odds API. Opening/closing snapshots are not available on the free tier and are intentionally left blank.
EPL2627_MW01_003_Everton_CrystalPalace,2026-27,1,2026-08-22,2026-08-22T14:00:00+00:00,Everton,Crystal Palace,888sport,1X2,,,,2.2,3.25,3.2,,,,,,,,current,,decimal,2026-08-22T06:17:29Z,the-odds-api.com,https://api.the-odds-api.com/v4/sports/soccer_epl/odds/,False,True,live,2026-08-22,Real current decimal odds from The Odds API. Opening/closing snapshots are not available on the free tier and are intentionally left blank.
EPL2627_MW01_003_Everton_CrystalPalace,2026-27,1,2026-08-22,2026-08-22T14:00:00+00:00,Everton,Crystal Palace,Ladbrokes,1X2,,,,2.15,3.3,3.25,,,,,,,,current,,decimal,2026-08-22T06:17:07Z,the-odds-api.com,https://api.the-odds-api.com/v4/sports/soccer_epl/odds/,False,True,live,2026-08-22,Real current decimal odds from The Odds API. Opening/closing snapshots are not available on the free tier and are intentionally left blank.
EPL2627_MW01_003_Everton_CrystalPalace,2026-27,1,2026-08-22,2026-08-22T14:00:00+00:00,Everton,Crystal Palace,Sky Bet,1X2,,,,2.2,3.4,3.25,,,,,,,,current,,decimal,2026-08-22T06:17:08Z,the-odds-api.com,https://api.the-odds-api.com/v4/sports/soccer_epl/odds/,False,True,live,2026-08-22,Real current decimal odds from The Odds API. Opening/closing snapshots are not available on the free tier and are intentionally left blank.
EPL2627_MW01_003_Everton_CrystalPalace,2026-27,1,2026-08-22,2026-08-22T14:00:00+00:00,Everton,Crystal Palace,Unibet (UK),1X2,,,,2.25,3.4,3.3,,,,,,,,current,,decimal,2026-08-22T06:17:08Z,the-odds-api.com,https://api.the-odds-api.com/v4/sports/soccer_epl/odds/,False,True,live,2026-08-22,Real current decimal odds from The Odds API. Opening/closing snapshots are not available on the free tier and are intentionally left blank.
EPL2627_MW01_003_Everton_CrystalPalace,2026-27,1,2026-08-22,2026-08-22T14:00:00+00:00,Everton,Crystal Palace,BoyleSports,1X2,,,,2.25,3.25,3.2,,,,,,,,current,,decimal,2026-08-22T06:17:49Z,the-odds-api.com,https://api.the-odds-api.com/v4/sports/soccer_epl/odds/,False,True,live,2026-08-22,Real current decimal odds from The Odds API. Opening/closing snapshots are not available on the free tier and are intentionally left blank.
EPL2627_MW01_003_Everton_CrystalPalace,2026-27,1,2026-08-22,2026-08-22T14:00:00+00:00,Everton,Crystal Palace,Smarkets,1X2,,,,2.32,3.55,3.45,,,,,,,,current,,decimal,2026-08-22T06:17:49Z,the-odds-api.com,https://api.the-odds-api.com/v4/sports/soccer_epl/odds/,False,True,live,2026-08-22,Real current decimal odds from The Odds API. Opening/closing snapshots are not available on the free tier and are intentionally left blank.
EPL2627_MW01_003_Everton_CrystalPalace,2026-27,1,2026-08-22,2026-08-22T14:00:00+00:00,Everton,Crystal Palace,Casumo,1X2,,,,2.25,3.3,3.35,,,,,,,,current,,decimal,2026-08-22T06:17:06Z,the-odds-api.com,https://api.the-odds-api.com/v4/sports/soccer_epl/odds/,False,True,live,2026-08-22,Real current decimal odds from The Odds API. Opening/closing snapshots are not available on the free tier and are intentionally left blank.
EPL2627_MW01_003_Everton_CrystalPalace,2026-27,1,2026-08-22,2026-08-22T14:00:00+00:00,Everton,Crystal Palace,LiveScore Bet,1X2,,,,2.17,3.15,3.2,,,,,,,,current,,decimal,2026-08-22T06:17:06Z,the-odds-api.com,https://api.the-odds-api.com/v4/sports/soccer_epl/odds/,False,True,live,2026-08-22,Real current decimal odds from The Odds API. Opening/closing snapshots are not available on the free tier and are intentionally left blank.
EPL2627_MW01_003_Everton_CrystalPalace,2026-27,1,2026-08-22,2026-08-22T14:00:00+00:00,Everton,Crystal Palace,Grosvenor,1X2,,,,2.25,3.3,3.35,,,,,,,,current,,decimal,2026-08-22T06:17:06Z,the-odds-api.com,https://api.the-odds-api.com/v4/sports/soccer_epl/odds/,False,True,live,2026-08-22,Real current decimal odds from The Odds API. Opening/closing snapshots are not available on the free tier and are intentionally left blank.
EPL2627_MW01_003_Everton_CrystalPalace,2026-27,1,2026-08-22,2026-08-22T14:00:00+00:00,Everton,Crystal Palace,Virgin Bet,1X2,,,,2.2,3.15,3.2,,,,,,,,current,,decimal,2026-08-22T06:17:06Z,the-odds-api.com,https://api.the-odds-api.com/v4/sports/soccer_epl/odds/,False,True,live,2026-08-22,Real current decimal odds from The Odds API. Opening/closing snapshots are not available on the free tier and are intentionally left blank.
EPL2627_MW01_003_Everton_CrystalPalace,2026-27,1,2026-08-22,2026-08-22T14:00:00+00:00,Everton,Crystal Palace,LeoVegas,1X2,,,,2.2,3.4,3.2,,,,,,,,current,,decimal,2026-08-22T06:17:08Z,the-odds-api.com,https://api.the-odds-api.com/v4/sports/soccer_epl/odds/,False,True,live,2026-08-22,Real current decimal odds from The Odds API. Opening/closing snapshots are not available on the free tier and are intentionally left blank.
EPL2627_MW01_003_Everton_CrystalPalace,2026-27,1,2026-08-22,2026-08-22T14:00:00+00:00,Everton,Crystal Palace,Betano (UK),1X2,,,,2.2,3.4,3.25,,,,,,,,current,,decimal,2026-08-22T06:16:15Z,the-odds-api.com,https://api.the-odds-api.com/v4/sports/soccer_epl/odds/,False,True,live,2026-08-22,Real current decimal odds from The Odds API. Opening/closing snapshots are not available on the free tier and are intentionally left blank.
EPL2627_MW01_003_Everton_CrystalPalace,2026-27,1,2026-08-22,2026-08-22T14:00:00+00:00,Everton,Crystal Palace,Betway,1X2,,,,2.2,3.3,3.2,,,,,,,,current,,decimal,2026-08-22T06:17:50Z,the-odds-api.com,https://api.the-odds-api.com/v4/sports/soccer_epl/odds/,False,True,live,2026-08-22,Real current decimal odds from The Odds API. Opening/closing snapshots are not available on the free tier and are intentionally left blank.
EPL2627_MW01_003_Everton_CrystalPalace,2026-27,1,2026-08-22,2026-08-22T14:00:00+00:00,Everton,Crystal Palace,Matchbook,1X2,,,,2.32,3.55,3.45,,,,,,,,current,,decimal,2026-08-22T06:17:49Z,the-odds-api.com,https://api.the-odds-api.com/v4/sports/soccer_epl/odds/,False,True,live,2026-08-22,Real current decimal odds from The Odds API. Opening/closing snapshots are not available on the free tier and are intentionally left blank.
EPL2627_MW01_004_IpswichTown_Sunderland,2026-27,1,2026-08-22,2026-08-22T14:00:00+00:00,Ipswich Town,Sunderland,Betfair Sportsbook,1X2,,,,2.8,3.3,2.63,,,,,,,,current,,decimal,2026-08-22T06:17:05Z,the-odds-api.com,https://api.the-odds-api.com/v4/sports/soccer_epl/odds/,False,True,live,2026-08-22,Real current decimal odds from The Odds API. Opening/closing snapshots are not available on the free tier and are intentionally left blank.
EPL2627_MW01_004_IpswichTown_Sunderland,2026-27,1,2026-08-22,2026-08-22T14:00:00+00:00,Ipswich Town,Sunderland,Betfred (UK),1X2,,,,2.75,3.3,2.6,,,,,,,,current,,decimal,2026-08-22T06:17:06Z,the-odds-api.com,https://api.the-odds-api.com/v4/sports/soccer_epl/odds/,False,True,live,2026-08-22,Real current decimal odds from The Odds API. Opening/closing snapshots are not available on the free tier and are intentionally left blank.
EPL2627_MW01_004_IpswichTown_Sunderland,2026-27,1,2026-08-22,2026-08-22T14:00:00+00:00,Ipswich Town,Sunderland,Betfair,1X2,,,,2.92,3.4,2.7,,,,,,,,current,,decimal,2026-08-22T06:17:30Z,the-odds-api.com,https://api.the-odds-api.com/v4/sports/soccer_epl/odds/,False,True,live,2026-08-22,Real current decimal odds from The Odds API. Opening/closing snapshots are not available on the free tier and are intentionally left blank.
EPL2627_MW01_004_IpswichTown_Sunderland,2026-27,1,2026-08-22,2026-08-22T14:00:00+00:00,Ipswich Town,Sunderland,Coral,1X2,,,,2.7,3.25,2.6,,,,,,,,current,,decimal,2026-08-22T06:17:29Z,the-odds-api.com,https://api.the-odds-api.com/v4/sports/soccer_epl/odds/,False,True,live,2026-08-22,Real current decimal odds from The Odds API. Opening/closing snapshots are not available on the free tier and are intentionally left blank.
EPL2627_MW01_004_IpswichTown_Sunderland,2026-27,1,2026-08-22,2026-08-22T14:00:00+00:00,Ipswich Town,Sunderland,Paddy Power,1X2,,,,2.75,3.2,2.5,,,,,,,,current,,decimal,2026-08-22T06:17:29Z,the-odds-api.com,https://api.the-odds-api.com/v4/sports/soccer_epl/odds/,False,True,live,2026-08-22,Real current decimal odds from The Odds API. Opening/closing snapshots are not available on the free tier and are intentionally left blank.
EPL2627_MW01_004_IpswichTown_Sunderland,2026-27,1,2026-08-22,2026-08-22T14:00:00+00:00,Ipswich Town,Sunderland,William Hill,1X2,,,,2.8,3.1,2.6,,,,,,,,current,,decimal,2026-08-22T06:17:29Z,the-odds-api.com,https://api.the-odds-api.com/v4/sports/soccer_epl/odds/,False,True,live,2026-08-22,Real current decimal odds from The Odds API. Opening/closing snapshots are not available on the free tier and are intentionally left blank.
EPL2627_MW01_004_IpswichTown_Sunderland,2026-27,1,2026-08-22,2026-08-22T14:00:00+00:00,Ipswich Town,Sunderland,Bet Victor,1X2,,,,2.75,3.25,2.6,,,,,,,,current,,decimal,2026-08-22T06:17:02Z,the-odds-api.com,https://api.the-odds-api.com/v4/sports/soccer_epl/odds/,False,True,live,2026-08-22,Real current decimal odds from The Odds API. Opening/closing snapshots are not available on the free tier and are intentionally left blank.
EPL2627_MW01_004_IpswichTown_Sunderland,2026-27,1,2026-08-22,2026-08-22T14:00:00+00:00,Ipswich Town,Sunderland,888sport,1X2,,,,2.75,3.0,2.5,,,,,,,,current,,decimal,2026-08-22T06:17:29Z,the-odds-api.com,https://api.the-odds-api.com/v4/sports/soccer_epl/odds/,False,True,live,2026-08-22,Real current decimal odds from The Odds API. Opening/closing snapshots are not available on the free tier and are intentionally left blank.
EPL2627_MW01_004_IpswichTown_Sunderland,2026-27,1,2026-08-22,2026-08-22T14:00:00+00:00,Ipswich Town,Sunderland,Ladbrokes,1X2,,,,2.7,3.25,2.6,,,,,,,,current,,decimal,2026-08-22T06:17:07Z,the-odds-api.com,https://api.the-odds-api.com/v4/sports/soccer_epl/odds/,False,True,live,2026-08-22,Real current decimal odds from The Odds API. Opening/closing snapshots are not available on the free tier and are intentionally left blank.
EPL2627_MW01_004_IpswichTown_Sunderland,2026-27,1,2026-08-22,2026-08-22T14:00:00+00:00,Ipswich Town,Sunderland,Sky Bet,1X2,,,,2.75,3.3,2.5,,,,,,,,current,,decimal,2026-08-22T06:17:08Z,the-odds-api.com,https://api.the-odds-api.com/v4/sports/soccer_epl/odds/,False,True,live,2026-08-22,Real current decimal odds from The Odds API. Opening/closing snapshots are not available on the free tier and are intentionally left blank.
EPL2627_MW01_004_IpswichTown_Sunderland,2026-27,1,2026-08-22,2026-08-22T14:00:00+00:00,Ipswich Town,Sunderland,Unibet (UK),1X2,,,,2.8,3.25,2.65,,,,,,,,current,,decimal,2026-08-22T06:17:08Z,the-odds-api.com,https://api.the-odds-api.com/v4/sports/soccer_epl/odds/,False,True,live,2026-08-22,Real current decimal odds from The Odds API. Opening/closing snapshots are not available on the free tier and are intentionally left blank.
EPL2627_MW01_004_IpswichTown_Sunderland,2026-27,1,2026-08-22,2026-08-22T14:00:00+00:00,Ipswich Town,Sunderland,BoyleSports,1X2,,,,2.75,3.1,2.6,,,,,,,,current,,decimal,2026-08-22T06:17:49Z,the-odds-api.com,https://api.the-odds-api.com/v4/sports/soccer_epl/odds/,False,True,live,2026-08-22,Real current decimal odds from The Odds API. Opening/closing snapshots are not available on the free tier and are intentionally left blank.
EPL2627_MW01_004_IpswichTown_Sunderland,2026-27,1,2026-08-22,2026-08-22T14:00:00+00:00,Ipswich Town,Sunderland,Smarkets,1X2,,,,2.92,3.4,2.7,,,,,,,,current,,decimal,2026-08-22T06:17:49Z,the-odds-api.com,https://api.the-odds-api.com/v4/sports/soccer_epl/odds/,False,True,live,2026-08-22,Real current decimal odds from The Odds API. Opening/closing snapshots are not available on the free tier and are intentionally left blank.
EPL2627_MW01_004_IpswichTown_Sunderland,2026-27,1,2026-08-22,2026-08-22T14:00:00+00:00,Ipswich Town,Sunderland,Casumo,1X2,,,,2.75,3.25,2.63,,,,,,,,current,,decimal,2026-08-22T06:17:06Z,the-odds-api.com,https://api.the-odds-api.com/v4/sports/soccer_epl/odds/,False,True,live,2026-08-22,Real current decimal odds from The Odds API. Opening/closing snapshots are not available on the free tier and are intentionally left blank.
EPL2627_MW01_004_IpswichTown_Sunderland,2026-27,1,2026-08-22,2026-08-22T14:00:00+00:00,Ipswich Town,Sunderland,LiveScore Bet,1X2,,,,2.65,3.15,2.55,,,,,,,,current,,decimal,2026-08-22T06:17:06Z,the-odds-api.com,https://api.the-odds-api.com/v4/sports/soccer_epl/odds/,False,True,live,2026-08-22,Real current decimal odds from The Odds API. Opening/closing snapshots are not available on the free tier and are intentionally left blank.
EPL2627_MW01_004_IpswichTown_Sunderland,2026-27,1,2026-08-22,2026-08-22T14:00:00+00:00,Ipswich Town,Sunderland,Grosvenor,1X2,,,,2.75,3.25,2.63,,,,,,,,current,,decimal,2026-08-22T06:17:06Z,the-odds-api.com,https://api.the-odds-api.com/v4/sports/soccer_epl/odds/,False,True,live,2026-08-22,Real current decimal odds from The Odds API. Opening/closing snapshots are not available on the free tier and are intentionally left blank.
EPL2627_MW01_004_IpswichTown_Sunderland,2026-27,1,2026-08-22,2026-08-22T14:00:00+00:00,Ipswich Town,Sunderland,Virgin Bet,1X2,,,,2.63,3.15,2.55,,,,,,,,current,,decimal,2026-08-22T06:17:06Z,the-odds-api.com,https://api.the-odds-api.com/v4/sports/soccer_epl/odds/,False,True,live,2026-08-22,Real current decimal odds from The Odds API. Opening/closing snapshots are not available on the free tier and are intentionally left blank.
EPL2627_MW01_004_IpswichTown_Sunderland,2026-27,1,2026-08-22,2026-08-22T14:00:00+00:00,Ipswich Town,Sunderland,LeoVegas,1X2,,,,2.75,3.2,2.6,,,,,,,,current,,decimal,2026-08-22T06:17:08Z,the-odds-api.com,https://api.the-odds-api.com/v4/sports/soccer_epl/odds/,False,True,live,2026-08-22,Real current decimal odds from The Odds API. Opening/closing snapshots are not available on the free tier and are intentionally left blank.
EPL2627_MW01_004_IpswichTown_Sunderland,2026-27,1,2026-08-22,2026-08-22T14:00:00+00:00,Ipswich Town,Sunderland,Betano (UK),1X2,,,,2.75,3.25,2.6,,,,,,,,current,,decimal,2026-08-22T06:16:15Z,the-odds-api.com,https://api.the-odds-api.com/v4/sports/soccer_epl/odds/,False,True,live,2026-08-22,Real current decimal odds from The Odds API. Opening/closing snapshots are not available on the free tier and are intentionally left blank.
EPL2627_MW01_004_IpswichTown_Sunderland,2026-27,1,2026-08-22,2026-08-22T14:00:00+00:00,Ipswich Town,Sunderland,Betway,1X2,,,,2.75,3.25,2.6,,,,,,,,current,,decimal,2026-08-22T06:17:50Z,the-odds-api.com,https://api.the-odds-api.com/v4/sports/soccer_epl/odds/,False,True,live,2026-08-22,Real current decimal odds from The Odds API. Opening/closing snapshots are not available on the free tier and are intentionally left blank.
EPL2627_MW01_004_IpswichTown_Sunderland,2026-27,1,2026-08-22,2026-08-22T14:00:00+00:00,Ipswich Town,Sunderland,Matchbook,1X2,,,,2.92,3.4,2.7,,,,,,,,current,,decimal,2026-08-22T06:17:49Z,the-odds-api.com,https://api.the-odds-api.com/v4/sports/soccer_epl/odds/,False,True,live,2026-08-22,Real current decimal odds from The Odds API. Opening/closing snapshots are not available on the free tier and are intentionally left blank.
EPL2627_MW01_005_NottinghamForest_LeedsUnited,2026-27,1,2026-08-22,2026-08-22T14:00:00+00:00,Nottingham Forest,Leeds United,Betfair Sportsbook,1X2,,,,2.3,3.4,3.1,,,,,,,,current,,decimal,2026-08-22T06:17:05Z,the-odds-api.com,https://api.the-odds-api.com/v4/sports/soccer_epl/odds/,False,True,live,2026-08-22,Real current decimal odds from The Odds API. Opening/closing snapshots are not available on the free tier and are intentionally left blank.
EPL2627_MW01_005_NottinghamForest_LeedsUnited,2026-27,1,2026-08-22,2026-08-22T14:00:00+00:00,Nottingham Forest,Leeds United,Betfred (UK),1X2,,,,2.3,3.4,3.1,,,,,,,,current,,decimal,2026-08-22T06:17:06Z,the-odds-api.com,https://api.the-odds-api.com/v4/sports/soccer_epl/odds/,False,True,live,2026-08-22,Real current decimal odds from The Odds API. Opening/closing snapshots are not available on the free tier and are intentionally left blank.
EPL2627_MW01_005_NottinghamForest_LeedsUnited,2026-27,1,2026-08-22,2026-08-22T14:00:00+00:00,Nottingham Forest,Leeds United,Betfair,1X2,,,,2.44,3.5,3.25,,,,,,,,current,,decimal,2026-08-22T06:17:30Z,the-odds-api.com,https://api.the-odds-api.com/v4/sports/soccer_epl/odds/,False,True,live,2026-08-22,Real current decimal odds from The Odds API. Opening/closing snapshots are not available on the free tier and are intentionally left blank.
EPL2627_MW01_005_NottinghamForest_LeedsUnited,2026-27,1,2026-08-22,2026-08-22T14:00:00+00:00,Nottingham Forest,Leeds United,Coral,1X2,,,,2.3,3.4,3.0,,,,,,,,current,,decimal,2026-08-22T06:17:29Z,the-odds-api.com,https://api.the-odds-api.com/v4/sports/soccer_epl/odds/,False,True,live,2026-08-22,Real current decimal odds from The Odds API. Opening/closing snapshots are not available on the free tier and are intentionally left blank.
EPL2627_MW01_005_NottinghamForest_LeedsUnited,2026-27,1,2026-08-22,2026-08-22T14:00:00+00:00,Nottingham Forest,Leeds United,Paddy Power,1X2,,,,2.3,3.3,3.0,,,,,,,,current,,decimal,2026-08-22T06:17:29Z,the-odds-api.com,https://api.the-odds-api.com/v4/sports/soccer_epl/odds/,False,True,live,2026-08-22,Real current decimal odds from The Odds API. Opening/closing snapshots are not available on the free tier and are intentionally left blank.
EPL2627_MW01_005_NottinghamForest_LeedsUnited,2026-27,1,2026-08-22,2026-08-22T14:00:00+00:00,Nottingham Forest,Leeds United,William Hill,1X2,,,,2.3,3.25,3.0,,,,,,,,current,,decimal,2026-08-22T06:17:29Z,the-odds-api.com,https://api.the-odds-api.com/v4/sports/soccer_epl/odds/,False,True,live,2026-08-22,Real current decimal odds from The Odds API. Opening/closing snapshots are not available on the free tier and are intentionally left blank.
EPL2627_MW01_005_NottinghamForest_LeedsUnited,2026-27,1,2026-08-22,2026-08-22T14:00:00+00:00,Nottingham Forest,Leeds United,Bet Victor,1X2,,,,2.3,3.4,3.1,,,,,,,,current,,decimal,2026-08-22T06:17:02Z,the-odds-api.com,https://api.the-odds-api.com/v4/sports/soccer_epl/odds/,False,True,live,2026-08-22,Real current decimal odds from The Odds API. Opening/closing snapshots are not available on the free tier and are intentionally left blank.
EPL2627_MW01_005_NottinghamForest_LeedsUnited,2026-27,1,2026-08-22,2026-08-22T14:00:00+00:00,Nottingham Forest,Leeds United,888sport,1X2,,,,2.3,3.25,3.0,,,,,,,,current,,decimal,2026-08-22T06:17:29Z,the-odds-api.com,https://api.the-odds-api.com/v4/sports/soccer_epl/odds/,False,True,live,2026-08-22,Real current decimal odds from The Odds API. Opening/closing snapshots are not available on the free tier and are intentionally left blank.
EPL2627_MW01_005_NottinghamForest_LeedsUnited,2026-27,1,2026-08-22,2026-08-22T14:00:00+00:00,Nottingham Forest,Leeds United,Ladbrokes,1X2,,,,2.3,3.4,3.0,,,,,,,,current,,decimal,2026-08-22T06:17:07Z,the-odds-api.com,https://api.the-odds-api.com/v4/sports/soccer_epl/odds/,False,True,live,2026-08-22,Real current decimal odds from The Odds API. Opening/closing snapshots are not available on the free tier and are intentionally left blank.
EPL2627_MW01_005_NottinghamForest_LeedsUnited,2026-27,1,2026-08-22,2026-08-22T14:00:00+00:00,Nottingham Forest,Leeds United,Sky Bet,1X2,,,,2.3,3.4,3.0,,,,,,,,current,,decimal,2026-08-22T06:17:08Z,the-odds-api.com,https://api.the-odds-api.com/v4/sports/soccer_epl/odds/,False,True,live,2026-08-22,Real current decimal odds from The Odds API. Opening/closing snapshots are not available on the free tier and are intentionally left blank.
EPL2627_MW01_005_NottinghamForest_LeedsUnited,2026-27,1,2026-08-22,2026-08-22T14:00:00+00:00,Nottingham Forest,Leeds United,Unibet (UK),1X2,,,,2.38,3.4,3.1,,,,,,,,current,,decimal,2026-08-22T06:17:08Z,the-odds-api.com,https://api.the-odds-api.com/v4/sports/soccer_epl/odds/,False,True,live,2026-08-22,Real current decimal odds from The Odds API. Opening/closing snapshots are not available on the free tier and are intentionally left blank.
EPL2627_MW01_005_NottinghamForest_LeedsUnited,2026-27,1,2026-08-22,2026-08-22T14:00:00+00:00,Nottingham Forest,Leeds United,BoyleSports,1X2,,,,2.3,3.25,3.0,,,,,,,,current,,decimal,2026-08-22T06:17:49Z,the-odds-api.com,https://api.the-odds-api.com/v4/sports/soccer_epl/odds/,False,True,live,2026-08-22,Real current decimal odds from The Odds API. Opening/closing snapshots are not available on the free tier and are intentionally left blank.
EPL2627_MW01_005_NottinghamForest_LeedsUnited,2026-27,1,2026-08-22,2026-08-22T14:00:00+00:00,Nottingham Forest,Leeds United,Smarkets,1X2,,,,2.44,3.5,3.25,,,,,,,,current,,decimal,2026-08-22T06:17:49Z,the-odds-api.com,https://api.the-odds-api.com/v4/sports/soccer_epl/odds/,False,True,live,2026-08-22,Real current decimal odds from The Odds API. Opening/closing snapshots are not available on the free tier and are intentionally left blank.
EPL2627_MW01_005_NottinghamForest_LeedsUnited,2026-27,1,2026-08-22,2026-08-22T14:00:00+00:00,Nottingham Forest,Leeds United,Casumo,1X2,,,,2.3,3.3,3.2,,,,,,,,current,,decimal,2026-08-22T06:17:06Z,the-odds-api.com,https://api.the-odds-api.com/v4/sports/soccer_epl/odds/,False,True,live,2026-08-22,Real current decimal odds from The Odds API. Opening/closing snapshots are not available on the free tier and are intentionally left blank.
EPL2627_MW01_005_NottinghamForest_LeedsUnited,2026-27,1,2026-08-22,2026-08-22T14:00:00+00:00,Nottingham Forest,Leeds United,LiveScore Bet,1X2,,,,2.23,3.15,3.05,,,,,,,,current,,decimal,2026-08-22T06:17:06Z,the-odds-api.com,https://api.the-odds-api.com/v4/sports/soccer_epl/odds/,False,True,live,2026-08-22,Real current decimal odds from The Odds API. Opening/closing snapshots are not available on the free tier and are intentionally left blank.
EPL2627_MW01_005_NottinghamForest_LeedsUnited,2026-27,1,2026-08-22,2026-08-22T14:00:00+00:00,Nottingham Forest,Leeds United,Grosvenor,1X2,,,,2.3,3.3,3.2,,,,,,,,current,,decimal,2026-08-22T06:17:06Z,the-odds-api.com,https://api.the-odds-api.com/v4/sports/soccer_epl/odds/,False,True,live,2026-08-22,Real current decimal odds from The Odds API. Opening/closing snapshots are not available on the free tier and are intentionally left blank.
EPL2627_MW01_005_NottinghamForest_LeedsUnited,2026-27,1,2026-08-22,2026-08-22T14:00:00+00:00,Nottingham Forest,Leeds United,Virgin Bet,1X2,,,,2.25,3.15,3.05,,,,,,,,current,,decimal,2026-08-22T06:17:06Z,the-odds-api.com,https://api.the-odds-api.com/v4/sports/soccer_epl/odds/,False,True,live,2026-08-22,Real current decimal odds from The Odds API. Opening/closing snapshots are not available on the free tier and are intentionally left blank.
EPL2627_MW01_005_NottinghamForest_LeedsUnited,2026-27,1,2026-08-22,2026-08-22T14:00:00+00:00,Nottingham Forest,Leeds United,LeoVegas,1X2,,,,2.3,3.3,3.05,,,,,,,,current,,decimal,2026-08-22T06:17:08Z,the-odds-api.com,https://api.the-odds-api.com/v4/sports/soccer_epl/odds/,False,True,live,2026-08-22,Real current decimal odds from The Odds API. Opening/closing snapshots are not available on the free tier and are intentionally left blank.
EPL2627_MW01_005_NottinghamForest_LeedsUnited,2026-27,1,2026-08-22,2026-08-22T14:00:00+00:00,Nottingham Forest,Leeds United,Betano (UK),1X2,,,,2.3,3.4,3.1,,,,,,,,current,,decimal,2026-08-22T06:16:15Z,the-odds-api.com,https://api.the-odds-api.com/v4/sports/soccer_epl/odds/,False,True,live,2026-08-22,Real current decimal odds from The Odds API. Opening/closing snapshots are not available on the free tier and are intentionally left blank.
EPL2627_MW01_005_NottinghamForest_LeedsUnited,2026-27,1,2026-08-22,2026-08-22T14:00:00+00:00,Nottingham Forest,Leeds United,Betway,1X2,,,,2.3,3.3,3.0,,,,,,,,current,,decimal,2026-08-22T06:17:50Z,the-odds-api.com,https://api.the-odds-api.com/v4/sports/soccer_epl/odds/,False,True,live,2026-08-22,Real current decimal odds from The Odds API. Opening/closing snapshots are not available on the free tier and are intentionally left blank.
EPL2627_MW01_005_NottinghamForest_LeedsUnited,2026-27,1,2026-08-22,2026-08-22T14:00:00+00:00,Nottingham Forest,Leeds United,Matchbook,1X2,,,,2.44,3.5,3.25,,,,,,,,current,,decimal,2026-08-22T06:17:49Z,the-odds-api.com,https://api.the-odds-api.com/v4/sports/soccer_epl/odds/,False,True,live,2026-08-22,Real current decimal odds from The Odds API. Opening/closing snapshots are not available on the free tier and are intentionally left blank.
EPL2627_MW01_006_Brentford_TottenhamHotspur,2026-27,1,2026-08-22,2026-08-22T16:30:00+00:00,Brentford,Tottenham Hotspur,Betfair Sportsbook,1X2,,,,2.1,3.7,3.3,,,,,,,,current,,decimal,2026-08-22T06:17:05Z,the-odds-api.com,https://api.the-odds-api.com/v4/sports/soccer_epl/odds/,False,True,live,2026-08-22,Real current decimal odds from The Odds API. Opening/closing snapshots are not available on the free tier and are intentionally left blank.
EPL2627_MW01_006_Brentford_TottenhamHotspur,2026-27,1,2026-08-22,2026-08-22T16:30:00+00:00,Brentford,Tottenham Hotspur,Betfred (UK),1X2,,,,2.15,3.75,3.1,,,,,,,,current,,decimal,2026-08-22T06:17:06Z,the-odds-api.com,https://api.the-odds-api.com/v4/sports/soccer_epl/odds/,False,True,live,2026-08-22,Real current decimal odds from The Odds API. Opening/closing snapshots are not available on the free tier and are intentionally left blank.
EPL2627_MW01_006_Brentford_TottenhamHotspur,2026-27,1,2026-08-22,2026-08-22T16:30:00+00:00,Brentford,Tottenham Hotspur,Betfair,1X2,,,,2.2,3.85,3.4,,,,,,,,current,,decimal,2026-08-22T06:17:30Z,the-odds-api.com,https://api.the-odds-api.com/v4/sports/soccer_epl/odds/,False,True,live,2026-08-22,Real current decimal odds from The Odds API. Opening/closing snapshots are not available on the free tier and are intentionally left blank.
EPL2627_MW01_006_Brentford_TottenhamHotspur,2026-27,1,2026-08-22,2026-08-22T16:30:00+00:00,Brentford,Tottenham Hotspur,Coral,1X2,,,,2.1,3.6,3.3,,,,,,,,current,,decimal,2026-08-22T06:17:29Z,the-odds-api.com,https://api.the-odds-api.com/v4/sports/soccer_epl/odds/,False,True,live,2026-08-22,Real current decimal odds from The Odds API. Opening/closing snapshots are not available on the free tier and are intentionally left blank.
EPL2627_MW01_006_Brentford_TottenhamHotspur,2026-27,1,2026-08-22,2026-08-22T16:30:00+00:00,Brentford,Tottenham Hotspur,Paddy Power,1X2,,,,2.1,3.6,3.25,,,,,,,,current,,decimal,2026-08-22T06:17:29Z,the-odds-api.com,https://api.the-odds-api.com/v4/sports/soccer_epl/odds/,False,True,live,2026-08-22,Real current decimal odds from The Odds API. Opening/closing snapshots are not available on the free tier and are intentionally left blank.
EPL2627_MW01_006_Brentford_TottenhamHotspur,2026-27,1,2026-08-22,2026-08-22T16:30:00+00:00,Brentford,Tottenham Hotspur,William Hill,1X2,,,,2.1,3.5,3.2,,,,,,,,current,,decimal,2026-08-22T06:17:29Z,the-odds-api.com,https://api.the-odds-api.com/v4/sports/soccer_epl/odds/,False,True,live,2026-08-22,Real current decimal odds from The Odds API. Opening/closing snapshots are not available on the free tier and are intentionally left blank.
EPL2627_MW01_006_Brentford_TottenhamHotspur,2026-27,1,2026-08-22,2026-08-22T16:30:00+00:00,Brentford,Tottenham Hotspur,Bet Victor,1X2,,,,2.1,3.7,3.25,,,,,,,,current,,decimal,2026-08-22T06:17:02Z,the-odds-api.com,https://api.the-odds-api.com/v4/sports/soccer_epl/odds/,False,True,live,2026-08-22,Real current decimal odds from The Odds API. Opening/closing snapshots are not available on the free tier and are intentionally left blank.
EPL2627_MW01_006_Brentford_TottenhamHotspur,2026-27,1,2026-08-22,2026-08-22T16:30:00+00:00,Brentford,Tottenham Hotspur,888sport,1X2,,,,2.1,3.5,3.1,,,,,,,,current,,decimal,2026-08-22T06:17:29Z,the-odds-api.com,https://api.the-odds-api.com/v4/sports/soccer_epl/odds/,False,True,live,2026-08-22,Real current decimal odds from The Odds API. Opening/closing snapshots are not available on the free tier and are intentionally left blank.
EPL2627_MW01_006_Brentford_TottenhamHotspur,2026-27,1,2026-08-22,2026-08-22T16:30:00+00:00,Brentford,Tottenham Hotspur,Ladbrokes,1X2,,,,2.1,3.6,3.3,,,,,,,,current,,decimal,2026-08-22T06:17:07Z,the-odds-api.com,https://api.the-odds-api.com/v4/sports/soccer_epl/odds/,False,True,live,2026-08-22,Real current decimal odds from The Odds API. Opening/closing snapshots are not available on the free tier and are intentionally left blank.
EPL2627_MW01_006_Brentford_TottenhamHotspur,2026-27,1,2026-08-22,2026-08-22T16:30:00+00:00,Brentford,Tottenham Hotspur,Sky Bet,1X2,,,,2.1,3.75,3.25,,,,,,,,current,,decimal,2026-08-22T06:17:08Z,the-odds-api.com,https://api.the-odds-api.com/v4/sports/soccer_epl/odds/,False,True,live,2026-08-22,Real current decimal odds from The Odds API. Opening/closing snapshots are not available on the free tier and are intentionally left blank.
EPL2627_MW01_006_Brentford_TottenhamHotspur,2026-27,1,2026-08-22,2026-08-22T16:30:00+00:00,Brentford,Tottenham Hotspur,Unibet (UK),1X2,,,,2.15,3.7,3.3,,,,,,,,current,,decimal,2026-08-22T06:17:08Z,the-odds-api.com,https://api.the-odds-api.com/v4/sports/soccer_epl/odds/,False,True,live,2026-08-22,Real current decimal odds from The Odds API. Opening/closing snapshots are not available on the free tier and are intentionally left blank.
EPL2627_MW01_006_Brentford_TottenhamHotspur,2026-27,1,2026-08-22,2026-08-22T16:30:00+00:00,Brentford,Tottenham Hotspur,BoyleSports,1X2,,,,2.05,3.6,3.25,,,,,,,,current,,decimal,2026-08-22T06:17:49Z,the-odds-api.com,https://api.the-odds-api.com/v4/sports/soccer_epl/odds/,False,True,live,2026-08-22,Real current decimal odds from The Odds API. Opening/closing snapshots are not available on the free tier and are intentionally left blank.
EPL2627_MW01_006_Brentford_TottenhamHotspur,2026-27,1,2026-08-22,2026-08-22T16:30:00+00:00,Brentford,Tottenham Hotspur,Smarkets,1X2,,,,2.2,3.85,3.4,,,,,,,,current,,decimal,2026-08-22T06:17:49Z,the-odds-api.com,https://api.the-odds-api.com/v4/sports/soccer_epl/odds/,False,True,live,2026-08-22,Real current decimal odds from The Odds API. Opening/closing snapshots are not available on the free tier and are intentionally left blank.
EPL2627_MW01_006_Brentford_TottenhamHotspur,2026-27,1,2026-08-22,2026-08-22T16:30:00+00:00,Brentford,Tottenham Hotspur,Casumo,1X2,,,,2.14,3.6,3.25,,,,,,,,current,,decimal,2026-08-22T06:17:06Z,the-odds-api.com,https://api.the-odds-api.com/v4/sports/soccer_epl/odds/,False,True,live,2026-08-22,Real current decimal odds from The Odds API. Opening/closing snapshots are not available on the free tier and are intentionally left blank.
EPL2627_MW01_006_Brentford_TottenhamHotspur,2026-27,1,2026-08-22,2026-08-22T16:30:00+00:00,Brentford,Tottenham Hotspur,LiveScore Bet,1X2,,,,2.07,3.5,3.15,,,,,,,,current,,decimal,2026-08-22T06:17:06Z,the-odds-api.com,https://api.the-odds-api.com/v4/sports/soccer_epl/odds/,False,True,live,2026-08-22,Real current decimal odds from The Odds API. Opening/closing snapshots are not available on the free tier and are intentionally left blank.
EPL2627_MW01_006_Brentford_TottenhamHotspur,2026-27,1,2026-08-22,2026-08-22T16:30:00+00:00,Brentford,Tottenham Hotspur,Grosvenor,1X2,,,,2.14,3.6,3.25,,,,,,,,current,,decimal,2026-08-22T06:17:06Z,the-odds-api.com,https://api.the-odds-api.com/v4/sports/soccer_epl/odds/,False,True,live,2026-08-22,Real current decimal odds from The Odds API. Opening/closing snapshots are not available on the free tier and are intentionally left blank.
EPL2627_MW01_006_Brentford_TottenhamHotspur,2026-27,1,2026-08-22,2026-08-22T16:30:00+00:00,Brentford,Tottenham Hotspur,Virgin Bet,1X2,,,,2.07,3.5,3.15,,,,,,,,current,,decimal,2026-08-22T06:17:06Z,the-odds-api.com,https://api.the-odds-api.com/v4/sports/soccer_epl/odds/,False,True,live,2026-08-22,Real current decimal odds from The Odds API. Opening/closing snapshots are not available on the free tier and are intentionally left blank.
EPL2627_MW01_006_Brentford_TottenhamHotspur,2026-27,1,2026-08-22,2026-08-22T16:30:00+00:00,Brentford,Tottenham Hotspur,LeoVegas,1X2,,,,2.1,3.6,3.2,,,,,,,,current,,decimal,2026-08-22T06:17:08Z,the-odds-api.com,https://api.the-odds-api.com/v4/sports/soccer_epl/odds/,False,True,live,2026-08-22,Real current decimal odds from The Odds API. Opening/closing snapshots are not available on the free tier and are intentionally left blank.
EPL2627_MW01_006_Brentford_TottenhamHotspur,2026-27,1,2026-08-22,2026-08-22T16:30:00+00:00,Brentford,Tottenham Hotspur,Betano (UK),1X2,,,,2.1,3.7,3.25,,,,,,,,current,,decimal,2026-08-22T06:16:15Z,the-odds-api.com,https://api.the-odds-api.com/v4/sports/soccer_epl/odds/,False,True,live,2026-08-22,Real current decimal odds from The Odds API. Opening/closing snapshots are not available on the free tier and are intentionally left blank.
EPL2627_MW01_006_Brentford_TottenhamHotspur,2026-27,1,2026-08-22,2026-08-22T16:30:00+00:00,Brentford,Tottenham Hotspur,Betway,1X2,,,,2.05,3.6,3.25,,,,,,,,current,,decimal,2026-08-22T06:17:50Z,the-odds-api.com,https://api.the-odds-api.com/v4/sports/soccer_epl/odds/,False,True,live,2026-08-22,Real current decimal odds from The Odds API. Opening/closing snapshots are not available on the free tier and are intentionally left blank.
EPL2627_MW01_006_Brentford_TottenhamHotspur,2026-27,1,2026-08-22,2026-08-22T16:30:00+00:00,Brentford,Tottenham Hotspur,Matchbook,1X2,,,,2.2,3.85,3.4,,,,,,,,current,,decimal,2026-08-22T06:17:49Z,the-odds-api.com,https://api.the-odds-api.com/v4/sports/soccer_epl/odds/,False,True,live,2026-08-22,Real current decimal odds from The Odds API. Opening/closing snapshots are not available on the free tier and are intentionally left blank.
EPL2627_MW01_007_Brighton&HoveAlbion_AstonVilla,2026-27,1,2026-08-23,2026-08-23T13:00:00+00:00,Brighton & Hove Albion,Aston Villa,Betfair Sportsbook,1X2,,,,2.2,3.6,3.2,,,,,,,,current,,decimal,2026-08-22T06:17:05Z,the-odds-api.com,https://api.the-odds-api.com/v4/sports/soccer_epl/odds/,False,True,live,2026-08-22,Real current decimal odds from The Odds API. Opening/closing snapshots are not available on the free tier and are intentionally left blank.
EPL2627_MW01_007_Brighton&HoveAlbion_AstonVilla,2026-27,1,2026-08-23,2026-08-23T13:00:00+00:00,Brighton & Hove Albion,Aston Villa,Betfred (UK),1X2,,,,2.2,3.6,3.1,,,,,,,,current,,decimal,2026-08-22T06:17:06Z,the-odds-api.com,https://api.the-odds-api.com/v4/sports/soccer_epl/odds/,False,True,live,2026-08-22,Real current decimal odds from The Odds API. Opening/closing snapshots are not available on the free tier and are intentionally left blank.
EPL2627_MW01_007_Brighton&HoveAlbion_AstonVilla,2026-27,1,2026-08-23,2026-08-23T13:00:00+00:00,Brighton & Hove Albion,Aston Villa,Betfair,1X2,,,,2.26,3.75,3.35,,,,,,,,current,,decimal,2026-08-22T06:17:30Z,the-odds-api.com,https://api.the-odds-api.com/v4/sports/soccer_epl/odds/,False,True,live,2026-08-22,Real current decimal odds from The Odds API. Opening/closing snapshots are not available on the free tier and are intentionally left blank.
EPL2627_MW01_007_Brighton&HoveAlbion_AstonVilla,2026-27,1,2026-08-23,2026-08-23T13:00:00+00:00,Brighton & Hove Albion,Aston Villa,Coral,1X2,,,,2.2,3.5,3.2,,,,,,,,current,,decimal,2026-08-22T06:17:29Z,the-odds-api.com,https://api.the-odds-api.com/v4/sports/soccer_epl/odds/,False,True,live,2026-08-22,Real current decimal odds from The Odds API. Opening/closing snapshots are not available on the free tier and are intentionally left blank.
EPL2627_MW01_007_Brighton&HoveAlbion_AstonVilla,2026-27,1,2026-08-23,2026-08-23T13:00:00+00:00,Brighton & Hove Albion,Aston Villa,Paddy Power,1X2,,,,2.15,3.5,3.1,,,,,,,,current,,decimal,2026-08-22T06:17:29Z,the-odds-api.com,https://api.the-odds-api.com/v4/sports/soccer_epl/odds/,False,True,live,2026-08-22,Real current decimal odds from The Odds API. Opening/closing snapshots are not available on the free tier and are intentionally left blank.
EPL2627_MW01_007_Brighton&HoveAlbion_AstonVilla,2026-27,1,2026-08-23,2026-08-23T13:00:00+00:00,Brighton & Hove Albion,Aston Villa,William Hill,1X2,,,,2.15,3.4,3.2,,,,,,,,current,,decimal,2026-08-22T06:17:29Z,the-odds-api.com,https://api.the-odds-api.com/v4/sports/soccer_epl/odds/,False,True,live,2026-08-22,Real current decimal odds from The Odds API. Opening/closing snapshots are not available on the free tier and are intentionally left blank.
EPL2627_MW01_007_Brighton&HoveAlbion_AstonVilla,2026-27,1,2026-08-23,2026-08-23T13:00:00+00:00,Brighton & Hove Albion,Aston Villa,Bet Victor,1X2,,,,2.15,3.6,3.2,,,,,,,,current,,decimal,2026-08-22T06:17:02Z,the-odds-api.com,https://api.the-odds-api.com/v4/sports/soccer_epl/odds/,False,True,live,2026-08-22,Real current decimal odds from The Odds API. Opening/closing snapshots are not available on the free tier and are intentionally left blank.
EPL2627_MW01_007_Brighton&HoveAlbion_AstonVilla,2026-27,1,2026-08-23,2026-08-23T13:00:00+00:00,Brighton & Hove Albion,Aston Villa,888sport,1X2,,,,2.15,3.3,3.1,,,,,,,,current,,decimal,2026-08-22T06:17:29Z,the-odds-api.com,https://api.the-odds-api.com/v4/sports/soccer_epl/odds/,False,True,live,2026-08-22,Real current decimal odds from The Odds API. Opening/closing snapshots are not available on the free tier and are intentionally left blank.
EPL2627_MW01_007_Brighton&HoveAlbion_AstonVilla,2026-27,1,2026-08-23,2026-08-23T13:00:00+00:00,Brighton & Hove Albion,Aston Villa,Ladbrokes,1X2,,,,2.15,3.5,3.1,,,,,,,,current,,decimal,2026-08-22T06:17:07Z,the-odds-api.com,https://api.the-odds-api.com/v4/sports/soccer_epl/odds/,False,True,live,2026-08-22,Real current decimal odds from The Odds API. Opening/closing snapshots are not available on the free tier and are intentionally left blank.
EPL2627_MW01_007_Brighton&HoveAlbion_AstonVilla,2026-27,1,2026-08-23,2026-08-23T13:00:00+00:00,Brighton & Hove Albion,Aston Villa,Sky Bet,1X2,,,,2.15,3.5,3.1,,,,,,,,current,,decimal,2026-08-22T06:17:08Z,the-odds-api.com,https://api.the-odds-api.com/v4/sports/soccer_epl/odds/,False,True,live,2026-08-22,Real current decimal odds from The Odds API. Opening/closing snapshots are not available on the free tier and are intentionally left blank.
EPL2627_MW01_007_Brighton&HoveAlbion_AstonVilla,2026-27,1,2026-08-23,2026-08-23T13:00:00+00:00,Brighton & Hove Albion,Aston Villa,Unibet (UK),1X2,,,,2.2,3.5,3.2,,,,,,,,current,,decimal,2026-08-22T06:17:08Z,the-odds-api.com,https://api.the-odds-api.com/v4/sports/soccer_epl/odds/,False,True,live,2026-08-22,Real current decimal odds from The Odds API. Opening/closing snapshots are not available on the free tier and are intentionally left blank.
EPL2627_MW01_007_Brighton&HoveAlbion_AstonVilla,2026-27,1,2026-08-23,2026-08-23T13:00:00+00:00,Brighton & Hove Albion,Aston Villa,BoyleSports,1X2,,,,2.1,3.4,3.25,,,,,,,,current,,decimal,2026-08-22T06:17:49Z,the-odds-api.com,https://api.the-odds-api.com/v4/sports/soccer_epl/odds/,False,True,live,2026-08-22,Real current decimal odds from The Odds API. Opening/closing snapshots are not available on the free tier and are intentionally left blank.
EPL2627_MW01_007_Brighton&HoveAlbion_AstonVilla,2026-27,1,2026-08-23,2026-08-23T13:00:00+00:00,Brighton & Hove Albion,Aston Villa,Smarkets,1X2,,,,2.28,3.75,3.35,,,,,,,,current,,decimal,2026-08-22T06:17:49Z,the-odds-api.com,https://api.the-odds-api.com/v4/sports/soccer_epl/odds/,False,True,live,2026-08-22,Real current decimal odds from The Odds API. Opening/closing snapshots are not available on the free tier and are intentionally left blank.
EPL2627_MW01_007_Brighton&HoveAlbion_AstonVilla,2026-27,1,2026-08-23,2026-08-23T13:00:00+00:00,Brighton & Hove Albion,Aston Villa,Casumo,1X2,,,,2.25,3.55,3.05,,,,,,,,current,,decimal,2026-08-22T06:17:06Z,the-odds-api.com,https://api.the-odds-api.com/v4/sports/soccer_epl/odds/,False,True,live,2026-08-22,Real current decimal odds from The Odds API. Opening/closing snapshots are not available on the free tier and are intentionally left blank.
EPL2627_MW01_007_Brighton&HoveAlbion_AstonVilla,2026-27,1,2026-08-23,2026-08-23T13:00:00+00:00,Brighton & Hove Albion,Aston Villa,LiveScore Bet,1X2,,,,2.2,3.45,2.95,,,,,,,,current,,decimal,2026-08-22T06:17:06Z,the-odds-api.com,https://api.the-odds-api.com/v4/sports/soccer_epl/odds/,False,True,live,2026-08-22,Real current decimal odds from The Odds API. Opening/closing snapshots are not available on the free tier and are intentionally left blank.
EPL2627_MW01_007_Brighton&HoveAlbion_AstonVilla,2026-27,1,2026-08-23,2026-08-23T13:00:00+00:00,Brighton & Hove Albion,Aston Villa,Grosvenor,1X2,,,,2.25,3.55,3.05,,,,,,,,current,,decimal,2026-08-22T06:17:06Z,the-odds-api.com,https://api.the-odds-api.com/v4/sports/soccer_epl/odds/,False,True,live,2026-08-22,Real current decimal odds from The Odds API. Opening/closing snapshots are not available on the free tier and are intentionally left blank.
EPL2627_MW01_007_Brighton&HoveAlbion_AstonVilla,2026-27,1,2026-08-23,2026-08-23T13:00:00+00:00,Brighton & Hove Albion,Aston Villa,Virgin Bet,1X2,,,,2.2,3.45,2.95,,,,,,,,current,,decimal,2026-08-22T06:17:06Z,the-odds-api.com,https://api.the-odds-api.com/v4/sports/soccer_epl/odds/,False,True,live,2026-08-22,Real current decimal odds from The Odds API. Opening/closing snapshots are not available on the free tier and are intentionally left blank.
EPL2627_MW01_007_Brighton&HoveAlbion_AstonVilla,2026-27,1,2026-08-23,2026-08-23T13:00:00+00:00,Brighton & Hove Albion,Aston Villa,LeoVegas,1X2,,,,2.2,3.5,3.1,,,,,,,,current,,decimal,2026-08-22T06:17:08Z,the-odds-api.com,https://api.the-odds-api.com/v4/sports/soccer_epl/odds/,False,True,live,2026-08-22,Real current decimal odds from The Odds API. Opening/closing snapshots are not available on the free tier and are intentionally left blank.
EPL2627_MW01_007_Brighton&HoveAlbion_AstonVilla,2026-27,1,2026-08-23,2026-08-23T13:00:00+00:00,Brighton & Hove Albion,Aston Villa,Betano (UK),1X2,,,,2.15,3.6,3.2,,,,,,,,current,,decimal,2026-08-22T06:16:15Z,the-odds-api.com,https://api.the-odds-api.com/v4/sports/soccer_epl/odds/,False,True,live,2026-08-22,Real current decimal odds from The Odds API. Opening/closing snapshots are not available on the free tier and are intentionally left blank.
EPL2627_MW01_007_Brighton&HoveAlbion_AstonVilla,2026-27,1,2026-08-23,2026-08-23T13:00:00+00:00,Brighton & Hove Albion,Aston Villa,Betway,1X2,,,,2.15,3.5,3.1,,,,,,,,current,,decimal,2026-08-22T06:17:50Z,the-odds-api.com,https://api.the-odds-api.com/v4/sports/soccer_epl/odds/,False,True,live,2026-08-22,Real current decimal odds from The Odds API. Opening/closing snapshots are not available on the free tier and are intentionally left blank.
EPL2627_MW01_007_Brighton&HoveAlbion_AstonVilla,2026-27,1,2026-08-23,2026-08-23T13:00:00+00:00,Brighton & Hove Albion,Aston Villa,Matchbook,1X2,,,,2.28,3.75,3.35,,,,,,,,current,,decimal,2026-08-22T06:17:49Z,the-odds-api.com,https://api.the-odds-api.com/v4/sports/soccer_epl/odds/,False,True,live,2026-08-22,Real current decimal odds from The Odds API. Opening/closing snapshots are not available on the free tier and are intentionally left blank.
EPL2627_MW01_008_ManchesterCity_AFCBournemouth,2026-27,1,2026-08-23,2026-08-23T13:00:00+00:00,Manchester City,AFC Bournemouth,Betfair Sportsbook,1X2,,,,1.47,4.75,6.0,,,,,,,,current,,decimal,2026-08-22T06:17:05Z,the-odds-api.com,https://api.the-odds-api.com/v4/sports/soccer_epl/odds/,False,True,live,2026-08-22,Real current decimal odds from The Odds API. Opening/closing snapshots are not available on the free tier and are intentionally left blank.
EPL2627_MW01_008_ManchesterCity_AFCBournemouth,2026-27,1,2026-08-23,2026-08-23T13:00:00+00:00,Manchester City,AFC Bournemouth,Betfred (UK),1X2,,,,1.44,5.0,6.0,,,,,,,,current,,decimal,2026-08-22T06:17:06Z,the-odds-api.com,https://api.the-odds-api.com/v4/sports/soccer_epl/odds/,False,True,live,2026-08-22,Real current decimal odds from The Odds API. Opening/closing snapshots are not available on the free tier and are intentionally left blank.
EPL2627_MW01_008_ManchesterCity_AFCBournemouth,2026-27,1,2026-08-23,2026-08-23T13:00:00+00:00,Manchester City,AFC Bournemouth,Betfair,1X2,,,,1.52,5.1,6.6,,,,,,,,current,,decimal,2026-08-22T06:17:30Z,the-odds-api.com,https://api.the-odds-api.com/v4/sports/soccer_epl/odds/,False,True,live,2026-08-22,Real current decimal odds from The Odds API. Opening/closing snapshots are not available on the free tier and are intentionally left blank.
EPL2627_MW01_008_ManchesterCity_AFCBournemouth,2026-27,1,2026-08-23,2026-08-23T13:00:00+00:00,Manchester City,AFC Bournemouth,Coral,1X2,,,,1.48,4.8,6.0,,,,,,,,current,,decimal,2026-08-22T06:17:29Z,the-odds-api.com,https://api.the-odds-api.com/v4/sports/soccer_epl/odds/,False,True,live,2026-08-22,Real current decimal odds from The Odds API. Opening/closing snapshots are not available on the free tier and are intentionally left blank.
EPL2627_MW01_008_ManchesterCity_AFCBournemouth,2026-27,1,2026-08-23,2026-08-23T13:00:00+00:00,Manchester City,AFC Bournemouth,Paddy Power,1X2,,,,1.44,4.5,6.0,,,,,,,,current,,decimal,2026-08-22T06:17:29Z,the-odds-api.com,https://api.the-odds-api.com/v4/sports/soccer_epl/odds/,False,True,live,2026-08-22,Real current decimal odds from The Odds API. Opening/closing snapshots are not available on the free tier and are intentionally left blank.
EPL2627_MW01_008_ManchesterCity_AFCBournemouth,2026-27,1,2026-08-23,2026-08-23T13:00:00+00:00,Manchester City,AFC Bournemouth,William Hill,1X2,,,,1.44,4.6,5.5,,,,,,,,current,,decimal,2026-08-22T06:17:29Z,the-odds-api.com,https://api.the-odds-api.com/v4/sports/soccer_epl/odds/,False,True,live,2026-08-22,Real current decimal odds from The Odds API. Opening/closing snapshots are not available on the free tier and are intentionally left blank.
EPL2627_MW01_008_ManchesterCity_AFCBournemouth,2026-27,1,2026-08-23,2026-08-23T13:00:00+00:00,Manchester City,AFC Bournemouth,Bet Victor,1X2,,,,1.45,5.0,6.0,,,,,,,,current,,decimal,2026-08-22T06:17:02Z,the-odds-api.com,https://api.the-odds-api.com/v4/sports/soccer_epl/odds/,False,True,live,2026-08-22,Real current decimal odds from The Odds API. Opening/closing snapshots are not available on the free tier and are intentionally left blank.
EPL2627_MW01_008_ManchesterCity_AFCBournemouth,2026-27,1,2026-08-23,2026-08-23T13:00:00+00:00,Manchester City,AFC Bournemouth,888sport,1X2,,,,1.44,4.6,5.5,,,,,,,,current,,decimal,2026-08-22T06:17:29Z,the-odds-api.com,https://api.the-odds-api.com/v4/sports/soccer_epl/odds/,False,True,live,2026-08-22,Real current decimal odds from The Odds API. Opening/closing snapshots are not available on the free tier and are intentionally left blank.
EPL2627_MW01_008_ManchesterCity_AFCBournemouth,2026-27,1,2026-08-23,2026-08-23T13:00:00+00:00,Manchester City,AFC Bournemouth,Ladbrokes,1X2,,,,1.48,4.8,5.75,,,,,,,,current,,decimal,2026-08-22T06:17:07Z,the-odds-api.com,https://api.the-odds-api.com/v4/sports/soccer_epl/odds/,False,True,live,2026-08-22,Real current decimal odds from The Odds API. Opening/closing snapshots are not available on the free tier and are intentionally left blank.
EPL2627_MW01_008_ManchesterCity_AFCBournemouth,2026-27,1,2026-08-23,2026-08-23T13:00:00+00:00,Manchester City,AFC Bournemouth,Sky Bet,1X2,,,,1.44,4.5,5.75,,,,,,,,current,,decimal,2026-08-22T06:17:08Z,the-odds-api.com,https://api.the-odds-api.com/v4/sports/soccer_epl/odds/,False,True,live,2026-08-22,Real current decimal odds from The Odds API. Opening/closing snapshots are not available on the free tier and are intentionally left blank.
EPL2627_MW01_008_ManchesterCity_AFCBournemouth,2026-27,1,2026-08-23,2026-08-23T13:00:00+00:00,Manchester City,AFC Bournemouth,Unibet (UK),1X2,,,,1.48,5.0,6.0,,,,,,,,current,,decimal,2026-08-22T06:17:08Z,the-odds-api.com,https://api.the-odds-api.com/v4/sports/soccer_epl/odds/,False,True,live,2026-08-22,Real current decimal odds from The Odds API. Opening/closing snapshots are not available on the free tier and are intentionally left blank.
EPL2627_MW01_008_ManchesterCity_AFCBournemouth,2026-27,1,2026-08-23,2026-08-23T13:00:00+00:00,Manchester City,AFC Bournemouth,BoyleSports,1X2,,,,1.44,4.5,5.5,,,,,,,,current,,decimal,2026-08-22T06:17:49Z,the-odds-api.com,https://api.the-odds-api.com/v4/sports/soccer_epl/odds/,False,True,live,2026-08-22,Real current decimal odds from The Odds API. Opening/closing snapshots are not available on the free tier and are intentionally left blank.
EPL2627_MW01_008_ManchesterCity_AFCBournemouth,2026-27,1,2026-08-23,2026-08-23T13:00:00+00:00,Manchester City,AFC Bournemouth,Smarkets,1X2,,,,1.52,5.1,6.6,,,,,,,,current,,decimal,2026-08-22T06:17:49Z,the-odds-api.com,https://api.the-odds-api.com/v4/sports/soccer_epl/odds/,False,True,live,2026-08-22,Real current decimal odds from The Odds API. Opening/closing snapshots are not available on the free tier and are intentionally left blank.
EPL2627_MW01_008_ManchesterCity_AFCBournemouth,2026-27,1,2026-08-23,2026-08-23T13:00:00+00:00,Manchester City,AFC Bournemouth,Casumo,1X2,,,,1.43,5.0,6.4,,,,,,,,current,,decimal,2026-08-22T06:17:06Z,the-odds-api.com,https://api.the-odds-api.com/v4/sports/soccer_epl/odds/,False,True,live,2026-08-22,Real current decimal odds from The Odds API. Opening/closing snapshots are not available on the free tier and are intentionally left blank.
EPL2627_MW01_008_ManchesterCity_AFCBournemouth,2026-27,1,2026-08-23,2026-08-23T13:00:00+00:00,Manchester City,AFC Bournemouth,LiveScore Bet,1X2,,,,1.41,4.75,6.0,,,,,,,,current,,decimal,2026-08-22T06:17:06Z,the-odds-api.com,https://api.the-odds-api.com/v4/sports/soccer_epl/odds/,False,True,live,2026-08-22,Real current decimal odds from The Odds API. Opening/closing snapshots are not available on the free tier and are intentionally left blank.
EPL2627_MW01_008_ManchesterCity_AFCBournemouth,2026-27,1,2026-08-23,2026-08-23T13:00:00+00:00,Manchester City,AFC Bournemouth,Grosvenor,1X2,,,,1.43,5.0,6.4,,,,,,,,current,,decimal,2026-08-22T06:17:06Z,the-odds-api.com,https://api.the-odds-api.com/v4/sports/soccer_epl/odds/,False,True,live,2026-08-22,Real current decimal odds from The Odds API. Opening/closing snapshots are not available on the free tier and are intentionally left blank.
EPL2627_MW01_008_ManchesterCity_AFCBournemouth,2026-27,1,2026-08-23,2026-08-23T13:00:00+00:00,Manchester City,AFC Bournemouth,Virgin Bet,1X2,,,,1.41,4.75,6.0,,,,,,,,current,,decimal,2026-08-22T06:17:06Z,the-odds-api.com,https://api.the-odds-api.com/v4/sports/soccer_epl/odds/,False,True,live,2026-08-22,Real current decimal odds from The Odds API. Opening/closing snapshots are not available on the free tier and are intentionally left blank.
EPL2627_MW01_008_ManchesterCity_AFCBournemouth,2026-27,1,2026-08-23,2026-08-23T13:00:00+00:00,Manchester City,AFC Bournemouth,LeoVegas,1X2,,,,1.47,4.8,5.75,,,,,,,,current,,decimal,2026-08-22T06:17:08Z,the-odds-api.com,https://api.the-odds-api.com/v4/sports/soccer_epl/odds/,False,True,live,2026-08-22,Real current decimal odds from The Odds API. Opening/closing snapshots are not available on the free tier and are intentionally left blank.
EPL2627_MW01_008_ManchesterCity_AFCBournemouth,2026-27,1,2026-08-23,2026-08-23T13:00:00+00:00,Manchester City,AFC Bournemouth,Betano (UK),1X2,,,,1.45,5.0,6.0,,,,,,,,current,,decimal,2026-08-22T06:16:15Z,the-odds-api.com,https://api.the-odds-api.com/v4/sports/soccer_epl/odds/,False,True,live,2026-08-22,Real current decimal odds from The Odds API. Opening/closing snapshots are not available on the free tier and are intentionally left blank.
EPL2627_MW01_008_ManchesterCity_AFCBournemouth,2026-27,1,2026-08-23,2026-08-23T13:00:00+00:00,Manchester City,AFC Bournemouth,Betway,1X2,,,,1.45,5.0,5.75,,,,,,,,current,,decimal,2026-08-22T06:17:50Z,the-odds-api.com,https://api.the-odds-api.com/v4/sports/soccer_epl/odds/,False,True,live,2026-08-22,Real current decimal odds from The Odds API. Opening/closing snapshots are not available on the free tier and are intentionally left blank.
EPL2627_MW01_008_ManchesterCity_AFCBournemouth,2026-27,1,2026-08-23,2026-08-23T13:00:00+00:00,Manchester City,AFC Bournemouth,Matchbook,1X2,,,,1.52,5.1,6.6,,,,,,,,current,,decimal,2026-08-22T06:17:49Z,the-odds-api.com,https://api.the-odds-api.com/v4/sports/soccer_epl/odds/,False,True,live,2026-08-22,Real current decimal odds from The Odds API. Opening/closing snapshots are not available on the free tier and are intentionally left blank.
EPL2627_MW01_009_NewcastleUnited_Liverpool,2026-27,1,2026-08-23,2026-08-23T15:30:00+00:00,Newcastle United,Liverpool,Betfair Sportsbook,1X2,,,,3.9,3.9,1.9,,,,,,,,current,,decimal,2026-08-22T06:17:05Z,the-odds-api.com,https://api.the-odds-api.com/v4/sports/soccer_epl/odds/,False,True,live,2026-08-22,Real current decimal odds from The Odds API. Opening/closing snapshots are not available on the free tier and are intentionally left blank.
EPL2627_MW01_009_NewcastleUnited_Liverpool,2026-27,1,2026-08-23,2026-08-23T15:30:00+00:00,Newcastle United,Liverpool,Betfred (UK),1X2,,,,3.6,4.0,1.9,,,,,,,,current,,decimal,2026-08-22T06:17:06Z,the-odds-api.com,https://api.the-odds-api.com/v4/sports/soccer_epl/odds/,False,True,live,2026-08-22,Real current decimal odds from The Odds API. Opening/closing snapshots are not available on the free tier and are intentionally left blank.
EPL2627_MW01_009_NewcastleUnited_Liverpool,2026-27,1,2026-08-23,2026-08-23T15:30:00+00:00,Newcastle United,Liverpool,Betfair,1X2,,,,4.1,4.1,1.94,,,,,,,,current,,decimal,2026-08-22T06:17:30Z,the-odds-api.com,https://api.the-odds-api.com/v4/sports/soccer_epl/odds/,False,True,live,2026-08-22,Real current decimal odds from The Odds API. Opening/closing snapshots are not available on the free tier and are intentionally left blank.
EPL2627_MW01_009_NewcastleUnited_Liverpool,2026-27,1,2026-08-23,2026-08-23T15:30:00+00:00,Newcastle United,Liverpool,Coral,1X2,,,,3.6,3.9,1.91,,,,,,,,current,,decimal,2026-08-22T06:17:29Z,the-odds-api.com,https://api.the-odds-api.com/v4/sports/soccer_epl/odds/,False,True,live,2026-08-22,Real current decimal odds from The Odds API. Opening/closing snapshots are not available on the free tier and are intentionally left blank.
EPL2627_MW01_009_NewcastleUnited_Liverpool,2026-27,1,2026-08-23,2026-08-23T15:30:00+00:00,Newcastle United,Liverpool,Paddy Power,1X2,,,,3.8,3.75,1.85,,,,,,,,current,,decimal,2026-08-22T06:17:29Z,the-odds-api.com,https://api.the-odds-api.com/v4/sports/soccer_epl/odds/,False,True,live,2026-08-22,Real current decimal odds from The Odds API. Opening/closing snapshots are not available on the free tier and are intentionally left blank.
EPL2627_MW01_009_NewcastleUnited_Liverpool,2026-27,1,2026-08-23,2026-08-23T15:30:00+00:00,Newcastle United,Liverpool,William Hill,1X2,,,,3.7,3.8,1.85,,,,,,,,current,,decimal,2026-08-22T06:17:29Z,the-odds-api.com,https://api.the-odds-api.com/v4/sports/soccer_epl/odds/,False,True,live,2026-08-22,Real current decimal odds from The Odds API. Opening/closing snapshots are not available on the free tier and are intentionally left blank.
EPL2627_MW01_009_NewcastleUnited_Liverpool,2026-27,1,2026-08-23,2026-08-23T15:30:00+00:00,Newcastle United,Liverpool,Bet Victor,1X2,,,,3.7,4.0,1.87,,,,,,,,current,,decimal,2026-08-22T06:17:02Z,the-odds-api.com,https://api.the-odds-api.com/v4/sports/soccer_epl/odds/,False,True,live,2026-08-22,Real current decimal odds from The Odds API. Opening/closing snapshots are not available on the free tier and are intentionally left blank.
EPL2627_MW01_009_NewcastleUnited_Liverpool,2026-27,1,2026-08-23,2026-08-23T15:30:00+00:00,Newcastle United,Liverpool,888sport,1X2,,,,3.7,3.8,1.85,,,,,,,,current,,decimal,2026-08-22T06:17:29Z,the-odds-api.com,https://api.the-odds-api.com/v4/sports/soccer_epl/odds/,False,True,live,2026-08-22,Real current decimal odds from The Odds API. Opening/closing snapshots are not available on the free tier and are intentionally left blank.
EPL2627_MW01_009_NewcastleUnited_Liverpool,2026-27,1,2026-08-23,2026-08-23T15:30:00+00:00,Newcastle United,Liverpool,Ladbrokes,1X2,,,,3.5,3.9,1.91,,,,,,,,current,,decimal,2026-08-22T06:17:07Z,the-odds-api.com,https://api.the-odds-api.com/v4/sports/soccer_epl/odds/,False,True,live,2026-08-22,Real current decimal odds from The Odds API. Opening/closing snapshots are not available on the free tier and are intentionally left blank.
EPL2627_MW01_009_NewcastleUnited_Liverpool,2026-27,1,2026-08-23,2026-08-23T15:30:00+00:00,Newcastle United,Liverpool,Sky Bet,1X2,,,,3.8,3.75,1.85,,,,,,,,current,,decimal,2026-08-22T06:17:08Z,the-odds-api.com,https://api.the-odds-api.com/v4/sports/soccer_epl/odds/,False,True,live,2026-08-22,Real current decimal odds from The Odds API. Opening/closing snapshots are not available on the free tier and are intentionally left blank.
EPL2627_MW01_009_NewcastleUnited_Liverpool,2026-27,1,2026-08-23,2026-08-23T15:30:00+00:00,Newcastle United,Liverpool,Unibet (UK),1X2,,,,3.75,3.9,1.9,,,,,,,,current,,decimal,2026-08-22T06:17:08Z,the-odds-api.com,https://api.the-odds-api.com/v4/sports/soccer_epl/odds/,False,True,live,2026-08-22,Real current decimal odds from The Odds API. Opening/closing snapshots are not available on the free tier and are intentionally left blank.
EPL2627_MW01_009_NewcastleUnited_Liverpool,2026-27,1,2026-08-23,2026-08-23T15:30:00+00:00,Newcastle United,Liverpool,BoyleSports,1X2,,,,3.75,3.8,1.87,,,,,,,,current,,decimal,2026-08-22T06:17:49Z,the-odds-api.com,https://api.the-odds-api.com/v4/sports/soccer_epl/odds/,False,True,live,2026-08-22,Real current decimal odds from The Odds API. Opening/closing snapshots are not available on the free tier and are intentionally left blank.
EPL2627_MW01_009_NewcastleUnited_Liverpool,2026-27,1,2026-08-23,2026-08-23T15:30:00+00:00,Newcastle United,Liverpool,Smarkets,1X2,,,,4.1,4.1,1.94,,,,,,,,current,,decimal,2026-08-22T06:17:49Z,the-odds-api.com,https://api.the-odds-api.com/v4/sports/soccer_epl/odds/,False,True,live,2026-08-22,Real current decimal odds from The Odds API. Opening/closing snapshots are not available on the free tier and are intentionally left blank.
EPL2627_MW01_009_NewcastleUnited_Liverpool,2026-27,1,2026-08-23,2026-08-23T15:30:00+00:00,Newcastle United,Liverpool,Casumo,1X2,,,,3.95,3.75,1.88,,,,,,,,current,,decimal,2026-08-22T06:17:06Z,the-odds-api.com,https://api.the-odds-api.com/v4/sports/soccer_epl/odds/,False,True,live,2026-08-22,Real current decimal odds from The Odds API. Opening/closing snapshots are not available on the free tier and are intentionally left blank.
EPL2627_MW01_009_NewcastleUnited_Liverpool,2026-27,1,2026-08-23,2026-08-23T15:30:00+00:00,Newcastle United,Liverpool,LiveScore Bet,1X2,,,,3.8,3.6,1.83,,,,,,,,current,,decimal,2026-08-22T06:17:06Z,the-odds-api.com,https://api.the-odds-api.com/v4/sports/soccer_epl/odds/,False,True,live,2026-08-22,Real current decimal odds from The Odds API. Opening/closing snapshots are not available on the free tier and are intentionally left blank.
EPL2627_MW01_009_NewcastleUnited_Liverpool,2026-27,1,2026-08-23,2026-08-23T15:30:00+00:00,Newcastle United,Liverpool,Grosvenor,1X2,,,,3.95,3.75,1.88,,,,,,,,current,,decimal,2026-08-22T06:17:06Z,the-odds-api.com,https://api.the-odds-api.com/v4/sports/soccer_epl/odds/,False,True,live,2026-08-22,Real current decimal odds from The Odds API. Opening/closing snapshots are not available on the free tier and are intentionally left blank.
EPL2627_MW01_009_NewcastleUnited_Liverpool,2026-27,1,2026-08-23,2026-08-23T15:30:00+00:00,Newcastle United,Liverpool,Virgin Bet,1X2,,,,3.8,3.6,1.83,,,,,,,,current,,decimal,2026-08-22T06:17:06Z,the-odds-api.com,https://api.the-odds-api.com/v4/sports/soccer_epl/odds/,False,True,live,2026-08-22,Real current decimal odds from The Odds API. Opening/closing snapshots are not available on the free tier and are intentionally left blank.
EPL2627_MW01_009_NewcastleUnited_Liverpool,2026-27,1,2026-08-23,2026-08-23T15:30:00+00:00,Newcastle United,Liverpool,LeoVegas,1X2,,,,3.7,3.9,1.88,,,,,,,,current,,decimal,2026-08-22T06:17:08Z,the-odds-api.com,https://api.the-odds-api.com/v4/sports/soccer_epl/odds/,False,True,live,2026-08-22,Real current decimal odds from The Odds API. Opening/closing snapshots are not available on the free tier and are intentionally left blank.
EPL2627_MW01_009_NewcastleUnited_Liverpool,2026-27,1,2026-08-23,2026-08-23T15:30:00+00:00,Newcastle United,Liverpool,Betano (UK),1X2,,,,3.7,4.0,1.87,,,,,,,,current,,decimal,2026-08-22T06:16:15Z,the-odds-api.com,https://api.the-odds-api.com/v4/sports/soccer_epl/odds/,False,True,live,2026-08-22,Real current decimal odds from The Odds API. Opening/closing snapshots are not available on the free tier and are intentionally left blank.
EPL2627_MW01_009_NewcastleUnited_Liverpool,2026-27,1,2026-08-23,2026-08-23T15:30:00+00:00,Newcastle United,Liverpool,Betway,1X2,,,,3.6,3.8,1.88,,,,,,,,current,,decimal,2026-08-22T06:17:50Z,the-odds-api.com,https://api.the-odds-api.com/v4/sports/soccer_epl/odds/,False,True,live,2026-08-22,Real current decimal odds from The Odds API. Opening/closing snapshots are not available on the free tier and are intentionally left blank.
EPL2627_MW01_009_NewcastleUnited_Liverpool,2026-27,1,2026-08-23,2026-08-23T15:30:00+00:00,Newcastle United,Liverpool,Matchbook,1X2,,,,4.1,4.1,1.94,,,,,,,,current,,decimal,2026-08-22T06:17:49Z,the-odds-api.com,https://api.the-odds-api.com/v4/sports/soccer_epl/odds/,False,True,live,2026-08-22,Real current decimal odds from The Odds API. Opening/closing snapshots are not available on the free tier and are intentionally left blank.
EPL2627_MW01_010_Fulham_Chelsea,2026-27,1,2026-08-24,2026-08-24T19:00:00+00:00,Fulham,Chelsea,Betfred (UK),1X2,,,,3.75,3.75,1.9,,,,,,,,current,,decimal,2026-08-22T06:17:06Z,the-odds-api.com,https://api.the-odds-api.com/v4/sports/soccer_epl/odds/,False,True,live,2026-08-22,Real current decimal odds from The Odds API. Opening/closing snapshots are not available on the free tier and are intentionally left blank.
EPL2627_MW01_010_Fulham_Chelsea,2026-27,1,2026-08-24,2026-08-24T19:00:00+00:00,Fulham,Chelsea,Coral,1X2,,,,3.7,3.7,1.95,,,,,,,,current,,decimal,2026-08-22T06:17:29Z,the-odds-api.com,https://api.the-odds-api.com/v4/sports/soccer_epl/odds/,False,True,live,2026-08-22,Real current decimal odds from The Odds API. Opening/closing snapshots are not available on the free tier and are intentionally left blank.
EPL2627_MW01_010_Fulham_Chelsea,2026-27,1,2026-08-24,2026-08-24T19:00:00+00:00,Fulham,Chelsea,Paddy Power,1X2,,,,3.8,3.7,1.85,,,,,,,,current,,decimal,2026-08-22T06:17:29Z,the-odds-api.com,https://api.the-odds-api.com/v4/sports/soccer_epl/odds/,False,True,live,2026-08-22,Real current decimal odds from The Odds API. Opening/closing snapshots are not available on the free tier and are intentionally left blank.
EPL2627_MW01_010_Fulham_Chelsea,2026-27,1,2026-08-24,2026-08-24T19:00:00+00:00,Fulham,Chelsea,William Hill,1X2,,,,3.75,3.7,1.85,,,,,,,,current,,decimal,2026-08-22T06:17:29Z,the-odds-api.com,https://api.the-odds-api.com/v4/sports/soccer_epl/odds/,False,True,live,2026-08-22,Real current decimal odds from The Odds API. Opening/closing snapshots are not available on the free tier and are intentionally left blank.
EPL2627_MW01_010_Fulham_Chelsea,2026-27,1,2026-08-24,2026-08-24T19:00:00+00:00,Fulham,Chelsea,Bet Victor,1X2,,,,3.8,3.75,1.83,,,,,,,,current,,decimal,2026-08-22T06:17:02Z,the-odds-api.com,https://api.the-odds-api.com/v4/sports/soccer_epl/odds/,False,True,live,2026-08-22,Real current decimal odds from The Odds API. Opening/closing snapshots are not available on the free tier and are intentionally left blank.
EPL2627_MW01_010_Fulham_Chelsea,2026-27,1,2026-08-24,2026-08-24T19:00:00+00:00,Fulham,Chelsea,Betfair,1X2,,,,4.2,4.0,1.92,,,,,,,,current,,decimal,2026-08-22T06:17:30Z,the-odds-api.com,https://api.the-odds-api.com/v4/sports/soccer_epl/odds/,False,True,live,2026-08-22,Real current decimal odds from The Odds API. Opening/closing snapshots are not available on the free tier and are intentionally left blank.
EPL2627_MW01_010_Fulham_Chelsea,2026-27,1,2026-08-24,2026-08-24T19:00:00+00:00,Fulham,Chelsea,888sport,1X2,,,,3.7,3.6,1.85,,,,,,,,current,,decimal,2026-08-22T06:17:29Z,the-odds-api.com,https://api.the-odds-api.com/v4/sports/soccer_epl/odds/,False,True,live,2026-08-22,Real current decimal odds from The Odds API. Opening/closing snapshots are not available on the free tier and are intentionally left blank.
EPL2627_MW01_010_Fulham_Chelsea,2026-27,1,2026-08-24,2026-08-24T19:00:00+00:00,Fulham,Chelsea,Ladbrokes,1X2,,,,3.6,3.6,1.95,,,,,,,,current,,decimal,2026-08-22T06:17:07Z,the-odds-api.com,https://api.the-odds-api.com/v4/sports/soccer_epl/odds/,False,True,live,2026-08-22,Real current decimal odds from The Odds API. Opening/closing snapshots are not available on the free tier and are intentionally left blank.
EPL2627_MW01_010_Fulham_Chelsea,2026-27,1,2026-08-24,2026-08-24T19:00:00+00:00,Fulham,Chelsea,Sky Bet,1X2,,,,3.9,3.6,1.83,,,,,,,,current,,decimal,2026-08-22T06:17:08Z,the-odds-api.com,https://api.the-odds-api.com/v4/sports/soccer_epl/odds/,False,True,live,2026-08-22,Real current decimal odds from The Odds API. Opening/closing snapshots are not available on the free tier and are intentionally left blank.
EPL2627_MW01_010_Fulham_Chelsea,2026-27,1,2026-08-24,2026-08-24T19:00:00+00:00,Fulham,Chelsea,Unibet (UK),1X2,,,,3.8,3.9,1.9,,,,,,,,current,,decimal,2026-08-22T06:17:08Z,the-odds-api.com,https://api.the-odds-api.com/v4/sports/soccer_epl/odds/,False,True,live,2026-08-22,Real current decimal odds from The Odds API. Opening/closing snapshots are not available on the free tier and are intentionally left blank.
EPL2627_MW01_010_Fulham_Chelsea,2026-27,1,2026-08-24,2026-08-24T19:00:00+00:00,Fulham,Chelsea,BoyleSports,1X2,,,,3.8,3.8,1.83,,,,,,,,current,,decimal,2026-08-22T06:17:49Z,the-odds-api.com,https://api.the-odds-api.com/v4/sports/soccer_epl/odds/,False,True,live,2026-08-22,Real current decimal odds from The Odds API. Opening/closing snapshots are not available on the free tier and are intentionally left blank.
EPL2627_MW01_010_Fulham_Chelsea,2026-27,1,2026-08-24,2026-08-24T19:00:00+00:00,Fulham,Chelsea,Smarkets,1X2,,,,4.1,4.0,1.92,,,,,,,,current,,decimal,2026-08-22T06:17:49Z,the-odds-api.com,https://api.the-odds-api.com/v4/sports/soccer_epl/odds/,False,True,live,2026-08-22,Real current decimal odds from The Odds API. Opening/closing snapshots are not available on the free tier and are intentionally left blank.
EPL2627_MW01_010_Fulham_Chelsea,2026-27,1,2026-08-24,2026-08-24T19:00:00+00:00,Fulham,Chelsea,Casumo,1X2,,,,4.1,3.85,1.82,,,,,,,,current,,decimal,2026-08-22T06:17:06Z,the-odds-api.com,https://api.the-odds-api.com/v4/sports/soccer_epl/odds/,False,True,live,2026-08-22,Real current decimal odds from The Odds API. Opening/closing snapshots are not available on the free tier and are intentionally left blank.
EPL2627_MW01_010_Fulham_Chelsea,2026-27,1,2026-08-24,2026-08-24T19:00:00+00:00,Fulham,Chelsea,LiveScore Bet,1X2,,,,3.95,3.7,1.75,,,,,,,,current,,decimal,2026-08-22T06:17:06Z,the-odds-api.com,https://api.the-odds-api.com/v4/sports/soccer_epl/odds/,False,True,live,2026-08-22,Real current decimal odds from The Odds API. Opening/closing snapshots are not available on the free tier and are intentionally left blank.
EPL2627_MW01_010_Fulham_Chelsea,2026-27,1,2026-08-24,2026-08-24T19:00:00+00:00,Fulham,Chelsea,Grosvenor,1X2,,,,4.1,3.85,1.82,,,,,,,,current,,decimal,2026-08-22T06:17:06Z,the-odds-api.com,https://api.the-odds-api.com/v4/sports/soccer_epl/odds/,False,True,live,2026-08-22,Real current decimal odds from The Odds API. Opening/closing snapshots are not available on the free tier and are intentionally left blank.
EPL2627_MW01_010_Fulham_Chelsea,2026-27,1,2026-08-24,2026-08-24T19:00:00+00:00,Fulham,Chelsea,Virgin Bet,1X2,,,,3.95,3.65,1.75,,,,,,,,current,,decimal,2026-08-22T06:17:06Z,the-odds-api.com,https://api.the-odds-api.com/v4/sports/soccer_epl/odds/,False,True,live,2026-08-22,Real current decimal odds from The Odds API. Opening/closing snapshots are not available on the free tier and are intentionally left blank.
EPL2627_MW01_010_Fulham_Chelsea,2026-27,1,2026-08-24,2026-08-24T19:00:00+00:00,Fulham,Chelsea,LeoVegas,1X2,,,,3.7,3.9,1.85,,,,,,,,current,,decimal,2026-08-22T06:17:08Z,the-odds-api.com,https://api.the-odds-api.com/v4/sports/soccer_epl/odds/,False,True,live,2026-08-22,Real current decimal odds from The Odds API. Opening/closing snapshots are not available on the free tier and are intentionally left blank.
EPL2627_MW01_010_Fulham_Chelsea,2026-27,1,2026-08-24,2026-08-24T19:00:00+00:00,Fulham,Chelsea,Betano (UK),1X2,,,,3.8,3.75,1.83,,,,,,,,current,,decimal,2026-08-22T06:16:15Z,the-odds-api.com,https://api.the-odds-api.com/v4/sports/soccer_epl/odds/,False,True,live,2026-08-22,Real current decimal odds from The Odds API. Opening/closing snapshots are not available on the free tier and are intentionally left blank.
EPL2627_MW01_010_Fulham_Chelsea,2026-27,1,2026-08-24,2026-08-24T19:00:00+00:00,Fulham,Chelsea,Betway,1X2,,,,3.6,3.8,1.85,,,,,,,,current,,decimal,2026-08-22T06:17:50Z,the-odds-api.com,https://api.the-odds-api.com/v4/sports/soccer_epl/odds/,False,True,live,2026-08-22,Real current decimal odds from The Odds API. Opening/closing snapshots are not available on the free tier and are intentionally left blank.
EPL2627_MW01_010_Fulham_Chelsea,2026-27,1,2026-08-24,2026-08-24T19:00:00+00:00,Fulham,Chelsea,Matchbook,1X2,,,,4.2,4.0,1.92,,,,,,,,current,,decimal,2026-08-22T06:17:49Z,the-odds-api.com,https://api.the-odds-api.com/v4/sports/soccer_epl/odds/,False,True,live,2026-08-22,Real current decimal odds from The Odds API. Opening/closing snapshots are not available on the free tier and are intentionally left blank.
EPL2627_MW01_010_Fulham_Chelsea,2026-27,1,2026-08-24,2026-08-24T19:00:00+00:00,Fulham,Chelsea,Betfair Sportsbook,1X2,,,,4.0,3.8,1.87,,,,,,,,current,,decimal,2026-08-22T06:17:05Z,the-odds-api.com,https://api.the-odds-api.com/v4/sports/soccer_epl/odds/,False,True,live,2026-08-22,Real current decimal odds from The Odds API. Opening/closing snapshots are not available on the free tier and are intentionally left blank.
EPL2627_MW02_015_CrystalPalace_ManchesterCity,2026-27,2,2026-08-28,2026-08-28T19:00:00+00:00,Crystal Palace,Manchester City,,1X2,,,,,,,,,,,,,,unknown,,decimal,2026-08-22T06:17:51+00:00,none_available,,False,False,unavailable,2026-08-22,"The Odds API is configured and reachable, but has not yet posted a market for this fixture (bookmakers typically open markets ~1-2 weeks before kickoff) -- genuinely unavailable, not a collector failure."
EPL2627_MW02_017_Liverpool_NottinghamForest,2026-27,2,2026-08-29,2026-08-29T11:30:00+00:00,Liverpool,Nottingham Forest,,1X2,,,,,,,,,,,,,,unknown,,decimal,2026-08-22T06:17:51+00:00,none_available,,False,False,unavailable,2026-08-22,"The Odds API is configured and reachable, but has not yet posted a market for this fixture (bookmakers typically open markets ~1-2 weeks before kickoff) -- genuinely unavailable, not a collector failure."
EPL2627_MW02_011_AFCBournemouth_Everton,2026-27,2,2026-08-29,2026-08-29T14:00:00+00:00,AFC Bournemouth,Everton,Betfred (UK),1X2,,,,1.73,4.0,4.33,,,,,,,,current,,decimal,2026-08-22T06:17:06Z,the-odds-api.com,https://api.the-odds-api.com/v4/sports/soccer_epl/odds/,False,True,live,2026-08-22,Real current decimal odds from The Odds API. Opening/closing snapshots are not available on the free tier and are intentionally left blank.
EPL2627_MW02_011_AFCBournemouth_Everton,2026-27,2,2026-08-29,2026-08-29T14:00:00+00:00,AFC Bournemouth,Everton,Paddy Power,1X2,,,,1.75,3.8,4.2,,,,,,,,current,,decimal,2026-08-22T06:17:29Z,the-odds-api.com,https://api.the-odds-api.com/v4/sports/soccer_epl/odds/,False,True,live,2026-08-22,Real current decimal odds from The Odds API. Opening/closing snapshots are not available on the free tier and are intentionally left blank.
EPL2627_MW02_011_AFCBournemouth_Everton,2026-27,2,2026-08-29,2026-08-29T14:00:00+00:00,AFC Bournemouth,Everton,Sky Bet,1X2,,,,1.75,3.8,4.0,,,,,,,,current,,decimal,2026-08-22T06:17:08Z,the-odds-api.com,https://api.the-odds-api.com/v4/sports/soccer_epl/odds/,False,True,live,2026-08-22,Real current decimal odds from The Odds API. Opening/closing snapshots are not available on the free tier and are intentionally left blank.
EPL2627_MW02_011_AFCBournemouth_Everton,2026-27,2,2026-08-29,2026-08-29T14:00:00+00:00,AFC Bournemouth,Everton,Betfair,1X2,,,,1.8,1.27,1.32,,,,,,,,current,,decimal,2026-08-22T06:17:30Z,the-odds-api.com,https://api.the-odds-api.com/v4/sports/soccer_epl/odds/,False,True,live,2026-08-22,Real current decimal odds from The Odds API. Opening/closing snapshots are not available on the free tier and are intentionally left blank.
EPL2627_MW02_014_CoventryCity_HullCity,2026-27,2,2026-08-29,2026-08-29T14:00:00+00:00,Coventry City,Hull City,,1X2,,,,,,,,,,,,,,unknown,,decimal,2026-08-22T06:17:51+00:00,none_available,,False,False,unavailable,2026-08-22,"The Odds API is configured and reachable, but has not yet posted a market for this fixture (bookmakers typically open markets ~1-2 weeks before kickoff) -- genuinely unavailable, not a collector failure."
EPL2627_MW02_020_TottenhamHotspur_NewcastleUnited,2026-27,2,2026-08-29,2026-08-29T16:30:00+00:00,Tottenham Hotspur,Newcastle United,Betfred (UK),1X2,,,,2.0,3.75,3.4,,,,,,,,current,,decimal,2026-08-22T06:17:06Z,the-odds-api.com,https://api.the-odds-api.com/v4/sports/soccer_epl/odds/,False,True,live,2026-08-22,Real current decimal odds from The Odds API. Opening/closing snapshots are not available on the free tier and are intentionally left blank.
EPL2627_MW02_020_TottenhamHotspur_NewcastleUnited,2026-27,2,2026-08-29,2026-08-29T16:30:00+00:00,Tottenham Hotspur,Newcastle United,Sky Bet,1X2,,,,2.0,3.75,3.3,,,,,,,,current,,decimal,2026-08-22T06:17:08Z,the-odds-api.com,https://api.the-odds-api.com/v4/sports/soccer_epl/odds/,False,True,live,2026-08-22,Real current decimal odds from The Odds API. Opening/closing snapshots are not available on the free tier and are intentionally left blank.
EPL2627_MW02_020_TottenhamHotspur_NewcastleUnited,2026-27,2,2026-08-29,2026-08-29T16:30:00+00:00,Tottenham Hotspur,Newcastle United,Paddy Power,1X2,,,,2.0,3.8,3.3,,,,,,,,current,,decimal,2026-08-22T06:17:29Z,the-odds-api.com,https://api.the-odds-api.com/v4/sports/soccer_epl/odds/,False,True,live,2026-08-22,Real current decimal odds from The Odds API. Opening/closing snapshots are not available on the free tier and are intentionally left blank.
EPL2627_MW02_020_TottenhamHotspur_NewcastleUnited,2026-27,2,2026-08-29,2026-08-29T16:30:00+00:00,Tottenham Hotspur,Newcastle United,Betfair,1X2,,,,1.87,3.6,3.3,,,,,,,,current,,decimal,2026-08-22T06:17:30Z,the-odds-api.com,https://api.the-odds-api.com/v4/sports/soccer_epl/odds/,False,True,live,2026-08-22,Real current decimal odds from The Odds API. Opening/closing snapshots are not available on the free tier and are intentionally left blank.
EPL2627_MW02_013_Chelsea_Brighton&HoveAlbion,2026-27,2,2026-08-30,2026-08-30T13:00:00+00:00,Chelsea,Brighton & Hove Albion,Betfred (UK),1X2,,,,2.1,3.75,3.2,,,,,,,,current,,decimal,2026-08-22T06:17:06Z,the-odds-api.com,https://api.the-odds-api.com/v4/sports/soccer_epl/odds/,False,True,live,2026-08-22,Real current decimal odds from The Odds API. Opening/closing snapshots are not available on the free tier and are intentionally left blank.
EPL2627_MW02_013_Chelsea_Brighton&HoveAlbion,2026-27,2,2026-08-30,2026-08-30T13:00:00+00:00,Chelsea,Brighton & Hove Albion,Sky Bet,1X2,,,,2.05,3.6,3.1,,,,,,,,current,,decimal,2026-08-22T06:17:08Z,the-odds-api.com,https://api.the-odds-api.com/v4/sports/soccer_epl/odds/,False,True,live,2026-08-22,Real current decimal odds from The Odds API. Opening/closing snapshots are not available on the free tier and are intentionally left blank.
EPL2627_MW02_013_Chelsea_Brighton&HoveAlbion,2026-27,2,2026-08-30,2026-08-30T13:00:00+00:00,Chelsea,Brighton & Hove Albion,Paddy Power,1X2,,,,2.1,3.75,3.2,,,,,,,,current,,decimal,2026-08-22T06:17:29Z,the-odds-api.com,https://api.the-odds-api.com/v4/sports/soccer_epl/odds/,False,True,live,2026-08-22,Real current decimal odds from The Odds API. Opening/closing snapshots are not available on the free tier and are intentionally left blank.
EPL2627_MW02_013_Chelsea_Brighton&HoveAlbion,2026-27,2,2026-08-30,2026-08-30T13:00:00+00:00,Chelsea,Brighton & Hove Albion,Betfair,1X2,,,,1.77,1.77,2.98,,,,,,,,current,,decimal,2026-08-22T06:17:30Z,the-odds-api.com,https://api.the-odds-api.com/v4/sports/soccer_epl/odds/,False,True,live,2026-08-22,Real current decimal odds from The Odds API. Opening/closing snapshots are not available on the free tier and are intentionally left blank.
EPL2627_MW02_016_LeedsUnited_Brentford,2026-27,2,2026-08-30,2026-08-30T13:00:00+00:00,Leeds United,Brentford,Betfred (UK),1X2,,,,2.75,3.75,2.38,,,,,,,,current,,decimal,2026-08-22T06:17:06Z,the-odds-api.com,https://api.the-odds-api.com/v4/sports/soccer_epl/odds/,False,True,live,2026-08-22,Real current decimal odds from The Odds API. Opening/closing snapshots are not available on the free tier and are intentionally left blank.
EPL2627_MW02_016_LeedsUnited_Brentford,2026-27,2,2026-08-30,2026-08-30T13:00:00+00:00,Leeds United,Brentford,Sky Bet,1X2,,,,2.7,3.6,2.38,,,,,,,,current,,decimal,2026-08-22T06:17:08Z,the-odds-api.com,https://api.the-odds-api.com/v4/sports/soccer_epl/odds/,False,True,live,2026-08-22,Real current decimal odds from The Odds API. Opening/closing snapshots are not available on the free tier and are intentionally left blank.
EPL2627_MW02_016_LeedsUnited_Brentford,2026-27,2,2026-08-30,2026-08-30T13:00:00+00:00,Leeds United,Brentford,Paddy Power,1X2,,,,2.7,3.6,2.38,,,,,,,,current,,decimal,2026-08-22T06:17:29Z,the-odds-api.com,https://api.the-odds-api.com/v4/sports/soccer_epl/odds/,False,True,live,2026-08-22,Real current decimal odds from The Odds API. Opening/closing snapshots are not available on the free tier and are intentionally left blank.
EPL2627_MW02_016_LeedsUnited_Brentford,2026-27,2,2026-08-30,2026-08-30T13:00:00+00:00,Leeds United,Brentford,Betfair,1X2,,,,2.22,3.35,2.66,,,,,,,,current,,decimal,2026-08-22T06:17:30Z,the-odds-api.com,https://api.the-odds-api.com/v4/sports/soccer_epl/odds/,False,True,live,2026-08-22,Real current decimal odds from The Odds API. Opening/closing snapshots are not available on the free tier and are intentionally left blank.
EPL2627_MW02_019_Sunderland_Fulham,2026-27,2,2026-08-30,2026-08-30T13:00:00+00:00,Sunderland,Fulham,,1X2,,,,,,,,,,,,,,unknown,,decimal,2026-08-22T06:17:51+00:00,none_available,,False,False,unavailable,2026-08-22,"The Odds API is configured and reachable, but has not yet posted a market for this fixture (bookmakers typically open markets ~1-2 weeks before kickoff) -- genuinely unavailable, not a collector failure."
EPL2627_MW02_018_ManchesterUnited_IpswichTown,2026-27,2,2026-08-30,2026-08-30T15:30:00+00:00,Manchester United,Ipswich Town,,1X2,,,,,,,,,,,,,,unknown,,decimal,2026-08-22T06:17:51+00:00,none_available,,False,False,unavailable,2026-08-22,"The Odds API is configured and reachable, but has not yet posted a market for this fixture (bookmakers typically open markets ~1-2 weeks before kickoff) -- genuinely unavailable, not a collector failure."
EPL2627_MW02_012_AstonVilla_Arsenal,2026-27,2,2026-08-31,2026-08-31T19:00:00+00:00,Aston Villa,Arsenal,Betfred (UK),1X2,,,,4.6,3.75,1.73,,,,,,,,current,,decimal,2026-08-22T06:17:06Z,the-odds-api.com,https://api.the-odds-api.com/v4/sports/soccer_epl/odds/,False,True,live,2026-08-22,Real current decimal odds from The Odds API. Opening/closing snapshots are not available on the free tier and are intentionally left blank.
EPL2627_MW02_012_AstonVilla_Arsenal,2026-27,2,2026-08-31,2026-08-31T19:00:00+00:00,Aston Villa,Arsenal,Sky Bet,1X2,,,,4.5,3.8,1.7,,,,,,,,current,,decimal,2026-08-22T06:17:08Z,the-odds-api.com,https://api.the-odds-api.com/v4/sports/soccer_epl/odds/,False,True,live,2026-08-22,Real current decimal odds from The Odds API. Opening/closing snapshots are not available on the free tier and are intentionally left blank.
EPL2627_MW02_012_AstonVilla_Arsenal,2026-27,2,2026-08-31,2026-08-31T19:00:00+00:00,Aston Villa,Arsenal,Paddy Power,1X2,,,,4.5,3.8,1.7,,,,,,,,current,,decimal,2026-08-22T06:17:29Z,the-odds-api.com,https://api.the-odds-api.com/v4/sports/soccer_epl/odds/,False,True,live,2026-08-22,Real current decimal odds from The Odds API. Opening/closing snapshots are not available on the free tier and are intentionally left blank.
EPL2627_MW02_012_AstonVilla_Arsenal,2026-27,2,2026-08-31,2026-08-31T19:00:00+00:00,Aston Villa,Arsenal,Betfair,1X2,,,,3.5,3.6,1.71,,,,,,,,current,,decimal,2026-08-22T06:17:30Z,the-odds-api.com,https://api.the-odds-api.com/v4/sports/soccer_epl/odds/,False,True,live,2026-08-22,Real current decimal odds from The Odds API. Opening/closing snapshots are not available on the free tier and are intentionally left blank.
EPL2627_MW03_027_IpswichTown_Liverpool,2026-27,3,2026-09-04,2026-09-04T19:00:00+00:00,Ipswich Town,Liverpool,,1X2,,,,,,,,,,,,,,unknown,,decimal,2026-08-22T06:17:51+00:00,none_available,,False,False,unavailable,2026-08-22,"The Odds API is configured and reachable, but has not yet posted a market for this fixture (bookmakers typically open markets ~1-2 weeks before kickoff) -- genuinely unavailable, not a collector failure."
EPL2627_MW03_029_NewcastleUnited_AFCBournemouth,2026-27,3,2026-09-05,2026-09-05T11:30:00+00:00,Newcastle United,AFC Bournemouth,,1X2,,,,,,,,,,,,,,unknown,,decimal,2026-08-22T06:17:51+00:00,none_available,,False,False,unavailable,2026-08-22,"The Odds API is configured and reachable, but has not yet posted a market for this fixture (bookmakers typically open markets ~1-2 weeks before kickoff) -- genuinely unavailable, not a collector failure."
EPL2627_MW03_022_Brentford_Sunderland,2026-27,3,2026-09-05,2026-09-05T14:00:00+00:00,Brentford,Sunderland,,1X2,,,,,,,,,,,,,,unknown,,decimal,2026-08-22T06:17:51+00:00,none_available,,False,False,unavailable,2026-08-22,"The Odds API is configured and reachable, but has not yet posted a market for this fixture (bookmakers typically open markets ~1-2 weeks before kickoff) -- genuinely unavailable, not a collector failure."
EPL2627_MW03_023_Brighton&HoveAlbion_LeedsUnited,2026-27,3,2026-09-05,2026-09-05T14:00:00+00:00,Brighton & Hove Albion,Leeds United,,1X2,,,,,,,,,,,,,,unknown,,decimal,2026-08-22T06:17:51+00:00,none_available,,False,False,unavailable,2026-08-22,"The Odds API is configured and reachable, but has not yet posted a market for this fixture (bookmakers typically open markets ~1-2 weeks before kickoff) -- genuinely unavailable, not a collector failure."
EPL2627_MW03_025_Fulham_CrystalPalace,2026-27,3,2026-09-05,2026-09-05T14:00:00+00:00,Fulham,Crystal Palace,,1X2,,,,,,,,,,,,,,unknown,,decimal,2026-08-22T06:17:51+00:00,none_available,,False,False,unavailable,2026-08-22,"The Odds API is configured and reachable, but has not yet posted a market for this fixture (bookmakers typically open markets ~1-2 weeks before kickoff) -- genuinely unavailable, not a collector failure."
EPL2627_MW03_028_ManchesterCity_CoventryCity,2026-27,3,2026-09-05,2026-09-05T14:00:00+00:00,Manchester City,Coventry City,,1X2,,,,,,,,,,,,,,unknown,,decimal,2026-08-22T06:17:51+00:00,none_available,,False,False,unavailable,2026-08-22,"The Odds API is configured and reachable, but has not yet posted a market for this fixture (bookmakers typically open markets ~1-2 weeks before kickoff) -- genuinely unavailable, not a collector failure."
EPL2627_MW03_030_NottinghamForest_TottenhamHotspur,2026-27,3,2026-09-05,2026-09-05T14:00:00+00:00,Nottingham Forest,Tottenham Hotspur,,1X2,,,,,,,,,,,,,,unknown,,decimal,2026-08-22T06:17:51+00:00,none_available,,False,False,unavailable,2026-08-22,"The Odds API is configured and reachable, but has not yet posted a market for this fixture (bookmakers typically open markets ~1-2 weeks before kickoff) -- genuinely unavailable, not a collector failure."
EPL2627_MW03_026_HullCity_AstonVilla,2026-27,3,2026-09-05,2026-09-05T16:30:00+00:00,Hull City,Aston Villa,,1X2,,,,,,,,,,,,,,unknown,,decimal,2026-08-22T06:17:51+00:00,none_available,,False,False,unavailable,2026-08-22,"The Odds API is configured and reachable, but has not yet posted a market for this fixture (bookmakers typically open markets ~1-2 weeks before kickoff) -- genuinely unavailable, not a collector failure."
EPL2627_MW03_024_Everton_ManchesterUnited,2026-27,3,2026-09-06,2026-09-06T13:00:00+00:00,Everton,Manchester United,,1X2,,,,,,,,,,,,,,unknown,,decimal,2026-08-22T06:17:51+00:00,none_available,,False,False,unavailable,2026-08-22,"The Odds API is configured and reachable, but has not yet posted a market for this fixture (bookmakers typically open markets ~1-2 weeks before kickoff) -- genuinely unavailable, not a collector failure."
EPL2627_MW03_021_Arsenal_Chelsea,2026-27,3,2026-09-06,2026-09-06T15:30:00+00:00,Arsenal,Chelsea,,1X2,,,,,,,,,,,,,,unknown,,decimal,2026-08-22T06:17:51+00:00,none_available,,False,False,unavailable,2026-08-22,"The Odds API is configured and reachable, but has not yet posted a market for this fixture (bookmakers typically open markets ~1-2 weeks before kickoff) -- genuinely unavailable, not a collector failure."
EPL2627_MW04_031_AFCBournemouth_Brentford,2026-27,4,2026-09-12,2026-09-12T14:00:00+00:00,AFC Bournemouth,Brentford,,1X2,,,,,,,,,,,,,,unknown,,decimal,2026-08-22T06:17:51+00:00,none_available,,False,False,unavailable,2026-08-22,"The Odds API is configured and reachable, but has not yet posted a market for this fixture (bookmakers typically open markets ~1-2 weeks before kickoff) -- genuinely unavailable, not a collector failure."
EPL2627_MW04_032_AstonVilla_NottinghamForest,2026-27,4,2026-09-12,2026-09-12T14:00:00+00:00,Aston Villa,Nottingham Forest,,1X2,,,,,,,,,,,,,,unknown,,decimal,2026-08-22T06:17:51+00:00,none_available,,False,False,unavailable,2026-08-22,"The Odds API is configured and reachable, but has not yet posted a market for this fixture (bookmakers typically open markets ~1-2 weeks before kickoff) -- genuinely unavailable, not a collector failure."
EPL2627_MW04_033_Chelsea_HullCity,2026-27,4,2026-09-12,2026-09-12T14:00:00+00:00,Chelsea,Hull City,,1X2,,,,,,,,,,,,,,unknown,,decimal,2026-08-22T06:17:51+00:00,none_available,,False,False,unavailable,2026-08-22,"The Odds API is configured and reachable, but has not yet posted a market for this fixture (bookmakers typically open markets ~1-2 weeks before kickoff) -- genuinely unavailable, not a collector failure."
EPL2627_MW04_035_CrystalPalace_IpswichTown,2026-27,4,2026-09-12,2026-09-12T14:00:00+00:00,Crystal Palace,Ipswich Town,,1X2,,,,,,,,,,,,,,unknown,,decimal,2026-08-22T06:17:51+00:00,none_available,,False,False,unavailable,2026-08-22,"The Odds API is configured and reachable, but has not yet posted a market for this fixture (bookmakers typically open markets ~1-2 weeks before kickoff) -- genuinely unavailable, not a collector failure."
EPL2627_MW04_037_Liverpool_Fulham,2026-27,4,2026-09-12,2026-09-12T14:00:00+00:00,Liverpool,Fulham,,1X2,,,,,,,,,,,,,,unknown,,decimal,2026-08-22T06:17:51+00:00,none_available,,False,False,unavailable,2026-08-22,"The Odds API is configured and reachable, but has not yet posted a market for this fixture (bookmakers typically open markets ~1-2 weeks before kickoff) -- genuinely unavailable, not a collector failure."
EPL2627_MW04_040_TottenhamHotspur_Everton,2026-27,4,2026-09-12,2026-09-12T16:30:00+00:00,Tottenham Hotspur,Everton,,1X2,,,,,,,,,,,,,,unknown,,decimal,2026-08-22T06:17:51+00:00,none_available,,False,False,unavailable,2026-08-22,"The Odds API is configured and reachable, but has not yet posted a market for this fixture (bookmakers typically open markets ~1-2 weeks before kickoff) -- genuinely unavailable, not a collector failure."
EPL2627_MW04_039_Sunderland_Arsenal,2026-27,4,2026-09-12,2026-09-12T19:00:00+00:00,Sunderland,Arsenal,,1X2,,,,,,,,,,,,,,unknown,,decimal,2026-08-22T06:17:51+00:00,none_available,,False,False,unavailable,2026-08-22,"The Odds API is configured and reachable, but has not yet posted a market for this fixture (bookmakers typically open markets ~1-2 weeks before kickoff) -- genuinely unavailable, not a collector failure."
EPL2627_MW04_034_CoventryCity_Brighton&HoveAlbion,2026-27,4,2026-09-13,2026-09-13T13:00:00+00:00,Coventry City,Brighton & Hove Albion,,1X2,,,,,,,,,,,,,,unknown,,decimal,2026-08-22T06:17:51+00:00,none_available,,False,False,unavailable,2026-08-22,"The Odds API is configured and reachable, but has not yet posted a market for this fixture (bookmakers typically open markets ~1-2 weeks before kickoff) -- genuinely unavailable, not a collector failure."
EPL2627_MW04_038_ManchesterUnited_ManchesterCity,2026-27,4,2026-09-13,2026-09-13T15:30:00+00:00,Manchester United,Manchester City,,1X2,,,,,,,,,,,,,,unknown,,decimal,2026-08-22T06:17:51+00:00,none_available,,False,False,unavailable,2026-08-22,"The Odds API is configured and reachable, but has not yet posted a market for this fixture (bookmakers typically open markets ~1-2 weeks before kickoff) -- genuinely unavailable, not a collector failure."
EPL2627_MW04_036_LeedsUnited_NewcastleUnited,2026-27,4,2026-09-14,2026-09-14T19:00:00+00:00,Leeds United,Newcastle United,,1X2,,,,,,,,,,,,,,unknown,,decimal,2026-08-22T06:17:51+00:00,none_available,,False,False,unavailable,2026-08-22,"The Odds API is configured and reachable, but has not yet posted a market for this fixture (bookmakers typically open markets ~1-2 weeks before kickoff) -- genuinely unavailable, not a collector failure."
EPL2627_MW05_042_Brentford_Chelsea,2026-27,5,2026-09-18,2026-09-18T19:00:00+00:00,Brentford,Chelsea,,1X2,,,,,,,,,,,,,,unknown,,decimal,2026-08-22T06:17:51+00:00,none_available,,False,False,unavailable,2026-08-22,"The Odds API is configured and reachable, but has not yet posted a market for this fixture (bookmakers typically open markets ~1-2 weeks before kickoff) -- genuinely unavailable, not a collector failure."
EPL2627_MW05_050_TottenhamHotspur_AstonVilla,2026-27,5,2026-09-19,2026-09-19T11:30:00+00:00,Tottenham Hotspur,Aston Villa,,1X2,,,,,,,,,,,,,,unknown,,decimal,2026-08-22T06:17:51+00:00,none_available,,False,False,unavailable,2026-08-22,"The Odds API is configured and reachable, but has not yet posted a market for this fixture (bookmakers typically open markets ~1-2 weeks before kickoff) -- genuinely unavailable, not a collector failure."
EPL2627_MW05_043_Brighton&HoveAlbion_Arsenal,2026-27,5,2026-09-19,2026-09-19T14:00:00+00:00,Brighton & Hove Albion,Arsenal,,1X2,,,,,,,,,,,,,,unknown,,decimal,2026-08-22T06:17:51+00:00,none_available,,False,False,unavailable,2026-08-22,"The Odds API is configured and reachable, but has not yet posted a market for this fixture (bookmakers typically open markets ~1-2 weeks before kickoff) -- genuinely unavailable, not a collector failure."
EPL2627_MW05_044_Everton_IpswichTown,2026-27,5,2026-09-19,2026-09-19T14:00:00+00:00,Everton,Ipswich Town,,1X2,,,,,,,,,,,,,,unknown,,decimal,2026-08-22T06:17:51+00:00,none_available,,False,False,unavailable,2026-08-22,"The Odds API is configured and reachable, but has not yet posted a market for this fixture (bookmakers typically open markets ~1-2 weeks before kickoff) -- genuinely unavailable, not a collector failure."
EPL2627_MW05_046_LeedsUnited_CrystalPalace,2026-27,5,2026-09-19,2026-09-19T14:00:00+00:00,Leeds United,Crystal Palace,,1X2,,,,,,,,,,,,,,unknown,,decimal,2026-08-22T06:17:51+00:00,none_available,,False,False,unavailable,2026-08-22,"The Odds API is configured and reachable, but has not yet posted a market for this fixture (bookmakers typically open markets ~1-2 weeks before kickoff) -- genuinely unavailable, not a collector failure."
EPL2627_MW05_047_ManchesterCity_Sunderland,2026-27,5,2026-09-19,2026-09-19T14:00:00+00:00,Manchester City,Sunderland,,1X2,,,,,,,,,,,,,,unknown,,decimal,2026-08-22T06:17:51+00:00,none_available,,False,False,unavailable,2026-08-22,"The Odds API is configured and reachable, but has not yet posted a market for this fixture (bookmakers typically open markets ~1-2 weeks before kickoff) -- genuinely unavailable, not a collector failure."
EPL2627_MW05_048_NewcastleUnited_HullCity,2026-27,5,2026-09-19,2026-09-19T14:00:00+00:00,Newcastle United,Hull City,,1X2,,,,,,,,,,,,,,unknown,,decimal,2026-08-22T06:17:51+00:00,none_available,,False,False,unavailable,2026-08-22,"The Odds API is configured and reachable, but has not yet posted a market for this fixture (bookmakers typically open markets ~1-2 weeks before kickoff) -- genuinely unavailable, not a collector failure."
EPL2627_MW05_049_NottinghamForest_CoventryCity,2026-27,5,2026-09-19,2026-09-19T16:30:00+00:00,Nottingham Forest,Coventry City,,1X2,,,,,,,,,,,,,,unknown,,decimal,2026-08-22T06:17:51+00:00,none_available,,False,False,unavailable,2026-08-22,"The Odds API is configured and reachable, but has not yet posted a market for this fixture (bookmakers typically open markets ~1-2 weeks before kickoff) -- genuinely unavailable, not a collector failure."
EPL2627_MW05_041_AFCBournemouth_Liverpool,2026-27,5,2026-09-20,2026-09-20T13:00:00+00:00,AFC Bournemouth,Liverpool,,1X2,,,,,,,,,,,,,,unknown,,decimal,2026-08-22T06:17:51+00:00,none_available,,False,False,unavailable,2026-08-22,"The Odds API is configured and reachable, but has not yet posted a market for this fixture (bookmakers typically open markets ~1-2 weeks before kickoff) -- genuinely unavailable, not a collector failure."
EPL2627_MW05_045_Fulham_ManchesterUnited,2026-27,5,2026-09-20,2026-09-20T15:30:00+00:00,Fulham,Manchester United,,1X2,,,,,,,,,,,,,,unknown,,decimal,2026-08-22T06:17:51+00:00,none_available,,False,False,unavailable,2026-08-22,"The Odds API is configured and reachable, but has not yet posted a market for this fixture (bookmakers typically open markets ~1-2 weeks before kickoff) -- genuinely unavailable, not a collector failure."
EPL2627_MW06_051_Arsenal_LeedsUnited,2026-27,6,2026-10-10,2026-10-10T14:00:00+00:00,Arsenal,Leeds United,,1X2,,,,,,,,,,,,,,unknown,,decimal,2026-08-22T06:17:51+00:00,none_available,,False,False,unavailable,2026-08-22,"The Odds API is configured and reachable, but has not yet posted a market for this fixture (bookmakers typically open markets ~1-2 weeks before kickoff) -- genuinely unavailable, not a collector failure."
EPL2627_MW06_052_AstonVilla_Brentford,2026-27,6,2026-10-10,2026-10-10T14:00:00+00:00,Aston Villa,Brentford,,1X2,,,,,,,,,,,,,,unknown,,decimal,2026-08-22T06:17:51+00:00,none_available,,False,False,unavailable,2026-08-22,"The Odds API is configured and reachable, but has not yet posted a market for this fixture (bookmakers typically open markets ~1-2 weeks before kickoff) -- genuinely unavailable, not a collector failure."
EPL2627_MW06_053_Chelsea_AFCBournemouth,2026-27,6,2026-10-10,2026-10-10T14:00:00+00:00,Chelsea,AFC Bournemouth,,1X2,,,,,,,,,,,,,,unknown,,decimal,2026-08-22T06:17:51+00:00,none_available,,False,False,unavailable,2026-08-22,"The Odds API is configured and reachable, but has not yet posted a market for this fixture (bookmakers typically open markets ~1-2 weeks before kickoff) -- genuinely unavailable, not a collector failure."
EPL2627_MW06_054_CoventryCity_NewcastleUnited,2026-27,6,2026-10-10,2026-10-10T14:00:00+00:00,Coventry City,Newcastle United,,1X2,,,,,,,,,,,,,,unknown,,decimal,2026-08-22T06:17:51+00:00,none_available,,False,False,unavailable,2026-08-22,"The Odds API is configured and reachable, but has not yet posted a market for this fixture (bookmakers typically open markets ~1-2 weeks before kickoff) -- genuinely unavailable, not a collector failure."
EPL2627_MW06_055_CrystalPalace_NottinghamForest,2026-27,6,2026-10-10,2026-10-10T14:00:00+00:00,Crystal Palace,Nottingham Forest,,1X2,,,,,,,,,,,,,,unknown,,decimal,2026-08-22T06:17:51+00:00,none_available,,False,False,unavailable,2026-08-22,"The Odds API is configured and reachable, but has not yet posted a market for this fixture (bookmakers typically open markets ~1-2 weeks before kickoff) -- genuinely unavailable, not a collector failure."
EPL2627_MW06_056_HullCity_Everton,2026-27,6,2026-10-10,2026-10-10T14:00:00+00:00,Hull City,Everton,,1X2,,,,,,,,,,,,,,unknown,,decimal,2026-08-22T06:17:51+00:00,none_available,,False,False,unavailable,2026-08-22,"The Odds API is configured and reachable, but has not yet posted a market for this fixture (bookmakers typically open markets ~1-2 weeks before kickoff) -- genuinely unavailable, not a collector failure."
EPL2627_MW06_057_IpswichTown_Fulham,2026-27,6,2026-10-10,2026-10-10T14:00:00+00:00,Ipswich Town,Fulham,,1X2,,,,,,,,,,,,,,unknown,,decimal,2026-08-22T06:17:51+00:00,none_available,,False,False,unavailable,2026-08-22,"The Odds API is configured and reachable, but has not yet posted a market for this fixture (bookmakers typically open markets ~1-2 weeks before kickoff) -- genuinely unavailable, not a collector failure."
EPL2627_MW06_058_Liverpool_ManchesterCity,2026-27,6,2026-10-10,2026-10-10T14:00:00+00:00,Liverpool,Manchester City,,1X2,,,,,,,,,,,,,,unknown,,decimal,2026-08-22T06:17:51+00:00,none_available,,False,False,unavailable,2026-08-22,"The Odds API is configured and reachable, but has not yet posted a market for this fixture (bookmakers typically open markets ~1-2 weeks before kickoff) -- genuinely unavailable, not a collector failure."
EPL2627_MW06_059_ManchesterUnited_TottenhamHotspur,2026-27,6,2026-10-10,2026-10-10T14:00:00+00:00,Manchester United,Tottenham Hotspur,,1X2,,,,,,,,,,,,,,unknown,,decimal,2026-08-22T06:17:51+00:00,none_available,,False,False,unavailable,2026-08-22,"The Odds API is configured and reachable, but has not yet posted a market for this fixture (bookmakers typically open markets ~1-2 weeks before kickoff) -- genuinely unavailable, not a collector failure."
EPL2627_MW06_060_Sunderland_Brighton&HoveAlbion,2026-27,6,2026-10-10,2026-10-10T14:00:00+00:00,Sunderland,Brighton & Hove Albion,,1X2,,,,,,,,,,,,,,unknown,,decimal,2026-08-22T06:17:51+00:00,none_available,,False,False,unavailable,2026-08-22,"The Odds API is configured and reachable, but has not yet posted a market for this fixture (bookmakers typically open markets ~1-2 weeks before kickoff) -- genuinely unavailable, not a collector failure."
EPL2627_MW07_061_AFCBournemouth_Sunderland,2026-27,7,2026-10-17,2026-10-17T14:00:00+00:00,AFC Bournemouth,Sunderland,,1X2,,,,,,,,,,,,,,unknown,,decimal,2026-08-22T06:17:51+00:00,none_available,,False,False,unavailable,2026-08-22,"The Odds API is configured and reachable, but has not yet posted a market for this fixture (bookmakers typically open markets ~1-2 weeks before kickoff) -- genuinely unavailable, not a collector failure."
EPL2627_MW07_062_Brentford_Liverpool,2026-27,7,2026-10-17,2026-10-17T14:00:00+00:00,Brentford,Liverpool,,1X2,,,,,,,,,,,,,,unknown,,decimal,2026-08-22T06:17:51+00:00,none_available,,False,False,unavailable,2026-08-22,"The Odds API is configured and reachable, but has not yet posted a market for this fixture (bookmakers typically open markets ~1-2 weeks before kickoff) -- genuinely unavailable, not a collector failure."
EPL2627_MW07_063_Brighton&HoveAlbion_CrystalPalace,2026-27,7,2026-10-17,2026-10-17T14:00:00+00:00,Brighton & Hove Albion,Crystal Palace,,1X2,,,,,,,,,,,,,,unknown,,decimal,2026-08-22T06:17:51+00:00,none_available,,False,False,unavailable,2026-08-22,"The Odds API is configured and reachable, but has not yet posted a market for this fixture (bookmakers typically open markets ~1-2 weeks before kickoff) -- genuinely unavailable, not a collector failure."
EPL2627_MW07_064_Everton_Chelsea,2026-27,7,2026-10-17,2026-10-17T14:00:00+00:00,Everton,Chelsea,,1X2,,,,,,,,,,,,,,unknown,,decimal,2026-08-22T06:17:51+00:00,none_available,,False,False,unavailable,2026-08-22,"The Odds API is configured and reachable, but has not yet posted a market for this fixture (bookmakers typically open markets ~1-2 weeks before kickoff) -- genuinely unavailable, not a collector failure."
EPL2627_MW07_065_Fulham_HullCity,2026-27,7,2026-10-17,2026-10-17T14:00:00+00:00,Fulham,Hull City,,1X2,,,,,,,,,,,,,,unknown,,decimal,2026-08-22T06:17:51+00:00,none_available,,False,False,unavailable,2026-08-22,"The Odds API is configured and reachable, but has not yet posted a market for this fixture (bookmakers typically open markets ~1-2 weeks before kickoff) -- genuinely unavailable, not a collector failure."
EPL2627_MW07_066_LeedsUnited_ManchesterUnited,2026-27,7,2026-10-17,2026-10-17T14:00:00+00:00,Leeds United,Manchester United,,1X2,,,,,,,,,,,,,,unknown,,decimal,2026-08-22T06:17:51+00:00,none_available,,False,False,unavailable,2026-08-22,"The Odds API is configured and reachable, but has not yet posted a market for this fixture (bookmakers typically open markets ~1-2 weeks before kickoff) -- genuinely unavailable, not a collector failure."
EPL2627_MW07_067_ManchesterCity_IpswichTown,2026-27,7,2026-10-17,2026-10-17T14:00:00+00:00,Manchester City,Ipswich Town,,1X2,,,,,,,,,,,,,,unknown,,decimal,2026-08-22T06:17:51+00:00,none_available,,False,False,unavailable,2026-08-22,"The Odds API is configured and reachable, but has not yet posted a market for this fixture (bookmakers typically open markets ~1-2 weeks before kickoff) -- genuinely unavailable, not a collector failure."
EPL2627_MW07_068_NewcastleUnited_AstonVilla,2026-27,7,2026-10-17,2026-10-17T14:00:00+00:00,Newcastle United,Aston Villa,,1X2,,,,,,,,,,,,,,unknown,,decimal,2026-08-22T06:17:51+00:00,none_available,,False,False,unavailable,2026-08-22,"The Odds API is configured and reachable, but has not yet posted a market for this fixture (bookmakers typically open markets ~1-2 weeks before kickoff) -- genuinely unavailable, not a collector failure."
EPL2627_MW07_069_NottinghamForest_Arsenal,2026-27,7,2026-10-17,2026-10-17T14:00:00+00:00,Nottingham Forest,Arsenal,,1X2,,,,,,,,,,,,,,unknown,,decimal,2026-08-22T06:17:51+00:00,none_available,,False,False,unavailable,2026-08-22,"The Odds API is configured and reachable, but has not yet posted a market for this fixture (bookmakers typically open markets ~1-2 weeks before kickoff) -- genuinely unavailable, not a collector failure."
EPL2627_MW07_070_TottenhamHotspur_CoventryCity,2026-27,7,2026-10-17,2026-10-17T14:00:00+00:00,Tottenham Hotspur,Coventry City,,1X2,,,,,,,,,,,,,,unknown,,decimal,2026-08-22T06:17:51+00:00,none_available,,False,False,unavailable,2026-08-22,"The Odds API is configured and reachable, but has not yet posted a market for this fixture (bookmakers typically open markets ~1-2 weeks before kickoff) -- genuinely unavailable, not a collector failure."
EPL2627_MW08_071_Arsenal_Everton,2026-27,8,2026-10-24,2026-10-24T14:00:00+00:00,Arsenal,Everton,,1X2,,,,,,,,,,,,,,unknown,,decimal,2026-08-22T06:17:51+00:00,none_available,,False,False,unavailable,2026-08-22,"The Odds API is configured and reachable, but has not yet posted a market for this fixture (bookmakers typically open markets ~1-2 weeks before kickoff) -- genuinely unavailable, not a collector failure."
EPL2627_MW08_072_AstonVilla_ManchesterCity,2026-27,8,2026-10-24,2026-10-24T14:00:00+00:00,Aston Villa,Manchester City,,1X2,,,,,,,,,,,,,,unknown,,decimal,2026-08-22T06:17:51+00:00,none_available,,False,False,unavailable,2026-08-22,"The Odds API is configured and reachable, but has not yet posted a market for this fixture (bookmakers typically open markets ~1-2 weeks before kickoff) -- genuinely unavailable, not a collector failure."
EPL2627_MW08_073_Chelsea_TottenhamHotspur,2026-27,8,2026-10-24,2026-10-24T14:00:00+00:00,Chelsea,Tottenham Hotspur,,1X2,,,,,,,,,,,,,,unknown,,decimal,2026-08-22T06:17:51+00:00,none_available,,False,False,unavailable,2026-08-22,"The Odds API is configured and reachable, but has not yet posted a market for this fixture (bookmakers typically open markets ~1-2 weeks before kickoff) -- genuinely unavailable, not a collector failure."
EPL2627_MW08_074_CoventryCity_Fulham,2026-27,8,2026-10-24,2026-10-24T14:00:00+00:00,Coventry City,Fulham,,1X2,,,,,,,,,,,,,,unknown,,decimal,2026-08-22T06:17:51+00:00,none_available,,False,False,unavailable,2026-08-22,"The Odds API is configured and reachable, but has not yet posted a market for this fixture (bookmakers typically open markets ~1-2 weeks before kickoff) -- genuinely unavailable, not a collector failure."
EPL2627_MW08_075_CrystalPalace_NewcastleUnited,2026-27,8,2026-10-24,2026-10-24T14:00:00+00:00,Crystal Palace,Newcastle United,,1X2,,,,,,,,,,,,,,unknown,,decimal,2026-08-22T06:17:51+00:00,none_available,,False,False,unavailable,2026-08-22,"The Odds API is configured and reachable, but has not yet posted a market for this fixture (bookmakers typically open markets ~1-2 weeks before kickoff) -- genuinely unavailable, not a collector failure."
EPL2627_MW08_076_HullCity_Brentford,2026-27,8,2026-10-24,2026-10-24T14:00:00+00:00,Hull City,Brentford,,1X2,,,,,,,,,,,,,,unknown,,decimal,2026-08-22T06:17:51+00:00,none_available,,False,False,unavailable,2026-08-22,"The Odds API is configured and reachable, but has not yet posted a market for this fixture (bookmakers typically open markets ~1-2 weeks before kickoff) -- genuinely unavailable, not a collector failure."
EPL2627_MW08_077_IpswichTown_NottinghamForest,2026-27,8,2026-10-24,2026-10-24T14:00:00+00:00,Ipswich Town,Nottingham Forest,,1X2,,,,,,,,,,,,,,unknown,,decimal,2026-08-22T06:17:51+00:00,none_available,,False,False,unavailable,2026-08-22,"The Odds API is configured and reachable, but has not yet posted a market for this fixture (bookmakers typically open markets ~1-2 weeks before kickoff) -- genuinely unavailable, not a collector failure."
EPL2627_MW08_078_Liverpool_Brighton&HoveAlbion,2026-27,8,2026-10-24,2026-10-24T14:00:00+00:00,Liverpool,Brighton & Hove Albion,,1X2,,,,,,,,,,,,,,unknown,,decimal,2026-08-22T06:17:51+00:00,none_available,,False,False,unavailable,2026-08-22,"The Odds API is configured and reachable, but has not yet posted a market for this fixture (bookmakers typically open markets ~1-2 weeks before kickoff) -- genuinely unavailable, not a collector failure."
EPL2627_MW08_079_ManchesterUnited_AFCBournemouth,2026-27,8,2026-10-24,2026-10-24T14:00:00+00:00,Manchester United,AFC Bournemouth,,1X2,,,,,,,,,,,,,,unknown,,decimal,2026-08-22T06:17:51+00:00,none_available,,False,False,unavailable,2026-08-22,"The Odds API is configured and reachable, but has not yet posted a market for this fixture (bookmakers typically open markets ~1-2 weeks before kickoff) -- genuinely unavailable, not a collector failure."
EPL2627_MW08_080_Sunderland_LeedsUnited,2026-27,8,2026-10-24,2026-10-24T14:00:00+00:00,Sunderland,Leeds United,,1X2,,,,,,,,,,,,,,unknown,,decimal,2026-08-22T06:17:51+00:00,none_available,,False,False,unavailable,2026-08-22,"The Odds API is configured and reachable, but has not yet posted a market for this fixture (bookmakers typically open markets ~1-2 weeks before kickoff) -- genuinely unavailable, not a collector failure."
EPL2627_MW09_081_AFCBournemouth_LeedsUnited,2026-27,9,2026-10-31,2026-10-31T15:00:00+00:00,AFC Bournemouth,Leeds United,,1X2,,,,,,,,,,,,,,unknown,,decimal,2026-08-22T06:17:51+00:00,none_available,,False,False,unavailable,2026-08-22,"The Odds API is configured and reachable, but has not yet posted a market for this fixture (bookmakers typically open markets ~1-2 weeks before kickoff) -- genuinely unavailable, not a collector failure."
EPL2627_MW09_082_AstonVilla_Fulham,2026-27,9,2026-10-31,2026-10-31T15:00:00+00:00,Aston Villa,Fulham,,1X2,,,,,,,,,,,,,,unknown,,decimal,2026-08-22T06:17:51+00:00,none_available,,False,False,unavailable,2026-08-22,"The Odds API is configured and reachable, but has not yet posted a market for this fixture (bookmakers typically open markets ~1-2 weeks before kickoff) -- genuinely unavailable, not a collector failure."
EPL2627_MW09_083_Brentford_NottinghamForest,2026-27,9,2026-10-31,2026-10-31T15:00:00+00:00,Brentford,Nottingham Forest,,1X2,,,,,,,,,,,,,,unknown,,decimal,2026-08-22T06:17:51+00:00,none_available,,False,False,unavailable,2026-08-22,"The Odds API is configured and reachable, but has not yet posted a market for this fixture (bookmakers typically open markets ~1-2 weeks before kickoff) -- genuinely unavailable, not a collector failure."
EPL2627_MW09_084_Chelsea_ManchesterUnited,2026-27,9,2026-10-31,2026-10-31T15:00:00+00:00,Chelsea,Manchester United,,1X2,,,,,,,,,,,,,,unknown,,decimal,2026-08-22T06:17:51+00:00,none_available,,False,False,unavailable,2026-08-22,"The Odds API is configured and reachable, but has not yet posted a market for this fixture (bookmakers typically open markets ~1-2 weeks before kickoff) -- genuinely unavailable, not a collector failure."
EPL2627_MW09_085_CoventryCity_Sunderland,2026-27,9,2026-10-31,2026-10-31T15:00:00+00:00,Coventry City,Sunderland,,1X2,,,,,,,,,,,,,,unknown,,decimal,2026-08-22T06:17:51+00:00,none_available,,False,False,unavailable,2026-08-22,"The Odds API is configured and reachable, but has not yet posted a market for this fixture (bookmakers typically open markets ~1-2 weeks before kickoff) -- genuinely unavailable, not a collector failure."
EPL2627_MW09_086_HullCity_IpswichTown,2026-27,9,2026-10-31,2026-10-31T15:00:00+00:00,Hull City,Ipswich Town,,1X2,,,,,,,,,,,,,,unknown,,decimal,2026-08-22T06:17:51+00:00,none_available,,False,False,unavailable,2026-08-22,"The Odds API is configured and reachable, but has not yet posted a market for this fixture (bookmakers typically open markets ~1-2 weeks before kickoff) -- genuinely unavailable, not a collector failure."
EPL2627_MW09_087_Liverpool_Arsenal,2026-27,9,2026-10-31,2026-10-31T15:00:00+00:00,Liverpool,Arsenal,,1X2,,,,,,,,,,,,,,unknown,,decimal,2026-08-22T06:17:51+00:00,none_available,,False,False,unavailable,2026-08-22,"The Odds API is configured and reachable, but has not yet posted a market for this fixture (bookmakers typically open markets ~1-2 weeks before kickoff) -- genuinely unavailable, not a collector failure."
EPL2627_MW09_088_ManchesterCity_Brighton&HoveAlbion,2026-27,9,2026-10-31,2026-10-31T15:00:00+00:00,Manchester City,Brighton & Hove Albion,,1X2,,,,,,,,,,,,,,unknown,,decimal,2026-08-22T06:17:51+00:00,none_available,,False,False,unavailable,2026-08-22,"The Odds API is configured and reachable, but has not yet posted a market for this fixture (bookmakers typically open markets ~1-2 weeks before kickoff) -- genuinely unavailable, not a collector failure."
EPL2627_MW09_089_NewcastleUnited_Everton,2026-27,9,2026-10-31,2026-10-31T15:00:00+00:00,Newcastle United,Everton,,1X2,,,,,,,,,,,,,,unknown,,decimal,2026-08-22T06:17:51+00:00,none_available,,False,False,unavailable,2026-08-22,"The Odds API is configured and reachable, but has not yet posted a market for this fixture (bookmakers typically open markets ~1-2 weeks before kickoff) -- genuinely unavailable, not a collector failure."
EPL2627_MW09_090_TottenhamHotspur_CrystalPalace,2026-27,9,2026-10-31,2026-10-31T15:00:00+00:00,Tottenham Hotspur,Crystal Palace,,1X2,,,,,,,,,,,,,,unknown,,decimal,2026-08-22T06:17:51+00:00,none_available,,False,False,unavailable,2026-08-22,"The Odds API is configured and reachable, but has not yet posted a market for this fixture (bookmakers typically open markets ~1-2 weeks before kickoff) -- genuinely unavailable, not a collector failure."
EPL2627_MW10_091_Arsenal_HullCity,2026-27,10,2026-11-07,2026-11-07T15:00:00+00:00,Arsenal,Hull City,,1X2,,,,,,,,,,,,,,unknown,,decimal,2026-08-22T06:17:51+00:00,none_available,,False,False,unavailable,2026-08-22,"The Odds API is configured and reachable, but has not yet posted a market for this fixture (bookmakers typically open markets ~1-2 weeks before kickoff) -- genuinely unavailable, not a collector failure."
EPL2627_MW10_092_Brighton&HoveAlbion_Brentford,2026-27,10,2026-11-07,2026-11-07T15:00:00+00:00,Brighton & Hove Albion,Brentford,,1X2,,,,,,,,,,,,,,unknown,,decimal,2026-08-22T06:17:51+00:00,none_available,,False,False,unavailable,2026-08-22,"The Odds API is configured and reachable, but has not yet posted a market for this fixture (bookmakers typically open markets ~1-2 weeks before kickoff) -- genuinely unavailable, not a collector failure."
EPL2627_MW10_093_CrystalPalace_Liverpool,2026-27,10,2026-11-07,2026-11-07T15:00:00+00:00,Crystal Palace,Liverpool,,1X2,,,,,,,,,,,,,,unknown,,decimal,2026-08-22T06:17:51+00:00,none_available,,False,False,unavailable,2026-08-22,"The Odds API is configured and reachable, but has not yet posted a market for this fixture (bookmakers typically open markets ~1-2 weeks before kickoff) -- genuinely unavailable, not a collector failure."
EPL2627_MW10_094_Everton_CoventryCity,2026-27,10,2026-11-07,2026-11-07T15:00:00+00:00,Everton,Coventry City,,1X2,,,,,,,,,,,,,,unknown,,decimal,2026-08-22T06:17:51+00:00,none_available,,False,False,unavailable,2026-08-22,"The Odds API is configured and reachable, but has not yet posted a market for this fixture (bookmakers typically open markets ~1-2 weeks before kickoff) -- genuinely unavailable, not a collector failure."
EPL2627_MW10_095_Fulham_NewcastleUnited,2026-27,10,2026-11-07,2026-11-07T15:00:00+00:00,Fulham,Newcastle United,,1X2,,,,,,,,,,,,,,unknown,,decimal,2026-08-22T06:17:51+00:00,none_available,,False,False,unavailable,2026-08-22,"The Odds API is configured and reachable, but has not yet posted a market for this fixture (bookmakers typically open markets ~1-2 weeks before kickoff) -- genuinely unavailable, not a collector failure."
EPL2627_MW10_096_IpswichTown_AFCBournemouth,2026-27,10,2026-11-07,2026-11-07T15:00:00+00:00,Ipswich Town,AFC Bournemouth,,1X2,,,,,,,,,,,,,,unknown,,decimal,2026-08-22T06:17:51+00:00,none_available,,False,False,unavailable,2026-08-22,"The Odds API is configured and reachable, but has not yet posted a market for this fixture (bookmakers typically open markets ~1-2 weeks before kickoff) -- genuinely unavailable, not a collector failure."
EPL2627_MW10_097_LeedsUnited_TottenhamHotspur,2026-27,10,2026-11-07,2026-11-07T15:00:00+00:00,Leeds United,Tottenham Hotspur,,1X2,,,,,,,,,,,,,,unknown,,decimal,2026-08-22T06:17:51+00:00,none_available,,False,False,unavailable,2026-08-22,"The Odds API is configured and reachable, but has not yet posted a market for this fixture (bookmakers typically open markets ~1-2 weeks before kickoff) -- genuinely unavailable, not a collector failure."
EPL2627_MW10_098_ManchesterUnited_AstonVilla,2026-27,10,2026-11-07,2026-11-07T15:00:00+00:00,Manchester United,Aston Villa,,1X2,,,,,,,,,,,,,,unknown,,decimal,2026-08-22T06:17:51+00:00,none_available,,False,False,unavailable,2026-08-22,"The Odds API is configured and reachable, but has not yet posted a market for this fixture (bookmakers typically open markets ~1-2 weeks before kickoff) -- genuinely unavailable, not a collector failure."
EPL2627_MW10_099_NottinghamForest_ManchesterCity,2026-27,10,2026-11-07,2026-11-07T15:00:00+00:00,Nottingham Forest,Manchester City,,1X2,,,,,,,,,,,,,,unknown,,decimal,2026-08-22T06:17:51+00:00,none_available,,False,False,unavailable,2026-08-22,"The Odds API is configured and reachable, but has not yet posted a market for this fixture (bookmakers typically open markets ~1-2 weeks before kickoff) -- genuinely unavailable, not a collector failure."
EPL2627_MW10_100_Sunderland_Chelsea,2026-27,10,2026-11-07,2026-11-07T15:00:00+00:00,Sunderland,Chelsea,,1X2,,,,,,,,,,,,,,unknown,,decimal,2026-08-22T06:17:51+00:00,none_available,,False,False,unavailable,2026-08-22,"The Odds API is configured and reachable, but has not yet posted a market for this fixture (bookmakers typically open markets ~1-2 weeks before kickoff) -- genuinely unavailable, not a collector failure."
EPL2627_MW11_101_AFCBournemouth_NottinghamForest,2026-27,11,2026-11-21,2026-11-21T15:00:00+00:00,AFC Bournemouth,Nottingham Forest,,1X2,,,,,,,,,,,,,,unknown,,decimal,2026-08-22T06:17:51+00:00,none_available,,False,False,unavailable,2026-08-22,"The Odds API is configured and reachable, but has not yet posted a market for this fixture (bookmakers typically open markets ~1-2 weeks before kickoff) -- genuinely unavailable, not a collector failure."
EPL2627_MW11_102_AstonVilla_Sunderland,2026-27,11,2026-11-21,2026-11-21T15:00:00+00:00,Aston Villa,Sunderland,,1X2,,,,,,,,,,,,,,unknown,,decimal,2026-08-22T06:17:51+00:00,none_available,,False,False,unavailable,2026-08-22,"The Odds API is configured and reachable, but has not yet posted a market for this fixture (bookmakers typically open markets ~1-2 weeks before kickoff) -- genuinely unavailable, not a collector failure."
EPL2627_MW11_103_Brentford_Everton,2026-27,11,2026-11-21,2026-11-21T15:00:00+00:00,Brentford,Everton,,1X2,,,,,,,,,,,,,,unknown,,decimal,2026-08-22T06:17:51+00:00,none_available,,False,False,unavailable,2026-08-22,"The Odds API is configured and reachable, but has not yet posted a market for this fixture (bookmakers typically open markets ~1-2 weeks before kickoff) -- genuinely unavailable, not a collector failure."
EPL2627_MW11_104_Chelsea_LeedsUnited,2026-27,11,2026-11-21,2026-11-21T15:00:00+00:00,Chelsea,Leeds United,,1X2,,,,,,,,,,,,,,unknown,,decimal,2026-08-22T06:17:51+00:00,none_available,,False,False,unavailable,2026-08-22,"The Odds API is configured and reachable, but has not yet posted a market for this fixture (bookmakers typically open markets ~1-2 weeks before kickoff) -- genuinely unavailable, not a collector failure."
EPL2627_MW11_105_CoventryCity_CrystalPalace,2026-27,11,2026-11-21,2026-11-21T15:00:00+00:00,Coventry City,Crystal Palace,,1X2,,,,,,,,,,,,,,unknown,,decimal,2026-08-22T06:17:51+00:00,none_available,,False,False,unavailable,2026-08-22,"The Odds API is configured and reachable, but has not yet posted a market for this fixture (bookmakers typically open markets ~1-2 weeks before kickoff) -- genuinely unavailable, not a collector failure."
EPL2627_MW11_106_HullCity_Brighton&HoveAlbion,2026-27,11,2026-11-21,2026-11-21T15:00:00+00:00,Hull City,Brighton & Hove Albion,,1X2,,,,,,,,,,,,,,unknown,,decimal,2026-08-22T06:17:51+00:00,none_available,,False,False,unavailable,2026-08-22,"The Odds API is configured and reachable, but has not yet posted a market for this fixture (bookmakers typically open markets ~1-2 weeks before kickoff) -- genuinely unavailable, not a collector failure."
EPL2627_MW11_107_Liverpool_ManchesterUnited,2026-27,11,2026-11-21,2026-11-21T15:00:00+00:00,Liverpool,Manchester United,,1X2,,,,,,,,,,,,,,unknown,,decimal,2026-08-22T06:17:51+00:00,none_available,,False,False,unavailable,2026-08-22,"The Odds API is configured and reachable, but has not yet posted a market for this fixture (bookmakers typically open markets ~1-2 weeks before kickoff) -- genuinely unavailable, not a collector failure."
EPL2627_MW11_108_ManchesterCity_Fulham,2026-27,11,2026-11-21,2026-11-21T15:00:00+00:00,Manchester City,Fulham,,1X2,,,,,,,,,,,,,,unknown,,decimal,2026-08-22T06:17:51+00:00,none_available,,False,False,unavailable,2026-08-22,"The Odds API is configured and reachable, but has not yet posted a market for this fixture (bookmakers typically open markets ~1-2 weeks before kickoff) -- genuinely unavailable, not a collector failure."
EPL2627_MW11_109_NewcastleUnited_Arsenal,2026-27,11,2026-11-21,2026-11-21T15:00:00+00:00,Newcastle United,Arsenal,,1X2,,,,,,,,,,,,,,unknown,,decimal,2026-08-22T06:17:51+00:00,none_available,,False,False,unavailable,2026-08-22,"The Odds API is configured and reachable, but has not yet posted a market for this fixture (bookmakers typically open markets ~1-2 weeks before kickoff) -- genuinely unavailable, not a collector failure."
EPL2627_MW11_110_TottenhamHotspur_IpswichTown,2026-27,11,2026-11-21,2026-11-21T15:00:00+00:00,Tottenham Hotspur,Ipswich Town,,1X2,,,,,,,,,,,,,,unknown,,decimal,2026-08-22T06:17:51+00:00,none_available,,False,False,unavailable,2026-08-22,"The Odds API is configured and reachable, but has not yet posted a market for this fixture (bookmakers typically open markets ~1-2 weeks before kickoff) -- genuinely unavailable, not a collector failure."
EPL2627_MW12_111_Arsenal_ManchesterCity,2026-27,12,2026-11-28,2026-11-28T15:00:00+00:00,Arsenal,Manchester City,,1X2,,,,,,,,,,,,,,unknown,,decimal,2026-08-22T06:17:51+00:00,none_available,,False,False,unavailable,2026-08-22,"The Odds API is configured and reachable, but has not yet posted a market for this fixture (bookmakers typically open markets ~1-2 weeks before kickoff) -- genuinely unavailable, not a collector failure."
EPL2627_MW12_112_Brighton&HoveAlbion_NewcastleUnited,2026-27,12,2026-11-28,2026-11-28T15:00:00+00:00,Brighton & Hove Albion,Newcastle United,,1X2,,,,,,,,,,,,,,unknown,,decimal,2026-08-22T06:17:51+00:00,none_available,,False,False,unavailable,2026-08-22,"The Odds API is configured and reachable, but has not yet posted a market for this fixture (bookmakers typically open markets ~1-2 weeks before kickoff) -- genuinely unavailable, not a collector failure."
EPL2627_MW12_113_CrystalPalace_HullCity,2026-27,12,2026-11-28,2026-11-28T15:00:00+00:00,Crystal Palace,Hull City,,1X2,,,,,,,,,,,,,,unknown,,decimal,2026-08-22T06:17:51+00:00,none_available,,False,False,unavailable,2026-08-22,"The Odds API is configured and reachable, but has not yet posted a market for this fixture (bookmakers typically open markets ~1-2 weeks before kickoff) -- genuinely unavailable, not a collector failure."
EPL2627_MW12_114_Everton_Liverpool,2026-27,12,2026-11-28,2026-11-28T15:00:00+00:00,Everton,Liverpool,,1X2,,,,,,,,,,,,,,unknown,,decimal,2026-08-22T06:17:51+00:00,none_available,,False,False,unavailable,2026-08-22,"The Odds API is configured and reachable, but has not yet posted a market for this fixture (bookmakers typically open markets ~1-2 weeks before kickoff) -- genuinely unavailable, not a collector failure."
EPL2627_MW12_115_Fulham_AFCBournemouth,2026-27,12,2026-11-28,2026-11-28T15:00:00+00:00,Fulham,AFC Bournemouth,,1X2,,,,,,,,,,,,,,unknown,,decimal,2026-08-22T06:17:51+00:00,none_available,,False,False,unavailable,2026-08-22,"The Odds API is configured and reachable, but has not yet posted a market for this fixture (bookmakers typically open markets ~1-2 weeks before kickoff) -- genuinely unavailable, not a collector failure."
EPL2627_MW12_116_IpswichTown_AstonVilla,2026-27,12,2026-11-28,2026-11-28T15:00:00+00:00,Ipswich Town,Aston Villa,,1X2,,,,,,,,,,,,,,unknown,,decimal,2026-08-22T06:17:51+00:00,none_available,,False,False,unavailable,2026-08-22,"The Odds API is configured and reachable, but has not yet posted a market for this fixture (bookmakers typically open markets ~1-2 weeks before kickoff) -- genuinely unavailable, not a collector failure."
EPL2627_MW12_117_LeedsUnited_CoventryCity,2026-27,12,2026-11-28,2026-11-28T15:00:00+00:00,Leeds United,Coventry City,,1X2,,,,,,,,,,,,,,unknown,,decimal,2026-08-22T06:17:51+00:00,none_available,,False,False,unavailable,2026-08-22,"The Odds API is configured and reachable, but has not yet posted a market for this fixture (bookmakers typically open markets ~1-2 weeks before kickoff) -- genuinely unavailable, not a collector failure."
EPL2627_MW12_118_ManchesterUnited_Brentford,2026-27,12,2026-11-28,2026-11-28T15:00:00+00:00,Manchester United,Brentford,,1X2,,,,,,,,,,,,,,unknown,,decimal,2026-08-22T06:17:51+00:00,none_available,,False,False,unavailable,2026-08-22,"The Odds API is configured and reachable, but has not yet posted a market for this fixture (bookmakers typically open markets ~1-2 weeks before kickoff) -- genuinely unavailable, not a collector failure."
EPL2627_MW12_119_NottinghamForest_Chelsea,2026-27,12,2026-11-28,2026-11-28T15:00:00+00:00,Nottingham Forest,Chelsea,,1X2,,,,,,,,,,,,,,unknown,,decimal,2026-08-22T06:17:51+00:00,none_available,,False,False,unavailable,2026-08-22,"The Odds API is configured and reachable, but has not yet posted a market for this fixture (bookmakers typically open markets ~1-2 weeks before kickoff) -- genuinely unavailable, not a collector failure."
EPL2627_MW12_120_Sunderland_TottenhamHotspur,2026-27,12,2026-11-28,2026-11-28T15:00:00+00:00,Sunderland,Tottenham Hotspur,,1X2,,,,,,,,,,,,,,unknown,,decimal,2026-08-22T06:17:51+00:00,none_available,,False,False,unavailable,2026-08-22,"The Odds API is configured and reachable, but has not yet posted a market for this fixture (bookmakers typically open markets ~1-2 weeks before kickoff) -- genuinely unavailable, not a collector failure."
EPL2627_MW13_121_AFCBournemouth_Brighton&HoveAlbion,2026-27,13,2026-12-02,2026-12-02T20:00:00+00:00,AFC Bournemouth,Brighton & Hove Albion,,1X2,,,,,,,,,,,,,,unknown,,decimal,2026-08-22T06:17:51+00:00,none_available,,False,False,unavailable,2026-08-22,"The Odds API is configured and reachable, but has not yet posted a market for this fixture (bookmakers typically open markets ~1-2 weeks before kickoff) -- genuinely unavailable, not a collector failure."
EPL2627_MW13_122_AstonVilla_Everton,2026-27,13,2026-12-02,2026-12-02T20:00:00+00:00,Aston Villa,Everton,,1X2,,,,,,,,,,,,,,unknown,,decimal,2026-08-22T06:17:51+00:00,none_available,,False,False,unavailable,2026-08-22,"The Odds API is configured and reachable, but has not yet posted a market for this fixture (bookmakers typically open markets ~1-2 weeks before kickoff) -- genuinely unavailable, not a collector failure."
EPL2627_MW13_123_Brentford_Arsenal,2026-27,13,2026-12-02,2026-12-02T20:00:00+00:00,Brentford,Arsenal,,1X2,,,,,,,,,,,,,,unknown,,decimal,2026-08-22T06:17:51+00:00,none_available,,False,False,unavailable,2026-08-22,"The Odds API is configured and reachable, but has not yet posted a market for this fixture (bookmakers typically open markets ~1-2 weeks before kickoff) -- genuinely unavailable, not a collector failure."
EPL2627_MW13_124_Chelsea_CrystalPalace,2026-27,13,2026-12-02,2026-12-02T20:00:00+00:00,Chelsea,Crystal Palace,,1X2,,,,,,,,,,,,,,unknown,,decimal,2026-08-22T06:17:51+00:00,none_available,,False,False,unavailable,2026-08-22,"The Odds API is configured and reachable, but has not yet posted a market for this fixture (bookmakers typically open markets ~1-2 weeks before kickoff) -- genuinely unavailable, not a collector failure."
EPL2627_MW13_125_CoventryCity_IpswichTown,2026-27,13,2026-12-02,2026-12-02T20:00:00+00:00,Coventry City,Ipswich Town,,1X2,,,,,,,,,,,,,,unknown,,decimal,2026-08-22T06:17:51+00:00,none_available,,False,False,unavailable,2026-08-22,"The Odds API is configured and reachable, but has not yet posted a market for this fixture (bookmakers typically open markets ~1-2 weeks before kickoff) -- genuinely unavailable, not a collector failure."
EPL2627_MW13_126_HullCity_NottinghamForest,2026-27,13,2026-12-02,2026-12-02T20:00:00+00:00,Hull City,Nottingham Forest,,1X2,,,,,,,,,,,,,,unknown,,decimal,2026-08-22T06:17:51+00:00,none_available,,False,False,unavailable,2026-08-22,"The Odds API is configured and reachable, but has not yet posted a market for this fixture (bookmakers typically open markets ~1-2 weeks before kickoff) -- genuinely unavailable, not a collector failure."
EPL2627_MW13_127_Liverpool_Sunderland,2026-27,13,2026-12-02,2026-12-02T20:00:00+00:00,Liverpool,Sunderland,,1X2,,,,,,,,,,,,,,unknown,,decimal,2026-08-22T06:17:51+00:00,none_available,,False,False,unavailable,2026-08-22,"The Odds API is configured and reachable, but has not yet posted a market for this fixture (bookmakers typically open markets ~1-2 weeks before kickoff) -- genuinely unavailable, not a collector failure."
EPL2627_MW13_128_ManchesterCity_LeedsUnited,2026-27,13,2026-12-02,2026-12-02T20:00:00+00:00,Manchester City,Leeds United,,1X2,,,,,,,,,,,,,,unknown,,decimal,2026-08-22T06:17:51+00:00,none_available,,False,False,unavailable,2026-08-22,"The Odds API is configured and reachable, but has not yet posted a market for this fixture (bookmakers typically open markets ~1-2 weeks before kickoff) -- genuinely unavailable, not a collector failure."
EPL2627_MW13_129_NewcastleUnited_ManchesterUnited,2026-27,13,2026-12-02,2026-12-02T20:00:00+00:00,Newcastle United,Manchester United,,1X2,,,,,,,,,,,,,,unknown,,decimal,2026-08-22T06:17:51+00:00,none_available,,False,False,unavailable,2026-08-22,"The Odds API is configured and reachable, but has not yet posted a market for this fixture (bookmakers typically open markets ~1-2 weeks before kickoff) -- genuinely unavailable, not a collector failure."
EPL2627_MW13_130_TottenhamHotspur_Fulham,2026-27,13,2026-12-02,2026-12-02T20:00:00+00:00,Tottenham Hotspur,Fulham,,1X2,,,,,,,,,,,,,,unknown,,decimal,2026-08-22T06:17:51+00:00,none_available,,False,False,unavailable,2026-08-22,"The Odds API is configured and reachable, but has not yet posted a market for this fixture (bookmakers typically open markets ~1-2 weeks before kickoff) -- genuinely unavailable, not a collector failure."
EPL2627_MW14_131_AFCBournemouth_HullCity,2026-27,14,2026-12-05,2026-12-05T15:00:00+00:00,AFC Bournemouth,Hull City,,1X2,,,,,,,,,,,,,,unknown,,decimal,2026-08-22T06:17:51+00:00,none_available,,False,False,unavailable,2026-08-22,"The Odds API is configured and reachable, but has not yet posted a market for this fixture (bookmakers typically open markets ~1-2 weeks before kickoff) -- genuinely unavailable, not a collector failure."
EPL2627_MW14_132_AstonVilla_CrystalPalace,2026-27,14,2026-12-05,2026-12-05T15:00:00+00:00,Aston Villa,Crystal Palace,,1X2,,,,,,,,,,,,,,unknown,,decimal,2026-08-22T06:17:51+00:00,none_available,,False,False,unavailable,2026-08-22,"The Odds API is configured and reachable, but has not yet posted a market for this fixture (bookmakers typically open markets ~1-2 weeks before kickoff) -- genuinely unavailable, not a collector failure."
EPL2627_MW14_133_Brentford_ManchesterCity,2026-27,14,2026-12-05,2026-12-05T15:00:00+00:00,Brentford,Manchester City,,1X2,,,,,,,,,,,,,,unknown,,decimal,2026-08-22T06:17:51+00:00,none_available,,False,False,unavailable,2026-08-22,"The Odds API is configured and reachable, but has not yet posted a market for this fixture (bookmakers typically open markets ~1-2 weeks before kickoff) -- genuinely unavailable, not a collector failure."
EPL2627_MW14_134_Chelsea_Liverpool,2026-27,14,2026-12-05,2026-12-05T15:00:00+00:00,Chelsea,Liverpool,,1X2,,,,,,,,,,,,,,unknown,,decimal,2026-08-22T06:17:51+00:00,none_available,,False,False,unavailable,2026-08-22,"The Odds API is configured and reachable, but has not yet posted a market for this fixture (bookmakers typically open markets ~1-2 weeks before kickoff) -- genuinely unavailable, not a collector failure."
EPL2627_MW14_135_Everton_Fulham,2026-27,14,2026-12-05,2026-12-05T15:00:00+00:00,Everton,Fulham,,1X2,,,,,,,,,,,,,,unknown,,decimal,2026-08-22T06:17:51+00:00,none_available,,False,False,unavailable,2026-08-22,"The Odds API is configured and reachable, but has not yet posted a market for this fixture (bookmakers typically open markets ~1-2 weeks before kickoff) -- genuinely unavailable, not a collector failure."
EPL2627_MW14_136_LeedsUnited_IpswichTown,2026-27,14,2026-12-05,2026-12-05T15:00:00+00:00,Leeds United,Ipswich Town,,1X2,,,,,,,,,,,,,,unknown,,decimal,2026-08-22T06:17:51+00:00,none_available,,False,False,unavailable,2026-08-22,"The Odds API is configured and reachable, but has not yet posted a market for this fixture (bookmakers typically open markets ~1-2 weeks before kickoff) -- genuinely unavailable, not a collector failure."
EPL2627_MW14_137_ManchesterUnited_CoventryCity,2026-27,14,2026-12-05,2026-12-05T15:00:00+00:00,Manchester United,Coventry City,,1X2,,,,,,,,,,,,,,unknown,,decimal,2026-08-22T06:17:51+00:00,none_available,,False,False,unavailable,2026-08-22,"The Odds API is configured and reachable, but has not yet posted a market for this fixture (bookmakers typically open markets ~1-2 weeks before kickoff) -- genuinely unavailable, not a collector failure."
EPL2627_MW14_138_NewcastleUnited_Sunderland,2026-27,14,2026-12-05,2026-12-05T15:00:00+00:00,Newcastle United,Sunderland,,1X2,,,,,,,,,,,,,,unknown,,decimal,2026-08-22T06:17:51+00:00,none_available,,False,False,unavailable,2026-08-22,"The Odds API is configured and reachable, but has not yet posted a market for this fixture (bookmakers typically open markets ~1-2 weeks before kickoff) -- genuinely unavailable, not a collector failure."
EPL2627_MW14_139_NottinghamForest_Brighton&HoveAlbion,2026-27,14,2026-12-05,2026-12-05T15:00:00+00:00,Nottingham Forest,Brighton & Hove Albion,,1X2,,,,,,,,,,,,,,unknown,,decimal,2026-08-22T06:17:51+00:00,none_available,,False,False,unavailable,2026-08-22,"The Odds API is configured and reachable, but has not yet posted a market for this fixture (bookmakers typically open markets ~1-2 weeks before kickoff) -- genuinely unavailable, not a collector failure."
EPL2627_MW14_140_TottenhamHotspur_Arsenal,2026-27,14,2026-12-05,2026-12-05T15:00:00+00:00,Tottenham Hotspur,Arsenal,,1X2,,,,,,,,,,,,,,unknown,,decimal,2026-08-22T06:17:51+00:00,none_available,,False,False,unavailable,2026-08-22,"The Odds API is configured and reachable, but has not yet posted a market for this fixture (bookmakers typically open markets ~1-2 weeks before kickoff) -- genuinely unavailable, not a collector failure."
EPL2627_MW15_141_Arsenal_AFCBournemouth,2026-27,15,2026-12-12,2026-12-12T15:00:00+00:00,Arsenal,AFC Bournemouth,,1X2,,,,,,,,,,,,,,unknown,,decimal,2026-08-22T06:17:51+00:00,none_available,,False,False,unavailable,2026-08-22,"The Odds API is configured and reachable, but has not yet posted a market for this fixture (bookmakers typically open markets ~1-2 weeks before kickoff) -- genuinely unavailable, not a collector failure."
EPL2627_MW15_142_Brighton&HoveAlbion_Everton,2026-27,15,2026-12-12,2026-12-12T15:00:00+00:00,Brighton & Hove Albion,Everton,,1X2,,,,,,,,,,,,,,unknown,,decimal,2026-08-22T06:17:51+00:00,none_available,,False,False,unavailable,2026-08-22,"The Odds API is configured and reachable, but has not yet posted a market for this fixture (bookmakers typically open markets ~1-2 weeks before kickoff) -- genuinely unavailable, not a collector failure."
EPL2627_MW15_143_CoventryCity_AstonVilla,2026-27,15,2026-12-12,2026-12-12T15:00:00+00:00,Coventry City,Aston Villa,,1X2,,,,,,,,,,,,,,unknown,,decimal,2026-08-22T06:17:51+00:00,none_available,,False,False,unavailable,2026-08-22,"The Odds API is configured and reachable, but has not yet posted a market for this fixture (bookmakers typically open markets ~1-2 weeks before kickoff) -- genuinely unavailable, not a collector failure."
EPL2627_MW15_144_CrystalPalace_ManchesterUnited,2026-27,15,2026-12-12,2026-12-12T15:00:00+00:00,Crystal Palace,Manchester United,,1X2,,,,,,,,,,,,,,unknown,,decimal,2026-08-22T06:17:51+00:00,none_available,,False,False,unavailable,2026-08-22,"The Odds API is configured and reachable, but has not yet posted a market for this fixture (bookmakers typically open markets ~1-2 weeks before kickoff) -- genuinely unavailable, not a collector failure."
EPL2627_MW15_145_Fulham_Brentford,2026-27,15,2026-12-12,2026-12-12T15:00:00+00:00,Fulham,Brentford,,1X2,,,,,,,,,,,,,,unknown,,decimal,2026-08-22T06:17:51+00:00,none_available,,False,False,unavailable,2026-08-22,"The Odds API is configured and reachable, but has not yet posted a market for this fixture (bookmakers typically open markets ~1-2 weeks before kickoff) -- genuinely unavailable, not a collector failure."
EPL2627_MW15_146_HullCity_TottenhamHotspur,2026-27,15,2026-12-12,2026-12-12T15:00:00+00:00,Hull City,Tottenham Hotspur,,1X2,,,,,,,,,,,,,,unknown,,decimal,2026-08-22T06:17:51+00:00,none_available,,False,False,unavailable,2026-08-22,"The Odds API is configured and reachable, but has not yet posted a market for this fixture (bookmakers typically open markets ~1-2 weeks before kickoff) -- genuinely unavailable, not a collector failure."
EPL2627_MW15_147_IpswichTown_NewcastleUnited,2026-27,15,2026-12-12,2026-12-12T15:00:00+00:00,Ipswich Town,Newcastle United,,1X2,,,,,,,,,,,,,,unknown,,decimal,2026-08-22T06:17:51+00:00,none_available,,False,False,unavailable,2026-08-22,"The Odds API is configured and reachable, but has not yet posted a market for this fixture (bookmakers typically open markets ~1-2 weeks before kickoff) -- genuinely unavailable, not a collector failure."
EPL2627_MW15_148_Liverpool_LeedsUnited,2026-27,15,2026-12-12,2026-12-12T15:00:00+00:00,Liverpool,Leeds United,,1X2,,,,,,,,,,,,,,unknown,,decimal,2026-08-22T06:17:51+00:00,none_available,,False,False,unavailable,2026-08-22,"The Odds API is configured and reachable, but has not yet posted a market for this fixture (bookmakers typically open markets ~1-2 weeks before kickoff) -- genuinely unavailable, not a collector failure."
EPL2627_MW15_149_ManchesterCity_Chelsea,2026-27,15,2026-12-12,2026-12-12T15:00:00+00:00,Manchester City,Chelsea,,1X2,,,,,,,,,,,,,,unknown,,decimal,2026-08-22T06:17:51+00:00,none_available,,False,False,unavailable,2026-08-22,"The Odds API is configured and reachable, but has not yet posted a market for this fixture (bookmakers typically open markets ~1-2 weeks before kickoff) -- genuinely unavailable, not a collector failure."
EPL2627_MW15_150_Sunderland_NottinghamForest,2026-27,15,2026-12-12,2026-12-12T15:00:00+00:00,Sunderland,Nottingham Forest,,1X2,,,,,,,,,,,,,,unknown,,decimal,2026-08-22T06:17:51+00:00,none_available,,False,False,unavailable,2026-08-22,"The Odds API is configured and reachable, but has not yet posted a market for this fixture (bookmakers typically open markets ~1-2 weeks before kickoff) -- genuinely unavailable, not a collector failure."
EPL2627_MW16_151_AFCBournemouth_CoventryCity,2026-27,16,2026-12-19,2026-12-19T15:00:00+00:00,AFC Bournemouth,Coventry City,,1X2,,,,,,,,,,,,,,unknown,,decimal,2026-08-22T06:17:51+00:00,none_available,,False,False,unavailable,2026-08-22,"The Odds API is configured and reachable, but has not yet posted a market for this fixture (bookmakers typically open markets ~1-2 weeks before kickoff) -- genuinely unavailable, not a collector failure."
EPL2627_MW16_152_Arsenal_ManchesterUnited,2026-27,16,2026-12-19,2026-12-19T15:00:00+00:00,Arsenal,Manchester United,,1X2,,,,,,,,,,,,,,unknown,,decimal,2026-08-22T06:17:51+00:00,none_available,,False,False,unavailable,2026-08-22,"The Odds API is configured and reachable, but has not yet posted a market for this fixture (bookmakers typically open markets ~1-2 weeks before kickoff) -- genuinely unavailable, not a collector failure."
EPL2627_MW16_153_Brentford_NewcastleUnited,2026-27,16,2026-12-19,2026-12-19T15:00:00+00:00,Brentford,Newcastle United,,1X2,,,,,,,,,,,,,,unknown,,decimal,2026-08-22T06:17:51+00:00,none_available,,False,False,unavailable,2026-08-22,"The Odds API is configured and reachable, but has not yet posted a market for this fixture (bookmakers typically open markets ~1-2 weeks before kickoff) -- genuinely unavailable, not a collector failure."
EPL2627_MW16_154_Brighton&HoveAlbion_IpswichTown,2026-27,16,2026-12-19,2026-12-19T15:00:00+00:00,Brighton & Hove Albion,Ipswich Town,,1X2,,,,,,,,,,,,,,unknown,,decimal,2026-08-22T06:17:51+00:00,none_available,,False,False,unavailable,2026-08-22,"The Odds API is configured and reachable, but has not yet posted a market for this fixture (bookmakers typically open markets ~1-2 weeks before kickoff) -- genuinely unavailable, not a collector failure."
EPL2627_MW16_155_Chelsea_AstonVilla,2026-27,16,2026-12-19,2026-12-19T15:00:00+00:00,Chelsea,Aston Villa,,1X2,,,,,,,,,,,,,,unknown,,decimal,2026-08-22T06:17:51+00:00,none_available,,False,False,unavailable,2026-08-22,"The Odds API is configured and reachable, but has not yet posted a market for this fixture (bookmakers typically open markets ~1-2 weeks before kickoff) -- genuinely unavailable, not a collector failure."
EPL2627_MW16_156_LeedsUnited_Fulham,2026-27,16,2026-12-19,2026-12-19T15:00:00+00:00,Leeds United,Fulham,,1X2,,,,,,,,,,,,,,unknown,,decimal,2026-08-22T06:17:51+00:00,none_available,,False,False,unavailable,2026-08-22,"The Odds API is configured and reachable, but has not yet posted a market for this fixture (bookmakers typically open markets ~1-2 weeks before kickoff) -- genuinely unavailable, not a collector failure."
EPL2627_MW16_157_Liverpool_TottenhamHotspur,2026-27,16,2026-12-19,2026-12-19T15:00:00+00:00,Liverpool,Tottenham Hotspur,,1X2,,,,,,,,,,,,,,unknown,,decimal,2026-08-22T06:17:51+00:00,none_available,,False,False,unavailable,2026-08-22,"The Odds API is configured and reachable, but has not yet posted a market for this fixture (bookmakers typically open markets ~1-2 weeks before kickoff) -- genuinely unavailable, not a collector failure."
EPL2627_MW16_158_ManchesterCity_HullCity,2026-27,16,2026-12-19,2026-12-19T15:00:00+00:00,Manchester City,Hull City,,1X2,,,,,,,,,,,,,,unknown,,decimal,2026-08-22T06:17:51+00:00,none_available,,False,False,unavailable,2026-08-22,"The Odds API is configured and reachable, but has not yet posted a market for this fixture (bookmakers typically open markets ~1-2 weeks before kickoff) -- genuinely unavailable, not a collector failure."
EPL2627_MW16_159_NottinghamForest_Everton,2026-27,16,2026-12-19,2026-12-19T15:00:00+00:00,Nottingham Forest,Everton,,1X2,,,,,,,,,,,,,,unknown,,decimal,2026-08-22T06:17:51+00:00,none_available,,False,False,unavailable,2026-08-22,"The Odds API is configured and reachable, but has not yet posted a market for this fixture (bookmakers typically open markets ~1-2 weeks before kickoff) -- genuinely unavailable, not a collector failure."
EPL2627_MW16_160_Sunderland_CrystalPalace,2026-27,16,2026-12-19,2026-12-19T15:00:00+00:00,Sunderland,Crystal Palace,,1X2,,,,,,,,,,,,,,unknown,,decimal,2026-08-22T06:17:51+00:00,none_available,,False,False,unavailable,2026-08-22,"The Odds API is configured and reachable, but has not yet posted a market for this fixture (bookmakers typically open markets ~1-2 weeks before kickoff) -- genuinely unavailable, not a collector failure."
EPL2627_MW17_161_AstonVilla_LeedsUnited,2026-27,17,2026-12-26,2026-12-26T15:00:00+00:00,Aston Villa,Leeds United,,1X2,,,,,,,,,,,,,,unknown,,decimal,2026-08-22T06:17:51+00:00,none_available,,False,False,unavailable,2026-08-22,"The Odds API is configured and reachable, but has not yet posted a market for this fixture (bookmakers typically open markets ~1-2 weeks before kickoff) -- genuinely unavailable, not a collector failure."
EPL2627_MW17_162_CoventryCity_Chelsea,2026-27,17,2026-12-26,2026-12-26T15:00:00+00:00,Coventry City,Chelsea,,1X2,,,,,,,,,,,,,,unknown,,decimal,2026-08-22T06:17:51+00:00,none_available,,False,False,unavailable,2026-08-22,"The Odds API is configured and reachable, but has not yet posted a market for this fixture (bookmakers typically open markets ~1-2 weeks before kickoff) -- genuinely unavailable, not a collector failure."
EPL2627_MW17_163_CrystalPalace_Arsenal,2026-27,17,2026-12-26,2026-12-26T15:00:00+00:00,Crystal Palace,Arsenal,,1X2,,,,,,,,,,,,,,unknown,,decimal,2026-08-22T06:17:51+00:00,none_available,,False,False,unavailable,2026-08-22,"The Odds API is configured and reachable, but has not yet posted a market for this fixture (bookmakers typically open markets ~1-2 weeks before kickoff) -- genuinely unavailable, not a collector failure."
EPL2627_MW17_164_Everton_Sunderland,2026-27,17,2026-12-26,2026-12-26T15:00:00+00:00,Everton,Sunderland,,1X2,,,,,,,,,,,,,,unknown,,decimal,2026-08-22T06:17:51+00:00,none_available,,False,False,unavailable,2026-08-22,"The Odds API is configured and reachable, but has not yet posted a market for this fixture (bookmakers typically open markets ~1-2 weeks before kickoff) -- genuinely unavailable, not a collector failure."
EPL2627_MW17_165_Fulham_Brighton&HoveAlbion,2026-27,17,2026-12-26,2026-12-26T15:00:00+00:00,Fulham,Brighton & Hove Albion,,1X2,,,,,,,,,,,,,,unknown,,decimal,2026-08-22T06:17:51+00:00,none_available,,False,False,unavailable,2026-08-22,"The Odds API is configured and reachable, but has not yet posted a market for this fixture (bookmakers typically open markets ~1-2 weeks before kickoff) -- genuinely unavailable, not a collector failure."
EPL2627_MW17_166_HullCity_Liverpool,2026-27,17,2026-12-26,2026-12-26T15:00:00+00:00,Hull City,Liverpool,,1X2,,,,,,,,,,,,,,unknown,,decimal,2026-08-22T06:17:51+00:00,none_available,,False,False,unavailable,2026-08-22,"The Odds API is configured and reachable, but has not yet posted a market for this fixture (bookmakers typically open markets ~1-2 weeks before kickoff) -- genuinely unavailable, not a collector failure."
EPL2627_MW17_167_IpswichTown_Brentford,2026-27,17,2026-12-26,2026-12-26T15:00:00+00:00,Ipswich Town,Brentford,,1X2,,,,,,,,,,,,,,unknown,,decimal,2026-08-22T06:17:51+00:00,none_available,,False,False,unavailable,2026-08-22,"The Odds API is configured and reachable, but has not yet posted a market for this fixture (bookmakers typically open markets ~1-2 weeks before kickoff) -- genuinely unavailable, not a collector failure."
EPL2627_MW17_168_ManchesterUnited_NottinghamForest,2026-27,17,2026-12-26,2026-12-26T15:00:00+00:00,Manchester United,Nottingham Forest,,1X2,,,,,,,,,,,,,,unknown,,decimal,2026-08-22T06:17:51+00:00,none_available,,False,False,unavailable,2026-08-22,"The Odds API is configured and reachable, but has not yet posted a market for this fixture (bookmakers typically open markets ~1-2 weeks before kickoff) -- genuinely unavailable, not a collector failure."
EPL2627_MW17_169_NewcastleUnited_ManchesterCity,2026-27,17,2026-12-26,2026-12-26T15:00:00+00:00,Newcastle United,Manchester City,,1X2,,,,,,,,,,,,,,unknown,,decimal,2026-08-22T06:17:51+00:00,none_available,,False,False,unavailable,2026-08-22,"The Odds API is configured and reachable, but has not yet posted a market for this fixture (bookmakers typically open markets ~1-2 weeks before kickoff) -- genuinely unavailable, not a collector failure."
EPL2627_MW17_170_TottenhamHotspur_AFCBournemouth,2026-27,17,2026-12-26,2026-12-26T15:00:00+00:00,Tottenham Hotspur,AFC Bournemouth,,1X2,,,,,,,,,,,,,,unknown,,decimal,2026-08-22T06:17:51+00:00,none_available,,False,False,unavailable,2026-08-22,"The Odds API is configured and reachable, but has not yet posted a market for this fixture (bookmakers typically open markets ~1-2 weeks before kickoff) -- genuinely unavailable, not a collector failure."
EPL2627_MW18_171_AstonVilla_Liverpool,2026-27,18,2026-12-30,2026-12-30T20:00:00+00:00,Aston Villa,Liverpool,,1X2,,,,,,,,,,,,,,unknown,,decimal,2026-08-22T06:17:51+00:00,none_available,,False,False,unavailable,2026-08-22,"The Odds API is configured and reachable, but has not yet posted a market for this fixture (bookmakers typically open markets ~1-2 weeks before kickoff) -- genuinely unavailable, not a collector failure."
EPL2627_MW18_172_CoventryCity_Brentford,2026-27,18,2026-12-30,2026-12-30T20:00:00+00:00,Coventry City,Brentford,,1X2,,,,,,,,,,,,,,unknown,,decimal,2026-08-22T06:17:51+00:00,none_available,,False,False,unavailable,2026-08-22,"The Odds API is configured and reachable, but has not yet posted a market for this fixture (bookmakers typically open markets ~1-2 weeks before kickoff) -- genuinely unavailable, not a collector failure."
EPL2627_MW18_173_CrystalPalace_AFCBournemouth,2026-27,18,2026-12-30,2026-12-30T20:00:00+00:00,Crystal Palace,AFC Bournemouth,,1X2,,,,,,,,,,,,,,unknown,,decimal,2026-08-22T06:17:51+00:00,none_available,,False,False,unavailable,2026-08-22,"The Odds API is configured and reachable, but has not yet posted a market for this fixture (bookmakers typically open markets ~1-2 weeks before kickoff) -- genuinely unavailable, not a collector failure."
EPL2627_MW18_174_Everton_ManchesterCity,2026-27,18,2026-12-30,2026-12-30T20:00:00+00:00,Everton,Manchester City,,1X2,,,,,,,,,,,,,,unknown,,decimal,2026-08-22T06:17:51+00:00,none_available,,False,False,unavailable,2026-08-22,"The Odds API is configured and reachable, but has not yet posted a market for this fixture (bookmakers typically open markets ~1-2 weeks before kickoff) -- genuinely unavailable, not a collector failure."
EPL2627_MW18_175_Fulham_Arsenal,2026-27,18,2026-12-30,2026-12-30T20:00:00+00:00,Fulham,Arsenal,,1X2,,,,,,,,,,,,,,unknown,,decimal,2026-08-22T06:17:51+00:00,none_available,,False,False,unavailable,2026-08-22,"The Odds API is configured and reachable, but has not yet posted a market for this fixture (bookmakers typically open markets ~1-2 weeks before kickoff) -- genuinely unavailable, not a collector failure."
EPL2627_MW18_176_HullCity_LeedsUnited,2026-27,18,2026-12-30,2026-12-30T20:00:00+00:00,Hull City,Leeds United,,1X2,,,,,,,,,,,,,,unknown,,decimal,2026-08-22T06:17:51+00:00,none_available,,False,False,unavailable,2026-08-22,"The Odds API is configured and reachable, but has not yet posted a market for this fixture (bookmakers typically open markets ~1-2 weeks before kickoff) -- genuinely unavailable, not a collector failure."
EPL2627_MW18_177_IpswichTown_Chelsea,2026-27,18,2026-12-30,2026-12-30T20:00:00+00:00,Ipswich Town,Chelsea,,1X2,,,,,,,,,,,,,,unknown,,decimal,2026-08-22T06:17:51+00:00,none_available,,False,False,unavailable,2026-08-22,"The Odds API is configured and reachable, but has not yet posted a market for this fixture (bookmakers typically open markets ~1-2 weeks before kickoff) -- genuinely unavailable, not a collector failure."
EPL2627_MW18_178_ManchesterUnited_Sunderland,2026-27,18,2026-12-30,2026-12-30T20:00:00+00:00,Manchester United,Sunderland,,1X2,,,,,,,,,,,,,,unknown,,decimal,2026-08-22T06:17:51+00:00,none_available,,False,False,unavailable,2026-08-22,"The Odds API is configured and reachable, but has not yet posted a market for this fixture (bookmakers typically open markets ~1-2 weeks before kickoff) -- genuinely unavailable, not a collector failure."
EPL2627_MW18_179_NewcastleUnited_NottinghamForest,2026-27,18,2026-12-30,2026-12-30T20:00:00+00:00,Newcastle United,Nottingham Forest,,1X2,,,,,,,,,,,,,,unknown,,decimal,2026-08-22T06:17:51+00:00,none_available,,False,False,unavailable,2026-08-22,"The Odds API is configured and reachable, but has not yet posted a market for this fixture (bookmakers typically open markets ~1-2 weeks before kickoff) -- genuinely unavailable, not a collector failure."
EPL2627_MW18_180_TottenhamHotspur_Brighton&HoveAlbion,2026-27,18,2026-12-30,2026-12-30T20:00:00+00:00,Tottenham Hotspur,Brighton & Hove Albion,,1X2,,,,,,,,,,,,,,unknown,,decimal,2026-08-22T06:17:51+00:00,none_available,,False,False,unavailable,2026-08-22,"The Odds API is configured and reachable, but has not yet posted a market for this fixture (bookmakers typically open markets ~1-2 weeks before kickoff) -- genuinely unavailable, not a collector failure."
EPL2627_MW19_181_AFCBournemouth_AstonVilla,2026-27,19,2027-01-02,2027-01-02T15:00:00+00:00,AFC Bournemouth,Aston Villa,,1X2,,,,,,,,,,,,,,unknown,,decimal,2026-08-22T06:17:51+00:00,none_available,,False,False,unavailable,2026-08-22,"The Odds API is configured and reachable, but has not yet posted a market for this fixture (bookmakers typically open markets ~1-2 weeks before kickoff) -- genuinely unavailable, not a collector failure."
EPL2627_MW19_182_Arsenal_IpswichTown,2026-27,19,2027-01-02,2027-01-02T15:00:00+00:00,Arsenal,Ipswich Town,,1X2,,,,,,,,,,,,,,unknown,,decimal,2026-08-22T06:17:51+00:00,none_available,,False,False,unavailable,2026-08-22,"The Odds API is configured and reachable, but has not yet posted a market for this fixture (bookmakers typically open markets ~1-2 weeks before kickoff) -- genuinely unavailable, not a collector failure."
EPL2627_MW19_183_Brentford_CrystalPalace,2026-27,19,2027-01-02,2027-01-02T15:00:00+00:00,Brentford,Crystal Palace,,1X2,,,,,,,,,,,,,,unknown,,decimal,2026-08-22T06:17:51+00:00,none_available,,False,False,unavailable,2026-08-22,"The Odds API is configured and reachable, but has not yet posted a market for this fixture (bookmakers typically open markets ~1-2 weeks before kickoff) -- genuinely unavailable, not a collector failure."
EPL2627_MW19_184_Brighton&HoveAlbion_ManchesterUnited,2026-27,19,2027-01-02,2027-01-02T15:00:00+00:00,Brighton & Hove Albion,Manchester United,,1X2,,,,,,,,,,,,,,unknown,,decimal,2026-08-22T06:17:51+00:00,none_available,,False,False,unavailable,2026-08-22,"The Odds API is configured and reachable, but has not yet posted a market for this fixture (bookmakers typically open markets ~1-2 weeks before kickoff) -- genuinely unavailable, not a collector failure."
EPL2627_MW19_185_Chelsea_NewcastleUnited,2026-27,19,2027-01-02,2027-01-02T15:00:00+00:00,Chelsea,Newcastle United,,1X2,,,,,,,,,,,,,,unknown,,decimal,2026-08-22T06:17:51+00:00,none_available,,False,False,unavailable,2026-08-22,"The Odds API is configured and reachable, but has not yet posted a market for this fixture (bookmakers typically open markets ~1-2 weeks before kickoff) -- genuinely unavailable, not a collector failure."
EPL2627_MW19_186_LeedsUnited_Everton,2026-27,19,2027-01-02,2027-01-02T15:00:00+00:00,Leeds United,Everton,,1X2,,,,,,,,,,,,,,unknown,,decimal,2026-08-22T06:17:51+00:00,none_available,,False,False,unavailable,2026-08-22,"The Odds API is configured and reachable, but has not yet posted a market for this fixture (bookmakers typically open markets ~1-2 weeks before kickoff) -- genuinely unavailable, not a collector failure."
EPL2627_MW19_187_Liverpool_CoventryCity,2026-27,19,2027-01-02,2027-01-02T15:00:00+00:00,Liverpool,Coventry City,,1X2,,,,,,,,,,,,,,unknown,,decimal,2026-08-22T06:17:51+00:00,none_available,,False,False,unavailable,2026-08-22,"The Odds API is configured and reachable, but has not yet posted a market for this fixture (bookmakers typically open markets ~1-2 weeks before kickoff) -- genuinely unavailable, not a collector failure."
EPL2627_MW19_188_ManchesterCity_TottenhamHotspur,2026-27,19,2027-01-02,2027-01-02T15:00:00+00:00,Manchester City,Tottenham Hotspur,,1X2,,,,,,,,,,,,,,unknown,,decimal,2026-08-22T06:17:51+00:00,none_available,,False,False,unavailable,2026-08-22,"The Odds API is configured and reachable, but has not yet posted a market for this fixture (bookmakers typically open markets ~1-2 weeks before kickoff) -- genuinely unavailable, not a collector failure."
EPL2627_MW19_189_NottinghamForest_Fulham,2026-27,19,2027-01-02,2027-01-02T15:00:00+00:00,Nottingham Forest,Fulham,,1X2,,,,,,,,,,,,,,unknown,,decimal,2026-08-22T06:17:51+00:00,none_available,,False,False,unavailable,2026-08-22,"The Odds API is configured and reachable, but has not yet posted a market for this fixture (bookmakers typically open markets ~1-2 weeks before kickoff) -- genuinely unavailable, not a collector failure."
EPL2627_MW19_190_Sunderland_HullCity,2026-27,19,2027-01-02,2027-01-02T15:00:00+00:00,Sunderland,Hull City,,1X2,,,,,,,,,,,,,,unknown,,decimal,2026-08-22T06:17:51+00:00,none_available,,False,False,unavailable,2026-08-22,"The Odds API is configured and reachable, but has not yet posted a market for this fixture (bookmakers typically open markets ~1-2 weeks before kickoff) -- genuinely unavailable, not a collector failure."
EPL2627_MW20_191_Arsenal_Brentford,2026-27,20,2027-01-06,2027-01-06T20:00:00+00:00,Arsenal,Brentford,,1X2,,,,,,,,,,,,,,unknown,,decimal,2026-08-22T06:17:51+00:00,none_available,,False,False,unavailable,2026-08-22,"The Odds API is configured and reachable, but has not yet posted a market for this fixture (bookmakers typically open markets ~1-2 weeks before kickoff) -- genuinely unavailable, not a collector failure."
EPL2627_MW20_192_Brighton&HoveAlbion_AFCBournemouth,2026-27,20,2027-01-06,2027-01-06T20:00:00+00:00,Brighton & Hove Albion,AFC Bournemouth,,1X2,,,,,,,,,,,,,,unknown,,decimal,2026-08-22T06:17:51+00:00,none_available,,False,False,unavailable,2026-08-22,"The Odds API is configured and reachable, but has not yet posted a market for this fixture (bookmakers typically open markets ~1-2 weeks before kickoff) -- genuinely unavailable, not a collector failure."
EPL2627_MW20_193_CrystalPalace_Chelsea,2026-27,20,2027-01-06,2027-01-06T20:00:00+00:00,Crystal Palace,Chelsea,,1X2,,,,,,,,,,,,,,unknown,,decimal,2026-08-22T06:17:51+00:00,none_available,,False,False,unavailable,2026-08-22,"The Odds API is configured and reachable, but has not yet posted a market for this fixture (bookmakers typically open markets ~1-2 weeks before kickoff) -- genuinely unavailable, not a collector failure."
EPL2627_MW20_194_Everton_AstonVilla,2026-27,20,2027-01-06,2027-01-06T20:00:00+00:00,Everton,Aston Villa,,1X2,,,,,,,,,,,,,,unknown,,decimal,2026-08-22T06:17:51+00:00,none_available,,False,False,unavailable,2026-08-22,"The Odds API is configured and reachable, but has not yet posted a market for this fixture (bookmakers typically open markets ~1-2 weeks before kickoff) -- genuinely unavailable, not a collector failure."
EPL2627_MW20_195_Fulham_TottenhamHotspur,2026-27,20,2027-01-06,2027-01-06T20:00:00+00:00,Fulham,Tottenham Hotspur,,1X2,,,,,,,,,,,,,,unknown,,decimal,2026-08-22T06:17:51+00:00,none_available,,False,False,unavailable,2026-08-22,"The Odds API is configured and reachable, but has not yet posted a market for this fixture (bookmakers typically open markets ~1-2 weeks before kickoff) -- genuinely unavailable, not a collector failure."
EPL2627_MW20_196_IpswichTown_CoventryCity,2026-27,20,2027-01-06,2027-01-06T20:00:00+00:00,Ipswich Town,Coventry City,,1X2,,,,,,,,,,,,,,unknown,,decimal,2026-08-22T06:17:51+00:00,none_available,,False,False,unavailable,2026-08-22,"The Odds API is configured and reachable, but has not yet posted a market for this fixture (bookmakers typically open markets ~1-2 weeks before kickoff) -- genuinely unavailable, not a collector failure."
EPL2627_MW20_197_LeedsUnited_ManchesterCity,2026-27,20,2027-01-06,2027-01-06T20:00:00+00:00,Leeds United,Manchester City,,1X2,,,,,,,,,,,,,,unknown,,decimal,2026-08-22T06:17:51+00:00,none_available,,False,False,unavailable,2026-08-22,"The Odds API is configured and reachable, but has not yet posted a market for this fixture (bookmakers typically open markets ~1-2 weeks before kickoff) -- genuinely unavailable, not a collector failure."
EPL2627_MW20_198_ManchesterUnited_NewcastleUnited,2026-27,20,2027-01-06,2027-01-06T20:00:00+00:00,Manchester United,Newcastle United,,1X2,,,,,,,,,,,,,,unknown,,decimal,2026-08-22T06:17:51+00:00,none_available,,False,False,unavailable,2026-08-22,"The Odds API is configured and reachable, but has not yet posted a market for this fixture (bookmakers typically open markets ~1-2 weeks before kickoff) -- genuinely unavailable, not a collector failure."
EPL2627_MW20_199_NottinghamForest_HullCity,2026-27,20,2027-01-06,2027-01-06T20:00:00+00:00,Nottingham Forest,Hull City,,1X2,,,,,,,,,,,,,,unknown,,decimal,2026-08-22T06:17:51+00:00,none_available,,False,False,unavailable,2026-08-22,"The Odds API is configured and reachable, but has not yet posted a market for this fixture (bookmakers typically open markets ~1-2 weeks before kickoff) -- genuinely unavailable, not a collector failure."
EPL2627_MW20_200_Sunderland_Liverpool,2026-27,20,2027-01-06,2027-01-06T20:00:00+00:00,Sunderland,Liverpool,,1X2,,,,,,,,,,,,,,unknown,,decimal,2026-08-22T06:17:51+00:00,none_available,,False,False,unavailable,2026-08-22,"The Odds API is configured and reachable, but has not yet posted a market for this fixture (bookmakers typically open markets ~1-2 weeks before kickoff) -- genuinely unavailable, not a collector failure."
EPL2627_MW21_201_AFCBournemouth_IpswichTown,2026-27,21,2027-01-16,2027-01-16T15:00:00+00:00,AFC Bournemouth,Ipswich Town,,1X2,,,,,,,,,,,,,,unknown,,decimal,2026-08-22T06:17:51+00:00,none_available,,False,False,unavailable,2026-08-22,"The Odds API is configured and reachable, but has not yet posted a market for this fixture (bookmakers typically open markets ~1-2 weeks before kickoff) -- genuinely unavailable, not a collector failure."
EPL2627_MW21_202_AstonVilla_ManchesterUnited,2026-27,21,2027-01-16,2027-01-16T15:00:00+00:00,Aston Villa,Manchester United,,1X2,,,,,,,,,,,,,,unknown,,decimal,2026-08-22T06:17:51+00:00,none_available,,False,False,unavailable,2026-08-22,"The Odds API is configured and reachable, but has not yet posted a market for this fixture (bookmakers typically open markets ~1-2 weeks before kickoff) -- genuinely unavailable, not a collector failure."
EPL2627_MW21_203_Brentford_Brighton&HoveAlbion,2026-27,21,2027-01-16,2027-01-16T15:00:00+00:00,Brentford,Brighton & Hove Albion,,1X2,,,,,,,,,,,,,,unknown,,decimal,2026-08-22T06:17:51+00:00,none_available,,False,False,unavailable,2026-08-22,"The Odds API is configured and reachable, but has not yet posted a market for this fixture (bookmakers typically open markets ~1-2 weeks before kickoff) -- genuinely unavailable, not a collector failure."
EPL2627_MW21_204_Chelsea_Sunderland,2026-27,21,2027-01-16,2027-01-16T15:00:00+00:00,Chelsea,Sunderland,,1X2,,,,,,,,,,,,,,unknown,,decimal,2026-08-22T06:17:51+00:00,none_available,,False,False,unavailable,2026-08-22,"The Odds API is configured and reachable, but has not yet posted a market for this fixture (bookmakers typically open markets ~1-2 weeks before kickoff) -- genuinely unavailable, not a collector failure."
EPL2627_MW21_205_CoventryCity_Everton,2026-27,21,2027-01-16,2027-01-16T15:00:00+00:00,Coventry City,Everton,,1X2,,,,,,,,,,,,,,unknown,,decimal,2026-08-22T06:17:51+00:00,none_available,,False,False,unavailable,2026-08-22,"The Odds API is configured and reachable, but has not yet posted a market for this fixture (bookmakers typically open markets ~1-2 weeks before kickoff) -- genuinely unavailable, not a collector failure."
EPL2627_MW21_206_HullCity_Arsenal,2026-27,21,2027-01-16,2027-01-16T15:00:00+00:00,Hull City,Arsenal,,1X2,,,,,,,,,,,,,,unknown,,decimal,2026-08-22T06:17:51+00:00,none_available,,False,False,unavailable,2026-08-22,"The Odds API is configured and reachable, but has not yet posted a market for this fixture (bookmakers typically open markets ~1-2 weeks before kickoff) -- genuinely unavailable, not a collector failure."
EPL2627_MW21_207_Liverpool_CrystalPalace,2026-27,21,2027-01-16,2027-01-16T15:00:00+00:00,Liverpool,Crystal Palace,,1X2,,,,,,,,,,,,,,unknown,,decimal,2026-08-22T06:17:51+00:00,none_available,,False,False,unavailable,2026-08-22,"The Odds API is configured and reachable, but has not yet posted a market for this fixture (bookmakers typically open markets ~1-2 weeks before kickoff) -- genuinely unavailable, not a collector failure."
EPL2627_MW21_208_ManchesterCity_NottinghamForest,2026-27,21,2027-01-16,2027-01-16T15:00:00+00:00,Manchester City,Nottingham Forest,,1X2,,,,,,,,,,,,,,unknown,,decimal,2026-08-22T06:17:51+00:00,none_available,,False,False,unavailable,2026-08-22,"The Odds API is configured and reachable, but has not yet posted a market for this fixture (bookmakers typically open markets ~1-2 weeks before kickoff) -- genuinely unavailable, not a collector failure."
EPL2627_MW21_209_NewcastleUnited_Fulham,2026-27,21,2027-01-16,2027-01-16T15:00:00+00:00,Newcastle United,Fulham,,1X2,,,,,,,,,,,,,,unknown,,decimal,2026-08-22T06:17:51+00:00,none_available,,False,False,unavailable,2026-08-22,"The Odds API is configured and reachable, but has not yet posted a market for this fixture (bookmakers typically open markets ~1-2 weeks before kickoff) -- genuinely unavailable, not a collector failure."
EPL2627_MW21_210_TottenhamHotspur_LeedsUnited,2026-27,21,2027-01-16,2027-01-16T15:00:00+00:00,Tottenham Hotspur,Leeds United,,1X2,,,,,,,,,,,,,,unknown,,decimal,2026-08-22T06:17:51+00:00,none_available,,False,False,unavailable,2026-08-22,"The Odds API is configured and reachable, but has not yet posted a market for this fixture (bookmakers typically open markets ~1-2 weeks before kickoff) -- genuinely unavailable, not a collector failure."
EPL2627_MW22_211_Arsenal_NewcastleUnited,2026-27,22,2027-01-23,2027-01-23T15:00:00+00:00,Arsenal,Newcastle United,,1X2,,,,,,,,,,,,,,unknown,,decimal,2026-08-22T06:17:51+00:00,none_available,,False,False,unavailable,2026-08-22,"The Odds API is configured and reachable, but has not yet posted a market for this fixture (bookmakers typically open markets ~1-2 weeks before kickoff) -- genuinely unavailable, not a collector failure."
EPL2627_MW22_212_Brighton&HoveAlbion_ManchesterCity,2026-27,22,2027-01-23,2027-01-23T15:00:00+00:00,Brighton & Hove Albion,Manchester City,,1X2,,,,,,,,,,,,,,unknown,,decimal,2026-08-22T06:17:51+00:00,none_available,,False,False,unavailable,2026-08-22,"The Odds API is configured and reachable, but has not yet posted a market for this fixture (bookmakers typically open markets ~1-2 weeks before kickoff) -- genuinely unavailable, not a collector failure."
EPL2627_MW22_213_CrystalPalace_TottenhamHotspur,2026-27,22,2027-01-23,2027-01-23T15:00:00+00:00,Crystal Palace,Tottenham Hotspur,,1X2,,,,,,,,,,,,,,unknown,,decimal,2026-08-22T06:17:51+00:00,none_available,,False,False,unavailable,2026-08-22,"The Odds API is configured and reachable, but has not yet posted a market for this fixture (bookmakers typically open markets ~1-2 weeks before kickoff) -- genuinely unavailable, not a collector failure."
EPL2627_MW22_214_Everton_Brentford,2026-27,22,2027-01-23,2027-01-23T15:00:00+00:00,Everton,Brentford,,1X2,,,,,,,,,,,,,,unknown,,decimal,2026-08-22T06:17:51+00:00,none_available,,False,False,unavailable,2026-08-22,"The Odds API is configured and reachable, but has not yet posted a market for this fixture (bookmakers typically open markets ~1-2 weeks before kickoff) -- genuinely unavailable, not a collector failure."
EPL2627_MW22_215_Fulham_AstonVilla,2026-27,22,2027-01-23,2027-01-23T15:00:00+00:00,Fulham,Aston Villa,,1X2,,,,,,,,,,,,,,unknown,,decimal,2026-08-22T06:17:51+00:00,none_available,,False,False,unavailable,2026-08-22,"The Odds API is configured and reachable, but has not yet posted a market for this fixture (bookmakers typically open markets ~1-2 weeks before kickoff) -- genuinely unavailable, not a collector failure."
EPL2627_MW22_216_IpswichTown_HullCity,2026-27,22,2027-01-23,2027-01-23T15:00:00+00:00,Ipswich Town,Hull City,,1X2,,,,,,,,,,,,,,unknown,,decimal,2026-08-22T06:17:51+00:00,none_available,,False,False,unavailable,2026-08-22,"The Odds API is configured and reachable, but has not yet posted a market for this fixture (bookmakers typically open markets ~1-2 weeks before kickoff) -- genuinely unavailable, not a collector failure."
EPL2627_MW22_217_LeedsUnited_Chelsea,2026-27,22,2027-01-23,2027-01-23T15:00:00+00:00,Leeds United,Chelsea,,1X2,,,,,,,,,,,,,,unknown,,decimal,2026-08-22T06:17:51+00:00,none_available,,False,False,unavailable,2026-08-22,"The Odds API is configured and reachable, but has not yet posted a market for this fixture (bookmakers typically open markets ~1-2 weeks before kickoff) -- genuinely unavailable, not a collector failure."
EPL2627_MW22_218_ManchesterUnited_Liverpool,2026-27,22,2027-01-23,2027-01-23T15:00:00+00:00,Manchester United,Liverpool,,1X2,,,,,,,,,,,,,,unknown,,decimal,2026-08-22T06:17:51+00:00,none_available,,False,False,unavailable,2026-08-22,"The Odds API is configured and reachable, but has not yet posted a market for this fixture (bookmakers typically open markets ~1-2 weeks before kickoff) -- genuinely unavailable, not a collector failure."
EPL2627_MW22_219_NottinghamForest_AFCBournemouth,2026-27,22,2027-01-23,2027-01-23T15:00:00+00:00,Nottingham Forest,AFC Bournemouth,,1X2,,,,,,,,,,,,,,unknown,,decimal,2026-08-22T06:17:51+00:00,none_available,,False,False,unavailable,2026-08-22,"The Odds API is configured and reachable, but has not yet posted a market for this fixture (bookmakers typically open markets ~1-2 weeks before kickoff) -- genuinely unavailable, not a collector failure."
EPL2627_MW22_220_Sunderland_CoventryCity,2026-27,22,2027-01-23,2027-01-23T15:00:00+00:00,Sunderland,Coventry City,,1X2,,,,,,,,,,,,,,unknown,,decimal,2026-08-22T06:17:51+00:00,none_available,,False,False,unavailable,2026-08-22,"The Odds API is configured and reachable, but has not yet posted a market for this fixture (bookmakers typically open markets ~1-2 weeks before kickoff) -- genuinely unavailable, not a collector failure."
EPL2627_MW23_221_AFCBournemouth_Fulham,2026-27,23,2027-01-30,2027-01-30T15:00:00+00:00,AFC Bournemouth,Fulham,,1X2,,,,,,,,,,,,,,unknown,,decimal,2026-08-22T06:17:51+00:00,none_available,,False,False,unavailable,2026-08-22,"The Odds API is configured and reachable, but has not yet posted a market for this fixture (bookmakers typically open markets ~1-2 weeks before kickoff) -- genuinely unavailable, not a collector failure."
EPL2627_MW23_222_AstonVilla_IpswichTown,2026-27,23,2027-01-30,2027-01-30T15:00:00+00:00,Aston Villa,Ipswich Town,,1X2,,,,,,,,,,,,,,unknown,,decimal,2026-08-22T06:17:51+00:00,none_available,,False,False,unavailable,2026-08-22,"The Odds API is configured and reachable, but has not yet posted a market for this fixture (bookmakers typically open markets ~1-2 weeks before kickoff) -- genuinely unavailable, not a collector failure."
EPL2627_MW23_223_Brentford_ManchesterUnited,2026-27,23,2027-01-30,2027-01-30T15:00:00+00:00,Brentford,Manchester United,,1X2,,,,,,,,,,,,,,unknown,,decimal,2026-08-22T06:17:51+00:00,none_available,,False,False,unavailable,2026-08-22,"The Odds API is configured and reachable, but has not yet posted a market for this fixture (bookmakers typically open markets ~1-2 weeks before kickoff) -- genuinely unavailable, not a collector failure."
EPL2627_MW23_224_Chelsea_NottinghamForest,2026-27,23,2027-01-30,2027-01-30T15:00:00+00:00,Chelsea,Nottingham Forest,,1X2,,,,,,,,,,,,,,unknown,,decimal,2026-08-22T06:17:51+00:00,none_available,,False,False,unavailable,2026-08-22,"The Odds API is configured and reachable, but has not yet posted a market for this fixture (bookmakers typically open markets ~1-2 weeks before kickoff) -- genuinely unavailable, not a collector failure."
EPL2627_MW23_225_CoventryCity_LeedsUnited,2026-27,23,2027-01-30,2027-01-30T15:00:00+00:00,Coventry City,Leeds United,,1X2,,,,,,,,,,,,,,unknown,,decimal,2026-08-22T06:17:51+00:00,none_available,,False,False,unavailable,2026-08-22,"The Odds API is configured and reachable, but has not yet posted a market for this fixture (bookmakers typically open markets ~1-2 weeks before kickoff) -- genuinely unavailable, not a collector failure."
EPL2627_MW23_226_HullCity_CrystalPalace,2026-27,23,2027-01-30,2027-01-30T15:00:00+00:00,Hull City,Crystal Palace,,1X2,,,,,,,,,,,,,,unknown,,decimal,2026-08-22T06:17:51+00:00,none_available,,False,False,unavailable,2026-08-22,"The Odds API is configured and reachable, but has not yet posted a market for this fixture (bookmakers typically open markets ~1-2 weeks before kickoff) -- genuinely unavailable, not a collector failure."
EPL2627_MW23_227_Liverpool_Everton,2026-27,23,2027-01-30,2027-01-30T15:00:00+00:00,Liverpool,Everton,,1X2,,,,,,,,,,,,,,unknown,,decimal,2026-08-22T06:17:51+00:00,none_available,,False,False,unavailable,2026-08-22,"The Odds API is configured and reachable, but has not yet posted a market for this fixture (bookmakers typically open markets ~1-2 weeks before kickoff) -- genuinely unavailable, not a collector failure."
EPL2627_MW23_228_ManchesterCity_Arsenal,2026-27,23,2027-01-30,2027-01-30T15:00:00+00:00,Manchester City,Arsenal,,1X2,,,,,,,,,,,,,,unknown,,decimal,2026-08-22T06:17:51+00:00,none_available,,False,False,unavailable,2026-08-22,"The Odds API is configured and reachable, but has not yet posted a market for this fixture (bookmakers typically open markets ~1-2 weeks before kickoff) -- genuinely unavailable, not a collector failure."
EPL2627_MW23_229_NewcastleUnited_Brighton&HoveAlbion,2026-27,23,2027-01-30,2027-01-30T15:00:00+00:00,Newcastle United,Brighton & Hove Albion,,1X2,,,,,,,,,,,,,,unknown,,decimal,2026-08-22T06:17:51+00:00,none_available,,False,False,unavailable,2026-08-22,"The Odds API is configured and reachable, but has not yet posted a market for this fixture (bookmakers typically open markets ~1-2 weeks before kickoff) -- genuinely unavailable, not a collector failure."
EPL2627_MW23_230_TottenhamHotspur_Sunderland,2026-27,23,2027-01-30,2027-01-30T15:00:00+00:00,Tottenham Hotspur,Sunderland,,1X2,,,,,,,,,,,,,,unknown,,decimal,2026-08-22T06:17:51+00:00,none_available,,False,False,unavailable,2026-08-22,"The Odds API is configured and reachable, but has not yet posted a market for this fixture (bookmakers typically open markets ~1-2 weeks before kickoff) -- genuinely unavailable, not a collector failure."
EPL2627_MW24_231_Arsenal_Liverpool,2026-27,24,2027-02-06,2027-02-06T15:00:00+00:00,Arsenal,Liverpool,,1X2,,,,,,,,,,,,,,unknown,,decimal,2026-08-22T06:17:51+00:00,none_available,,False,False,unavailable,2026-08-22,"The Odds API is configured and reachable, but has not yet posted a market for this fixture (bookmakers typically open markets ~1-2 weeks before kickoff) -- genuinely unavailable, not a collector failure."
EPL2627_MW24_232_Brighton&HoveAlbion_HullCity,2026-27,24,2027-02-06,2027-02-06T15:00:00+00:00,Brighton & Hove Albion,Hull City,,1X2,,,,,,,,,,,,,,unknown,,decimal,2026-08-22T06:17:51+00:00,none_available,,False,False,unavailable,2026-08-22,"The Odds API is configured and reachable, but has not yet posted a market for this fixture (bookmakers typically open markets ~1-2 weeks before kickoff) -- genuinely unavailable, not a collector failure."
EPL2627_MW24_233_CrystalPalace_CoventryCity,2026-27,24,2027-02-06,2027-02-06T15:00:00+00:00,Crystal Palace,Coventry City,,1X2,,,,,,,,,,,,,,unknown,,decimal,2026-08-22T06:17:51+00:00,none_available,,False,False,unavailable,2026-08-22,"The Odds API is configured and reachable, but has not yet posted a market for this fixture (bookmakers typically open markets ~1-2 weeks before kickoff) -- genuinely unavailable, not a collector failure."
EPL2627_MW24_234_Everton_NewcastleUnited,2026-27,24,2027-02-06,2027-02-06T15:00:00+00:00,Everton,Newcastle United,,1X2,,,,,,,,,,,,,,unknown,,decimal,2026-08-22T06:17:51+00:00,none_available,,False,False,unavailable,2026-08-22,"The Odds API is configured and reachable, but has not yet posted a market for this fixture (bookmakers typically open markets ~1-2 weeks before kickoff) -- genuinely unavailable, not a collector failure."
EPL2627_MW24_235_Fulham_ManchesterCity,2026-27,24,2027-02-06,2027-02-06T15:00:00+00:00,Fulham,Manchester City,,1X2,,,,,,,,,,,,,,unknown,,decimal,2026-08-22T06:17:51+00:00,none_available,,False,False,unavailable,2026-08-22,"The Odds API is configured and reachable, but has not yet posted a market for this fixture (bookmakers typically open markets ~1-2 weeks before kickoff) -- genuinely unavailable, not a collector failure."
EPL2627_MW24_236_IpswichTown_TottenhamHotspur,2026-27,24,2027-02-06,2027-02-06T15:00:00+00:00,Ipswich Town,Tottenham Hotspur,,1X2,,,,,,,,,,,,,,unknown,,decimal,2026-08-22T06:17:51+00:00,none_available,,False,False,unavailable,2026-08-22,"The Odds API is configured and reachable, but has not yet posted a market for this fixture (bookmakers typically open markets ~1-2 weeks before kickoff) -- genuinely unavailable, not a collector failure."
EPL2627_MW24_237_LeedsUnited_AFCBournemouth,2026-27,24,2027-02-06,2027-02-06T15:00:00+00:00,Leeds United,AFC Bournemouth,,1X2,,,,,,,,,,,,,,unknown,,decimal,2026-08-22T06:17:51+00:00,none_available,,False,False,unavailable,2026-08-22,"The Odds API is configured and reachable, but has not yet posted a market for this fixture (bookmakers typically open markets ~1-2 weeks before kickoff) -- genuinely unavailable, not a collector failure."
EPL2627_MW24_238_ManchesterUnited_Chelsea,2026-27,24,2027-02-06,2027-02-06T15:00:00+00:00,Manchester United,Chelsea,,1X2,,,,,,,,,,,,,,unknown,,decimal,2026-08-22T06:17:51+00:00,none_available,,False,False,unavailable,2026-08-22,"The Odds API is configured and reachable, but has not yet posted a market for this fixture (bookmakers typically open markets ~1-2 weeks before kickoff) -- genuinely unavailable, not a collector failure."
EPL2627_MW24_239_NottinghamForest_Brentford,2026-27,24,2027-02-06,2027-02-06T15:00:00+00:00,Nottingham Forest,Brentford,,1X2,,,,,,,,,,,,,,unknown,,decimal,2026-08-22T06:17:51+00:00,none_available,,False,False,unavailable,2026-08-22,"The Odds API is configured and reachable, but has not yet posted a market for this fixture (bookmakers typically open markets ~1-2 weeks before kickoff) -- genuinely unavailable, not a collector failure."
EPL2627_MW24_240_Sunderland_AstonVilla,2026-27,24,2027-02-06,2027-02-06T15:00:00+00:00,Sunderland,Aston Villa,,1X2,,,,,,,,,,,,,,unknown,,decimal,2026-08-22T06:17:51+00:00,none_available,,False,False,unavailable,2026-08-22,"The Odds API is configured and reachable, but has not yet posted a market for this fixture (bookmakers typically open markets ~1-2 weeks before kickoff) -- genuinely unavailable, not a collector failure."
EPL2627_MW25_241_AstonVilla_AFCBournemouth,2026-27,25,2027-02-10,2027-02-10T20:00:00+00:00,Aston Villa,AFC Bournemouth,,1X2,,,,,,,,,,,,,,unknown,,decimal,2026-08-22T06:17:51+00:00,none_available,,False,False,unavailable,2026-08-22,"The Odds API is configured and reachable, but has not yet posted a market for this fixture (bookmakers typically open markets ~1-2 weeks before kickoff) -- genuinely unavailable, not a collector failure."
EPL2627_MW25_242_CoventryCity_Liverpool,2026-27,25,2027-02-10,2027-02-10T20:00:00+00:00,Coventry City,Liverpool,,1X2,,,,,,,,,,,,,,unknown,,decimal,2026-08-22T06:17:51+00:00,none_available,,False,False,unavailable,2026-08-22,"The Odds API is configured and reachable, but has not yet posted a market for this fixture (bookmakers typically open markets ~1-2 weeks before kickoff) -- genuinely unavailable, not a collector failure."
EPL2627_MW25_243_CrystalPalace_Brentford,2026-27,25,2027-02-10,2027-02-10T20:00:00+00:00,Crystal Palace,Brentford,,1X2,,,,,,,,,,,,,,unknown,,decimal,2026-08-22T06:17:51+00:00,none_available,,False,False,unavailable,2026-08-22,"The Odds API is configured and reachable, but has not yet posted a market for this fixture (bookmakers typically open markets ~1-2 weeks before kickoff) -- genuinely unavailable, not a collector failure."
EPL2627_MW25_244_Everton_LeedsUnited,2026-27,25,2027-02-10,2027-02-10T20:00:00+00:00,Everton,Leeds United,,1X2,,,,,,,,,,,,,,unknown,,decimal,2026-08-22T06:17:51+00:00,none_available,,False,False,unavailable,2026-08-22,"The Odds API is configured and reachable, but has not yet posted a market for this fixture (bookmakers typically open markets ~1-2 weeks before kickoff) -- genuinely unavailable, not a collector failure."
EPL2627_MW25_245_Fulham_NottinghamForest,2026-27,25,2027-02-10,2027-02-10T20:00:00+00:00,Fulham,Nottingham Forest,,1X2,,,,,,,,,,,,,,unknown,,decimal,2026-08-22T06:17:51+00:00,none_available,,False,False,unavailable,2026-08-22,"The Odds API is configured and reachable, but has not yet posted a market for this fixture (bookmakers typically open markets ~1-2 weeks before kickoff) -- genuinely unavailable, not a collector failure."
EPL2627_MW25_246_HullCity_Sunderland,2026-27,25,2027-02-10,2027-02-10T20:00:00+00:00,Hull City,Sunderland,,1X2,,,,,,,,,,,,,,unknown,,decimal,2026-08-22T06:17:51+00:00,none_available,,False,False,unavailable,2026-08-22,"The Odds API is configured and reachable, but has not yet posted a market for this fixture (bookmakers typically open markets ~1-2 weeks before kickoff) -- genuinely unavailable, not a collector failure."
EPL2627_MW25_247_IpswichTown_Arsenal,2026-27,25,2027-02-10,2027-02-10T20:00:00+00:00,Ipswich Town,Arsenal,,1X2,,,,,,,,,,,,,,unknown,,decimal,2026-08-22T06:17:51+00:00,none_available,,False,False,unavailable,2026-08-22,"The Odds API is configured and reachable, but has not yet posted a market for this fixture (bookmakers typically open markets ~1-2 weeks before kickoff) -- genuinely unavailable, not a collector failure."
EPL2627_MW25_248_ManchesterUnited_Brighton&HoveAlbion,2026-27,25,2027-02-10,2027-02-10T20:00:00+00:00,Manchester United,Brighton & Hove Albion,,1X2,,,,,,,,,,,,,,unknown,,decimal,2026-08-22T06:17:51+00:00,none_available,,False,False,unavailable,2026-08-22,"The Odds API is configured and reachable, but has not yet posted a market for this fixture (bookmakers typically open markets ~1-2 weeks before kickoff) -- genuinely unavailable, not a collector failure."
EPL2627_MW25_249_NewcastleUnited_Chelsea,2026-27,25,2027-02-10,2027-02-10T20:00:00+00:00,Newcastle United,Chelsea,,1X2,,,,,,,,,,,,,,unknown,,decimal,2026-08-22T06:17:51+00:00,none_available,,False,False,unavailable,2026-08-22,"The Odds API is configured and reachable, but has not yet posted a market for this fixture (bookmakers typically open markets ~1-2 weeks before kickoff) -- genuinely unavailable, not a collector failure."
EPL2627_MW25_250_TottenhamHotspur_ManchesterCity,2026-27,25,2027-02-10,2027-02-10T20:00:00+00:00,Tottenham Hotspur,Manchester City,,1X2,,,,,,,,,,,,,,unknown,,decimal,2026-08-22T06:17:51+00:00,none_available,,False,False,unavailable,2026-08-22,"The Odds API is configured and reachable, but has not yet posted a market for this fixture (bookmakers typically open markets ~1-2 weeks before kickoff) -- genuinely unavailable, not a collector failure."
EPL2627_MW26_251_AFCBournemouth_CrystalPalace,2026-27,26,2027-02-20,2027-02-20T15:00:00+00:00,AFC Bournemouth,Crystal Palace,,1X2,,,,,,,,,,,,,,unknown,,decimal,2026-08-22T06:17:51+00:00,none_available,,False,False,unavailable,2026-08-22,"The Odds API is configured and reachable, but has not yet posted a market for this fixture (bookmakers typically open markets ~1-2 weeks before kickoff) -- genuinely unavailable, not a collector failure."
EPL2627_MW26_252_Arsenal_Fulham,2026-27,26,2027-02-20,2027-02-20T15:00:00+00:00,Arsenal,Fulham,,1X2,,,,,,,,,,,,,,unknown,,decimal,2026-08-22T06:17:51+00:00,none_available,,False,False,unavailable,2026-08-22,"The Odds API is configured and reachable, but has not yet posted a market for this fixture (bookmakers typically open markets ~1-2 weeks before kickoff) -- genuinely unavailable, not a collector failure."
EPL2627_MW26_253_Brentford_CoventryCity,2026-27,26,2027-02-20,2027-02-20T15:00:00+00:00,Brentford,Coventry City,,1X2,,,,,,,,,,,,,,unknown,,decimal,2026-08-22T06:17:51+00:00,none_available,,False,False,unavailable,2026-08-22,"The Odds API is configured and reachable, but has not yet posted a market for this fixture (bookmakers typically open markets ~1-2 weeks before kickoff) -- genuinely unavailable, not a collector failure."
EPL2627_MW26_254_Brighton&HoveAlbion_TottenhamHotspur,2026-27,26,2027-02-20,2027-02-20T15:00:00+00:00,Brighton & Hove Albion,Tottenham Hotspur,,1X2,,,,,,,,,,,,,,unknown,,decimal,2026-08-22T06:17:51+00:00,none_available,,False,False,unavailable,2026-08-22,"The Odds API is configured and reachable, but has not yet posted a market for this fixture (bookmakers typically open markets ~1-2 weeks before kickoff) -- genuinely unavailable, not a collector failure."
EPL2627_MW26_255_Chelsea_IpswichTown,2026-27,26,2027-02-20,2027-02-20T15:00:00+00:00,Chelsea,Ipswich Town,,1X2,,,,,,,,,,,,,,unknown,,decimal,2026-08-22T06:17:51+00:00,none_available,,False,False,unavailable,2026-08-22,"The Odds API is configured and reachable, but has not yet posted a market for this fixture (bookmakers typically open markets ~1-2 weeks before kickoff) -- genuinely unavailable, not a collector failure."
EPL2627_MW26_256_LeedsUnited_AstonVilla,2026-27,26,2027-02-20,2027-02-20T15:00:00+00:00,Leeds United,Aston Villa,,1X2,,,,,,,,,,,,,,unknown,,decimal,2026-08-22T06:17:51+00:00,none_available,,False,False,unavailable,2026-08-22,"The Odds API is configured and reachable, but has not yet posted a market for this fixture (bookmakers typically open markets ~1-2 weeks before kickoff) -- genuinely unavailable, not a collector failure."
EPL2627_MW26_257_Liverpool_HullCity,2026-27,26,2027-02-20,2027-02-20T15:00:00+00:00,Liverpool,Hull City,,1X2,,,,,,,,,,,,,,unknown,,decimal,2026-08-22T06:17:51+00:00,none_available,,False,False,unavailable,2026-08-22,"The Odds API is configured and reachable, but has not yet posted a market for this fixture (bookmakers typically open markets ~1-2 weeks before kickoff) -- genuinely unavailable, not a collector failure."
EPL2627_MW26_258_ManchesterCity_NewcastleUnited,2026-27,26,2027-02-20,2027-02-20T15:00:00+00:00,Manchester City,Newcastle United,,1X2,,,,,,,,,,,,,,unknown,,decimal,2026-08-22T06:17:51+00:00,none_available,,False,False,unavailable,2026-08-22,"The Odds API is configured and reachable, but has not yet posted a market for this fixture (bookmakers typically open markets ~1-2 weeks before kickoff) -- genuinely unavailable, not a collector failure."
EPL2627_MW26_259_NottinghamForest_ManchesterUnited,2026-27,26,2027-02-20,2027-02-20T15:00:00+00:00,Nottingham Forest,Manchester United,,1X2,,,,,,,,,,,,,,unknown,,decimal,2026-08-22T06:17:51+00:00,none_available,,False,False,unavailable,2026-08-22,"The Odds API is configured and reachable, but has not yet posted a market for this fixture (bookmakers typically open markets ~1-2 weeks before kickoff) -- genuinely unavailable, not a collector failure."
EPL2627_MW26_260_Sunderland_Everton,2026-27,26,2027-02-20,2027-02-20T15:00:00+00:00,Sunderland,Everton,,1X2,,,,,,,,,,,,,,unknown,,decimal,2026-08-22T06:17:51+00:00,none_available,,False,False,unavailable,2026-08-22,"The Odds API is configured and reachable, but has not yet posted a market for this fixture (bookmakers typically open markets ~1-2 weeks before kickoff) -- genuinely unavailable, not a collector failure."
EPL2627_MW27_261_AstonVilla_Chelsea,2026-27,27,2027-02-27,2027-02-27T15:00:00+00:00,Aston Villa,Chelsea,,1X2,,,,,,,,,,,,,,unknown,,decimal,2026-08-22T06:17:51+00:00,none_available,,False,False,unavailable,2026-08-22,"The Odds API is configured and reachable, but has not yet posted a market for this fixture (bookmakers typically open markets ~1-2 weeks before kickoff) -- genuinely unavailable, not a collector failure."
EPL2627_MW27_262_CoventryCity_AFCBournemouth,2026-27,27,2027-02-27,2027-02-27T15:00:00+00:00,Coventry City,AFC Bournemouth,,1X2,,,,,,,,,,,,,,unknown,,decimal,2026-08-22T06:17:51+00:00,none_available,,False,False,unavailable,2026-08-22,"The Odds API is configured and reachable, but has not yet posted a market for this fixture (bookmakers typically open markets ~1-2 weeks before kickoff) -- genuinely unavailable, not a collector failure."
EPL2627_MW27_263_CrystalPalace_Sunderland,2026-27,27,2027-02-27,2027-02-27T15:00:00+00:00,Crystal Palace,Sunderland,,1X2,,,,,,,,,,,,,,unknown,,decimal,2026-08-22T06:17:51+00:00,none_available,,False,False,unavailable,2026-08-22,"The Odds API is configured and reachable, but has not yet posted a market for this fixture (bookmakers typically open markets ~1-2 weeks before kickoff) -- genuinely unavailable, not a collector failure."
EPL2627_MW27_264_Everton_NottinghamForest,2026-27,27,2027-02-27,2027-02-27T15:00:00+00:00,Everton,Nottingham Forest,,1X2,,,,,,,,,,,,,,unknown,,decimal,2026-08-22T06:17:51+00:00,none_available,,False,False,unavailable,2026-08-22,"The Odds API is configured and reachable, but has not yet posted a market for this fixture (bookmakers typically open markets ~1-2 weeks before kickoff) -- genuinely unavailable, not a collector failure."
EPL2627_MW27_265_Fulham_LeedsUnited,2026-27,27,2027-02-27,2027-02-27T15:00:00+00:00,Fulham,Leeds United,,1X2,,,,,,,,,,,,,,unknown,,decimal,2026-08-22T06:17:51+00:00,none_available,,False,False,unavailable,2026-08-22,"The Odds API is configured and reachable, but has not yet posted a market for this fixture (bookmakers typically open markets ~1-2 weeks before kickoff) -- genuinely unavailable, not a collector failure."
EPL2627_MW27_266_HullCity_ManchesterCity,2026-27,27,2027-02-27,2027-02-27T15:00:00+00:00,Hull City,Manchester City,,1X2,,,,,,,,,,,,,,unknown,,decimal,2026-08-22T06:17:51+00:00,none_available,,False,False,unavailable,2026-08-22,"The Odds API is configured and reachable, but has not yet posted a market for this fixture (bookmakers typically open markets ~1-2 weeks before kickoff) -- genuinely unavailable, not a collector failure."
EPL2627_MW27_267_IpswichTown_Brighton&HoveAlbion,2026-27,27,2027-02-27,2027-02-27T15:00:00+00:00,Ipswich Town,Brighton & Hove Albion,,1X2,,,,,,,,,,,,,,unknown,,decimal,2026-08-22T06:17:51+00:00,none_available,,False,False,unavailable,2026-08-22,"The Odds API is configured and reachable, but has not yet posted a market for this fixture (bookmakers typically open markets ~1-2 weeks before kickoff) -- genuinely unavailable, not a collector failure."
EPL2627_MW27_268_ManchesterUnited_Arsenal,2026-27,27,2027-02-27,2027-02-27T15:00:00+00:00,Manchester United,Arsenal,,1X2,,,,,,,,,,,,,,unknown,,decimal,2026-08-22T06:17:51+00:00,none_available,,False,False,unavailable,2026-08-22,"The Odds API is configured and reachable, but has not yet posted a market for this fixture (bookmakers typically open markets ~1-2 weeks before kickoff) -- genuinely unavailable, not a collector failure."
EPL2627_MW27_269_NewcastleUnited_Brentford,2026-27,27,2027-02-27,2027-02-27T15:00:00+00:00,Newcastle United,Brentford,,1X2,,,,,,,,,,,,,,unknown,,decimal,2026-08-22T06:17:51+00:00,none_available,,False,False,unavailable,2026-08-22,"The Odds API is configured and reachable, but has not yet posted a market for this fixture (bookmakers typically open markets ~1-2 weeks before kickoff) -- genuinely unavailable, not a collector failure."
EPL2627_MW27_270_TottenhamHotspur_Liverpool,2026-27,27,2027-02-27,2027-02-27T15:00:00+00:00,Tottenham Hotspur,Liverpool,,1X2,,,,,,,,,,,,,,unknown,,decimal,2026-08-22T06:17:51+00:00,none_available,,False,False,unavailable,2026-08-22,"The Odds API is configured and reachable, but has not yet posted a market for this fixture (bookmakers typically open markets ~1-2 weeks before kickoff) -- genuinely unavailable, not a collector failure."
EPL2627_MW28_271_AFCBournemouth_TottenhamHotspur,2026-27,28,2027-03-03,2027-03-03T20:00:00+00:00,AFC Bournemouth,Tottenham Hotspur,,1X2,,,,,,,,,,,,,,unknown,,decimal,2026-08-22T06:17:51+00:00,none_available,,False,False,unavailable,2026-08-22,"The Odds API is configured and reachable, but has not yet posted a market for this fixture (bookmakers typically open markets ~1-2 weeks before kickoff) -- genuinely unavailable, not a collector failure."
EPL2627_MW28_272_Arsenal_CrystalPalace,2026-27,28,2027-03-03,2027-03-03T20:00:00+00:00,Arsenal,Crystal Palace,,1X2,,,,,,,,,,,,,,unknown,,decimal,2026-08-22T06:17:51+00:00,none_available,,False,False,unavailable,2026-08-22,"The Odds API is configured and reachable, but has not yet posted a market for this fixture (bookmakers typically open markets ~1-2 weeks before kickoff) -- genuinely unavailable, not a collector failure."
EPL2627_MW28_273_Brentford_IpswichTown,2026-27,28,2027-03-03,2027-03-03T20:00:00+00:00,Brentford,Ipswich Town,,1X2,,,,,,,,,,,,,,unknown,,decimal,2026-08-22T06:17:51+00:00,none_available,,False,False,unavailable,2026-08-22,"The Odds API is configured and reachable, but has not yet posted a market for this fixture (bookmakers typically open markets ~1-2 weeks before kickoff) -- genuinely unavailable, not a collector failure."
EPL2627_MW28_274_Brighton&HoveAlbion_Fulham,2026-27,28,2027-03-03,2027-03-03T20:00:00+00:00,Brighton & Hove Albion,Fulham,,1X2,,,,,,,,,,,,,,unknown,,decimal,2026-08-22T06:17:51+00:00,none_available,,False,False,unavailable,2026-08-22,"The Odds API is configured and reachable, but has not yet posted a market for this fixture (bookmakers typically open markets ~1-2 weeks before kickoff) -- genuinely unavailable, not a collector failure."
EPL2627_MW28_275_Chelsea_CoventryCity,2026-27,28,2027-03-03,2027-03-03T20:00:00+00:00,Chelsea,Coventry City,,1X2,,,,,,,,,,,,,,unknown,,decimal,2026-08-22T06:17:51+00:00,none_available,,False,False,unavailable,2026-08-22,"The Odds API is configured and reachable, but has not yet posted a market for this fixture (bookmakers typically open markets ~1-2 weeks before kickoff) -- genuinely unavailable, not a collector failure."
EPL2627_MW28_276_LeedsUnited_HullCity,2026-27,28,2027-03-03,2027-03-03T20:00:00+00:00,Leeds United,Hull City,,1X2,,,,,,,,,,,,,,unknown,,decimal,2026-08-22T06:17:51+00:00,none_available,,False,False,unavailable,2026-08-22,"The Odds API is configured and reachable, but has not yet posted a market for this fixture (bookmakers typically open markets ~1-2 weeks before kickoff) -- genuinely unavailable, not a collector failure."
EPL2627_MW28_277_Liverpool_AstonVilla,2026-27,28,2027-03-03,2027-03-03T20:00:00+00:00,Liverpool,Aston Villa,,1X2,,,,,,,,,,,,,,unknown,,decimal,2026-08-22T06:17:51+00:00,none_available,,False,False,unavailable,2026-08-22,"The Odds API is configured and reachable, but has not yet posted a market for this fixture (bookmakers typically open markets ~1-2 weeks before kickoff) -- genuinely unavailable, not a collector failure."
EPL2627_MW28_278_ManchesterCity_Everton,2026-27,28,2027-03-03,2027-03-03T20:00:00+00:00,Manchester City,Everton,,1X2,,,,,,,,,,,,,,unknown,,decimal,2026-08-22T06:17:51+00:00,none_available,,False,False,unavailable,2026-08-22,"The Odds API is configured and reachable, but has not yet posted a market for this fixture (bookmakers typically open markets ~1-2 weeks before kickoff) -- genuinely unavailable, not a collector failure."
EPL2627_MW28_279_NottinghamForest_NewcastleUnited,2026-27,28,2027-03-03,2027-03-03T20:00:00+00:00,Nottingham Forest,Newcastle United,,1X2,,,,,,,,,,,,,,unknown,,decimal,2026-08-22T06:17:51+00:00,none_available,,False,False,unavailable,2026-08-22,"The Odds API is configured and reachable, but has not yet posted a market for this fixture (bookmakers typically open markets ~1-2 weeks before kickoff) -- genuinely unavailable, not a collector failure."
EPL2627_MW28_280_Sunderland_ManchesterUnited,2026-27,28,2027-03-03,2027-03-03T20:00:00+00:00,Sunderland,Manchester United,,1X2,,,,,,,,,,,,,,unknown,,decimal,2026-08-22T06:17:51+00:00,none_available,,False,False,unavailable,2026-08-22,"The Odds API is configured and reachable, but has not yet posted a market for this fixture (bookmakers typically open markets ~1-2 weeks before kickoff) -- genuinely unavailable, not a collector failure."
EPL2627_MW29_281_AFCBournemouth_NewcastleUnited,2026-27,29,2027-03-13,2027-03-13T15:00:00+00:00,AFC Bournemouth,Newcastle United,,1X2,,,,,,,,,,,,,,unknown,,decimal,2026-08-22T06:17:51+00:00,none_available,,False,False,unavailable,2026-08-22,"The Odds API is configured and reachable, but has not yet posted a market for this fixture (bookmakers typically open markets ~1-2 weeks before kickoff) -- genuinely unavailable, not a collector failure."
EPL2627_MW29_282_AstonVilla_HullCity,2026-27,29,2027-03-13,2027-03-13T15:00:00+00:00,Aston Villa,Hull City,,1X2,,,,,,,,,,,,,,unknown,,decimal,2026-08-22T06:17:51+00:00,none_available,,False,False,unavailable,2026-08-22,"The Odds API is configured and reachable, but has not yet posted a market for this fixture (bookmakers typically open markets ~1-2 weeks before kickoff) -- genuinely unavailable, not a collector failure."
EPL2627_MW29_283_Chelsea_Arsenal,2026-27,29,2027-03-13,2027-03-13T15:00:00+00:00,Chelsea,Arsenal,,1X2,,,,,,,,,,,,,,unknown,,decimal,2026-08-22T06:17:51+00:00,none_available,,False,False,unavailable,2026-08-22,"The Odds API is configured and reachable, but has not yet posted a market for this fixture (bookmakers typically open markets ~1-2 weeks before kickoff) -- genuinely unavailable, not a collector failure."
EPL2627_MW29_284_CoventryCity_ManchesterCity,2026-27,29,2027-03-13,2027-03-13T15:00:00+00:00,Coventry City,Manchester City,,1X2,,,,,,,,,,,,,,unknown,,decimal,2026-08-22T06:17:51+00:00,none_available,,False,False,unavailable,2026-08-22,"The Odds API is configured and reachable, but has not yet posted a market for this fixture (bookmakers typically open markets ~1-2 weeks before kickoff) -- genuinely unavailable, not a collector failure."
EPL2627_MW29_285_CrystalPalace_Fulham,2026-27,29,2027-03-13,2027-03-13T15:00:00+00:00,Crystal Palace,Fulham,,1X2,,,,,,,,,,,,,,unknown,,decimal,2026-08-22T06:17:51+00:00,none_available,,False,False,unavailable,2026-08-22,"The Odds API is configured and reachable, but has not yet posted a market for this fixture (bookmakers typically open markets ~1-2 weeks before kickoff) -- genuinely unavailable, not a collector failure."
EPL2627_MW29_286_LeedsUnited_Brighton&HoveAlbion,2026-27,29,2027-03-13,2027-03-13T15:00:00+00:00,Leeds United,Brighton & Hove Albion,,1X2,,,,,,,,,,,,,,unknown,,decimal,2026-08-22T06:17:51+00:00,none_available,,False,False,unavailable,2026-08-22,"The Odds API is configured and reachable, but has not yet posted a market for this fixture (bookmakers typically open markets ~1-2 weeks before kickoff) -- genuinely unavailable, not a collector failure."
EPL2627_MW29_287_Liverpool_IpswichTown,2026-27,29,2027-03-13,2027-03-13T15:00:00+00:00,Liverpool,Ipswich Town,,1X2,,,,,,,,,,,,,,unknown,,decimal,2026-08-22T06:17:51+00:00,none_available,,False,False,unavailable,2026-08-22,"The Odds API is configured and reachable, but has not yet posted a market for this fixture (bookmakers typically open markets ~1-2 weeks before kickoff) -- genuinely unavailable, not a collector failure."
EPL2627_MW29_288_ManchesterUnited_Everton,2026-27,29,2027-03-13,2027-03-13T15:00:00+00:00,Manchester United,Everton,,1X2,,,,,,,,,,,,,,unknown,,decimal,2026-08-22T06:17:51+00:00,none_available,,False,False,unavailable,2026-08-22,"The Odds API is configured and reachable, but has not yet posted a market for this fixture (bookmakers typically open markets ~1-2 weeks before kickoff) -- genuinely unavailable, not a collector failure."
EPL2627_MW29_289_Sunderland_Brentford,2026-27,29,2027-03-13,2027-03-13T15:00:00+00:00,Sunderland,Brentford,,1X2,,,,,,,,,,,,,,unknown,,decimal,2026-08-22T06:17:51+00:00,none_available,,False,False,unavailable,2026-08-22,"The Odds API is configured and reachable, but has not yet posted a market for this fixture (bookmakers typically open markets ~1-2 weeks before kickoff) -- genuinely unavailable, not a collector failure."
EPL2627_MW29_290_TottenhamHotspur_NottinghamForest,2026-27,29,2027-03-13,2027-03-13T15:00:00+00:00,Tottenham Hotspur,Nottingham Forest,,1X2,,,,,,,,,,,,,,unknown,,decimal,2026-08-22T06:17:51+00:00,none_available,,False,False,unavailable,2026-08-22,"The Odds API is configured and reachable, but has not yet posted a market for this fixture (bookmakers typically open markets ~1-2 weeks before kickoff) -- genuinely unavailable, not a collector failure."
EPL2627_MW30_291_Arsenal_Sunderland,2026-27,30,2027-03-20,2027-03-20T15:00:00+00:00,Arsenal,Sunderland,,1X2,,,,,,,,,,,,,,unknown,,decimal,2026-08-22T06:17:51+00:00,none_available,,False,False,unavailable,2026-08-22,"The Odds API is configured and reachable, but has not yet posted a market for this fixture (bookmakers typically open markets ~1-2 weeks before kickoff) -- genuinely unavailable, not a collector failure."
EPL2627_MW30_292_Brentford_AFCBournemouth,2026-27,30,2027-03-20,2027-03-20T15:00:00+00:00,Brentford,AFC Bournemouth,,1X2,,,,,,,,,,,,,,unknown,,decimal,2026-08-22T06:17:51+00:00,none_available,,False,False,unavailable,2026-08-22,"The Odds API is configured and reachable, but has not yet posted a market for this fixture (bookmakers typically open markets ~1-2 weeks before kickoff) -- genuinely unavailable, not a collector failure."
EPL2627_MW30_293_Brighton&HoveAlbion_CoventryCity,2026-27,30,2027-03-20,2027-03-20T15:00:00+00:00,Brighton & Hove Albion,Coventry City,,1X2,,,,,,,,,,,,,,unknown,,decimal,2026-08-22T06:17:51+00:00,none_available,,False,False,unavailable,2026-08-22,"The Odds API is configured and reachable, but has not yet posted a market for this fixture (bookmakers typically open markets ~1-2 weeks before kickoff) -- genuinely unavailable, not a collector failure."
EPL2627_MW30_294_Everton_TottenhamHotspur,2026-27,30,2027-03-20,2027-03-20T15:00:00+00:00,Everton,Tottenham Hotspur,,1X2,,,,,,,,,,,,,,unknown,,decimal,2026-08-22T06:17:51+00:00,none_available,,False,False,unavailable,2026-08-22,"The Odds API is configured and reachable, but has not yet posted a market for this fixture (bookmakers typically open markets ~1-2 weeks before kickoff) -- genuinely unavailable, not a collector failure."
EPL2627_MW30_295_Fulham_Liverpool,2026-27,30,2027-03-20,2027-03-20T15:00:00+00:00,Fulham,Liverpool,,1X2,,,,,,,,,,,,,,unknown,,decimal,2026-08-22T06:17:51+00:00,none_available,,False,False,unavailable,2026-08-22,"The Odds API is configured and reachable, but has not yet posted a market for this fixture (bookmakers typically open markets ~1-2 weeks before kickoff) -- genuinely unavailable, not a collector failure."
EPL2627_MW30_296_HullCity_Chelsea,2026-27,30,2027-03-20,2027-03-20T15:00:00+00:00,Hull City,Chelsea,,1X2,,,,,,,,,,,,,,unknown,,decimal,2026-08-22T06:17:51+00:00,none_available,,False,False,unavailable,2026-08-22,"The Odds API is configured and reachable, but has not yet posted a market for this fixture (bookmakers typically open markets ~1-2 weeks before kickoff) -- genuinely unavailable, not a collector failure."
EPL2627_MW30_297_IpswichTown_CrystalPalace,2026-27,30,2027-03-20,2027-03-20T15:00:00+00:00,Ipswich Town,Crystal Palace,,1X2,,,,,,,,,,,,,,unknown,,decimal,2026-08-22T06:17:51+00:00,none_available,,False,False,unavailable,2026-08-22,"The Odds API is configured and reachable, but has not yet posted a market for this fixture (bookmakers typically open markets ~1-2 weeks before kickoff) -- genuinely unavailable, not a collector failure."
EPL2627_MW30_298_ManchesterCity_ManchesterUnited,2026-27,30,2027-03-20,2027-03-20T15:00:00+00:00,Manchester City,Manchester United,,1X2,,,,,,,,,,,,,,unknown,,decimal,2026-08-22T06:17:51+00:00,none_available,,False,False,unavailable,2026-08-22,"The Odds API is configured and reachable, but has not yet posted a market for this fixture (bookmakers typically open markets ~1-2 weeks before kickoff) -- genuinely unavailable, not a collector failure."
EPL2627_MW30_299_NewcastleUnited_LeedsUnited,2026-27,30,2027-03-20,2027-03-20T15:00:00+00:00,Newcastle United,Leeds United,,1X2,,,,,,,,,,,,,,unknown,,decimal,2026-08-22T06:17:51+00:00,none_available,,False,False,unavailable,2026-08-22,"The Odds API is configured and reachable, but has not yet posted a market for this fixture (bookmakers typically open markets ~1-2 weeks before kickoff) -- genuinely unavailable, not a collector failure."
EPL2627_MW30_300_NottinghamForest_AstonVilla,2026-27,30,2027-03-20,2027-03-20T15:00:00+00:00,Nottingham Forest,Aston Villa,,1X2,,,,,,,,,,,,,,unknown,,decimal,2026-08-22T06:17:51+00:00,none_available,,False,False,unavailable,2026-08-22,"The Odds API is configured and reachable, but has not yet posted a market for this fixture (bookmakers typically open markets ~1-2 weeks before kickoff) -- genuinely unavailable, not a collector failure."
EPL2627_MW31_301_AFCBournemouth_ManchesterCity,2026-27,31,2027-04-10,2027-04-10T14:00:00+00:00,AFC Bournemouth,Manchester City,,1X2,,,,,,,,,,,,,,unknown,,decimal,2026-08-22T06:17:51+00:00,none_available,,False,False,unavailable,2026-08-22,"The Odds API is configured and reachable, but has not yet posted a market for this fixture (bookmakers typically open markets ~1-2 weeks before kickoff) -- genuinely unavailable, not a collector failure."
EPL2627_MW31_302_AstonVilla_Brighton&HoveAlbion,2026-27,31,2027-04-10,2027-04-10T14:00:00+00:00,Aston Villa,Brighton & Hove Albion,,1X2,,,,,,,,,,,,,,unknown,,decimal,2026-08-22T06:17:51+00:00,none_available,,False,False,unavailable,2026-08-22,"The Odds API is configured and reachable, but has not yet posted a market for this fixture (bookmakers typically open markets ~1-2 weeks before kickoff) -- genuinely unavailable, not a collector failure."
EPL2627_MW31_303_Chelsea_Fulham,2026-27,31,2027-04-10,2027-04-10T14:00:00+00:00,Chelsea,Fulham,,1X2,,,,,,,,,,,,,,unknown,,decimal,2026-08-22T06:17:51+00:00,none_available,,False,False,unavailable,2026-08-22,"The Odds API is configured and reachable, but has not yet posted a market for this fixture (bookmakers typically open markets ~1-2 weeks before kickoff) -- genuinely unavailable, not a collector failure."
EPL2627_MW31_304_CoventryCity_Arsenal,2026-27,31,2027-04-10,2027-04-10T14:00:00+00:00,Coventry City,Arsenal,,1X2,,,,,,,,,,,,,,unknown,,decimal,2026-08-22T06:17:51+00:00,none_available,,False,False,unavailable,2026-08-22,"The Odds API is configured and reachable, but has not yet posted a market for this fixture (bookmakers typically open markets ~1-2 weeks before kickoff) -- genuinely unavailable, not a collector failure."
EPL2627_MW31_305_CrystalPalace_Everton,2026-27,31,2027-04-10,2027-04-10T14:00:00+00:00,Crystal Palace,Everton,,1X2,,,,,,,,,,,,,,unknown,,decimal,2026-08-22T06:17:51+00:00,none_available,,False,False,unavailable,2026-08-22,"The Odds API is configured and reachable, but has not yet posted a market for this fixture (bookmakers typically open markets ~1-2 weeks before kickoff) -- genuinely unavailable, not a collector failure."
EPL2627_MW31_306_LeedsUnited_NottinghamForest,2026-27,31,2027-04-10,2027-04-10T14:00:00+00:00,Leeds United,Nottingham Forest,,1X2,,,,,,,,,,,,,,unknown,,decimal,2026-08-22T06:17:51+00:00,none_available,,False,False,unavailable,2026-08-22,"The Odds API is configured and reachable, but has not yet posted a market for this fixture (bookmakers typically open markets ~1-2 weeks before kickoff) -- genuinely unavailable, not a collector failure."
EPL2627_MW31_307_Liverpool_NewcastleUnited,2026-27,31,2027-04-10,2027-04-10T14:00:00+00:00,Liverpool,Newcastle United,,1X2,,,,,,,,,,,,,,unknown,,decimal,2026-08-22T06:17:51+00:00,none_available,,False,False,unavailable,2026-08-22,"The Odds API is configured and reachable, but has not yet posted a market for this fixture (bookmakers typically open markets ~1-2 weeks before kickoff) -- genuinely unavailable, not a collector failure."
EPL2627_MW31_308_ManchesterUnited_HullCity,2026-27,31,2027-04-10,2027-04-10T14:00:00+00:00,Manchester United,Hull City,,1X2,,,,,,,,,,,,,,unknown,,decimal,2026-08-22T06:17:51+00:00,none_available,,False,False,unavailable,2026-08-22,"The Odds API is configured and reachable, but has not yet posted a market for this fixture (bookmakers typically open markets ~1-2 weeks before kickoff) -- genuinely unavailable, not a collector failure."
EPL2627_MW31_309_Sunderland_IpswichTown,2026-27,31,2027-04-10,2027-04-10T14:00:00+00:00,Sunderland,Ipswich Town,,1X2,,,,,,,,,,,,,,unknown,,decimal,2026-08-22T06:17:51+00:00,none_available,,False,False,unavailable,2026-08-22,"The Odds API is configured and reachable, but has not yet posted a market for this fixture (bookmakers typically open markets ~1-2 weeks before kickoff) -- genuinely unavailable, not a collector failure."
EPL2627_MW31_310_TottenhamHotspur_Brentford,2026-27,31,2027-04-10,2027-04-10T14:00:00+00:00,Tottenham Hotspur,Brentford,,1X2,,,,,,,,,,,,,,unknown,,decimal,2026-08-22T06:17:51+00:00,none_available,,False,False,unavailable,2026-08-22,"The Odds API is configured and reachable, but has not yet posted a market for this fixture (bookmakers typically open markets ~1-2 weeks before kickoff) -- genuinely unavailable, not a collector failure."
EPL2627_MW32_311_Arsenal_AstonVilla,2026-27,32,2027-04-17,2027-04-17T14:00:00+00:00,Arsenal,Aston Villa,,1X2,,,,,,,,,,,,,,unknown,,decimal,2026-08-22T06:17:51+00:00,none_available,,False,False,unavailable,2026-08-22,"The Odds API is configured and reachable, but has not yet posted a market for this fixture (bookmakers typically open markets ~1-2 weeks before kickoff) -- genuinely unavailable, not a collector failure."
EPL2627_MW32_312_Brentford_LeedsUnited,2026-27,32,2027-04-17,2027-04-17T14:00:00+00:00,Brentford,Leeds United,,1X2,,,,,,,,,,,,,,unknown,,decimal,2026-08-22T06:17:51+00:00,none_available,,False,False,unavailable,2026-08-22,"The Odds API is configured and reachable, but has not yet posted a market for this fixture (bookmakers typically open markets ~1-2 weeks before kickoff) -- genuinely unavailable, not a collector failure."
EPL2627_MW32_313_Brighton&HoveAlbion_Chelsea,2026-27,32,2027-04-17,2027-04-17T14:00:00+00:00,Brighton & Hove Albion,Chelsea,,1X2,,,,,,,,,,,,,,unknown,,decimal,2026-08-22T06:17:51+00:00,none_available,,False,False,unavailable,2026-08-22,"The Odds API is configured and reachable, but has not yet posted a market for this fixture (bookmakers typically open markets ~1-2 weeks before kickoff) -- genuinely unavailable, not a collector failure."
EPL2627_MW32_314_Everton_AFCBournemouth,2026-27,32,2027-04-17,2027-04-17T14:00:00+00:00,Everton,AFC Bournemouth,,1X2,,,,,,,,,,,,,,unknown,,decimal,2026-08-22T06:17:51+00:00,none_available,,False,False,unavailable,2026-08-22,"The Odds API is configured and reachable, but has not yet posted a market for this fixture (bookmakers typically open markets ~1-2 weeks before kickoff) -- genuinely unavailable, not a collector failure."
EPL2627_MW32_315_Fulham_Sunderland,2026-27,32,2027-04-17,2027-04-17T14:00:00+00:00,Fulham,Sunderland,,1X2,,,,,,,,,,,,,,unknown,,decimal,2026-08-22T06:17:51+00:00,none_available,,False,False,unavailable,2026-08-22,"The Odds API is configured and reachable, but has not yet posted a market for this fixture (bookmakers typically open markets ~1-2 weeks before kickoff) -- genuinely unavailable, not a collector failure."
EPL2627_MW32_316_HullCity_CoventryCity,2026-27,32,2027-04-17,2027-04-17T14:00:00+00:00,Hull City,Coventry City,,1X2,,,,,,,,,,,,,,unknown,,decimal,2026-08-22T06:17:51+00:00,none_available,,False,False,unavailable,2026-08-22,"The Odds API is configured and reachable, but has not yet posted a market for this fixture (bookmakers typically open markets ~1-2 weeks before kickoff) -- genuinely unavailable, not a collector failure."
EPL2627_MW32_317_IpswichTown_ManchesterUnited,2026-27,32,2027-04-17,2027-04-17T14:00:00+00:00,Ipswich Town,Manchester United,,1X2,,,,,,,,,,,,,,unknown,,decimal,2026-08-22T06:17:51+00:00,none_available,,False,False,unavailable,2026-08-22,"The Odds API is configured and reachable, but has not yet posted a market for this fixture (bookmakers typically open markets ~1-2 weeks before kickoff) -- genuinely unavailable, not a collector failure."
EPL2627_MW32_318_ManchesterCity_CrystalPalace,2026-27,32,2027-04-17,2027-04-17T14:00:00+00:00,Manchester City,Crystal Palace,,1X2,,,,,,,,,,,,,,unknown,,decimal,2026-08-22T06:17:51+00:00,none_available,,False,False,unavailable,2026-08-22,"The Odds API is configured and reachable, but has not yet posted a market for this fixture (bookmakers typically open markets ~1-2 weeks before kickoff) -- genuinely unavailable, not a collector failure."
EPL2627_MW32_319_NewcastleUnited_TottenhamHotspur,2026-27,32,2027-04-17,2027-04-17T14:00:00+00:00,Newcastle United,Tottenham Hotspur,,1X2,,,,,,,,,,,,,,unknown,,decimal,2026-08-22T06:17:51+00:00,none_available,,False,False,unavailable,2026-08-22,"The Odds API is configured and reachable, but has not yet posted a market for this fixture (bookmakers typically open markets ~1-2 weeks before kickoff) -- genuinely unavailable, not a collector failure."
EPL2627_MW32_320_NottinghamForest_Liverpool,2026-27,32,2027-04-17,2027-04-17T14:00:00+00:00,Nottingham Forest,Liverpool,,1X2,,,,,,,,,,,,,,unknown,,decimal,2026-08-22T06:17:51+00:00,none_available,,False,False,unavailable,2026-08-22,"The Odds API is configured and reachable, but has not yet posted a market for this fixture (bookmakers typically open markets ~1-2 weeks before kickoff) -- genuinely unavailable, not a collector failure."
EPL2627_MW33_321_AFCBournemouth_Arsenal,2026-27,33,2027-04-24,2027-04-24T14:00:00+00:00,AFC Bournemouth,Arsenal,,1X2,,,,,,,,,,,,,,unknown,,decimal,2026-08-22T06:17:51+00:00,none_available,,False,False,unavailable,2026-08-22,"The Odds API is configured and reachable, but has not yet posted a market for this fixture (bookmakers typically open markets ~1-2 weeks before kickoff) -- genuinely unavailable, not a collector failure."
EPL2627_MW33_322_AstonVilla_CoventryCity,2026-27,33,2027-04-24,2027-04-24T14:00:00+00:00,Aston Villa,Coventry City,,1X2,,,,,,,,,,,,,,unknown,,decimal,2026-08-22T06:17:51+00:00,none_available,,False,False,unavailable,2026-08-22,"The Odds API is configured and reachable, but has not yet posted a market for this fixture (bookmakers typically open markets ~1-2 weeks before kickoff) -- genuinely unavailable, not a collector failure."
EPL2627_MW33_323_Brentford_Fulham,2026-27,33,2027-04-24,2027-04-24T14:00:00+00:00,Brentford,Fulham,,1X2,,,,,,,,,,,,,,unknown,,decimal,2026-08-22T06:17:51+00:00,none_available,,False,False,unavailable,2026-08-22,"The Odds API is configured and reachable, but has not yet posted a market for this fixture (bookmakers typically open markets ~1-2 weeks before kickoff) -- genuinely unavailable, not a collector failure."
EPL2627_MW33_324_Chelsea_ManchesterCity,2026-27,33,2027-04-24,2027-04-24T14:00:00+00:00,Chelsea,Manchester City,,1X2,,,,,,,,,,,,,,unknown,,decimal,2026-08-22T06:17:51+00:00,none_available,,False,False,unavailable,2026-08-22,"The Odds API is configured and reachable, but has not yet posted a market for this fixture (bookmakers typically open markets ~1-2 weeks before kickoff) -- genuinely unavailable, not a collector failure."
EPL2627_MW33_325_Everton_Brighton&HoveAlbion,2026-27,33,2027-04-24,2027-04-24T14:00:00+00:00,Everton,Brighton & Hove Albion,,1X2,,,,,,,,,,,,,,unknown,,decimal,2026-08-22T06:17:51+00:00,none_available,,False,False,unavailable,2026-08-22,"The Odds API is configured and reachable, but has not yet posted a market for this fixture (bookmakers typically open markets ~1-2 weeks before kickoff) -- genuinely unavailable, not a collector failure."
EPL2627_MW33_326_LeedsUnited_Liverpool,2026-27,33,2027-04-24,2027-04-24T14:00:00+00:00,Leeds United,Liverpool,,1X2,,,,,,,,,,,,,,unknown,,decimal,2026-08-22T06:17:51+00:00,none_available,,False,False,unavailable,2026-08-22,"The Odds API is configured and reachable, but has not yet posted a market for this fixture (bookmakers typically open markets ~1-2 weeks before kickoff) -- genuinely unavailable, not a collector failure."
EPL2627_MW33_327_ManchesterUnited_CrystalPalace,2026-27,33,2027-04-24,2027-04-24T14:00:00+00:00,Manchester United,Crystal Palace,,1X2,,,,,,,,,,,,,,unknown,,decimal,2026-08-22T06:17:51+00:00,none_available,,False,False,unavailable,2026-08-22,"The Odds API is configured and reachable, but has not yet posted a market for this fixture (bookmakers typically open markets ~1-2 weeks before kickoff) -- genuinely unavailable, not a collector failure."
EPL2627_MW33_328_NewcastleUnited_IpswichTown,2026-27,33,2027-04-24,2027-04-24T14:00:00+00:00,Newcastle United,Ipswich Town,,1X2,,,,,,,,,,,,,,unknown,,decimal,2026-08-22T06:17:51+00:00,none_available,,False,False,unavailable,2026-08-22,"The Odds API is configured and reachable, but has not yet posted a market for this fixture (bookmakers typically open markets ~1-2 weeks before kickoff) -- genuinely unavailable, not a collector failure."
EPL2627_MW33_329_NottinghamForest_Sunderland,2026-27,33,2027-04-24,2027-04-24T14:00:00+00:00,Nottingham Forest,Sunderland,,1X2,,,,,,,,,,,,,,unknown,,decimal,2026-08-22T06:17:51+00:00,none_available,,False,False,unavailable,2026-08-22,"The Odds API is configured and reachable, but has not yet posted a market for this fixture (bookmakers typically open markets ~1-2 weeks before kickoff) -- genuinely unavailable, not a collector failure."
EPL2627_MW33_330_TottenhamHotspur_HullCity,2026-27,33,2027-04-24,2027-04-24T14:00:00+00:00,Tottenham Hotspur,Hull City,,1X2,,,,,,,,,,,,,,unknown,,decimal,2026-08-22T06:17:51+00:00,none_available,,False,False,unavailable,2026-08-22,"The Odds API is configured and reachable, but has not yet posted a market for this fixture (bookmakers typically open markets ~1-2 weeks before kickoff) -- genuinely unavailable, not a collector failure."
EPL2627_MW34_331_Arsenal_TottenhamHotspur,2026-27,34,2027-05-01,2027-05-01T14:00:00+00:00,Arsenal,Tottenham Hotspur,,1X2,,,,,,,,,,,,,,unknown,,decimal,2026-08-22T06:17:51+00:00,none_available,,False,False,unavailable,2026-08-22,"The Odds API is configured and reachable, but has not yet posted a market for this fixture (bookmakers typically open markets ~1-2 weeks before kickoff) -- genuinely unavailable, not a collector failure."
EPL2627_MW34_332_Brighton&HoveAlbion_NottinghamForest,2026-27,34,2027-05-01,2027-05-01T14:00:00+00:00,Brighton & Hove Albion,Nottingham Forest,,1X2,,,,,,,,,,,,,,unknown,,decimal,2026-08-22T06:17:51+00:00,none_available,,False,False,unavailable,2026-08-22,"The Odds API is configured and reachable, but has not yet posted a market for this fixture (bookmakers typically open markets ~1-2 weeks before kickoff) -- genuinely unavailable, not a collector failure."
EPL2627_MW34_333_CoventryCity_ManchesterUnited,2026-27,34,2027-05-01,2027-05-01T14:00:00+00:00,Coventry City,Manchester United,,1X2,,,,,,,,,,,,,,unknown,,decimal,2026-08-22T06:17:51+00:00,none_available,,False,False,unavailable,2026-08-22,"The Odds API is configured and reachable, but has not yet posted a market for this fixture (bookmakers typically open markets ~1-2 weeks before kickoff) -- genuinely unavailable, not a collector failure."
EPL2627_MW34_334_CrystalPalace_AstonVilla,2026-27,34,2027-05-01,2027-05-01T14:00:00+00:00,Crystal Palace,Aston Villa,,1X2,,,,,,,,,,,,,,unknown,,decimal,2026-08-22T06:17:51+00:00,none_available,,False,False,unavailable,2026-08-22,"The Odds API is configured and reachable, but has not yet posted a market for this fixture (bookmakers typically open markets ~1-2 weeks before kickoff) -- genuinely unavailable, not a collector failure."
EPL2627_MW34_335_Fulham_Everton,2026-27,34,2027-05-01,2027-05-01T14:00:00+00:00,Fulham,Everton,,1X2,,,,,,,,,,,,,,unknown,,decimal,2026-08-22T06:17:51+00:00,none_available,,False,False,unavailable,2026-08-22,"The Odds API is configured and reachable, but has not yet posted a market for this fixture (bookmakers typically open markets ~1-2 weeks before kickoff) -- genuinely unavailable, not a collector failure."
EPL2627_MW34_336_HullCity_AFCBournemouth,2026-27,34,2027-05-01,2027-05-01T14:00:00+00:00,Hull City,AFC Bournemouth,,1X2,,,,,,,,,,,,,,unknown,,decimal,2026-08-22T06:17:51+00:00,none_available,,False,False,unavailable,2026-08-22,"The Odds API is configured and reachable, but has not yet posted a market for this fixture (bookmakers typically open markets ~1-2 weeks before kickoff) -- genuinely unavailable, not a collector failure."
EPL2627_MW34_337_IpswichTown_LeedsUnited,2026-27,34,2027-05-01,2027-05-01T14:00:00+00:00,Ipswich Town,Leeds United,,1X2,,,,,,,,,,,,,,unknown,,decimal,2026-08-22T06:17:51+00:00,none_available,,False,False,unavailable,2026-08-22,"The Odds API is configured and reachable, but has not yet posted a market for this fixture (bookmakers typically open markets ~1-2 weeks before kickoff) -- genuinely unavailable, not a collector failure."
EPL2627_MW34_338_Liverpool_Chelsea,2026-27,34,2027-05-01,2027-05-01T14:00:00+00:00,Liverpool,Chelsea,,1X2,,,,,,,,,,,,,,unknown,,decimal,2026-08-22T06:17:51+00:00,none_available,,False,False,unavailable,2026-08-22,"The Odds API is configured and reachable, but has not yet posted a market for this fixture (bookmakers typically open markets ~1-2 weeks before kickoff) -- genuinely unavailable, not a collector failure."
EPL2627_MW34_339_ManchesterCity_Brentford,2026-27,34,2027-05-01,2027-05-01T14:00:00+00:00,Manchester City,Brentford,,1X2,,,,,,,,,,,,,,unknown,,decimal,2026-08-22T06:17:51+00:00,none_available,,False,False,unavailable,2026-08-22,"The Odds API is configured and reachable, but has not yet posted a market for this fixture (bookmakers typically open markets ~1-2 weeks before kickoff) -- genuinely unavailable, not a collector failure."
EPL2627_MW34_340_Sunderland_NewcastleUnited,2026-27,34,2027-05-01,2027-05-01T14:00:00+00:00,Sunderland,Newcastle United,,1X2,,,,,,,,,,,,,,unknown,,decimal,2026-08-22T06:17:51+00:00,none_available,,False,False,unavailable,2026-08-22,"The Odds API is configured and reachable, but has not yet posted a market for this fixture (bookmakers typically open markets ~1-2 weeks before kickoff) -- genuinely unavailable, not a collector failure."
EPL2627_MW35_341_AFCBournemouth_ManchesterUnited,2026-27,35,2027-05-08,2027-05-08T14:00:00+00:00,AFC Bournemouth,Manchester United,,1X2,,,,,,,,,,,,,,unknown,,decimal,2026-08-22T06:17:51+00:00,none_available,,False,False,unavailable,2026-08-22,"The Odds API is configured and reachable, but has not yet posted a market for this fixture (bookmakers typically open markets ~1-2 weeks before kickoff) -- genuinely unavailable, not a collector failure."
EPL2627_MW35_342_Brentford_AstonVilla,2026-27,35,2027-05-08,2027-05-08T14:00:00+00:00,Brentford,Aston Villa,,1X2,,,,,,,,,,,,,,unknown,,decimal,2026-08-22T06:17:51+00:00,none_available,,False,False,unavailable,2026-08-22,"The Odds API is configured and reachable, but has not yet posted a market for this fixture (bookmakers typically open markets ~1-2 weeks before kickoff) -- genuinely unavailable, not a collector failure."
EPL2627_MW35_343_Brighton&HoveAlbion_Sunderland,2026-27,35,2027-05-08,2027-05-08T14:00:00+00:00,Brighton & Hove Albion,Sunderland,,1X2,,,,,,,,,,,,,,unknown,,decimal,2026-08-22T06:17:51+00:00,none_available,,False,False,unavailable,2026-08-22,"The Odds API is configured and reachable, but has not yet posted a market for this fixture (bookmakers typically open markets ~1-2 weeks before kickoff) -- genuinely unavailable, not a collector failure."
EPL2627_MW35_344_Everton_HullCity,2026-27,35,2027-05-08,2027-05-08T14:00:00+00:00,Everton,Hull City,,1X2,,,,,,,,,,,,,,unknown,,decimal,2026-08-22T06:17:51+00:00,none_available,,False,False,unavailable,2026-08-22,"The Odds API is configured and reachable, but has not yet posted a market for this fixture (bookmakers typically open markets ~1-2 weeks before kickoff) -- genuinely unavailable, not a collector failure."
EPL2627_MW35_345_Fulham_IpswichTown,2026-27,35,2027-05-08,2027-05-08T14:00:00+00:00,Fulham,Ipswich Town,,1X2,,,,,,,,,,,,,,unknown,,decimal,2026-08-22T06:17:51+00:00,none_available,,False,False,unavailable,2026-08-22,"The Odds API is configured and reachable, but has not yet posted a market for this fixture (bookmakers typically open markets ~1-2 weeks before kickoff) -- genuinely unavailable, not a collector failure."
EPL2627_MW35_346_LeedsUnited_Arsenal,2026-27,35,2027-05-08,2027-05-08T14:00:00+00:00,Leeds United,Arsenal,,1X2,,,,,,,,,,,,,,unknown,,decimal,2026-08-22T06:17:51+00:00,none_available,,False,False,unavailable,2026-08-22,"The Odds API is configured and reachable, but has not yet posted a market for this fixture (bookmakers typically open markets ~1-2 weeks before kickoff) -- genuinely unavailable, not a collector failure."
EPL2627_MW35_347_ManchesterCity_Liverpool,2026-27,35,2027-05-08,2027-05-08T14:00:00+00:00,Manchester City,Liverpool,,1X2,,,,,,,,,,,,,,unknown,,decimal,2026-08-22T06:17:51+00:00,none_available,,False,False,unavailable,2026-08-22,"The Odds API is configured and reachable, but has not yet posted a market for this fixture (bookmakers typically open markets ~1-2 weeks before kickoff) -- genuinely unavailable, not a collector failure."
EPL2627_MW35_348_NewcastleUnited_CoventryCity,2026-27,35,2027-05-08,2027-05-08T14:00:00+00:00,Newcastle United,Coventry City,,1X2,,,,,,,,,,,,,,unknown,,decimal,2026-08-22T06:17:51+00:00,none_available,,False,False,unavailable,2026-08-22,"The Odds API is configured and reachable, but has not yet posted a market for this fixture (bookmakers typically open markets ~1-2 weeks before kickoff) -- genuinely unavailable, not a collector failure."
EPL2627_MW35_349_NottinghamForest_CrystalPalace,2026-27,35,2027-05-08,2027-05-08T14:00:00+00:00,Nottingham Forest,Crystal Palace,,1X2,,,,,,,,,,,,,,unknown,,decimal,2026-08-22T06:17:51+00:00,none_available,,False,False,unavailable,2026-08-22,"The Odds API is configured and reachable, but has not yet posted a market for this fixture (bookmakers typically open markets ~1-2 weeks before kickoff) -- genuinely unavailable, not a collector failure."
EPL2627_MW35_350_TottenhamHotspur_Chelsea,2026-27,35,2027-05-08,2027-05-08T14:00:00+00:00,Tottenham Hotspur,Chelsea,,1X2,,,,,,,,,,,,,,unknown,,decimal,2026-08-22T06:17:51+00:00,none_available,,False,False,unavailable,2026-08-22,"The Odds API is configured and reachable, but has not yet posted a market for this fixture (bookmakers typically open markets ~1-2 weeks before kickoff) -- genuinely unavailable, not a collector failure."
EPL2627_MW36_351_Arsenal_NottinghamForest,2026-27,36,2027-05-15,2027-05-15T14:00:00+00:00,Arsenal,Nottingham Forest,,1X2,,,,,,,,,,,,,,unknown,,decimal,2026-08-22T06:17:51+00:00,none_available,,False,False,unavailable,2026-08-22,"The Odds API is configured and reachable, but has not yet posted a market for this fixture (bookmakers typically open markets ~1-2 weeks before kickoff) -- genuinely unavailable, not a collector failure."
EPL2627_MW36_352_AstonVilla_NewcastleUnited,2026-27,36,2027-05-15,2027-05-15T14:00:00+00:00,Aston Villa,Newcastle United,,1X2,,,,,,,,,,,,,,unknown,,decimal,2026-08-22T06:17:51+00:00,none_available,,False,False,unavailable,2026-08-22,"The Odds API is configured and reachable, but has not yet posted a market for this fixture (bookmakers typically open markets ~1-2 weeks before kickoff) -- genuinely unavailable, not a collector failure."
EPL2627_MW36_353_Chelsea_Everton,2026-27,36,2027-05-15,2027-05-15T14:00:00+00:00,Chelsea,Everton,,1X2,,,,,,,,,,,,,,unknown,,decimal,2026-08-22T06:17:51+00:00,none_available,,False,False,unavailable,2026-08-22,"The Odds API is configured and reachable, but has not yet posted a market for this fixture (bookmakers typically open markets ~1-2 weeks before kickoff) -- genuinely unavailable, not a collector failure."
EPL2627_MW36_354_CoventryCity_TottenhamHotspur,2026-27,36,2027-05-15,2027-05-15T14:00:00+00:00,Coventry City,Tottenham Hotspur,,1X2,,,,,,,,,,,,,,unknown,,decimal,2026-08-22T06:17:51+00:00,none_available,,False,False,unavailable,2026-08-22,"The Odds API is configured and reachable, but has not yet posted a market for this fixture (bookmakers typically open markets ~1-2 weeks before kickoff) -- genuinely unavailable, not a collector failure."
EPL2627_MW36_355_CrystalPalace_Brighton&HoveAlbion,2026-27,36,2027-05-15,2027-05-15T14:00:00+00:00,Crystal Palace,Brighton & Hove Albion,,1X2,,,,,,,,,,,,,,unknown,,decimal,2026-08-22T06:17:51+00:00,none_available,,False,False,unavailable,2026-08-22,"The Odds API is configured and reachable, but has not yet posted a market for this fixture (bookmakers typically open markets ~1-2 weeks before kickoff) -- genuinely unavailable, not a collector failure."
EPL2627_MW36_356_HullCity_Fulham,2026-27,36,2027-05-15,2027-05-15T14:00:00+00:00,Hull City,Fulham,,1X2,,,,,,,,,,,,,,unknown,,decimal,2026-08-22T06:17:51+00:00,none_available,,False,False,unavailable,2026-08-22,"The Odds API is configured and reachable, but has not yet posted a market for this fixture (bookmakers typically open markets ~1-2 weeks before kickoff) -- genuinely unavailable, not a collector failure."
EPL2627_MW36_357_IpswichTown_ManchesterCity,2026-27,36,2027-05-15,2027-05-15T14:00:00+00:00,Ipswich Town,Manchester City,,1X2,,,,,,,,,,,,,,unknown,,decimal,2026-08-22T06:17:51+00:00,none_available,,False,False,unavailable,2026-08-22,"The Odds API is configured and reachable, but has not yet posted a market for this fixture (bookmakers typically open markets ~1-2 weeks before kickoff) -- genuinely unavailable, not a collector failure."
EPL2627_MW36_358_Liverpool_Brentford,2026-27,36,2027-05-15,2027-05-15T14:00:00+00:00,Liverpool,Brentford,,1X2,,,,,,,,,,,,,,unknown,,decimal,2026-08-22T06:17:51+00:00,none_available,,False,False,unavailable,2026-08-22,"The Odds API is configured and reachable, but has not yet posted a market for this fixture (bookmakers typically open markets ~1-2 weeks before kickoff) -- genuinely unavailable, not a collector failure."
EPL2627_MW36_359_ManchesterUnited_LeedsUnited,2026-27,36,2027-05-15,2027-05-15T14:00:00+00:00,Manchester United,Leeds United,,1X2,,,,,,,,,,,,,,unknown,,decimal,2026-08-22T06:17:51+00:00,none_available,,False,False,unavailable,2026-08-22,"The Odds API is configured and reachable, but has not yet posted a market for this fixture (bookmakers typically open markets ~1-2 weeks before kickoff) -- genuinely unavailable, not a collector failure."
EPL2627_MW36_360_Sunderland_AFCBournemouth,2026-27,36,2027-05-15,2027-05-15T14:00:00+00:00,Sunderland,AFC Bournemouth,,1X2,,,,,,,,,,,,,,unknown,,decimal,2026-08-22T06:17:51+00:00,none_available,,False,False,unavailable,2026-08-22,"The Odds API is configured and reachable, but has not yet posted a market for this fixture (bookmakers typically open markets ~1-2 weeks before kickoff) -- genuinely unavailable, not a collector failure."
EPL2627_MW37_361_AFCBournemouth_Chelsea,2026-27,37,2027-05-23,2027-05-23T14:00:00+00:00,AFC Bournemouth,Chelsea,,1X2,,,,,,,,,,,,,,unknown,,decimal,2026-08-22T06:17:51+00:00,none_available,,False,False,unavailable,2026-08-22,"The Odds API is configured and reachable, but has not yet posted a market for this fixture (bookmakers typically open markets ~1-2 weeks before kickoff) -- genuinely unavailable, not a collector failure."
EPL2627_MW37_362_Brentford_HullCity,2026-27,37,2027-05-23,2027-05-23T14:00:00+00:00,Brentford,Hull City,,1X2,,,,,,,,,,,,,,unknown,,decimal,2026-08-22T06:17:51+00:00,none_available,,False,False,unavailable,2026-08-22,"The Odds API is configured and reachable, but has not yet posted a market for this fixture (bookmakers typically open markets ~1-2 weeks before kickoff) -- genuinely unavailable, not a collector failure."
EPL2627_MW37_363_Brighton&HoveAlbion_Liverpool,2026-27,37,2027-05-23,2027-05-23T14:00:00+00:00,Brighton & Hove Albion,Liverpool,,1X2,,,,,,,,,,,,,,unknown,,decimal,2026-08-22T06:17:51+00:00,none_available,,False,False,unavailable,2026-08-22,"The Odds API is configured and reachable, but has not yet posted a market for this fixture (bookmakers typically open markets ~1-2 weeks before kickoff) -- genuinely unavailable, not a collector failure."
EPL2627_MW37_364_Everton_Arsenal,2026-27,37,2027-05-23,2027-05-23T14:00:00+00:00,Everton,Arsenal,,1X2,,,,,,,,,,,,,,unknown,,decimal,2026-08-22T06:17:51+00:00,none_available,,False,False,unavailable,2026-08-22,"The Odds API is configured and reachable, but has not yet posted a market for this fixture (bookmakers typically open markets ~1-2 weeks before kickoff) -- genuinely unavailable, not a collector failure."
EPL2627_MW37_365_Fulham_CoventryCity,2026-27,37,2027-05-23,2027-05-23T14:00:00+00:00,Fulham,Coventry City,,1X2,,,,,,,,,,,,,,unknown,,decimal,2026-08-22T06:17:51+00:00,none_available,,False,False,unavailable,2026-08-22,"The Odds API is configured and reachable, but has not yet posted a market for this fixture (bookmakers typically open markets ~1-2 weeks before kickoff) -- genuinely unavailable, not a collector failure."
EPL2627_MW37_366_LeedsUnited_Sunderland,2026-27,37,2027-05-23,2027-05-23T14:00:00+00:00,Leeds United,Sunderland,,1X2,,,,,,,,,,,,,,unknown,,decimal,2026-08-22T06:17:51+00:00,none_available,,False,False,unavailable,2026-08-22,"The Odds API is configured and reachable, but has not yet posted a market for this fixture (bookmakers typically open markets ~1-2 weeks before kickoff) -- genuinely unavailable, not a collector failure."
EPL2627_MW37_367_ManchesterCity_AstonVilla,2026-27,37,2027-05-23,2027-05-23T14:00:00+00:00,Manchester City,Aston Villa,,1X2,,,,,,,,,,,,,,unknown,,decimal,2026-08-22T06:17:51+00:00,none_available,,False,False,unavailable,2026-08-22,"The Odds API is configured and reachable, but has not yet posted a market for this fixture (bookmakers typically open markets ~1-2 weeks before kickoff) -- genuinely unavailable, not a collector failure."
EPL2627_MW37_368_NewcastleUnited_CrystalPalace,2026-27,37,2027-05-23,2027-05-23T14:00:00+00:00,Newcastle United,Crystal Palace,,1X2,,,,,,,,,,,,,,unknown,,decimal,2026-08-22T06:17:51+00:00,none_available,,False,False,unavailable,2026-08-22,"The Odds API is configured and reachable, but has not yet posted a market for this fixture (bookmakers typically open markets ~1-2 weeks before kickoff) -- genuinely unavailable, not a collector failure."
EPL2627_MW37_369_NottinghamForest_IpswichTown,2026-27,37,2027-05-23,2027-05-23T14:00:00+00:00,Nottingham Forest,Ipswich Town,,1X2,,,,,,,,,,,,,,unknown,,decimal,2026-08-22T06:17:51+00:00,none_available,,False,False,unavailable,2026-08-22,"The Odds API is configured and reachable, but has not yet posted a market for this fixture (bookmakers typically open markets ~1-2 weeks before kickoff) -- genuinely unavailable, not a collector failure."
EPL2627_MW37_370_TottenhamHotspur_ManchesterUnited,2026-27,37,2027-05-23,2027-05-23T14:00:00+00:00,Tottenham Hotspur,Manchester United,,1X2,,,,,,,,,,,,,,unknown,,decimal,2026-08-22T06:17:51+00:00,none_available,,False,False,unavailable,2026-08-22,"The Odds API is configured and reachable, but has not yet posted a market for this fixture (bookmakers typically open markets ~1-2 weeks before kickoff) -- genuinely unavailable, not a collector failure."
EPL2627_MW38_371_Arsenal_Brighton&HoveAlbion,2026-27,38,2027-05-30,2027-05-30T15:00:00+00:00,Arsenal,Brighton & Hove Albion,,1X2,,,,,,,,,,,,,,unknown,,decimal,2026-08-22T06:17:51+00:00,none_available,,False,False,unavailable,2026-08-22,"The Odds API is configured and reachable, but has not yet posted a market for this fixture (bookmakers typically open markets ~1-2 weeks before kickoff) -- genuinely unavailable, not a collector failure."
EPL2627_MW38_372_AstonVilla_TottenhamHotspur,2026-27,38,2027-05-30,2027-05-30T15:00:00+00:00,Aston Villa,Tottenham Hotspur,,1X2,,,,,,,,,,,,,,unknown,,decimal,2026-08-22T06:17:51+00:00,none_available,,False,False,unavailable,2026-08-22,"The Odds API is configured and reachable, but has not yet posted a market for this fixture (bookmakers typically open markets ~1-2 weeks before kickoff) -- genuinely unavailable, not a collector failure."
EPL2627_MW38_373_Chelsea_Brentford,2026-27,38,2027-05-30,2027-05-30T15:00:00+00:00,Chelsea,Brentford,,1X2,,,,,,,,,,,,,,unknown,,decimal,2026-08-22T06:17:51+00:00,none_available,,False,False,unavailable,2026-08-22,"The Odds API is configured and reachable, but has not yet posted a market for this fixture (bookmakers typically open markets ~1-2 weeks before kickoff) -- genuinely unavailable, not a collector failure."
EPL2627_MW38_374_CoventryCity_NottinghamForest,2026-27,38,2027-05-30,2027-05-30T15:00:00+00:00,Coventry City,Nottingham Forest,,1X2,,,,,,,,,,,,,,unknown,,decimal,2026-08-22T06:17:51+00:00,none_available,,False,False,unavailable,2026-08-22,"The Odds API is configured and reachable, but has not yet posted a market for this fixture (bookmakers typically open markets ~1-2 weeks before kickoff) -- genuinely unavailable, not a collector failure."
EPL2627_MW38_375_CrystalPalace_LeedsUnited,2026-27,38,2027-05-30,2027-05-30T15:00:00+00:00,Crystal Palace,Leeds United,,1X2,,,,,,,,,,,,,,unknown,,decimal,2026-08-22T06:17:51+00:00,none_available,,False,False,unavailable,2026-08-22,"The Odds API is configured and reachable, but has not yet posted a market for this fixture (bookmakers typically open markets ~1-2 weeks before kickoff) -- genuinely unavailable, not a collector failure."
EPL2627_MW38_376_HullCity_NewcastleUnited,2026-27,38,2027-05-30,2027-05-30T15:00:00+00:00,Hull City,Newcastle United,,1X2,,,,,,,,,,,,,,unknown,,decimal,2026-08-22T06:17:51+00:00,none_available,,False,False,unavailable,2026-08-22,"The Odds API is configured and reachable, but has not yet posted a market for this fixture (bookmakers typically open markets ~1-2 weeks before kickoff) -- genuinely unavailable, not a collector failure."
EPL2627_MW38_377_IpswichTown_Everton,2026-27,38,2027-05-30,2027-05-30T15:00:00+00:00,Ipswich Town,Everton,,1X2,,,,,,,,,,,,,,unknown,,decimal,2026-08-22T06:17:51+00:00,none_available,,False,False,unavailable,2026-08-22,"The Odds API is configured and reachable, but has not yet posted a market for this fixture (bookmakers typically open markets ~1-2 weeks before kickoff) -- genuinely unavailable, not a collector failure."
EPL2627_MW38_378_Liverpool_AFCBournemouth,2026-27,38,2027-05-30,2027-05-30T15:00:00+00:00,Liverpool,AFC Bournemouth,,1X2,,,,,,,,,,,,,,unknown,,decimal,2026-08-22T06:17:51+00:00,none_available,,False,False,unavailable,2026-08-22,"The Odds API is configured and reachable, but has not yet posted a market for this fixture (bookmakers typically open markets ~1-2 weeks before kickoff) -- genuinely unavailable, not a collector failure."
EPL2627_MW38_379_ManchesterUnited_Fulham,2026-27,38,2027-05-30,2027-05-30T15:00:00+00:00,Manchester United,Fulham,,1X2,,,,,,,,,,,,,,unknown,,decimal,2026-08-22T06:17:51+00:00,none_available,,False,False,unavailable,2026-08-22,"The Odds API is configured and reachable, but has not yet posted a market for this fixture (bookmakers typically open markets ~1-2 weeks before kickoff) -- genuinely unavailable, not a collector failure."
EPL2627_MW38_380_Sunderland_ManchesterCity,2026-27,38,2027-05-30,2027-05-30T15:00:00+00:00,Sunderland,Manchester City,,1X2,,,,,,,,,,,,,,unknown,,decimal,2026-08-22T06:17:51+00:00,none_available,,False,False,unavailable,2026-08-22,"The Odds API is configured and reachable, but has not yet posted a market for this fixture (bookmakers typically open markets ~1-2 weeks before kickoff) -- genuinely unavailable, not a collector failure."
