match_id,season,matchweek,date,kickoff_utc,home_team,away_team,bookmaker,market_type,opening_home_odds,opening_draw_odds,opening_away_odds,current_home_odds,current_draw_odds,current_away_odds,closing_home_odds,closing_draw_odds,closing_away_odds,spread_line,home_spread_odds,away_spread_odds,total_line,over_odds,under_odds,btts_yes_odds,btts_no_odds,odds_snapshot_type,time_to_kickoff_hours,odds_format,odds_timestamp,source_name,source_url_or_page_title,is_example,is_real_data,data_status,collection_date,notes
LALIGA2627_MW01_001_DeportivoAlavés_GetafeCF,2026-27,1,2026-08-15,2026-08-15T17:30:00+00:00,Deportivo Alavés,Getafe CF,,h2h,,,,,,,,,,,,,,,,,,unknown,,decimal,2026-09-22T10:25:41+00:00,none_available,,False,False,unavailable,2026-09-22,"The Odds API is configured and reachable, but has not yet posted this market for this fixture (bookmakers open different markets at different times before kickoff) -- genuinely unavailable, not a collector failure."
LALIGA2627_MW01_001_DeportivoAlavés_GetafeCF,2026-27,1,2026-08-15,2026-08-15T17:30:00+00:00,Deportivo Alavés,Getafe CF,,spreads,,,,,,,,,,,,,,,,,,unknown,,decimal,2026-09-22T10:25:41+00:00,none_available,,False,False,unavailable,2026-09-22,"The Odds API is configured and reachable, but has not yet posted this market for this fixture (bookmakers open different markets at different times before kickoff) -- genuinely unavailable, not a collector failure."
LALIGA2627_MW01_001_DeportivoAlavés_GetafeCF,2026-27,1,2026-08-15,2026-08-15T17:30:00+00:00,Deportivo Alavés,Getafe CF,,totals,,,,,,,,,,,,,,,,,,unknown,,decimal,2026-09-22T10:25:41+00:00,none_available,,False,False,unavailable,2026-09-22,"The Odds API is configured and reachable, but has not yet posted this market for this fixture (bookmakers open different markets at different times before kickoff) -- genuinely unavailable, not a collector failure."
LALIGA2627_MW01_009_SevillaFC_RayoVallecano,2026-27,1,2026-08-15,2026-08-15T19:30:00+00:00,Sevilla FC,Rayo Vallecano,,h2h,,,,,,,,,,,,,,,,,,unknown,,decimal,2026-09-22T10:25:41+00:00,none_available,,False,False,unavailable,2026-09-22,"The Odds API is configured and reachable, but has not yet posted this market for this fixture (bookmakers open different markets at different times before kickoff) -- genuinely unavailable, not a collector failure."
LALIGA2627_MW01_009_SevillaFC_RayoVallecano,2026-27,1,2026-08-15,2026-08-15T19:30:00+00:00,Sevilla FC,Rayo Vallecano,,spreads,,,,,,,,,,,,,,,,,,unknown,,decimal,2026-09-22T10:25:41+00:00,none_available,,False,False,unavailable,2026-09-22,"The Odds API is configured and reachable, but has not yet posted this market for this fixture (bookmakers open different markets at different times before kickoff) -- genuinely unavailable, not a collector failure."
LALIGA2627_MW01_009_SevillaFC_RayoVallecano,2026-27,1,2026-08-15,2026-08-15T19:30:00+00:00,Sevilla FC,Rayo Vallecano,,totals,,,,,,,,,,,,,,,,,,unknown,,decimal,2026-09-22T10:25:41+00:00,none_available,,False,False,unavailable,2026-09-22,"The Odds API is configured and reachable, but has not yet posted this market for this fixture (bookmakers open different markets at different times before kickoff) -- genuinely unavailable, not a collector failure."
LALIGA2627_MW01_007_R.RacingClub_VillarrealCF,2026-27,1,2026-08-16,2026-08-16T15:00:00+00:00,R. Racing Club,Villarreal CF,,h2h,,,,,,,,,,,,,,,,,,unknown,,decimal,2026-09-22T10:25:41+00:00,none_available,,False,False,unavailable,2026-09-22,"The Odds API is configured and reachable, but has not yet posted this market for this fixture (bookmakers open different markets at different times before kickoff) -- genuinely unavailable, not a collector failure."
LALIGA2627_MW01_007_R.RacingClub_VillarrealCF,2026-27,1,2026-08-16,2026-08-16T15:00:00+00:00,R. Racing Club,Villarreal CF,,spreads,,,,,,,,,,,,,,,,,,unknown,,decimal,2026-09-22T10:25:41+00:00,none_available,,False,False,unavailable,2026-09-22,"The Odds API is configured and reachable, but has not yet posted this market for this fixture (bookmakers open different markets at different times before kickoff) -- genuinely unavailable, not a collector failure."
LALIGA2627_MW01_007_R.RacingClub_VillarrealCF,2026-27,1,2026-08-16,2026-08-16T15:00:00+00:00,R. Racing Club,Villarreal CF,,totals,,,,,,,,,,,,,,,,,,unknown,,decimal,2026-09-22T10:25:41+00:00,none_available,,False,False,unavailable,2026-09-22,"The Odds API is configured and reachable, but has not yet posted this market for this fixture (bookmakers open different markets at different times before kickoff) -- genuinely unavailable, not a collector failure."
LALIGA2627_MW01_005_RCDEspanyoldeBarcelona_LevanteUD,2026-27,1,2026-08-16,2026-08-16T17:00:00+00:00,RCD Espanyol de Barcelona,Levante UD,,h2h,,,,,,,,,,,,,,,,,,unknown,,decimal,2026-09-22T10:25:41+00:00,none_available,,False,False,unavailable,2026-09-22,"The Odds API is configured and reachable, but has not yet posted this market for this fixture (bookmakers open different markets at different times before kickoff) -- genuinely unavailable, not a collector failure."
LALIGA2627_MW01_005_RCDEspanyoldeBarcelona_LevanteUD,2026-27,1,2026-08-16,2026-08-16T17:00:00+00:00,RCD Espanyol de Barcelona,Levante UD,,spreads,,,,,,,,,,,,,,,,,,unknown,,decimal,2026-09-22T10:25:41+00:00,none_available,,False,False,unavailable,2026-09-22,"The Odds API is configured and reachable, but has not yet posted this market for this fixture (bookmakers open different markets at different times before kickoff) -- genuinely unavailable, not a collector failure."
LALIGA2627_MW01_005_RCDEspanyoldeBarcelona_LevanteUD,2026-27,1,2026-08-16,2026-08-16T17:00:00+00:00,RCD Espanyol de Barcelona,Levante UD,,totals,,,,,,,,,,,,,,,,,,unknown,,decimal,2026-09-22T10:25:41+00:00,none_available,,False,False,unavailable,2026-09-22,"The Odds API is configured and reachable, but has not yet posted this market for this fixture (bookmakers open different markets at different times before kickoff) -- genuinely unavailable, not a collector failure."
LALIGA2627_MW01_004_RCDeportivo_ElcheCF,2026-27,1,2026-08-17,2026-08-17T19:00:00+00:00,RC Deportivo,Elche CF,,h2h,,,,,,,,,,,,,,,,,,unknown,,decimal,2026-09-22T10:25:41+00:00,none_available,,False,False,unavailable,2026-09-22,"The Odds API is configured and reachable, but has not yet posted this market for this fixture (bookmakers open different markets at different times before kickoff) -- genuinely unavailable, not a collector failure."
LALIGA2627_MW01_004_RCDeportivo_ElcheCF,2026-27,1,2026-08-17,2026-08-17T19:00:00+00:00,RC Deportivo,Elche CF,,spreads,,,,,,,,,,,,,,,,,,unknown,,decimal,2026-09-22T10:25:41+00:00,none_available,,False,False,unavailable,2026-09-22,"The Odds API is configured and reachable, but has not yet posted this market for this fixture (bookmakers open different markets at different times before kickoff) -- genuinely unavailable, not a collector failure."
LALIGA2627_MW01_004_RCDeportivo_ElcheCF,2026-27,1,2026-08-17,2026-08-17T19:00:00+00:00,RC Deportivo,Elche CF,,totals,,,,,,,,,,,,,,,,,,unknown,,decimal,2026-09-22T10:25:41+00:00,none_available,,False,False,unavailable,2026-09-22,"The Odds API is configured and reachable, but has not yet posted this market for this fixture (bookmakers open different markets at different times before kickoff) -- genuinely unavailable, not a collector failure."
LALIGA2627_MW01_002_AtléticodeMadrid_MálagaCF,2026-27,1,2026-08-19,2026-08-19T19:00:00+00:00,Atlético de Madrid,Málaga CF,,h2h,,,,,,,,,,,,,,,,,,unknown,,decimal,2026-09-22T10:25:41+00:00,none_available,,False,False,unavailable,2026-09-22,"The Odds API is configured and reachable, but has not yet posted this market for this fixture (bookmakers open different markets at different times before kickoff) -- genuinely unavailable, not a collector failure."
LALIGA2627_MW01_002_AtléticodeMadrid_MálagaCF,2026-27,1,2026-08-19,2026-08-19T19:00:00+00:00,Atlético de Madrid,Málaga CF,,spreads,,,,,,,,,,,,,,,,,,unknown,,decimal,2026-09-22T10:25:41+00:00,none_available,,False,False,unavailable,2026-09-22,"The Odds API is configured and reachable, but has not yet posted this market for this fixture (bookmakers open different markets at different times before kickoff) -- genuinely unavailable, not a collector failure."
LALIGA2627_MW01_002_AtléticodeMadrid_MálagaCF,2026-27,1,2026-08-19,2026-08-19T19:00:00+00:00,Atlético de Madrid,Málaga CF,,totals,,,,,,,,,,,,,,,,,,unknown,,decimal,2026-09-22T10:25:41+00:00,none_available,,False,False,unavailable,2026-09-22,"The Odds API is configured and reachable, but has not yet posted this market for this fixture (bookmakers open different markets at different times before kickoff) -- genuinely unavailable, not a collector failure."
LALIGA2627_MW01_010_ValenciaCF_RealBetis,2026-27,1,2026-08-25,2026-08-25T19:00:00+00:00,Valencia CF,Real Betis,,h2h,,,,,,,,,,,,,,,,,,unknown,,decimal,2026-09-22T10:25:41+00:00,none_available,,False,False,unavailable,2026-09-22,"The Odds API is configured and reachable, but has not yet posted this market for this fixture (bookmakers open different markets at different times before kickoff) -- genuinely unavailable, not a collector failure."
LALIGA2627_MW01_010_ValenciaCF_RealBetis,2026-27,1,2026-08-25,2026-08-25T19:00:00+00:00,Valencia CF,Real Betis,,spreads,,,,,,,,,,,,,,,,,,unknown,,decimal,2026-09-22T10:25:41+00:00,none_available,,False,False,unavailable,2026-09-22,"The Odds API is configured and reachable, but has not yet posted this market for this fixture (bookmakers open different markets at different times before kickoff) -- genuinely unavailable, not a collector failure."
LALIGA2627_MW01_010_ValenciaCF_RealBetis,2026-27,1,2026-08-25,2026-08-25T19:00:00+00:00,Valencia CF,Real Betis,,totals,,,,,,,,,,,,,,,,,,unknown,,decimal,2026-09-22T10:25:41+00:00,none_available,,False,False,unavailable,2026-09-22,"The Odds API is configured and reachable, but has not yet posted this market for this fixture (bookmakers open different markets at different times before kickoff) -- genuinely unavailable, not a collector failure."
LALIGA2627_MW01_008_RealMadrid_RealSociedad,2026-27,1,2026-08-26,2026-08-26T19:00:00+00:00,Real Madrid,Real Sociedad,,h2h,,,,,,,,,,,,,,,,,,unknown,,decimal,2026-09-22T10:25:41+00:00,none_available,,False,False,unavailable,2026-09-22,"The Odds API is configured and reachable, but has not yet posted this market for this fixture (bookmakers open different markets at different times before kickoff) -- genuinely unavailable, not a collector failure."
LALIGA2627_MW01_008_RealMadrid_RealSociedad,2026-27,1,2026-08-26,2026-08-26T19:00:00+00:00,Real Madrid,Real Sociedad,,spreads,,,,,,,,,,,,,,,,,,unknown,,decimal,2026-09-22T10:25:41+00:00,none_available,,False,False,unavailable,2026-09-22,"The Odds API is configured and reachable, but has not yet posted this market for this fixture (bookmakers open different markets at different times before kickoff) -- genuinely unavailable, not a collector failure."
LALIGA2627_MW01_008_RealMadrid_RealSociedad,2026-27,1,2026-08-26,2026-08-26T19:00:00+00:00,Real Madrid,Real Sociedad,,totals,,,,,,,,,,,,,,,,,,unknown,,decimal,2026-09-22T10:25:41+00:00,none_available,,False,False,unavailable,2026-09-22,"The Odds API is configured and reachable, but has not yet posted this market for this fixture (bookmakers open different markets at different times before kickoff) -- genuinely unavailable, not a collector failure."
LALIGA2627_MW01_003_CeltaVigo_CAOsasuna,2026-27,1,2026-08-27,2026-08-27T18:30:00+00:00,Celta Vigo,CA Osasuna,,h2h,,,,,,,,,,,,,,,,,,unknown,,decimal,2026-09-22T10:25:41+00:00,none_available,,False,False,unavailable,2026-09-22,"The Odds API is configured and reachable, but has not yet posted this market for this fixture (bookmakers open different markets at different times before kickoff) -- genuinely unavailable, not a collector failure."
LALIGA2627_MW01_003_CeltaVigo_CAOsasuna,2026-27,1,2026-08-27,2026-08-27T18:30:00+00:00,Celta Vigo,CA Osasuna,,spreads,,,,,,,,,,,,,,,,,,unknown,,decimal,2026-09-22T10:25:41+00:00,none_available,,False,False,unavailable,2026-09-22,"The Odds API is configured and reachable, but has not yet posted this market for this fixture (bookmakers open different markets at different times before kickoff) -- genuinely unavailable, not a collector failure."
LALIGA2627_MW01_003_CeltaVigo_CAOsasuna,2026-27,1,2026-08-27,2026-08-27T18:30:00+00:00,Celta Vigo,CA Osasuna,,totals,,,,,,,,,,,,,,,,,,unknown,,decimal,2026-09-22T10:25:41+00:00,none_available,,False,False,unavailable,2026-09-22,"The Odds API is configured and reachable, but has not yet posted this market for this fixture (bookmakers open different markets at different times before kickoff) -- genuinely unavailable, not a collector failure."
LALIGA2627_MW01_006_FCBarcelona_AthleticClub,2026-27,1,2026-08-27,2026-08-27T19:00:00+00:00,FC Barcelona,Athletic Club,,h2h,,,,,,,,,,,,,,,,,,unknown,,decimal,2026-09-22T10:25:41+00:00,none_available,,False,False,unavailable,2026-09-22,"The Odds API is configured and reachable, but has not yet posted this market for this fixture (bookmakers open different markets at different times before kickoff) -- genuinely unavailable, not a collector failure."
LALIGA2627_MW01_006_FCBarcelona_AthleticClub,2026-27,1,2026-08-27,2026-08-27T19:00:00+00:00,FC Barcelona,Athletic Club,,spreads,,,,,,,,,,,,,,,,,,unknown,,decimal,2026-09-22T10:25:41+00:00,none_available,,False,False,unavailable,2026-09-22,"The Odds API is configured and reachable, but has not yet posted this market for this fixture (bookmakers open different markets at different times before kickoff) -- genuinely unavailable, not a collector failure."
LALIGA2627_MW01_006_FCBarcelona_AthleticClub,2026-27,1,2026-08-27,2026-08-27T19:00:00+00:00,FC Barcelona,Athletic Club,,totals,,,,,,,,,,,,,,,,,,unknown,,decimal,2026-09-22T10:25:41+00:00,none_available,,False,False,unavailable,2026-09-22,"The Odds API is configured and reachable, but has not yet posted this market for this fixture (bookmakers open different markets at different times before kickoff) -- genuinely unavailable, not a collector failure."
LALIGA2627_MW02_019_RayoVallecano_DeportivoAlavés,2026-27,2,2026-08-20,2026-08-20T19:00:00+00:00,Rayo Vallecano,Deportivo Alavés,,h2h,,,,,,,,,,,,,,,,,,unknown,,decimal,2026-09-22T10:25:41+00:00,none_available,,False,False,unavailable,2026-09-22,"The Odds API is configured and reachable, but has not yet posted this market for this fixture (bookmakers open different markets at different times before kickoff) -- genuinely unavailable, not a collector failure."
LALIGA2627_MW02_019_RayoVallecano_DeportivoAlavés,2026-27,2,2026-08-20,2026-08-20T19:00:00+00:00,Rayo Vallecano,Deportivo Alavés,,spreads,,,,,,,,,,,,,,,,,,unknown,,decimal,2026-09-22T10:25:41+00:00,none_available,,False,False,unavailable,2026-09-22,"The Odds API is configured and reachable, but has not yet posted this market for this fixture (bookmakers open different markets at different times before kickoff) -- genuinely unavailable, not a collector failure."
LALIGA2627_MW02_019_RayoVallecano_DeportivoAlavés,2026-27,2,2026-08-20,2026-08-20T19:00:00+00:00,Rayo Vallecano,Deportivo Alavés,,totals,,,,,,,,,,,,,,,,,,unknown,,decimal,2026-09-22T10:25:41+00:00,none_available,,False,False,unavailable,2026-09-22,"The Odds API is configured and reachable, but has not yet posted this market for this fixture (bookmakers open different markets at different times before kickoff) -- genuinely unavailable, not a collector failure."
LALIGA2627_MW02_013_RealBetis_RealSociedad,2026-27,2,2026-08-21,2026-08-21T19:00:00+00:00,Real Betis,Real Sociedad,,h2h,,,,,,,,,,,,,,,,,,unknown,,decimal,2026-09-22T10:25:41+00:00,none_available,,False,False,unavailable,2026-09-22,"The Odds API is configured and reachable, but has not yet posted this market for this fixture (bookmakers open different markets at different times before kickoff) -- genuinely unavailable, not a collector failure."
LALIGA2627_MW02_013_RealBetis_RealSociedad,2026-27,2,2026-08-21,2026-08-21T19:00:00+00:00,Real Betis,Real Sociedad,,spreads,,,,,,,,,,,,,,,,,,unknown,,decimal,2026-09-22T10:25:41+00:00,none_available,,False,False,unavailable,2026-09-22,"The Odds API is configured and reachable, but has not yet posted this market for this fixture (bookmakers open different markets at different times before kickoff) -- genuinely unavailable, not a collector failure."
LALIGA2627_MW02_013_RealBetis_RealSociedad,2026-27,2,2026-08-21,2026-08-21T19:00:00+00:00,Real Betis,Real Sociedad,,totals,,,,,,,,,,,,,,,,,,unknown,,decimal,2026-09-22T10:25:41+00:00,none_available,,False,False,unavailable,2026-09-22,"The Odds API is configured and reachable, but has not yet posted this market for this fixture (bookmakers open different markets at different times before kickoff) -- genuinely unavailable, not a collector failure."
LALIGA2627_MW02_011_AthleticClub_SevillaFC,2026-27,2,2026-08-22,2026-08-22T15:00:00+00:00,Athletic Club,Sevilla FC,,h2h,,,,,,,,,,,,,,,,,,unknown,,decimal,2026-09-22T10:25:41+00:00,none_available,,False,False,unavailable,2026-09-22,"The Odds API is configured and reachable, but has not yet posted this market for this fixture (bookmakers open different markets at different times before kickoff) -- genuinely unavailable, not a collector failure."
LALIGA2627_MW02_011_AthleticClub_SevillaFC,2026-27,2,2026-08-22,2026-08-22T15:00:00+00:00,Athletic Club,Sevilla FC,,spreads,,,,,,,,,,,,,,,,,,unknown,,decimal,2026-09-22T10:25:41+00:00,none_available,,False,False,unavailable,2026-09-22,"The Odds API is configured and reachable, but has not yet posted this market for this fixture (bookmakers open different markets at different times before kickoff) -- genuinely unavailable, not a collector failure."
LALIGA2627_MW02_011_AthleticClub_SevillaFC,2026-27,2,2026-08-22,2026-08-22T15:00:00+00:00,Athletic Club,Sevilla FC,,totals,,,,,,,,,,,,,,,,,,unknown,,decimal,2026-09-22T10:25:41+00:00,none_available,,False,False,unavailable,2026-09-22,"The Odds API is configured and reachable, but has not yet posted this market for this fixture (bookmakers open different markets at different times before kickoff) -- genuinely unavailable, not a collector failure."
LALIGA2627_MW02_020_ValenciaCF_CeltaVigo,2026-27,2,2026-08-22,2026-08-22T17:30:00+00:00,Valencia CF,Celta Vigo,,h2h,,,,,,,,,,,,,,,,,,unknown,,decimal,2026-09-22T10:25:41+00:00,none_available,,False,False,unavailable,2026-09-22,"The Odds API is configured and reachable, but has not yet posted this market for this fixture (bookmakers open different markets at different times before kickoff) -- genuinely unavailable, not a collector failure."
LALIGA2627_MW02_020_ValenciaCF_CeltaVigo,2026-27,2,2026-08-22,2026-08-22T17:30:00+00:00,Valencia CF,Celta Vigo,,spreads,,,,,,,,,,,,,,,,,,unknown,,decimal,2026-09-22T10:25:41+00:00,none_available,,False,False,unavailable,2026-09-22,"The Odds API is configured and reachable, but has not yet posted this market for this fixture (bookmakers open different markets at different times before kickoff) -- genuinely unavailable, not a collector failure."
LALIGA2627_MW02_020_ValenciaCF_CeltaVigo,2026-27,2,2026-08-22,2026-08-22T17:30:00+00:00,Valencia CF,Celta Vigo,,totals,,,,,,,,,,,,,,,,,,unknown,,decimal,2026-09-22T10:25:41+00:00,none_available,,False,False,unavailable,2026-09-22,"The Odds API is configured and reachable, but has not yet posted this market for this fixture (bookmakers open different markets at different times before kickoff) -- genuinely unavailable, not a collector failure."
LALIGA2627_MW02_015_RCDEspanyoldeBarcelona_RealMadrid,2026-27,2,2026-08-22,2026-08-22T19:30:00+00:00,RCD Espanyol de Barcelona,Real Madrid,,h2h,,,,,,,,,,,,,,,,,,unknown,,decimal,2026-09-22T10:25:41+00:00,none_available,,False,False,unavailable,2026-09-22,"The Odds API is configured and reachable, but has not yet posted this market for this fixture (bookmakers open different markets at different times before kickoff) -- genuinely unavailable, not a collector failure."
LALIGA2627_MW02_015_RCDEspanyoldeBarcelona_RealMadrid,2026-27,2,2026-08-22,2026-08-22T19:30:00+00:00,RCD Espanyol de Barcelona,Real Madrid,,spreads,,,,,,,,,,,,,,,,,,unknown,,decimal,2026-09-22T10:25:41+00:00,none_available,,False,False,unavailable,2026-09-22,"The Odds API is configured and reachable, but has not yet posted this market for this fixture (bookmakers open different markets at different times before kickoff) -- genuinely unavailable, not a collector failure."
LALIGA2627_MW02_015_RCDEspanyoldeBarcelona_RealMadrid,2026-27,2,2026-08-22,2026-08-22T19:30:00+00:00,RCD Espanyol de Barcelona,Real Madrid,,totals,,,,,,,,,,,,,,,,,,unknown,,decimal,2026-09-22T10:25:41+00:00,none_available,,False,False,unavailable,2026-09-22,"The Odds API is configured and reachable, but has not yet posted this market for this fixture (bookmakers open different markets at different times before kickoff) -- genuinely unavailable, not a collector failure."
LALIGA2627_MW02_012_AtléticodeMadrid_VillarrealCF,2026-27,2,2026-08-23,2026-08-23T15:00:00+00:00,Atlético de Madrid,Villarreal CF,,h2h,,,,,,,,,,,,,,,,,,unknown,,decimal,2026-09-22T10:25:41+00:00,none_available,,False,False,unavailable,2026-09-22,"The Odds API is configured and reachable, but has not yet posted this market for this fixture (bookmakers open different markets at different times before kickoff) -- genuinely unavailable, not a collector failure."
LALIGA2627_MW02_012_AtléticodeMadrid_VillarrealCF,2026-27,2,2026-08-23,2026-08-23T15:00:00+00:00,Atlético de Madrid,Villarreal CF,,spreads,,,,,,,,,,,,,,,,,,unknown,,decimal,2026-09-22T10:25:41+00:00,none_available,,False,False,unavailable,2026-09-22,"The Odds API is configured and reachable, but has not yet posted this market for this fixture (bookmakers open different markets at different times before kickoff) -- genuinely unavailable, not a collector failure."
LALIGA2627_MW02_012_AtléticodeMadrid_VillarrealCF,2026-27,2,2026-08-23,2026-08-23T15:00:00+00:00,Atlético de Madrid,Villarreal CF,,totals,,,,,,,,,,,,,,,,,,unknown,,decimal,2026-09-22T10:25:41+00:00,none_available,,False,False,unavailable,2026-09-22,"The Odds API is configured and reachable, but has not yet posted this market for this fixture (bookmakers open different markets at different times before kickoff) -- genuinely unavailable, not a collector failure."
LALIGA2627_MW02_016_GetafeCF_R.RacingClub,2026-27,2,2026-08-23,2026-08-23T17:30:00+00:00,Getafe CF,R. Racing Club,,h2h,,,,,,,,,,,,,,,,,,unknown,,decimal,2026-09-22T10:25:41+00:00,none_available,,False,False,unavailable,2026-09-22,"The Odds API is configured and reachable, but has not yet posted this market for this fixture (bookmakers open different markets at different times before kickoff) -- genuinely unavailable, not a collector failure."
LALIGA2627_MW02_016_GetafeCF_R.RacingClub,2026-27,2,2026-08-23,2026-08-23T17:30:00+00:00,Getafe CF,R. Racing Club,,spreads,,,,,,,,,,,,,,,,,,unknown,,decimal,2026-09-22T10:25:41+00:00,none_available,,False,False,unavailable,2026-09-22,"The Odds API is configured and reachable, but has not yet posted this market for this fixture (bookmakers open different markets at different times before kickoff) -- genuinely unavailable, not a collector failure."
LALIGA2627_MW02_016_GetafeCF_R.RacingClub,2026-27,2,2026-08-23,2026-08-23T17:30:00+00:00,Getafe CF,R. Racing Club,,totals,,,,,,,,,,,,,,,,,,unknown,,decimal,2026-09-22T10:25:41+00:00,none_available,,False,False,unavailable,2026-09-22,"The Odds API is configured and reachable, but has not yet posted this market for this fixture (bookmakers open different markets at different times before kickoff) -- genuinely unavailable, not a collector failure."
LALIGA2627_MW02_014_ElcheCF_FCBarcelona,2026-27,2,2026-08-23,2026-08-23T19:30:00+00:00,Elche CF,FC Barcelona,,h2h,,,,,,,,,,,,,,,,,,unknown,,decimal,2026-09-22T10:25:41+00:00,none_available,,False,False,unavailable,2026-09-22,"The Odds API is configured and reachable, but has not yet posted this market for this fixture (bookmakers open different markets at different times before kickoff) -- genuinely unavailable, not a collector failure."
LALIGA2627_MW02_014_ElcheCF_FCBarcelona,2026-27,2,2026-08-23,2026-08-23T19:30:00+00:00,Elche CF,FC Barcelona,,spreads,,,,,,,,,,,,,,,,,,unknown,,decimal,2026-09-22T10:25:41+00:00,none_available,,False,False,unavailable,2026-09-22,"The Odds API is configured and reachable, but has not yet posted this market for this fixture (bookmakers open different markets at different times before kickoff) -- genuinely unavailable, not a collector failure."
LALIGA2627_MW02_014_ElcheCF_FCBarcelona,2026-27,2,2026-08-23,2026-08-23T19:30:00+00:00,Elche CF,FC Barcelona,,totals,,,,,,,,,,,,,,,,,,unknown,,decimal,2026-09-22T10:25:41+00:00,none_available,,False,False,unavailable,2026-09-22,"The Odds API is configured and reachable, but has not yet posted this market for this fixture (bookmakers open different markets at different times before kickoff) -- genuinely unavailable, not a collector failure."
LALIGA2627_MW02_018_CAOsasuna_LevanteUD,2026-27,2,2026-08-24,2026-08-24T17:30:00+00:00,CA Osasuna,Levante UD,,h2h,,,,,,,,,,,,,,,,,,unknown,,decimal,2026-09-22T10:25:41+00:00,none_available,,False,False,unavailable,2026-09-22,"The Odds API is configured and reachable, but has not yet posted this market for this fixture (bookmakers open different markets at different times before kickoff) -- genuinely unavailable, not a collector failure."
LALIGA2627_MW02_018_CAOsasuna_LevanteUD,2026-27,2,2026-08-24,2026-08-24T17:30:00+00:00,CA Osasuna,Levante UD,,spreads,,,,,,,,,,,,,,,,,,unknown,,decimal,2026-09-22T10:25:41+00:00,none_available,,False,False,unavailable,2026-09-22,"The Odds API is configured and reachable, but has not yet posted this market for this fixture (bookmakers open different markets at different times before kickoff) -- genuinely unavailable, not a collector failure."
LALIGA2627_MW02_018_CAOsasuna_LevanteUD,2026-27,2,2026-08-24,2026-08-24T17:30:00+00:00,CA Osasuna,Levante UD,,totals,,,,,,,,,,,,,,,,,,unknown,,decimal,2026-09-22T10:25:41+00:00,none_available,,False,False,unavailable,2026-09-22,"The Odds API is configured and reachable, but has not yet posted this market for this fixture (bookmakers open different markets at different times before kickoff) -- genuinely unavailable, not a collector failure."
LALIGA2627_MW02_017_MálagaCF_RCDeportivo,2026-27,2,2026-08-24,2026-08-24T19:30:00+00:00,Málaga CF,RC Deportivo,,h2h,,,,,,,,,,,,,,,,,,unknown,,decimal,2026-09-22T10:25:41+00:00,none_available,,False,False,unavailable,2026-09-22,"The Odds API is configured and reachable, but has not yet posted this market for this fixture (bookmakers open different markets at different times before kickoff) -- genuinely unavailable, not a collector failure."
LALIGA2627_MW02_017_MálagaCF_RCDeportivo,2026-27,2,2026-08-24,2026-08-24T19:30:00+00:00,Málaga CF,RC Deportivo,,spreads,,,,,,,,,,,,,,,,,,unknown,,decimal,2026-09-22T10:25:41+00:00,none_available,,False,False,unavailable,2026-09-22,"The Odds API is configured and reachable, but has not yet posted this market for this fixture (bookmakers open different markets at different times before kickoff) -- genuinely unavailable, not a collector failure."
LALIGA2627_MW02_017_MálagaCF_RCDeportivo,2026-27,2,2026-08-24,2026-08-24T19:30:00+00:00,Málaga CF,RC Deportivo,,totals,,,,,,,,,,,,,,,,,,unknown,,decimal,2026-09-22T10:25:41+00:00,none_available,,False,False,unavailable,2026-09-22,"The Odds API is configured and reachable, but has not yet posted this market for this fixture (bookmakers open different markets at different times before kickoff) -- genuinely unavailable, not a collector failure."
LALIGA2627_MW03_027_R.RacingClub_ElcheCF,2026-27,3,2026-08-28,2026-08-28T17:00:00+00:00,R. Racing Club,Elche CF,,h2h,,,,,,,,,,,,,,,,,,unknown,,decimal,2026-09-22T10:25:41+00:00,none_available,,False,False,unavailable,2026-09-22,"The Odds API is configured and reachable, but has not yet posted this market for this fixture (bookmakers open different markets at different times before kickoff) -- genuinely unavailable, not a collector failure."
LALIGA2627_MW03_027_R.RacingClub_ElcheCF,2026-27,3,2026-08-28,2026-08-28T17:00:00+00:00,R. Racing Club,Elche CF,,spreads,,,,,,,,,,,,,,,,,,unknown,,decimal,2026-09-22T10:25:41+00:00,none_available,,False,False,unavailable,2026-09-22,"The Odds API is configured and reachable, but has not yet posted this market for this fixture (bookmakers open different markets at different times before kickoff) -- genuinely unavailable, not a collector failure."
LALIGA2627_MW03_027_R.RacingClub_ElcheCF,2026-27,3,2026-08-28,2026-08-28T17:00:00+00:00,R. Racing Club,Elche CF,,totals,,,,,,,,,,,,,,,,,,unknown,,decimal,2026-09-22T10:25:41+00:00,none_available,,False,False,unavailable,2026-09-22,"The Odds API is configured and reachable, but has not yet posted this market for this fixture (bookmakers open different markets at different times before kickoff) -- genuinely unavailable, not a collector failure."
LALIGA2627_MW03_021_DeportivoAlavés_VillarrealCF,2026-27,3,2026-08-28,2026-08-28T19:30:00+00:00,Deportivo Alavés,Villarreal CF,,h2h,,,,,,,,,,,,,,,,,,unknown,,decimal,2026-09-22T10:25:41+00:00,none_available,,False,False,unavailable,2026-09-22,"The Odds API is configured and reachable, but has not yet posted this market for this fixture (bookmakers open different markets at different times before kickoff) -- genuinely unavailable, not a collector failure."
LALIGA2627_MW03_021_DeportivoAlavés_VillarrealCF,2026-27,3,2026-08-28,2026-08-28T19:30:00+00:00,Deportivo Alavés,Villarreal CF,,spreads,,,,,,,,,,,,,,,,,,unknown,,decimal,2026-09-22T10:25:41+00:00,none_available,,False,False,unavailable,2026-09-22,"The Odds API is configured and reachable, but has not yet posted this market for this fixture (bookmakers open different markets at different times before kickoff) -- genuinely unavailable, not a collector failure."
LALIGA2627_MW03_021_DeportivoAlavés_VillarrealCF,2026-27,3,2026-08-28,2026-08-28T19:30:00+00:00,Deportivo Alavés,Villarreal CF,,totals,,,,,,,,,,,,,,,,,,unknown,,decimal,2026-09-22T10:25:41+00:00,none_available,,False,False,unavailable,2026-09-22,"The Odds API is configured and reachable, but has not yet posted this market for this fixture (bookmakers open different markets at different times before kickoff) -- genuinely unavailable, not a collector failure."
LALIGA2627_MW03_025_LevanteUD_RealBetis,2026-27,3,2026-08-29,2026-08-29T15:00:00+00:00,Levante UD,Real Betis,,h2h,,,,,,,,,,,,,,,,,,unknown,,decimal,2026-09-22T10:25:41+00:00,none_available,,False,False,unavailable,2026-09-22,"The Odds API is configured and reachable, but has not yet posted this market for this fixture (bookmakers open different markets at different times before kickoff) -- genuinely unavailable, not a collector failure."
LALIGA2627_MW03_025_LevanteUD_RealBetis,2026-27,3,2026-08-29,2026-08-29T15:00:00+00:00,Levante UD,Real Betis,,spreads,,,,,,,,,,,,,,,,,,unknown,,decimal,2026-09-22T10:25:41+00:00,none_available,,False,False,unavailable,2026-09-22,"The Odds API is configured and reachable, but has not yet posted this market for this fixture (bookmakers open different markets at different times before kickoff) -- genuinely unavailable, not a collector failure."
LALIGA2627_MW03_025_LevanteUD_RealBetis,2026-27,3,2026-08-29,2026-08-29T15:00:00+00:00,Levante UD,Real Betis,,totals,,,,,,,,,,,,,,,,,,unknown,,decimal,2026-09-22T10:25:41+00:00,none_available,,False,False,unavailable,2026-09-22,"The Odds API is configured and reachable, but has not yet posted this market for this fixture (bookmakers open different markets at different times before kickoff) -- genuinely unavailable, not a collector failure."
LALIGA2627_MW03_029_RealSociedad_RCDEspanyoldeBarcelona,2026-27,3,2026-08-29,2026-08-29T17:00:00+00:00,Real Sociedad,RCD Espanyol de Barcelona,,h2h,,,,,,,,,,,,,,,,,,unknown,,decimal,2026-09-22T10:25:41+00:00,none_available,,False,False,unavailable,2026-09-22,"The Odds API is configured and reachable, but has not yet posted this market for this fixture (bookmakers open different markets at different times before kickoff) -- genuinely unavailable, not a collector failure."
LALIGA2627_MW03_029_RealSociedad_RCDEspanyoldeBarcelona,2026-27,3,2026-08-29,2026-08-29T17:00:00+00:00,Real Sociedad,RCD Espanyol de Barcelona,,spreads,,,,,,,,,,,,,,,,,,unknown,,decimal,2026-09-22T10:25:41+00:00,none_available,,False,False,unavailable,2026-09-22,"The Odds API is configured and reachable, but has not yet posted this market for this fixture (bookmakers open different markets at different times before kickoff) -- genuinely unavailable, not a collector failure."
LALIGA2627_MW03_029_RealSociedad_RCDEspanyoldeBarcelona,2026-27,3,2026-08-29,2026-08-29T17:00:00+00:00,Real Sociedad,RCD Espanyol de Barcelona,,totals,,,,,,,,,,,,,,,,,,unknown,,decimal,2026-09-22T10:25:41+00:00,none_available,,False,False,unavailable,2026-09-22,"The Odds API is configured and reachable, but has not yet posted this market for this fixture (bookmakers open different markets at different times before kickoff) -- genuinely unavailable, not a collector failure."
LALIGA2627_MW03_030_SevillaFC_AtléticodeMadrid,2026-27,3,2026-08-29,2026-08-29T19:30:00+00:00,Sevilla FC,Atlético de Madrid,,h2h,,,,,,,,,,,,,,,,,,unknown,,decimal,2026-09-22T10:25:41+00:00,none_available,,False,False,unavailable,2026-09-22,"The Odds API is configured and reachable, but has not yet posted this market for this fixture (bookmakers open different markets at different times before kickoff) -- genuinely unavailable, not a collector failure."
LALIGA2627_MW03_030_SevillaFC_AtléticodeMadrid,2026-27,3,2026-08-29,2026-08-29T19:30:00+00:00,Sevilla FC,Atlético de Madrid,,spreads,,,,,,,,,,,,,,,,,,unknown,,decimal,2026-09-22T10:25:41+00:00,none_available,,False,False,unavailable,2026-09-22,"The Odds API is configured and reachable, but has not yet posted this market for this fixture (bookmakers open different markets at different times before kickoff) -- genuinely unavailable, not a collector failure."
LALIGA2627_MW03_030_SevillaFC_AtléticodeMadrid,2026-27,3,2026-08-29,2026-08-29T19:30:00+00:00,Sevilla FC,Atlético de Madrid,,totals,,,,,,,,,,,,,,,,,,unknown,,decimal,2026-09-22T10:25:41+00:00,none_available,,False,False,unavailable,2026-09-22,"The Odds API is configured and reachable, but has not yet posted this market for this fixture (bookmakers open different markets at different times before kickoff) -- genuinely unavailable, not a collector failure."
LALIGA2627_MW03_028_RealMadrid_MálagaCF,2026-27,3,2026-08-30,2026-08-30T15:00:00+00:00,Real Madrid,Málaga CF,,h2h,,,,,,,,,,,,,,,,,,unknown,,decimal,2026-09-22T10:25:41+00:00,none_available,,False,False,unavailable,2026-09-22,"The Odds API is configured and reachable, but has not yet posted this market for this fixture (bookmakers open different markets at different times before kickoff) -- genuinely unavailable, not a collector failure."
LALIGA2627_MW03_028_RealMadrid_MálagaCF,2026-27,3,2026-08-30,2026-08-30T15:00:00+00:00,Real Madrid,Málaga CF,,spreads,,,,,,,,,,,,,,,,,,unknown,,decimal,2026-09-22T10:25:41+00:00,none_available,,False,False,unavailable,2026-09-22,"The Odds API is configured and reachable, but has not yet posted this market for this fixture (bookmakers open different markets at different times before kickoff) -- genuinely unavailable, not a collector failure."
LALIGA2627_MW03_028_RealMadrid_MálagaCF,2026-27,3,2026-08-30,2026-08-30T15:00:00+00:00,Real Madrid,Málaga CF,,totals,,,,,,,,,,,,,,,,,,unknown,,decimal,2026-09-22T10:25:41+00:00,none_available,,False,False,unavailable,2026-09-22,"The Odds API is configured and reachable, but has not yet posted this market for this fixture (bookmakers open different markets at different times before kickoff) -- genuinely unavailable, not a collector failure."
LALIGA2627_MW03_023_RCDeportivo_ValenciaCF,2026-27,3,2026-08-30,2026-08-30T17:30:00+00:00,RC Deportivo,Valencia CF,,h2h,,,,,,,,,,,,,,,,,,unknown,,decimal,2026-09-22T10:25:41+00:00,none_available,,False,False,unavailable,2026-09-22,"The Odds API is configured and reachable, but has not yet posted this market for this fixture (bookmakers open different markets at different times before kickoff) -- genuinely unavailable, not a collector failure."
LALIGA2627_MW03_023_RCDeportivo_ValenciaCF,2026-27,3,2026-08-30,2026-08-30T17:30:00+00:00,RC Deportivo,Valencia CF,,spreads,,,,,,,,,,,,,,,,,,unknown,,decimal,2026-09-22T10:25:41+00:00,none_available,,False,False,unavailable,2026-09-22,"The Odds API is configured and reachable, but has not yet posted this market for this fixture (bookmakers open different markets at different times before kickoff) -- genuinely unavailable, not a collector failure."
LALIGA2627_MW03_023_RCDeportivo_ValenciaCF,2026-27,3,2026-08-30,2026-08-30T17:30:00+00:00,RC Deportivo,Valencia CF,,totals,,,,,,,,,,,,,,,,,,unknown,,decimal,2026-09-22T10:25:41+00:00,none_available,,False,False,unavailable,2026-09-22,"The Odds API is configured and reachable, but has not yet posted this market for this fixture (bookmakers open different markets at different times before kickoff) -- genuinely unavailable, not a collector failure."
LALIGA2627_MW03_022_CeltaVigo_AthleticClub,2026-27,3,2026-08-30,2026-08-30T19:30:00+00:00,Celta Vigo,Athletic Club,,h2h,,,,,,,,,,,,,,,,,,unknown,,decimal,2026-09-22T10:25:41+00:00,none_available,,False,False,unavailable,2026-09-22,"The Odds API is configured and reachable, but has not yet posted this market for this fixture (bookmakers open different markets at different times before kickoff) -- genuinely unavailable, not a collector failure."
LALIGA2627_MW03_022_CeltaVigo_AthleticClub,2026-27,3,2026-08-30,2026-08-30T19:30:00+00:00,Celta Vigo,Athletic Club,,spreads,,,,,,,,,,,,,,,,,,unknown,,decimal,2026-09-22T10:25:41+00:00,none_available,,False,False,unavailable,2026-09-22,"The Odds API is configured and reachable, but has not yet posted this market for this fixture (bookmakers open different markets at different times before kickoff) -- genuinely unavailable, not a collector failure."
LALIGA2627_MW03_022_CeltaVigo_AthleticClub,2026-27,3,2026-08-30,2026-08-30T19:30:00+00:00,Celta Vigo,Athletic Club,,totals,,,,,,,,,,,,,,,,,,unknown,,decimal,2026-09-22T10:25:41+00:00,none_available,,False,False,unavailable,2026-09-22,"The Odds API is configured and reachable, but has not yet posted this market for this fixture (bookmakers open different markets at different times before kickoff) -- genuinely unavailable, not a collector failure."
LALIGA2627_MW03_026_CAOsasuna_GetafeCF,2026-27,3,2026-08-31,2026-08-31T17:30:00+00:00,CA Osasuna,Getafe CF,,h2h,,,,,,,,,,,,,,,,,,unknown,,decimal,2026-09-22T10:25:41+00:00,none_available,,False,False,unavailable,2026-09-22,"The Odds API is configured and reachable, but has not yet posted this market for this fixture (bookmakers open different markets at different times before kickoff) -- genuinely unavailable, not a collector failure."
LALIGA2627_MW03_026_CAOsasuna_GetafeCF,2026-27,3,2026-08-31,2026-08-31T17:30:00+00:00,CA Osasuna,Getafe CF,,spreads,,,,,,,,,,,,,,,,,,unknown,,decimal,2026-09-22T10:25:41+00:00,none_available,,False,False,unavailable,2026-09-22,"The Odds API is configured and reachable, but has not yet posted this market for this fixture (bookmakers open different markets at different times before kickoff) -- genuinely unavailable, not a collector failure."
LALIGA2627_MW03_026_CAOsasuna_GetafeCF,2026-27,3,2026-08-31,2026-08-31T17:30:00+00:00,CA Osasuna,Getafe CF,,totals,,,,,,,,,,,,,,,,,,unknown,,decimal,2026-09-22T10:25:41+00:00,none_available,,False,False,unavailable,2026-09-22,"The Odds API is configured and reachable, but has not yet posted this market for this fixture (bookmakers open different markets at different times before kickoff) -- genuinely unavailable, not a collector failure."
LALIGA2627_MW03_024_FCBarcelona_RayoVallecano,2026-27,3,2026-08-31,2026-08-31T19:30:00+00:00,FC Barcelona,Rayo Vallecano,,h2h,,,,,,,,,,,,,,,,,,unknown,,decimal,2026-09-22T10:25:41+00:00,none_available,,False,False,unavailable,2026-09-22,"The Odds API is configured and reachable, but has not yet posted this market for this fixture (bookmakers open different markets at different times before kickoff) -- genuinely unavailable, not a collector failure."
LALIGA2627_MW03_024_FCBarcelona_RayoVallecano,2026-27,3,2026-08-31,2026-08-31T19:30:00+00:00,FC Barcelona,Rayo Vallecano,,spreads,,,,,,,,,,,,,,,,,,unknown,,decimal,2026-09-22T10:25:41+00:00,none_available,,False,False,unavailable,2026-09-22,"The Odds API is configured and reachable, but has not yet posted this market for this fixture (bookmakers open different markets at different times before kickoff) -- genuinely unavailable, not a collector failure."
LALIGA2627_MW03_024_FCBarcelona_RayoVallecano,2026-27,3,2026-08-31,2026-08-31T19:30:00+00:00,FC Barcelona,Rayo Vallecano,,totals,,,,,,,,,,,,,,,,,,unknown,,decimal,2026-09-22T10:25:41+00:00,none_available,,False,False,unavailable,2026-09-22,"The Odds API is configured and reachable, but has not yet posted this market for this fixture (bookmakers open different markets at different times before kickoff) -- genuinely unavailable, not a collector failure."
LALIGA2627_MW04_033_RealBetis_RealMadrid,2026-27,4,2026-09-04,2026-09-04T19:00:00+00:00,Real Betis,Real Madrid,,h2h,,,,,,,,,,,,,,,,,,unknown,,decimal,2026-09-22T10:25:41+00:00,none_available,,False,False,unavailable,2026-09-22,"The Odds API is configured and reachable, but has not yet posted this market for this fixture (bookmakers open different markets at different times before kickoff) -- genuinely unavailable, not a collector failure."
LALIGA2627_MW04_033_RealBetis_RealMadrid,2026-27,4,2026-09-04,2026-09-04T19:00:00+00:00,Real Betis,Real Madrid,,spreads,,,,,,,,,,,,,,,,,,unknown,,decimal,2026-09-22T10:25:41+00:00,none_available,,False,False,unavailable,2026-09-22,"The Odds API is configured and reachable, but has not yet posted this market for this fixture (bookmakers open different markets at different times before kickoff) -- genuinely unavailable, not a collector failure."
LALIGA2627_MW04_033_RealBetis_RealMadrid,2026-27,4,2026-09-04,2026-09-04T19:00:00+00:00,Real Betis,Real Madrid,,totals,,,,,,,,,,,,,,,,,,unknown,,decimal,2026-09-22T10:25:41+00:00,none_available,,False,False,unavailable,2026-09-22,"The Odds API is configured and reachable, but has not yet posted this market for this fixture (bookmakers open different markets at different times before kickoff) -- genuinely unavailable, not a collector failure."
LALIGA2627_MW04_032_AthleticClub_AtléticodeMadrid,2026-27,4,2026-09-05,2026-09-05T14:15:00+00:00,Athletic Club,Atlético de Madrid,,h2h,,,,,,,,,,,,,,,,,,unknown,,decimal,2026-09-22T10:25:41+00:00,none_available,,False,False,unavailable,2026-09-22,"The Odds API is configured and reachable, but has not yet posted this market for this fixture (bookmakers open different markets at different times before kickoff) -- genuinely unavailable, not a collector failure."
LALIGA2627_MW04_032_AthleticClub_AtléticodeMadrid,2026-27,4,2026-09-05,2026-09-05T14:15:00+00:00,Athletic Club,Atlético de Madrid,,spreads,,,,,,,,,,,,,,,,,,unknown,,decimal,2026-09-22T10:25:41+00:00,none_available,,False,False,unavailable,2026-09-22,"The Odds API is configured and reachable, but has not yet posted this market for this fixture (bookmakers open different markets at different times before kickoff) -- genuinely unavailable, not a collector failure."
LALIGA2627_MW04_032_AthleticClub_AtléticodeMadrid,2026-27,4,2026-09-05,2026-09-05T14:15:00+00:00,Athletic Club,Atlético de Madrid,,totals,,,,,,,,,,,,,,,,,,unknown,,decimal,2026-09-22T10:25:41+00:00,none_available,,False,False,unavailable,2026-09-22,"The Odds API is configured and reachable, but has not yet posted this market for this fixture (bookmakers open different markets at different times before kickoff) -- genuinely unavailable, not a collector failure."
LALIGA2627_MW04_038_RayoVallecano_R.RacingClub,2026-27,4,2026-09-05,2026-09-05T16:30:00+00:00,Rayo Vallecano,R. Racing Club,,h2h,,,,,,,,,,,,,,,,,,unknown,,decimal,2026-09-22T10:25:41+00:00,none_available,,False,False,unavailable,2026-09-22,"The Odds API is configured and reachable, but has not yet posted this market for this fixture (bookmakers open different markets at different times before kickoff) -- genuinely unavailable, not a collector failure."
LALIGA2627_MW04_038_RayoVallecano_R.RacingClub,2026-27,4,2026-09-05,2026-09-05T16:30:00+00:00,Rayo Vallecano,R. Racing Club,,spreads,,,,,,,,,,,,,,,,,,unknown,,decimal,2026-09-22T10:25:41+00:00,none_available,,False,False,unavailable,2026-09-22,"The Odds API is configured and reachable, but has not yet posted this market for this fixture (bookmakers open different markets at different times before kickoff) -- genuinely unavailable, not a collector failure."
LALIGA2627_MW04_038_RayoVallecano_R.RacingClub,2026-27,4,2026-09-05,2026-09-05T16:30:00+00:00,Rayo Vallecano,R. Racing Club,,totals,,,,,,,,,,,,,,,,,,unknown,,decimal,2026-09-22T10:25:41+00:00,none_available,,False,False,unavailable,2026-09-22,"The Odds API is configured and reachable, but has not yet posted this market for this fixture (bookmakers open different markets at different times before kickoff) -- genuinely unavailable, not a collector failure."
LALIGA2627_MW04_040_VillarrealCF_RCDeportivo,2026-27,4,2026-09-05,2026-09-05T19:00:00+00:00,Villarreal CF,RC Deportivo,,h2h,,,,,,,,,,,,,,,,,,unknown,,decimal,2026-09-22T10:25:41+00:00,none_available,,False,False,unavailable,2026-09-22,"The Odds API is configured and reachable, but has not yet posted this market for this fixture (bookmakers open different markets at different times before kickoff) -- genuinely unavailable, not a collector failure."
LALIGA2627_MW04_040_VillarrealCF_RCDeportivo,2026-27,4,2026-09-05,2026-09-05T19:00:00+00:00,Villarreal CF,RC Deportivo,,spreads,,,,,,,,,,,,,,,,,,unknown,,decimal,2026-09-22T10:25:41+00:00,none_available,,False,False,unavailable,2026-09-22,"The Odds API is configured and reachable, but has not yet posted this market for this fixture (bookmakers open different markets at different times before kickoff) -- genuinely unavailable, not a collector failure."
LALIGA2627_MW04_040_VillarrealCF_RCDeportivo,2026-27,4,2026-09-05,2026-09-05T19:00:00+00:00,Villarreal CF,RC Deportivo,,totals,,,,,,,,,,,,,,,,,,unknown,,decimal,2026-09-22T10:25:41+00:00,none_available,,False,False,unavailable,2026-09-22,"The Odds API is configured and reachable, but has not yet posted this market for this fixture (bookmakers open different markets at different times before kickoff) -- genuinely unavailable, not a collector failure."
LALIGA2627_MW04_039_ValenciaCF_FCBarcelona,2026-27,4,2026-09-06,2026-09-06T14:15:00+00:00,Valencia CF,FC Barcelona,,h2h,,,,,,,,,,,,,,,,,,unknown,,decimal,2026-09-22T10:25:41+00:00,none_available,,False,False,unavailable,2026-09-22,"The Odds API is configured and reachable, but has not yet posted this market for this fixture (bookmakers open different markets at different times before kickoff) -- genuinely unavailable, not a collector failure."
LALIGA2627_MW04_039_ValenciaCF_FCBarcelona,2026-27,4,2026-09-06,2026-09-06T14:15:00+00:00,Valencia CF,FC Barcelona,,spreads,,,,,,,,,,,,,,,,,,unknown,,decimal,2026-09-22T10:25:41+00:00,none_available,,False,False,unavailable,2026-09-22,"The Odds API is configured and reachable, but has not yet posted this market for this fixture (bookmakers open different markets at different times before kickoff) -- genuinely unavailable, not a collector failure."
LALIGA2627_MW04_039_ValenciaCF_FCBarcelona,2026-27,4,2026-09-06,2026-09-06T14:15:00+00:00,Valencia CF,FC Barcelona,,totals,,,,,,,,,,,,,,,,,,unknown,,decimal,2026-09-22T10:25:41+00:00,none_available,,False,False,unavailable,2026-09-22,"The Odds API is configured and reachable, but has not yet posted this market for this fixture (bookmakers open different markets at different times before kickoff) -- genuinely unavailable, not a collector failure."
LALIGA2627_MW04_031_DeportivoAlavés_CAOsasuna,2026-27,4,2026-09-06,2026-09-06T16:30:00+00:00,Deportivo Alavés,CA Osasuna,,h2h,,,,,,,,,,,,,,,,,,unknown,,decimal,2026-09-22T10:25:41+00:00,none_available,,False,False,unavailable,2026-09-22,"The Odds API is configured and reachable, but has not yet posted this market for this fixture (bookmakers open different markets at different times before kickoff) -- genuinely unavailable, not a collector failure."
LALIGA2627_MW04_031_DeportivoAlavés_CAOsasuna,2026-27,4,2026-09-06,2026-09-06T16:30:00+00:00,Deportivo Alavés,CA Osasuna,,spreads,,,,,,,,,,,,,,,,,,unknown,,decimal,2026-09-22T10:25:41+00:00,none_available,,False,False,unavailable,2026-09-22,"The Odds API is configured and reachable, but has not yet posted this market for this fixture (bookmakers open different markets at different times before kickoff) -- genuinely unavailable, not a collector failure."
LALIGA2627_MW04_031_DeportivoAlavés_CAOsasuna,2026-27,4,2026-09-06,2026-09-06T16:30:00+00:00,Deportivo Alavés,CA Osasuna,,totals,,,,,,,,,,,,,,,,,,unknown,,decimal,2026-09-22T10:25:41+00:00,none_available,,False,False,unavailable,2026-09-22,"The Odds API is configured and reachable, but has not yet posted this market for this fixture (bookmakers open different markets at different times before kickoff) -- genuinely unavailable, not a collector failure."
LALIGA2627_MW04_037_MálagaCF_LevanteUD,2026-27,4,2026-09-06,2026-09-06T16:30:00+00:00,Málaga CF,Levante UD,,h2h,,,,,,,,,,,,,,,,,,unknown,,decimal,2026-09-22T10:25:41+00:00,none_available,,False,False,unavailable,2026-09-22,"The Odds API is configured and reachable, but has not yet posted this market for this fixture (bookmakers open different markets at different times before kickoff) -- genuinely unavailable, not a collector failure."
LALIGA2627_MW04_037_MálagaCF_LevanteUD,2026-27,4,2026-09-06,2026-09-06T16:30:00+00:00,Málaga CF,Levante UD,,spreads,,,,,,,,,,,,,,,,,,unknown,,decimal,2026-09-22T10:25:41+00:00,none_available,,False,False,unavailable,2026-09-22,"The Odds API is configured and reachable, but has not yet posted this market for this fixture (bookmakers open different markets at different times before kickoff) -- genuinely unavailable, not a collector failure."
LALIGA2627_MW04_037_MálagaCF_LevanteUD,2026-27,4,2026-09-06,2026-09-06T16:30:00+00:00,Málaga CF,Levante UD,,totals,,,,,,,,,,,,,,,,,,unknown,,decimal,2026-09-22T10:25:41+00:00,none_available,,False,False,unavailable,2026-09-22,"The Odds API is configured and reachable, but has not yet posted this market for this fixture (bookmakers open different markets at different times before kickoff) -- genuinely unavailable, not a collector failure."
LALIGA2627_MW04_035_RCDEspanyoldeBarcelona_SevillaFC,2026-27,4,2026-09-06,2026-09-06T19:00:00+00:00,RCD Espanyol de Barcelona,Sevilla FC,,h2h,,,,,,,,,,,,,,,,,,unknown,,decimal,2026-09-22T10:25:41+00:00,none_available,,False,False,unavailable,2026-09-22,"The Odds API is configured and reachable, but has not yet posted this market for this fixture (bookmakers open different markets at different times before kickoff) -- genuinely unavailable, not a collector failure."
LALIGA2627_MW04_035_RCDEspanyoldeBarcelona_SevillaFC,2026-27,4,2026-09-06,2026-09-06T19:00:00+00:00,RCD Espanyol de Barcelona,Sevilla FC,,spreads,,,,,,,,,,,,,,,,,,unknown,,decimal,2026-09-22T10:25:41+00:00,none_available,,False,False,unavailable,2026-09-22,"The Odds API is configured and reachable, but has not yet posted this market for this fixture (bookmakers open different markets at different times before kickoff) -- genuinely unavailable, not a collector failure."
LALIGA2627_MW04_035_RCDEspanyoldeBarcelona_SevillaFC,2026-27,4,2026-09-06,2026-09-06T19:00:00+00:00,RCD Espanyol de Barcelona,Sevilla FC,,totals,,,,,,,,,,,,,,,,,,unknown,,decimal,2026-09-22T10:25:41+00:00,none_available,,False,False,unavailable,2026-09-22,"The Odds API is configured and reachable, but has not yet posted this market for this fixture (bookmakers open different markets at different times before kickoff) -- genuinely unavailable, not a collector failure."
LALIGA2627_MW04_036_GetafeCF_CeltaVigo,2026-27,4,2026-09-07,2026-09-07T17:00:00+00:00,Getafe CF,Celta Vigo,,h2h,,,,,,,,,,,,,,,,,,unknown,,decimal,2026-09-22T10:25:41+00:00,none_available,,False,False,unavailable,2026-09-22,"The Odds API is configured and reachable, but has not yet posted this market for this fixture (bookmakers open different markets at different times before kickoff) -- genuinely unavailable, not a collector failure."
LALIGA2627_MW04_036_GetafeCF_CeltaVigo,2026-27,4,2026-09-07,2026-09-07T17:00:00+00:00,Getafe CF,Celta Vigo,,spreads,,,,,,,,,,,,,,,,,,unknown,,decimal,2026-09-22T10:25:41+00:00,none_available,,False,False,unavailable,2026-09-22,"The Odds API is configured and reachable, but has not yet posted this market for this fixture (bookmakers open different markets at different times before kickoff) -- genuinely unavailable, not a collector failure."
LALIGA2627_MW04_036_GetafeCF_CeltaVigo,2026-27,4,2026-09-07,2026-09-07T17:00:00+00:00,Getafe CF,Celta Vigo,,totals,,,,,,,,,,,,,,,,,,unknown,,decimal,2026-09-22T10:25:41+00:00,none_available,,False,False,unavailable,2026-09-22,"The Odds API is configured and reachable, but has not yet posted this market for this fixture (bookmakers open different markets at different times before kickoff) -- genuinely unavailable, not a collector failure."
LALIGA2627_MW04_034_ElcheCF_RealSociedad,2026-27,4,2026-09-07,2026-09-07T19:30:00+00:00,Elche CF,Real Sociedad,,h2h,,,,,,,,,,,,,,,,,,unknown,,decimal,2026-09-22T10:25:41+00:00,none_available,,False,False,unavailable,2026-09-22,"The Odds API is configured and reachable, but has not yet posted this market for this fixture (bookmakers open different markets at different times before kickoff) -- genuinely unavailable, not a collector failure."
LALIGA2627_MW04_034_ElcheCF_RealSociedad,2026-27,4,2026-09-07,2026-09-07T19:30:00+00:00,Elche CF,Real Sociedad,,spreads,,,,,,,,,,,,,,,,,,unknown,,decimal,2026-09-22T10:25:41+00:00,none_available,,False,False,unavailable,2026-09-22,"The Odds API is configured and reachable, but has not yet posted this market for this fixture (bookmakers open different markets at different times before kickoff) -- genuinely unavailable, not a collector failure."
LALIGA2627_MW04_034_ElcheCF_RealSociedad,2026-27,4,2026-09-07,2026-09-07T19:30:00+00:00,Elche CF,Real Sociedad,,totals,,,,,,,,,,,,,,,,,,unknown,,decimal,2026-09-22T10:25:41+00:00,none_available,,False,False,unavailable,2026-09-22,"The Odds API is configured and reachable, but has not yet posted this market for this fixture (bookmakers open different markets at different times before kickoff) -- genuinely unavailable, not a collector failure."
LALIGA2627_MW05_049_SevillaFC_ValenciaCF,2026-27,5,2026-09-11,2026-09-11T19:00:00+00:00,Sevilla FC,Valencia CF,,h2h,,,,,,,,,,,,,,,,,,unknown,,decimal,2026-09-22T10:25:41+00:00,none_available,,False,False,unavailable,2026-09-22,"The Odds API is configured and reachable, but has not yet posted this market for this fixture (bookmakers open different markets at different times before kickoff) -- genuinely unavailable, not a collector failure."
LALIGA2627_MW05_049_SevillaFC_ValenciaCF,2026-27,5,2026-09-11,2026-09-11T19:00:00+00:00,Sevilla FC,Valencia CF,,spreads,,,,,,,,,,,,,,,,,,unknown,,decimal,2026-09-22T10:25:41+00:00,none_available,,False,False,unavailable,2026-09-22,"The Odds API is configured and reachable, but has not yet posted this market for this fixture (bookmakers open different markets at different times before kickoff) -- genuinely unavailable, not a collector failure."
LALIGA2627_MW05_049_SevillaFC_ValenciaCF,2026-27,5,2026-09-11,2026-09-11T19:00:00+00:00,Sevilla FC,Valencia CF,,totals,,,,,,,,,,,,,,,,,,unknown,,decimal,2026-09-22T10:25:41+00:00,none_available,,False,False,unavailable,2026-09-22,"The Odds API is configured and reachable, but has not yet posted this market for this fixture (bookmakers open different markets at different times before kickoff) -- genuinely unavailable, not a collector failure."
LALIGA2627_MW05_046_R.RacingClub_DeportivoAlavés,2026-27,5,2026-09-12,2026-09-12T12:00:00+00:00,R. Racing Club,Deportivo Alavés,,h2h,,,,,,,,,,,,,,,,,,unknown,,decimal,2026-09-22T10:25:41+00:00,none_available,,False,False,unavailable,2026-09-22,"The Odds API is configured and reachable, but has not yet posted this market for this fixture (bookmakers open different markets at different times before kickoff) -- genuinely unavailable, not a collector failure."
LALIGA2627_MW05_046_R.RacingClub_DeportivoAlavés,2026-27,5,2026-09-12,2026-09-12T12:00:00+00:00,R. Racing Club,Deportivo Alavés,,spreads,,,,,,,,,,,,,,,,,,unknown,,decimal,2026-09-22T10:25:41+00:00,none_available,,False,False,unavailable,2026-09-22,"The Odds API is configured and reachable, but has not yet posted this market for this fixture (bookmakers open different markets at different times before kickoff) -- genuinely unavailable, not a collector failure."
LALIGA2627_MW05_046_R.RacingClub_DeportivoAlavés,2026-27,5,2026-09-12,2026-09-12T12:00:00+00:00,R. Racing Club,Deportivo Alavés,,totals,,,,,,,,,,,,,,,,,,unknown,,decimal,2026-09-22T10:25:41+00:00,none_available,,False,False,unavailable,2026-09-22,"The Odds API is configured and reachable, but has not yet posted this market for this fixture (bookmakers open different markets at different times before kickoff) -- genuinely unavailable, not a collector failure."
LALIGA2627_MW05_045_CAOsasuna_RCDEspanyoldeBarcelona,2026-27,5,2026-09-12,2026-09-12T14:15:00+00:00,CA Osasuna,RCD Espanyol de Barcelona,,h2h,,,,,,,,,,,,,,,,,,unknown,,decimal,2026-09-22T10:25:41+00:00,none_available,,False,False,unavailable,2026-09-22,"The Odds API is configured and reachable, but has not yet posted this market for this fixture (bookmakers open different markets at different times before kickoff) -- genuinely unavailable, not a collector failure."
LALIGA2627_MW05_045_CAOsasuna_RCDEspanyoldeBarcelona,2026-27,5,2026-09-12,2026-09-12T14:15:00+00:00,CA Osasuna,RCD Espanyol de Barcelona,,spreads,,,,,,,,,,,,,,,,,,unknown,,decimal,2026-09-22T10:25:41+00:00,none_available,,False,False,unavailable,2026-09-22,"The Odds API is configured and reachable, but has not yet posted this market for this fixture (bookmakers open different markets at different times before kickoff) -- genuinely unavailable, not a collector failure."
LALIGA2627_MW05_045_CAOsasuna_RCDEspanyoldeBarcelona,2026-27,5,2026-09-12,2026-09-12T14:15:00+00:00,CA Osasuna,RCD Espanyol de Barcelona,,totals,,,,,,,,,,,,,,,,,,unknown,,decimal,2026-09-22T10:25:41+00:00,none_available,,False,False,unavailable,2026-09-22,"The Odds API is configured and reachable, but has not yet posted this market for this fixture (bookmakers open different markets at different times before kickoff) -- genuinely unavailable, not a collector failure."
LALIGA2627_MW05_041_AthleticClub_ElcheCF,2026-27,5,2026-09-12,2026-09-12T16:30:00+00:00,Athletic Club,Elche CF,,h2h,,,,,,,,,,,,,,,,,,unknown,,decimal,2026-09-22T10:25:41+00:00,none_available,,False,False,unavailable,2026-09-22,"The Odds API is configured and reachable, but has not yet posted this market for this fixture (bookmakers open different markets at different times before kickoff) -- genuinely unavailable, not a collector failure."
LALIGA2627_MW05_041_AthleticClub_ElcheCF,2026-27,5,2026-09-12,2026-09-12T16:30:00+00:00,Athletic Club,Elche CF,,spreads,,,,,,,,,,,,,,,,,,unknown,,decimal,2026-09-22T10:25:41+00:00,none_available,,False,False,unavailable,2026-09-22,"The Odds API is configured and reachable, but has not yet posted this market for this fixture (bookmakers open different markets at different times before kickoff) -- genuinely unavailable, not a collector failure."
LALIGA2627_MW05_041_AthleticClub_ElcheCF,2026-27,5,2026-09-12,2026-09-12T16:30:00+00:00,Athletic Club,Elche CF,,totals,,,,,,,,,,,,,,,,,,unknown,,decimal,2026-09-22T10:25:41+00:00,none_available,,False,False,unavailable,2026-09-22,"The Odds API is configured and reachable, but has not yet posted this market for this fixture (bookmakers open different markets at different times before kickoff) -- genuinely unavailable, not a collector failure."
LALIGA2627_MW05_047_RealMadrid_RayoVallecano,2026-27,5,2026-09-12,2026-09-12T19:00:00+00:00,Real Madrid,Rayo Vallecano,,h2h,,,,,,,,,,,,,,,,,,unknown,,decimal,2026-09-22T10:25:41+00:00,none_available,,False,False,unavailable,2026-09-22,"The Odds API is configured and reachable, but has not yet posted this market for this fixture (bookmakers open different markets at different times before kickoff) -- genuinely unavailable, not a collector failure."
LALIGA2627_MW05_047_RealMadrid_RayoVallecano,2026-27,5,2026-09-12,2026-09-12T19:00:00+00:00,Real Madrid,Rayo Vallecano,,spreads,,,,,,,,,,,,,,,,,,unknown,,decimal,2026-09-22T10:25:41+00:00,none_available,,False,False,unavailable,2026-09-22,"The Odds API is configured and reachable, but has not yet posted this market for this fixture (bookmakers open different markets at different times before kickoff) -- genuinely unavailable, not a collector failure."
LALIGA2627_MW05_047_RealMadrid_RayoVallecano,2026-27,5,2026-09-12,2026-09-12T19:00:00+00:00,Real Madrid,Rayo Vallecano,,totals,,,,,,,,,,,,,,,,,,unknown,,decimal,2026-09-22T10:25:41+00:00,none_available,,False,False,unavailable,2026-09-22,"The Odds API is configured and reachable, but has not yet posted this market for this fixture (bookmakers open different markets at different times before kickoff) -- genuinely unavailable, not a collector failure."
LALIGA2627_MW05_042_CeltaVigo_MálagaCF,2026-27,5,2026-09-13,2026-09-13T12:00:00+00:00,Celta Vigo,Málaga CF,,h2h,,,,,,,,,,,,,,,,,,unknown,,decimal,2026-09-22T10:25:41+00:00,none_available,,False,False,unavailable,2026-09-22,"The Odds API is configured and reachable, but has not yet posted this market for this fixture (bookmakers open different markets at different times before kickoff) -- genuinely unavailable, not a collector failure."
LALIGA2627_MW05_042_CeltaVigo_MálagaCF,2026-27,5,2026-09-13,2026-09-13T12:00:00+00:00,Celta Vigo,Málaga CF,,spreads,,,,,,,,,,,,,,,,,,unknown,,decimal,2026-09-22T10:25:41+00:00,none_available,,False,False,unavailable,2026-09-22,"The Odds API is configured and reachable, but has not yet posted this market for this fixture (bookmakers open different markets at different times before kickoff) -- genuinely unavailable, not a collector failure."
LALIGA2627_MW05_042_CeltaVigo_MálagaCF,2026-27,5,2026-09-13,2026-09-13T12:00:00+00:00,Celta Vigo,Málaga CF,,totals,,,,,,,,,,,,,,,,,,unknown,,decimal,2026-09-22T10:25:41+00:00,none_available,,False,False,unavailable,2026-09-22,"The Odds API is configured and reachable, but has not yet posted this market for this fixture (bookmakers open different markets at different times before kickoff) -- genuinely unavailable, not a collector failure."
LALIGA2627_MW05_044_LevanteUD_FCBarcelona,2026-27,5,2026-09-13,2026-09-13T14:15:00+00:00,Levante UD,FC Barcelona,,h2h,,,,,,,,,,,,,,,,,,unknown,,decimal,2026-09-22T10:25:41+00:00,none_available,,False,False,unavailable,2026-09-22,"The Odds API is configured and reachable, but has not yet posted this market for this fixture (bookmakers open different markets at different times before kickoff) -- genuinely unavailable, not a collector failure."
LALIGA2627_MW05_044_LevanteUD_FCBarcelona,2026-27,5,2026-09-13,2026-09-13T14:15:00+00:00,Levante UD,FC Barcelona,,spreads,,,,,,,,,,,,,,,,,,unknown,,decimal,2026-09-22T10:25:41+00:00,none_available,,False,False,unavailable,2026-09-22,"The Odds API is configured and reachable, but has not yet posted this market for this fixture (bookmakers open different markets at different times before kickoff) -- genuinely unavailable, not a collector failure."
LALIGA2627_MW05_044_LevanteUD_FCBarcelona,2026-27,5,2026-09-13,2026-09-13T14:15:00+00:00,Levante UD,FC Barcelona,,totals,,,,,,,,,,,,,,,,,,unknown,,decimal,2026-09-22T10:25:41+00:00,none_available,,False,False,unavailable,2026-09-22,"The Odds API is configured and reachable, but has not yet posted this market for this fixture (bookmakers open different markets at different times before kickoff) -- genuinely unavailable, not a collector failure."
LALIGA2627_MW05_043_GetafeCF_RCDeportivo,2026-27,5,2026-09-13,2026-09-13T16:30:00+00:00,Getafe CF,RC Deportivo,,h2h,,,,,,,,,,,,,,,,,,unknown,,decimal,2026-09-22T10:25:41+00:00,none_available,,False,False,unavailable,2026-09-22,"The Odds API is configured and reachable, but has not yet posted this market for this fixture (bookmakers open different markets at different times before kickoff) -- genuinely unavailable, not a collector failure."
LALIGA2627_MW05_043_GetafeCF_RCDeportivo,2026-27,5,2026-09-13,2026-09-13T16:30:00+00:00,Getafe CF,RC Deportivo,,spreads,,,,,,,,,,,,,,,,,,unknown,,decimal,2026-09-22T10:25:41+00:00,none_available,,False,False,unavailable,2026-09-22,"The Odds API is configured and reachable, but has not yet posted this market for this fixture (bookmakers open different markets at different times before kickoff) -- genuinely unavailable, not a collector failure."
LALIGA2627_MW05_043_GetafeCF_RCDeportivo,2026-27,5,2026-09-13,2026-09-13T16:30:00+00:00,Getafe CF,RC Deportivo,,totals,,,,,,,,,,,,,,,,,,unknown,,decimal,2026-09-22T10:25:41+00:00,none_available,,False,False,unavailable,2026-09-22,"The Odds API is configured and reachable, but has not yet posted this market for this fixture (bookmakers open different markets at different times before kickoff) -- genuinely unavailable, not a collector failure."
LALIGA2627_MW05_048_RealSociedad_AtléticodeMadrid,2026-27,5,2026-09-13,2026-09-13T19:00:00+00:00,Real Sociedad,Atlético de Madrid,,h2h,,,,,,,,,,,,,,,,,,unknown,,decimal,2026-09-22T10:25:41+00:00,none_available,,False,False,unavailable,2026-09-22,"The Odds API is configured and reachable, but has not yet posted this market for this fixture (bookmakers open different markets at different times before kickoff) -- genuinely unavailable, not a collector failure."
LALIGA2627_MW05_048_RealSociedad_AtléticodeMadrid,2026-27,5,2026-09-13,2026-09-13T19:00:00+00:00,Real Sociedad,Atlético de Madrid,,spreads,,,,,,,,,,,,,,,,,,unknown,,decimal,2026-09-22T10:25:41+00:00,none_available,,False,False,unavailable,2026-09-22,"The Odds API is configured and reachable, but has not yet posted this market for this fixture (bookmakers open different markets at different times before kickoff) -- genuinely unavailable, not a collector failure."
LALIGA2627_MW05_048_RealSociedad_AtléticodeMadrid,2026-27,5,2026-09-13,2026-09-13T19:00:00+00:00,Real Sociedad,Atlético de Madrid,,totals,,,,,,,,,,,,,,,,,,unknown,,decimal,2026-09-22T10:25:41+00:00,none_available,,False,False,unavailable,2026-09-22,"The Odds API is configured and reachable, but has not yet posted this market for this fixture (bookmakers open different markets at different times before kickoff) -- genuinely unavailable, not a collector failure."
LALIGA2627_MW05_050_VillarrealCF_RealBetis,2026-27,5,2026-09-14,2026-09-14T19:00:00+00:00,Villarreal CF,Real Betis,,h2h,,,,,,,,,,,,,,,,,,unknown,,decimal,2026-09-22T10:25:41+00:00,none_available,,False,False,unavailable,2026-09-22,"The Odds API is configured and reachable, but has not yet posted this market for this fixture (bookmakers open different markets at different times before kickoff) -- genuinely unavailable, not a collector failure."
LALIGA2627_MW05_050_VillarrealCF_RealBetis,2026-27,5,2026-09-14,2026-09-14T19:00:00+00:00,Villarreal CF,Real Betis,,spreads,,,,,,,,,,,,,,,,,,unknown,,decimal,2026-09-22T10:25:41+00:00,none_available,,False,False,unavailable,2026-09-22,"The Odds API is configured and reachable, but has not yet posted this market for this fixture (bookmakers open different markets at different times before kickoff) -- genuinely unavailable, not a collector failure."
LALIGA2627_MW05_050_VillarrealCF_RealBetis,2026-27,5,2026-09-14,2026-09-14T19:00:00+00:00,Villarreal CF,Real Betis,,totals,,,,,,,,,,,,,,,,,,unknown,,decimal,2026-09-22T10:25:41+00:00,none_available,,False,False,unavailable,2026-09-22,"The Odds API is configured and reachable, but has not yet posted this market for this fixture (bookmakers open different markets at different times before kickoff) -- genuinely unavailable, not a collector failure."
LALIGA2627_MW06_060_RealSociedad_CeltaVigo,2026-27,6,2026-09-03,2026-09-03T19:00:00+00:00,Real Sociedad,Celta Vigo,,h2h,,,,,,,,,,,,,,,,,,unknown,,decimal,2026-09-22T10:25:41+00:00,none_available,,False,False,unavailable,2026-09-22,"The Odds API is configured and reachable, but has not yet posted this market for this fixture (bookmakers open different markets at different times before kickoff) -- genuinely unavailable, not a collector failure."
LALIGA2627_MW06_060_RealSociedad_CeltaVigo,2026-27,6,2026-09-03,2026-09-03T19:00:00+00:00,Real Sociedad,Celta Vigo,,spreads,,,,,,,,,,,,,,,,,,unknown,,decimal,2026-09-22T10:25:41+00:00,none_available,,False,False,unavailable,2026-09-22,"The Odds API is configured and reachable, but has not yet posted this market for this fixture (bookmakers open different markets at different times before kickoff) -- genuinely unavailable, not a collector failure."
LALIGA2627_MW06_060_RealSociedad_CeltaVigo,2026-27,6,2026-09-03,2026-09-03T19:00:00+00:00,Real Sociedad,Celta Vigo,,totals,,,,,,,,,,,,,,,,,,unknown,,decimal,2026-09-22T10:25:41+00:00,none_available,,False,False,unavailable,2026-09-22,"The Odds API is configured and reachable, but has not yet posted this market for this fixture (bookmakers open different markets at different times before kickoff) -- genuinely unavailable, not a collector failure."
LALIGA2627_MW06_059_RayoVallecano_RCDEspanyoldeBarcelona,2026-27,6,2026-09-15,2026-09-15T17:00:00+00:00,Rayo Vallecano,RCD Espanyol de Barcelona,,h2h,,,,,,,,,,,,,,,,,,unknown,,decimal,2026-09-22T10:25:41+00:00,none_available,,False,False,unavailable,2026-09-22,"The Odds API is configured and reachable, but has not yet posted this market for this fixture (bookmakers open different markets at different times before kickoff) -- genuinely unavailable, not a collector failure."
LALIGA2627_MW06_059_RayoVallecano_RCDEspanyoldeBarcelona,2026-27,6,2026-09-15,2026-09-15T17:00:00+00:00,Rayo Vallecano,RCD Espanyol de Barcelona,,spreads,,,,,,,,,,,,,,,,,,unknown,,decimal,2026-09-22T10:25:41+00:00,none_available,,False,False,unavailable,2026-09-22,"The Odds API is configured and reachable, but has not yet posted this market for this fixture (bookmakers open different markets at different times before kickoff) -- genuinely unavailable, not a collector failure."
LALIGA2627_MW06_059_RayoVallecano_RCDEspanyoldeBarcelona,2026-27,6,2026-09-15,2026-09-15T17:00:00+00:00,Rayo Vallecano,RCD Espanyol de Barcelona,,totals,,,,,,,,,,,,,,,,,,unknown,,decimal,2026-09-22T10:25:41+00:00,none_available,,False,False,unavailable,2026-09-22,"The Odds API is configured and reachable, but has not yet posted this market for this fixture (bookmakers open different markets at different times before kickoff) -- genuinely unavailable, not a collector failure."
LALIGA2627_MW06_051_DeportivoAlavés_ValenciaCF,2026-27,6,2026-09-15,2026-09-15T18:00:00+00:00,Deportivo Alavés,Valencia CF,,h2h,,,,,,,,,,,,,,,,,,unknown,,decimal,2026-09-22T10:25:41+00:00,none_available,,False,False,unavailable,2026-09-22,"The Odds API is configured and reachable, but has not yet posted this market for this fixture (bookmakers open different markets at different times before kickoff) -- genuinely unavailable, not a collector failure."
LALIGA2627_MW06_051_DeportivoAlavés_ValenciaCF,2026-27,6,2026-09-15,2026-09-15T18:00:00+00:00,Deportivo Alavés,Valencia CF,,spreads,,,,,,,,,,,,,,,,,,unknown,,decimal,2026-09-22T10:25:41+00:00,none_available,,False,False,unavailable,2026-09-22,"The Odds API is configured and reachable, but has not yet posted this market for this fixture (bookmakers open different markets at different times before kickoff) -- genuinely unavailable, not a collector failure."
LALIGA2627_MW06_051_DeportivoAlavés_ValenciaCF,2026-27,6,2026-09-15,2026-09-15T18:00:00+00:00,Deportivo Alavés,Valencia CF,,totals,,,,,,,,,,,,,,,,,,unknown,,decimal,2026-09-22T10:25:41+00:00,none_available,,False,False,unavailable,2026-09-22,"The Odds API is configured and reachable, but has not yet posted this market for this fixture (bookmakers open different markets at different times before kickoff) -- genuinely unavailable, not a collector failure."
LALIGA2627_MW06_055_ElcheCF_RealMadrid,2026-27,6,2026-09-15,2026-09-15T19:30:00+00:00,Elche CF,Real Madrid,,h2h,,,,,,,,,,,,,,,,,,unknown,,decimal,2026-09-22T10:25:41+00:00,none_available,,False,False,unavailable,2026-09-22,"The Odds API is configured and reachable, but has not yet posted this market for this fixture (bookmakers open different markets at different times before kickoff) -- genuinely unavailable, not a collector failure."
LALIGA2627_MW06_055_ElcheCF_RealMadrid,2026-27,6,2026-09-15,2026-09-15T19:30:00+00:00,Elche CF,Real Madrid,,spreads,,,,,,,,,,,,,,,,,,unknown,,decimal,2026-09-22T10:25:41+00:00,none_available,,False,False,unavailable,2026-09-22,"The Odds API is configured and reachable, but has not yet posted this market for this fixture (bookmakers open different markets at different times before kickoff) -- genuinely unavailable, not a collector failure."
LALIGA2627_MW06_055_ElcheCF_RealMadrid,2026-27,6,2026-09-15,2026-09-15T19:30:00+00:00,Elche CF,Real Madrid,,totals,,,,,,,,,,,,,,,,,,unknown,,decimal,2026-09-22T10:25:41+00:00,none_available,,False,False,unavailable,2026-09-22,"The Odds API is configured and reachable, but has not yet posted this market for this fixture (bookmakers open different markets at different times before kickoff) -- genuinely unavailable, not a collector failure."
LALIGA2627_MW06_052_AtléticodeMadrid_CAOsasuna,2026-27,6,2026-09-16,2026-09-16T17:00:00+00:00,Atlético de Madrid,CA Osasuna,,h2h,,,,,,,,,,,,,,,,,,unknown,,decimal,2026-09-22T10:25:41+00:00,none_available,,False,False,unavailable,2026-09-22,"The Odds API is configured and reachable, but has not yet posted this market for this fixture (bookmakers open different markets at different times before kickoff) -- genuinely unavailable, not a collector failure."
LALIGA2627_MW06_052_AtléticodeMadrid_CAOsasuna,2026-27,6,2026-09-16,2026-09-16T17:00:00+00:00,Atlético de Madrid,CA Osasuna,,spreads,,,,,,,,,,,,,,,,,,unknown,,decimal,2026-09-22T10:25:41+00:00,none_available,,False,False,unavailable,2026-09-22,"The Odds API is configured and reachable, but has not yet posted this market for this fixture (bookmakers open different markets at different times before kickoff) -- genuinely unavailable, not a collector failure."
LALIGA2627_MW06_052_AtléticodeMadrid_CAOsasuna,2026-27,6,2026-09-16,2026-09-16T17:00:00+00:00,Atlético de Madrid,CA Osasuna,,totals,,,,,,,,,,,,,,,,,,unknown,,decimal,2026-09-22T10:25:41+00:00,none_available,,False,False,unavailable,2026-09-22,"The Odds API is configured and reachable, but has not yet posted this market for this fixture (bookmakers open different markets at different times before kickoff) -- genuinely unavailable, not a collector failure."
LALIGA2627_MW06_054_RCDeportivo_SevillaFC,2026-27,6,2026-09-16,2026-09-16T17:00:00+00:00,RC Deportivo,Sevilla FC,,h2h,,,,,,,,,,,,,,,,,,unknown,,decimal,2026-09-22T10:25:41+00:00,none_available,,False,False,unavailable,2026-09-22,"The Odds API is configured and reachable, but has not yet posted this market for this fixture (bookmakers open different markets at different times before kickoff) -- genuinely unavailable, not a collector failure."
LALIGA2627_MW06_054_RCDeportivo_SevillaFC,2026-27,6,2026-09-16,2026-09-16T17:00:00+00:00,RC Deportivo,Sevilla FC,,spreads,,,,,,,,,,,,,,,,,,unknown,,decimal,2026-09-22T10:25:41+00:00,none_available,,False,False,unavailable,2026-09-22,"The Odds API is configured and reachable, but has not yet posted this market for this fixture (bookmakers open different markets at different times before kickoff) -- genuinely unavailable, not a collector failure."
LALIGA2627_MW06_054_RCDeportivo_SevillaFC,2026-27,6,2026-09-16,2026-09-16T17:00:00+00:00,RC Deportivo,Sevilla FC,,totals,,,,,,,,,,,,,,,,,,unknown,,decimal,2026-09-22T10:25:41+00:00,none_available,,False,False,unavailable,2026-09-22,"The Odds API is configured and reachable, but has not yet posted this market for this fixture (bookmakers open different markets at different times before kickoff) -- genuinely unavailable, not a collector failure."
LALIGA2627_MW06_056_FCBarcelona_R.RacingClub,2026-27,6,2026-09-16,2026-09-16T19:30:00+00:00,FC Barcelona,R. Racing Club,,h2h,,,,,,,,,,,,,,,,,,unknown,,decimal,2026-09-22T10:25:41+00:00,none_available,,False,False,unavailable,2026-09-22,"The Odds API is configured and reachable, but has not yet posted this market for this fixture (bookmakers open different markets at different times before kickoff) -- genuinely unavailable, not a collector failure."
LALIGA2627_MW06_056_FCBarcelona_R.RacingClub,2026-27,6,2026-09-16,2026-09-16T19:30:00+00:00,FC Barcelona,R. Racing Club,,spreads,,,,,,,,,,,,,,,,,,unknown,,decimal,2026-09-22T10:25:41+00:00,none_available,,False,False,unavailable,2026-09-22,"The Odds API is configured and reachable, but has not yet posted this market for this fixture (bookmakers open different markets at different times before kickoff) -- genuinely unavailable, not a collector failure."
LALIGA2627_MW06_056_FCBarcelona_R.RacingClub,2026-27,6,2026-09-16,2026-09-16T19:30:00+00:00,FC Barcelona,R. Racing Club,,totals,,,,,,,,,,,,,,,,,,unknown,,decimal,2026-09-22T10:25:41+00:00,none_available,,False,False,unavailable,2026-09-22,"The Odds API is configured and reachable, but has not yet posted this market for this fixture (bookmakers open different markets at different times before kickoff) -- genuinely unavailable, not a collector failure."
LALIGA2627_MW06_057_LevanteUD_AthleticClub,2026-27,6,2026-10-21,2026-10-21T18:00:00+00:00,Levante UD,Athletic Club,,h2h,,,,,,,,,,,,,,,,,,unknown,,decimal,2026-09-22T10:25:41+00:00,none_available,,False,False,unavailable,2026-09-22,"The Odds API is configured and reachable, but has not yet posted this market for this fixture (bookmakers open different markets at different times before kickoff) -- genuinely unavailable, not a collector failure."
LALIGA2627_MW06_057_LevanteUD_AthleticClub,2026-27,6,2026-10-21,2026-10-21T18:00:00+00:00,Levante UD,Athletic Club,,spreads,,,,,,,,,,,,,,,,,,unknown,,decimal,2026-09-22T10:25:41+00:00,none_available,,False,False,unavailable,2026-09-22,"The Odds API is configured and reachable, but has not yet posted this market for this fixture (bookmakers open different markets at different times before kickoff) -- genuinely unavailable, not a collector failure."
LALIGA2627_MW06_057_LevanteUD_AthleticClub,2026-27,6,2026-10-21,2026-10-21T18:00:00+00:00,Levante UD,Athletic Club,,totals,,,,,,,,,,,,,,,,,,unknown,,decimal,2026-09-22T10:25:41+00:00,none_available,,False,False,unavailable,2026-09-22,"The Odds API is configured and reachable, but has not yet posted this market for this fixture (bookmakers open different markets at different times before kickoff) -- genuinely unavailable, not a collector failure."
LALIGA2627_MW06_053_RealBetis_GetafeCF,2026-27,6,2026-09-17,2026-09-17T17:00:00+00:00,Real Betis,Getafe CF,,h2h,,,,,,,,,,,,,,,,,,unknown,,decimal,2026-09-22T10:25:41+00:00,none_available,,False,False,unavailable,2026-09-22,"The Odds API is configured and reachable, but has not yet posted this market for this fixture (bookmakers open different markets at different times before kickoff) -- genuinely unavailable, not a collector failure."
LALIGA2627_MW06_053_RealBetis_GetafeCF,2026-27,6,2026-09-17,2026-09-17T17:00:00+00:00,Real Betis,Getafe CF,,spreads,,,,,,,,,,,,,,,,,,unknown,,decimal,2026-09-22T10:25:41+00:00,none_available,,False,False,unavailable,2026-09-22,"The Odds API is configured and reachable, but has not yet posted this market for this fixture (bookmakers open different markets at different times before kickoff) -- genuinely unavailable, not a collector failure."
LALIGA2627_MW06_053_RealBetis_GetafeCF,2026-27,6,2026-09-17,2026-09-17T17:00:00+00:00,Real Betis,Getafe CF,,totals,,,,,,,,,,,,,,,,,,unknown,,decimal,2026-09-22T10:25:41+00:00,none_available,,False,False,unavailable,2026-09-22,"The Odds API is configured and reachable, but has not yet posted this market for this fixture (bookmakers open different markets at different times before kickoff) -- genuinely unavailable, not a collector failure."
LALIGA2627_MW06_058_MálagaCF_VillarrealCF,2026-27,6,2026-09-17,2026-09-17T19:30:00+00:00,Málaga CF,Villarreal CF,,h2h,,,,,,,,,,,,,,,,,,unknown,,decimal,2026-09-22T10:25:41+00:00,none_available,,False,False,unavailable,2026-09-22,"The Odds API is configured and reachable, but has not yet posted this market for this fixture (bookmakers open different markets at different times before kickoff) -- genuinely unavailable, not a collector failure."
LALIGA2627_MW06_058_MálagaCF_VillarrealCF,2026-27,6,2026-09-17,2026-09-17T19:30:00+00:00,Málaga CF,Villarreal CF,,spreads,,,,,,,,,,,,,,,,,,unknown,,decimal,2026-09-22T10:25:41+00:00,none_available,,False,False,unavailable,2026-09-22,"The Odds API is configured and reachable, but has not yet posted this market for this fixture (bookmakers open different markets at different times before kickoff) -- genuinely unavailable, not a collector failure."
LALIGA2627_MW06_058_MálagaCF_VillarrealCF,2026-27,6,2026-09-17,2026-09-17T19:30:00+00:00,Málaga CF,Villarreal CF,,totals,,,,,,,,,,,,,,,,,,unknown,,decimal,2026-09-22T10:25:41+00:00,none_available,,False,False,unavailable,2026-09-22,"The Odds API is configured and reachable, but has not yet posted this market for this fixture (bookmakers open different markets at different times before kickoff) -- genuinely unavailable, not a collector failure."
LALIGA2627_MW07_065_RCDEspanyoldeBarcelona_ElcheCF,2026-27,7,2026-09-18,2026-09-18T19:00:00+00:00,RCD Espanyol de Barcelona,Elche CF,,h2h,,,,,,,,,,,,,,,,,,unknown,,decimal,2026-09-22T10:25:41+00:00,none_available,,False,False,unavailable,2026-09-22,"The Odds API is configured and reachable, but has not yet posted this market for this fixture (bookmakers open different markets at different times before kickoff) -- genuinely unavailable, not a collector failure."
LALIGA2627_MW07_065_RCDEspanyoldeBarcelona_ElcheCF,2026-27,7,2026-09-18,2026-09-18T19:00:00+00:00,RCD Espanyol de Barcelona,Elche CF,,spreads,,,,,,,,,,,,,,,,,,unknown,,decimal,2026-09-22T10:25:41+00:00,none_available,,False,False,unavailable,2026-09-22,"The Odds API is configured and reachable, but has not yet posted this market for this fixture (bookmakers open different markets at different times before kickoff) -- genuinely unavailable, not a collector failure."
LALIGA2627_MW07_065_RCDEspanyoldeBarcelona_ElcheCF,2026-27,7,2026-09-18,2026-09-18T19:00:00+00:00,RCD Espanyol de Barcelona,Elche CF,,totals,,,,,,,,,,,,,,,,,,unknown,,decimal,2026-09-22T10:25:41+00:00,none_available,,False,False,unavailable,2026-09-22,"The Odds API is configured and reachable, but has not yet posted this market for this fixture (bookmakers open different markets at different times before kickoff) -- genuinely unavailable, not a collector failure."
LALIGA2627_MW07_067_CAOsasuna_RayoVallecano,2026-27,7,2026-09-19,2026-09-19T12:00:00+00:00,CA Osasuna,Rayo Vallecano,,h2h,,,,,,,,,,,,,,,,,,unknown,,decimal,2026-09-22T10:25:41+00:00,none_available,,False,False,unavailable,2026-09-22,"The Odds API is configured and reachable, but has not yet posted this market for this fixture (bookmakers open different markets at different times before kickoff) -- genuinely unavailable, not a collector failure."
LALIGA2627_MW07_067_CAOsasuna_RayoVallecano,2026-27,7,2026-09-19,2026-09-19T12:00:00+00:00,CA Osasuna,Rayo Vallecano,,spreads,,,,,,,,,,,,,,,,,,unknown,,decimal,2026-09-22T10:25:41+00:00,none_available,,False,False,unavailable,2026-09-22,"The Odds API is configured and reachable, but has not yet posted this market for this fixture (bookmakers open different markets at different times before kickoff) -- genuinely unavailable, not a collector failure."
LALIGA2627_MW07_067_CAOsasuna_RayoVallecano,2026-27,7,2026-09-19,2026-09-19T12:00:00+00:00,CA Osasuna,Rayo Vallecano,,totals,,,,,,,,,,,,,,,,,,unknown,,decimal,2026-09-22T10:25:41+00:00,none_available,,False,False,unavailable,2026-09-22,"The Odds API is configured and reachable, but has not yet posted this market for this fixture (bookmakers open different markets at different times before kickoff) -- genuinely unavailable, not a collector failure."
LALIGA2627_MW07_061_AthleticClub_DeportivoAlavés,2026-27,7,2026-09-19,2026-09-19T14:15:00+00:00,Athletic Club,Deportivo Alavés,,h2h,,,,,,,,,,,,,,,,,,unknown,,decimal,2026-09-22T10:25:41+00:00,none_available,,False,False,unavailable,2026-09-22,"The Odds API is configured and reachable, but has not yet posted this market for this fixture (bookmakers open different markets at different times before kickoff) -- genuinely unavailable, not a collector failure."
LALIGA2627_MW07_061_AthleticClub_DeportivoAlavés,2026-27,7,2026-09-19,2026-09-19T14:15:00+00:00,Athletic Club,Deportivo Alavés,,spreads,,,,,,,,,,,,,,,,,,unknown,,decimal,2026-09-22T10:25:41+00:00,none_available,,False,False,unavailable,2026-09-22,"The Odds API is configured and reachable, but has not yet posted this market for this fixture (bookmakers open different markets at different times before kickoff) -- genuinely unavailable, not a collector failure."
LALIGA2627_MW07_061_AthleticClub_DeportivoAlavés,2026-27,7,2026-09-19,2026-09-19T14:15:00+00:00,Athletic Club,Deportivo Alavés,,totals,,,,,,,,,,,,,,,,,,unknown,,decimal,2026-09-22T10:25:41+00:00,none_available,,False,False,unavailable,2026-09-22,"The Odds API is configured and reachable, but has not yet posted this market for this fixture (bookmakers open different markets at different times before kickoff) -- genuinely unavailable, not a collector failure."
LALIGA2627_MW07_063_CeltaVigo_R.RacingClub,2026-27,7,2026-09-19,2026-09-19T16:30:00+00:00,Celta Vigo,R. Racing Club,,h2h,,,,,,,,,,,,,,,,,,unknown,,decimal,2026-09-22T10:25:41+00:00,none_available,,False,False,unavailable,2026-09-22,"The Odds API is configured and reachable, but has not yet posted this market for this fixture (bookmakers open different markets at different times before kickoff) -- genuinely unavailable, not a collector failure."
LALIGA2627_MW07_063_CeltaVigo_R.RacingClub,2026-27,7,2026-09-19,2026-09-19T16:30:00+00:00,Celta Vigo,R. Racing Club,,spreads,,,,,,,,,,,,,,,,,,unknown,,decimal,2026-09-22T10:25:41+00:00,none_available,,False,False,unavailable,2026-09-22,"The Odds API is configured and reachable, but has not yet posted this market for this fixture (bookmakers open different markets at different times before kickoff) -- genuinely unavailable, not a collector failure."
LALIGA2627_MW07_063_CeltaVigo_R.RacingClub,2026-27,7,2026-09-19,2026-09-19T16:30:00+00:00,Celta Vigo,R. Racing Club,,totals,,,,,,,,,,,,,,,,,,unknown,,decimal,2026-09-22T10:25:41+00:00,none_available,,False,False,unavailable,2026-09-22,"The Odds API is configured and reachable, but has not yet posted this market for this fixture (bookmakers open different markets at different times before kickoff) -- genuinely unavailable, not a collector failure."
LALIGA2627_MW07_068_SevillaFC_FCBarcelona,2026-27,7,2026-09-19,2026-09-19T19:00:00+00:00,Sevilla FC,FC Barcelona,,h2h,,,,,,,,,,,,,,,,,,unknown,,decimal,2026-09-22T10:25:41+00:00,none_available,,False,False,unavailable,2026-09-22,"The Odds API is configured and reachable, but has not yet posted this market for this fixture (bookmakers open different markets at different times before kickoff) -- genuinely unavailable, not a collector failure."
LALIGA2627_MW07_068_SevillaFC_FCBarcelona,2026-27,7,2026-09-19,2026-09-19T19:00:00+00:00,Sevilla FC,FC Barcelona,,spreads,,,,,,,,,,,,,,,,,,unknown,,decimal,2026-09-22T10:25:41+00:00,none_available,,False,False,unavailable,2026-09-22,"The Odds API is configured and reachable, but has not yet posted this market for this fixture (bookmakers open different markets at different times before kickoff) -- genuinely unavailable, not a collector failure."
LALIGA2627_MW07_068_SevillaFC_FCBarcelona,2026-27,7,2026-09-19,2026-09-19T19:00:00+00:00,Sevilla FC,FC Barcelona,,totals,,,,,,,,,,,,,,,,,,unknown,,decimal,2026-09-22T10:25:41+00:00,none_available,,False,False,unavailable,2026-09-22,"The Odds API is configured and reachable, but has not yet posted this market for this fixture (bookmakers open different markets at different times before kickoff) -- genuinely unavailable, not a collector failure."
LALIGA2627_MW07_066_GetafeCF_MálagaCF,2026-27,7,2026-09-20,2026-09-20T12:00:00+00:00,Getafe CF,Málaga CF,,h2h,,,,,,,,,,,,,,,,,,unknown,,decimal,2026-09-22T10:25:41+00:00,none_available,,False,False,unavailable,2026-09-22,"The Odds API is configured and reachable, but has not yet posted this market for this fixture (bookmakers open different markets at different times before kickoff) -- genuinely unavailable, not a collector failure."
LALIGA2627_MW07_066_GetafeCF_MálagaCF,2026-27,7,2026-09-20,2026-09-20T12:00:00+00:00,Getafe CF,Málaga CF,,spreads,,,,,,,,,,,,,,,,,,unknown,,decimal,2026-09-22T10:25:41+00:00,none_available,,False,False,unavailable,2026-09-22,"The Odds API is configured and reachable, but has not yet posted this market for this fixture (bookmakers open different markets at different times before kickoff) -- genuinely unavailable, not a collector failure."
LALIGA2627_MW07_066_GetafeCF_MálagaCF,2026-27,7,2026-09-20,2026-09-20T12:00:00+00:00,Getafe CF,Málaga CF,,totals,,,,,,,,,,,,,,,,,,unknown,,decimal,2026-09-22T10:25:41+00:00,none_available,,False,False,unavailable,2026-09-22,"The Odds API is configured and reachable, but has not yet posted this market for this fixture (bookmakers open different markets at different times before kickoff) -- genuinely unavailable, not a collector failure."
LALIGA2627_MW07_062_AtléticodeMadrid_RealMadrid,2026-27,7,2026-09-20,2026-09-20T14:15:00+00:00,Atlético de Madrid,Real Madrid,,h2h,,,,,,,,,,,,,,,,,,unknown,,decimal,2026-09-22T10:25:41+00:00,none_available,,False,False,unavailable,2026-09-22,"The Odds API is configured and reachable, but has not yet posted this market for this fixture (bookmakers open different markets at different times before kickoff) -- genuinely unavailable, not a collector failure."
LALIGA2627_MW07_062_AtléticodeMadrid_RealMadrid,2026-27,7,2026-09-20,2026-09-20T14:15:00+00:00,Atlético de Madrid,Real Madrid,,spreads,,,,,,,,,,,,,,,,,,unknown,,decimal,2026-09-22T10:25:41+00:00,none_available,,False,False,unavailable,2026-09-22,"The Odds API is configured and reachable, but has not yet posted this market for this fixture (bookmakers open different markets at different times before kickoff) -- genuinely unavailable, not a collector failure."
LALIGA2627_MW07_062_AtléticodeMadrid_RealMadrid,2026-27,7,2026-09-20,2026-09-20T14:15:00+00:00,Atlético de Madrid,Real Madrid,,totals,,,,,,,,,,,,,,,,,,unknown,,decimal,2026-09-22T10:25:41+00:00,none_available,,False,False,unavailable,2026-09-22,"The Odds API is configured and reachable, but has not yet posted this market for this fixture (bookmakers open different markets at different times before kickoff) -- genuinely unavailable, not a collector failure."
LALIGA2627_MW07_064_RCDeportivo_RealBetis,2026-27,7,2026-09-20,2026-09-20T16:30:00+00:00,RC Deportivo,Real Betis,,h2h,,,,,,,,,,,,,,,,,,unknown,,decimal,2026-09-22T10:25:41+00:00,none_available,,False,False,unavailable,2026-09-22,"The Odds API is configured and reachable, but has not yet posted this market for this fixture (bookmakers open different markets at different times before kickoff) -- genuinely unavailable, not a collector failure."
LALIGA2627_MW07_064_RCDeportivo_RealBetis,2026-27,7,2026-09-20,2026-09-20T16:30:00+00:00,RC Deportivo,Real Betis,,spreads,,,,,,,,,,,,,,,,,,unknown,,decimal,2026-09-22T10:25:41+00:00,none_available,,False,False,unavailable,2026-09-22,"The Odds API is configured and reachable, but has not yet posted this market for this fixture (bookmakers open different markets at different times before kickoff) -- genuinely unavailable, not a collector failure."
LALIGA2627_MW07_064_RCDeportivo_RealBetis,2026-27,7,2026-09-20,2026-09-20T16:30:00+00:00,RC Deportivo,Real Betis,,totals,,,,,,,,,,,,,,,,,,unknown,,decimal,2026-09-22T10:25:41+00:00,none_available,,False,False,unavailable,2026-09-22,"The Odds API is configured and reachable, but has not yet posted this market for this fixture (bookmakers open different markets at different times before kickoff) -- genuinely unavailable, not a collector failure."
LALIGA2627_MW07_070_VillarrealCF_LevanteUD,2026-27,7,2026-09-20,2026-09-20T16:30:00+00:00,Villarreal CF,Levante UD,,h2h,,,,,,,,,,,,,,,,,,unknown,,decimal,2026-09-22T10:25:41+00:00,none_available,,False,False,unavailable,2026-09-22,"The Odds API is configured and reachable, but has not yet posted this market for this fixture (bookmakers open different markets at different times before kickoff) -- genuinely unavailable, not a collector failure."
LALIGA2627_MW07_070_VillarrealCF_LevanteUD,2026-27,7,2026-09-20,2026-09-20T16:30:00+00:00,Villarreal CF,Levante UD,,spreads,,,,,,,,,,,,,,,,,,unknown,,decimal,2026-09-22T10:25:41+00:00,none_available,,False,False,unavailable,2026-09-22,"The Odds API is configured and reachable, but has not yet posted this market for this fixture (bookmakers open different markets at different times before kickoff) -- genuinely unavailable, not a collector failure."
LALIGA2627_MW07_070_VillarrealCF_LevanteUD,2026-27,7,2026-09-20,2026-09-20T16:30:00+00:00,Villarreal CF,Levante UD,,totals,,,,,,,,,,,,,,,,,,unknown,,decimal,2026-09-22T10:25:41+00:00,none_available,,False,False,unavailable,2026-09-22,"The Odds API is configured and reachable, but has not yet posted this market for this fixture (bookmakers open different markets at different times before kickoff) -- genuinely unavailable, not a collector failure."
LALIGA2627_MW07_069_ValenciaCF_RealSociedad,2026-27,7,2026-09-20,2026-09-20T19:00:00+00:00,Valencia CF,Real Sociedad,,h2h,,,,,,,,,,,,,,,,,,unknown,,decimal,2026-09-22T10:25:41+00:00,none_available,,False,False,unavailable,2026-09-22,"The Odds API is configured and reachable, but has not yet posted this market for this fixture (bookmakers open different markets at different times before kickoff) -- genuinely unavailable, not a collector failure."
LALIGA2627_MW07_069_ValenciaCF_RealSociedad,2026-27,7,2026-09-20,2026-09-20T19:00:00+00:00,Valencia CF,Real Sociedad,,spreads,,,,,,,,,,,,,,,,,,unknown,,decimal,2026-09-22T10:25:41+00:00,none_available,,False,False,unavailable,2026-09-22,"The Odds API is configured and reachable, but has not yet posted this market for this fixture (bookmakers open different markets at different times before kickoff) -- genuinely unavailable, not a collector failure."
LALIGA2627_MW07_069_ValenciaCF_RealSociedad,2026-27,7,2026-09-20,2026-09-20T19:00:00+00:00,Valencia CF,Real Sociedad,,totals,,,,,,,,,,,,,,,,,,unknown,,decimal,2026-09-22T10:25:41+00:00,none_available,,False,False,unavailable,2026-09-22,"The Odds API is configured and reachable, but has not yet posted this market for this fixture (bookmakers open different markets at different times before kickoff) -- genuinely unavailable, not a collector failure."
LALIGA2627_MW08_076_MálagaCF_RCDEspanyoldeBarcelona,2026-27,8,2026-10-09,2026-10-09T19:00:00+00:00,Málaga CF,RCD Espanyol de Barcelona,,h2h,,,,,,,,,,,,,,,,,,unknown,,decimal,2026-09-22T10:25:41+00:00,none_available,,False,False,unavailable,2026-09-22,"The Odds API is configured and reachable, but has not yet posted this market for this fixture (bookmakers open different markets at different times before kickoff) -- genuinely unavailable, not a collector failure."
LALIGA2627_MW08_076_MálagaCF_RCDEspanyoldeBarcelona,2026-27,8,2026-10-09,2026-10-09T19:00:00+00:00,Málaga CF,RCD Espanyol de Barcelona,,spreads,,,,,,,,,,,,,,,,,,unknown,,decimal,2026-09-22T10:25:41+00:00,none_available,,False,False,unavailable,2026-09-22,"The Odds API is configured and reachable, but has not yet posted this market for this fixture (bookmakers open different markets at different times before kickoff) -- genuinely unavailable, not a collector failure."
LALIGA2627_MW08_076_MálagaCF_RCDEspanyoldeBarcelona,2026-27,8,2026-10-09,2026-10-09T19:00:00+00:00,Málaga CF,RCD Espanyol de Barcelona,,totals,,,,,,,,,,,,,,,,,,unknown,,decimal,2026-09-22T10:25:41+00:00,none_available,,False,False,unavailable,2026-09-22,"The Odds API is configured and reachable, but has not yet posted this market for this fixture (bookmakers open different markets at different times before kickoff) -- genuinely unavailable, not a collector failure."
LALIGA2627_MW08_078_RayoVallecano_AthleticClub,2026-27,8,2026-10-10,2026-10-10T12:00:00+00:00,Rayo Vallecano,Athletic Club,pinnacle,h2h,,,,3.08,3.42,2.31,,,,,,,,,,,,current,,decimal,2026-09-22T10:25:25Z,the-odds-api.com,https://api.the-odds-api.com/v4/sports/soccer_spain_la_liga/odds/,False,True,live,2026-09-22,Real current decimal odds from The Odds API. Opening/closing snapshots are not available on the free tier and are intentionally left blank.
LALIGA2627_MW08_078_RayoVallecano_AthleticClub,2026-27,8,2026-10-10,2026-10-10T12:00:00+00:00,Rayo Vallecano,Athletic Club,smarkets,h2h,,,,3.05,3.35,2.36,,,,,,,,,,,,current,,decimal,2026-09-22T10:25:25Z,the-odds-api.com,https://api.the-odds-api.com/v4/sports/soccer_spain_la_liga/odds/,False,True,live,2026-09-22,Real current decimal odds from The Odds API. Opening/closing snapshots are not available on the free tier and are intentionally left blank.
LALIGA2627_MW08_078_RayoVallecano_AthleticClub,2026-27,8,2026-10-10,2026-10-10T12:00:00+00:00,Rayo Vallecano,Athletic Club,winamax_de,h2h,,,,2.85,3.4,2.2,,,,,,,,,,,,current,,decimal,2026-09-22T10:24:28Z,the-odds-api.com,https://api.the-odds-api.com/v4/sports/soccer_spain_la_liga/odds/,False,True,live,2026-09-22,Real current decimal odds from The Odds API. Opening/closing snapshots are not available on the free tier and are intentionally left blank.
LALIGA2627_MW08_078_RayoVallecano_AthleticClub,2026-27,8,2026-10-10,2026-10-10T12:00:00+00:00,Rayo Vallecano,Athletic Club,unibet_fr,h2h,,,,2.85,3.2,2.1,,,,,,,,,,,,current,,decimal,2026-09-22T10:24:26Z,the-odds-api.com,https://api.the-odds-api.com/v4/sports/soccer_spain_la_liga/odds/,False,True,live,2026-09-22,Real current decimal odds from The Odds API. Opening/closing snapshots are not available on the free tier and are intentionally left blank.
LALIGA2627_MW08_078_RayoVallecano_AthleticClub,2026-27,8,2026-10-10,2026-10-10T12:00:00+00:00,Rayo Vallecano,Athletic Club,betfred_uk,h2h,,,,2.88,3.5,2.38,,,,,,,,,,,,current,,decimal,2026-09-22T10:24:28Z,the-odds-api.com,https://api.the-odds-api.com/v4/sports/soccer_spain_la_liga/odds/,False,True,live,2026-09-22,Real current decimal odds from The Odds API. Opening/closing snapshots are not available on the free tier and are intentionally left blank.
LALIGA2627_MW08_078_RayoVallecano_AthleticClub,2026-27,8,2026-10-10,2026-10-10T12:00:00+00:00,Rayo Vallecano,Athletic Club,leovegas,h2h,,,,2.9,3.35,2.25,,,,,,,,,,,,current,,decimal,2026-09-22T10:24:26Z,the-odds-api.com,https://api.the-odds-api.com/v4/sports/soccer_spain_la_liga/odds/,False,True,live,2026-09-22,Real current decimal odds from The Odds API. Opening/closing snapshots are not available on the free tier and are intentionally left blank.
LALIGA2627_MW08_078_RayoVallecano_AthleticClub,2026-27,8,2026-10-10,2026-10-10T12:00:00+00:00,Rayo Vallecano,Athletic Club,betclic_fr,h2h,,,,2.87,3.25,2.17,,,,,,,,,,,,current,,decimal,2026-09-22T10:25:36Z,the-odds-api.com,https://api.the-odds-api.com/v4/sports/soccer_spain_la_liga/odds/,False,True,live,2026-09-22,Real current decimal odds from The Odds API. Opening/closing snapshots are not available on the free tier and are intentionally left blank.
LALIGA2627_MW08_078_RayoVallecano_AthleticClub,2026-27,8,2026-10-10,2026-10-10T12:00:00+00:00,Rayo Vallecano,Athletic Club,winamax_fr,h2h,,,,2.8,3.3,2.15,,,,,,,,,,,,current,,decimal,2026-09-22T10:25:06Z,the-odds-api.com,https://api.the-odds-api.com/v4/sports/soccer_spain_la_liga/odds/,False,True,live,2026-09-22,Real current decimal odds from The Odds API. Opening/closing snapshots are not available on the free tier and are intentionally left blank.
LALIGA2627_MW08_078_RayoVallecano_AthleticClub,2026-27,8,2026-10-10,2026-10-10T12:00:00+00:00,Rayo Vallecano,Athletic Club,codere_it,h2h,,,,3.05,3.45,2.33,,,,,,,,,,,,current,,decimal,2026-09-22T10:25:04Z,the-odds-api.com,https://api.the-odds-api.com/v4/sports/soccer_spain_la_liga/odds/,False,True,live,2026-09-22,Real current decimal odds from The Odds API. Opening/closing snapshots are not available on the free tier and are intentionally left blank.
LALIGA2627_MW08_078_RayoVallecano_AthleticClub,2026-27,8,2026-10-10,2026-10-10T12:00:00+00:00,Rayo Vallecano,Athletic Club,boylesports,h2h,,,,2.9,3.3,2.15,,,,,,,,,,,,current,,decimal,2026-09-22T10:25:08Z,the-odds-api.com,https://api.the-odds-api.com/v4/sports/soccer_spain_la_liga/odds/,False,True,live,2026-09-22,Real current decimal odds from The Odds API. Opening/closing snapshots are not available on the free tier and are intentionally left blank.
LALIGA2627_MW08_078_RayoVallecano_AthleticClub,2026-27,8,2026-10-10,2026-10-10T12:00:00+00:00,Rayo Vallecano,Athletic Club,betrivers,h2h,,,,3.0,3.35,2.38,,,,,,,,,,,,current,,decimal,2026-09-22T10:24:25Z,the-odds-api.com,https://api.the-odds-api.com/v4/sports/soccer_spain_la_liga/odds/,False,True,live,2026-09-22,Real current decimal odds from The Odds API. Opening/closing snapshots are not available on the free tier and are intentionally left blank.
LALIGA2627_MW08_078_RayoVallecano_AthleticClub,2026-27,8,2026-10-10,2026-10-10T12:00:00+00:00,Rayo Vallecano,Athletic Club,leovegas_se,h2h,,,,2.9,3.2,2.32,,,,,,,,,,,,current,,decimal,2026-09-22T10:24:26Z,the-odds-api.com,https://api.the-odds-api.com/v4/sports/soccer_spain_la_liga/odds/,False,True,live,2026-09-22,Real current decimal odds from The Odds API. Opening/closing snapshots are not available on the free tier and are intentionally left blank.
LALIGA2627_MW08_078_RayoVallecano_AthleticClub,2026-27,8,2026-10-10,2026-10-10T12:00:00+00:00,Rayo Vallecano,Athletic Club,virginbet,h2h,,,,2.85,3.15,2.28,,,,,,,,,,,,current,,decimal,2026-09-22T10:25:24Z,the-odds-api.com,https://api.the-odds-api.com/v4/sports/soccer_spain_la_liga/odds/,False,True,live,2026-09-22,Real current decimal odds from The Odds API. Opening/closing snapshots are not available on the free tier and are intentionally left blank.
LALIGA2627_MW08_078_RayoVallecano_AthleticClub,2026-27,8,2026-10-10,2026-10-10T12:00:00+00:00,Rayo Vallecano,Athletic Club,pmu_fr,h2h,,,,2.8,3.15,2.25,,,,,,,,,,,,current,,decimal,2026-09-22T10:24:26Z,the-odds-api.com,https://api.the-odds-api.com/v4/sports/soccer_spain_la_liga/odds/,False,True,live,2026-09-22,Real current decimal odds from The Odds API. Opening/closing snapshots are not available on the free tier and are intentionally left blank.
LALIGA2627_MW08_078_RayoVallecano_AthleticClub,2026-27,8,2026-10-10,2026-10-10T12:00:00+00:00,Rayo Vallecano,Athletic Club,unibet_nl,h2h,,,,3.05,3.4,2.4,,,,,,,,,,,,current,,decimal,2026-09-22T10:25:24Z,the-odds-api.com,https://api.the-odds-api.com/v4/sports/soccer_spain_la_liga/odds/,False,True,live,2026-09-22,Real current decimal odds from The Odds API. Opening/closing snapshots are not available on the free tier and are intentionally left blank.
LALIGA2627_MW08_078_RayoVallecano_AthleticClub,2026-27,8,2026-10-10,2026-10-10T12:00:00+00:00,Rayo Vallecano,Athletic Club,grosvenor,h2h,,,,3.05,3.4,2.4,,,,,,,,,,,,current,,decimal,2026-09-22T10:24:26Z,the-odds-api.com,https://api.the-odds-api.com/v4/sports/soccer_spain_la_liga/odds/,False,True,live,2026-09-22,Real current decimal odds from The Odds API. Opening/closing snapshots are not available on the free tier and are intentionally left blank.
LALIGA2627_MW08_078_RayoVallecano_AthleticClub,2026-27,8,2026-10-10,2026-10-10T12:00:00+00:00,Rayo Vallecano,Athletic Club,livescorebet,h2h,,,,2.9,3.2,2.32,,,,,,,,,,,,current,,decimal,2026-09-22T10:24:25Z,the-odds-api.com,https://api.the-odds-api.com/v4/sports/soccer_spain_la_liga/odds/,False,True,live,2026-09-22,Real current decimal odds from The Odds API. Opening/closing snapshots are not available on the free tier and are intentionally left blank.
LALIGA2627_MW08_078_RayoVallecano_AthleticClub,2026-27,8,2026-10-10,2026-10-10T12:00:00+00:00,Rayo Vallecano,Athletic Club,unibet_se,h2h,,,,3.05,3.4,2.4,,,,,,,,,,,,current,,decimal,2026-09-22T10:24:26Z,the-odds-api.com,https://api.the-odds-api.com/v4/sports/soccer_spain_la_liga/odds/,False,True,live,2026-09-22,Real current decimal odds from The Odds API. Opening/closing snapshots are not available on the free tier and are intentionally left blank.
LALIGA2627_MW08_078_RayoVallecano_AthleticClub,2026-27,8,2026-10-10,2026-10-10T12:00:00+00:00,Rayo Vallecano,Athletic Club,onexbet,h2h,,,,3.21,3.49,2.39,,,,,,,,,,,,current,,decimal,2026-09-22T10:20:53Z,the-odds-api.com,https://api.the-odds-api.com/v4/sports/soccer_spain_la_liga/odds/,False,True,live,2026-09-22,Real current decimal odds from The Odds API. Opening/closing snapshots are not available on the free tier and are intentionally left blank.
LALIGA2627_MW08_078_RayoVallecano_AthleticClub,2026-27,8,2026-10-10,2026-10-10T12:00:00+00:00,Rayo Vallecano,Athletic Club,williamhill,h2h,,,,3.0,3.3,2.25,,,,,,,,,,,,current,,decimal,2026-09-22T10:24:26Z,the-odds-api.com,https://api.the-odds-api.com/v4/sports/soccer_spain_la_liga/odds/,False,True,live,2026-09-22,Real current decimal odds from The Odds API. Opening/closing snapshots are not available on the free tier and are intentionally left blank.
LALIGA2627_MW08_078_RayoVallecano_AthleticClub,2026-27,8,2026-10-10,2026-10-10T12:00:00+00:00,Rayo Vallecano,Athletic Club,nordicbet,h2h,,,,3.05,3.4,2.32,,,,,,,,,,,,current,,decimal,2026-09-22T10:24:27Z,the-odds-api.com,https://api.the-odds-api.com/v4/sports/soccer_spain_la_liga/odds/,False,True,live,2026-09-22,Real current decimal odds from The Odds API. Opening/closing snapshots are not available on the free tier and are intentionally left blank.
LALIGA2627_MW08_078_RayoVallecano_AthleticClub,2026-27,8,2026-10-10,2026-10-10T12:00:00+00:00,Rayo Vallecano,Athletic Club,betsson,h2h,,,,3.05,3.35,2.32,,,,,,,,,,,,current,,decimal,2026-09-22T10:24:47Z,the-odds-api.com,https://api.the-odds-api.com/v4/sports/soccer_spain_la_liga/odds/,False,True,live,2026-09-22,Real current decimal odds from The Odds API. Opening/closing snapshots are not available on the free tier and are intentionally left blank.
LALIGA2627_MW08_078_RayoVallecano_AthleticClub,2026-27,8,2026-10-10,2026-10-10T12:00:00+00:00,Rayo Vallecano,Athletic Club,bovada,h2h,,,,3.05,3.4,2.31,,,,,,,,,,,,current,,decimal,2026-09-22T10:18:21Z,the-odds-api.com,https://api.the-odds-api.com/v4/sports/soccer_spain_la_liga/odds/,False,True,live,2026-09-22,Real current decimal odds from The Odds API. Opening/closing snapshots are not available on the free tier and are intentionally left blank.
LALIGA2627_MW08_078_RayoVallecano_AthleticClub,2026-27,8,2026-10-10,2026-10-10T12:00:00+00:00,Rayo Vallecano,Athletic Club,tipico_de,h2h,,,,3.2,3.3,2.25,,,,,,,,,,,,current,,decimal,2026-09-22T10:24:26Z,the-odds-api.com,https://api.the-odds-api.com/v4/sports/soccer_spain_la_liga/odds/,False,True,live,2026-09-22,Real current decimal odds from The Odds API. Opening/closing snapshots are not available on the free tier and are intentionally left blank.
LALIGA2627_MW08_078_RayoVallecano_AthleticClub,2026-27,8,2026-10-10,2026-10-10T12:00:00+00:00,Rayo Vallecano,Athletic Club,draftkings,h2h,,,,3.0,3.35,2.3,,,,,,,,,,,,current,,decimal,2026-09-22T10:23:28Z,the-odds-api.com,https://api.the-odds-api.com/v4/sports/soccer_spain_la_liga/odds/,False,True,live,2026-09-22,Real current decimal odds from The Odds API. Opening/closing snapshots are not available on the free tier and are intentionally left blank.
LALIGA2627_MW08_078_RayoVallecano_AthleticClub,2026-27,8,2026-10-10,2026-10-10T12:00:00+00:00,Rayo Vallecano,Athletic Club,betmgm,h2h,,,,3.0,3.5,2.25,,,,,,,,,,,,current,,decimal,2026-09-22T10:24:25Z,the-odds-api.com,https://api.the-odds-api.com/v4/sports/soccer_spain_la_liga/odds/,False,True,live,2026-09-22,Real current decimal odds from The Odds API. Opening/closing snapshots are not available on the free tier and are intentionally left blank.
LALIGA2627_MW08_078_RayoVallecano_AthleticClub,2026-27,8,2026-10-10,2026-10-10T12:00:00+00:00,Rayo Vallecano,Athletic Club,coral,h2h,,,,3.0,3.5,2.3,,,,,,,,,,,,current,,decimal,2026-09-22T10:25:23Z,the-odds-api.com,https://api.the-odds-api.com/v4/sports/soccer_spain_la_liga/odds/,False,True,live,2026-09-22,Real current decimal odds from The Odds API. Opening/closing snapshots are not available on the free tier and are intentionally left blank.
LALIGA2627_MW08_078_RayoVallecano_AthleticClub,2026-27,8,2026-10-10,2026-10-10T12:00:00+00:00,Rayo Vallecano,Athletic Club,ladbrokes_uk,h2h,,,,3.0,3.5,2.25,,,,,,,,,,,,current,,decimal,2026-09-22T10:24:26Z,the-odds-api.com,https://api.the-odds-api.com/v4/sports/soccer_spain_la_liga/odds/,False,True,live,2026-09-22,Real current decimal odds from The Odds API. Opening/closing snapshots are not available on the free tier and are intentionally left blank.
LALIGA2627_MW08_078_RayoVallecano_AthleticClub,2026-27,8,2026-10-10,2026-10-10T12:00:00+00:00,Rayo Vallecano,Athletic Club,coolbet,h2h,,,,3.0,3.3,2.4,,,,,,,,,,,,current,,decimal,2026-09-22T10:25:24Z,the-odds-api.com,https://api.the-odds-api.com/v4/sports/soccer_spain_la_liga/odds/,False,True,live,2026-09-22,Real current decimal odds from The Odds API. Opening/closing snapshots are not available on the free tier and are intentionally left blank.
LALIGA2627_MW08_078_RayoVallecano_AthleticClub,2026-27,8,2026-10-10,2026-10-10T12:00:00+00:00,Rayo Vallecano,Athletic Club,betvictor,h2h,,,,2.88,3.3,2.25,,,,,,,,,,,,current,,decimal,2026-09-22T10:25:39Z,the-odds-api.com,https://api.the-odds-api.com/v4/sports/soccer_spain_la_liga/odds/,False,True,live,2026-09-22,Real current decimal odds from The Odds API. Opening/closing snapshots are not available on the free tier and are intentionally left blank.
LALIGA2627_MW08_078_RayoVallecano_AthleticClub,2026-27,8,2026-10-10,2026-10-10T12:00:00+00:00,Rayo Vallecano,Athletic Club,betano_uk,h2h,,,,2.88,3.3,2.25,,,,,,,,,,,,current,,decimal,2026-09-22T10:24:37Z,the-odds-api.com,https://api.the-odds-api.com/v4/sports/soccer_spain_la_liga/odds/,False,True,live,2026-09-22,Real current decimal odds from The Odds API. Opening/closing snapshots are not available on the free tier and are intentionally left blank.
LALIGA2627_MW08_078_RayoVallecano_AthleticClub,2026-27,8,2026-10-10,2026-10-10T12:00:00+00:00,Rayo Vallecano,Athletic Club,unibet_uk,h2h,,,,2.9,3.3,2.25,,,,,,,,,,,,current,,decimal,2026-09-22T10:24:26Z,the-odds-api.com,https://api.the-odds-api.com/v4/sports/soccer_spain_la_liga/odds/,False,True,live,2026-09-22,Real current decimal odds from The Odds API. Opening/closing snapshots are not available on the free tier and are intentionally left blank.
LALIGA2627_MW08_078_RayoVallecano_AthleticClub,2026-27,8,2026-10-10,2026-10-10T12:00:00+00:00,Rayo Vallecano,Athletic Club,betway,h2h,,,,3.0,3.3,2.2,,,,,,,,,,,,current,,decimal,2026-09-22T10:25:06Z,the-odds-api.com,https://api.the-odds-api.com/v4/sports/soccer_spain_la_liga/odds/,False,True,live,2026-09-22,Real current decimal odds from The Odds API. Opening/closing snapshots are not available on the free tier and are intentionally left blank.
LALIGA2627_MW08_078_RayoVallecano_AthleticClub,2026-27,8,2026-10-10,2026-10-10T12:00:00+00:00,Rayo Vallecano,Athletic Club,casumo,h2h,,,,3.0,3.35,2.38,,,,,,,,,,,,current,,decimal,2026-09-22T10:24:26Z,the-odds-api.com,https://api.the-odds-api.com/v4/sports/soccer_spain_la_liga/odds/,False,True,live,2026-09-22,Real current decimal odds from The Odds API. Opening/closing snapshots are not available on the free tier and are intentionally left blank.
LALIGA2627_MW08_078_RayoVallecano_AthleticClub,2026-27,8,2026-10-10,2026-10-10T12:00:00+00:00,Rayo Vallecano,Athletic Club,everygame,h2h,,,,2.95,3.3,2.25,,,,,,,,,,,,current,,decimal,2026-09-22T10:20:50Z,the-odds-api.com,https://api.the-odds-api.com/v4/sports/soccer_spain_la_liga/odds/,False,True,live,2026-09-22,Real current decimal odds from The Odds API. Opening/closing snapshots are not available on the free tier and are intentionally left blank.
LALIGA2627_MW08_078_RayoVallecano_AthleticClub,2026-27,8,2026-10-10,2026-10-10T12:00:00+00:00,Rayo Vallecano,Athletic Club,fanduel,h2h,,,,2.9,3.4,2.3,,,,,,,,,,,,current,,decimal,2026-09-22T10:25:23Z,the-odds-api.com,https://api.the-odds-api.com/v4/sports/soccer_spain_la_liga/odds/,False,True,live,2026-09-22,Real current decimal odds from The Odds API. Opening/closing snapshots are not available on the free tier and are intentionally left blank.
LALIGA2627_MW08_078_RayoVallecano_AthleticClub,2026-27,8,2026-10-10,2026-10-10T12:00:00+00:00,Rayo Vallecano,Athletic Club,paddypower,h2h,,,,2.88,3.4,2.25,,,,,,,,,,,,current,,decimal,2026-09-22T10:24:08Z,the-odds-api.com,https://api.the-odds-api.com/v4/sports/soccer_spain_la_liga/odds/,False,True,live,2026-09-22,Real current decimal odds from The Odds API. Opening/closing snapshots are not available on the free tier and are intentionally left blank.
LALIGA2627_MW08_078_RayoVallecano_AthleticClub,2026-27,8,2026-10-10,2026-10-10T12:00:00+00:00,Rayo Vallecano,Athletic Club,skybet,h2h,,,,2.88,3.4,2.3,,,,,,,,,,,,current,,decimal,2026-09-22T10:25:07Z,the-odds-api.com,https://api.the-odds-api.com/v4/sports/soccer_spain_la_liga/odds/,False,True,live,2026-09-22,Real current decimal odds from The Odds API. Opening/closing snapshots are not available on the free tier and are intentionally left blank.
LALIGA2627_MW08_078_RayoVallecano_AthleticClub,2026-27,8,2026-10-10,2026-10-10T12:00:00+00:00,Rayo Vallecano,Athletic Club,betfair_ex_uk,h2h,,,,3.1,3.4,2.4,,,,,,,,,,,,current,,decimal,2026-09-22T10:25:24Z,the-odds-api.com,https://api.the-odds-api.com/v4/sports/soccer_spain_la_liga/odds/,False,True,live,2026-09-22,Real current decimal odds from The Odds API. Opening/closing snapshots are not available on the free tier and are intentionally left blank.
LALIGA2627_MW08_078_RayoVallecano_AthleticClub,2026-27,8,2026-10-10,2026-10-10T12:00:00+00:00,Rayo Vallecano,Athletic Club,betfair_ex_eu,h2h,,,,3.1,3.4,2.4,,,,,,,,,,,,current,,decimal,2026-09-22T10:25:06Z,the-odds-api.com,https://api.the-odds-api.com/v4/sports/soccer_spain_la_liga/odds/,False,True,live,2026-09-22,Real current decimal odds from The Odds API. Opening/closing snapshots are not available on the free tier and are intentionally left blank.
LALIGA2627_MW08_078_RayoVallecano_AthleticClub,2026-27,8,2026-10-10,2026-10-10T12:00:00+00:00,Rayo Vallecano,Athletic Club,pinnacle,spreads,,,,,,,,,,0.25,1.85,2.0,,,,,,current,,decimal,2026-09-22T10:25:25Z,the-odds-api.com,https://api.the-odds-api.com/v4/sports/soccer_spain_la_liga/odds/,False,True,live,2026-09-22,Real current decimal odds from The Odds API. Opening/closing snapshots are not available on the free tier and are intentionally left blank.
LALIGA2627_MW08_078_RayoVallecano_AthleticClub,2026-27,8,2026-10-10,2026-10-10T12:00:00+00:00,Rayo Vallecano,Athletic Club,onexbet,spreads,,,,,,,,,,0.0,2.29,1.73,,,,,,current,,decimal,2026-09-22T10:20:53Z,the-odds-api.com,https://api.the-odds-api.com/v4/sports/soccer_spain_la_liga/odds/,False,True,live,2026-09-22,Real current decimal odds from The Odds API. Opening/closing snapshots are not available on the free tier and are intentionally left blank.
LALIGA2627_MW08_078_RayoVallecano_AthleticClub,2026-27,8,2026-10-10,2026-10-10T12:00:00+00:00,Rayo Vallecano,Athletic Club,bovada,spreads,,,,,,,,,,0.25,1.85,1.98,,,,,,current,,decimal,2026-09-22T10:18:21Z,the-odds-api.com,https://api.the-odds-api.com/v4/sports/soccer_spain_la_liga/odds/,False,True,live,2026-09-22,Real current decimal odds from The Odds API. Opening/closing snapshots are not available on the free tier and are intentionally left blank.
LALIGA2627_MW08_078_RayoVallecano_AthleticClub,2026-27,8,2026-10-10,2026-10-10T12:00:00+00:00,Rayo Vallecano,Athletic Club,coolbet,spreads,,,,,,,,,,1.0,1.29,3.95,,,,,,current,,decimal,2026-09-22T10:25:24Z,the-odds-api.com,https://api.the-odds-api.com/v4/sports/soccer_spain_la_liga/odds/,False,True,live,2026-09-22,Real current decimal odds from The Odds API. Opening/closing snapshots are not available on the free tier and are intentionally left blank.
LALIGA2627_MW08_078_RayoVallecano_AthleticClub,2026-27,8,2026-10-10,2026-10-10T12:00:00+00:00,Rayo Vallecano,Athletic Club,pinnacle,totals,,,,,,,,,,,,,2.5,1.88,1.95,,,current,,decimal,2026-09-22T10:25:25Z,the-odds-api.com,https://api.the-odds-api.com/v4/sports/soccer_spain_la_liga/odds/,False,True,live,2026-09-22,Real current decimal odds from The Odds API. Opening/closing snapshots are not available on the free tier and are intentionally left blank.
LALIGA2627_MW08_078_RayoVallecano_AthleticClub,2026-27,8,2026-10-10,2026-10-10T12:00:00+00:00,Rayo Vallecano,Athletic Club,leovegas,totals,,,,,,,,,,,,,2.5,1.8,1.85,,,current,,decimal,2026-09-22T10:24:26Z,the-odds-api.com,https://api.the-odds-api.com/v4/sports/soccer_spain_la_liga/odds/,False,True,live,2026-09-22,Real current decimal odds from The Odds API. Opening/closing snapshots are not available on the free tier and are intentionally left blank.
LALIGA2627_MW08_078_RayoVallecano_AthleticClub,2026-27,8,2026-10-10,2026-10-10T12:00:00+00:00,Rayo Vallecano,Athletic Club,codere_it,totals,,,,,,,,,,,,,2.5,1.83,1.84,,,current,,decimal,2026-09-22T10:25:04Z,the-odds-api.com,https://api.the-odds-api.com/v4/sports/soccer_spain_la_liga/odds/,False,True,live,2026-09-22,Real current decimal odds from The Odds API. Opening/closing snapshots are not available on the free tier and are intentionally left blank.
LALIGA2627_MW08_078_RayoVallecano_AthleticClub,2026-27,8,2026-10-10,2026-10-10T12:00:00+00:00,Rayo Vallecano,Athletic Club,betrivers,totals,,,,,,,,,,,,,2.5,1.88,1.88,,,current,,decimal,2026-09-22T10:24:25Z,the-odds-api.com,https://api.the-odds-api.com/v4/sports/soccer_spain_la_liga/odds/,False,True,live,2026-09-22,Real current decimal odds from The Odds API. Opening/closing snapshots are not available on the free tier and are intentionally left blank.
LALIGA2627_MW08_078_RayoVallecano_AthleticClub,2026-27,8,2026-10-10,2026-10-10T12:00:00+00:00,Rayo Vallecano,Athletic Club,leovegas_se,totals,,,,,,,,,,,,,2.5,1.88,1.88,,,current,,decimal,2026-09-22T10:24:26Z,the-odds-api.com,https://api.the-odds-api.com/v4/sports/soccer_spain_la_liga/odds/,False,True,live,2026-09-22,Real current decimal odds from The Odds API. Opening/closing snapshots are not available on the free tier and are intentionally left blank.
LALIGA2627_MW08_078_RayoVallecano_AthleticClub,2026-27,8,2026-10-10,2026-10-10T12:00:00+00:00,Rayo Vallecano,Athletic Club,pmu_fr,totals,,,,,,,,,,,,,2.5,1.78,1.78,,,current,,decimal,2026-09-22T10:24:26Z,the-odds-api.com,https://api.the-odds-api.com/v4/sports/soccer_spain_la_liga/odds/,False,True,live,2026-09-22,Real current decimal odds from The Odds API. Opening/closing snapshots are not available on the free tier and are intentionally left blank.
LALIGA2627_MW08_078_RayoVallecano_AthleticClub,2026-27,8,2026-10-10,2026-10-10T12:00:00+00:00,Rayo Vallecano,Athletic Club,unibet_nl,totals,,,,,,,,,,,,,2.5,1.88,1.88,,,current,,decimal,2026-09-22T10:25:24Z,the-odds-api.com,https://api.the-odds-api.com/v4/sports/soccer_spain_la_liga/odds/,False,True,live,2026-09-22,Real current decimal odds from The Odds API. Opening/closing snapshots are not available on the free tier and are intentionally left blank.
LALIGA2627_MW08_078_RayoVallecano_AthleticClub,2026-27,8,2026-10-10,2026-10-10T12:00:00+00:00,Rayo Vallecano,Athletic Club,grosvenor,totals,,,,,,,,,,,,,2.5,1.88,1.88,,,current,,decimal,2026-09-22T10:24:26Z,the-odds-api.com,https://api.the-odds-api.com/v4/sports/soccer_spain_la_liga/odds/,False,True,live,2026-09-22,Real current decimal odds from The Odds API. Opening/closing snapshots are not available on the free tier and are intentionally left blank.
LALIGA2627_MW08_078_RayoVallecano_AthleticClub,2026-27,8,2026-10-10,2026-10-10T12:00:00+00:00,Rayo Vallecano,Athletic Club,unibet_se,totals,,,,,,,,,,,,,2.5,1.88,1.88,,,current,,decimal,2026-09-22T10:24:26Z,the-odds-api.com,https://api.the-odds-api.com/v4/sports/soccer_spain_la_liga/odds/,False,True,live,2026-09-22,Real current decimal odds from The Odds API. Opening/closing snapshots are not available on the free tier and are intentionally left blank.
LALIGA2627_MW08_078_RayoVallecano_AthleticClub,2026-27,8,2026-10-10,2026-10-10T12:00:00+00:00,Rayo Vallecano,Athletic Club,onexbet,totals,,,,,,,,,,,,,2.5,1.95,1.99,,,current,,decimal,2026-09-22T10:20:53Z,the-odds-api.com,https://api.the-odds-api.com/v4/sports/soccer_spain_la_liga/odds/,False,True,live,2026-09-22,Real current decimal odds from The Odds API. Opening/closing snapshots are not available on the free tier and are intentionally left blank.
LALIGA2627_MW08_078_RayoVallecano_AthleticClub,2026-27,8,2026-10-10,2026-10-10T12:00:00+00:00,Rayo Vallecano,Athletic Club,williamhill,totals,,,,,,,,,,,,,2.5,1.85,1.91,,,current,,decimal,2026-09-22T10:24:26Z,the-odds-api.com,https://api.the-odds-api.com/v4/sports/soccer_spain_la_liga/odds/,False,True,live,2026-09-22,Real current decimal odds from The Odds API. Opening/closing snapshots are not available on the free tier and are intentionally left blank.
LALIGA2627_MW08_078_RayoVallecano_AthleticClub,2026-27,8,2026-10-10,2026-10-10T12:00:00+00:00,Rayo Vallecano,Athletic Club,nordicbet,totals,,,,,,,,,,,,,2.5,1.85,1.9,,,current,,decimal,2026-09-22T10:24:27Z,the-odds-api.com,https://api.the-odds-api.com/v4/sports/soccer_spain_la_liga/odds/,False,True,live,2026-09-22,Real current decimal odds from The Odds API. Opening/closing snapshots are not available on the free tier and are intentionally left blank.
LALIGA2627_MW08_078_RayoVallecano_AthleticClub,2026-27,8,2026-10-10,2026-10-10T12:00:00+00:00,Rayo Vallecano,Athletic Club,betsson,totals,,,,,,,,,,,,,2.5,1.89,1.93,,,current,,decimal,2026-09-22T10:24:47Z,the-odds-api.com,https://api.the-odds-api.com/v4/sports/soccer_spain_la_liga/odds/,False,True,live,2026-09-22,Real current decimal odds from The Odds API. Opening/closing snapshots are not available on the free tier and are intentionally left blank.
LALIGA2627_MW08_078_RayoVallecano_AthleticClub,2026-27,8,2026-10-10,2026-10-10T12:00:00+00:00,Rayo Vallecano,Athletic Club,bovada,totals,,,,,,,,,,,,,2.5,1.87,1.95,,,current,,decimal,2026-09-22T10:18:21Z,the-odds-api.com,https://api.the-odds-api.com/v4/sports/soccer_spain_la_liga/odds/,False,True,live,2026-09-22,Real current decimal odds from The Odds API. Opening/closing snapshots are not available on the free tier and are intentionally left blank.
LALIGA2627_MW08_078_RayoVallecano_AthleticClub,2026-27,8,2026-10-10,2026-10-10T12:00:00+00:00,Rayo Vallecano,Athletic Club,tipico_de,totals,,,,,,,,,,,,,2.5,1.83,1.93,,,current,,decimal,2026-09-22T10:24:26Z,the-odds-api.com,https://api.the-odds-api.com/v4/sports/soccer_spain_la_liga/odds/,False,True,live,2026-09-22,Real current decimal odds from The Odds API. Opening/closing snapshots are not available on the free tier and are intentionally left blank.
LALIGA2627_MW08_078_RayoVallecano_AthleticClub,2026-27,8,2026-10-10,2026-10-10T12:00:00+00:00,Rayo Vallecano,Athletic Club,betmgm,totals,,,,,,,,,,,,,2.5,1.83,1.87,,,current,,decimal,2026-09-22T10:24:25Z,the-odds-api.com,https://api.the-odds-api.com/v4/sports/soccer_spain_la_liga/odds/,False,True,live,2026-09-22,Real current decimal odds from The Odds API. Opening/closing snapshots are not available on the free tier and are intentionally left blank.
LALIGA2627_MW08_078_RayoVallecano_AthleticClub,2026-27,8,2026-10-10,2026-10-10T12:00:00+00:00,Rayo Vallecano,Athletic Club,coolbet,totals,,,,,,,,,,,,,2.5,1.9,1.99,,,current,,decimal,2026-09-22T10:25:24Z,the-odds-api.com,https://api.the-odds-api.com/v4/sports/soccer_spain_la_liga/odds/,False,True,live,2026-09-22,Real current decimal odds from The Odds API. Opening/closing snapshots are not available on the free tier and are intentionally left blank.
LALIGA2627_MW08_078_RayoVallecano_AthleticClub,2026-27,8,2026-10-10,2026-10-10T12:00:00+00:00,Rayo Vallecano,Athletic Club,casumo,totals,,,,,,,,,,,,,2.5,1.88,1.88,,,current,,decimal,2026-09-22T10:24:26Z,the-odds-api.com,https://api.the-odds-api.com/v4/sports/soccer_spain_la_liga/odds/,False,True,live,2026-09-22,Real current decimal odds from The Odds API. Opening/closing snapshots are not available on the free tier and are intentionally left blank.
LALIGA2627_MW08_071_DeportivoAlavés_AtléticodeMadrid,2026-27,8,2026-10-10,2026-10-10T14:15:00+00:00,Deportivo Alavés,Atlético de Madrid,,h2h,,,,,,,,,,,,,,,,,,unknown,,decimal,2026-09-22T10:25:41+00:00,none_available,,False,False,unavailable,2026-09-22,"The Odds API is configured and reachable, but has not yet posted this market for this fixture (bookmakers open different markets at different times before kickoff) -- genuinely unavailable, not a collector failure."
LALIGA2627_MW08_071_DeportivoAlavés_AtléticodeMadrid,2026-27,8,2026-10-10,2026-10-10T14:15:00+00:00,Deportivo Alavés,Atlético de Madrid,,spreads,,,,,,,,,,,,,,,,,,unknown,,decimal,2026-09-22T10:25:41+00:00,none_available,,False,False,unavailable,2026-09-22,"The Odds API is configured and reachable, but has not yet posted this market for this fixture (bookmakers open different markets at different times before kickoff) -- genuinely unavailable, not a collector failure."
LALIGA2627_MW08_071_DeportivoAlavés_AtléticodeMadrid,2026-27,8,2026-10-10,2026-10-10T14:15:00+00:00,Deportivo Alavés,Atlético de Madrid,,totals,,,,,,,,,,,,,,,,,,unknown,,decimal,2026-09-22T10:25:41+00:00,none_available,,False,False,unavailable,2026-09-22,"The Odds API is configured and reachable, but has not yet posted this market for this fixture (bookmakers open different markets at different times before kickoff) -- genuinely unavailable, not a collector failure."
LALIGA2627_MW08_074_FCBarcelona_GetafeCF,2026-27,8,2026-10-10,2026-10-10T16:30:00+00:00,FC Barcelona,Getafe CF,pinnacle,h2h,,,,1.05,17.83,28.14,,,,,,,,,,,,current,,decimal,2026-09-22T10:25:24Z,the-odds-api.com,https://api.the-odds-api.com/v4/sports/soccer_spain_la_liga/odds/,False,True,live,2026-09-22,Real current decimal odds from The Odds API. Opening/closing snapshots are not available on the free tier and are intentionally left blank.
LALIGA2627_MW08_074_FCBarcelona_GetafeCF,2026-27,8,2026-10-10,2026-10-10T16:30:00+00:00,FC Barcelona,Getafe CF,winamax_de,h2h,,,,1.04,12.5,20.0,,,,,,,,,,,,current,,decimal,2026-09-22T10:24:28Z,the-odds-api.com,https://api.the-odds-api.com/v4/sports/soccer_spain_la_liga/odds/,False,True,live,2026-09-22,Real current decimal odds from The Odds API. Opening/closing snapshots are not available on the free tier and are intentionally left blank.
LALIGA2627_MW08_074_FCBarcelona_GetafeCF,2026-27,8,2026-10-10,2026-10-10T16:30:00+00:00,FC Barcelona,Getafe CF,unibet_fr,h2h,,,,1.03,8.4,20.0,,,,,,,,,,,,current,,decimal,2026-09-22T10:24:26Z,the-odds-api.com,https://api.the-odds-api.com/v4/sports/soccer_spain_la_liga/odds/,False,True,live,2026-09-22,Real current decimal odds from The Odds API. Opening/closing snapshots are not available on the free tier and are intentionally left blank.
LALIGA2627_MW08_074_FCBarcelona_GetafeCF,2026-27,8,2026-10-10,2026-10-10T16:30:00+00:00,FC Barcelona,Getafe CF,betfred_uk,h2h,,,,1.06,13.0,29.0,,,,,,,,,,,,current,,decimal,2026-09-22T10:24:28Z,the-odds-api.com,https://api.the-odds-api.com/v4/sports/soccer_spain_la_liga/odds/,False,True,live,2026-09-22,Real current decimal odds from The Odds API. Opening/closing snapshots are not available on the free tier and are intentionally left blank.
LALIGA2627_MW08_074_FCBarcelona_GetafeCF,2026-27,8,2026-10-10,2026-10-10T16:30:00+00:00,FC Barcelona,Getafe CF,leovegas,h2h,,,,1.05,11.0,23.0,,,,,,,,,,,,current,,decimal,2026-09-22T10:24:26Z,the-odds-api.com,https://api.the-odds-api.com/v4/sports/soccer_spain_la_liga/odds/,False,True,live,2026-09-22,Real current decimal odds from The Odds API. Opening/closing snapshots are not available on the free tier and are intentionally left blank.
LALIGA2627_MW08_074_FCBarcelona_GetafeCF,2026-27,8,2026-10-10,2026-10-10T16:30:00+00:00,FC Barcelona,Getafe CF,betclic_fr,h2h,,,,1.04,9.0,21.0,,,,,,,,,,,,current,,decimal,2026-09-22T10:25:36Z,the-odds-api.com,https://api.the-odds-api.com/v4/sports/soccer_spain_la_liga/odds/,False,True,live,2026-09-22,Real current decimal odds from The Odds API. Opening/closing snapshots are not available on the free tier and are intentionally left blank.
LALIGA2627_MW08_074_FCBarcelona_GetafeCF,2026-27,8,2026-10-10,2026-10-10T16:30:00+00:00,FC Barcelona,Getafe CF,winamax_fr,h2h,,,,1.03,10.5,18.0,,,,,,,,,,,,current,,decimal,2026-09-22T10:25:06Z,the-odds-api.com,https://api.the-odds-api.com/v4/sports/soccer_spain_la_liga/odds/,False,True,live,2026-09-22,Real current decimal odds from The Odds API. Opening/closing snapshots are not available on the free tier and are intentionally left blank.
LALIGA2627_MW08_074_FCBarcelona_GetafeCF,2026-27,8,2026-10-10,2026-10-10T16:30:00+00:00,FC Barcelona,Getafe CF,codere_it,h2h,,,,1.06,13.0,30.0,,,,,,,,,,,,current,,decimal,2026-09-22T10:25:04Z,the-odds-api.com,https://api.the-odds-api.com/v4/sports/soccer_spain_la_liga/odds/,False,True,live,2026-09-22,Real current decimal odds from The Odds API. Opening/closing snapshots are not available on the free tier and are intentionally left blank.
LALIGA2627_MW08_074_FCBarcelona_GetafeCF,2026-27,8,2026-10-10,2026-10-10T16:30:00+00:00,FC Barcelona,Getafe CF,smarkets,h2h,,,,1.07,17.51,44.05,,,,,,,,,,,,current,,decimal,2026-09-22T10:25:25Z,the-odds-api.com,https://api.the-odds-api.com/v4/sports/soccer_spain_la_liga/odds/,False,True,live,2026-09-22,Real current decimal odds from The Odds API. Opening/closing snapshots are not available on the free tier and are intentionally left blank.
LALIGA2627_MW08_074_FCBarcelona_GetafeCF,2026-27,8,2026-10-10,2026-10-10T16:30:00+00:00,FC Barcelona,Getafe CF,onexbet,h2h,,,,1.05,21.0,50.0,,,,,,,,,,,,current,,decimal,2026-09-22T10:20:53Z,the-odds-api.com,https://api.the-odds-api.com/v4/sports/soccer_spain_la_liga/odds/,False,True,live,2026-09-22,Real current decimal odds from The Odds API. Opening/closing snapshots are not available on the free tier and are intentionally left blank.
LALIGA2627_MW08_074_FCBarcelona_GetafeCF,2026-27,8,2026-10-10,2026-10-10T16:30:00+00:00,FC Barcelona,Getafe CF,unibet_se,h2h,,,,1.07,16.0,30.0,,,,,,,,,,,,current,,decimal,2026-09-22T10:24:26Z,the-odds-api.com,https://api.the-odds-api.com/v4/sports/soccer_spain_la_liga/odds/,False,True,live,2026-09-22,Real current decimal odds from The Odds API. Opening/closing snapshots are not available on the free tier and are intentionally left blank.
LALIGA2627_MW08_074_FCBarcelona_GetafeCF,2026-27,8,2026-10-10,2026-10-10T16:30:00+00:00,FC Barcelona,Getafe CF,unibet_nl,h2h,,,,1.07,16.0,30.0,,,,,,,,,,,,current,,decimal,2026-09-22T10:25:24Z,the-odds-api.com,https://api.the-odds-api.com/v4/sports/soccer_spain_la_liga/odds/,False,True,live,2026-09-22,Real current decimal odds from The Odds API. Opening/closing snapshots are not available on the free tier and are intentionally left blank.
LALIGA2627_MW08_074_FCBarcelona_GetafeCF,2026-27,8,2026-10-10,2026-10-10T16:30:00+00:00,FC Barcelona,Getafe CF,livescorebet,h2h,,,,1.04,13.0,25.0,,,,,,,,,,,,current,,decimal,2026-09-22T10:24:25Z,the-odds-api.com,https://api.the-odds-api.com/v4/sports/soccer_spain_la_liga/odds/,False,True,live,2026-09-22,Real current decimal odds from The Odds API. Opening/closing snapshots are not available on the free tier and are intentionally left blank.
LALIGA2627_MW08_074_FCBarcelona_GetafeCF,2026-27,8,2026-10-10,2026-10-10T16:30:00+00:00,FC Barcelona,Getafe CF,grosvenor,h2h,,,,1.07,16.0,30.0,,,,,,,,,,,,current,,decimal,2026-09-22T10:24:26Z,the-odds-api.com,https://api.the-odds-api.com/v4/sports/soccer_spain_la_liga/odds/,False,True,live,2026-09-22,Real current decimal odds from The Odds API. Opening/closing snapshots are not available on the free tier and are intentionally left blank.
LALIGA2627_MW08_074_FCBarcelona_GetafeCF,2026-27,8,2026-10-10,2026-10-10T16:30:00+00:00,FC Barcelona,Getafe CF,betrivers,h2h,,,,1.05,15.0,29.0,,,,,,,,,,,,current,,decimal,2026-09-22T10:24:25Z,the-odds-api.com,https://api.the-odds-api.com/v4/sports/soccer_spain_la_liga/odds/,False,True,live,2026-09-22,Real current decimal odds from The Odds API. Opening/closing snapshots are not available on the free tier and are intentionally left blank.
LALIGA2627_MW08_074_FCBarcelona_GetafeCF,2026-27,8,2026-10-10,2026-10-10T16:30:00+00:00,FC Barcelona,Getafe CF,leovegas_se,h2h,,,,1.04,13.0,25.0,,,,,,,,,,,,current,,decimal,2026-09-22T10:24:26Z,the-odds-api.com,https://api.the-odds-api.com/v4/sports/soccer_spain_la_liga/odds/,False,True,live,2026-09-22,Real current decimal odds from The Odds API. Opening/closing snapshots are not available on the free tier and are intentionally left blank.
LALIGA2627_MW08_074_FCBarcelona_GetafeCF,2026-27,8,2026-10-10,2026-10-10T16:30:00+00:00,FC Barcelona,Getafe CF,pmu_fr,h2h,,,,1.02,12.5,23.0,,,,,,,,,,,,current,,decimal,2026-09-22T10:24:26Z,the-odds-api.com,https://api.the-odds-api.com/v4/sports/soccer_spain_la_liga/odds/,False,True,live,2026-09-22,Real current decimal odds from The Odds API. Opening/closing snapshots are not available on the free tier and are intentionally left blank.
LALIGA2627_MW08_074_FCBarcelona_GetafeCF,2026-27,8,2026-10-10,2026-10-10T16:30:00+00:00,FC Barcelona,Getafe CF,virginbet,h2h,,,,1.03,13.0,23.0,,,,,,,,,,,,current,,decimal,2026-09-22T10:25:24Z,the-odds-api.com,https://api.the-odds-api.com/v4/sports/soccer_spain_la_liga/odds/,False,True,live,2026-09-22,Real current decimal odds from The Odds API. Opening/closing snapshots are not available on the free tier and are intentionally left blank.
LALIGA2627_MW08_074_FCBarcelona_GetafeCF,2026-27,8,2026-10-10,2026-10-10T16:30:00+00:00,FC Barcelona,Getafe CF,williamhill,h2h,,,,1.06,13.0,34.0,,,,,,,,,,,,current,,decimal,2026-09-22T10:24:26Z,the-odds-api.com,https://api.the-odds-api.com/v4/sports/soccer_spain_la_liga/odds/,False,True,live,2026-09-22,Real current decimal odds from The Odds API. Opening/closing snapshots are not available on the free tier and are intentionally left blank.
LALIGA2627_MW08_074_FCBarcelona_GetafeCF,2026-27,8,2026-10-10,2026-10-10T16:30:00+00:00,FC Barcelona,Getafe CF,bovada,h2h,,,,1.04,17.0,26.0,,,,,,,,,,,,current,,decimal,2026-09-22T10:18:21Z,the-odds-api.com,https://api.the-odds-api.com/v4/sports/soccer_spain_la_liga/odds/,False,True,live,2026-09-22,Real current decimal odds from The Odds API. Opening/closing snapshots are not available on the free tier and are intentionally left blank.
LALIGA2627_MW08_074_FCBarcelona_GetafeCF,2026-27,8,2026-10-10,2026-10-10T16:30:00+00:00,FC Barcelona,Getafe CF,nordicbet,h2h,,,,1.06,11.0,42.0,,,,,,,,,,,,current,,decimal,2026-09-22T10:24:27Z,the-odds-api.com,https://api.the-odds-api.com/v4/sports/soccer_spain_la_liga/odds/,False,True,live,2026-09-22,Real current decimal odds from The Odds API. Opening/closing snapshots are not available on the free tier and are intentionally left blank.
LALIGA2627_MW08_074_FCBarcelona_GetafeCF,2026-27,8,2026-10-10,2026-10-10T16:30:00+00:00,FC Barcelona,Getafe CF,tipico_de,h2h,,,,1.04,18.0,23.0,,,,,,,,,,,,current,,decimal,2026-09-22T10:24:26Z,the-odds-api.com,https://api.the-odds-api.com/v4/sports/soccer_spain_la_liga/odds/,False,True,live,2026-09-22,Real current decimal odds from The Odds API. Opening/closing snapshots are not available on the free tier and are intentionally left blank.
LALIGA2627_MW08_074_FCBarcelona_GetafeCF,2026-27,8,2026-10-10,2026-10-10T16:30:00+00:00,FC Barcelona,Getafe CF,betsson,h2h,,,,1.06,11.0,43.0,,,,,,,,,,,,current,,decimal,2026-09-22T10:24:47Z,the-odds-api.com,https://api.the-odds-api.com/v4/sports/soccer_spain_la_liga/odds/,False,True,live,2026-09-22,Real current decimal odds from The Odds API. Opening/closing snapshots are not available on the free tier and are intentionally left blank.
LALIGA2627_MW08_074_FCBarcelona_GetafeCF,2026-27,8,2026-10-10,2026-10-10T16:30:00+00:00,FC Barcelona,Getafe CF,boylesports,h2h,,,,1.05,13.0,29.0,,,,,,,,,,,,current,,decimal,2026-09-22T10:25:08Z,the-odds-api.com,https://api.the-odds-api.com/v4/sports/soccer_spain_la_liga/odds/,False,True,live,2026-09-22,Real current decimal odds from The Odds API. Opening/closing snapshots are not available on the free tier and are intentionally left blank.
LALIGA2627_MW08_074_FCBarcelona_GetafeCF,2026-27,8,2026-10-10,2026-10-10T16:30:00+00:00,FC Barcelona,Getafe CF,draftkings,h2h,,,,1.04,14.0,23.0,,,,,,,,,,,,current,,decimal,2026-09-22T10:23:28Z,the-odds-api.com,https://api.the-odds-api.com/v4/sports/soccer_spain_la_liga/odds/,False,True,live,2026-09-22,Real current decimal odds from The Odds API. Opening/closing snapshots are not available on the free tier and are intentionally left blank.
LALIGA2627_MW08_074_FCBarcelona_GetafeCF,2026-27,8,2026-10-10,2026-10-10T16:30:00+00:00,FC Barcelona,Getafe CF,betmgm,h2h,,,,1.08,13.5,26.0,,,,,,,,,,,,current,,decimal,2026-09-22T10:24:25Z,the-odds-api.com,https://api.the-odds-api.com/v4/sports/soccer_spain_la_liga/odds/,False,True,live,2026-09-22,Real current decimal odds from The Odds API. Opening/closing snapshots are not available on the free tier and are intentionally left blank.
LALIGA2627_MW08_074_FCBarcelona_GetafeCF,2026-27,8,2026-10-10,2026-10-10T16:30:00+00:00,FC Barcelona,Getafe CF,coral,h2h,,,,1.08,13.0,26.0,,,,,,,,,,,,current,,decimal,2026-09-22T10:25:23Z,the-odds-api.com,https://api.the-odds-api.com/v4/sports/soccer_spain_la_liga/odds/,False,True,live,2026-09-22,Real current decimal odds from The Odds API. Opening/closing snapshots are not available on the free tier and are intentionally left blank.
LALIGA2627_MW08_074_FCBarcelona_GetafeCF,2026-27,8,2026-10-10,2026-10-10T16:30:00+00:00,FC Barcelona,Getafe CF,ladbrokes_uk,h2h,,,,1.07,13.0,23.0,,,,,,,,,,,,current,,decimal,2026-09-22T10:24:26Z,the-odds-api.com,https://api.the-odds-api.com/v4/sports/soccer_spain_la_liga/odds/,False,True,live,2026-09-22,Real current decimal odds from The Odds API. Opening/closing snapshots are not available on the free tier and are intentionally left blank.
LALIGA2627_MW08_074_FCBarcelona_GetafeCF,2026-27,8,2026-10-10,2026-10-10T16:30:00+00:00,FC Barcelona,Getafe CF,coolbet,h2h,,,,1.06,13.0,30.0,,,,,,,,,,,,current,,decimal,2026-09-22T10:25:24Z,the-odds-api.com,https://api.the-odds-api.com/v4/sports/soccer_spain_la_liga/odds/,False,True,live,2026-09-22,Real current decimal odds from The Odds API. Opening/closing snapshots are not available on the free tier and are intentionally left blank.
LALIGA2627_MW08_074_FCBarcelona_GetafeCF,2026-27,8,2026-10-10,2026-10-10T16:30:00+00:00,FC Barcelona,Getafe CF,betano_uk,h2h,,,,1.05,10.0,23.0,,,,,,,,,,,,current,,decimal,2026-09-22T10:24:37Z,the-odds-api.com,https://api.the-odds-api.com/v4/sports/soccer_spain_la_liga/odds/,False,True,live,2026-09-22,Real current decimal odds from The Odds API. Opening/closing snapshots are not available on the free tier and are intentionally left blank.
LALIGA2627_MW08_074_FCBarcelona_GetafeCF,2026-27,8,2026-10-10,2026-10-10T16:30:00+00:00,FC Barcelona,Getafe CF,betvictor,h2h,,,,1.05,10.0,23.0,,,,,,,,,,,,current,,decimal,2026-09-22T10:25:39Z,the-odds-api.com,https://api.the-odds-api.com/v4/sports/soccer_spain_la_liga/odds/,False,True,live,2026-09-22,Real current decimal odds from The Odds API. Opening/closing snapshots are not available on the free tier and are intentionally left blank.
LALIGA2627_MW08_074_FCBarcelona_GetafeCF,2026-27,8,2026-10-10,2026-10-10T16:30:00+00:00,FC Barcelona,Getafe CF,unibet_uk,h2h,,,,1.05,10.5,26.0,,,,,,,,,,,,current,,decimal,2026-09-22T10:24:26Z,the-odds-api.com,https://api.the-odds-api.com/v4/sports/soccer_spain_la_liga/odds/,False,True,live,2026-09-22,Real current decimal odds from The Odds API. Opening/closing snapshots are not available on the free tier and are intentionally left blank.
LALIGA2627_MW08_074_FCBarcelona_GetafeCF,2026-27,8,2026-10-10,2026-10-10T16:30:00+00:00,FC Barcelona,Getafe CF,everygame,h2h,,,,1.03,13.0,21.0,,,,,,,,,,,,current,,decimal,2026-09-22T10:20:50Z,the-odds-api.com,https://api.the-odds-api.com/v4/sports/soccer_spain_la_liga/odds/,False,True,live,2026-09-22,Real current decimal odds from The Odds API. Opening/closing snapshots are not available on the free tier and are intentionally left blank.
LALIGA2627_MW08_074_FCBarcelona_GetafeCF,2026-27,8,2026-10-10,2026-10-10T16:30:00+00:00,FC Barcelona,Getafe CF,betway,h2h,,,,1.04,17.0,26.0,,,,,,,,,,,,current,,decimal,2026-09-22T10:25:06Z,the-odds-api.com,https://api.the-odds-api.com/v4/sports/soccer_spain_la_liga/odds/,False,True,live,2026-09-22,Real current decimal odds from The Odds API. Opening/closing snapshots are not available on the free tier and are intentionally left blank.
LALIGA2627_MW08_074_FCBarcelona_GetafeCF,2026-27,8,2026-10-10,2026-10-10T16:30:00+00:00,FC Barcelona,Getafe CF,casumo,h2h,,,,1.05,15.0,29.0,,,,,,,,,,,,current,,decimal,2026-09-22T10:24:26Z,the-odds-api.com,https://api.the-odds-api.com/v4/sports/soccer_spain_la_liga/odds/,False,True,live,2026-09-22,Real current decimal odds from The Odds API. Opening/closing snapshots are not available on the free tier and are intentionally left blank.
LALIGA2627_MW08_074_FCBarcelona_GetafeCF,2026-27,8,2026-10-10,2026-10-10T16:30:00+00:00,FC Barcelona,Getafe CF,fanduel,h2h,,,,1.05,13.0,36.0,,,,,,,,,,,,current,,decimal,2026-09-22T10:25:23Z,the-odds-api.com,https://api.the-odds-api.com/v4/sports/soccer_spain_la_liga/odds/,False,True,live,2026-09-22,Real current decimal odds from The Odds API. Opening/closing snapshots are not available on the free tier and are intentionally left blank.
LALIGA2627_MW08_074_FCBarcelona_GetafeCF,2026-27,8,2026-10-10,2026-10-10T16:30:00+00:00,FC Barcelona,Getafe CF,skybet,h2h,,,,1.04,13.0,29.0,,,,,,,,,,,,current,,decimal,2026-09-22T10:25:07Z,the-odds-api.com,https://api.the-odds-api.com/v4/sports/soccer_spain_la_liga/odds/,False,True,live,2026-09-22,Real current decimal odds from The Odds API. Opening/closing snapshots are not available on the free tier and are intentionally left blank.
LALIGA2627_MW08_074_FCBarcelona_GetafeCF,2026-27,8,2026-10-10,2026-10-10T16:30:00+00:00,FC Barcelona,Getafe CF,paddypower,h2h,,,,1.04,14.0,36.0,,,,,,,,,,,,current,,decimal,2026-09-22T10:24:08Z,the-odds-api.com,https://api.the-odds-api.com/v4/sports/soccer_spain_la_liga/odds/,False,True,live,2026-09-22,Real current decimal odds from The Odds API. Opening/closing snapshots are not available on the free tier and are intentionally left blank.
LALIGA2627_MW08_074_FCBarcelona_GetafeCF,2026-27,8,2026-10-10,2026-10-10T16:30:00+00:00,FC Barcelona,Getafe CF,betfair_ex_uk,h2h,,,,1.08,18.0,30.0,,,,,,,,,,,,current,,decimal,2026-09-22T10:25:24Z,the-odds-api.com,https://api.the-odds-api.com/v4/sports/soccer_spain_la_liga/odds/,False,True,live,2026-09-22,Real current decimal odds from The Odds API. Opening/closing snapshots are not available on the free tier and are intentionally left blank.
LALIGA2627_MW08_074_FCBarcelona_GetafeCF,2026-27,8,2026-10-10,2026-10-10T16:30:00+00:00,FC Barcelona,Getafe CF,betfair_ex_eu,h2h,,,,1.08,18.0,30.0,,,,,,,,,,,,current,,decimal,2026-09-22T10:25:06Z,the-odds-api.com,https://api.the-odds-api.com/v4/sports/soccer_spain_la_liga/odds/,False,True,live,2026-09-22,Real current decimal odds from The Odds API. Opening/closing snapshots are not available on the free tier and are intentionally left blank.
LALIGA2627_MW08_074_FCBarcelona_GetafeCF,2026-27,8,2026-10-10,2026-10-10T16:30:00+00:00,FC Barcelona,Getafe CF,pinnacle,spreads,,,,,,,,,,-3.0,1.83,1.99,,,,,,current,,decimal,2026-09-22T10:25:24Z,the-odds-api.com,https://api.the-odds-api.com/v4/sports/soccer_spain_la_liga/odds/,False,True,live,2026-09-22,Real current decimal odds from The Odds API. Opening/closing snapshots are not available on the free tier and are intentionally left blank.
LALIGA2627_MW08_074_FCBarcelona_GetafeCF,2026-27,8,2026-10-10,2026-10-10T16:30:00+00:00,FC Barcelona,Getafe CF,onexbet,spreads,,,,,,,,,,-3.5,2.33,1.71,,,,,,current,,decimal,2026-09-22T10:20:53Z,the-odds-api.com,https://api.the-odds-api.com/v4/sports/soccer_spain_la_liga/odds/,False,True,live,2026-09-22,Real current decimal odds from The Odds API. Opening/closing snapshots are not available on the free tier and are intentionally left blank.
LALIGA2627_MW08_074_FCBarcelona_GetafeCF,2026-27,8,2026-10-10,2026-10-10T16:30:00+00:00,FC Barcelona,Getafe CF,bovada,spreads,,,,,,,,,,-3.0,1.83,2.0,,,,,,current,,decimal,2026-09-22T10:18:21Z,the-odds-api.com,https://api.the-odds-api.com/v4/sports/soccer_spain_la_liga/odds/,False,True,live,2026-09-22,Real current decimal odds from The Odds API. Opening/closing snapshots are not available on the free tier and are intentionally left blank.
LALIGA2627_MW08_074_FCBarcelona_GetafeCF,2026-27,8,2026-10-10,2026-10-10T16:30:00+00:00,FC Barcelona,Getafe CF,coolbet,spreads,,,,,,,,,,-3.0,1.8,1.98,,,,,,current,,decimal,2026-09-22T10:25:24Z,the-odds-api.com,https://api.the-odds-api.com/v4/sports/soccer_spain_la_liga/odds/,False,True,live,2026-09-22,Real current decimal odds from The Odds API. Opening/closing snapshots are not available on the free tier and are intentionally left blank.
LALIGA2627_MW08_074_FCBarcelona_GetafeCF,2026-27,8,2026-10-10,2026-10-10T16:30:00+00:00,FC Barcelona,Getafe CF,pinnacle,totals,,,,,,,,,,,,,4.25,2.01,1.81,,,current,,decimal,2026-09-22T10:25:24Z,the-odds-api.com,https://api.the-odds-api.com/v4/sports/soccer_spain_la_liga/odds/,False,True,live,2026-09-22,Real current decimal odds from The Odds API. Opening/closing snapshots are not available on the free tier and are intentionally left blank.
LALIGA2627_MW08_074_FCBarcelona_GetafeCF,2026-27,8,2026-10-10,2026-10-10T16:30:00+00:00,FC Barcelona,Getafe CF,leovegas,totals,,,,,,,,,,,,,4.5,2.1,1.64,,,current,,decimal,2026-09-22T10:24:26Z,the-odds-api.com,https://api.the-odds-api.com/v4/sports/soccer_spain_la_liga/odds/,False,True,live,2026-09-22,Real current decimal odds from The Odds API. Opening/closing snapshots are not available on the free tier and are intentionally left blank.
LALIGA2627_MW08_074_FCBarcelona_GetafeCF,2026-27,8,2026-10-10,2026-10-10T16:30:00+00:00,FC Barcelona,Getafe CF,codere_it,totals,,,,,,,,,,,,,4.5,2.11,1.62,,,current,,decimal,2026-09-22T10:25:04Z,the-odds-api.com,https://api.the-odds-api.com/v4/sports/soccer_spain_la_liga/odds/,False,True,live,2026-09-22,Real current decimal odds from The Odds API. Opening/closing snapshots are not available on the free tier and are intentionally left blank.
LALIGA2627_MW08_074_FCBarcelona_GetafeCF,2026-27,8,2026-10-10,2026-10-10T16:30:00+00:00,FC Barcelona,Getafe CF,onexbet,totals,,,,,,,,,,,,,4.5,2.29,1.73,,,current,,decimal,2026-09-22T10:20:53Z,the-odds-api.com,https://api.the-odds-api.com/v4/sports/soccer_spain_la_liga/odds/,False,True,live,2026-09-22,Real current decimal odds from The Odds API. Opening/closing snapshots are not available on the free tier and are intentionally left blank.
LALIGA2627_MW08_074_FCBarcelona_GetafeCF,2026-27,8,2026-10-10,2026-10-10T16:30:00+00:00,FC Barcelona,Getafe CF,unibet_se,totals,,,,,,,,,,,,,4.5,2.28,1.61,,,current,,decimal,2026-09-22T10:24:26Z,the-odds-api.com,https://api.the-odds-api.com/v4/sports/soccer_spain_la_liga/odds/,False,True,live,2026-09-22,Real current decimal odds from The Odds API. Opening/closing snapshots are not available on the free tier and are intentionally left blank.
LALIGA2627_MW08_074_FCBarcelona_GetafeCF,2026-27,8,2026-10-10,2026-10-10T16:30:00+00:00,FC Barcelona,Getafe CF,unibet_nl,totals,,,,,,,,,,,,,4.5,2.28,1.6,,,current,,decimal,2026-09-22T10:25:24Z,the-odds-api.com,https://api.the-odds-api.com/v4/sports/soccer_spain_la_liga/odds/,False,True,live,2026-09-22,Real current decimal odds from The Odds API. Opening/closing snapshots are not available on the free tier and are intentionally left blank.
LALIGA2627_MW08_074_FCBarcelona_GetafeCF,2026-27,8,2026-10-10,2026-10-10T16:30:00+00:00,FC Barcelona,Getafe CF,grosvenor,totals,,,,,,,,,,,,,4.5,2.28,1.6,,,current,,decimal,2026-09-22T10:24:26Z,the-odds-api.com,https://api.the-odds-api.com/v4/sports/soccer_spain_la_liga/odds/,False,True,live,2026-09-22,Real current decimal odds from The Odds API. Opening/closing snapshots are not available on the free tier and are intentionally left blank.
LALIGA2627_MW08_074_FCBarcelona_GetafeCF,2026-27,8,2026-10-10,2026-10-10T16:30:00+00:00,FC Barcelona,Getafe CF,betrivers,totals,,,,,,,,,,,,,4.5,2.28,1.6,,,current,,decimal,2026-09-22T10:24:25Z,the-odds-api.com,https://api.the-odds-api.com/v4/sports/soccer_spain_la_liga/odds/,False,True,live,2026-09-22,Real current decimal odds from The Odds API. Opening/closing snapshots are not available on the free tier and are intentionally left blank.
LALIGA2627_MW08_074_FCBarcelona_GetafeCF,2026-27,8,2026-10-10,2026-10-10T16:30:00+00:00,FC Barcelona,Getafe CF,leovegas_se,totals,,,,,,,,,,,,,4.5,2.28,1.6,,,current,,decimal,2026-09-22T10:24:26Z,the-odds-api.com,https://api.the-odds-api.com/v4/sports/soccer_spain_la_liga/odds/,False,True,live,2026-09-22,Real current decimal odds from The Odds API. Opening/closing snapshots are not available on the free tier and are intentionally left blank.
LALIGA2627_MW08_074_FCBarcelona_GetafeCF,2026-27,8,2026-10-10,2026-10-10T16:30:00+00:00,FC Barcelona,Getafe CF,pmu_fr,totals,,,,,,,,,,,,,4.5,2.15,1.51,,,current,,decimal,2026-09-22T10:24:26Z,the-odds-api.com,https://api.the-odds-api.com/v4/sports/soccer_spain_la_liga/odds/,False,True,live,2026-09-22,Real current decimal odds from The Odds API. Opening/closing snapshots are not available on the free tier and are intentionally left blank.
LALIGA2627_MW08_074_FCBarcelona_GetafeCF,2026-27,8,2026-10-10,2026-10-10T16:30:00+00:00,FC Barcelona,Getafe CF,williamhill,totals,,,,,,,,,,,,,2.5,1.2,4.5,,,current,,decimal,2026-09-22T10:24:26Z,the-odds-api.com,https://api.the-odds-api.com/v4/sports/soccer_spain_la_liga/odds/,False,True,live,2026-09-22,Real current decimal odds from The Odds API. Opening/closing snapshots are not available on the free tier and are intentionally left blank.
LALIGA2627_MW08_074_FCBarcelona_GetafeCF,2026-27,8,2026-10-10,2026-10-10T16:30:00+00:00,FC Barcelona,Getafe CF,bovada,totals,,,,,,,,,,,,,4.25,2.02,1.82,,,current,,decimal,2026-09-22T10:18:21Z,the-odds-api.com,https://api.the-odds-api.com/v4/sports/soccer_spain_la_liga/odds/,False,True,live,2026-09-22,Real current decimal odds from The Odds API. Opening/closing snapshots are not available on the free tier and are intentionally left blank.
LALIGA2627_MW08_074_FCBarcelona_GetafeCF,2026-27,8,2026-10-10,2026-10-10T16:30:00+00:00,FC Barcelona,Getafe CF,nordicbet,totals,,,,,,,,,,,,,2.5,1.21,4.25,,,current,,decimal,2026-09-22T10:24:27Z,the-odds-api.com,https://api.the-odds-api.com/v4/sports/soccer_spain_la_liga/odds/,False,True,live,2026-09-22,Real current decimal odds from The Odds API. Opening/closing snapshots are not available on the free tier and are intentionally left blank.
LALIGA2627_MW08_074_FCBarcelona_GetafeCF,2026-27,8,2026-10-10,2026-10-10T16:30:00+00:00,FC Barcelona,Getafe CF,tipico_de,totals,,,,,,,,,,,,,4.5,2.15,1.65,,,current,,decimal,2026-09-22T10:24:26Z,the-odds-api.com,https://api.the-odds-api.com/v4/sports/soccer_spain_la_liga/odds/,False,True,live,2026-09-22,Real current decimal odds from The Odds API. Opening/closing snapshots are not available on the free tier and are intentionally left blank.
LALIGA2627_MW08_074_FCBarcelona_GetafeCF,2026-27,8,2026-10-10,2026-10-10T16:30:00+00:00,FC Barcelona,Getafe CF,betsson,totals,,,,,,,,,,,,,2.5,1.22,4.36,,,current,,decimal,2026-09-22T10:24:47Z,the-odds-api.com,https://api.the-odds-api.com/v4/sports/soccer_spain_la_liga/odds/,False,True,live,2026-09-22,Real current decimal odds from The Odds API. Opening/closing snapshots are not available on the free tier and are intentionally left blank.
LALIGA2627_MW08_074_FCBarcelona_GetafeCF,2026-27,8,2026-10-10,2026-10-10T16:30:00+00:00,FC Barcelona,Getafe CF,betmgm,totals,,,,,,,,,,,,,4.5,2.1,1.67,,,current,,decimal,2026-09-22T10:24:25Z,the-odds-api.com,https://api.the-odds-api.com/v4/sports/soccer_spain_la_liga/odds/,False,True,live,2026-09-22,Real current decimal odds from The Odds API. Opening/closing snapshots are not available on the free tier and are intentionally left blank.
LALIGA2627_MW08_074_FCBarcelona_GetafeCF,2026-27,8,2026-10-10,2026-10-10T16:30:00+00:00,FC Barcelona,Getafe CF,coolbet,totals,,,,,,,,,,,,,4.0,1.76,2.03,,,current,,decimal,2026-09-22T10:25:24Z,the-odds-api.com,https://api.the-odds-api.com/v4/sports/soccer_spain_la_liga/odds/,False,True,live,2026-09-22,Real current decimal odds from The Odds API. Opening/closing snapshots are not available on the free tier and are intentionally left blank.
LALIGA2627_MW08_074_FCBarcelona_GetafeCF,2026-27,8,2026-10-10,2026-10-10T16:30:00+00:00,FC Barcelona,Getafe CF,casumo,totals,,,,,,,,,,,,,4.5,2.28,1.6,,,current,,decimal,2026-09-22T10:24:26Z,the-odds-api.com,https://api.the-odds-api.com/v4/sports/soccer_spain_la_liga/odds/,False,True,live,2026-09-22,Real current decimal odds from The Odds API. Opening/closing snapshots are not available on the free tier and are intentionally left blank.
LALIGA2627_MW08_079_RealMadrid_VillarrealCF,2026-27,8,2026-10-10,2026-10-10T19:00:00+00:00,Real Madrid,Villarreal CF,pinnacle,h2h,,,,1.28,6.27,8.35,,,,,,,,,,,,current,,decimal,2026-09-22T10:25:24Z,the-odds-api.com,https://api.the-odds-api.com/v4/sports/soccer_spain_la_liga/odds/,False,True,live,2026-09-22,Real current decimal odds from The Odds API. Opening/closing snapshots are not available on the free tier and are intentionally left blank.
LALIGA2627_MW08_079_RealMadrid_VillarrealCF,2026-27,8,2026-10-10,2026-10-10T19:00:00+00:00,Real Madrid,Villarreal CF,winamax_de,h2h,,,,1.26,6.5,7.25,,,,,,,,,,,,current,,decimal,2026-09-22T10:24:28Z,the-odds-api.com,https://api.the-odds-api.com/v4/sports/soccer_spain_la_liga/odds/,False,True,live,2026-09-22,Real current decimal odds from The Odds API. Opening/closing snapshots are not available on the free tier and are intentionally left blank.
LALIGA2627_MW08_079_RealMadrid_VillarrealCF,2026-27,8,2026-10-10,2026-10-10T19:00:00+00:00,Real Madrid,Villarreal CF,unibet_fr,h2h,,,,1.21,5.7,7.3,,,,,,,,,,,,current,,decimal,2026-09-22T10:24:26Z,the-odds-api.com,https://api.the-odds-api.com/v4/sports/soccer_spain_la_liga/odds/,False,True,live,2026-09-22,Real current decimal odds from The Odds API. Opening/closing snapshots are not available on the free tier and are intentionally left blank.
LALIGA2627_MW08_079_RealMadrid_VillarrealCF,2026-27,8,2026-10-10,2026-10-10T19:00:00+00:00,Real Madrid,Villarreal CF,betfred_uk,h2h,,,,1.25,6.5,9.5,,,,,,,,,,,,current,,decimal,2026-09-22T10:24:28Z,the-odds-api.com,https://api.the-odds-api.com/v4/sports/soccer_spain_la_liga/odds/,False,True,live,2026-09-22,Real current decimal odds from The Odds API. Opening/closing snapshots are not available on the free tier and are intentionally left blank.
LALIGA2627_MW08_079_RealMadrid_VillarrealCF,2026-27,8,2026-10-10,2026-10-10T19:00:00+00:00,Real Madrid,Villarreal CF,leovegas,h2h,,,,1.26,6.0,8.0,,,,,,,,,,,,current,,decimal,2026-09-22T10:24:26Z,the-odds-api.com,https://api.the-odds-api.com/v4/sports/soccer_spain_la_liga/odds/,False,True,live,2026-09-22,Real current decimal odds from The Odds API. Opening/closing snapshots are not available on the free tier and are intentionally left blank.
LALIGA2627_MW08_079_RealMadrid_VillarrealCF,2026-27,8,2026-10-10,2026-10-10T19:00:00+00:00,Real Madrid,Villarreal CF,betclic_fr,h2h,,,,1.23,5.75,7.25,,,,,,,,,,,,current,,decimal,2026-09-22T10:25:36Z,the-odds-api.com,https://api.the-odds-api.com/v4/sports/soccer_spain_la_liga/odds/,False,True,live,2026-09-22,Real current decimal odds from The Odds API. Opening/closing snapshots are not available on the free tier and are intentionally left blank.
LALIGA2627_MW08_079_RealMadrid_VillarrealCF,2026-27,8,2026-10-10,2026-10-10T19:00:00+00:00,Real Madrid,Villarreal CF,winamax_fr,h2h,,,,1.24,6.0,6.75,,,,,,,,,,,,current,,decimal,2026-09-22T10:25:06Z,the-odds-api.com,https://api.the-odds-api.com/v4/sports/soccer_spain_la_liga/odds/,False,True,live,2026-09-22,Real current decimal odds from The Odds API. Opening/closing snapshots are not available on the free tier and are intentionally left blank.
LALIGA2627_MW08_079_RealMadrid_VillarrealCF,2026-27,8,2026-10-10,2026-10-10T19:00:00+00:00,Real Madrid,Villarreal CF,codere_it,h2h,,,,1.29,6.6,8.4,,,,,,,,,,,,current,,decimal,2026-09-22T10:25:04Z,the-odds-api.com,https://api.the-odds-api.com/v4/sports/soccer_spain_la_liga/odds/,False,True,live,2026-09-22,Real current decimal odds from The Odds API. Opening/closing snapshots are not available on the free tier and are intentionally left blank.
LALIGA2627_MW08_079_RealMadrid_VillarrealCF,2026-27,8,2026-10-10,2026-10-10T19:00:00+00:00,Real Madrid,Villarreal CF,smarkets,h2h,,,,1.3,6.4,8.6,,,,,,,,,,,,current,,decimal,2026-09-22T10:25:25Z,the-odds-api.com,https://api.the-odds-api.com/v4/sports/soccer_spain_la_liga/odds/,False,True,live,2026-09-22,Real current decimal odds from The Odds API. Opening/closing snapshots are not available on the free tier and are intentionally left blank.
LALIGA2627_MW08_079_RealMadrid_VillarrealCF,2026-27,8,2026-10-10,2026-10-10T19:00:00+00:00,Real Madrid,Villarreal CF,onexbet,h2h,,,,1.31,6.48,10.3,,,,,,,,,,,,current,,decimal,2026-09-22T10:20:53Z,the-odds-api.com,https://api.the-odds-api.com/v4/sports/soccer_spain_la_liga/odds/,False,True,live,2026-09-22,Real current decimal odds from The Odds API. Opening/closing snapshots are not available on the free tier and are intentionally left blank.
LALIGA2627_MW08_079_RealMadrid_VillarrealCF,2026-27,8,2026-10-10,2026-10-10T19:00:00+00:00,Real Madrid,Villarreal CF,pmu_fr,h2h,,,,1.23,5.75,8.0,,,,,,,,,,,,current,,decimal,2026-09-22T10:24:26Z,the-odds-api.com,https://api.the-odds-api.com/v4/sports/soccer_spain_la_liga/odds/,False,True,live,2026-09-22,Real current decimal odds from The Odds API. Opening/closing snapshots are not available on the free tier and are intentionally left blank.
LALIGA2627_MW08_079_RealMadrid_VillarrealCF,2026-27,8,2026-10-10,2026-10-10T19:00:00+00:00,Real Madrid,Villarreal CF,betrivers,h2h,,,,1.27,6.25,9.0,,,,,,,,,,,,current,,decimal,2026-09-22T10:24:25Z,the-odds-api.com,https://api.the-odds-api.com/v4/sports/soccer_spain_la_liga/odds/,False,True,live,2026-09-22,Real current decimal odds from The Odds API. Opening/closing snapshots are not available on the free tier and are intentionally left blank.
LALIGA2627_MW08_079_RealMadrid_VillarrealCF,2026-27,8,2026-10-10,2026-10-10T19:00:00+00:00,Real Madrid,Villarreal CF,virginbet,h2h,,,,1.24,5.8,8.0,,,,,,,,,,,,current,,decimal,2026-09-22T10:25:24Z,the-odds-api.com,https://api.the-odds-api.com/v4/sports/soccer_spain_la_liga/odds/,False,True,live,2026-09-22,Real current decimal odds from The Odds API. Opening/closing snapshots are not available on the free tier and are intentionally left blank.
LALIGA2627_MW08_079_RealMadrid_VillarrealCF,2026-27,8,2026-10-10,2026-10-10T19:00:00+00:00,Real Madrid,Villarreal CF,leovegas_se,h2h,,,,1.25,6.0,8.5,,,,,,,,,,,,current,,decimal,2026-09-22T10:24:26Z,the-odds-api.com,https://api.the-odds-api.com/v4/sports/soccer_spain_la_liga/odds/,False,True,live,2026-09-22,Real current decimal odds from The Odds API. Opening/closing snapshots are not available on the free tier and are intentionally left blank.
LALIGA2627_MW08_079_RealMadrid_VillarrealCF,2026-27,8,2026-10-10,2026-10-10T19:00:00+00:00,Real Madrid,Villarreal CF,unibet_se,h2h,,,,1.29,6.5,9.5,,,,,,,,,,,,current,,decimal,2026-09-22T10:24:26Z,the-odds-api.com,https://api.the-odds-api.com/v4/sports/soccer_spain_la_liga/odds/,False,True,live,2026-09-22,Real current decimal odds from The Odds API. Opening/closing snapshots are not available on the free tier and are intentionally left blank.
LALIGA2627_MW08_079_RealMadrid_VillarrealCF,2026-27,8,2026-10-10,2026-10-10T19:00:00+00:00,Real Madrid,Villarreal CF,grosvenor,h2h,,,,1.29,6.5,9.5,,,,,,,,,,,,current,,decimal,2026-09-22T10:24:26Z,the-odds-api.com,https://api.the-odds-api.com/v4/sports/soccer_spain_la_liga/odds/,False,True,live,2026-09-22,Real current decimal odds from The Odds API. Opening/closing snapshots are not available on the free tier and are intentionally left blank.
LALIGA2627_MW08_079_RealMadrid_VillarrealCF,2026-27,8,2026-10-10,2026-10-10T19:00:00+00:00,Real Madrid,Villarreal CF,unibet_nl,h2h,,,,1.29,6.5,9.5,,,,,,,,,,,,current,,decimal,2026-09-22T10:25:24Z,the-odds-api.com,https://api.the-odds-api.com/v4/sports/soccer_spain_la_liga/odds/,False,True,live,2026-09-22,Real current decimal odds from The Odds API. Opening/closing snapshots are not available on the free tier and are intentionally left blank.
LALIGA2627_MW08_079_RealMadrid_VillarrealCF,2026-27,8,2026-10-10,2026-10-10T19:00:00+00:00,Real Madrid,Villarreal CF,livescorebet,h2h,,,,1.25,6.0,8.5,,,,,,,,,,,,current,,decimal,2026-09-22T10:24:25Z,the-odds-api.com,https://api.the-odds-api.com/v4/sports/soccer_spain_la_liga/odds/,False,True,live,2026-09-22,Real current decimal odds from The Odds API. Opening/closing snapshots are not available on the free tier and are intentionally left blank.
LALIGA2627_MW08_079_RealMadrid_VillarrealCF,2026-27,8,2026-10-10,2026-10-10T19:00:00+00:00,Real Madrid,Villarreal CF,williamhill,h2h,,,,1.25,6.0,8.5,,,,,,,,,,,,current,,decimal,2026-09-22T10:24:26Z,the-odds-api.com,https://api.the-odds-api.com/v4/sports/soccer_spain_la_liga/odds/,False,True,live,2026-09-22,Real current decimal odds from The Odds API. Opening/closing snapshots are not available on the free tier and are intentionally left blank.
LALIGA2627_MW08_079_RealMadrid_VillarrealCF,2026-27,8,2026-10-10,2026-10-10T19:00:00+00:00,Real Madrid,Villarreal CF,nordicbet,h2h,,,,1.28,5.7,9.7,,,,,,,,,,,,current,,decimal,2026-09-22T10:24:27Z,the-odds-api.com,https://api.the-odds-api.com/v4/sports/soccer_spain_la_liga/odds/,False,True,live,2026-09-22,Real current decimal odds from The Odds API. Opening/closing snapshots are not available on the free tier and are intentionally left blank.
LALIGA2627_MW08_079_RealMadrid_VillarrealCF,2026-27,8,2026-10-10,2026-10-10T19:00:00+00:00,Real Madrid,Villarreal CF,betsson,h2h,,,,1.28,5.7,9.7,,,,,,,,,,,,current,,decimal,2026-09-22T10:24:47Z,the-odds-api.com,https://api.the-odds-api.com/v4/sports/soccer_spain_la_liga/odds/,False,True,live,2026-09-22,Real current decimal odds from The Odds API. Opening/closing snapshots are not available on the free tier and are intentionally left blank.
LALIGA2627_MW08_079_RealMadrid_VillarrealCF,2026-27,8,2026-10-10,2026-10-10T19:00:00+00:00,Real Madrid,Villarreal CF,boylesports,h2h,,,,1.25,5.5,7.0,,,,,,,,,,,,current,,decimal,2026-09-22T10:25:08Z,the-odds-api.com,https://api.the-odds-api.com/v4/sports/soccer_spain_la_liga/odds/,False,True,live,2026-09-22,Real current decimal odds from The Odds API. Opening/closing snapshots are not available on the free tier and are intentionally left blank.
LALIGA2627_MW08_079_RealMadrid_VillarrealCF,2026-27,8,2026-10-10,2026-10-10T19:00:00+00:00,Real Madrid,Villarreal CF,bovada,h2h,,,,1.28,6.25,8.5,,,,,,,,,,,,current,,decimal,2026-09-22T10:18:21Z,the-odds-api.com,https://api.the-odds-api.com/v4/sports/soccer_spain_la_liga/odds/,False,True,live,2026-09-22,Real current decimal odds from The Odds API. Opening/closing snapshots are not available on the free tier and are intentionally left blank.
LALIGA2627_MW08_079_RealMadrid_VillarrealCF,2026-27,8,2026-10-10,2026-10-10T19:00:00+00:00,Real Madrid,Villarreal CF,tipico_de,h2h,,,,1.25,6.7,9.0,,,,,,,,,,,,current,,decimal,2026-09-22T10:24:26Z,the-odds-api.com,https://api.the-odds-api.com/v4/sports/soccer_spain_la_liga/odds/,False,True,live,2026-09-22,Real current decimal odds from The Odds API. Opening/closing snapshots are not available on the free tier and are intentionally left blank.
LALIGA2627_MW08_079_RealMadrid_VillarrealCF,2026-27,8,2026-10-10,2026-10-10T19:00:00+00:00,Real Madrid,Villarreal CF,everygame,h2h,,,,1.25,6.0,8.0,,,,,,,,,,,,current,,decimal,2026-09-22T10:20:50Z,the-odds-api.com,https://api.the-odds-api.com/v4/sports/soccer_spain_la_liga/odds/,False,True,live,2026-09-22,Real current decimal odds from The Odds API. Opening/closing snapshots are not available on the free tier and are intentionally left blank.
LALIGA2627_MW08_079_RealMadrid_VillarrealCF,2026-27,8,2026-10-10,2026-10-10T19:00:00+00:00,Real Madrid,Villarreal CF,draftkings,h2h,,,,1.26,6.5,8.0,,,,,,,,,,,,current,,decimal,2026-09-22T10:23:28Z,the-odds-api.com,https://api.the-odds-api.com/v4/sports/soccer_spain_la_liga/odds/,False,True,live,2026-09-22,Real current decimal odds from The Odds API. Opening/closing snapshots are not available on the free tier and are intentionally left blank.
LALIGA2627_MW08_079_RealMadrid_VillarrealCF,2026-27,8,2026-10-10,2026-10-10T19:00:00+00:00,Real Madrid,Villarreal CF,betmgm,h2h,,,,1.29,6.5,8.5,,,,,,,,,,,,current,,decimal,2026-09-22T10:24:25Z,the-odds-api.com,https://api.the-odds-api.com/v4/sports/soccer_spain_la_liga/odds/,False,True,live,2026-09-22,Real current decimal odds from The Odds API. Opening/closing snapshots are not available on the free tier and are intentionally left blank.
LALIGA2627_MW08_079_RealMadrid_VillarrealCF,2026-27,8,2026-10-10,2026-10-10T19:00:00+00:00,Real Madrid,Villarreal CF,coral,h2h,,,,1.28,6.5,8.5,,,,,,,,,,,,current,,decimal,2026-09-22T10:25:23Z,the-odds-api.com,https://api.the-odds-api.com/v4/sports/soccer_spain_la_liga/odds/,False,True,live,2026-09-22,Real current decimal odds from The Odds API. Opening/closing snapshots are not available on the free tier and are intentionally left blank.
LALIGA2627_MW08_079_RealMadrid_VillarrealCF,2026-27,8,2026-10-10,2026-10-10T19:00:00+00:00,Real Madrid,Villarreal CF,ladbrokes_uk,h2h,,,,1.28,6.5,8.5,,,,,,,,,,,,current,,decimal,2026-09-22T10:24:26Z,the-odds-api.com,https://api.the-odds-api.com/v4/sports/soccer_spain_la_liga/odds/,False,True,live,2026-09-22,Real current decimal odds from The Odds API. Opening/closing snapshots are not available on the free tier and are intentionally left blank.
LALIGA2627_MW08_079_RealMadrid_VillarrealCF,2026-27,8,2026-10-10,2026-10-10T19:00:00+00:00,Real Madrid,Villarreal CF,coolbet,h2h,,,,1.26,6.5,9.5,,,,,,,,,,,,current,,decimal,2026-09-22T10:25:24Z,the-odds-api.com,https://api.the-odds-api.com/v4/sports/soccer_spain_la_liga/odds/,False,True,live,2026-09-22,Real current decimal odds from The Odds API. Opening/closing snapshots are not available on the free tier and are intentionally left blank.
LALIGA2627_MW08_079_RealMadrid_VillarrealCF,2026-27,8,2026-10-10,2026-10-10T19:00:00+00:00,Real Madrid,Villarreal CF,unibet_uk,h2h,,,,1.27,6.0,8.0,,,,,,,,,,,,current,,decimal,2026-09-22T10:24:26Z,the-odds-api.com,https://api.the-odds-api.com/v4/sports/soccer_spain_la_liga/odds/,False,True,live,2026-09-22,Real current decimal odds from The Odds API. Opening/closing snapshots are not available on the free tier and are intentionally left blank.
LALIGA2627_MW08_079_RealMadrid_VillarrealCF,2026-27,8,2026-10-10,2026-10-10T19:00:00+00:00,Real Madrid,Villarreal CF,betway,h2h,,,,1.25,6.0,7.5,,,,,,,,,,,,current,,decimal,2026-09-22T10:25:06Z,the-odds-api.com,https://api.the-odds-api.com/v4/sports/soccer_spain_la_liga/odds/,False,True,live,2026-09-22,Real current decimal odds from The Odds API. Opening/closing snapshots are not available on the free tier and are intentionally left blank.
LALIGA2627_MW08_079_RealMadrid_VillarrealCF,2026-27,8,2026-10-10,2026-10-10T19:00:00+00:00,Real Madrid,Villarreal CF,casumo,h2h,,,,1.27,6.25,9.0,,,,,,,,,,,,current,,decimal,2026-09-22T10:24:26Z,the-odds-api.com,https://api.the-odds-api.com/v4/sports/soccer_spain_la_liga/odds/,False,True,live,2026-09-22,Real current decimal odds from The Odds API. Opening/closing snapshots are not available on the free tier and are intentionally left blank.
LALIGA2627_MW08_079_RealMadrid_VillarrealCF,2026-27,8,2026-10-10,2026-10-10T19:00:00+00:00,Real Madrid,Villarreal CF,fanduel,h2h,,,,1.24,6.5,8.5,,,,,,,,,,,,current,,decimal,2026-09-22T10:25:23Z,the-odds-api.com,https://api.the-odds-api.com/v4/sports/soccer_spain_la_liga/odds/,False,True,live,2026-09-22,Real current decimal odds from The Odds API. Opening/closing snapshots are not available on the free tier and are intentionally left blank.
LALIGA2627_MW08_079_RealMadrid_VillarrealCF,2026-27,8,2026-10-10,2026-10-10T19:00:00+00:00,Real Madrid,Villarreal CF,paddypower,h2h,,,,1.22,6.0,9.0,,,,,,,,,,,,current,,decimal,2026-09-22T10:24:08Z,the-odds-api.com,https://api.the-odds-api.com/v4/sports/soccer_spain_la_liga/odds/,False,True,live,2026-09-22,Real current decimal odds from The Odds API. Opening/closing snapshots are not available on the free tier and are intentionally left blank.
LALIGA2627_MW08_079_RealMadrid_VillarrealCF,2026-27,8,2026-10-10,2026-10-10T19:00:00+00:00,Real Madrid,Villarreal CF,skybet,h2h,,,,1.25,6.25,9.0,,,,,,,,,,,,current,,decimal,2026-09-22T10:25:07Z,the-odds-api.com,https://api.the-odds-api.com/v4/sports/soccer_spain_la_liga/odds/,False,True,live,2026-09-22,Real current decimal odds from The Odds API. Opening/closing snapshots are not available on the free tier and are intentionally left blank.
LALIGA2627_MW08_079_RealMadrid_VillarrealCF,2026-27,8,2026-10-10,2026-10-10T19:00:00+00:00,Real Madrid,Villarreal CF,betfair_ex_uk,h2h,,,,1.31,6.6,8.8,,,,,,,,,,,,current,,decimal,2026-09-22T10:25:24Z,the-odds-api.com,https://api.the-odds-api.com/v4/sports/soccer_spain_la_liga/odds/,False,True,live,2026-09-22,Real current decimal odds from The Odds API. Opening/closing snapshots are not available on the free tier and are intentionally left blank.
LALIGA2627_MW08_079_RealMadrid_VillarrealCF,2026-27,8,2026-10-10,2026-10-10T19:00:00+00:00,Real Madrid,Villarreal CF,betfair_ex_eu,h2h,,,,1.31,6.6,8.8,,,,,,,,,,,,current,,decimal,2026-09-22T10:25:06Z,the-odds-api.com,https://api.the-odds-api.com/v4/sports/soccer_spain_la_liga/odds/,False,True,live,2026-09-22,Real current decimal odds from The Odds API. Opening/closing snapshots are not available on the free tier and are intentionally left blank.
LALIGA2627_MW08_079_RealMadrid_VillarrealCF,2026-27,8,2026-10-10,2026-10-10T19:00:00+00:00,Real Madrid,Villarreal CF,pinnacle,spreads,,,,,,,,,,-1.75,1.92,1.92,,,,,,current,,decimal,2026-09-22T10:25:24Z,the-odds-api.com,https://api.the-odds-api.com/v4/sports/soccer_spain_la_liga/odds/,False,True,live,2026-09-22,Real current decimal odds from The Odds API. Opening/closing snapshots are not available on the free tier and are intentionally left blank.
LALIGA2627_MW08_079_RealMadrid_VillarrealCF,2026-27,8,2026-10-10,2026-10-10T19:00:00+00:00,Real Madrid,Villarreal CF,onexbet,spreads,,,,,,,,,,-1.5,1.78,2.21,,,,,,current,,decimal,2026-09-22T10:20:53Z,the-odds-api.com,https://api.the-odds-api.com/v4/sports/soccer_spain_la_liga/odds/,False,True,live,2026-09-22,Real current decimal odds from The Odds API. Opening/closing snapshots are not available on the free tier and are intentionally left blank.
LALIGA2627_MW08_079_RealMadrid_VillarrealCF,2026-27,8,2026-10-10,2026-10-10T19:00:00+00:00,Real Madrid,Villarreal CF,bovada,spreads,,,,,,,,,,-1.75,1.91,1.91,,,,,,current,,decimal,2026-09-22T10:18:21Z,the-odds-api.com,https://api.the-odds-api.com/v4/sports/soccer_spain_la_liga/odds/,False,True,live,2026-09-22,Real current decimal odds from The Odds API. Opening/closing snapshots are not available on the free tier and are intentionally left blank.
LALIGA2627_MW08_079_RealMadrid_VillarrealCF,2026-27,8,2026-10-10,2026-10-10T19:00:00+00:00,Real Madrid,Villarreal CF,coolbet,spreads,,,,,,,,,,-2.0,2.08,1.82,,,,,,current,,decimal,2026-09-22T10:25:24Z,the-odds-api.com,https://api.the-odds-api.com/v4/sports/soccer_spain_la_liga/odds/,False,True,live,2026-09-22,Real current decimal odds from The Odds API. Opening/closing snapshots are not available on the free tier and are intentionally left blank.
LALIGA2627_MW08_079_RealMadrid_VillarrealCF,2026-27,8,2026-10-10,2026-10-10T19:00:00+00:00,Real Madrid,Villarreal CF,pinnacle,totals,,,,,,,,,,,,,3.75,1.9,1.92,,,current,,decimal,2026-09-22T10:25:24Z,the-odds-api.com,https://api.the-odds-api.com/v4/sports/soccer_spain_la_liga/odds/,False,True,live,2026-09-22,Real current decimal odds from The Odds API. Opening/closing snapshots are not available on the free tier and are intentionally left blank.
LALIGA2627_MW08_079_RealMadrid_VillarrealCF,2026-27,8,2026-10-10,2026-10-10T19:00:00+00:00,Real Madrid,Villarreal CF,leovegas,totals,,,,,,,,,,,,,3.5,1.67,2.02,,,current,,decimal,2026-09-22T10:24:26Z,the-odds-api.com,https://api.the-odds-api.com/v4/sports/soccer_spain_la_liga/odds/,False,True,live,2026-09-22,Real current decimal odds from The Odds API. Opening/closing snapshots are not available on the free tier and are intentionally left blank.
LALIGA2627_MW08_079_RealMadrid_VillarrealCF,2026-27,8,2026-10-10,2026-10-10T19:00:00+00:00,Real Madrid,Villarreal CF,codere_it,totals,,,,,,,,,,,,,3.5,1.68,2.02,,,current,,decimal,2026-09-22T10:25:04Z,the-odds-api.com,https://api.the-odds-api.com/v4/sports/soccer_spain_la_liga/odds/,False,True,live,2026-09-22,Real current decimal odds from The Odds API. Opening/closing snapshots are not available on the free tier and are intentionally left blank.
LALIGA2627_MW08_079_RealMadrid_VillarrealCF,2026-27,8,2026-10-10,2026-10-10T19:00:00+00:00,Real Madrid,Villarreal CF,onexbet,totals,,,,,,,,,,,,,3.5,1.79,2.19,,,current,,decimal,2026-09-22T10:20:53Z,the-odds-api.com,https://api.the-odds-api.com/v4/sports/soccer_spain_la_liga/odds/,False,True,live,2026-09-22,Real current decimal odds from The Odds API. Opening/closing snapshots are not available on the free tier and are intentionally left blank.
LALIGA2627_MW08_079_RealMadrid_VillarrealCF,2026-27,8,2026-10-10,2026-10-10T19:00:00+00:00,Real Madrid,Villarreal CF,pmu_fr,totals,,,,,,,,,,,,,3.5,1.56,2.08,,,current,,decimal,2026-09-22T10:24:26Z,the-odds-api.com,https://api.the-odds-api.com/v4/sports/soccer_spain_la_liga/odds/,False,True,live,2026-09-22,Real current decimal odds from The Odds API. Opening/closing snapshots are not available on the free tier and are intentionally left blank.
LALIGA2627_MW08_079_RealMadrid_VillarrealCF,2026-27,8,2026-10-10,2026-10-10T19:00:00+00:00,Real Madrid,Villarreal CF,betrivers,totals,,,,,,,,,,,,,3.5,1.64,2.2,,,current,,decimal,2026-09-22T10:24:25Z,the-odds-api.com,https://api.the-odds-api.com/v4/sports/soccer_spain_la_liga/odds/,False,True,live,2026-09-22,Real current decimal odds from The Odds API. Opening/closing snapshots are not available on the free tier and are intentionally left blank.
LALIGA2627_MW08_079_RealMadrid_VillarrealCF,2026-27,8,2026-10-10,2026-10-10T19:00:00+00:00,Real Madrid,Villarreal CF,leovegas_se,totals,,,,,,,,,,,,,3.5,1.64,2.2,,,current,,decimal,2026-09-22T10:24:26Z,the-odds-api.com,https://api.the-odds-api.com/v4/sports/soccer_spain_la_liga/odds/,False,True,live,2026-09-22,Real current decimal odds from The Odds API. Opening/closing snapshots are not available on the free tier and are intentionally left blank.
LALIGA2627_MW08_079_RealMadrid_VillarrealCF,2026-27,8,2026-10-10,2026-10-10T19:00:00+00:00,Real Madrid,Villarreal CF,unibet_se,totals,,,,,,,,,,,,,3.5,1.66,2.2,,,current,,decimal,2026-09-22T10:24:26Z,the-odds-api.com,https://api.the-odds-api.com/v4/sports/soccer_spain_la_liga/odds/,False,True,live,2026-09-22,Real current decimal odds from The Odds API. Opening/closing snapshots are not available on the free tier and are intentionally left blank.
LALIGA2627_MW08_079_RealMadrid_VillarrealCF,2026-27,8,2026-10-10,2026-10-10T19:00:00+00:00,Real Madrid,Villarreal CF,grosvenor,totals,,,,,,,,,,,,,3.5,1.64,2.2,,,current,,decimal,2026-09-22T10:24:26Z,the-odds-api.com,https://api.the-odds-api.com/v4/sports/soccer_spain_la_liga/odds/,False,True,live,2026-09-22,Real current decimal odds from The Odds API. Opening/closing snapshots are not available on the free tier and are intentionally left blank.
LALIGA2627_MW08_079_RealMadrid_VillarrealCF,2026-27,8,2026-10-10,2026-10-10T19:00:00+00:00,Real Madrid,Villarreal CF,unibet_nl,totals,,,,,,,,,,,,,3.5,1.64,2.2,,,current,,decimal,2026-09-22T10:25:24Z,the-odds-api.com,https://api.the-odds-api.com/v4/sports/soccer_spain_la_liga/odds/,False,True,live,2026-09-22,Real current decimal odds from The Odds API. Opening/closing snapshots are not available on the free tier and are intentionally left blank.
LALIGA2627_MW08_079_RealMadrid_VillarrealCF,2026-27,8,2026-10-10,2026-10-10T19:00:00+00:00,Real Madrid,Villarreal CF,williamhill,totals,,,,,,,,,,,,,2.5,1.25,3.7,,,current,,decimal,2026-09-22T10:24:26Z,the-odds-api.com,https://api.the-odds-api.com/v4/sports/soccer_spain_la_liga/odds/,False,True,live,2026-09-22,Real current decimal odds from The Odds API. Opening/closing snapshots are not available on the free tier and are intentionally left blank.
LALIGA2627_MW08_079_RealMadrid_VillarrealCF,2026-27,8,2026-10-10,2026-10-10T19:00:00+00:00,Real Madrid,Villarreal CF,nordicbet,totals,,,,,,,,,,,,,2.5,1.29,3.55,,,current,,decimal,2026-09-22T10:24:27Z,the-odds-api.com,https://api.the-odds-api.com/v4/sports/soccer_spain_la_liga/odds/,False,True,live,2026-09-22,Real current decimal odds from The Odds API. Opening/closing snapshots are not available on the free tier and are intentionally left blank.
LALIGA2627_MW08_079_RealMadrid_VillarrealCF,2026-27,8,2026-10-10,2026-10-10T19:00:00+00:00,Real Madrid,Villarreal CF,betsson,totals,,,,,,,,,,,,,2.5,1.3,3.6,,,current,,decimal,2026-09-22T10:24:47Z,the-odds-api.com,https://api.the-odds-api.com/v4/sports/soccer_spain_la_liga/odds/,False,True,live,2026-09-22,Real current decimal odds from The Odds API. Opening/closing snapshots are not available on the free tier and are intentionally left blank.
LALIGA2627_MW08_079_RealMadrid_VillarrealCF,2026-27,8,2026-10-10,2026-10-10T19:00:00+00:00,Real Madrid,Villarreal CF,bovada,totals,,,,,,,,,,,,,3.75,1.89,1.93,,,current,,decimal,2026-09-22T10:18:21Z,the-odds-api.com,https://api.the-odds-api.com/v4/sports/soccer_spain_la_liga/odds/,False,True,live,2026-09-22,Real current decimal odds from The Odds API. Opening/closing snapshots are not available on the free tier and are intentionally left blank.
LALIGA2627_MW08_079_RealMadrid_VillarrealCF,2026-27,8,2026-10-10,2026-10-10T19:00:00+00:00,Real Madrid,Villarreal CF,tipico_de,totals,,,,,,,,,,,,,3.5,1.67,2.1,,,current,,decimal,2026-09-22T10:24:26Z,the-odds-api.com,https://api.the-odds-api.com/v4/sports/soccer_spain_la_liga/odds/,False,True,live,2026-09-22,Real current decimal odds from The Odds API. Opening/closing snapshots are not available on the free tier and are intentionally left blank.
LALIGA2627_MW08_079_RealMadrid_VillarrealCF,2026-27,8,2026-10-10,2026-10-10T19:00:00+00:00,Real Madrid,Villarreal CF,betmgm,totals,,,,,,,,,,,,,3.5,1.67,2.1,,,current,,decimal,2026-09-22T10:24:25Z,the-odds-api.com,https://api.the-odds-api.com/v4/sports/soccer_spain_la_liga/odds/,False,True,live,2026-09-22,Real current decimal odds from The Odds API. Opening/closing snapshots are not available on the free tier and are intentionally left blank.
LALIGA2627_MW08_079_RealMadrid_VillarrealCF,2026-27,8,2026-10-10,2026-10-10T19:00:00+00:00,Real Madrid,Villarreal CF,coolbet,totals,,,,,,,,,,,,,4.0,2.14,1.78,,,current,,decimal,2026-09-22T10:25:24Z,the-odds-api.com,https://api.the-odds-api.com/v4/sports/soccer_spain_la_liga/odds/,False,True,live,2026-09-22,Real current decimal odds from The Odds API. Opening/closing snapshots are not available on the free tier and are intentionally left blank.
LALIGA2627_MW08_079_RealMadrid_VillarrealCF,2026-27,8,2026-10-10,2026-10-10T19:00:00+00:00,Real Madrid,Villarreal CF,casumo,totals,,,,,,,,,,,,,3.5,1.64,2.2,,,current,,decimal,2026-09-22T10:24:26Z,the-odds-api.com,https://api.the-odds-api.com/v4/sports/soccer_spain_la_liga/odds/,False,True,live,2026-09-22,Real current decimal odds from The Odds API. Opening/closing snapshots are not available on the free tier and are intentionally left blank.
LALIGA2627_MW08_073_ElcheCF_CeltaVigo,2026-27,8,2026-10-11,2026-10-11T12:00:00+00:00,Elche CF,Celta Vigo,pinnacle,h2h,,,,2.92,3.21,2.53,,,,,,,,,,,,current,,decimal,2026-09-22T10:25:24Z,the-odds-api.com,https://api.the-odds-api.com/v4/sports/soccer_spain_la_liga/odds/,False,True,live,2026-09-22,Real current decimal odds from The Odds API. Opening/closing snapshots are not available on the free tier and are intentionally left blank.
LALIGA2627_MW08_073_ElcheCF_CeltaVigo,2026-27,8,2026-10-11,2026-10-11T12:00:00+00:00,Elche CF,Celta Vigo,winamax_de,h2h,,,,2.75,3.25,2.4,,,,,,,,,,,,current,,decimal,2026-09-22T10:24:28Z,the-odds-api.com,https://api.the-odds-api.com/v4/sports/soccer_spain_la_liga/odds/,False,True,live,2026-09-22,Real current decimal odds from The Odds API. Opening/closing snapshots are not available on the free tier and are intentionally left blank.
LALIGA2627_MW08_073_ElcheCF_CeltaVigo,2026-27,8,2026-10-11,2026-10-11T12:00:00+00:00,Elche CF,Celta Vigo,unibet_fr,h2h,,,,2.75,3.1,2.25,,,,,,,,,,,,current,,decimal,2026-09-22T10:24:26Z,the-odds-api.com,https://api.the-odds-api.com/v4/sports/soccer_spain_la_liga/odds/,False,True,live,2026-09-22,Real current decimal odds from The Odds API. Opening/closing snapshots are not available on the free tier and are intentionally left blank.
LALIGA2627_MW08_073_ElcheCF_CeltaVigo,2026-27,8,2026-10-11,2026-10-11T12:00:00+00:00,Elche CF,Celta Vigo,betfred_uk,h2h,,,,2.88,3.4,2.4,,,,,,,,,,,,current,,decimal,2026-09-22T10:24:28Z,the-odds-api.com,https://api.the-odds-api.com/v4/sports/soccer_spain_la_liga/odds/,False,True,live,2026-09-22,Real current decimal odds from The Odds API. Opening/closing snapshots are not available on the free tier and are intentionally left blank.
LALIGA2627_MW08_073_ElcheCF_CeltaVigo,2026-27,8,2026-10-11,2026-10-11T12:00:00+00:00,Elche CF,Celta Vigo,leovegas,h2h,,,,2.8,3.15,2.4,,,,,,,,,,,,current,,decimal,2026-09-22T10:24:26Z,the-odds-api.com,https://api.the-odds-api.com/v4/sports/soccer_spain_la_liga/odds/,False,True,live,2026-09-22,Real current decimal odds from The Odds API. Opening/closing snapshots are not available on the free tier and are intentionally left blank.
LALIGA2627_MW08_073_ElcheCF_CeltaVigo,2026-27,8,2026-10-11,2026-10-11T12:00:00+00:00,Elche CF,Celta Vigo,betclic_fr,h2h,,,,2.75,3.08,2.32,,,,,,,,,,,,current,,decimal,2026-09-22T10:25:36Z,the-odds-api.com,https://api.the-odds-api.com/v4/sports/soccer_spain_la_liga/odds/,False,True,live,2026-09-22,Real current decimal odds from The Odds API. Opening/closing snapshots are not available on the free tier and are intentionally left blank.
LALIGA2627_MW08_073_ElcheCF_CeltaVigo,2026-27,8,2026-10-11,2026-10-11T12:00:00+00:00,Elche CF,Celta Vigo,winamax_fr,h2h,,,,2.7,3.15,2.35,,,,,,,,,,,,current,,decimal,2026-09-22T10:25:06Z,the-odds-api.com,https://api.the-odds-api.com/v4/sports/soccer_spain_la_liga/odds/,False,True,live,2026-09-22,Real current decimal odds from The Odds API. Opening/closing snapshots are not available on the free tier and are intentionally left blank.
LALIGA2627_MW08_073_ElcheCF_CeltaVigo,2026-27,8,2026-10-11,2026-10-11T12:00:00+00:00,Elche CF,Celta Vigo,codere_it,h2h,,,,2.9,3.25,2.5,,,,,,,,,,,,current,,decimal,2026-09-22T10:25:04Z,the-odds-api.com,https://api.the-odds-api.com/v4/sports/soccer_spain_la_liga/odds/,False,True,live,2026-09-22,Real current decimal odds from The Odds API. Opening/closing snapshots are not available on the free tier and are intentionally left blank.
LALIGA2627_MW08_073_ElcheCF_CeltaVigo,2026-27,8,2026-10-11,2026-10-11T12:00:00+00:00,Elche CF,Celta Vigo,marathonbet,h2h,,,,2.94,3.24,2.54,,,,,,,,,,,,current,,decimal,2026-09-22T10:21:18Z,the-odds-api.com,https://api.the-odds-api.com/v4/sports/soccer_spain_la_liga/odds/,False,True,live,2026-09-22,Real current decimal odds from The Odds API. Opening/closing snapshots are not available on the free tier and are intentionally left blank.
LALIGA2627_MW08_073_ElcheCF_CeltaVigo,2026-27,8,2026-10-11,2026-10-11T12:00:00+00:00,Elche CF,Celta Vigo,smarkets,h2h,,,,2.94,3.2,2.52,,,,,,,,,,,,current,,decimal,2026-09-22T10:25:25Z,the-odds-api.com,https://api.the-odds-api.com/v4/sports/soccer_spain_la_liga/odds/,False,True,live,2026-09-22,Real current decimal odds from The Odds API. Opening/closing snapshots are not available on the free tier and are intentionally left blank.
LALIGA2627_MW08_073_ElcheCF_CeltaVigo,2026-27,8,2026-10-11,2026-10-11T12:00:00+00:00,Elche CF,Celta Vigo,onexbet,h2h,,,,3.02,3.33,2.61,,,,,,,,,,,,current,,decimal,2026-09-22T10:20:53Z,the-odds-api.com,https://api.the-odds-api.com/v4/sports/soccer_spain_la_liga/odds/,False,True,live,2026-09-22,Real current decimal odds from The Odds API. Opening/closing snapshots are not available on the free tier and are intentionally left blank.
LALIGA2627_MW08_073_ElcheCF_CeltaVigo,2026-27,8,2026-10-11,2026-10-11T12:00:00+00:00,Elche CF,Celta Vigo,unibet_se,h2h,,,,2.95,3.25,2.55,,,,,,,,,,,,current,,decimal,2026-09-22T10:24:26Z,the-odds-api.com,https://api.the-odds-api.com/v4/sports/soccer_spain_la_liga/odds/,False,True,live,2026-09-22,Real current decimal odds from The Odds API. Opening/closing snapshots are not available on the free tier and are intentionally left blank.
LALIGA2627_MW08_073_ElcheCF_CeltaVigo,2026-27,8,2026-10-11,2026-10-11T12:00:00+00:00,Elche CF,Celta Vigo,livescorebet,h2h,,,,2.8,3.1,2.45,,,,,,,,,,,,current,,decimal,2026-09-22T10:24:25Z,the-odds-api.com,https://api.the-odds-api.com/v4/sports/soccer_spain_la_liga/odds/,False,True,live,2026-09-22,Real current decimal odds from The Odds API. Opening/closing snapshots are not available on the free tier and are intentionally left blank.
LALIGA2627_MW08_073_ElcheCF_CeltaVigo,2026-27,8,2026-10-11,2026-10-11T12:00:00+00:00,Elche CF,Celta Vigo,grosvenor,h2h,,,,2.95,3.25,2.55,,,,,,,,,,,,current,,decimal,2026-09-22T10:24:26Z,the-odds-api.com,https://api.the-odds-api.com/v4/sports/soccer_spain_la_liga/odds/,False,True,live,2026-09-22,Real current decimal odds from The Odds API. Opening/closing snapshots are not available on the free tier and are intentionally left blank.
LALIGA2627_MW08_073_ElcheCF_CeltaVigo,2026-27,8,2026-10-11,2026-10-11T12:00:00+00:00,Elche CF,Celta Vigo,unibet_nl,h2h,,,,2.95,3.25,2.55,,,,,,,,,,,,current,,decimal,2026-09-22T10:25:24Z,the-odds-api.com,https://api.the-odds-api.com/v4/sports/soccer_spain_la_liga/odds/,False,True,live,2026-09-22,Real current decimal odds from The Odds API. Opening/closing snapshots are not available on the free tier and are intentionally left blank.
LALIGA2627_MW08_073_ElcheCF_CeltaVigo,2026-27,8,2026-10-11,2026-10-11T12:00:00+00:00,Elche CF,Celta Vigo,betrivers,h2h,,,,2.95,3.25,2.55,,,,,,,,,,,,current,,decimal,2026-09-22T10:24:25Z,the-odds-api.com,https://api.the-odds-api.com/v4/sports/soccer_spain_la_liga/odds/,False,True,live,2026-09-22,Real current decimal odds from The Odds API. Opening/closing snapshots are not available on the free tier and are intentionally left blank.
LALIGA2627_MW08_073_ElcheCF_CeltaVigo,2026-27,8,2026-10-11,2026-10-11T12:00:00+00:00,Elche CF,Celta Vigo,pmu_fr,h2h,,,,2.75,3.0,2.4,,,,,,,,,,,,current,,decimal,2026-09-22T10:24:26Z,the-odds-api.com,https://api.the-odds-api.com/v4/sports/soccer_spain_la_liga/odds/,False,True,live,2026-09-22,Real current decimal odds from The Odds API. Opening/closing snapshots are not available on the free tier and are intentionally left blank.
LALIGA2627_MW08_073_ElcheCF_CeltaVigo,2026-27,8,2026-10-11,2026-10-11T12:00:00+00:00,Elche CF,Celta Vigo,leovegas_se,h2h,,,,2.8,3.1,2.45,,,,,,,,,,,,current,,decimal,2026-09-22T10:24:26Z,the-odds-api.com,https://api.the-odds-api.com/v4/sports/soccer_spain_la_liga/odds/,False,True,live,2026-09-22,Real current decimal odds from The Odds API. Opening/closing snapshots are not available on the free tier and are intentionally left blank.
LALIGA2627_MW08_073_ElcheCF_CeltaVigo,2026-27,8,2026-10-11,2026-10-11T12:00:00+00:00,Elche CF,Celta Vigo,virginbet,h2h,,,,2.75,3.05,2.43,,,,,,,,,,,,current,,decimal,2026-09-22T10:25:24Z,the-odds-api.com,https://api.the-odds-api.com/v4/sports/soccer_spain_la_liga/odds/,False,True,live,2026-09-22,Real current decimal odds from The Odds API. Opening/closing snapshots are not available on the free tier and are intentionally left blank.
LALIGA2627_MW08_073_ElcheCF_CeltaVigo,2026-27,8,2026-10-11,2026-10-11T12:00:00+00:00,Elche CF,Celta Vigo,williamhill,h2h,,,,2.8,3.1,2.45,,,,,,,,,,,,current,,decimal,2026-09-22T10:24:26Z,the-odds-api.com,https://api.the-odds-api.com/v4/sports/soccer_spain_la_liga/odds/,False,True,live,2026-09-22,Real current decimal odds from The Odds API. Opening/closing snapshots are not available on the free tier and are intentionally left blank.
LALIGA2627_MW08_073_ElcheCF_CeltaVigo,2026-27,8,2026-10-11,2026-10-11T12:00:00+00:00,Elche CF,Celta Vigo,nordicbet,h2h,,,,2.9,3.15,2.52,,,,,,,,,,,,current,,decimal,2026-09-22T10:24:27Z,the-odds-api.com,https://api.the-odds-api.com/v4/sports/soccer_spain_la_liga/odds/,False,True,live,2026-09-22,Real current decimal odds from The Odds API. Opening/closing snapshots are not available on the free tier and are intentionally left blank.
LALIGA2627_MW08_073_ElcheCF_CeltaVigo,2026-27,8,2026-10-11,2026-10-11T12:00:00+00:00,Elche CF,Celta Vigo,betsson,h2h,,,,2.92,3.15,2.52,,,,,,,,,,,,current,,decimal,2026-09-22T10:24:47Z,the-odds-api.com,https://api.the-odds-api.com/v4/sports/soccer_spain_la_liga/odds/,False,True,live,2026-09-22,Real current decimal odds from The Odds API. Opening/closing snapshots are not available on the free tier and are intentionally left blank.
LALIGA2627_MW08_073_ElcheCF_CeltaVigo,2026-27,8,2026-10-11,2026-10-11T12:00:00+00:00,Elche CF,Celta Vigo,boylesports,h2h,,,,2.75,3.1,2.38,,,,,,,,,,,,current,,decimal,2026-09-22T10:25:08Z,the-odds-api.com,https://api.the-odds-api.com/v4/sports/soccer_spain_la_liga/odds/,False,True,live,2026-09-22,Real current decimal odds from The Odds API. Opening/closing snapshots are not available on the free tier and are intentionally left blank.
LALIGA2627_MW08_073_ElcheCF_CeltaVigo,2026-27,8,2026-10-11,2026-10-11T12:00:00+00:00,Elche CF,Celta Vigo,bovada,h2h,,,,2.9,3.2,2.52,,,,,,,,,,,,current,,decimal,2026-09-22T10:18:21Z,the-odds-api.com,https://api.the-odds-api.com/v4/sports/soccer_spain_la_liga/odds/,False,True,live,2026-09-22,Real current decimal odds from The Odds API. Opening/closing snapshots are not available on the free tier and are intentionally left blank.
LALIGA2627_MW08_073_ElcheCF_CeltaVigo,2026-27,8,2026-10-11,2026-10-11T12:00:00+00:00,Elche CF,Celta Vigo,tipico_de,h2h,,,,2.95,3.2,2.45,,,,,,,,,,,,current,,decimal,2026-09-22T10:24:26Z,the-odds-api.com,https://api.the-odds-api.com/v4/sports/soccer_spain_la_liga/odds/,False,True,live,2026-09-22,Real current decimal odds from The Odds API. Opening/closing snapshots are not available on the free tier and are intentionally left blank.
LALIGA2627_MW08_073_ElcheCF_CeltaVigo,2026-27,8,2026-10-11,2026-10-11T12:00:00+00:00,Elche CF,Celta Vigo,everygame,h2h,,,,2.8,3.1,2.45,,,,,,,,,,,,current,,decimal,2026-09-22T10:20:50Z,the-odds-api.com,https://api.the-odds-api.com/v4/sports/soccer_spain_la_liga/odds/,False,True,live,2026-09-22,Real current decimal odds from The Odds API. Opening/closing snapshots are not available on the free tier and are intentionally left blank.
LALIGA2627_MW08_073_ElcheCF_CeltaVigo,2026-27,8,2026-10-11,2026-10-11T12:00:00+00:00,Elche CF,Celta Vigo,draftkings,h2h,,,,2.85,3.15,2.5,,,,,,,,,,,,current,,decimal,2026-09-22T10:23:28Z,the-odds-api.com,https://api.the-odds-api.com/v4/sports/soccer_spain_la_liga/odds/,False,True,live,2026-09-22,Real current decimal odds from The Odds API. Opening/closing snapshots are not available on the free tier and are intentionally left blank.
LALIGA2627_MW08_073_ElcheCF_CeltaVigo,2026-27,8,2026-10-11,2026-10-11T12:00:00+00:00,Elche CF,Celta Vigo,betmgm,h2h,,,,2.88,3.3,2.45,,,,,,,,,,,,current,,decimal,2026-09-22T10:24:25Z,the-odds-api.com,https://api.the-odds-api.com/v4/sports/soccer_spain_la_liga/odds/,False,True,live,2026-09-22,Real current decimal odds from The Odds API. Opening/closing snapshots are not available on the free tier and are intentionally left blank.
LALIGA2627_MW08_073_ElcheCF_CeltaVigo,2026-27,8,2026-10-11,2026-10-11T12:00:00+00:00,Elche CF,Celta Vigo,coral,h2h,,,,2.87,3.3,2.45,,,,,,,,,,,,current,,decimal,2026-09-22T10:25:23Z,the-odds-api.com,https://api.the-odds-api.com/v4/sports/soccer_spain_la_liga/odds/,False,True,live,2026-09-22,Real current decimal odds from The Odds API. Opening/closing snapshots are not available on the free tier and are intentionally left blank.
LALIGA2627_MW08_073_ElcheCF_CeltaVigo,2026-27,8,2026-10-11,2026-10-11T12:00:00+00:00,Elche CF,Celta Vigo,ladbrokes_uk,h2h,,,,2.87,3.25,2.45,,,,,,,,,,,,current,,decimal,2026-09-22T10:24:26Z,the-odds-api.com,https://api.the-odds-api.com/v4/sports/soccer_spain_la_liga/odds/,False,True,live,2026-09-22,Real current decimal odds from The Odds API. Opening/closing snapshots are not available on the free tier and are intentionally left blank.
LALIGA2627_MW08_073_ElcheCF_CeltaVigo,2026-27,8,2026-10-11,2026-10-11T12:00:00+00:00,Elche CF,Celta Vigo,coolbet,h2h,,,,2.8,3.3,2.55,,,,,,,,,,,,current,,decimal,2026-09-22T10:25:24Z,the-odds-api.com,https://api.the-odds-api.com/v4/sports/soccer_spain_la_liga/odds/,False,True,live,2026-09-22,Real current decimal odds from The Odds API. Opening/closing snapshots are not available on the free tier and are intentionally left blank.
LALIGA2627_MW08_073_ElcheCF_CeltaVigo,2026-27,8,2026-10-11,2026-10-11T12:00:00+00:00,Elche CF,Celta Vigo,unibet_uk,h2h,,,,2.8,3.2,2.45,,,,,,,,,,,,current,,decimal,2026-09-22T10:24:26Z,the-odds-api.com,https://api.the-odds-api.com/v4/sports/soccer_spain_la_liga/odds/,False,True,live,2026-09-22,Real current decimal odds from The Odds API. Opening/closing snapshots are not available on the free tier and are intentionally left blank.
LALIGA2627_MW08_073_ElcheCF_CeltaVigo,2026-27,8,2026-10-11,2026-10-11T12:00:00+00:00,Elche CF,Celta Vigo,betus,h2h,,,,2.9,3.2,2.52,,,,,,,,,,,,current,,decimal,2026-09-22T10:25:24Z,the-odds-api.com,https://api.the-odds-api.com/v4/sports/soccer_spain_la_liga/odds/,False,True,live,2026-09-22,Real current decimal odds from The Odds API. Opening/closing snapshots are not available on the free tier and are intentionally left blank.
LALIGA2627_MW08_073_ElcheCF_CeltaVigo,2026-27,8,2026-10-11,2026-10-11T12:00:00+00:00,Elche CF,Celta Vigo,betano_uk,h2h,,,,2.75,3.2,2.4,,,,,,,,,,,,current,,decimal,2026-09-22T10:24:37Z,the-odds-api.com,https://api.the-odds-api.com/v4/sports/soccer_spain_la_liga/odds/,False,True,live,2026-09-22,Real current decimal odds from The Odds API. Opening/closing snapshots are not available on the free tier and are intentionally left blank.
LALIGA2627_MW08_073_ElcheCF_CeltaVigo,2026-27,8,2026-10-11,2026-10-11T12:00:00+00:00,Elche CF,Celta Vigo,betvictor,h2h,,,,2.75,3.2,2.4,,,,,,,,,,,,current,,decimal,2026-09-22T10:25:39Z,the-odds-api.com,https://api.the-odds-api.com/v4/sports/soccer_spain_la_liga/odds/,False,True,live,2026-09-22,Real current decimal odds from The Odds API. Opening/closing snapshots are not available on the free tier and are intentionally left blank.
LALIGA2627_MW08_073_ElcheCF_CeltaVigo,2026-27,8,2026-10-11,2026-10-11T12:00:00+00:00,Elche CF,Celta Vigo,betway,h2h,,,,2.8,3.1,2.4,,,,,,,,,,,,current,,decimal,2026-09-22T10:25:06Z,the-odds-api.com,https://api.the-odds-api.com/v4/sports/soccer_spain_la_liga/odds/,False,True,live,2026-09-22,Real current decimal odds from The Odds API. Opening/closing snapshots are not available on the free tier and are intentionally left blank.
LALIGA2627_MW08_073_ElcheCF_CeltaVigo,2026-27,8,2026-10-11,2026-10-11T12:00:00+00:00,Elche CF,Celta Vigo,casumo,h2h,,,,2.95,3.25,2.55,,,,,,,,,,,,current,,decimal,2026-09-22T10:24:26Z,the-odds-api.com,https://api.the-odds-api.com/v4/sports/soccer_spain_la_liga/odds/,False,True,live,2026-09-22,Real current decimal odds from The Odds API. Opening/closing snapshots are not available on the free tier and are intentionally left blank.
LALIGA2627_MW08_073_ElcheCF_CeltaVigo,2026-27,8,2026-10-11,2026-10-11T12:00:00+00:00,Elche CF,Celta Vigo,fanduel,h2h,,,,2.85,3.4,2.4,,,,,,,,,,,,current,,decimal,2026-09-22T10:25:23Z,the-odds-api.com,https://api.the-odds-api.com/v4/sports/soccer_spain_la_liga/odds/,False,True,live,2026-09-22,Real current decimal odds from The Odds API. Opening/closing snapshots are not available on the free tier and are intentionally left blank.
LALIGA2627_MW08_073_ElcheCF_CeltaVigo,2026-27,8,2026-10-11,2026-10-11T12:00:00+00:00,Elche CF,Celta Vigo,paddypower,h2h,,,,2.8,3.3,2.38,,,,,,,,,,,,current,,decimal,2026-09-22T10:24:08Z,the-odds-api.com,https://api.the-odds-api.com/v4/sports/soccer_spain_la_liga/odds/,False,True,live,2026-09-22,Real current decimal odds from The Odds API. Opening/closing snapshots are not available on the free tier and are intentionally left blank.
LALIGA2627_MW08_073_ElcheCF_CeltaVigo,2026-27,8,2026-10-11,2026-10-11T12:00:00+00:00,Elche CF,Celta Vigo,skybet,h2h,,,,2.8,3.3,2.4,,,,,,,,,,,,current,,decimal,2026-09-22T10:25:07Z,the-odds-api.com,https://api.the-odds-api.com/v4/sports/soccer_spain_la_liga/odds/,False,True,live,2026-09-22,Real current decimal odds from The Odds API. Opening/closing snapshots are not available on the free tier and are intentionally left blank.
LALIGA2627_MW08_073_ElcheCF_CeltaVigo,2026-27,8,2026-10-11,2026-10-11T12:00:00+00:00,Elche CF,Celta Vigo,betfair_ex_uk,h2h,,,,2.96,3.25,2.54,,,,,,,,,,,,current,,decimal,2026-09-22T10:25:24Z,the-odds-api.com,https://api.the-odds-api.com/v4/sports/soccer_spain_la_liga/odds/,False,True,live,2026-09-22,Real current decimal odds from The Odds API. Opening/closing snapshots are not available on the free tier and are intentionally left blank.
LALIGA2627_MW08_073_ElcheCF_CeltaVigo,2026-27,8,2026-10-11,2026-10-11T12:00:00+00:00,Elche CF,Celta Vigo,betfair_ex_eu,h2h,,,,2.96,3.25,2.54,,,,,,,,,,,,current,,decimal,2026-09-22T10:25:06Z,the-odds-api.com,https://api.the-odds-api.com/v4/sports/soccer_spain_la_liga/odds/,False,True,live,2026-09-22,Real current decimal odds from The Odds API. Opening/closing snapshots are not available on the free tier and are intentionally left blank.
LALIGA2627_MW08_073_ElcheCF_CeltaVigo,2026-27,8,2026-10-11,2026-10-11T12:00:00+00:00,Elche CF,Celta Vigo,pinnacle,spreads,,,,,,,,,,0.0,2.08,1.79,,,,,,current,,decimal,2026-09-22T10:25:24Z,the-odds-api.com,https://api.the-odds-api.com/v4/sports/soccer_spain_la_liga/odds/,False,True,live,2026-09-22,Real current decimal odds from The Odds API. Opening/closing snapshots are not available on the free tier and are intentionally left blank.
LALIGA2627_MW08_073_ElcheCF_CeltaVigo,2026-27,8,2026-10-11,2026-10-11T12:00:00+00:00,Elche CF,Celta Vigo,onexbet,spreads,,,,,,,,,,0.0,2.12,1.84,,,,,,current,,decimal,2026-09-22T10:20:53Z,the-odds-api.com,https://api.the-odds-api.com/v4/sports/soccer_spain_la_liga/odds/,False,True,live,2026-09-22,Real current decimal odds from The Odds API. Opening/closing snapshots are not available on the free tier and are intentionally left blank.
LALIGA2627_MW08_073_ElcheCF_CeltaVigo,2026-27,8,2026-10-11,2026-10-11T12:00:00+00:00,Elche CF,Celta Vigo,bovada,spreads,,,,,,,,,,0.0,2.08,1.78,,,,,,current,,decimal,2026-09-22T10:18:21Z,the-odds-api.com,https://api.the-odds-api.com/v4/sports/soccer_spain_la_liga/odds/,False,True,live,2026-09-22,Real current decimal odds from The Odds API. Opening/closing snapshots are not available on the free tier and are intentionally left blank.
LALIGA2627_MW08_073_ElcheCF_CeltaVigo,2026-27,8,2026-10-11,2026-10-11T12:00:00+00:00,Elche CF,Celta Vigo,coolbet,spreads,,,,,,,,,,1.0,1.25,4.35,,,,,,current,,decimal,2026-09-22T10:25:24Z,the-odds-api.com,https://api.the-odds-api.com/v4/sports/soccer_spain_la_liga/odds/,False,True,live,2026-09-22,Real current decimal odds from The Odds API. Opening/closing snapshots are not available on the free tier and are intentionally left blank.
LALIGA2627_MW08_073_ElcheCF_CeltaVigo,2026-27,8,2026-10-11,2026-10-11T12:00:00+00:00,Elche CF,Celta Vigo,betus,spreads,,,,,,,,,,0.0,2.08,1.78,,,,,,current,,decimal,2026-09-22T10:25:24Z,the-odds-api.com,https://api.the-odds-api.com/v4/sports/soccer_spain_la_liga/odds/,False,True,live,2026-09-22,Real current decimal odds from The Odds API. Opening/closing snapshots are not available on the free tier and are intentionally left blank.
LALIGA2627_MW08_073_ElcheCF_CeltaVigo,2026-27,8,2026-10-11,2026-10-11T12:00:00+00:00,Elche CF,Celta Vigo,pinnacle,totals,,,,,,,,,,,,,2.25,1.82,2.02,,,current,,decimal,2026-09-22T10:25:24Z,the-odds-api.com,https://api.the-odds-api.com/v4/sports/soccer_spain_la_liga/odds/,False,True,live,2026-09-22,Real current decimal odds from The Odds API. Opening/closing snapshots are not available on the free tier and are intentionally left blank.
LALIGA2627_MW08_073_ElcheCF_CeltaVigo,2026-27,8,2026-10-11,2026-10-11T12:00:00+00:00,Elche CF,Celta Vigo,leovegas,totals,,,,,,,,,,,,,2.5,1.95,1.73,,,current,,decimal,2026-09-22T10:24:26Z,the-odds-api.com,https://api.the-odds-api.com/v4/sports/soccer_spain_la_liga/odds/,False,True,live,2026-09-22,Real current decimal odds from The Odds API. Opening/closing snapshots are not available on the free tier and are intentionally left blank.
LALIGA2627_MW08_073_ElcheCF_CeltaVigo,2026-27,8,2026-10-11,2026-10-11T12:00:00+00:00,Elche CF,Celta Vigo,codere_it,totals,,,,,,,,,,,,,2.5,1.98,1.71,,,current,,decimal,2026-09-22T10:25:04Z,the-odds-api.com,https://api.the-odds-api.com/v4/sports/soccer_spain_la_liga/odds/,False,True,live,2026-09-22,Real current decimal odds from The Odds API. Opening/closing snapshots are not available on the free tier and are intentionally left blank.
LALIGA2627_MW08_073_ElcheCF_CeltaVigo,2026-27,8,2026-10-11,2026-10-11T12:00:00+00:00,Elche CF,Celta Vigo,onexbet,totals,,,,,,,,,,,,,2.5,2.12,1.84,,,current,,decimal,2026-09-22T10:20:53Z,the-odds-api.com,https://api.the-odds-api.com/v4/sports/soccer_spain_la_liga/odds/,False,True,live,2026-09-22,Real current decimal odds from The Odds API. Opening/closing snapshots are not available on the free tier and are intentionally left blank.
LALIGA2627_MW08_073_ElcheCF_CeltaVigo,2026-27,8,2026-10-11,2026-10-11T12:00:00+00:00,Elche CF,Celta Vigo,unibet_se,totals,,,,,,,,,,,,,2.5,2.02,1.77,,,current,,decimal,2026-09-22T10:24:26Z,the-odds-api.com,https://api.the-odds-api.com/v4/sports/soccer_spain_la_liga/odds/,False,True,live,2026-09-22,Real current decimal odds from The Odds API. Opening/closing snapshots are not available on the free tier and are intentionally left blank.
LALIGA2627_MW08_073_ElcheCF_CeltaVigo,2026-27,8,2026-10-11,2026-10-11T12:00:00+00:00,Elche CF,Celta Vigo,grosvenor,totals,,,,,,,,,,,,,2.5,2.02,1.76,,,current,,decimal,2026-09-22T10:24:26Z,the-odds-api.com,https://api.the-odds-api.com/v4/sports/soccer_spain_la_liga/odds/,False,True,live,2026-09-22,Real current decimal odds from The Odds API. Opening/closing snapshots are not available on the free tier and are intentionally left blank.
LALIGA2627_MW08_073_ElcheCF_CeltaVigo,2026-27,8,2026-10-11,2026-10-11T12:00:00+00:00,Elche CF,Celta Vigo,unibet_nl,totals,,,,,,,,,,,,,2.5,2.02,1.76,,,current,,decimal,2026-09-22T10:25:24Z,the-odds-api.com,https://api.the-odds-api.com/v4/sports/soccer_spain_la_liga/odds/,False,True,live,2026-09-22,Real current decimal odds from The Odds API. Opening/closing snapshots are not available on the free tier and are intentionally left blank.
LALIGA2627_MW08_073_ElcheCF_CeltaVigo,2026-27,8,2026-10-11,2026-10-11T12:00:00+00:00,Elche CF,Celta Vigo,betrivers,totals,,,,,,,,,,,,,2.5,2.02,1.76,,,current,,decimal,2026-09-22T10:24:25Z,the-odds-api.com,https://api.the-odds-api.com/v4/sports/soccer_spain_la_liga/odds/,False,True,live,2026-09-22,Real current decimal odds from The Odds API. Opening/closing snapshots are not available on the free tier and are intentionally left blank.
LALIGA2627_MW08_073_ElcheCF_CeltaVigo,2026-27,8,2026-10-11,2026-10-11T12:00:00+00:00,Elche CF,Celta Vigo,pmu_fr,totals,,,,,,,,,,,,,2.5,1.91,1.67,,,current,,decimal,2026-09-22T10:24:26Z,the-odds-api.com,https://api.the-odds-api.com/v4/sports/soccer_spain_la_liga/odds/,False,True,live,2026-09-22,Real current decimal odds from The Odds API. Opening/closing snapshots are not available on the free tier and are intentionally left blank.
LALIGA2627_MW08_073_ElcheCF_CeltaVigo,2026-27,8,2026-10-11,2026-10-11T12:00:00+00:00,Elche CF,Celta Vigo,leovegas_se,totals,,,,,,,,,,,,,2.5,2.02,1.76,,,current,,decimal,2026-09-22T10:24:26Z,the-odds-api.com,https://api.the-odds-api.com/v4/sports/soccer_spain_la_liga/odds/,False,True,live,2026-09-22,Real current decimal odds from The Odds API. Opening/closing snapshots are not available on the free tier and are intentionally left blank.
LALIGA2627_MW08_073_ElcheCF_CeltaVigo,2026-27,8,2026-10-11,2026-10-11T12:00:00+00:00,Elche CF,Celta Vigo,williamhill,totals,,,,,,,,,,,,,2.5,2.05,1.75,,,current,,decimal,2026-09-22T10:24:26Z,the-odds-api.com,https://api.the-odds-api.com/v4/sports/soccer_spain_la_liga/odds/,False,True,live,2026-09-22,Real current decimal odds from The Odds API. Opening/closing snapshots are not available on the free tier and are intentionally left blank.
LALIGA2627_MW08_073_ElcheCF_CeltaVigo,2026-27,8,2026-10-11,2026-10-11T12:00:00+00:00,Elche CF,Celta Vigo,nordicbet,totals,,,,,,,,,,,,,2.5,2.02,1.75,,,current,,decimal,2026-09-22T10:24:27Z,the-odds-api.com,https://api.the-odds-api.com/v4/sports/soccer_spain_la_liga/odds/,False,True,live,2026-09-22,Real current decimal odds from The Odds API. Opening/closing snapshots are not available on the free tier and are intentionally left blank.
LALIGA2627_MW08_073_ElcheCF_CeltaVigo,2026-27,8,2026-10-11,2026-10-11T12:00:00+00:00,Elche CF,Celta Vigo,betsson,totals,,,,,,,,,,,,,2.5,2.06,1.78,,,current,,decimal,2026-09-22T10:24:47Z,the-odds-api.com,https://api.the-odds-api.com/v4/sports/soccer_spain_la_liga/odds/,False,True,live,2026-09-22,Real current decimal odds from The Odds API. Opening/closing snapshots are not available on the free tier and are intentionally left blank.
LALIGA2627_MW08_073_ElcheCF_CeltaVigo,2026-27,8,2026-10-11,2026-10-11T12:00:00+00:00,Elche CF,Celta Vigo,bovada,totals,,,,,,,,,,,,,2.25,1.82,2.02,,,current,,decimal,2026-09-22T10:18:21Z,the-odds-api.com,https://api.the-odds-api.com/v4/sports/soccer_spain_la_liga/odds/,False,True,live,2026-09-22,Real current decimal odds from The Odds API. Opening/closing snapshots are not available on the free tier and are intentionally left blank.
LALIGA2627_MW08_073_ElcheCF_CeltaVigo,2026-27,8,2026-10-11,2026-10-11T12:00:00+00:00,Elche CF,Celta Vigo,tipico_de,totals,,,,,,,,,,,,,2.5,2.0,1.77,,,current,,decimal,2026-09-22T10:24:26Z,the-odds-api.com,https://api.the-odds-api.com/v4/sports/soccer_spain_la_liga/odds/,False,True,live,2026-09-22,Real current decimal odds from The Odds API. Opening/closing snapshots are not available on the free tier and are intentionally left blank.
LALIGA2627_MW08_073_ElcheCF_CeltaVigo,2026-27,8,2026-10-11,2026-10-11T12:00:00+00:00,Elche CF,Celta Vigo,betmgm,totals,,,,,,,,,,,,,2.5,2.0,1.71,,,current,,decimal,2026-09-22T10:24:25Z,the-odds-api.com,https://api.the-odds-api.com/v4/sports/soccer_spain_la_liga/odds/,False,True,live,2026-09-22,Real current decimal odds from The Odds API. Opening/closing snapshots are not available on the free tier and are intentionally left blank.
LALIGA2627_MW08_073_ElcheCF_CeltaVigo,2026-27,8,2026-10-11,2026-10-11T12:00:00+00:00,Elche CF,Celta Vigo,coolbet,totals,,,,,,,,,,,,,2.5,2.01,1.88,,,current,,decimal,2026-09-22T10:25:24Z,the-odds-api.com,https://api.the-odds-api.com/v4/sports/soccer_spain_la_liga/odds/,False,True,live,2026-09-22,Real current decimal odds from The Odds API. Opening/closing snapshots are not available on the free tier and are intentionally left blank.
LALIGA2627_MW08_073_ElcheCF_CeltaVigo,2026-27,8,2026-10-11,2026-10-11T12:00:00+00:00,Elche CF,Celta Vigo,betus,totals,,,,,,,,,,,,,2.25,1.82,2.02,,,current,,decimal,2026-09-22T10:25:24Z,the-odds-api.com,https://api.the-odds-api.com/v4/sports/soccer_spain_la_liga/odds/,False,True,live,2026-09-22,Real current decimal odds from The Odds API. Opening/closing snapshots are not available on the free tier and are intentionally left blank.
LALIGA2627_MW08_073_ElcheCF_CeltaVigo,2026-27,8,2026-10-11,2026-10-11T12:00:00+00:00,Elche CF,Celta Vigo,casumo,totals,,,,,,,,,,,,,2.5,2.02,1.76,,,current,,decimal,2026-09-22T10:24:26Z,the-odds-api.com,https://api.the-odds-api.com/v4/sports/soccer_spain_la_liga/odds/,False,True,live,2026-09-22,Real current decimal odds from The Odds API. Opening/closing snapshots are not available on the free tier and are intentionally left blank.
LALIGA2627_MW08_080_RealSociedad_RCDeportivo,2026-27,8,2026-10-11,2026-10-11T14:15:00+00:00,Real Sociedad,RC Deportivo,,h2h,,,,,,,,,,,,,,,,,,unknown,,decimal,2026-09-22T10:25:41+00:00,none_available,,False,False,unavailable,2026-09-22,"The Odds API is configured and reachable, but has not yet posted this market for this fixture (bookmakers open different markets at different times before kickoff) -- genuinely unavailable, not a collector failure."
LALIGA2627_MW08_080_RealSociedad_RCDeportivo,2026-27,8,2026-10-11,2026-10-11T14:15:00+00:00,Real Sociedad,RC Deportivo,,spreads,,,,,,,,,,,,,,,,,,unknown,,decimal,2026-09-22T10:25:41+00:00,none_available,,False,False,unavailable,2026-09-22,"The Odds API is configured and reachable, but has not yet posted this market for this fixture (bookmakers open different markets at different times before kickoff) -- genuinely unavailable, not a collector failure."
LALIGA2627_MW08_080_RealSociedad_RCDeportivo,2026-27,8,2026-10-11,2026-10-11T14:15:00+00:00,Real Sociedad,RC Deportivo,,totals,,,,,,,,,,,,,,,,,,unknown,,decimal,2026-09-22T10:25:41+00:00,none_available,,False,False,unavailable,2026-09-22,"The Odds API is configured and reachable, but has not yet posted this market for this fixture (bookmakers open different markets at different times before kickoff) -- genuinely unavailable, not a collector failure."
LALIGA2627_MW08_072_RealBetis_CAOsasuna,2026-27,8,2026-10-11,2026-10-11T16:30:00+00:00,Real Betis,CA Osasuna,pinnacle,h2h,,,,1.67,4.05,4.77,,,,,,,,,,,,current,,decimal,2026-09-22T10:25:25Z,the-odds-api.com,https://api.the-odds-api.com/v4/sports/soccer_spain_la_liga/odds/,False,True,live,2026-09-22,Real current decimal odds from The Odds API. Opening/closing snapshots are not available on the free tier and are intentionally left blank.
LALIGA2627_MW08_072_RealBetis_CAOsasuna,2026-27,8,2026-10-11,2026-10-11T16:30:00+00:00,Real Betis,CA Osasuna,winamax_de,h2h,,,,1.66,3.95,4.3,,,,,,,,,,,,current,,decimal,2026-09-22T10:24:28Z,the-odds-api.com,https://api.the-odds-api.com/v4/sports/soccer_spain_la_liga/odds/,False,True,live,2026-09-22,Real current decimal odds from The Odds API. Opening/closing snapshots are not available on the free tier and are intentionally left blank.
LALIGA2627_MW08_072_RealBetis_CAOsasuna,2026-27,8,2026-10-11,2026-10-11T16:30:00+00:00,Real Betis,CA Osasuna,unibet_fr,h2h,,,,1.57,3.7,4.3,,,,,,,,,,,,current,,decimal,2026-09-22T10:24:26Z,the-odds-api.com,https://api.the-odds-api.com/v4/sports/soccer_spain_la_liga/odds/,False,True,live,2026-09-22,Real current decimal odds from The Odds API. Opening/closing snapshots are not available on the free tier and are intentionally left blank.
LALIGA2627_MW08_072_RealBetis_CAOsasuna,2026-27,8,2026-10-11,2026-10-11T16:30:00+00:00,Real Betis,CA Osasuna,leovegas,h2h,,,,1.67,3.85,4.4,,,,,,,,,,,,current,,decimal,2026-09-22T10:24:26Z,the-odds-api.com,https://api.the-odds-api.com/v4/sports/soccer_spain_la_liga/odds/,False,True,live,2026-09-22,Real current decimal odds from The Odds API. Opening/closing snapshots are not available on the free tier and are intentionally left blank.
LALIGA2627_MW08_072_RealBetis_CAOsasuna,2026-27,8,2026-10-11,2026-10-11T16:30:00+00:00,Real Betis,CA Osasuna,betclic_fr,h2h,,,,1.62,3.7,4.35,,,,,,,,,,,,current,,decimal,2026-09-22T10:25:36Z,the-odds-api.com,https://api.the-odds-api.com/v4/sports/soccer_spain_la_liga/odds/,False,True,live,2026-09-22,Real current decimal odds from The Odds API. Opening/closing snapshots are not available on the free tier and are intentionally left blank.
LALIGA2627_MW08_072_RealBetis_CAOsasuna,2026-27,8,2026-10-11,2026-10-11T16:30:00+00:00,Real Betis,CA Osasuna,winamax_fr,h2h,,,,1.62,3.8,4.2,,,,,,,,,,,,current,,decimal,2026-09-22T10:25:06Z,the-odds-api.com,https://api.the-odds-api.com/v4/sports/soccer_spain_la_liga/odds/,False,True,live,2026-09-22,Real current decimal odds from The Odds API. Opening/closing snapshots are not available on the free tier and are intentionally left blank.
LALIGA2627_MW08_072_RealBetis_CAOsasuna,2026-27,8,2026-10-11,2026-10-11T16:30:00+00:00,Real Betis,CA Osasuna,codere_it,h2h,,,,1.71,4.0,4.7,,,,,,,,,,,,current,,decimal,2026-09-22T10:25:04Z,the-odds-api.com,https://api.the-odds-api.com/v4/sports/soccer_spain_la_liga/odds/,False,True,live,2026-09-22,Real current decimal odds from The Odds API. Opening/closing snapshots are not available on the free tier and are intentionally left blank.
LALIGA2627_MW08_072_RealBetis_CAOsasuna,2026-27,8,2026-10-11,2026-10-11T16:30:00+00:00,Real Betis,CA Osasuna,marathonbet,h2h,,,,1.7,4.05,4.8,,,,,,,,,,,,current,,decimal,2026-09-22T10:21:18Z,the-odds-api.com,https://api.the-odds-api.com/v4/sports/soccer_spain_la_liga/odds/,False,True,live,2026-09-22,Real current decimal odds from The Odds API. Opening/closing snapshots are not available on the free tier and are intentionally left blank.
LALIGA2627_MW08_072_RealBetis_CAOsasuna,2026-27,8,2026-10-11,2026-10-11T16:30:00+00:00,Real Betis,CA Osasuna,onexbet,h2h,,,,1.75,4.16,4.93,,,,,,,,,,,,current,,decimal,2026-09-22T10:20:53Z,the-odds-api.com,https://api.the-odds-api.com/v4/sports/soccer_spain_la_liga/odds/,False,True,live,2026-09-22,Real current decimal odds from The Odds API. Opening/closing snapshots are not available on the free tier and are intentionally left blank.
LALIGA2627_MW08_072_RealBetis_CAOsasuna,2026-27,8,2026-10-11,2026-10-11T16:30:00+00:00,Real Betis,CA Osasuna,betfred_uk,h2h,,,,1.7,4.0,4.6,,,,,,,,,,,,current,,decimal,2026-09-22T10:24:28Z,the-odds-api.com,https://api.the-odds-api.com/v4/sports/soccer_spain_la_liga/odds/,False,True,live,2026-09-22,Real current decimal odds from The Odds API. Opening/closing snapshots are not available on the free tier and are intentionally left blank.
LALIGA2627_MW08_072_RealBetis_CAOsasuna,2026-27,8,2026-10-11,2026-10-11T16:30:00+00:00,Real Betis,CA Osasuna,pmu_fr,h2h,,,,1.67,3.65,4.1,,,,,,,,,,,,current,,decimal,2026-09-22T10:24:26Z,the-odds-api.com,https://api.the-odds-api.com/v4/sports/soccer_spain_la_liga/odds/,False,True,live,2026-09-22,Real current decimal odds from The Odds API. Opening/closing snapshots are not available on the free tier and are intentionally left blank.
LALIGA2627_MW08_072_RealBetis_CAOsasuna,2026-27,8,2026-10-11,2026-10-11T16:30:00+00:00,Real Betis,CA Osasuna,virginbet,h2h,,,,1.68,3.7,4.2,,,,,,,,,,,,current,,decimal,2026-09-22T10:25:24Z,the-odds-api.com,https://api.the-odds-api.com/v4/sports/soccer_spain_la_liga/odds/,False,True,live,2026-09-22,Real current decimal odds from The Odds API. Opening/closing snapshots are not available on the free tier and are intentionally left blank.
LALIGA2627_MW08_072_RealBetis_CAOsasuna,2026-27,8,2026-10-11,2026-10-11T16:30:00+00:00,Real Betis,CA Osasuna,betrivers,h2h,,,,1.73,3.9,4.5,,,,,,,,,,,,current,,decimal,2026-09-22T10:24:25Z,the-odds-api.com,https://api.the-odds-api.com/v4/sports/soccer_spain_la_liga/odds/,False,True,live,2026-09-22,Real current decimal odds from The Odds API. Opening/closing snapshots are not available on the free tier and are intentionally left blank.
LALIGA2627_MW08_072_RealBetis_CAOsasuna,2026-27,8,2026-10-11,2026-10-11T16:30:00+00:00,Real Betis,CA Osasuna,leovegas_se,h2h,,,,1.7,3.75,4.3,,,,,,,,,,,,current,,decimal,2026-09-22T10:24:26Z,the-odds-api.com,https://api.the-odds-api.com/v4/sports/soccer_spain_la_liga/odds/,False,True,live,2026-09-22,Real current decimal odds from The Odds API. Opening/closing snapshots are not available on the free tier and are intentionally left blank.
LALIGA2627_MW08_072_RealBetis_CAOsasuna,2026-27,8,2026-10-11,2026-10-11T16:30:00+00:00,Real Betis,CA Osasuna,livescorebet,h2h,,,,1.7,3.75,4.3,,,,,,,,,,,,current,,decimal,2026-09-22T10:24:25Z,the-odds-api.com,https://api.the-odds-api.com/v4/sports/soccer_spain_la_liga/odds/,False,True,live,2026-09-22,Real current decimal odds from The Odds API. Opening/closing snapshots are not available on the free tier and are intentionally left blank.
LALIGA2627_MW08_072_RealBetis_CAOsasuna,2026-27,8,2026-10-11,2026-10-11T16:30:00+00:00,Real Betis,CA Osasuna,unibet_se,h2h,,,,1.76,4.0,4.6,,,,,,,,,,,,current,,decimal,2026-09-22T10:24:26Z,the-odds-api.com,https://api.the-odds-api.com/v4/sports/soccer_spain_la_liga/odds/,False,True,live,2026-09-22,Real current decimal odds from The Odds API. Opening/closing snapshots are not available on the free tier and are intentionally left blank.
LALIGA2627_MW08_072_RealBetis_CAOsasuna,2026-27,8,2026-10-11,2026-10-11T16:30:00+00:00,Real Betis,CA Osasuna,unibet_nl,h2h,,,,1.76,4.0,4.6,,,,,,,,,,,,current,,decimal,2026-09-22T10:25:24Z,the-odds-api.com,https://api.the-odds-api.com/v4/sports/soccer_spain_la_liga/odds/,False,True,live,2026-09-22,Real current decimal odds from The Odds API. Opening/closing snapshots are not available on the free tier and are intentionally left blank.
LALIGA2627_MW08_072_RealBetis_CAOsasuna,2026-27,8,2026-10-11,2026-10-11T16:30:00+00:00,Real Betis,CA Osasuna,grosvenor,h2h,,,,1.76,4.0,4.6,,,,,,,,,,,,current,,decimal,2026-09-22T10:24:26Z,the-odds-api.com,https://api.the-odds-api.com/v4/sports/soccer_spain_la_liga/odds/,False,True,live,2026-09-22,Real current decimal odds from The Odds API. Opening/closing snapshots are not available on the free tier and are intentionally left blank.
LALIGA2627_MW08_072_RealBetis_CAOsasuna,2026-27,8,2026-10-11,2026-10-11T16:30:00+00:00,Real Betis,CA Osasuna,williamhill,h2h,,,,1.7,3.8,4.5,,,,,,,,,,,,current,,decimal,2026-09-22T10:24:26Z,the-odds-api.com,https://api.the-odds-api.com/v4/sports/soccer_spain_la_liga/odds/,False,True,live,2026-09-22,Real current decimal odds from The Odds API. Opening/closing snapshots are not available on the free tier and are intentionally left blank.
LALIGA2627_MW08_072_RealBetis_CAOsasuna,2026-27,8,2026-10-11,2026-10-11T16:30:00+00:00,Real Betis,CA Osasuna,smarkets,h2h,,,,1.68,3.8,4.8,,,,,,,,,,,,current,,decimal,2026-09-22T10:25:25Z,the-odds-api.com,https://api.the-odds-api.com/v4/sports/soccer_spain_la_liga/odds/,False,True,live,2026-09-22,Real current decimal odds from The Odds API. Opening/closing snapshots are not available on the free tier and are intentionally left blank.
LALIGA2627_MW08_072_RealBetis_CAOsasuna,2026-27,8,2026-10-11,2026-10-11T16:30:00+00:00,Real Betis,CA Osasuna,nordicbet,h2h,,,,1.68,3.85,4.9,,,,,,,,,,,,current,,decimal,2026-09-22T10:24:27Z,the-odds-api.com,https://api.the-odds-api.com/v4/sports/soccer_spain_la_liga/odds/,False,True,live,2026-09-22,Real current decimal odds from The Odds API. Opening/closing snapshots are not available on the free tier and are intentionally left blank.
LALIGA2627_MW08_072_RealBetis_CAOsasuna,2026-27,8,2026-10-11,2026-10-11T16:30:00+00:00,Real Betis,CA Osasuna,betsson,h2h,,,,1.68,3.85,4.9,,,,,,,,,,,,current,,decimal,2026-09-22T10:24:47Z,the-odds-api.com,https://api.the-odds-api.com/v4/sports/soccer_spain_la_liga/odds/,False,True,live,2026-09-22,Real current decimal odds from The Odds API. Opening/closing snapshots are not available on the free tier and are intentionally left blank.
LALIGA2627_MW08_072_RealBetis_CAOsasuna,2026-27,8,2026-10-11,2026-10-11T16:30:00+00:00,Real Betis,CA Osasuna,boylesports,h2h,,,,1.62,3.8,4.33,,,,,,,,,,,,current,,decimal,2026-09-22T10:25:08Z,the-odds-api.com,https://api.the-odds-api.com/v4/sports/soccer_spain_la_liga/odds/,False,True,live,2026-09-22,Real current decimal odds from The Odds API. Opening/closing snapshots are not available on the free tier and are intentionally left blank.
LALIGA2627_MW08_072_RealBetis_CAOsasuna,2026-27,8,2026-10-11,2026-10-11T16:30:00+00:00,Real Betis,CA Osasuna,bovada,h2h,,,,1.68,4.05,4.8,,,,,,,,,,,,current,,decimal,2026-09-22T10:18:21Z,the-odds-api.com,https://api.the-odds-api.com/v4/sports/soccer_spain_la_liga/odds/,False,True,live,2026-09-22,Real current decimal odds from The Odds API. Opening/closing snapshots are not available on the free tier and are intentionally left blank.
LALIGA2627_MW08_072_RealBetis_CAOsasuna,2026-27,8,2026-10-11,2026-10-11T16:30:00+00:00,Real Betis,CA Osasuna,tipico_de,h2h,,,,1.65,4.1,4.8,,,,,,,,,,,,current,,decimal,2026-09-22T10:24:26Z,the-odds-api.com,https://api.the-odds-api.com/v4/sports/soccer_spain_la_liga/odds/,False,True,live,2026-09-22,Real current decimal odds from The Odds API. Opening/closing snapshots are not available on the free tier and are intentionally left blank.
LALIGA2627_MW08_072_RealBetis_CAOsasuna,2026-27,8,2026-10-11,2026-10-11T16:30:00+00:00,Real Betis,CA Osasuna,everygame,h2h,,,,1.62,3.9,4.6,,,,,,,,,,,,current,,decimal,2026-09-22T10:20:50Z,the-odds-api.com,https://api.the-odds-api.com/v4/sports/soccer_spain_la_liga/odds/,False,True,live,2026-09-22,Real current decimal odds from The Odds API. Opening/closing snapshots are not available on the free tier and are intentionally left blank.
LALIGA2627_MW08_072_RealBetis_CAOsasuna,2026-27,8,2026-10-11,2026-10-11T16:30:00+00:00,Real Betis,CA Osasuna,draftkings,h2h,,,,1.69,3.95,4.5,,,,,,,,,,,,current,,decimal,2026-09-22T10:23:28Z,the-odds-api.com,https://api.the-odds-api.com/v4/sports/soccer_spain_la_liga/odds/,False,True,live,2026-09-22,Real current decimal odds from The Odds API. Opening/closing snapshots are not available on the free tier and are intentionally left blank.
LALIGA2627_MW08_072_RealBetis_CAOsasuna,2026-27,8,2026-10-11,2026-10-11T16:30:00+00:00,Real Betis,CA Osasuna,coral,h2h,,,,1.67,4.0,4.6,,,,,,,,,,,,current,,decimal,2026-09-22T10:25:23Z,the-odds-api.com,https://api.the-odds-api.com/v4/sports/soccer_spain_la_liga/odds/,False,True,live,2026-09-22,Real current decimal odds from The Odds API. Opening/closing snapshots are not available on the free tier and are intentionally left blank.
LALIGA2627_MW08_072_RealBetis_CAOsasuna,2026-27,8,2026-10-11,2026-10-11T16:30:00+00:00,Real Betis,CA Osasuna,ladbrokes_uk,h2h,,,,1.67,4.0,4.6,,,,,,,,,,,,current,,decimal,2026-09-22T10:24:26Z,the-odds-api.com,https://api.the-odds-api.com/v4/sports/soccer_spain_la_liga/odds/,False,True,live,2026-09-22,Real current decimal odds from The Odds API. Opening/closing snapshots are not available on the free tier and are intentionally left blank.
LALIGA2627_MW08_072_RealBetis_CAOsasuna,2026-27,8,2026-10-11,2026-10-11T16:30:00+00:00,Real Betis,CA Osasuna,betmgm,h2h,,,,1.69,4.0,4.75,,,,,,,,,,,,current,,decimal,2026-09-22T10:24:25Z,the-odds-api.com,https://api.the-odds-api.com/v4/sports/soccer_spain_la_liga/odds/,False,True,live,2026-09-22,Real current decimal odds from The Odds API. Opening/closing snapshots are not available on the free tier and are intentionally left blank.
LALIGA2627_MW08_072_RealBetis_CAOsasuna,2026-27,8,2026-10-11,2026-10-11T16:30:00+00:00,Real Betis,CA Osasuna,coolbet,h2h,,,,1.65,4.0,5.1,,,,,,,,,,,,current,,decimal,2026-09-22T10:25:24Z,the-odds-api.com,https://api.the-odds-api.com/v4/sports/soccer_spain_la_liga/odds/,False,True,live,2026-09-22,Real current decimal odds from The Odds API. Opening/closing snapshots are not available on the free tier and are intentionally left blank.
LALIGA2627_MW08_072_RealBetis_CAOsasuna,2026-27,8,2026-10-11,2026-10-11T16:30:00+00:00,Real Betis,CA Osasuna,unibet_uk,h2h,,,,1.67,3.8,4.5,,,,,,,,,,,,current,,decimal,2026-09-22T10:24:26Z,the-odds-api.com,https://api.the-odds-api.com/v4/sports/soccer_spain_la_liga/odds/,False,True,live,2026-09-22,Real current decimal odds from The Odds API. Opening/closing snapshots are not available on the free tier and are intentionally left blank.
LALIGA2627_MW08_072_RealBetis_CAOsasuna,2026-27,8,2026-10-11,2026-10-11T16:30:00+00:00,Real Betis,CA Osasuna,betus,h2h,,,,1.67,4.05,4.77,,,,,,,,,,,,current,,decimal,2026-09-22T10:25:24Z,the-odds-api.com,https://api.the-odds-api.com/v4/sports/soccer_spain_la_liga/odds/,False,True,live,2026-09-22,Real current decimal odds from The Odds API. Opening/closing snapshots are not available on the free tier and are intentionally left blank.
LALIGA2627_MW08_072_RealBetis_CAOsasuna,2026-27,8,2026-10-11,2026-10-11T16:30:00+00:00,Real Betis,CA Osasuna,betway,h2h,,,,1.65,4.0,4.5,,,,,,,,,,,,current,,decimal,2026-09-22T10:25:06Z,the-odds-api.com,https://api.the-odds-api.com/v4/sports/soccer_spain_la_liga/odds/,False,True,live,2026-09-22,Real current decimal odds from The Odds API. Opening/closing snapshots are not available on the free tier and are intentionally left blank.
LALIGA2627_MW08_072_RealBetis_CAOsasuna,2026-27,8,2026-10-11,2026-10-11T16:30:00+00:00,Real Betis,CA Osasuna,casumo,h2h,,,,1.73,3.9,4.5,,,,,,,,,,,,current,,decimal,2026-09-22T10:24:26Z,the-odds-api.com,https://api.the-odds-api.com/v4/sports/soccer_spain_la_liga/odds/,False,True,live,2026-09-22,Real current decimal odds from The Odds API. Opening/closing snapshots are not available on the free tier and are intentionally left blank.
LALIGA2627_MW08_072_RealBetis_CAOsasuna,2026-27,8,2026-10-11,2026-10-11T16:30:00+00:00,Real Betis,CA Osasuna,fanduel,h2h,,,,1.61,3.9,4.8,,,,,,,,,,,,current,,decimal,2026-09-22T10:25:23Z,the-odds-api.com,https://api.the-odds-api.com/v4/sports/soccer_spain_la_liga/odds/,False,True,live,2026-09-22,Real current decimal odds from The Odds API. Opening/closing snapshots are not available on the free tier and are intentionally left blank.
LALIGA2627_MW08_072_RealBetis_CAOsasuna,2026-27,8,2026-10-11,2026-10-11T16:30:00+00:00,Real Betis,CA Osasuna,paddypower,h2h,,,,1.65,3.8,4.75,,,,,,,,,,,,current,,decimal,2026-09-22T10:24:08Z,the-odds-api.com,https://api.the-odds-api.com/v4/sports/soccer_spain_la_liga/odds/,False,True,live,2026-09-22,Real current decimal odds from The Odds API. Opening/closing snapshots are not available on the free tier and are intentionally left blank.
LALIGA2627_MW08_072_RealBetis_CAOsasuna,2026-27,8,2026-10-11,2026-10-11T16:30:00+00:00,Real Betis,CA Osasuna,skybet,h2h,,,,1.67,3.9,4.75,,,,,,,,,,,,current,,decimal,2026-09-22T10:25:07Z,the-odds-api.com,https://api.the-odds-api.com/v4/sports/soccer_spain_la_liga/odds/,False,True,live,2026-09-22,Real current decimal odds from The Odds API. Opening/closing snapshots are not available on the free tier and are intentionally left blank.
LALIGA2627_MW08_072_RealBetis_CAOsasuna,2026-27,8,2026-10-11,2026-10-11T16:30:00+00:00,Real Betis,CA Osasuna,pinnacle,spreads,,,,,,,,,,-0.75,1.88,1.97,,,,,,current,,decimal,2026-09-22T10:25:25Z,the-odds-api.com,https://api.the-odds-api.com/v4/sports/soccer_spain_la_liga/odds/,False,True,live,2026-09-22,Real current decimal odds from The Odds API. Opening/closing snapshots are not available on the free tier and are intentionally left blank.
LALIGA2627_MW08_072_RealBetis_CAOsasuna,2026-27,8,2026-10-11,2026-10-11T16:30:00+00:00,Real Betis,CA Osasuna,onexbet,spreads,,,,,,,,,,-1.5,3.04,1.46,,,,,,current,,decimal,2026-09-22T10:20:53Z,the-odds-api.com,https://api.the-odds-api.com/v4/sports/soccer_spain_la_liga/odds/,False,True,live,2026-09-22,Real current decimal odds from The Odds API. Opening/closing snapshots are not available on the free tier and are intentionally left blank.
LALIGA2627_MW08_072_RealBetis_CAOsasuna,2026-27,8,2026-10-11,2026-10-11T16:30:00+00:00,Real Betis,CA Osasuna,bovada,spreads,,,,,,,,,,-0.75,1.87,1.95,,,,,,current,,decimal,2026-09-22T10:18:21Z,the-odds-api.com,https://api.the-odds-api.com/v4/sports/soccer_spain_la_liga/odds/,False,True,live,2026-09-22,Real current decimal odds from The Odds API. Opening/closing snapshots are not available on the free tier and are intentionally left blank.
LALIGA2627_MW08_072_RealBetis_CAOsasuna,2026-27,8,2026-10-11,2026-10-11T16:30:00+00:00,Real Betis,CA Osasuna,coolbet,spreads,,,,,,,,,,-1.0,2.18,1.75,,,,,,current,,decimal,2026-09-22T10:25:24Z,the-odds-api.com,https://api.the-odds-api.com/v4/sports/soccer_spain_la_liga/odds/,False,True,live,2026-09-22,Real current decimal odds from The Odds API. Opening/closing snapshots are not available on the free tier and are intentionally left blank.
LALIGA2627_MW08_072_RealBetis_CAOsasuna,2026-27,8,2026-10-11,2026-10-11T16:30:00+00:00,Real Betis,CA Osasuna,pinnacle,totals,,,,,,,,,,,,,2.75,1.96,1.88,,,current,,decimal,2026-09-22T10:25:25Z,the-odds-api.com,https://api.the-odds-api.com/v4/sports/soccer_spain_la_liga/odds/,False,True,live,2026-09-22,Real current decimal odds from The Odds API. Opening/closing snapshots are not available on the free tier and are intentionally left blank.
LALIGA2627_MW08_072_RealBetis_CAOsasuna,2026-27,8,2026-10-11,2026-10-11T16:30:00+00:00,Real Betis,CA Osasuna,leovegas,totals,,,,,,,,,,,,,2.5,1.68,2.02,,,current,,decimal,2026-09-22T10:24:26Z,the-odds-api.com,https://api.the-odds-api.com/v4/sports/soccer_spain_la_liga/odds/,False,True,live,2026-09-22,Real current decimal odds from The Odds API. Opening/closing snapshots are not available on the free tier and are intentionally left blank.
LALIGA2627_MW08_072_RealBetis_CAOsasuna,2026-27,8,2026-10-11,2026-10-11T16:30:00+00:00,Real Betis,CA Osasuna,codere_it,totals,,,,,,,,,,,,,2.5,1.68,2.01,,,current,,decimal,2026-09-22T10:25:04Z,the-odds-api.com,https://api.the-odds-api.com/v4/sports/soccer_spain_la_liga/odds/,False,True,live,2026-09-22,Real current decimal odds from The Odds API. Opening/closing snapshots are not available on the free tier and are intentionally left blank.
LALIGA2627_MW08_072_RealBetis_CAOsasuna,2026-27,8,2026-10-11,2026-10-11T16:30:00+00:00,Real Betis,CA Osasuna,onexbet,totals,,,,,,,,,,,,,2.5,1.81,2.15,,,current,,decimal,2026-09-22T10:20:53Z,the-odds-api.com,https://api.the-odds-api.com/v4/sports/soccer_spain_la_liga/odds/,False,True,live,2026-09-22,Real current decimal odds from The Odds API. Opening/closing snapshots are not available on the free tier and are intentionally left blank.
LALIGA2627_MW08_072_RealBetis_CAOsasuna,2026-27,8,2026-10-11,2026-10-11T16:30:00+00:00,Real Betis,CA Osasuna,pmu_fr,totals,,,,,,,,,,,,,2.5,1.61,2.0,,,current,,decimal,2026-09-22T10:24:26Z,the-odds-api.com,https://api.the-odds-api.com/v4/sports/soccer_spain_la_liga/odds/,False,True,live,2026-09-22,Real current decimal odds from The Odds API. Opening/closing snapshots are not available on the free tier and are intentionally left blank.
LALIGA2627_MW08_072_RealBetis_CAOsasuna,2026-27,8,2026-10-11,2026-10-11T16:30:00+00:00,Real Betis,CA Osasuna,betrivers,totals,,,,,,,,,,,,,2.5,1.7,2.1,,,current,,decimal,2026-09-22T10:24:25Z,the-odds-api.com,https://api.the-odds-api.com/v4/sports/soccer_spain_la_liga/odds/,False,True,live,2026-09-22,Real current decimal odds from The Odds API. Opening/closing snapshots are not available on the free tier and are intentionally left blank.
LALIGA2627_MW08_072_RealBetis_CAOsasuna,2026-27,8,2026-10-11,2026-10-11T16:30:00+00:00,Real Betis,CA Osasuna,leovegas_se,totals,,,,,,,,,,,,,2.5,1.7,2.1,,,current,,decimal,2026-09-22T10:24:26Z,the-odds-api.com,https://api.the-odds-api.com/v4/sports/soccer_spain_la_liga/odds/,False,True,live,2026-09-22,Real current decimal odds from The Odds API. Opening/closing snapshots are not available on the free tier and are intentionally left blank.
LALIGA2627_MW08_072_RealBetis_CAOsasuna,2026-27,8,2026-10-11,2026-10-11T16:30:00+00:00,Real Betis,CA Osasuna,unibet_se,totals,,,,,,,,,,,,,2.5,1.71,2.12,,,current,,decimal,2026-09-22T10:24:26Z,the-odds-api.com,https://api.the-odds-api.com/v4/sports/soccer_spain_la_liga/odds/,False,True,live,2026-09-22,Real current decimal odds from The Odds API. Opening/closing snapshots are not available on the free tier and are intentionally left blank.
LALIGA2627_MW08_072_RealBetis_CAOsasuna,2026-27,8,2026-10-11,2026-10-11T16:30:00+00:00,Real Betis,CA Osasuna,unibet_nl,totals,,,,,,,,,,,,,2.5,1.7,2.1,,,current,,decimal,2026-09-22T10:25:24Z,the-odds-api.com,https://api.the-odds-api.com/v4/sports/soccer_spain_la_liga/odds/,False,True,live,2026-09-22,Real current decimal odds from The Odds API. Opening/closing snapshots are not available on the free tier and are intentionally left blank.
LALIGA2627_MW08_072_RealBetis_CAOsasuna,2026-27,8,2026-10-11,2026-10-11T16:30:00+00:00,Real Betis,CA Osasuna,grosvenor,totals,,,,,,,,,,,,,2.5,1.7,2.1,,,current,,decimal,2026-09-22T10:24:26Z,the-odds-api.com,https://api.the-odds-api.com/v4/sports/soccer_spain_la_liga/odds/,False,True,live,2026-09-22,Real current decimal odds from The Odds API. Opening/closing snapshots are not available on the free tier and are intentionally left blank.
LALIGA2627_MW08_072_RealBetis_CAOsasuna,2026-27,8,2026-10-11,2026-10-11T16:30:00+00:00,Real Betis,CA Osasuna,williamhill,totals,,,,,,,,,,,,,2.5,1.75,2.05,,,current,,decimal,2026-09-22T10:24:26Z,the-odds-api.com,https://api.the-odds-api.com/v4/sports/soccer_spain_la_liga/odds/,False,True,live,2026-09-22,Real current decimal odds from The Odds API. Opening/closing snapshots are not available on the free tier and are intentionally left blank.
LALIGA2627_MW08_072_RealBetis_CAOsasuna,2026-27,8,2026-10-11,2026-10-11T16:30:00+00:00,Real Betis,CA Osasuna,nordicbet,totals,,,,,,,,,,,,,2.5,1.72,2.08,,,current,,decimal,2026-09-22T10:24:27Z,the-odds-api.com,https://api.the-odds-api.com/v4/sports/soccer_spain_la_liga/odds/,False,True,live,2026-09-22,Real current decimal odds from The Odds API. Opening/closing snapshots are not available on the free tier and are intentionally left blank.
LALIGA2627_MW08_072_RealBetis_CAOsasuna,2026-27,8,2026-10-11,2026-10-11T16:30:00+00:00,Real Betis,CA Osasuna,betsson,totals,,,,,,,,,,,,,2.5,1.75,2.1,,,current,,decimal,2026-09-22T10:24:47Z,the-odds-api.com,https://api.the-odds-api.com/v4/sports/soccer_spain_la_liga/odds/,False,True,live,2026-09-22,Real current decimal odds from The Odds API. Opening/closing snapshots are not available on the free tier and are intentionally left blank.
LALIGA2627_MW08_072_RealBetis_CAOsasuna,2026-27,8,2026-10-11,2026-10-11T16:30:00+00:00,Real Betis,CA Osasuna,bovada,totals,,,,,,,,,,,,,2.75,1.95,1.87,,,current,,decimal,2026-09-22T10:18:21Z,the-odds-api.com,https://api.the-odds-api.com/v4/sports/soccer_spain_la_liga/odds/,False,True,live,2026-09-22,Real current decimal odds from The Odds API. Opening/closing snapshots are not available on the free tier and are intentionally left blank.
LALIGA2627_MW08_072_RealBetis_CAOsasuna,2026-27,8,2026-10-11,2026-10-11T16:30:00+00:00,Real Betis,CA Osasuna,tipico_de,totals,,,,,,,,,,,,,2.5,1.7,2.1,,,current,,decimal,2026-09-22T10:24:26Z,the-odds-api.com,https://api.the-odds-api.com/v4/sports/soccer_spain_la_liga/odds/,False,True,live,2026-09-22,Real current decimal odds from The Odds API. Opening/closing snapshots are not available on the free tier and are intentionally left blank.
LALIGA2627_MW08_072_RealBetis_CAOsasuna,2026-27,8,2026-10-11,2026-10-11T16:30:00+00:00,Real Betis,CA Osasuna,betmgm,totals,,,,,,,,,,,,,2.5,1.67,2.1,,,current,,decimal,2026-09-22T10:24:25Z,the-odds-api.com,https://api.the-odds-api.com/v4/sports/soccer_spain_la_liga/odds/,False,True,live,2026-09-22,Real current decimal odds from The Odds API. Opening/closing snapshots are not available on the free tier and are intentionally left blank.
LALIGA2627_MW08_072_RealBetis_CAOsasuna,2026-27,8,2026-10-11,2026-10-11T16:30:00+00:00,Real Betis,CA Osasuna,coolbet,totals,,,,,,,,,,,,,2.5,1.79,2.12,,,current,,decimal,2026-09-22T10:25:24Z,the-odds-api.com,https://api.the-odds-api.com/v4/sports/soccer_spain_la_liga/odds/,False,True,live,2026-09-22,Real current decimal odds from The Odds API. Opening/closing snapshots are not available on the free tier and are intentionally left blank.
LALIGA2627_MW08_072_RealBetis_CAOsasuna,2026-27,8,2026-10-11,2026-10-11T16:30:00+00:00,Real Betis,CA Osasuna,betus,totals,,,,,,,,,,,,,2.75,1.95,1.87,,,current,,decimal,2026-09-22T10:25:24Z,the-odds-api.com,https://api.the-odds-api.com/v4/sports/soccer_spain_la_liga/odds/,False,True,live,2026-09-22,Real current decimal odds from The Odds API. Opening/closing snapshots are not available on the free tier and are intentionally left blank.
LALIGA2627_MW08_072_RealBetis_CAOsasuna,2026-27,8,2026-10-11,2026-10-11T16:30:00+00:00,Real Betis,CA Osasuna,casumo,totals,,,,,,,,,,,,,2.5,1.7,2.1,,,current,,decimal,2026-09-22T10:24:26Z,the-odds-api.com,https://api.the-odds-api.com/v4/sports/soccer_spain_la_liga/odds/,False,True,live,2026-09-22,Real current decimal odds from The Odds API. Opening/closing snapshots are not available on the free tier and are intentionally left blank.
LALIGA2627_MW08_077_R.RacingClub_ValenciaCF,2026-27,8,2026-10-11,2026-10-11T19:00:00+00:00,R. Racing Club,Valencia CF,,h2h,,,,,,,,,,,,,,,,,,unknown,,decimal,2026-09-22T10:25:41+00:00,none_available,,False,False,unavailable,2026-09-22,"The Odds API is configured and reachable, but has not yet posted this market for this fixture (bookmakers open different markets at different times before kickoff) -- genuinely unavailable, not a collector failure."
LALIGA2627_MW08_077_R.RacingClub_ValenciaCF,2026-27,8,2026-10-11,2026-10-11T19:00:00+00:00,R. Racing Club,Valencia CF,,spreads,,,,,,,,,,,,,,,,,,unknown,,decimal,2026-09-22T10:25:41+00:00,none_available,,False,False,unavailable,2026-09-22,"The Odds API is configured and reachable, but has not yet posted this market for this fixture (bookmakers open different markets at different times before kickoff) -- genuinely unavailable, not a collector failure."
LALIGA2627_MW08_077_R.RacingClub_ValenciaCF,2026-27,8,2026-10-11,2026-10-11T19:00:00+00:00,R. Racing Club,Valencia CF,,totals,,,,,,,,,,,,,,,,,,unknown,,decimal,2026-09-22T10:25:41+00:00,none_available,,False,False,unavailable,2026-09-22,"The Odds API is configured and reachable, but has not yet posted this market for this fixture (bookmakers open different markets at different times before kickoff) -- genuinely unavailable, not a collector failure."
LALIGA2627_MW08_075_LevanteUD_SevillaFC,2026-27,8,2026-10-12,2026-10-12T19:00:00+00:00,Levante UD,Sevilla FC,pinnacle,h2h,,,,2.68,3.25,2.72,,,,,,,,,,,,current,,decimal,2026-09-22T10:25:25Z,the-odds-api.com,https://api.the-odds-api.com/v4/sports/soccer_spain_la_liga/odds/,False,True,live,2026-09-22,Real current decimal odds from The Odds API. Opening/closing snapshots are not available on the free tier and are intentionally left blank.
LALIGA2627_MW08_075_LevanteUD_SevillaFC,2026-27,8,2026-10-12,2026-10-12T19:00:00+00:00,Levante UD,Sevilla FC,unibet_fr,h2h,,,,2.35,3.1,2.55,,,,,,,,,,,,current,,decimal,2026-09-22T10:24:26Z,the-odds-api.com,https://api.the-odds-api.com/v4/sports/soccer_spain_la_liga/odds/,False,True,live,2026-09-22,Real current decimal odds from The Odds API. Opening/closing snapshots are not available on the free tier and are intentionally left blank.
LALIGA2627_MW08_075_LevanteUD_SevillaFC,2026-27,8,2026-10-12,2026-10-12T19:00:00+00:00,Levante UD,Sevilla FC,betfred_uk,h2h,,,,2.6,3.3,2.75,,,,,,,,,,,,current,,decimal,2026-09-22T10:24:28Z,the-odds-api.com,https://api.the-odds-api.com/v4/sports/soccer_spain_la_liga/odds/,False,True,live,2026-09-22,Real current decimal odds from The Odds API. Opening/closing snapshots are not available on the free tier and are intentionally left blank.
LALIGA2627_MW08_075_LevanteUD_SevillaFC,2026-27,8,2026-10-12,2026-10-12T19:00:00+00:00,Levante UD,Sevilla FC,leovegas,h2h,,,,2.55,3.2,2.6,,,,,,,,,,,,current,,decimal,2026-09-22T10:24:26Z,the-odds-api.com,https://api.the-odds-api.com/v4/sports/soccer_spain_la_liga/odds/,False,True,live,2026-09-22,Real current decimal odds from The Odds API. Opening/closing snapshots are not available on the free tier and are intentionally left blank.
LALIGA2627_MW08_075_LevanteUD_SevillaFC,2026-27,8,2026-10-12,2026-10-12T19:00:00+00:00,Levante UD,Sevilla FC,betclic_fr,h2h,,,,2.47,3.08,2.55,,,,,,,,,,,,current,,decimal,2026-09-22T10:25:36Z,the-odds-api.com,https://api.the-odds-api.com/v4/sports/soccer_spain_la_liga/odds/,False,True,live,2026-09-22,Real current decimal odds from The Odds API. Opening/closing snapshots are not available on the free tier and are intentionally left blank.
LALIGA2627_MW08_075_LevanteUD_SevillaFC,2026-27,8,2026-10-12,2026-10-12T19:00:00+00:00,Levante UD,Sevilla FC,winamax_fr,h2h,,,,2.5,3.15,2.5,,,,,,,,,,,,current,,decimal,2026-09-22T10:25:06Z,the-odds-api.com,https://api.the-odds-api.com/v4/sports/soccer_spain_la_liga/odds/,False,True,live,2026-09-22,Real current decimal odds from The Odds API. Opening/closing snapshots are not available on the free tier and are intentionally left blank.
LALIGA2627_MW08_075_LevanteUD_SevillaFC,2026-27,8,2026-10-12,2026-10-12T19:00:00+00:00,Levante UD,Sevilla FC,winamax_de,h2h,,,,2.55,3.25,2.55,,,,,,,,,,,,current,,decimal,2026-09-22T10:24:28Z,the-odds-api.com,https://api.the-odds-api.com/v4/sports/soccer_spain_la_liga/odds/,False,True,live,2026-09-22,Real current decimal odds from The Odds API. Opening/closing snapshots are not available on the free tier and are intentionally left blank.
LALIGA2627_MW08_075_LevanteUD_SevillaFC,2026-27,8,2026-10-12,2026-10-12T19:00:00+00:00,Levante UD,Sevilla FC,codere_it,h2h,,,,2.65,3.3,2.7,,,,,,,,,,,,current,,decimal,2026-09-22T10:25:04Z,the-odds-api.com,https://api.the-odds-api.com/v4/sports/soccer_spain_la_liga/odds/,False,True,live,2026-09-22,Real current decimal odds from The Odds API. Opening/closing snapshots are not available on the free tier and are intentionally left blank.
LALIGA2627_MW08_075_LevanteUD_SevillaFC,2026-27,8,2026-10-12,2026-10-12T19:00:00+00:00,Levante UD,Sevilla FC,marathonbet,h2h,,,,2.69,3.3,2.71,,,,,,,,,,,,current,,decimal,2026-09-22T10:21:18Z,the-odds-api.com,https://api.the-odds-api.com/v4/sports/soccer_spain_la_liga/odds/,False,True,live,2026-09-22,Real current decimal odds from The Odds API. Opening/closing snapshots are not available on the free tier and are intentionally left blank.
LALIGA2627_MW08_075_LevanteUD_SevillaFC,2026-27,8,2026-10-12,2026-10-12T19:00:00+00:00,Levante UD,Sevilla FC,onexbet,h2h,,,,2.77,3.39,2.79,,,,,,,,,,,,current,,decimal,2026-09-22T10:20:53Z,the-odds-api.com,https://api.the-odds-api.com/v4/sports/soccer_spain_la_liga/odds/,False,True,live,2026-09-22,Real current decimal odds from The Odds API. Opening/closing snapshots are not available on the free tier and are intentionally left blank.
LALIGA2627_MW08_075_LevanteUD_SevillaFC,2026-27,8,2026-10-12,2026-10-12T19:00:00+00:00,Levante UD,Sevilla FC,smarkets,h2h,,,,2.74,3.15,2.64,,,,,,,,,,,,current,,decimal,2026-09-22T10:25:25Z,the-odds-api.com,https://api.the-odds-api.com/v4/sports/soccer_spain_la_liga/odds/,False,True,live,2026-09-22,Real current decimal odds from The Odds API. Opening/closing snapshots are not available on the free tier and are intentionally left blank.
LALIGA2627_MW08_075_LevanteUD_SevillaFC,2026-27,8,2026-10-12,2026-10-12T19:00:00+00:00,Levante UD,Sevilla FC,williamhill,h2h,,,,2.62,3.1,2.62,,,,,,,,,,,,current,,decimal,2026-09-22T10:24:26Z,the-odds-api.com,https://api.the-odds-api.com/v4/sports/soccer_spain_la_liga/odds/,False,True,live,2026-09-22,Real current decimal odds from The Odds API. Opening/closing snapshots are not available on the free tier and are intentionally left blank.
LALIGA2627_MW08_075_LevanteUD_SevillaFC,2026-27,8,2026-10-12,2026-10-12T19:00:00+00:00,Levante UD,Sevilla FC,unibet_nl,h2h,,,,2.5,3.3,2.9,,,,,,,,,,,,current,,decimal,2026-09-22T10:25:24Z,the-odds-api.com,https://api.the-odds-api.com/v4/sports/soccer_spain_la_liga/odds/,False,True,live,2026-09-22,Real current decimal odds from The Odds API. Opening/closing snapshots are not available on the free tier and are intentionally left blank.
LALIGA2627_MW08_075_LevanteUD_SevillaFC,2026-27,8,2026-10-12,2026-10-12T19:00:00+00:00,Levante UD,Sevilla FC,unibet_se,h2h,,,,2.5,3.3,2.9,,,,,,,,,,,,current,,decimal,2026-09-22T10:24:26Z,the-odds-api.com,https://api.the-odds-api.com/v4/sports/soccer_spain_la_liga/odds/,False,True,live,2026-09-22,Real current decimal odds from The Odds API. Opening/closing snapshots are not available on the free tier and are intentionally left blank.
LALIGA2627_MW08_075_LevanteUD_SevillaFC,2026-27,8,2026-10-12,2026-10-12T19:00:00+00:00,Levante UD,Sevilla FC,livescorebet,h2h,,,,2.4,3.15,2.8,,,,,,,,,,,,current,,decimal,2026-09-22T10:24:25Z,the-odds-api.com,https://api.the-odds-api.com/v4/sports/soccer_spain_la_liga/odds/,False,True,live,2026-09-22,Real current decimal odds from The Odds API. Opening/closing snapshots are not available on the free tier and are intentionally left blank.
LALIGA2627_MW08_075_LevanteUD_SevillaFC,2026-27,8,2026-10-12,2026-10-12T19:00:00+00:00,Levante UD,Sevilla FC,grosvenor,h2h,,,,2.5,3.3,2.9,,,,,,,,,,,,current,,decimal,2026-09-22T10:24:26Z,the-odds-api.com,https://api.the-odds-api.com/v4/sports/soccer_spain_la_liga/odds/,False,True,live,2026-09-22,Real current decimal odds from The Odds API. Opening/closing snapshots are not available on the free tier and are intentionally left blank.
LALIGA2627_MW08_075_LevanteUD_SevillaFC,2026-27,8,2026-10-12,2026-10-12T19:00:00+00:00,Levante UD,Sevilla FC,virginbet,h2h,,,,2.38,3.1,2.75,,,,,,,,,,,,current,,decimal,2026-09-22T10:25:24Z,the-odds-api.com,https://api.the-odds-api.com/v4/sports/soccer_spain_la_liga/odds/,False,True,live,2026-09-22,Real current decimal odds from The Odds API. Opening/closing snapshots are not available on the free tier and are intentionally left blank.
LALIGA2627_MW08_075_LevanteUD_SevillaFC,2026-27,8,2026-10-12,2026-10-12T19:00:00+00:00,Levante UD,Sevilla FC,pmu_fr,h2h,,,,2.35,3.05,2.7,,,,,,,,,,,,current,,decimal,2026-09-22T10:24:26Z,the-odds-api.com,https://api.the-odds-api.com/v4/sports/soccer_spain_la_liga/odds/,False,True,live,2026-09-22,Real current decimal odds from The Odds API. Opening/closing snapshots are not available on the free tier and are intentionally left blank.
LALIGA2627_MW08_075_LevanteUD_SevillaFC,2026-27,8,2026-10-12,2026-10-12T19:00:00+00:00,Levante UD,Sevilla FC,betrivers,h2h,,,,2.5,3.3,2.9,,,,,,,,,,,,current,,decimal,2026-09-22T10:24:25Z,the-odds-api.com,https://api.the-odds-api.com/v4/sports/soccer_spain_la_liga/odds/,False,True,live,2026-09-22,Real current decimal odds from The Odds API. Opening/closing snapshots are not available on the free tier and are intentionally left blank.
LALIGA2627_MW08_075_LevanteUD_SevillaFC,2026-27,8,2026-10-12,2026-10-12T19:00:00+00:00,Levante UD,Sevilla FC,leovegas_se,h2h,,,,2.4,3.15,2.8,,,,,,,,,,,,current,,decimal,2026-09-22T10:24:26Z,the-odds-api.com,https://api.the-odds-api.com/v4/sports/soccer_spain_la_liga/odds/,False,True,live,2026-09-22,Real current decimal odds from The Odds API. Opening/closing snapshots are not available on the free tier and are intentionally left blank.
LALIGA2627_MW08_075_LevanteUD_SevillaFC,2026-27,8,2026-10-12,2026-10-12T19:00:00+00:00,Levante UD,Sevilla FC,boylesports,h2h,,,,2.5,3.2,2.62,,,,,,,,,,,,current,,decimal,2026-09-22T10:25:08Z,the-odds-api.com,https://api.the-odds-api.com/v4/sports/soccer_spain_la_liga/odds/,False,True,live,2026-09-22,Real current decimal odds from The Odds API. Opening/closing snapshots are not available on the free tier and are intentionally left blank.
LALIGA2627_MW08_075_LevanteUD_SevillaFC,2026-27,8,2026-10-12,2026-10-12T19:00:00+00:00,Levante UD,Sevilla FC,bovada,h2h,,,,2.67,3.2,2.71,,,,,,,,,,,,current,,decimal,2026-09-22T10:18:21Z,the-odds-api.com,https://api.the-odds-api.com/v4/sports/soccer_spain_la_liga/odds/,False,True,live,2026-09-22,Real current decimal odds from The Odds API. Opening/closing snapshots are not available on the free tier and are intentionally left blank.
LALIGA2627_MW08_075_LevanteUD_SevillaFC,2026-27,8,2026-10-12,2026-10-12T19:00:00+00:00,Levante UD,Sevilla FC,nordicbet,h2h,,,,2.65,3.2,2.65,,,,,,,,,,,,current,,decimal,2026-09-22T10:24:27Z,the-odds-api.com,https://api.the-odds-api.com/v4/sports/soccer_spain_la_liga/odds/,False,True,live,2026-09-22,Real current decimal odds from The Odds API. Opening/closing snapshots are not available on the free tier and are intentionally left blank.
LALIGA2627_MW08_075_LevanteUD_SevillaFC,2026-27,8,2026-10-12,2026-10-12T19:00:00+00:00,Levante UD,Sevilla FC,betsson,h2h,,,,2.68,3.2,2.68,,,,,,,,,,,,current,,decimal,2026-09-22T10:24:47Z,the-odds-api.com,https://api.the-odds-api.com/v4/sports/soccer_spain_la_liga/odds/,False,True,live,2026-09-22,Real current decimal odds from The Odds API. Opening/closing snapshots are not available on the free tier and are intentionally left blank.
LALIGA2627_MW08_075_LevanteUD_SevillaFC,2026-27,8,2026-10-12,2026-10-12T19:00:00+00:00,Levante UD,Sevilla FC,tipico_de,h2h,,,,2.65,3.2,2.7,,,,,,,,,,,,current,,decimal,2026-09-22T10:24:26Z,the-odds-api.com,https://api.the-odds-api.com/v4/sports/soccer_spain_la_liga/odds/,False,True,live,2026-09-22,Real current decimal odds from The Odds API. Opening/closing snapshots are not available on the free tier and are intentionally left blank.
LALIGA2627_MW08_075_LevanteUD_SevillaFC,2026-27,8,2026-10-12,2026-10-12T19:00:00+00:00,Levante UD,Sevilla FC,draftkings,h2h,,,,2.6,3.2,2.7,,,,,,,,,,,,current,,decimal,2026-09-22T10:23:28Z,the-odds-api.com,https://api.the-odds-api.com/v4/sports/soccer_spain_la_liga/odds/,False,True,live,2026-09-22,Real current decimal odds from The Odds API. Opening/closing snapshots are not available on the free tier and are intentionally left blank.
LALIGA2627_MW08_075_LevanteUD_SevillaFC,2026-27,8,2026-10-12,2026-10-12T19:00:00+00:00,Levante UD,Sevilla FC,betmgm,h2h,,,,2.6,3.25,2.7,,,,,,,,,,,,current,,decimal,2026-09-22T10:24:25Z,the-odds-api.com,https://api.the-odds-api.com/v4/sports/soccer_spain_la_liga/odds/,False,True,live,2026-09-22,Real current decimal odds from The Odds API. Opening/closing snapshots are not available on the free tier and are intentionally left blank.
LALIGA2627_MW08_075_LevanteUD_SevillaFC,2026-27,8,2026-10-12,2026-10-12T19:00:00+00:00,Levante UD,Sevilla FC,coral,h2h,,,,2.6,3.25,2.7,,,,,,,,,,,,current,,decimal,2026-09-22T10:25:23Z,the-odds-api.com,https://api.the-odds-api.com/v4/sports/soccer_spain_la_liga/odds/,False,True,live,2026-09-22,Real current decimal odds from The Odds API. Opening/closing snapshots are not available on the free tier and are intentionally left blank.
LALIGA2627_MW08_075_LevanteUD_SevillaFC,2026-27,8,2026-10-12,2026-10-12T19:00:00+00:00,Levante UD,Sevilla FC,ladbrokes_uk,h2h,,,,2.6,3.25,2.7,,,,,,,,,,,,current,,decimal,2026-09-22T10:24:26Z,the-odds-api.com,https://api.the-odds-api.com/v4/sports/soccer_spain_la_liga/odds/,False,True,live,2026-09-22,Real current decimal odds from The Odds API. Opening/closing snapshots are not available on the free tier and are intentionally left blank.
LALIGA2627_MW08_075_LevanteUD_SevillaFC,2026-27,8,2026-10-12,2026-10-12T19:00:00+00:00,Levante UD,Sevilla FC,coolbet,h2h,,,,2.55,3.4,2.75,,,,,,,,,,,,current,,decimal,2026-09-22T10:25:24Z,the-odds-api.com,https://api.the-odds-api.com/v4/sports/soccer_spain_la_liga/odds/,False,True,live,2026-09-22,Real current decimal odds from The Odds API. Opening/closing snapshots are not available on the free tier and are intentionally left blank.
LALIGA2627_MW08_075_LevanteUD_SevillaFC,2026-27,8,2026-10-12,2026-10-12T19:00:00+00:00,Levante UD,Sevilla FC,betvictor,h2h,,,,2.55,3.12,2.6,,,,,,,,,,,,current,,decimal,2026-09-22T10:25:39Z,the-odds-api.com,https://api.the-odds-api.com/v4/sports/soccer_spain_la_liga/odds/,False,True,live,2026-09-22,Real current decimal odds from The Odds API. Opening/closing snapshots are not available on the free tier and are intentionally left blank.
LALIGA2627_MW08_075_LevanteUD_SevillaFC,2026-27,8,2026-10-12,2026-10-12T19:00:00+00:00,Levante UD,Sevilla FC,betano_uk,h2h,,,,2.55,3.12,2.6,,,,,,,,,,,,current,,decimal,2026-09-22T10:24:37Z,the-odds-api.com,https://api.the-odds-api.com/v4/sports/soccer_spain_la_liga/odds/,False,True,live,2026-09-22,Real current decimal odds from The Odds API. Opening/closing snapshots are not available on the free tier and are intentionally left blank.
LALIGA2627_MW08_075_LevanteUD_SevillaFC,2026-27,8,2026-10-12,2026-10-12T19:00:00+00:00,Levante UD,Sevilla FC,unibet_uk,h2h,,,,2.6,3.2,2.65,,,,,,,,,,,,current,,decimal,2026-09-22T10:24:26Z,the-odds-api.com,https://api.the-odds-api.com/v4/sports/soccer_spain_la_liga/odds/,False,True,live,2026-09-22,Real current decimal odds from The Odds API. Opening/closing snapshots are not available on the free tier and are intentionally left blank.
LALIGA2627_MW08_075_LevanteUD_SevillaFC,2026-27,8,2026-10-12,2026-10-12T19:00:00+00:00,Levante UD,Sevilla FC,everygame,h2h,,,,2.6,3.1,2.6,,,,,,,,,,,,current,,decimal,2026-09-22T10:20:50Z,the-odds-api.com,https://api.the-odds-api.com/v4/sports/soccer_spain_la_liga/odds/,False,True,live,2026-09-22,Real current decimal odds from The Odds API. Opening/closing snapshots are not available on the free tier and are intentionally left blank.
LALIGA2627_MW08_075_LevanteUD_SevillaFC,2026-27,8,2026-10-12,2026-10-12T19:00:00+00:00,Levante UD,Sevilla FC,betway,h2h,,,,2.6,3.1,2.62,,,,,,,,,,,,current,,decimal,2026-09-22T10:25:06Z,the-odds-api.com,https://api.the-odds-api.com/v4/sports/soccer_spain_la_liga/odds/,False,True,live,2026-09-22,Real current decimal odds from The Odds API. Opening/closing snapshots are not available on the free tier and are intentionally left blank.
LALIGA2627_MW08_075_LevanteUD_SevillaFC,2026-27,8,2026-10-12,2026-10-12T19:00:00+00:00,Levante UD,Sevilla FC,casumo,h2h,,,,2.5,3.3,2.9,,,,,,,,,,,,current,,decimal,2026-09-22T10:24:26Z,the-odds-api.com,https://api.the-odds-api.com/v4/sports/soccer_spain_la_liga/odds/,False,True,live,2026-09-22,Real current decimal odds from The Odds API. Opening/closing snapshots are not available on the free tier and are intentionally left blank.
LALIGA2627_MW08_075_LevanteUD_SevillaFC,2026-27,8,2026-10-12,2026-10-12T19:00:00+00:00,Levante UD,Sevilla FC,fanduel,h2h,,,,2.5,3.4,2.75,,,,,,,,,,,,current,,decimal,2026-09-22T10:25:23Z,the-odds-api.com,https://api.the-odds-api.com/v4/sports/soccer_spain_la_liga/odds/,False,True,live,2026-09-22,Real current decimal odds from The Odds API. Opening/closing snapshots are not available on the free tier and are intentionally left blank.
LALIGA2627_MW08_075_LevanteUD_SevillaFC,2026-27,8,2026-10-12,2026-10-12T19:00:00+00:00,Levante UD,Sevilla FC,paddypower,h2h,,,,2.45,3.3,2.7,,,,,,,,,,,,current,,decimal,2026-09-22T10:24:08Z,the-odds-api.com,https://api.the-odds-api.com/v4/sports/soccer_spain_la_liga/odds/,False,True,live,2026-09-22,Real current decimal odds from The Odds API. Opening/closing snapshots are not available on the free tier and are intentionally left blank.
LALIGA2627_MW08_075_LevanteUD_SevillaFC,2026-27,8,2026-10-12,2026-10-12T19:00:00+00:00,Levante UD,Sevilla FC,skybet,h2h,,,,2.5,3.3,2.7,,,,,,,,,,,,current,,decimal,2026-09-22T10:25:07Z,the-odds-api.com,https://api.the-odds-api.com/v4/sports/soccer_spain_la_liga/odds/,False,True,live,2026-09-22,Real current decimal odds from The Odds API. Opening/closing snapshots are not available on the free tier and are intentionally left blank.
LALIGA2627_MW08_075_LevanteUD_SevillaFC,2026-27,8,2026-10-12,2026-10-12T19:00:00+00:00,Levante UD,Sevilla FC,betfair_ex_uk,h2h,,,,2.76,3.2,2.66,,,,,,,,,,,,current,,decimal,2026-09-22T10:25:24Z,the-odds-api.com,https://api.the-odds-api.com/v4/sports/soccer_spain_la_liga/odds/,False,True,live,2026-09-22,Real current decimal odds from The Odds API. Opening/closing snapshots are not available on the free tier and are intentionally left blank.
LALIGA2627_MW08_075_LevanteUD_SevillaFC,2026-27,8,2026-10-12,2026-10-12T19:00:00+00:00,Levante UD,Sevilla FC,betfair_ex_eu,h2h,,,,2.76,3.2,2.66,,,,,,,,,,,,current,,decimal,2026-09-22T10:25:06Z,the-odds-api.com,https://api.the-odds-api.com/v4/sports/soccer_spain_la_liga/odds/,False,True,live,2026-09-22,Real current decimal odds from The Odds API. Opening/closing snapshots are not available on the free tier and are intentionally left blank.
LALIGA2627_MW08_075_LevanteUD_SevillaFC,2026-27,8,2026-10-12,2026-10-12T19:00:00+00:00,Levante UD,Sevilla FC,pinnacle,spreads,,,,,,,,,,0.0,1.91,1.94,,,,,,current,,decimal,2026-09-22T10:25:25Z,the-odds-api.com,https://api.the-odds-api.com/v4/sports/soccer_spain_la_liga/odds/,False,True,live,2026-09-22,Real current decimal odds from The Odds API. Opening/closing snapshots are not available on the free tier and are intentionally left blank.
LALIGA2627_MW08_075_LevanteUD_SevillaFC,2026-27,8,2026-10-12,2026-10-12T19:00:00+00:00,Levante UD,Sevilla FC,onexbet,spreads,,,,,,,,,,0.0,1.96,1.98,,,,,,current,,decimal,2026-09-22T10:20:53Z,the-odds-api.com,https://api.the-odds-api.com/v4/sports/soccer_spain_la_liga/odds/,False,True,live,2026-09-22,Real current decimal odds from The Odds API. Opening/closing snapshots are not available on the free tier and are intentionally left blank.
LALIGA2627_MW08_075_LevanteUD_SevillaFC,2026-27,8,2026-10-12,2026-10-12T19:00:00+00:00,Levante UD,Sevilla FC,bovada,spreads,,,,,,,,,,0.0,1.89,1.93,,,,,,current,,decimal,2026-09-22T10:18:21Z,the-odds-api.com,https://api.the-odds-api.com/v4/sports/soccer_spain_la_liga/odds/,False,True,live,2026-09-22,Real current decimal odds from The Odds API. Opening/closing snapshots are not available on the free tier and are intentionally left blank.
LALIGA2627_MW08_075_LevanteUD_SevillaFC,2026-27,8,2026-10-12,2026-10-12T19:00:00+00:00,Levante UD,Sevilla FC,coolbet,spreads,,,,,,,,,,-1.0,4.45,1.24,,,,,,current,,decimal,2026-09-22T10:25:24Z,the-odds-api.com,https://api.the-odds-api.com/v4/sports/soccer_spain_la_liga/odds/,False,True,live,2026-09-22,Real current decimal odds from The Odds API. Opening/closing snapshots are not available on the free tier and are intentionally left blank.
LALIGA2627_MW08_075_LevanteUD_SevillaFC,2026-27,8,2026-10-12,2026-10-12T19:00:00+00:00,Levante UD,Sevilla FC,pinnacle,totals,,,,,,,,,,,,,2.25,1.83,2.01,,,current,,decimal,2026-09-22T10:25:25Z,the-odds-api.com,https://api.the-odds-api.com/v4/sports/soccer_spain_la_liga/odds/,False,True,live,2026-09-22,Real current decimal odds from The Odds API. Opening/closing snapshots are not available on the free tier and are intentionally left blank.
LALIGA2627_MW08_075_LevanteUD_SevillaFC,2026-27,8,2026-10-12,2026-10-12T19:00:00+00:00,Levante UD,Sevilla FC,leovegas,totals,,,,,,,,,,,,,2.5,2.0,1.7,,,current,,decimal,2026-09-22T10:24:26Z,the-odds-api.com,https://api.the-odds-api.com/v4/sports/soccer_spain_la_liga/odds/,False,True,live,2026-09-22,Real current decimal odds from The Odds API. Opening/closing snapshots are not available on the free tier and are intentionally left blank.
LALIGA2627_MW08_075_LevanteUD_SevillaFC,2026-27,8,2026-10-12,2026-10-12T19:00:00+00:00,Levante UD,Sevilla FC,codere_it,totals,,,,,,,,,,,,,2.5,2.01,1.69,,,current,,decimal,2026-09-22T10:25:04Z,the-odds-api.com,https://api.the-odds-api.com/v4/sports/soccer_spain_la_liga/odds/,False,True,live,2026-09-22,Real current decimal odds from The Odds API. Opening/closing snapshots are not available on the free tier and are intentionally left blank.
LALIGA2627_MW08_075_LevanteUD_SevillaFC,2026-27,8,2026-10-12,2026-10-12T19:00:00+00:00,Levante UD,Sevilla FC,onexbet,totals,,,,,,,,,,,,,2.5,2.15,1.81,,,current,,decimal,2026-09-22T10:20:53Z,the-odds-api.com,https://api.the-odds-api.com/v4/sports/soccer_spain_la_liga/odds/,False,True,live,2026-09-22,Real current decimal odds from The Odds API. Opening/closing snapshots are not available on the free tier and are intentionally left blank.
LALIGA2627_MW08_075_LevanteUD_SevillaFC,2026-27,8,2026-10-12,2026-10-12T19:00:00+00:00,Levante UD,Sevilla FC,williamhill,totals,,,,,,,,,,,,,2.5,2.05,1.75,,,current,,decimal,2026-09-22T10:24:26Z,the-odds-api.com,https://api.the-odds-api.com/v4/sports/soccer_spain_la_liga/odds/,False,True,live,2026-09-22,Real current decimal odds from The Odds API. Opening/closing snapshots are not available on the free tier and are intentionally left blank.
LALIGA2627_MW08_075_LevanteUD_SevillaFC,2026-27,8,2026-10-12,2026-10-12T19:00:00+00:00,Levante UD,Sevilla FC,unibet_nl,totals,,,,,,,,,,,,,2.5,2.07,1.72,,,current,,decimal,2026-09-22T10:25:24Z,the-odds-api.com,https://api.the-odds-api.com/v4/sports/soccer_spain_la_liga/odds/,False,True,live,2026-09-22,Real current decimal odds from The Odds API. Opening/closing snapshots are not available on the free tier and are intentionally left blank.
LALIGA2627_MW08_075_LevanteUD_SevillaFC,2026-27,8,2026-10-12,2026-10-12T19:00:00+00:00,Levante UD,Sevilla FC,unibet_se,totals,,,,,,,,,,,,,2.5,2.08,1.74,,,current,,decimal,2026-09-22T10:24:26Z,the-odds-api.com,https://api.the-odds-api.com/v4/sports/soccer_spain_la_liga/odds/,False,True,live,2026-09-22,Real current decimal odds from The Odds API. Opening/closing snapshots are not available on the free tier and are intentionally left blank.
LALIGA2627_MW08_075_LevanteUD_SevillaFC,2026-27,8,2026-10-12,2026-10-12T19:00:00+00:00,Levante UD,Sevilla FC,grosvenor,totals,,,,,,,,,,,,,2.5,2.07,1.72,,,current,,decimal,2026-09-22T10:24:26Z,the-odds-api.com,https://api.the-odds-api.com/v4/sports/soccer_spain_la_liga/odds/,False,True,live,2026-09-22,Real current decimal odds from The Odds API. Opening/closing snapshots are not available on the free tier and are intentionally left blank.
LALIGA2627_MW08_075_LevanteUD_SevillaFC,2026-27,8,2026-10-12,2026-10-12T19:00:00+00:00,Levante UD,Sevilla FC,pmu_fr,totals,,,,,,,,,,,,,2.5,1.95,1.63,,,current,,decimal,2026-09-22T10:24:26Z,the-odds-api.com,https://api.the-odds-api.com/v4/sports/soccer_spain_la_liga/odds/,False,True,live,2026-09-22,Real current decimal odds from The Odds API. Opening/closing snapshots are not available on the free tier and are intentionally left blank.
LALIGA2627_MW08_075_LevanteUD_SevillaFC,2026-27,8,2026-10-12,2026-10-12T19:00:00+00:00,Levante UD,Sevilla FC,betrivers,totals,,,,,,,,,,,,,2.5,2.07,1.72,,,current,,decimal,2026-09-22T10:24:25Z,the-odds-api.com,https://api.the-odds-api.com/v4/sports/soccer_spain_la_liga/odds/,False,True,live,2026-09-22,Real current decimal odds from The Odds API. Opening/closing snapshots are not available on the free tier and are intentionally left blank.
LALIGA2627_MW08_075_LevanteUD_SevillaFC,2026-27,8,2026-10-12,2026-10-12T19:00:00+00:00,Levante UD,Sevilla FC,leovegas_se,totals,,,,,,,,,,,,,2.5,2.07,1.72,,,current,,decimal,2026-09-22T10:24:26Z,the-odds-api.com,https://api.the-odds-api.com/v4/sports/soccer_spain_la_liga/odds/,False,True,live,2026-09-22,Real current decimal odds from The Odds API. Opening/closing snapshots are not available on the free tier and are intentionally left blank.
LALIGA2627_MW08_075_LevanteUD_SevillaFC,2026-27,8,2026-10-12,2026-10-12T19:00:00+00:00,Levante UD,Sevilla FC,bovada,totals,,,,,,,,,,,,,2.25,1.83,2.0,,,current,,decimal,2026-09-22T10:18:21Z,the-odds-api.com,https://api.the-odds-api.com/v4/sports/soccer_spain_la_liga/odds/,False,True,live,2026-09-22,Real current decimal odds from The Odds API. Opening/closing snapshots are not available on the free tier and are intentionally left blank.
LALIGA2627_MW08_075_LevanteUD_SevillaFC,2026-27,8,2026-10-12,2026-10-12T19:00:00+00:00,Levante UD,Sevilla FC,nordicbet,totals,,,,,,,,,,,,,2.5,2.02,1.75,,,current,,decimal,2026-09-22T10:24:27Z,the-odds-api.com,https://api.the-odds-api.com/v4/sports/soccer_spain_la_liga/odds/,False,True,live,2026-09-22,Real current decimal odds from The Odds API. Opening/closing snapshots are not available on the free tier and are intentionally left blank.
LALIGA2627_MW08_075_LevanteUD_SevillaFC,2026-27,8,2026-10-12,2026-10-12T19:00:00+00:00,Levante UD,Sevilla FC,betsson,totals,,,,,,,,,,,,,2.5,2.06,1.78,,,current,,decimal,2026-09-22T10:24:47Z,the-odds-api.com,https://api.the-odds-api.com/v4/sports/soccer_spain_la_liga/odds/,False,True,live,2026-09-22,Real current decimal odds from The Odds API. Opening/closing snapshots are not available on the free tier and are intentionally left blank.
LALIGA2627_MW08_075_LevanteUD_SevillaFC,2026-27,8,2026-10-12,2026-10-12T19:00:00+00:00,Levante UD,Sevilla FC,tipico_de,totals,,,,,,,,,,,,,2.5,2.05,1.72,,,current,,decimal,2026-09-22T10:24:26Z,the-odds-api.com,https://api.the-odds-api.com/v4/sports/soccer_spain_la_liga/odds/,False,True,live,2026-09-22,Real current decimal odds from The Odds API. Opening/closing snapshots are not available on the free tier and are intentionally left blank.
LALIGA2627_MW08_075_LevanteUD_SevillaFC,2026-27,8,2026-10-12,2026-10-12T19:00:00+00:00,Levante UD,Sevilla FC,betmgm,totals,,,,,,,,,,,,,2.5,2.05,1.69,,,current,,decimal,2026-09-22T10:24:25Z,the-odds-api.com,https://api.the-odds-api.com/v4/sports/soccer_spain_la_liga/odds/,False,True,live,2026-09-22,Real current decimal odds from The Odds API. Opening/closing snapshots are not available on the free tier and are intentionally left blank.
LALIGA2627_MW08_075_LevanteUD_SevillaFC,2026-27,8,2026-10-12,2026-10-12T19:00:00+00:00,Levante UD,Sevilla FC,coolbet,totals,,,,,,,,,,,,,2.5,2.12,1.79,,,current,,decimal,2026-09-22T10:25:24Z,the-odds-api.com,https://api.the-odds-api.com/v4/sports/soccer_spain_la_liga/odds/,False,True,live,2026-09-22,Real current decimal odds from The Odds API. Opening/closing snapshots are not available on the free tier and are intentionally left blank.
LALIGA2627_MW08_075_LevanteUD_SevillaFC,2026-27,8,2026-10-12,2026-10-12T19:00:00+00:00,Levante UD,Sevilla FC,casumo,totals,,,,,,,,,,,,,2.5,2.07,1.72,,,current,,decimal,2026-09-22T10:24:26Z,the-odds-api.com,https://api.the-odds-api.com/v4/sports/soccer_spain_la_liga/odds/,False,True,live,2026-09-22,Real current decimal odds from The Odds API. Opening/closing snapshots are not available on the free tier and are intentionally left blank.
LALIGA2627_MW09_081_RealBetis_FCBarcelona,2026-27,9,2026-10-17,2026-10-17T16:30:00+00:00,Real Betis,FC Barcelona,pinnacle,h2h,,,,5.11,4.5,1.43,,,,,,,,,,,,current,,decimal,2026-09-22T10:25:24Z,the-odds-api.com,https://api.the-odds-api.com/v4/sports/soccer_spain_la_liga/odds/,False,True,live,2026-09-22,Real current decimal odds from The Odds API. Opening/closing snapshots are not available on the free tier and are intentionally left blank.
LALIGA2627_MW09_081_RealBetis_FCBarcelona,2026-27,9,2026-10-17,2026-10-17T16:30:00+00:00,Real Betis,FC Barcelona,nordicbet,h2h,,,,5.9,4.55,1.5,,,,,,,,,,,,current,,decimal,2026-09-22T10:24:27Z,the-odds-api.com,https://api.the-odds-api.com/v4/sports/soccer_spain_la_liga/odds/,False,True,live,2026-09-22,Real current decimal odds from The Odds API. Opening/closing snapshots are not available on the free tier and are intentionally left blank.
LALIGA2627_MW09_081_RealBetis_FCBarcelona,2026-27,9,2026-10-17,2026-10-17T16:30:00+00:00,Real Betis,FC Barcelona,smarkets,h2h,,,,5.6,5.4,1.42,,,,,,,,,,,,current,,decimal,2026-09-22T10:25:25Z,the-odds-api.com,https://api.the-odds-api.com/v4/sports/soccer_spain_la_liga/odds/,False,True,live,2026-09-22,Real current decimal odds from The Odds API. Opening/closing snapshots are not available on the free tier and are intentionally left blank.
LALIGA2627_MW09_081_RealBetis_FCBarcelona,2026-27,9,2026-10-17,2026-10-17T16:30:00+00:00,Real Betis,FC Barcelona,betway,h2h,,,,5.25,4.75,1.45,,,,,,,,,,,,current,,decimal,2026-09-22T10:25:06Z,the-odds-api.com,https://api.the-odds-api.com/v4/sports/soccer_spain_la_liga/odds/,False,True,live,2026-09-22,Real current decimal odds from The Odds API. Opening/closing snapshots are not available on the free tier and are intentionally left blank.
LALIGA2627_MW09_081_RealBetis_FCBarcelona,2026-27,9,2026-10-17,2026-10-17T16:30:00+00:00,Real Betis,FC Barcelona,unibet_uk,h2h,,,,5.5,5.0,1.45,,,,,,,,,,,,current,,decimal,2026-09-22T10:24:26Z,the-odds-api.com,https://api.the-odds-api.com/v4/sports/soccer_spain_la_liga/odds/,False,True,live,2026-09-22,Real current decimal odds from The Odds API. Opening/closing snapshots are not available on the free tier and are intentionally left blank.
LALIGA2627_MW09_081_RealBetis_FCBarcelona,2026-27,9,2026-10-17,2026-10-17T16:30:00+00:00,Real Betis,FC Barcelona,williamhill,h2h,,,,5.8,4.8,1.44,,,,,,,,,,,,current,,decimal,2026-09-22T10:24:26Z,the-odds-api.com,https://api.the-odds-api.com/v4/sports/soccer_spain_la_liga/odds/,False,True,live,2026-09-22,Real current decimal odds from The Odds API. Opening/closing snapshots are not available on the free tier and are intentionally left blank.
LALIGA2627_MW09_081_RealBetis_FCBarcelona,2026-27,9,2026-10-17,2026-10-17T16:30:00+00:00,Real Betis,FC Barcelona,leovegas,h2h,,,,5.4,4.9,1.42,,,,,,,,,,,,current,,decimal,2026-09-22T10:24:26Z,the-odds-api.com,https://api.the-odds-api.com/v4/sports/soccer_spain_la_liga/odds/,False,True,live,2026-09-22,Real current decimal odds from The Odds API. Opening/closing snapshots are not available on the free tier and are intentionally left blank.
LALIGA2627_MW09_081_RealBetis_FCBarcelona,2026-27,9,2026-10-17,2026-10-17T16:30:00+00:00,Real Betis,FC Barcelona,tipico_de,h2h,,,,5.8,5.0,1.45,,,,,,,,,,,,current,,decimal,2026-09-22T10:24:26Z,the-odds-api.com,https://api.the-odds-api.com/v4/sports/soccer_spain_la_liga/odds/,False,True,live,2026-09-22,Real current decimal odds from The Odds API. Opening/closing snapshots are not available on the free tier and are intentionally left blank.
LALIGA2627_MW09_081_RealBetis_FCBarcelona,2026-27,9,2026-10-17,2026-10-17T16:30:00+00:00,Real Betis,FC Barcelona,betclic_fr,h2h,,,,5.1,4.8,1.39,,,,,,,,,,,,current,,decimal,2026-09-22T10:25:36Z,the-odds-api.com,https://api.the-odds-api.com/v4/sports/soccer_spain_la_liga/odds/,False,True,live,2026-09-22,Real current decimal odds from The Odds API. Opening/closing snapshots are not available on the free tier and are intentionally left blank.
LALIGA2627_MW09_081_RealBetis_FCBarcelona,2026-27,9,2026-10-17,2026-10-17T16:30:00+00:00,Real Betis,FC Barcelona,winamax_de,h2h,,,,5.2,5.2,1.43,,,,,,,,,,,,current,,decimal,2026-09-22T10:24:28Z,the-odds-api.com,https://api.the-odds-api.com/v4/sports/soccer_spain_la_liga/odds/,False,True,live,2026-09-22,Real current decimal odds from The Odds API. Opening/closing snapshots are not available on the free tier and are intentionally left blank.
LALIGA2627_MW09_081_RealBetis_FCBarcelona,2026-27,9,2026-10-17,2026-10-17T16:30:00+00:00,Real Betis,FC Barcelona,unibet_fr,h2h,,,,5.1,4.8,1.36,,,,,,,,,,,,current,,decimal,2026-09-22T10:24:26Z,the-odds-api.com,https://api.the-odds-api.com/v4/sports/soccer_spain_la_liga/odds/,False,True,live,2026-09-22,Real current decimal odds from The Odds API. Opening/closing snapshots are not available on the free tier and are intentionally left blank.
LALIGA2627_MW09_081_RealBetis_FCBarcelona,2026-27,9,2026-10-17,2026-10-17T16:30:00+00:00,Real Betis,FC Barcelona,betfred_uk,h2h,,,,6.0,5.0,1.44,,,,,,,,,,,,current,,decimal,2026-09-22T10:24:28Z,the-odds-api.com,https://api.the-odds-api.com/v4/sports/soccer_spain_la_liga/odds/,False,True,live,2026-09-22,Real current decimal odds from The Odds API. Opening/closing snapshots are not available on the free tier and are intentionally left blank.
LALIGA2627_MW09_081_RealBetis_FCBarcelona,2026-27,9,2026-10-17,2026-10-17T16:30:00+00:00,Real Betis,FC Barcelona,winamax_fr,h2h,,,,4.7,4.7,1.37,,,,,,,,,,,,current,,decimal,2026-09-22T10:25:06Z,the-odds-api.com,https://api.the-odds-api.com/v4/sports/soccer_spain_la_liga/odds/,False,True,live,2026-09-22,Real current decimal odds from The Odds API. Opening/closing snapshots are not available on the free tier and are intentionally left blank.
LALIGA2627_MW09_081_RealBetis_FCBarcelona,2026-27,9,2026-10-17,2026-10-17T16:30:00+00:00,Real Betis,FC Barcelona,boylesports,h2h,,,,4.75,4.75,1.4,,,,,,,,,,,,current,,decimal,2026-09-22T10:25:08Z,the-odds-api.com,https://api.the-odds-api.com/v4/sports/soccer_spain_la_liga/odds/,False,True,live,2026-09-22,Real current decimal odds from The Odds API. Opening/closing snapshots are not available on the free tier and are intentionally left blank.
LALIGA2627_MW09_081_RealBetis_FCBarcelona,2026-27,9,2026-10-17,2026-10-17T16:30:00+00:00,Real Betis,FC Barcelona,onexbet,h2h,,,,6.57,5.29,1.48,,,,,,,,,,,,current,,decimal,2026-09-22T10:20:53Z,the-odds-api.com,https://api.the-odds-api.com/v4/sports/soccer_spain_la_liga/odds/,False,True,live,2026-09-22,Real current decimal odds from The Odds API. Opening/closing snapshots are not available on the free tier and are intentionally left blank.
LALIGA2627_MW09_081_RealBetis_FCBarcelona,2026-27,9,2026-10-17,2026-10-17T16:30:00+00:00,Real Betis,FC Barcelona,betsson,h2h,,,,5.85,4.55,1.5,,,,,,,,,,,,current,,decimal,2026-09-22T10:24:47Z,the-odds-api.com,https://api.the-odds-api.com/v4/sports/soccer_spain_la_liga/odds/,False,True,live,2026-09-22,Real current decimal odds from The Odds API. Opening/closing snapshots are not available on the free tier and are intentionally left blank.
LALIGA2627_MW09_081_RealBetis_FCBarcelona,2026-27,9,2026-10-17,2026-10-17T16:30:00+00:00,Real Betis,FC Barcelona,fanduel,h2h,,,,6.0,5.3,1.38,,,,,,,,,,,,current,,decimal,2026-09-22T10:25:23Z,the-odds-api.com,https://api.the-odds-api.com/v4/sports/soccer_spain_la_liga/odds/,False,True,live,2026-09-22,Real current decimal odds from The Odds API. Opening/closing snapshots are not available on the free tier and are intentionally left blank.
LALIGA2627_MW09_081_RealBetis_FCBarcelona,2026-27,9,2026-10-17,2026-10-17T16:30:00+00:00,Real Betis,FC Barcelona,paddypower,h2h,,,,6.0,5.0,1.36,,,,,,,,,,,,current,,decimal,2026-09-22T10:24:08Z,the-odds-api.com,https://api.the-odds-api.com/v4/sports/soccer_spain_la_liga/odds/,False,True,live,2026-09-22,Real current decimal odds from The Odds API. Opening/closing snapshots are not available on the free tier and are intentionally left blank.
LALIGA2627_MW09_081_RealBetis_FCBarcelona,2026-27,9,2026-10-17,2026-10-17T16:30:00+00:00,Real Betis,FC Barcelona,skybet,h2h,,,,6.0,5.0,1.4,,,,,,,,,,,,current,,decimal,2026-09-22T10:25:07Z,the-odds-api.com,https://api.the-odds-api.com/v4/sports/soccer_spain_la_liga/odds/,False,True,live,2026-09-22,Real current decimal odds from The Odds API. Opening/closing snapshots are not available on the free tier and are intentionally left blank.
LALIGA2627_MW09_081_RealBetis_FCBarcelona,2026-27,9,2026-10-17,2026-10-17T16:30:00+00:00,Real Betis,FC Barcelona,betfair_ex_uk,h2h,,,,5.7,5.5,1.44,,,,,,,,,,,,current,,decimal,2026-09-22T10:25:24Z,the-odds-api.com,https://api.the-odds-api.com/v4/sports/soccer_spain_la_liga/odds/,False,True,live,2026-09-22,Real current decimal odds from The Odds API. Opening/closing snapshots are not available on the free tier and are intentionally left blank.
LALIGA2627_MW09_081_RealBetis_FCBarcelona,2026-27,9,2026-10-17,2026-10-17T16:30:00+00:00,Real Betis,FC Barcelona,betfair_ex_eu,h2h,,,,5.7,5.5,1.44,,,,,,,,,,,,current,,decimal,2026-09-22T10:25:06Z,the-odds-api.com,https://api.the-odds-api.com/v4/sports/soccer_spain_la_liga/odds/,False,True,live,2026-09-22,Real current decimal odds from The Odds API. Opening/closing snapshots are not available on the free tier and are intentionally left blank.
LALIGA2627_MW09_081_RealBetis_FCBarcelona,2026-27,9,2026-10-17,2026-10-17T16:30:00+00:00,Real Betis,FC Barcelona,bovada,h2h,,,,5.6,4.9,1.49,,,,,,,,,,,,current,,decimal,2026-09-22T10:18:21Z,the-odds-api.com,https://api.the-odds-api.com/v4/sports/soccer_spain_la_liga/odds/,False,True,live,2026-09-22,Real current decimal odds from The Odds API. Opening/closing snapshots are not available on the free tier and are intentionally left blank.
LALIGA2627_MW09_081_RealBetis_FCBarcelona,2026-27,9,2026-10-17,2026-10-17T16:30:00+00:00,Real Betis,FC Barcelona,marathonbet,h2h,,,,6.4,5.15,1.44,,,,,,,,,,,,current,,decimal,2026-09-22T10:21:18Z,the-odds-api.com,https://api.the-odds-api.com/v4/sports/soccer_spain_la_liga/odds/,False,True,live,2026-09-22,Real current decimal odds from The Odds API. Opening/closing snapshots are not available on the free tier and are intentionally left blank.
LALIGA2627_MW09_081_RealBetis_FCBarcelona,2026-27,9,2026-10-17,2026-10-17T16:30:00+00:00,Real Betis,FC Barcelona,pinnacle,spreads,,,,,,,,,,1.25,1.82,1.88,,,,,,current,,decimal,2026-09-22T10:25:24Z,the-odds-api.com,https://api.the-odds-api.com/v4/sports/soccer_spain_la_liga/odds/,False,True,live,2026-09-22,Real current decimal odds from The Odds API. Opening/closing snapshots are not available on the free tier and are intentionally left blank.
LALIGA2627_MW09_081_RealBetis_FCBarcelona,2026-27,9,2026-10-17,2026-10-17T16:30:00+00:00,Real Betis,FC Barcelona,onexbet,spreads,,,,,,,,,,1.5,1.83,2.14,,,,,,current,,decimal,2026-09-22T10:20:53Z,the-odds-api.com,https://api.the-odds-api.com/v4/sports/soccer_spain_la_liga/odds/,False,True,live,2026-09-22,Real current decimal odds from The Odds API. Opening/closing snapshots are not available on the free tier and are intentionally left blank.
LALIGA2627_MW09_081_RealBetis_FCBarcelona,2026-27,9,2026-10-17,2026-10-17T16:30:00+00:00,Real Betis,FC Barcelona,bovada,spreads,,,,,,,,,,1.25,1.87,1.95,,,,,,current,,decimal,2026-09-22T10:18:21Z,the-odds-api.com,https://api.the-odds-api.com/v4/sports/soccer_spain_la_liga/odds/,False,True,live,2026-09-22,Real current decimal odds from The Odds API. Opening/closing snapshots are not available on the free tier and are intentionally left blank.
LALIGA2627_MW09_081_RealBetis_FCBarcelona,2026-27,9,2026-10-17,2026-10-17T16:30:00+00:00,Real Betis,FC Barcelona,pinnacle,totals,,,,,,,,,,,,,3.75,1.86,1.82,,,current,,decimal,2026-09-22T10:25:24Z,the-odds-api.com,https://api.the-odds-api.com/v4/sports/soccer_spain_la_liga/odds/,False,True,live,2026-09-22,Real current decimal odds from The Odds API. Opening/closing snapshots are not available on the free tier and are intentionally left blank.
LALIGA2627_MW09_081_RealBetis_FCBarcelona,2026-27,9,2026-10-17,2026-10-17T16:30:00+00:00,Real Betis,FC Barcelona,nordicbet,totals,,,,,,,,,,,,,2.5,1.29,3.55,,,current,,decimal,2026-09-22T10:24:27Z,the-odds-api.com,https://api.the-odds-api.com/v4/sports/soccer_spain_la_liga/odds/,False,True,live,2026-09-22,Real current decimal odds from The Odds API. Opening/closing snapshots are not available on the free tier and are intentionally left blank.
LALIGA2627_MW09_081_RealBetis_FCBarcelona,2026-27,9,2026-10-17,2026-10-17T16:30:00+00:00,Real Betis,FC Barcelona,williamhill,totals,,,,,,,,,,,,,2.5,1.3,3.5,,,current,,decimal,2026-09-22T10:24:26Z,the-odds-api.com,https://api.the-odds-api.com/v4/sports/soccer_spain_la_liga/odds/,False,True,live,2026-09-22,Real current decimal odds from The Odds API. Opening/closing snapshots are not available on the free tier and are intentionally left blank.
LALIGA2627_MW09_081_RealBetis_FCBarcelona,2026-27,9,2026-10-17,2026-10-17T16:30:00+00:00,Real Betis,FC Barcelona,leovegas,totals,,,,,,,,,,,,,3.5,1.7,2.0,,,current,,decimal,2026-09-22T10:24:26Z,the-odds-api.com,https://api.the-odds-api.com/v4/sports/soccer_spain_la_liga/odds/,False,True,live,2026-09-22,Real current decimal odds from The Odds API. Opening/closing snapshots are not available on the free tier and are intentionally left blank.
LALIGA2627_MW09_081_RealBetis_FCBarcelona,2026-27,9,2026-10-17,2026-10-17T16:30:00+00:00,Real Betis,FC Barcelona,tipico_de,totals,,,,,,,,,,,,,3.5,1.7,2.05,,,current,,decimal,2026-09-22T10:24:26Z,the-odds-api.com,https://api.the-odds-api.com/v4/sports/soccer_spain_la_liga/odds/,False,True,live,2026-09-22,Real current decimal odds from The Odds API. Opening/closing snapshots are not available on the free tier and are intentionally left blank.
LALIGA2627_MW09_081_RealBetis_FCBarcelona,2026-27,9,2026-10-17,2026-10-17T16:30:00+00:00,Real Betis,FC Barcelona,onexbet,totals,,,,,,,,,,,,,3.5,1.84,2.12,,,current,,decimal,2026-09-22T10:20:53Z,the-odds-api.com,https://api.the-odds-api.com/v4/sports/soccer_spain_la_liga/odds/,False,True,live,2026-09-22,Real current decimal odds from The Odds API. Opening/closing snapshots are not available on the free tier and are intentionally left blank.
LALIGA2627_MW09_081_RealBetis_FCBarcelona,2026-27,9,2026-10-17,2026-10-17T16:30:00+00:00,Real Betis,FC Barcelona,betsson,totals,,,,,,,,,,,,,2.5,1.3,3.6,,,current,,decimal,2026-09-22T10:24:47Z,the-odds-api.com,https://api.the-odds-api.com/v4/sports/soccer_spain_la_liga/odds/,False,True,live,2026-09-22,Real current decimal odds from The Odds API. Opening/closing snapshots are not available on the free tier and are intentionally left blank.
LALIGA2627_MW09_081_RealBetis_FCBarcelona,2026-27,9,2026-10-17,2026-10-17T16:30:00+00:00,Real Betis,FC Barcelona,bovada,totals,,,,,,,,,,,,,3.75,1.93,1.89,,,current,,decimal,2026-09-22T10:18:21Z,the-odds-api.com,https://api.the-odds-api.com/v4/sports/soccer_spain_la_liga/odds/,False,True,live,2026-09-22,Real current decimal odds from The Odds API. Opening/closing snapshots are not available on the free tier and are intentionally left blank.
LALIGA2627_MW09_082_CeltaVigo_DeportivoAlavés,2026-27,9,2026-10-18,2026-10-18T14:15:00+00:00,Celta Vigo,Deportivo Alavés,,h2h,,,,,,,,,,,,,,,,,,unknown,,decimal,2026-09-22T10:25:41+00:00,none_available,,False,False,unavailable,2026-09-22,"The Odds API is configured and reachable, but has not yet posted this market for this fixture (bookmakers open different markets at different times before kickoff) -- genuinely unavailable, not a collector failure."
LALIGA2627_MW09_082_CeltaVigo_DeportivoAlavés,2026-27,9,2026-10-18,2026-10-18T14:15:00+00:00,Celta Vigo,Deportivo Alavés,,spreads,,,,,,,,,,,,,,,,,,unknown,,decimal,2026-09-22T10:25:41+00:00,none_available,,False,False,unavailable,2026-09-22,"The Odds API is configured and reachable, but has not yet posted this market for this fixture (bookmakers open different markets at different times before kickoff) -- genuinely unavailable, not a collector failure."
LALIGA2627_MW09_082_CeltaVigo_DeportivoAlavés,2026-27,9,2026-10-18,2026-10-18T14:15:00+00:00,Celta Vigo,Deportivo Alavés,,totals,,,,,,,,,,,,,,,,,,unknown,,decimal,2026-09-22T10:25:41+00:00,none_available,,False,False,unavailable,2026-09-22,"The Odds API is configured and reachable, but has not yet posted this market for this fixture (bookmakers open different markets at different times before kickoff) -- genuinely unavailable, not a collector failure."
LALIGA2627_MW09_083_RCDeportivo_LevanteUD,2026-27,9,2026-10-16,2026-10-16T19:00:00+00:00,RC Deportivo,Levante UD,,h2h,,,,,,,,,,,,,,,,,,unknown,,decimal,2026-09-22T10:25:41+00:00,none_available,,False,False,unavailable,2026-09-22,"The Odds API is configured and reachable, but has not yet posted this market for this fixture (bookmakers open different markets at different times before kickoff) -- genuinely unavailable, not a collector failure."
LALIGA2627_MW09_083_RCDeportivo_LevanteUD,2026-27,9,2026-10-16,2026-10-16T19:00:00+00:00,RC Deportivo,Levante UD,,spreads,,,,,,,,,,,,,,,,,,unknown,,decimal,2026-09-22T10:25:41+00:00,none_available,,False,False,unavailable,2026-09-22,"The Odds API is configured and reachable, but has not yet posted this market for this fixture (bookmakers open different markets at different times before kickoff) -- genuinely unavailable, not a collector failure."
LALIGA2627_MW09_083_RCDeportivo_LevanteUD,2026-27,9,2026-10-16,2026-10-16T19:00:00+00:00,RC Deportivo,Levante UD,,totals,,,,,,,,,,,,,,,,,,unknown,,decimal,2026-09-22T10:25:41+00:00,none_available,,False,False,unavailable,2026-09-22,"The Odds API is configured and reachable, but has not yet posted this market for this fixture (bookmakers open different markets at different times before kickoff) -- genuinely unavailable, not a collector failure."
LALIGA2627_MW09_084_RCDEspanyoldeBarcelona_AtléticodeMadrid,2026-27,9,2026-10-17,2026-10-17T12:00:00+00:00,RCD Espanyol de Barcelona,Atlético de Madrid,,h2h,,,,,,,,,,,,,,,,,,unknown,,decimal,2026-09-22T10:25:41+00:00,none_available,,False,False,unavailable,2026-09-22,"The Odds API is configured and reachable, but has not yet posted this market for this fixture (bookmakers open different markets at different times before kickoff) -- genuinely unavailable, not a collector failure."
LALIGA2627_MW09_084_RCDEspanyoldeBarcelona_AtléticodeMadrid,2026-27,9,2026-10-17,2026-10-17T12:00:00+00:00,RCD Espanyol de Barcelona,Atlético de Madrid,,spreads,,,,,,,,,,,,,,,,,,unknown,,decimal,2026-09-22T10:25:41+00:00,none_available,,False,False,unavailable,2026-09-22,"The Odds API is configured and reachable, but has not yet posted this market for this fixture (bookmakers open different markets at different times before kickoff) -- genuinely unavailable, not a collector failure."
LALIGA2627_MW09_084_RCDEspanyoldeBarcelona_AtléticodeMadrid,2026-27,9,2026-10-17,2026-10-17T12:00:00+00:00,RCD Espanyol de Barcelona,Atlético de Madrid,,totals,,,,,,,,,,,,,,,,,,unknown,,decimal,2026-09-22T10:25:41+00:00,none_available,,False,False,unavailable,2026-09-22,"The Odds API is configured and reachable, but has not yet posted this market for this fixture (bookmakers open different markets at different times before kickoff) -- genuinely unavailable, not a collector failure."
LALIGA2627_MW09_085_GetafeCF_RayoVallecano,2026-27,9,2026-10-19,2026-10-19T19:00:00+00:00,Getafe CF,Rayo Vallecano,pinnacle,h2h,,,,2.35,2.87,3.06,,,,,,,,,,,,current,,decimal,2026-09-22T10:25:24Z,the-odds-api.com,https://api.the-odds-api.com/v4/sports/soccer_spain_la_liga/odds/,False,True,live,2026-09-22,Real current decimal odds from The Odds API. Opening/closing snapshots are not available on the free tier and are intentionally left blank.
LALIGA2627_MW09_085_GetafeCF_RayoVallecano,2026-27,9,2026-10-19,2026-10-19T19:00:00+00:00,Getafe CF,Rayo Vallecano,nordicbet,h2h,,,,2.42,3.0,3.2,,,,,,,,,,,,current,,decimal,2026-09-22T10:24:27Z,the-odds-api.com,https://api.the-odds-api.com/v4/sports/soccer_spain_la_liga/odds/,False,True,live,2026-09-22,Real current decimal odds from The Odds API. Opening/closing snapshots are not available on the free tier and are intentionally left blank.
LALIGA2627_MW09_085_GetafeCF_RayoVallecano,2026-27,9,2026-10-19,2026-10-19T19:00:00+00:00,Getafe CF,Rayo Vallecano,betway,h2h,,,,2.3,3.0,3.1,,,,,,,,,,,,current,,decimal,2026-09-22T10:25:06Z,the-odds-api.com,https://api.the-odds-api.com/v4/sports/soccer_spain_la_liga/odds/,False,True,live,2026-09-22,Real current decimal odds from The Odds API. Opening/closing snapshots are not available on the free tier and are intentionally left blank.
LALIGA2627_MW09_085_GetafeCF_RayoVallecano,2026-27,9,2026-10-19,2026-10-19T19:00:00+00:00,Getafe CF,Rayo Vallecano,unibet_uk,h2h,,,,2.5,3.0,2.9,,,,,,,,,,,,current,,decimal,2026-09-22T10:24:26Z,the-odds-api.com,https://api.the-odds-api.com/v4/sports/soccer_spain_la_liga/odds/,False,True,live,2026-09-22,Real current decimal odds from The Odds API. Opening/closing snapshots are not available on the free tier and are intentionally left blank.
LALIGA2627_MW09_085_GetafeCF_RayoVallecano,2026-27,9,2026-10-19,2026-10-19T19:00:00+00:00,Getafe CF,Rayo Vallecano,williamhill,h2h,,,,2.45,2.9,3.0,,,,,,,,,,,,current,,decimal,2026-09-22T10:24:26Z,the-odds-api.com,https://api.the-odds-api.com/v4/sports/soccer_spain_la_liga/odds/,False,True,live,2026-09-22,Real current decimal odds from The Odds API. Opening/closing snapshots are not available on the free tier and are intentionally left blank.
LALIGA2627_MW09_085_GetafeCF_RayoVallecano,2026-27,9,2026-10-19,2026-10-19T19:00:00+00:00,Getafe CF,Rayo Vallecano,leovegas,h2h,,,,2.5,3.0,2.85,,,,,,,,,,,,current,,decimal,2026-09-22T10:24:26Z,the-odds-api.com,https://api.the-odds-api.com/v4/sports/soccer_spain_la_liga/odds/,False,True,live,2026-09-22,Real current decimal odds from The Odds API. Opening/closing snapshots are not available on the free tier and are intentionally left blank.
LALIGA2627_MW09_085_GetafeCF_RayoVallecano,2026-27,9,2026-10-19,2026-10-19T19:00:00+00:00,Getafe CF,Rayo Vallecano,tipico_de,h2h,,,,2.5,2.95,3.1,,,,,,,,,,,,current,,decimal,2026-09-22T10:24:26Z,the-odds-api.com,https://api.the-odds-api.com/v4/sports/soccer_spain_la_liga/odds/,False,True,live,2026-09-22,Real current decimal odds from The Odds API. Opening/closing snapshots are not available on the free tier and are intentionally left blank.
LALIGA2627_MW09_085_GetafeCF_RayoVallecano,2026-27,9,2026-10-19,2026-10-19T19:00:00+00:00,Getafe CF,Rayo Vallecano,betclic_fr,h2h,,,,2.38,2.9,2.82,,,,,,,,,,,,current,,decimal,2026-09-22T10:25:36Z,the-odds-api.com,https://api.the-odds-api.com/v4/sports/soccer_spain_la_liga/odds/,False,True,live,2026-09-22,Real current decimal odds from The Odds API. Opening/closing snapshots are not available on the free tier and are intentionally left blank.
LALIGA2627_MW09_085_GetafeCF_RayoVallecano,2026-27,9,2026-10-19,2026-10-19T19:00:00+00:00,Getafe CF,Rayo Vallecano,winamax_de,h2h,,,,2.5,3.15,2.7,,,,,,,,,,,,current,,decimal,2026-09-22T10:24:28Z,the-odds-api.com,https://api.the-odds-api.com/v4/sports/soccer_spain_la_liga/odds/,False,True,live,2026-09-22,Real current decimal odds from The Odds API. Opening/closing snapshots are not available on the free tier and are intentionally left blank.
LALIGA2627_MW09_085_GetafeCF_RayoVallecano,2026-27,9,2026-10-19,2026-10-19T19:00:00+00:00,Getafe CF,Rayo Vallecano,unibet_fr,h2h,,,,2.3,2.9,2.8,,,,,,,,,,,,current,,decimal,2026-09-22T10:24:26Z,the-odds-api.com,https://api.the-odds-api.com/v4/sports/soccer_spain_la_liga/odds/,False,True,live,2026-09-22,Real current decimal odds from The Odds API. Opening/closing snapshots are not available on the free tier and are intentionally left blank.
LALIGA2627_MW09_085_GetafeCF_RayoVallecano,2026-27,9,2026-10-19,2026-10-19T19:00:00+00:00,Getafe CF,Rayo Vallecano,betfred_uk,h2h,,,,2.4,3.1,3.1,,,,,,,,,,,,current,,decimal,2026-09-22T10:24:28Z,the-odds-api.com,https://api.the-odds-api.com/v4/sports/soccer_spain_la_liga/odds/,False,True,live,2026-09-22,Real current decimal odds from The Odds API. Opening/closing snapshots are not available on the free tier and are intentionally left blank.
LALIGA2627_MW09_085_GetafeCF_RayoVallecano,2026-27,9,2026-10-19,2026-10-19T19:00:00+00:00,Getafe CF,Rayo Vallecano,winamax_fr,h2h,,,,2.35,2.95,2.5,,,,,,,,,,,,current,,decimal,2026-09-22T10:25:06Z,the-odds-api.com,https://api.the-odds-api.com/v4/sports/soccer_spain_la_liga/odds/,False,True,live,2026-09-22,Real current decimal odds from The Odds API. Opening/closing snapshots are not available on the free tier and are intentionally left blank.
LALIGA2627_MW09_085_GetafeCF_RayoVallecano,2026-27,9,2026-10-19,2026-10-19T19:00:00+00:00,Getafe CF,Rayo Vallecano,boylesports,h2h,,,,2.3,2.9,3.0,,,,,,,,,,,,current,,decimal,2026-09-22T10:25:08Z,the-odds-api.com,https://api.the-odds-api.com/v4/sports/soccer_spain_la_liga/odds/,False,True,live,2026-09-22,Real current decimal odds from The Odds API. Opening/closing snapshots are not available on the free tier and are intentionally left blank.
LALIGA2627_MW09_085_GetafeCF_RayoVallecano,2026-27,9,2026-10-19,2026-10-19T19:00:00+00:00,Getafe CF,Rayo Vallecano,onexbet,h2h,,,,2.59,3.18,3.18,,,,,,,,,,,,current,,decimal,2026-09-22T10:20:53Z,the-odds-api.com,https://api.the-odds-api.com/v4/sports/soccer_spain_la_liga/odds/,False,True,live,2026-09-22,Real current decimal odds from The Odds API. Opening/closing snapshots are not available on the free tier and are intentionally left blank.
LALIGA2627_MW09_085_GetafeCF_RayoVallecano,2026-27,9,2026-10-19,2026-10-19T19:00:00+00:00,Getafe CF,Rayo Vallecano,betsson,h2h,,,,2.42,3.0,3.2,,,,,,,,,,,,current,,decimal,2026-09-22T10:24:47Z,the-odds-api.com,https://api.the-odds-api.com/v4/sports/soccer_spain_la_liga/odds/,False,True,live,2026-09-22,Real current decimal odds from The Odds API. Opening/closing snapshots are not available on the free tier and are intentionally left blank.
LALIGA2627_MW09_085_GetafeCF_RayoVallecano,2026-27,9,2026-10-19,2026-10-19T19:00:00+00:00,Getafe CF,Rayo Vallecano,smarkets,h2h,,,,2.52,2.92,3.0,,,,,,,,,,,,current,,decimal,2026-09-22T10:25:25Z,the-odds-api.com,https://api.the-odds-api.com/v4/sports/soccer_spain_la_liga/odds/,False,True,live,2026-09-22,Real current decimal odds from The Odds API. Opening/closing snapshots are not available on the free tier and are intentionally left blank.
LALIGA2627_MW09_085_GetafeCF_RayoVallecano,2026-27,9,2026-10-19,2026-10-19T19:00:00+00:00,Getafe CF,Rayo Vallecano,fanduel,h2h,,,,2.4,3.1,3.0,,,,,,,,,,,,current,,decimal,2026-09-22T10:25:23Z,the-odds-api.com,https://api.the-odds-api.com/v4/sports/soccer_spain_la_liga/odds/,False,True,live,2026-09-22,Real current decimal odds from The Odds API. Opening/closing snapshots are not available on the free tier and are intentionally left blank.
LALIGA2627_MW09_085_GetafeCF_RayoVallecano,2026-27,9,2026-10-19,2026-10-19T19:00:00+00:00,Getafe CF,Rayo Vallecano,paddypower,h2h,,,,2.38,3.0,3.0,,,,,,,,,,,,current,,decimal,2026-09-22T10:24:08Z,the-odds-api.com,https://api.the-odds-api.com/v4/sports/soccer_spain_la_liga/odds/,False,True,live,2026-09-22,Real current decimal odds from The Odds API. Opening/closing snapshots are not available on the free tier and are intentionally left blank.
LALIGA2627_MW09_085_GetafeCF_RayoVallecano,2026-27,9,2026-10-19,2026-10-19T19:00:00+00:00,Getafe CF,Rayo Vallecano,skybet,h2h,,,,2.4,3.1,3.0,,,,,,,,,,,,current,,decimal,2026-09-22T10:25:07Z,the-odds-api.com,https://api.the-odds-api.com/v4/sports/soccer_spain_la_liga/odds/,False,True,live,2026-09-22,Real current decimal odds from The Odds API. Opening/closing snapshots are not available on the free tier and are intentionally left blank.
LALIGA2627_MW09_085_GetafeCF_RayoVallecano,2026-27,9,2026-10-19,2026-10-19T19:00:00+00:00,Getafe CF,Rayo Vallecano,bovada,h2h,,,,2.45,3.0,3.2,,,,,,,,,,,,current,,decimal,2026-09-22T10:18:21Z,the-odds-api.com,https://api.the-odds-api.com/v4/sports/soccer_spain_la_liga/odds/,False,True,live,2026-09-22,Real current decimal odds from The Odds API. Opening/closing snapshots are not available on the free tier and are intentionally left blank.
LALIGA2627_MW09_085_GetafeCF_RayoVallecano,2026-27,9,2026-10-19,2026-10-19T19:00:00+00:00,Getafe CF,Rayo Vallecano,betfair_ex_uk,h2h,,,,2.56,2.94,3.05,,,,,,,,,,,,current,,decimal,2026-09-22T10:25:24Z,the-odds-api.com,https://api.the-odds-api.com/v4/sports/soccer_spain_la_liga/odds/,False,True,live,2026-09-22,Real current decimal odds from The Odds API. Opening/closing snapshots are not available on the free tier and are intentionally left blank.
LALIGA2627_MW09_085_GetafeCF_RayoVallecano,2026-27,9,2026-10-19,2026-10-19T19:00:00+00:00,Getafe CF,Rayo Vallecano,betfair_ex_eu,h2h,,,,2.56,2.94,3.05,,,,,,,,,,,,current,,decimal,2026-09-22T10:25:06Z,the-odds-api.com,https://api.the-odds-api.com/v4/sports/soccer_spain_la_liga/odds/,False,True,live,2026-09-22,Real current decimal odds from The Odds API. Opening/closing snapshots are not available on the free tier and are intentionally left blank.
LALIGA2627_MW09_085_GetafeCF_RayoVallecano,2026-27,9,2026-10-19,2026-10-19T19:00:00+00:00,Getafe CF,Rayo Vallecano,marathonbet,h2h,,,,2.52,3.1,3.1,,,,,,,,,,,,current,,decimal,2026-09-22T10:21:18Z,the-odds-api.com,https://api.the-odds-api.com/v4/sports/soccer_spain_la_liga/odds/,False,True,live,2026-09-22,Real current decimal odds from The Odds API. Opening/closing snapshots are not available on the free tier and are intentionally left blank.
LALIGA2627_MW09_085_GetafeCF_RayoVallecano,2026-27,9,2026-10-19,2026-10-19T19:00:00+00:00,Getafe CF,Rayo Vallecano,pinnacle,spreads,,,,,,,,,,-0.25,1.99,1.72,,,,,,current,,decimal,2026-09-22T10:25:24Z,the-odds-api.com,https://api.the-odds-api.com/v4/sports/soccer_spain_la_liga/odds/,False,True,live,2026-09-22,Real current decimal odds from The Odds API. Opening/closing snapshots are not available on the free tier and are intentionally left blank.
LALIGA2627_MW09_085_GetafeCF_RayoVallecano,2026-27,9,2026-10-19,2026-10-19T19:00:00+00:00,Getafe CF,Rayo Vallecano,onexbet,spreads,,,,,,,,,,0.0,1.79,2.19,,,,,,current,,decimal,2026-09-22T10:20:53Z,the-odds-api.com,https://api.the-odds-api.com/v4/sports/soccer_spain_la_liga/odds/,False,True,live,2026-09-22,Real current decimal odds from The Odds API. Opening/closing snapshots are not available on the free tier and are intentionally left blank.
LALIGA2627_MW09_085_GetafeCF_RayoVallecano,2026-27,9,2026-10-19,2026-10-19T19:00:00+00:00,Getafe CF,Rayo Vallecano,bovada,spreads,,,,,,,,,,-0.25,2.08,1.78,,,,,,current,,decimal,2026-09-22T10:18:21Z,the-odds-api.com,https://api.the-odds-api.com/v4/sports/soccer_spain_la_liga/odds/,False,True,live,2026-09-22,Real current decimal odds from The Odds API. Opening/closing snapshots are not available on the free tier and are intentionally left blank.
LALIGA2627_MW09_085_GetafeCF_RayoVallecano,2026-27,9,2026-10-19,2026-10-19T19:00:00+00:00,Getafe CF,Rayo Vallecano,pinnacle,totals,,,,,,,,,,,,,2.0,1.81,1.88,,,current,,decimal,2026-09-22T10:25:24Z,the-odds-api.com,https://api.the-odds-api.com/v4/sports/soccer_spain_la_liga/odds/,False,True,live,2026-09-22,Real current decimal odds from The Odds API. Opening/closing snapshots are not available on the free tier and are intentionally left blank.
LALIGA2627_MW09_085_GetafeCF_RayoVallecano,2026-27,9,2026-10-19,2026-10-19T19:00:00+00:00,Getafe CF,Rayo Vallecano,nordicbet,totals,,,,,,,,,,,,,2.5,2.48,1.52,,,current,,decimal,2026-09-22T10:24:27Z,the-odds-api.com,https://api.the-odds-api.com/v4/sports/soccer_spain_la_liga/odds/,False,True,live,2026-09-22,Real current decimal odds from The Odds API. Opening/closing snapshots are not available on the free tier and are intentionally left blank.
LALIGA2627_MW09_085_GetafeCF_RayoVallecano,2026-27,9,2026-10-19,2026-10-19T19:00:00+00:00,Getafe CF,Rayo Vallecano,williamhill,totals,,,,,,,,,,,,,2.5,2.45,1.5,,,current,,decimal,2026-09-22T10:24:26Z,the-odds-api.com,https://api.the-odds-api.com/v4/sports/soccer_spain_la_liga/odds/,False,True,live,2026-09-22,Real current decimal odds from The Odds API. Opening/closing snapshots are not available on the free tier and are intentionally left blank.
LALIGA2627_MW09_085_GetafeCF_RayoVallecano,2026-27,9,2026-10-19,2026-10-19T19:00:00+00:00,Getafe CF,Rayo Vallecano,leovegas,totals,,,,,,,,,,,,,2.5,2.4,1.48,,,current,,decimal,2026-09-22T10:24:26Z,the-odds-api.com,https://api.the-odds-api.com/v4/sports/soccer_spain_la_liga/odds/,False,True,live,2026-09-22,Real current decimal odds from The Odds API. Opening/closing snapshots are not available on the free tier and are intentionally left blank.
LALIGA2627_MW09_085_GetafeCF_RayoVallecano,2026-27,9,2026-10-19,2026-10-19T19:00:00+00:00,Getafe CF,Rayo Vallecano,tipico_de,totals,,,,,,,,,,,,,2.5,2.45,1.52,,,current,,decimal,2026-09-22T10:24:26Z,the-odds-api.com,https://api.the-odds-api.com/v4/sports/soccer_spain_la_liga/odds/,False,True,live,2026-09-22,Real current decimal odds from The Odds API. Opening/closing snapshots are not available on the free tier and are intentionally left blank.
LALIGA2627_MW09_085_GetafeCF_RayoVallecano,2026-27,9,2026-10-19,2026-10-19T19:00:00+00:00,Getafe CF,Rayo Vallecano,onexbet,totals,,,,,,,,,,,,,2.5,2.65,1.57,,,current,,decimal,2026-09-22T10:20:53Z,the-odds-api.com,https://api.the-odds-api.com/v4/sports/soccer_spain_la_liga/odds/,False,True,live,2026-09-22,Real current decimal odds from The Odds API. Opening/closing snapshots are not available on the free tier and are intentionally left blank.
LALIGA2627_MW09_085_GetafeCF_RayoVallecano,2026-27,9,2026-10-19,2026-10-19T19:00:00+00:00,Getafe CF,Rayo Vallecano,betsson,totals,,,,,,,,,,,,,2.5,2.52,1.54,,,current,,decimal,2026-09-22T10:24:47Z,the-odds-api.com,https://api.the-odds-api.com/v4/sports/soccer_spain_la_liga/odds/,False,True,live,2026-09-22,Real current decimal odds from The Odds API. Opening/closing snapshots are not available on the free tier and are intentionally left blank.
LALIGA2627_MW09_085_GetafeCF_RayoVallecano,2026-27,9,2026-10-19,2026-10-19T19:00:00+00:00,Getafe CF,Rayo Vallecano,bovada,totals,,,,,,,,,,,,,2.0,1.87,1.95,,,current,,decimal,2026-09-22T10:18:21Z,the-odds-api.com,https://api.the-odds-api.com/v4/sports/soccer_spain_la_liga/odds/,False,True,live,2026-09-22,Real current decimal odds from The Odds API. Opening/closing snapshots are not available on the free tier and are intentionally left blank.
LALIGA2627_MW09_086_MálagaCF_RealSociedad,2026-27,9,2026-10-18,2026-10-18T16:30:00+00:00,Málaga CF,Real Sociedad,,h2h,,,,,,,,,,,,,,,,,,unknown,,decimal,2026-09-22T10:25:41+00:00,none_available,,False,False,unavailable,2026-09-22,"The Odds API is configured and reachable, but has not yet posted this market for this fixture (bookmakers open different markets at different times before kickoff) -- genuinely unavailable, not a collector failure."
LALIGA2627_MW09_086_MálagaCF_RealSociedad,2026-27,9,2026-10-18,2026-10-18T16:30:00+00:00,Málaga CF,Real Sociedad,,spreads,,,,,,,,,,,,,,,,,,unknown,,decimal,2026-09-22T10:25:41+00:00,none_available,,False,False,unavailable,2026-09-22,"The Odds API is configured and reachable, but has not yet posted this market for this fixture (bookmakers open different markets at different times before kickoff) -- genuinely unavailable, not a collector failure."
LALIGA2627_MW09_086_MálagaCF_RealSociedad,2026-27,9,2026-10-18,2026-10-18T16:30:00+00:00,Málaga CF,Real Sociedad,,totals,,,,,,,,,,,,,,,,,,unknown,,decimal,2026-09-22T10:25:41+00:00,none_available,,False,False,unavailable,2026-09-22,"The Odds API is configured and reachable, but has not yet posted this market for this fixture (bookmakers open different markets at different times before kickoff) -- genuinely unavailable, not a collector failure."
LALIGA2627_MW09_087_CAOsasuna_R.RacingClub,2026-27,9,2026-10-18,2026-10-18T12:00:00+00:00,CA Osasuna,R. Racing Club,,h2h,,,,,,,,,,,,,,,,,,unknown,,decimal,2026-09-22T10:25:41+00:00,none_available,,False,False,unavailable,2026-09-22,"The Odds API is configured and reachable, but has not yet posted this market for this fixture (bookmakers open different markets at different times before kickoff) -- genuinely unavailable, not a collector failure."
LALIGA2627_MW09_087_CAOsasuna_R.RacingClub,2026-27,9,2026-10-18,2026-10-18T12:00:00+00:00,CA Osasuna,R. Racing Club,,spreads,,,,,,,,,,,,,,,,,,unknown,,decimal,2026-09-22T10:25:41+00:00,none_available,,False,False,unavailable,2026-09-22,"The Odds API is configured and reachable, but has not yet posted this market for this fixture (bookmakers open different markets at different times before kickoff) -- genuinely unavailable, not a collector failure."
LALIGA2627_MW09_087_CAOsasuna_R.RacingClub,2026-27,9,2026-10-18,2026-10-18T12:00:00+00:00,CA Osasuna,R. Racing Club,,totals,,,,,,,,,,,,,,,,,,unknown,,decimal,2026-09-22T10:25:41+00:00,none_available,,False,False,unavailable,2026-09-22,"The Odds API is configured and reachable, but has not yet posted this market for this fixture (bookmakers open different markets at different times before kickoff) -- genuinely unavailable, not a collector failure."
LALIGA2627_MW09_088_RealMadrid_SevillaFC,2026-27,9,2026-10-18,2026-10-18T19:00:00+00:00,Real Madrid,Sevilla FC,pinnacle,h2h,,,,1.21,7.26,10.32,,,,,,,,,,,,current,,decimal,2026-09-22T10:25:24Z,the-odds-api.com,https://api.the-odds-api.com/v4/sports/soccer_spain_la_liga/odds/,False,True,live,2026-09-22,Real current decimal odds from The Odds API. Opening/closing snapshots are not available on the free tier and are intentionally left blank.
LALIGA2627_MW09_088_RealMadrid_SevillaFC,2026-27,9,2026-10-18,2026-10-18T19:00:00+00:00,Real Madrid,Sevilla FC,nordicbet,h2h,,,,1.23,6.1,12.5,,,,,,,,,,,,current,,decimal,2026-09-22T10:24:27Z,the-odds-api.com,https://api.the-odds-api.com/v4/sports/soccer_spain_la_liga/odds/,False,True,live,2026-09-22,Real current decimal odds from The Odds API. Opening/closing snapshots are not available on the free tier and are intentionally left blank.
LALIGA2627_MW09_088_RealMadrid_SevillaFC,2026-27,9,2026-10-18,2026-10-18T19:00:00+00:00,Real Madrid,Sevilla FC,smarkets,h2h,,,,1.22,6.8,12.0,,,,,,,,,,,,current,,decimal,2026-09-22T10:25:25Z,the-odds-api.com,https://api.the-odds-api.com/v4/sports/soccer_spain_la_liga/odds/,False,True,live,2026-09-22,Real current decimal odds from The Odds API. Opening/closing snapshots are not available on the free tier and are intentionally left blank.
LALIGA2627_MW09_088_RealMadrid_SevillaFC,2026-27,9,2026-10-18,2026-10-18T19:00:00+00:00,Real Madrid,Sevilla FC,marathonbet,h2h,,,,1.24,6.8,11.25,,,,,,,,,,,,current,,decimal,2026-09-22T10:21:18Z,the-odds-api.com,https://api.the-odds-api.com/v4/sports/soccer_spain_la_liga/odds/,False,True,live,2026-09-22,Real current decimal odds from The Odds API. Opening/closing snapshots are not available on the free tier and are intentionally left blank.
LALIGA2627_MW09_088_RealMadrid_SevillaFC,2026-27,9,2026-10-18,2026-10-18T19:00:00+00:00,Real Madrid,Sevilla FC,betway,h2h,,,,1.2,7.0,9.0,,,,,,,,,,,,current,,decimal,2026-09-22T10:25:06Z,the-odds-api.com,https://api.the-odds-api.com/v4/sports/soccer_spain_la_liga/odds/,False,True,live,2026-09-22,Real current decimal odds from The Odds API. Opening/closing snapshots are not available on the free tier and are intentionally left blank.
LALIGA2627_MW09_088_RealMadrid_SevillaFC,2026-27,9,2026-10-18,2026-10-18T19:00:00+00:00,Real Madrid,Sevilla FC,unibet_uk,h2h,,,,1.22,6.0,10.0,,,,,,,,,,,,current,,decimal,2026-09-22T10:24:26Z,the-odds-api.com,https://api.the-odds-api.com/v4/sports/soccer_spain_la_liga/odds/,False,True,live,2026-09-22,Real current decimal odds from The Odds API. Opening/closing snapshots are not available on the free tier and are intentionally left blank.
LALIGA2627_MW09_088_RealMadrid_SevillaFC,2026-27,9,2026-10-18,2026-10-18T19:00:00+00:00,Real Madrid,Sevilla FC,williamhill,h2h,,,,1.22,6.0,10.0,,,,,,,,,,,,current,,decimal,2026-09-22T10:24:26Z,the-odds-api.com,https://api.the-odds-api.com/v4/sports/soccer_spain_la_liga/odds/,False,True,live,2026-09-22,Real current decimal odds from The Odds API. Opening/closing snapshots are not available on the free tier and are intentionally left blank.
LALIGA2627_MW09_088_RealMadrid_SevillaFC,2026-27,9,2026-10-18,2026-10-18T19:00:00+00:00,Real Madrid,Sevilla FC,leovegas,h2h,,,,1.21,6.5,9.0,,,,,,,,,,,,current,,decimal,2026-09-22T10:24:26Z,the-odds-api.com,https://api.the-odds-api.com/v4/sports/soccer_spain_la_liga/odds/,False,True,live,2026-09-22,Real current decimal odds from The Odds API. Opening/closing snapshots are not available on the free tier and are intentionally left blank.
LALIGA2627_MW09_088_RealMadrid_SevillaFC,2026-27,9,2026-10-18,2026-10-18T19:00:00+00:00,Real Madrid,Sevilla FC,tipico_de,h2h,,,,1.2,7.8,10.0,,,,,,,,,,,,current,,decimal,2026-09-22T10:24:26Z,the-odds-api.com,https://api.the-odds-api.com/v4/sports/soccer_spain_la_liga/odds/,False,True,live,2026-09-22,Real current decimal odds from The Odds API. Opening/closing snapshots are not available on the free tier and are intentionally left blank.
LALIGA2627_MW09_088_RealMadrid_SevillaFC,2026-27,9,2026-10-18,2026-10-18T19:00:00+00:00,Real Madrid,Sevilla FC,betclic_fr,h2h,,,,1.19,6.0,8.75,,,,,,,,,,,,current,,decimal,2026-09-22T10:25:36Z,the-odds-api.com,https://api.the-odds-api.com/v4/sports/soccer_spain_la_liga/odds/,False,True,live,2026-09-22,Real current decimal odds from The Odds API. Opening/closing snapshots are not available on the free tier and are intentionally left blank.
LALIGA2627_MW09_088_RealMadrid_SevillaFC,2026-27,9,2026-10-18,2026-10-18T19:00:00+00:00,Real Madrid,Sevilla FC,winamax_de,h2h,,,,1.21,6.75,8.5,,,,,,,,,,,,current,,decimal,2026-09-22T10:24:28Z,the-odds-api.com,https://api.the-odds-api.com/v4/sports/soccer_spain_la_liga/odds/,False,True,live,2026-09-22,Real current decimal odds from The Odds API. Opening/closing snapshots are not available on the free tier and are intentionally left blank.
LALIGA2627_MW09_088_RealMadrid_SevillaFC,2026-27,9,2026-10-18,2026-10-18T19:00:00+00:00,Real Madrid,Sevilla FC,unibet_fr,h2h,,,,1.17,6.0,8.7,,,,,,,,,,,,current,,decimal,2026-09-22T10:24:26Z,the-odds-api.com,https://api.the-odds-api.com/v4/sports/soccer_spain_la_liga/odds/,False,True,live,2026-09-22,Real current decimal odds from The Odds API. Opening/closing snapshots are not available on the free tier and are intentionally left blank.
LALIGA2627_MW09_088_RealMadrid_SevillaFC,2026-27,9,2026-10-18,2026-10-18T19:00:00+00:00,Real Madrid,Sevilla FC,betfred_uk,h2h,,,,1.22,6.5,11.0,,,,,,,,,,,,current,,decimal,2026-09-22T10:24:28Z,the-odds-api.com,https://api.the-odds-api.com/v4/sports/soccer_spain_la_liga/odds/,False,True,live,2026-09-22,Real current decimal odds from The Odds API. Opening/closing snapshots are not available on the free tier and are intentionally left blank.
LALIGA2627_MW09_088_RealMadrid_SevillaFC,2026-27,9,2026-10-18,2026-10-18T19:00:00+00:00,Real Madrid,Sevilla FC,winamax_fr,h2h,,,,1.18,5.8,7.5,,,,,,,,,,,,current,,decimal,2026-09-22T10:25:06Z,the-odds-api.com,https://api.the-odds-api.com/v4/sports/soccer_spain_la_liga/odds/,False,True,live,2026-09-22,Real current decimal odds from The Odds API. Opening/closing snapshots are not available on the free tier and are intentionally left blank.
LALIGA2627_MW09_088_RealMadrid_SevillaFC,2026-27,9,2026-10-18,2026-10-18T19:00:00+00:00,Real Madrid,Sevilla FC,boylesports,h2h,,,,1.2,6.5,10.0,,,,,,,,,,,,current,,decimal,2026-09-22T10:25:08Z,the-odds-api.com,https://api.the-odds-api.com/v4/sports/soccer_spain_la_liga/odds/,False,True,live,2026-09-22,Real current decimal odds from The Odds API. Opening/closing snapshots are not available on the free tier and are intentionally left blank.
LALIGA2627_MW09_088_RealMadrid_SevillaFC,2026-27,9,2026-10-18,2026-10-18T19:00:00+00:00,Real Madrid,Sevilla FC,onexbet,h2h,,,,1.26,7.16,11.8,,,,,,,,,,,,current,,decimal,2026-09-22T10:20:53Z,the-odds-api.com,https://api.the-odds-api.com/v4/sports/soccer_spain_la_liga/odds/,False,True,live,2026-09-22,Real current decimal odds from The Odds API. Opening/closing snapshots are not available on the free tier and are intentionally left blank.
LALIGA2627_MW09_088_RealMadrid_SevillaFC,2026-27,9,2026-10-18,2026-10-18T19:00:00+00:00,Real Madrid,Sevilla FC,betsson,h2h,,,,1.23,6.2,12.5,,,,,,,,,,,,current,,decimal,2026-09-22T10:24:47Z,the-odds-api.com,https://api.the-odds-api.com/v4/sports/soccer_spain_la_liga/odds/,False,True,live,2026-09-22,Real current decimal odds from The Odds API. Opening/closing snapshots are not available on the free tier and are intentionally left blank.
LALIGA2627_MW09_088_RealMadrid_SevillaFC,2026-27,9,2026-10-18,2026-10-18T19:00:00+00:00,Real Madrid,Sevilla FC,fanduel,h2h,,,,1.18,6.5,10.5,,,,,,,,,,,,current,,decimal,2026-09-22T10:25:23Z,the-odds-api.com,https://api.the-odds-api.com/v4/sports/soccer_spain_la_liga/odds/,False,True,live,2026-09-22,Real current decimal odds from The Odds API. Opening/closing snapshots are not available on the free tier and are intentionally left blank.
LALIGA2627_MW09_088_RealMadrid_SevillaFC,2026-27,9,2026-10-18,2026-10-18T19:00:00+00:00,Real Madrid,Sevilla FC,paddypower,h2h,,,,1.18,6.5,11.0,,,,,,,,,,,,current,,decimal,2026-09-22T10:24:08Z,the-odds-api.com,https://api.the-odds-api.com/v4/sports/soccer_spain_la_liga/odds/,False,True,live,2026-09-22,Real current decimal odds from The Odds API. Opening/closing snapshots are not available on the free tier and are intentionally left blank.
LALIGA2627_MW09_088_RealMadrid_SevillaFC,2026-27,9,2026-10-18,2026-10-18T19:00:00+00:00,Real Madrid,Sevilla FC,skybet,h2h,,,,1.2,6.5,11.0,,,,,,,,,,,,current,,decimal,2026-09-22T10:25:07Z,the-odds-api.com,https://api.the-odds-api.com/v4/sports/soccer_spain_la_liga/odds/,False,True,live,2026-09-22,Real current decimal odds from The Odds API. Opening/closing snapshots are not available on the free tier and are intentionally left blank.
LALIGA2627_MW09_088_RealMadrid_SevillaFC,2026-27,9,2026-10-18,2026-10-18T19:00:00+00:00,Real Madrid,Sevilla FC,betfair_ex_uk,h2h,,,,1.23,7.0,12.5,,,,,,,,,,,,current,,decimal,2026-09-22T10:25:24Z,the-odds-api.com,https://api.the-odds-api.com/v4/sports/soccer_spain_la_liga/odds/,False,True,live,2026-09-22,Real current decimal odds from The Odds API. Opening/closing snapshots are not available on the free tier and are intentionally left blank.
LALIGA2627_MW09_088_RealMadrid_SevillaFC,2026-27,9,2026-10-18,2026-10-18T19:00:00+00:00,Real Madrid,Sevilla FC,betfair_ex_eu,h2h,,,,1.23,7.0,12.5,,,,,,,,,,,,current,,decimal,2026-09-22T10:25:06Z,the-odds-api.com,https://api.the-odds-api.com/v4/sports/soccer_spain_la_liga/odds/,False,True,live,2026-09-22,Real current decimal odds from The Odds API. Opening/closing snapshots are not available on the free tier and are intentionally left blank.
LALIGA2627_MW09_088_RealMadrid_SevillaFC,2026-27,9,2026-10-18,2026-10-18T19:00:00+00:00,Real Madrid,Sevilla FC,bovada,h2h,,,,1.21,7.25,10.75,,,,,,,,,,,,current,,decimal,2026-09-22T10:18:21Z,the-odds-api.com,https://api.the-odds-api.com/v4/sports/soccer_spain_la_liga/odds/,False,True,live,2026-09-22,Real current decimal odds from The Odds API. Opening/closing snapshots are not available on the free tier and are intentionally left blank.
LALIGA2627_MW09_088_RealMadrid_SevillaFC,2026-27,9,2026-10-18,2026-10-18T19:00:00+00:00,Real Madrid,Sevilla FC,pinnacle,spreads,,,,,,,,,,-2.0,2.05,1.8,,,,,,current,,decimal,2026-09-22T10:25:24Z,the-odds-api.com,https://api.the-odds-api.com/v4/sports/soccer_spain_la_liga/odds/,False,True,live,2026-09-22,Real current decimal odds from The Odds API. Opening/closing snapshots are not available on the free tier and are intentionally left blank.
LALIGA2627_MW09_088_RealMadrid_SevillaFC,2026-27,9,2026-10-18,2026-10-18T19:00:00+00:00,Real Madrid,Sevilla FC,onexbet,spreads,,,,,,,,,,-1.5,1.71,2.33,,,,,,current,,decimal,2026-09-22T10:20:53Z,the-odds-api.com,https://api.the-odds-api.com/v4/sports/soccer_spain_la_liga/odds/,False,True,live,2026-09-22,Real current decimal odds from The Odds API. Opening/closing snapshots are not available on the free tier and are intentionally left blank.
LALIGA2627_MW09_088_RealMadrid_SevillaFC,2026-27,9,2026-10-18,2026-10-18T19:00:00+00:00,Real Madrid,Sevilla FC,bovada,spreads,,,,,,,,,,-2.0,2.05,1.8,,,,,,current,,decimal,2026-09-22T10:18:21Z,the-odds-api.com,https://api.the-odds-api.com/v4/sports/soccer_spain_la_liga/odds/,False,True,live,2026-09-22,Real current decimal odds from The Odds API. Opening/closing snapshots are not available on the free tier and are intentionally left blank.
LALIGA2627_MW09_088_RealMadrid_SevillaFC,2026-27,9,2026-10-18,2026-10-18T19:00:00+00:00,Real Madrid,Sevilla FC,pinnacle,totals,,,,,,,,,,,,,3.5,1.94,1.87,,,current,,decimal,2026-09-22T10:25:24Z,the-odds-api.com,https://api.the-odds-api.com/v4/sports/soccer_spain_la_liga/odds/,False,True,live,2026-09-22,Real current decimal odds from The Odds API. Opening/closing snapshots are not available on the free tier and are intentionally left blank.
LALIGA2627_MW09_088_RealMadrid_SevillaFC,2026-27,9,2026-10-18,2026-10-18T19:00:00+00:00,Real Madrid,Sevilla FC,nordicbet,totals,,,,,,,,,,,,,2.5,1.37,3.05,,,current,,decimal,2026-09-22T10:24:27Z,the-odds-api.com,https://api.the-odds-api.com/v4/sports/soccer_spain_la_liga/odds/,False,True,live,2026-09-22,Real current decimal odds from The Odds API. Opening/closing snapshots are not available on the free tier and are intentionally left blank.
LALIGA2627_MW09_088_RealMadrid_SevillaFC,2026-27,9,2026-10-18,2026-10-18T19:00:00+00:00,Real Madrid,Sevilla FC,williamhill,totals,,,,,,,,,,,,,2.5,1.36,3.1,,,current,,decimal,2026-09-22T10:24:26Z,the-odds-api.com,https://api.the-odds-api.com/v4/sports/soccer_spain_la_liga/odds/,False,True,live,2026-09-22,Real current decimal odds from The Odds API. Opening/closing snapshots are not available on the free tier and are intentionally left blank.
LALIGA2627_MW09_088_RealMadrid_SevillaFC,2026-27,9,2026-10-18,2026-10-18T19:00:00+00:00,Real Madrid,Sevilla FC,leovegas,totals,,,,,,,,,,,,,3.5,1.83,1.83,,,current,,decimal,2026-09-22T10:24:26Z,the-odds-api.com,https://api.the-odds-api.com/v4/sports/soccer_spain_la_liga/odds/,False,True,live,2026-09-22,Real current decimal odds from The Odds API. Opening/closing snapshots are not available on the free tier and are intentionally left blank.
LALIGA2627_MW09_088_RealMadrid_SevillaFC,2026-27,9,2026-10-18,2026-10-18T19:00:00+00:00,Real Madrid,Sevilla FC,tipico_de,totals,,,,,,,,,,,,,3.5,1.83,1.9,,,current,,decimal,2026-09-22T10:24:26Z,the-odds-api.com,https://api.the-odds-api.com/v4/sports/soccer_spain_la_liga/odds/,False,True,live,2026-09-22,Real current decimal odds from The Odds API. Opening/closing snapshots are not available on the free tier and are intentionally left blank.
LALIGA2627_MW09_088_RealMadrid_SevillaFC,2026-27,9,2026-10-18,2026-10-18T19:00:00+00:00,Real Madrid,Sevilla FC,onexbet,totals,,,,,,,,,,,,,3.5,1.95,1.99,,,current,,decimal,2026-09-22T10:20:53Z,the-odds-api.com,https://api.the-odds-api.com/v4/sports/soccer_spain_la_liga/odds/,False,True,live,2026-09-22,Real current decimal odds from The Odds API. Opening/closing snapshots are not available on the free tier and are intentionally left blank.
LALIGA2627_MW09_088_RealMadrid_SevillaFC,2026-27,9,2026-10-18,2026-10-18T19:00:00+00:00,Real Madrid,Sevilla FC,betsson,totals,,,,,,,,,,,,,2.5,1.38,3.1,,,current,,decimal,2026-09-22T10:24:47Z,the-odds-api.com,https://api.the-odds-api.com/v4/sports/soccer_spain_la_liga/odds/,False,True,live,2026-09-22,Real current decimal odds from The Odds API. Opening/closing snapshots are not available on the free tier and are intentionally left blank.
LALIGA2627_MW09_088_RealMadrid_SevillaFC,2026-27,9,2026-10-18,2026-10-18T19:00:00+00:00,Real Madrid,Sevilla FC,bovada,totals,,,,,,,,,,,,,3.5,1.95,1.87,,,current,,decimal,2026-09-22T10:18:21Z,the-odds-api.com,https://api.the-odds-api.com/v4/sports/soccer_spain_la_liga/odds/,False,True,live,2026-09-22,Real current decimal odds from The Odds API. Opening/closing snapshots are not available on the free tier and are intentionally left blank.
LALIGA2627_MW09_089_ValenciaCF_AthleticClub,2026-27,9,2026-10-17,2026-10-17T19:00:00+00:00,Valencia CF,Athletic Club,pinnacle,h2h,,,,3.58,3.41,2.09,,,,,,,,,,,,current,,decimal,2026-09-22T10:25:24Z,the-odds-api.com,https://api.the-odds-api.com/v4/sports/soccer_spain_la_liga/odds/,False,True,live,2026-09-22,Real current decimal odds from The Odds API. Opening/closing snapshots are not available on the free tier and are intentionally left blank.
LALIGA2627_MW09_089_ValenciaCF_AthleticClub,2026-27,9,2026-10-17,2026-10-17T19:00:00+00:00,Valencia CF,Athletic Club,nordicbet,h2h,,,,3.55,3.4,2.08,,,,,,,,,,,,current,,decimal,2026-09-22T10:24:27Z,the-odds-api.com,https://api.the-odds-api.com/v4/sports/soccer_spain_la_liga/odds/,False,True,live,2026-09-22,Real current decimal odds from The Odds API. Opening/closing snapshots are not available on the free tier and are intentionally left blank.
LALIGA2627_MW09_089_ValenciaCF_AthleticClub,2026-27,9,2026-10-17,2026-10-17T19:00:00+00:00,Valencia CF,Athletic Club,betway,h2h,,,,3.4,3.3,2.05,,,,,,,,,,,,current,,decimal,2026-09-22T10:25:06Z,the-odds-api.com,https://api.the-odds-api.com/v4/sports/soccer_spain_la_liga/odds/,False,True,live,2026-09-22,Real current decimal odds from The Odds API. Opening/closing snapshots are not available on the free tier and are intentionally left blank.
LALIGA2627_MW09_089_ValenciaCF_AthleticClub,2026-27,9,2026-10-17,2026-10-17T19:00:00+00:00,Valencia CF,Athletic Club,unibet_uk,h2h,,,,3.3,3.3,2.08,,,,,,,,,,,,current,,decimal,2026-09-22T10:24:26Z,the-odds-api.com,https://api.the-odds-api.com/v4/sports/soccer_spain_la_liga/odds/,False,True,live,2026-09-22,Real current decimal odds from The Odds API. Opening/closing snapshots are not available on the free tier and are intentionally left blank.
LALIGA2627_MW09_089_ValenciaCF_AthleticClub,2026-27,9,2026-10-17,2026-10-17T19:00:00+00:00,Valencia CF,Athletic Club,williamhill,h2h,,,,3.3,3.3,2.1,,,,,,,,,,,,current,,decimal,2026-09-22T10:24:26Z,the-odds-api.com,https://api.the-odds-api.com/v4/sports/soccer_spain_la_liga/odds/,False,True,live,2026-09-22,Real current decimal odds from The Odds API. Opening/closing snapshots are not available on the free tier and are intentionally left blank.
LALIGA2627_MW09_089_ValenciaCF_AthleticClub,2026-27,9,2026-10-17,2026-10-17T19:00:00+00:00,Valencia CF,Athletic Club,leovegas,h2h,,,,3.25,3.3,2.08,,,,,,,,,,,,current,,decimal,2026-09-22T10:24:26Z,the-odds-api.com,https://api.the-odds-api.com/v4/sports/soccer_spain_la_liga/odds/,False,True,live,2026-09-22,Real current decimal odds from The Odds API. Opening/closing snapshots are not available on the free tier and are intentionally left blank.
LALIGA2627_MW09_089_ValenciaCF_AthleticClub,2026-27,9,2026-10-17,2026-10-17T19:00:00+00:00,Valencia CF,Athletic Club,tipico_de,h2h,,,,3.6,3.4,2.05,,,,,,,,,,,,current,,decimal,2026-09-22T10:24:26Z,the-odds-api.com,https://api.the-odds-api.com/v4/sports/soccer_spain_la_liga/odds/,False,True,live,2026-09-22,Real current decimal odds from The Odds API. Opening/closing snapshots are not available on the free tier and are intentionally left blank.
LALIGA2627_MW09_089_ValenciaCF_AthleticClub,2026-27,9,2026-10-17,2026-10-17T19:00:00+00:00,Valencia CF,Athletic Club,betclic_fr,h2h,,,,3.23,3.23,2.0,,,,,,,,,,,,current,,decimal,2026-09-22T10:25:36Z,the-odds-api.com,https://api.the-odds-api.com/v4/sports/soccer_spain_la_liga/odds/,False,True,live,2026-09-22,Real current decimal odds from The Odds API. Opening/closing snapshots are not available on the free tier and are intentionally left blank.
LALIGA2627_MW09_089_ValenciaCF_AthleticClub,2026-27,9,2026-10-17,2026-10-17T19:00:00+00:00,Valencia CF,Athletic Club,winamax_de,h2h,,,,3.25,3.4,2.05,,,,,,,,,,,,current,,decimal,2026-09-22T10:24:28Z,the-odds-api.com,https://api.the-odds-api.com/v4/sports/soccer_spain_la_liga/odds/,False,True,live,2026-09-22,Real current decimal odds from The Odds API. Opening/closing snapshots are not available on the free tier and are intentionally left blank.
LALIGA2627_MW09_089_ValenciaCF_AthleticClub,2026-27,9,2026-10-17,2026-10-17T19:00:00+00:00,Valencia CF,Athletic Club,unibet_fr,h2h,,,,3.2,3.2,1.93,,,,,,,,,,,,current,,decimal,2026-09-22T10:24:26Z,the-odds-api.com,https://api.the-odds-api.com/v4/sports/soccer_spain_la_liga/odds/,False,True,live,2026-09-22,Real current decimal odds from The Odds API. Opening/closing snapshots are not available on the free tier and are intentionally left blank.
LALIGA2627_MW09_089_ValenciaCF_AthleticClub,2026-27,9,2026-10-17,2026-10-17T19:00:00+00:00,Valencia CF,Athletic Club,betfred_uk,h2h,,,,3.4,3.5,2.1,,,,,,,,,,,,current,,decimal,2026-09-22T10:24:28Z,the-odds-api.com,https://api.the-odds-api.com/v4/sports/soccer_spain_la_liga/odds/,False,True,live,2026-09-22,Real current decimal odds from The Odds API. Opening/closing snapshots are not available on the free tier and are intentionally left blank.
LALIGA2627_MW09_089_ValenciaCF_AthleticClub,2026-27,9,2026-10-17,2026-10-17T19:00:00+00:00,Valencia CF,Athletic Club,winamax_fr,h2h,,,,3.0,3.15,1.96,,,,,,,,,,,,current,,decimal,2026-09-22T10:25:06Z,the-odds-api.com,https://api.the-odds-api.com/v4/sports/soccer_spain_la_liga/odds/,False,True,live,2026-09-22,Real current decimal odds from The Odds API. Opening/closing snapshots are not available on the free tier and are intentionally left blank.
LALIGA2627_MW09_089_ValenciaCF_AthleticClub,2026-27,9,2026-10-17,2026-10-17T19:00:00+00:00,Valencia CF,Athletic Club,boylesports,h2h,,,,3.4,3.25,2.0,,,,,,,,,,,,current,,decimal,2026-09-22T10:25:08Z,the-odds-api.com,https://api.the-odds-api.com/v4/sports/soccer_spain_la_liga/odds/,False,True,live,2026-09-22,Real current decimal odds from The Odds API. Opening/closing snapshots are not available on the free tier and are intentionally left blank.
LALIGA2627_MW09_089_ValenciaCF_AthleticClub,2026-27,9,2026-10-17,2026-10-17T19:00:00+00:00,Valencia CF,Athletic Club,onexbet,h2h,,,,3.6,3.54,2.2,,,,,,,,,,,,current,,decimal,2026-09-22T10:20:53Z,the-odds-api.com,https://api.the-odds-api.com/v4/sports/soccer_spain_la_liga/odds/,False,True,live,2026-09-22,Real current decimal odds from The Odds API. Opening/closing snapshots are not available on the free tier and are intentionally left blank.
LALIGA2627_MW09_089_ValenciaCF_AthleticClub,2026-27,9,2026-10-17,2026-10-17T19:00:00+00:00,Valencia CF,Athletic Club,betsson,h2h,,,,3.55,3.4,2.08,,,,,,,,,,,,current,,decimal,2026-09-22T10:24:47Z,the-odds-api.com,https://api.the-odds-api.com/v4/sports/soccer_spain_la_liga/odds/,False,True,live,2026-09-22,Real current decimal odds from The Odds API. Opening/closing snapshots are not available on the free tier and are intentionally left blank.
LALIGA2627_MW09_089_ValenciaCF_AthleticClub,2026-27,9,2026-10-17,2026-10-17T19:00:00+00:00,Valencia CF,Athletic Club,smarkets,h2h,,,,3.1,2.98,1.97,,,,,,,,,,,,current,,decimal,2026-09-22T10:25:25Z,the-odds-api.com,https://api.the-odds-api.com/v4/sports/soccer_spain_la_liga/odds/,False,True,live,2026-09-22,Real current decimal odds from The Odds API. Opening/closing snapshots are not available on the free tier and are intentionally left blank.
LALIGA2627_MW09_089_ValenciaCF_AthleticClub,2026-27,9,2026-10-17,2026-10-17T19:00:00+00:00,Valencia CF,Athletic Club,fanduel,h2h,,,,3.4,3.4,2.1,,,,,,,,,,,,current,,decimal,2026-09-22T10:25:23Z,the-odds-api.com,https://api.the-odds-api.com/v4/sports/soccer_spain_la_liga/odds/,False,True,live,2026-09-22,Real current decimal odds from The Odds API. Opening/closing snapshots are not available on the free tier and are intentionally left blank.
LALIGA2627_MW09_089_ValenciaCF_AthleticClub,2026-27,9,2026-10-17,2026-10-17T19:00:00+00:00,Valencia CF,Athletic Club,paddypower,h2h,,,,3.3,3.4,2.05,,,,,,,,,,,,current,,decimal,2026-09-22T10:24:08Z,the-odds-api.com,https://api.the-odds-api.com/v4/sports/soccer_spain_la_liga/odds/,False,True,live,2026-09-22,Real current decimal odds from The Odds API. Opening/closing snapshots are not available on the free tier and are intentionally left blank.
LALIGA2627_MW09_089_ValenciaCF_AthleticClub,2026-27,9,2026-10-17,2026-10-17T19:00:00+00:00,Valencia CF,Athletic Club,skybet,h2h,,,,3.3,3.4,2.05,,,,,,,,,,,,current,,decimal,2026-09-22T10:25:07Z,the-odds-api.com,https://api.the-odds-api.com/v4/sports/soccer_spain_la_liga/odds/,False,True,live,2026-09-22,Real current decimal odds from The Odds API. Opening/closing snapshots are not available on the free tier and are intentionally left blank.
LALIGA2627_MW09_089_ValenciaCF_AthleticClub,2026-27,9,2026-10-17,2026-10-17T19:00:00+00:00,Valencia CF,Athletic Club,betfair_ex_uk,h2h,,,,3.65,3.35,2.1,,,,,,,,,,,,current,,decimal,2026-09-22T10:25:24Z,the-odds-api.com,https://api.the-odds-api.com/v4/sports/soccer_spain_la_liga/odds/,False,True,live,2026-09-22,Real current decimal odds from The Odds API. Opening/closing snapshots are not available on the free tier and are intentionally left blank.
LALIGA2627_MW09_089_ValenciaCF_AthleticClub,2026-27,9,2026-10-17,2026-10-17T19:00:00+00:00,Valencia CF,Athletic Club,betfair_ex_eu,h2h,,,,3.65,3.35,2.1,,,,,,,,,,,,current,,decimal,2026-09-22T10:25:06Z,the-odds-api.com,https://api.the-odds-api.com/v4/sports/soccer_spain_la_liga/odds/,False,True,live,2026-09-22,Real current decimal odds from The Odds API. Opening/closing snapshots are not available on the free tier and are intentionally left blank.
LALIGA2627_MW09_089_ValenciaCF_AthleticClub,2026-27,9,2026-10-17,2026-10-17T19:00:00+00:00,Valencia CF,Athletic Club,bovada,h2h,,,,3.55,3.4,2.09,,,,,,,,,,,,current,,decimal,2026-09-22T10:18:21Z,the-odds-api.com,https://api.the-odds-api.com/v4/sports/soccer_spain_la_liga/odds/,False,True,live,2026-09-22,Real current decimal odds from The Odds API. Opening/closing snapshots are not available on the free tier and are intentionally left blank.
LALIGA2627_MW09_089_ValenciaCF_AthleticClub,2026-27,9,2026-10-17,2026-10-17T19:00:00+00:00,Valencia CF,Athletic Club,marathonbet,h2h,,,,3.5,3.45,2.14,,,,,,,,,,,,current,,decimal,2026-09-22T10:21:18Z,the-odds-api.com,https://api.the-odds-api.com/v4/sports/soccer_spain_la_liga/odds/,False,True,live,2026-09-22,Real current decimal odds from The Odds API. Opening/closing snapshots are not available on the free tier and are intentionally left blank.
LALIGA2627_MW09_089_ValenciaCF_AthleticClub,2026-27,9,2026-10-17,2026-10-17T19:00:00+00:00,Valencia CF,Athletic Club,pinnacle,spreads,,,,,,,,,,0.25,2.06,1.81,,,,,,current,,decimal,2026-09-22T10:25:24Z,the-odds-api.com,https://api.the-odds-api.com/v4/sports/soccer_spain_la_liga/odds/,False,True,live,2026-09-22,Real current decimal odds from The Odds API. Opening/closing snapshots are not available on the free tier and are intentionally left blank.
LALIGA2627_MW09_089_ValenciaCF_AthleticClub,2026-27,9,2026-10-17,2026-10-17T19:00:00+00:00,Valencia CF,Athletic Club,onexbet,spreads,,,,,,,,,,0.0,2.6,1.59,,,,,,current,,decimal,2026-09-22T10:20:53Z,the-odds-api.com,https://api.the-odds-api.com/v4/sports/soccer_spain_la_liga/odds/,False,True,live,2026-09-22,Real current decimal odds from The Odds API. Opening/closing snapshots are not available on the free tier and are intentionally left blank.
LALIGA2627_MW09_089_ValenciaCF_AthleticClub,2026-27,9,2026-10-17,2026-10-17T19:00:00+00:00,Valencia CF,Athletic Club,bovada,spreads,,,,,,,,,,0.25,2.05,1.8,,,,,,current,,decimal,2026-09-22T10:18:21Z,the-odds-api.com,https://api.the-odds-api.com/v4/sports/soccer_spain_la_liga/odds/,False,True,live,2026-09-22,Real current decimal odds from The Odds API. Opening/closing snapshots are not available on the free tier and are intentionally left blank.
LALIGA2627_MW09_089_ValenciaCF_AthleticClub,2026-27,9,2026-10-17,2026-10-17T19:00:00+00:00,Valencia CF,Athletic Club,pinnacle,totals,,,,,,,,,,,,,2.5,2.03,1.82,,,current,,decimal,2026-09-22T10:25:24Z,the-odds-api.com,https://api.the-odds-api.com/v4/sports/soccer_spain_la_liga/odds/,False,True,live,2026-09-22,Real current decimal odds from The Odds API. Opening/closing snapshots are not available on the free tier and are intentionally left blank.
LALIGA2627_MW09_089_ValenciaCF_AthleticClub,2026-27,9,2026-10-17,2026-10-17T19:00:00+00:00,Valencia CF,Athletic Club,nordicbet,totals,,,,,,,,,,,,,2.5,1.95,1.82,,,current,,decimal,2026-09-22T10:24:27Z,the-odds-api.com,https://api.the-odds-api.com/v4/sports/soccer_spain_la_liga/odds/,False,True,live,2026-09-22,Real current decimal odds from The Odds API. Opening/closing snapshots are not available on the free tier and are intentionally left blank.
LALIGA2627_MW09_089_ValenciaCF_AthleticClub,2026-27,9,2026-10-17,2026-10-17T19:00:00+00:00,Valencia CF,Athletic Club,williamhill,totals,,,,,,,,,,,,,2.5,2.05,1.75,,,current,,decimal,2026-09-22T10:24:26Z,the-odds-api.com,https://api.the-odds-api.com/v4/sports/soccer_spain_la_liga/odds/,False,True,live,2026-09-22,Real current decimal odds from The Odds API. Opening/closing snapshots are not available on the free tier and are intentionally left blank.
LALIGA2627_MW09_089_ValenciaCF_AthleticClub,2026-27,9,2026-10-17,2026-10-17T19:00:00+00:00,Valencia CF,Athletic Club,leovegas,totals,,,,,,,,,,,,,2.5,1.98,1.73,,,current,,decimal,2026-09-22T10:24:26Z,the-odds-api.com,https://api.the-odds-api.com/v4/sports/soccer_spain_la_liga/odds/,False,True,live,2026-09-22,Real current decimal odds from The Odds API. Opening/closing snapshots are not available on the free tier and are intentionally left blank.
LALIGA2627_MW09_089_ValenciaCF_AthleticClub,2026-27,9,2026-10-17,2026-10-17T19:00:00+00:00,Valencia CF,Athletic Club,tipico_de,totals,,,,,,,,,,,,,2.5,1.97,1.8,,,current,,decimal,2026-09-22T10:24:26Z,the-odds-api.com,https://api.the-odds-api.com/v4/sports/soccer_spain_la_liga/odds/,False,True,live,2026-09-22,Real current decimal odds from The Odds API. Opening/closing snapshots are not available on the free tier and are intentionally left blank.
LALIGA2627_MW09_089_ValenciaCF_AthleticClub,2026-27,9,2026-10-17,2026-10-17T19:00:00+00:00,Valencia CF,Athletic Club,onexbet,totals,,,,,,,,,,,,,2.5,2.12,1.84,,,current,,decimal,2026-09-22T10:20:53Z,the-odds-api.com,https://api.the-odds-api.com/v4/sports/soccer_spain_la_liga/odds/,False,True,live,2026-09-22,Real current decimal odds from The Odds API. Opening/closing snapshots are not available on the free tier and are intentionally left blank.
LALIGA2627_MW09_089_ValenciaCF_AthleticClub,2026-27,9,2026-10-17,2026-10-17T19:00:00+00:00,Valencia CF,Athletic Club,betsson,totals,,,,,,,,,,,,,2.5,1.99,1.84,,,current,,decimal,2026-09-22T10:24:47Z,the-odds-api.com,https://api.the-odds-api.com/v4/sports/soccer_spain_la_liga/odds/,False,True,live,2026-09-22,Real current decimal odds from The Odds API. Opening/closing snapshots are not available on the free tier and are intentionally left blank.
LALIGA2627_MW09_089_ValenciaCF_AthleticClub,2026-27,9,2026-10-17,2026-10-17T19:00:00+00:00,Valencia CF,Athletic Club,bovada,totals,,,,,,,,,,,,,2.5,2.02,1.82,,,current,,decimal,2026-09-22T10:18:21Z,the-odds-api.com,https://api.the-odds-api.com/v4/sports/soccer_spain_la_liga/odds/,False,True,live,2026-09-22,Real current decimal odds from The Odds API. Opening/closing snapshots are not available on the free tier and are intentionally left blank.
LALIGA2627_MW09_090_VillarrealCF_ElcheCF,2026-27,9,2026-10-17,2026-10-17T14:15:00+00:00,Villarreal CF,Elche CF,pinnacle,h2h,,,,1.46,4.82,6.03,,,,,,,,,,,,current,,decimal,2026-09-22T10:25:24Z,the-odds-api.com,https://api.the-odds-api.com/v4/sports/soccer_spain_la_liga/odds/,False,True,live,2026-09-22,Real current decimal odds from The Odds API. Opening/closing snapshots are not available on the free tier and are intentionally left blank.
LALIGA2627_MW09_090_VillarrealCF_ElcheCF,2026-27,9,2026-10-17,2026-10-17T14:15:00+00:00,Villarreal CF,Elche CF,nordicbet,h2h,,,,1.46,4.55,6.3,,,,,,,,,,,,current,,decimal,2026-09-22T10:24:27Z,the-odds-api.com,https://api.the-odds-api.com/v4/sports/soccer_spain_la_liga/odds/,False,True,live,2026-09-22,Real current decimal odds from The Odds API. Opening/closing snapshots are not available on the free tier and are intentionally left blank.
LALIGA2627_MW09_090_VillarrealCF_ElcheCF,2026-27,9,2026-10-17,2026-10-17T14:15:00+00:00,Villarreal CF,Elche CF,smarkets,h2h,,,,1.48,4.9,6.2,,,,,,,,,,,,current,,decimal,2026-09-22T10:25:25Z,the-odds-api.com,https://api.the-odds-api.com/v4/sports/soccer_spain_la_liga/odds/,False,True,live,2026-09-22,Real current decimal odds from The Odds API. Opening/closing snapshots are not available on the free tier and are intentionally left blank.
LALIGA2627_MW09_090_VillarrealCF_ElcheCF,2026-27,9,2026-10-17,2026-10-17T14:15:00+00:00,Villarreal CF,Elche CF,betway,h2h,,,,1.45,4.75,5.5,,,,,,,,,,,,current,,decimal,2026-09-22T10:25:06Z,the-odds-api.com,https://api.the-odds-api.com/v4/sports/soccer_spain_la_liga/odds/,False,True,live,2026-09-22,Real current decimal odds from The Odds API. Opening/closing snapshots are not available on the free tier and are intentionally left blank.
LALIGA2627_MW09_090_VillarrealCF_ElcheCF,2026-27,9,2026-10-17,2026-10-17T14:15:00+00:00,Villarreal CF,Elche CF,unibet_uk,h2h,,,,1.4,5.0,6.0,,,,,,,,,,,,current,,decimal,2026-09-22T10:24:26Z,the-odds-api.com,https://api.the-odds-api.com/v4/sports/soccer_spain_la_liga/odds/,False,True,live,2026-09-22,Real current decimal odds from The Odds API. Opening/closing snapshots are not available on the free tier and are intentionally left blank.
LALIGA2627_MW09_090_VillarrealCF_ElcheCF,2026-27,9,2026-10-17,2026-10-17T14:15:00+00:00,Villarreal CF,Elche CF,williamhill,h2h,,,,1.44,4.5,6.0,,,,,,,,,,,,current,,decimal,2026-09-22T10:24:26Z,the-odds-api.com,https://api.the-odds-api.com/v4/sports/soccer_spain_la_liga/odds/,False,True,live,2026-09-22,Real current decimal odds from The Odds API. Opening/closing snapshots are not available on the free tier and are intentionally left blank.
LALIGA2627_MW09_090_VillarrealCF_ElcheCF,2026-27,9,2026-10-17,2026-10-17T14:15:00+00:00,Villarreal CF,Elche CF,leovegas,h2h,,,,1.4,4.9,5.75,,,,,,,,,,,,current,,decimal,2026-09-22T10:24:26Z,the-odds-api.com,https://api.the-odds-api.com/v4/sports/soccer_spain_la_liga/odds/,False,True,live,2026-09-22,Real current decimal odds from The Odds API. Opening/closing snapshots are not available on the free tier and are intentionally left blank.
LALIGA2627_MW09_090_VillarrealCF_ElcheCF,2026-27,9,2026-10-17,2026-10-17T14:15:00+00:00,Villarreal CF,Elche CF,tipico_de,h2h,,,,1.42,5.2,6.2,,,,,,,,,,,,current,,decimal,2026-09-22T10:24:26Z,the-odds-api.com,https://api.the-odds-api.com/v4/sports/soccer_spain_la_liga/odds/,False,True,live,2026-09-22,Real current decimal odds from The Odds API. Opening/closing snapshots are not available on the free tier and are intentionally left blank.
LALIGA2627_MW09_090_VillarrealCF_ElcheCF,2026-27,9,2026-10-17,2026-10-17T14:15:00+00:00,Villarreal CF,Elche CF,betclic_fr,h2h,,,,1.36,4.7,5.75,,,,,,,,,,,,current,,decimal,2026-09-22T10:25:36Z,the-odds-api.com,https://api.the-odds-api.com/v4/sports/soccer_spain_la_liga/odds/,False,True,live,2026-09-22,Real current decimal odds from The Odds API. Opening/closing snapshots are not available on the free tier and are intentionally left blank.
LALIGA2627_MW09_090_VillarrealCF_ElcheCF,2026-27,9,2026-10-17,2026-10-17T14:15:00+00:00,Villarreal CF,Elche CF,winamax_de,h2h,,,,1.39,5.1,5.8,,,,,,,,,,,,current,,decimal,2026-09-22T10:24:28Z,the-odds-api.com,https://api.the-odds-api.com/v4/sports/soccer_spain_la_liga/odds/,False,True,live,2026-09-22,Real current decimal odds from The Odds API. Opening/closing snapshots are not available on the free tier and are intentionally left blank.
LALIGA2627_MW09_090_VillarrealCF_ElcheCF,2026-27,9,2026-10-17,2026-10-17T14:15:00+00:00,Villarreal CF,Elche CF,unibet_fr,h2h,,,,1.33,4.7,5.8,,,,,,,,,,,,current,,decimal,2026-09-22T10:24:26Z,the-odds-api.com,https://api.the-odds-api.com/v4/sports/soccer_spain_la_liga/odds/,False,True,live,2026-09-22,Real current decimal odds from The Odds API. Opening/closing snapshots are not available on the free tier and are intentionally left blank.
LALIGA2627_MW09_090_VillarrealCF_ElcheCF,2026-27,9,2026-10-17,2026-10-17T14:15:00+00:00,Villarreal CF,Elche CF,betfred_uk,h2h,,,,1.44,4.6,6.5,,,,,,,,,,,,current,,decimal,2026-09-22T10:24:28Z,the-odds-api.com,https://api.the-odds-api.com/v4/sports/soccer_spain_la_liga/odds/,False,True,live,2026-09-22,Real current decimal odds from The Odds API. Opening/closing snapshots are not available on the free tier and are intentionally left blank.
LALIGA2627_MW09_090_VillarrealCF_ElcheCF,2026-27,9,2026-10-17,2026-10-17T14:15:00+00:00,Villarreal CF,Elche CF,winamax_fr,h2h,,,,1.34,4.6,5.2,,,,,,,,,,,,current,,decimal,2026-09-22T10:25:06Z,the-odds-api.com,https://api.the-odds-api.com/v4/sports/soccer_spain_la_liga/odds/,False,True,live,2026-09-22,Real current decimal odds from The Odds API. Opening/closing snapshots are not available on the free tier and are intentionally left blank.
LALIGA2627_MW09_090_VillarrealCF_ElcheCF,2026-27,9,2026-10-17,2026-10-17T14:15:00+00:00,Villarreal CF,Elche CF,boylesports,h2h,,,,1.4,4.5,5.5,,,,,,,,,,,,current,,decimal,2026-09-22T10:25:08Z,the-odds-api.com,https://api.the-odds-api.com/v4/sports/soccer_spain_la_liga/odds/,False,True,live,2026-09-22,Real current decimal odds from The Odds API. Opening/closing snapshots are not available on the free tier and are intentionally left blank.
LALIGA2627_MW09_090_VillarrealCF_ElcheCF,2026-27,9,2026-10-17,2026-10-17T14:15:00+00:00,Villarreal CF,Elche CF,onexbet,h2h,,,,1.49,4.93,7.08,,,,,,,,,,,,current,,decimal,2026-09-22T10:20:53Z,the-odds-api.com,https://api.the-odds-api.com/v4/sports/soccer_spain_la_liga/odds/,False,True,live,2026-09-22,Real current decimal odds from The Odds API. Opening/closing snapshots are not available on the free tier and are intentionally left blank.
LALIGA2627_MW09_090_VillarrealCF_ElcheCF,2026-27,9,2026-10-17,2026-10-17T14:15:00+00:00,Villarreal CF,Elche CF,betsson,h2h,,,,1.47,4.6,6.4,,,,,,,,,,,,current,,decimal,2026-09-22T10:24:47Z,the-odds-api.com,https://api.the-odds-api.com/v4/sports/soccer_spain_la_liga/odds/,False,True,live,2026-09-22,Real current decimal odds from The Odds API. Opening/closing snapshots are not available on the free tier and are intentionally left blank.
LALIGA2627_MW09_090_VillarrealCF_ElcheCF,2026-27,9,2026-10-17,2026-10-17T14:15:00+00:00,Villarreal CF,Elche CF,fanduel,h2h,,,,1.38,4.8,6.5,,,,,,,,,,,,current,,decimal,2026-09-22T10:25:23Z,the-odds-api.com,https://api.the-odds-api.com/v4/sports/soccer_spain_la_liga/odds/,False,True,live,2026-09-22,Real current decimal odds from The Odds API. Opening/closing snapshots are not available on the free tier and are intentionally left blank.
LALIGA2627_MW09_090_VillarrealCF_ElcheCF,2026-27,9,2026-10-17,2026-10-17T14:15:00+00:00,Villarreal CF,Elche CF,paddypower,h2h,,,,1.36,4.75,6.0,,,,,,,,,,,,current,,decimal,2026-09-22T10:24:08Z,the-odds-api.com,https://api.the-odds-api.com/v4/sports/soccer_spain_la_liga/odds/,False,True,live,2026-09-22,Real current decimal odds from The Odds API. Opening/closing snapshots are not available on the free tier and are intentionally left blank.
LALIGA2627_MW09_090_VillarrealCF_ElcheCF,2026-27,9,2026-10-17,2026-10-17T14:15:00+00:00,Villarreal CF,Elche CF,skybet,h2h,,,,1.4,4.75,6.25,,,,,,,,,,,,current,,decimal,2026-09-22T10:25:07Z,the-odds-api.com,https://api.the-odds-api.com/v4/sports/soccer_spain_la_liga/odds/,False,True,live,2026-09-22,Real current decimal odds from The Odds API. Opening/closing snapshots are not available on the free tier and are intentionally left blank.
LALIGA2627_MW09_090_VillarrealCF_ElcheCF,2026-27,9,2026-10-17,2026-10-17T14:15:00+00:00,Villarreal CF,Elche CF,betfair_ex_uk,h2h,,,,1.49,5.0,6.4,,,,,,,,,,,,current,,decimal,2026-09-22T10:25:24Z,the-odds-api.com,https://api.the-odds-api.com/v4/sports/soccer_spain_la_liga/odds/,False,True,live,2026-09-22,Real current decimal odds from The Odds API. Opening/closing snapshots are not available on the free tier and are intentionally left blank.
LALIGA2627_MW09_090_VillarrealCF_ElcheCF,2026-27,9,2026-10-17,2026-10-17T14:15:00+00:00,Villarreal CF,Elche CF,betfair_ex_eu,h2h,,,,1.49,5.0,6.4,,,,,,,,,,,,current,,decimal,2026-09-22T10:25:06Z,the-odds-api.com,https://api.the-odds-api.com/v4/sports/soccer_spain_la_liga/odds/,False,True,live,2026-09-22,Real current decimal odds from The Odds API. Opening/closing snapshots are not available on the free tier and are intentionally left blank.
LALIGA2627_MW09_090_VillarrealCF_ElcheCF,2026-27,9,2026-10-17,2026-10-17T14:15:00+00:00,Villarreal CF,Elche CF,bovada,h2h,,,,1.47,4.85,6.0,,,,,,,,,,,,current,,decimal,2026-09-22T10:18:21Z,the-odds-api.com,https://api.the-odds-api.com/v4/sports/soccer_spain_la_liga/odds/,False,True,live,2026-09-22,Real current decimal odds from The Odds API. Opening/closing snapshots are not available on the free tier and are intentionally left blank.
LALIGA2627_MW09_090_VillarrealCF_ElcheCF,2026-27,9,2026-10-17,2026-10-17T14:15:00+00:00,Villarreal CF,Elche CF,marathonbet,h2h,,,,1.45,4.85,6.8,,,,,,,,,,,,current,,decimal,2026-09-22T10:21:18Z,the-odds-api.com,https://api.the-odds-api.com/v4/sports/soccer_spain_la_liga/odds/,False,True,live,2026-09-22,Real current decimal odds from The Odds API. Opening/closing snapshots are not available on the free tier and are intentionally left blank.
LALIGA2627_MW09_090_VillarrealCF_ElcheCF,2026-27,9,2026-10-17,2026-10-17T14:15:00+00:00,Villarreal CF,Elche CF,pinnacle,spreads,,,,,,,,,,-1.25,2.01,1.85,,,,,,current,,decimal,2026-09-22T10:25:24Z,the-odds-api.com,https://api.the-odds-api.com/v4/sports/soccer_spain_la_liga/odds/,False,True,live,2026-09-22,Real current decimal odds from The Odds API. Opening/closing snapshots are not available on the free tier and are intentionally left blank.
LALIGA2627_MW09_090_VillarrealCF_ElcheCF,2026-27,9,2026-10-17,2026-10-17T14:15:00+00:00,Villarreal CF,Elche CF,onexbet,spreads,,,,,,,,,,-1.5,2.21,1.78,,,,,,current,,decimal,2026-09-22T10:20:53Z,the-odds-api.com,https://api.the-odds-api.com/v4/sports/soccer_spain_la_liga/odds/,False,True,live,2026-09-22,Real current decimal odds from The Odds API. Opening/closing snapshots are not available on the free tier and are intentionally left blank.
LALIGA2627_MW09_090_VillarrealCF_ElcheCF,2026-27,9,2026-10-17,2026-10-17T14:15:00+00:00,Villarreal CF,Elche CF,bovada,spreads,,,,,,,,,,-1.25,2.0,1.83,,,,,,current,,decimal,2026-09-22T10:18:21Z,the-odds-api.com,https://api.the-odds-api.com/v4/sports/soccer_spain_la_liga/odds/,False,True,live,2026-09-22,Real current decimal odds from The Odds API. Opening/closing snapshots are not available on the free tier and are intentionally left blank.
LALIGA2627_MW09_090_VillarrealCF_ElcheCF,2026-27,9,2026-10-17,2026-10-17T14:15:00+00:00,Villarreal CF,Elche CF,pinnacle,totals,,,,,,,,,,,,,3.25,2.0,1.84,,,current,,decimal,2026-09-22T10:25:24Z,the-odds-api.com,https://api.the-odds-api.com/v4/sports/soccer_spain_la_liga/odds/,False,True,live,2026-09-22,Real current decimal odds from The Odds API. Opening/closing snapshots are not available on the free tier and are intentionally left blank.
LALIGA2627_MW09_090_VillarrealCF_ElcheCF,2026-27,9,2026-10-17,2026-10-17T14:15:00+00:00,Villarreal CF,Elche CF,nordicbet,totals,,,,,,,,,,,,,2.5,1.47,2.62,,,current,,decimal,2026-09-22T10:24:27Z,the-odds-api.com,https://api.the-odds-api.com/v4/sports/soccer_spain_la_liga/odds/,False,True,live,2026-09-22,Real current decimal odds from The Odds API. Opening/closing snapshots are not available on the free tier and are intentionally left blank.
LALIGA2627_MW09_090_VillarrealCF_ElcheCF,2026-27,9,2026-10-17,2026-10-17T14:15:00+00:00,Villarreal CF,Elche CF,williamhill,totals,,,,,,,,,,,,,2.5,1.44,2.7,,,current,,decimal,2026-09-22T10:24:26Z,the-odds-api.com,https://api.the-odds-api.com/v4/sports/soccer_spain_la_liga/odds/,False,True,live,2026-09-22,Real current decimal odds from The Odds API. Opening/closing snapshots are not available on the free tier and are intentionally left blank.
LALIGA2627_MW09_090_VillarrealCF_ElcheCF,2026-27,9,2026-10-17,2026-10-17T14:15:00+00:00,Villarreal CF,Elche CF,leovegas,totals,,,,,,,,,,,,,3.5,2.0,1.68,,,current,,decimal,2026-09-22T10:24:26Z,the-odds-api.com,https://api.the-odds-api.com/v4/sports/soccer_spain_la_liga/odds/,False,True,live,2026-09-22,Real current decimal odds from The Odds API. Opening/closing snapshots are not available on the free tier and are intentionally left blank.
LALIGA2627_MW09_090_VillarrealCF_ElcheCF,2026-27,9,2026-10-17,2026-10-17T14:15:00+00:00,Villarreal CF,Elche CF,tipico_de,totals,,,,,,,,,,,,,3.5,2.1,1.67,,,current,,decimal,2026-09-22T10:24:26Z,the-odds-api.com,https://api.the-odds-api.com/v4/sports/soccer_spain_la_liga/odds/,False,True,live,2026-09-22,Real current decimal odds from The Odds API. Opening/closing snapshots are not available on the free tier and are intentionally left blank.
LALIGA2627_MW09_090_VillarrealCF_ElcheCF,2026-27,9,2026-10-17,2026-10-17T14:15:00+00:00,Villarreal CF,Elche CF,onexbet,totals,,,,,,,,,,,,,3.5,2.22,1.77,,,current,,decimal,2026-09-22T10:20:53Z,the-odds-api.com,https://api.the-odds-api.com/v4/sports/soccer_spain_la_liga/odds/,False,True,live,2026-09-22,Real current decimal odds from The Odds API. Opening/closing snapshots are not available on the free tier and are intentionally left blank.
LALIGA2627_MW09_090_VillarrealCF_ElcheCF,2026-27,9,2026-10-17,2026-10-17T14:15:00+00:00,Villarreal CF,Elche CF,betsson,totals,,,,,,,,,,,,,2.5,1.49,2.67,,,current,,decimal,2026-09-22T10:24:47Z,the-odds-api.com,https://api.the-odds-api.com/v4/sports/soccer_spain_la_liga/odds/,False,True,live,2026-09-22,Real current decimal odds from The Odds API. Opening/closing snapshots are not available on the free tier and are intentionally left blank.
LALIGA2627_MW09_090_VillarrealCF_ElcheCF,2026-27,9,2026-10-17,2026-10-17T14:15:00+00:00,Villarreal CF,Elche CF,bovada,totals,,,,,,,,,,,,,3.25,2.0,1.83,,,current,,decimal,2026-09-22T10:18:21Z,the-odds-api.com,https://api.the-odds-api.com/v4/sports/soccer_spain_la_liga/odds/,False,True,live,2026-09-22,Real current decimal odds from The Odds API. Opening/closing snapshots are not available on the free tier and are intentionally left blank.
LALIGA2627_MW10_091_DeportivoAlavés_MálagaCF,2026-27,10,2026-10-25,2026-10-25T00:00:00+00:00,Deportivo Alavés,Málaga CF,,h2h,,,,,,,,,,,,,,,,,,unknown,,decimal,2026-09-22T10:25:41+00:00,none_available,,False,False,unavailable,2026-09-22,"The Odds API is configured and reachable, but has not yet posted this market for this fixture (bookmakers open different markets at different times before kickoff) -- genuinely unavailable, not a collector failure."
LALIGA2627_MW10_091_DeportivoAlavés_MálagaCF,2026-27,10,2026-10-25,2026-10-25T00:00:00+00:00,Deportivo Alavés,Málaga CF,,spreads,,,,,,,,,,,,,,,,,,unknown,,decimal,2026-09-22T10:25:41+00:00,none_available,,False,False,unavailable,2026-09-22,"The Odds API is configured and reachable, but has not yet posted this market for this fixture (bookmakers open different markets at different times before kickoff) -- genuinely unavailable, not a collector failure."
LALIGA2627_MW10_091_DeportivoAlavés_MálagaCF,2026-27,10,2026-10-25,2026-10-25T00:00:00+00:00,Deportivo Alavés,Málaga CF,,totals,,,,,,,,,,,,,,,,,,unknown,,decimal,2026-09-22T10:25:41+00:00,none_available,,False,False,unavailable,2026-09-22,"The Odds API is configured and reachable, but has not yet posted this market for this fixture (bookmakers open different markets at different times before kickoff) -- genuinely unavailable, not a collector failure."
LALIGA2627_MW10_092_AthleticClub_GetafeCF,2026-27,10,2026-10-25,2026-10-25T00:00:00+00:00,Athletic Club,Getafe CF,,h2h,,,,,,,,,,,,,,,,,,unknown,,decimal,2026-09-22T10:25:41+00:00,none_available,,False,False,unavailable,2026-09-22,"The Odds API is configured and reachable, but has not yet posted this market for this fixture (bookmakers open different markets at different times before kickoff) -- genuinely unavailable, not a collector failure."
LALIGA2627_MW10_092_AthleticClub_GetafeCF,2026-27,10,2026-10-25,2026-10-25T00:00:00+00:00,Athletic Club,Getafe CF,,spreads,,,,,,,,,,,,,,,,,,unknown,,decimal,2026-09-22T10:25:41+00:00,none_available,,False,False,unavailable,2026-09-22,"The Odds API is configured and reachable, but has not yet posted this market for this fixture (bookmakers open different markets at different times before kickoff) -- genuinely unavailable, not a collector failure."
LALIGA2627_MW10_092_AthleticClub_GetafeCF,2026-27,10,2026-10-25,2026-10-25T00:00:00+00:00,Athletic Club,Getafe CF,,totals,,,,,,,,,,,,,,,,,,unknown,,decimal,2026-09-22T10:25:41+00:00,none_available,,False,False,unavailable,2026-09-22,"The Odds API is configured and reachable, but has not yet posted this market for this fixture (bookmakers open different markets at different times before kickoff) -- genuinely unavailable, not a collector failure."
LALIGA2627_MW10_093_AtléticodeMadrid_RCDeportivo,2026-27,10,2026-10-25,2026-10-25T00:00:00+00:00,Atlético de Madrid,RC Deportivo,,h2h,,,,,,,,,,,,,,,,,,unknown,,decimal,2026-09-22T10:25:41+00:00,none_available,,False,False,unavailable,2026-09-22,"The Odds API is configured and reachable, but has not yet posted this market for this fixture (bookmakers open different markets at different times before kickoff) -- genuinely unavailable, not a collector failure."
LALIGA2627_MW10_093_AtléticodeMadrid_RCDeportivo,2026-27,10,2026-10-25,2026-10-25T00:00:00+00:00,Atlético de Madrid,RC Deportivo,,spreads,,,,,,,,,,,,,,,,,,unknown,,decimal,2026-09-22T10:25:41+00:00,none_available,,False,False,unavailable,2026-09-22,"The Odds API is configured and reachable, but has not yet posted this market for this fixture (bookmakers open different markets at different times before kickoff) -- genuinely unavailable, not a collector failure."
LALIGA2627_MW10_093_AtléticodeMadrid_RCDeportivo,2026-27,10,2026-10-25,2026-10-25T00:00:00+00:00,Atlético de Madrid,RC Deportivo,,totals,,,,,,,,,,,,,,,,,,unknown,,decimal,2026-09-22T10:25:41+00:00,none_available,,False,False,unavailable,2026-09-22,"The Odds API is configured and reachable, but has not yet posted this market for this fixture (bookmakers open different markets at different times before kickoff) -- genuinely unavailable, not a collector failure."
LALIGA2627_MW10_094_CeltaVigo_RealBetis,2026-27,10,2026-10-25,2026-10-25T00:00:00+00:00,Celta Vigo,Real Betis,,h2h,,,,,,,,,,,,,,,,,,unknown,,decimal,2026-09-22T10:25:41+00:00,none_available,,False,False,unavailable,2026-09-22,"The Odds API is configured and reachable, but has not yet posted this market for this fixture (bookmakers open different markets at different times before kickoff) -- genuinely unavailable, not a collector failure."
LALIGA2627_MW10_094_CeltaVigo_RealBetis,2026-27,10,2026-10-25,2026-10-25T00:00:00+00:00,Celta Vigo,Real Betis,,spreads,,,,,,,,,,,,,,,,,,unknown,,decimal,2026-09-22T10:25:41+00:00,none_available,,False,False,unavailable,2026-09-22,"The Odds API is configured and reachable, but has not yet posted this market for this fixture (bookmakers open different markets at different times before kickoff) -- genuinely unavailable, not a collector failure."
LALIGA2627_MW10_094_CeltaVigo_RealBetis,2026-27,10,2026-10-25,2026-10-25T00:00:00+00:00,Celta Vigo,Real Betis,,totals,,,,,,,,,,,,,,,,,,unknown,,decimal,2026-09-22T10:25:41+00:00,none_available,,False,False,unavailable,2026-09-22,"The Odds API is configured and reachable, but has not yet posted this market for this fixture (bookmakers open different markets at different times before kickoff) -- genuinely unavailable, not a collector failure."
LALIGA2627_MW10_096_R.RacingClub_RCDEspanyoldeBarcelona,2026-27,10,2026-10-25,2026-10-25T00:00:00+00:00,R. Racing Club,RCD Espanyol de Barcelona,,h2h,,,,,,,,,,,,,,,,,,unknown,,decimal,2026-09-22T10:25:41+00:00,none_available,,False,False,unavailable,2026-09-22,"The Odds API is configured and reachable, but has not yet posted this market for this fixture (bookmakers open different markets at different times before kickoff) -- genuinely unavailable, not a collector failure."
LALIGA2627_MW10_096_R.RacingClub_RCDEspanyoldeBarcelona,2026-27,10,2026-10-25,2026-10-25T00:00:00+00:00,R. Racing Club,RCD Espanyol de Barcelona,,spreads,,,,,,,,,,,,,,,,,,unknown,,decimal,2026-09-22T10:25:41+00:00,none_available,,False,False,unavailable,2026-09-22,"The Odds API is configured and reachable, but has not yet posted this market for this fixture (bookmakers open different markets at different times before kickoff) -- genuinely unavailable, not a collector failure."
LALIGA2627_MW10_096_R.RacingClub_RCDEspanyoldeBarcelona,2026-27,10,2026-10-25,2026-10-25T00:00:00+00:00,R. Racing Club,RCD Espanyol de Barcelona,,totals,,,,,,,,,,,,,,,,,,unknown,,decimal,2026-09-22T10:25:41+00:00,none_available,,False,False,unavailable,2026-09-22,"The Odds API is configured and reachable, but has not yet posted this market for this fixture (bookmakers open different markets at different times before kickoff) -- genuinely unavailable, not a collector failure."
LALIGA2627_MW10_097_RayoVallecano_ElcheCF,2026-27,10,2026-10-25,2026-10-25T00:00:00+00:00,Rayo Vallecano,Elche CF,,h2h,,,,,,,,,,,,,,,,,,unknown,,decimal,2026-09-22T10:25:41+00:00,none_available,,False,False,unavailable,2026-09-22,"The Odds API is configured and reachable, but has not yet posted this market for this fixture (bookmakers open different markets at different times before kickoff) -- genuinely unavailable, not a collector failure."
LALIGA2627_MW10_097_RayoVallecano_ElcheCF,2026-27,10,2026-10-25,2026-10-25T00:00:00+00:00,Rayo Vallecano,Elche CF,,spreads,,,,,,,,,,,,,,,,,,unknown,,decimal,2026-09-22T10:25:41+00:00,none_available,,False,False,unavailable,2026-09-22,"The Odds API is configured and reachable, but has not yet posted this market for this fixture (bookmakers open different markets at different times before kickoff) -- genuinely unavailable, not a collector failure."
LALIGA2627_MW10_097_RayoVallecano_ElcheCF,2026-27,10,2026-10-25,2026-10-25T00:00:00+00:00,Rayo Vallecano,Elche CF,,totals,,,,,,,,,,,,,,,,,,unknown,,decimal,2026-09-22T10:25:41+00:00,none_available,,False,False,unavailable,2026-09-22,"The Odds API is configured and reachable, but has not yet posted this market for this fixture (bookmakers open different markets at different times before kickoff) -- genuinely unavailable, not a collector failure."
LALIGA2627_MW10_098_RealSociedad_LevanteUD,2026-27,10,2026-10-25,2026-10-25T00:00:00+00:00,Real Sociedad,Levante UD,,h2h,,,,,,,,,,,,,,,,,,unknown,,decimal,2026-09-22T10:25:41+00:00,none_available,,False,False,unavailable,2026-09-22,"The Odds API is configured and reachable, but has not yet posted this market for this fixture (bookmakers open different markets at different times before kickoff) -- genuinely unavailable, not a collector failure."
LALIGA2627_MW10_098_RealSociedad_LevanteUD,2026-27,10,2026-10-25,2026-10-25T00:00:00+00:00,Real Sociedad,Levante UD,,spreads,,,,,,,,,,,,,,,,,,unknown,,decimal,2026-09-22T10:25:41+00:00,none_available,,False,False,unavailable,2026-09-22,"The Odds API is configured and reachable, but has not yet posted this market for this fixture (bookmakers open different markets at different times before kickoff) -- genuinely unavailable, not a collector failure."
LALIGA2627_MW10_098_RealSociedad_LevanteUD,2026-27,10,2026-10-25,2026-10-25T00:00:00+00:00,Real Sociedad,Levante UD,,totals,,,,,,,,,,,,,,,,,,unknown,,decimal,2026-09-22T10:25:41+00:00,none_available,,False,False,unavailable,2026-09-22,"The Odds API is configured and reachable, but has not yet posted this market for this fixture (bookmakers open different markets at different times before kickoff) -- genuinely unavailable, not a collector failure."
LALIGA2627_MW10_099_SevillaFC_CAOsasuna,2026-27,10,2026-10-25,2026-10-25T00:00:00+00:00,Sevilla FC,CA Osasuna,,h2h,,,,,,,,,,,,,,,,,,unknown,,decimal,2026-09-22T10:25:41+00:00,none_available,,False,False,unavailable,2026-09-22,"The Odds API is configured and reachable, but has not yet posted this market for this fixture (bookmakers open different markets at different times before kickoff) -- genuinely unavailable, not a collector failure."
LALIGA2627_MW10_099_SevillaFC_CAOsasuna,2026-27,10,2026-10-25,2026-10-25T00:00:00+00:00,Sevilla FC,CA Osasuna,,spreads,,,,,,,,,,,,,,,,,,unknown,,decimal,2026-09-22T10:25:41+00:00,none_available,,False,False,unavailable,2026-09-22,"The Odds API is configured and reachable, but has not yet posted this market for this fixture (bookmakers open different markets at different times before kickoff) -- genuinely unavailable, not a collector failure."
LALIGA2627_MW10_099_SevillaFC_CAOsasuna,2026-27,10,2026-10-25,2026-10-25T00:00:00+00:00,Sevilla FC,CA Osasuna,,totals,,,,,,,,,,,,,,,,,,unknown,,decimal,2026-09-22T10:25:41+00:00,none_available,,False,False,unavailable,2026-09-22,"The Odds API is configured and reachable, but has not yet posted this market for this fixture (bookmakers open different markets at different times before kickoff) -- genuinely unavailable, not a collector failure."
LALIGA2627_MW10_100_ValenciaCF_VillarrealCF,2026-27,10,2026-10-25,2026-10-25T00:00:00+00:00,Valencia CF,Villarreal CF,,h2h,,,,,,,,,,,,,,,,,,unknown,,decimal,2026-09-22T10:25:41+00:00,none_available,,False,False,unavailable,2026-09-22,"The Odds API is configured and reachable, but has not yet posted this market for this fixture (bookmakers open different markets at different times before kickoff) -- genuinely unavailable, not a collector failure."
LALIGA2627_MW10_100_ValenciaCF_VillarrealCF,2026-27,10,2026-10-25,2026-10-25T00:00:00+00:00,Valencia CF,Villarreal CF,,spreads,,,,,,,,,,,,,,,,,,unknown,,decimal,2026-09-22T10:25:41+00:00,none_available,,False,False,unavailable,2026-09-22,"The Odds API is configured and reachable, but has not yet posted this market for this fixture (bookmakers open different markets at different times before kickoff) -- genuinely unavailable, not a collector failure."
LALIGA2627_MW10_100_ValenciaCF_VillarrealCF,2026-27,10,2026-10-25,2026-10-25T00:00:00+00:00,Valencia CF,Villarreal CF,,totals,,,,,,,,,,,,,,,,,,unknown,,decimal,2026-09-22T10:25:41+00:00,none_available,,False,False,unavailable,2026-09-22,"The Odds API is configured and reachable, but has not yet posted this market for this fixture (bookmakers open different markets at different times before kickoff) -- genuinely unavailable, not a collector failure."
LALIGA2627_MW10_095_FCBarcelona_RealMadrid,2026-27,10,2026-10-25,2026-10-25T20:00:00+00:00,FC Barcelona,Real Madrid,,h2h,,,,,,,,,,,,,,,,,,unknown,,decimal,2026-09-22T10:25:41+00:00,none_available,,False,False,unavailable,2026-09-22,"The Odds API is configured and reachable, but has not yet posted this market for this fixture (bookmakers open different markets at different times before kickoff) -- genuinely unavailable, not a collector failure."
LALIGA2627_MW10_095_FCBarcelona_RealMadrid,2026-27,10,2026-10-25,2026-10-25T20:00:00+00:00,FC Barcelona,Real Madrid,,spreads,,,,,,,,,,,,,,,,,,unknown,,decimal,2026-09-22T10:25:41+00:00,none_available,,False,False,unavailable,2026-09-22,"The Odds API is configured and reachable, but has not yet posted this market for this fixture (bookmakers open different markets at different times before kickoff) -- genuinely unavailable, not a collector failure."
LALIGA2627_MW10_095_FCBarcelona_RealMadrid,2026-27,10,2026-10-25,2026-10-25T20:00:00+00:00,FC Barcelona,Real Madrid,,totals,,,,,,,,,,,,,,,,,,unknown,,decimal,2026-09-22T10:25:41+00:00,none_available,,False,False,unavailable,2026-09-22,"The Odds API is configured and reachable, but has not yet posted this market for this fixture (bookmakers open different markets at different times before kickoff) -- genuinely unavailable, not a collector failure."
LALIGA2627_MW11_101_AthleticClub_RealSociedad,2026-27,11,2026-11-01,2026-11-01T00:00:00+00:00,Athletic Club,Real Sociedad,,h2h,,,,,,,,,,,,,,,,,,unknown,,decimal,2026-09-22T10:25:41+00:00,none_available,,False,False,unavailable,2026-09-22,"The Odds API is configured and reachable, but has not yet posted this market for this fixture (bookmakers open different markets at different times before kickoff) -- genuinely unavailable, not a collector failure."
LALIGA2627_MW11_101_AthleticClub_RealSociedad,2026-27,11,2026-11-01,2026-11-01T00:00:00+00:00,Athletic Club,Real Sociedad,,spreads,,,,,,,,,,,,,,,,,,unknown,,decimal,2026-09-22T10:25:41+00:00,none_available,,False,False,unavailable,2026-09-22,"The Odds API is configured and reachable, but has not yet posted this market for this fixture (bookmakers open different markets at different times before kickoff) -- genuinely unavailable, not a collector failure."
LALIGA2627_MW11_101_AthleticClub_RealSociedad,2026-27,11,2026-11-01,2026-11-01T00:00:00+00:00,Athletic Club,Real Sociedad,,totals,,,,,,,,,,,,,,,,,,unknown,,decimal,2026-09-22T10:25:41+00:00,none_available,,False,False,unavailable,2026-09-22,"The Odds API is configured and reachable, but has not yet posted this market for this fixture (bookmakers open different markets at different times before kickoff) -- genuinely unavailable, not a collector failure."
LALIGA2627_MW11_102_RealBetis_MálagaCF,2026-27,11,2026-11-01,2026-11-01T00:00:00+00:00,Real Betis,Málaga CF,,h2h,,,,,,,,,,,,,,,,,,unknown,,decimal,2026-09-22T10:25:41+00:00,none_available,,False,False,unavailable,2026-09-22,"The Odds API is configured and reachable, but has not yet posted this market for this fixture (bookmakers open different markets at different times before kickoff) -- genuinely unavailable, not a collector failure."
LALIGA2627_MW11_102_RealBetis_MálagaCF,2026-27,11,2026-11-01,2026-11-01T00:00:00+00:00,Real Betis,Málaga CF,,spreads,,,,,,,,,,,,,,,,,,unknown,,decimal,2026-09-22T10:25:41+00:00,none_available,,False,False,unavailable,2026-09-22,"The Odds API is configured and reachable, but has not yet posted this market for this fixture (bookmakers open different markets at different times before kickoff) -- genuinely unavailable, not a collector failure."
LALIGA2627_MW11_102_RealBetis_MálagaCF,2026-27,11,2026-11-01,2026-11-01T00:00:00+00:00,Real Betis,Málaga CF,,totals,,,,,,,,,,,,,,,,,,unknown,,decimal,2026-09-22T10:25:41+00:00,none_available,,False,False,unavailable,2026-09-22,"The Odds API is configured and reachable, but has not yet posted this market for this fixture (bookmakers open different markets at different times before kickoff) -- genuinely unavailable, not a collector failure."
LALIGA2627_MW11_103_RCDeportivo_CAOsasuna,2026-27,11,2026-11-01,2026-11-01T00:00:00+00:00,RC Deportivo,CA Osasuna,,h2h,,,,,,,,,,,,,,,,,,unknown,,decimal,2026-09-22T10:25:41+00:00,none_available,,False,False,unavailable,2026-09-22,"The Odds API is configured and reachable, but has not yet posted this market for this fixture (bookmakers open different markets at different times before kickoff) -- genuinely unavailable, not a collector failure."
LALIGA2627_MW11_103_RCDeportivo_CAOsasuna,2026-27,11,2026-11-01,2026-11-01T00:00:00+00:00,RC Deportivo,CA Osasuna,,spreads,,,,,,,,,,,,,,,,,,unknown,,decimal,2026-09-22T10:25:41+00:00,none_available,,False,False,unavailable,2026-09-22,"The Odds API is configured and reachable, but has not yet posted this market for this fixture (bookmakers open different markets at different times before kickoff) -- genuinely unavailable, not a collector failure."
LALIGA2627_MW11_103_RCDeportivo_CAOsasuna,2026-27,11,2026-11-01,2026-11-01T00:00:00+00:00,RC Deportivo,CA Osasuna,,totals,,,,,,,,,,,,,,,,,,unknown,,decimal,2026-09-22T10:25:41+00:00,none_available,,False,False,unavailable,2026-09-22,"The Odds API is configured and reachable, but has not yet posted this market for this fixture (bookmakers open different markets at different times before kickoff) -- genuinely unavailable, not a collector failure."
LALIGA2627_MW11_104_ElcheCF_ValenciaCF,2026-27,11,2026-11-01,2026-11-01T00:00:00+00:00,Elche CF,Valencia CF,,h2h,,,,,,,,,,,,,,,,,,unknown,,decimal,2026-09-22T10:25:41+00:00,none_available,,False,False,unavailable,2026-09-22,"The Odds API is configured and reachable, but has not yet posted this market for this fixture (bookmakers open different markets at different times before kickoff) -- genuinely unavailable, not a collector failure."
LALIGA2627_MW11_104_ElcheCF_ValenciaCF,2026-27,11,2026-11-01,2026-11-01T00:00:00+00:00,Elche CF,Valencia CF,,spreads,,,,,,,,,,,,,,,,,,unknown,,decimal,2026-09-22T10:25:41+00:00,none_available,,False,False,unavailable,2026-09-22,"The Odds API is configured and reachable, but has not yet posted this market for this fixture (bookmakers open different markets at different times before kickoff) -- genuinely unavailable, not a collector failure."
LALIGA2627_MW11_104_ElcheCF_ValenciaCF,2026-27,11,2026-11-01,2026-11-01T00:00:00+00:00,Elche CF,Valencia CF,,totals,,,,,,,,,,,,,,,,,,unknown,,decimal,2026-09-22T10:25:41+00:00,none_available,,False,False,unavailable,2026-09-22,"The Odds API is configured and reachable, but has not yet posted this market for this fixture (bookmakers open different markets at different times before kickoff) -- genuinely unavailable, not a collector failure."
LALIGA2627_MW11_105_FCBarcelona_DeportivoAlavés,2026-27,11,2026-11-01,2026-11-01T00:00:00+00:00,FC Barcelona,Deportivo Alavés,,h2h,,,,,,,,,,,,,,,,,,unknown,,decimal,2026-09-22T10:25:41+00:00,none_available,,False,False,unavailable,2026-09-22,"The Odds API is configured and reachable, but has not yet posted this market for this fixture (bookmakers open different markets at different times before kickoff) -- genuinely unavailable, not a collector failure."
LALIGA2627_MW11_105_FCBarcelona_DeportivoAlavés,2026-27,11,2026-11-01,2026-11-01T00:00:00+00:00,FC Barcelona,Deportivo Alavés,,spreads,,,,,,,,,,,,,,,,,,unknown,,decimal,2026-09-22T10:25:41+00:00,none_available,,False,False,unavailable,2026-09-22,"The Odds API is configured and reachable, but has not yet posted this market for this fixture (bookmakers open different markets at different times before kickoff) -- genuinely unavailable, not a collector failure."
LALIGA2627_MW11_105_FCBarcelona_DeportivoAlavés,2026-27,11,2026-11-01,2026-11-01T00:00:00+00:00,FC Barcelona,Deportivo Alavés,,totals,,,,,,,,,,,,,,,,,,unknown,,decimal,2026-09-22T10:25:41+00:00,none_available,,False,False,unavailable,2026-09-22,"The Odds API is configured and reachable, but has not yet posted this market for this fixture (bookmakers open different markets at different times before kickoff) -- genuinely unavailable, not a collector failure."
LALIGA2627_MW11_106_GetafeCF_SevillaFC,2026-27,11,2026-11-01,2026-11-01T00:00:00+00:00,Getafe CF,Sevilla FC,,h2h,,,,,,,,,,,,,,,,,,unknown,,decimal,2026-09-22T10:25:41+00:00,none_available,,False,False,unavailable,2026-09-22,"The Odds API is configured and reachable, but has not yet posted this market for this fixture (bookmakers open different markets at different times before kickoff) -- genuinely unavailable, not a collector failure."
LALIGA2627_MW11_106_GetafeCF_SevillaFC,2026-27,11,2026-11-01,2026-11-01T00:00:00+00:00,Getafe CF,Sevilla FC,,spreads,,,,,,,,,,,,,,,,,,unknown,,decimal,2026-09-22T10:25:41+00:00,none_available,,False,False,unavailable,2026-09-22,"The Odds API is configured and reachable, but has not yet posted this market for this fixture (bookmakers open different markets at different times before kickoff) -- genuinely unavailable, not a collector failure."
LALIGA2627_MW11_106_GetafeCF_SevillaFC,2026-27,11,2026-11-01,2026-11-01T00:00:00+00:00,Getafe CF,Sevilla FC,,totals,,,,,,,,,,,,,,,,,,unknown,,decimal,2026-09-22T10:25:41+00:00,none_available,,False,False,unavailable,2026-09-22,"The Odds API is configured and reachable, but has not yet posted this market for this fixture (bookmakers open different markets at different times before kickoff) -- genuinely unavailable, not a collector failure."
LALIGA2627_MW11_107_LevanteUD_AtléticodeMadrid,2026-27,11,2026-11-01,2026-11-01T00:00:00+00:00,Levante UD,Atlético de Madrid,,h2h,,,,,,,,,,,,,,,,,,unknown,,decimal,2026-09-22T10:25:41+00:00,none_available,,False,False,unavailable,2026-09-22,"The Odds API is configured and reachable, but has not yet posted this market for this fixture (bookmakers open different markets at different times before kickoff) -- genuinely unavailable, not a collector failure."
LALIGA2627_MW11_107_LevanteUD_AtléticodeMadrid,2026-27,11,2026-11-01,2026-11-01T00:00:00+00:00,Levante UD,Atlético de Madrid,,spreads,,,,,,,,,,,,,,,,,,unknown,,decimal,2026-09-22T10:25:41+00:00,none_available,,False,False,unavailable,2026-09-22,"The Odds API is configured and reachable, but has not yet posted this market for this fixture (bookmakers open different markets at different times before kickoff) -- genuinely unavailable, not a collector failure."
LALIGA2627_MW11_107_LevanteUD_AtléticodeMadrid,2026-27,11,2026-11-01,2026-11-01T00:00:00+00:00,Levante UD,Atlético de Madrid,,totals,,,,,,,,,,,,,,,,,,unknown,,decimal,2026-09-22T10:25:41+00:00,none_available,,False,False,unavailable,2026-09-22,"The Odds API is configured and reachable, but has not yet posted this market for this fixture (bookmakers open different markets at different times before kickoff) -- genuinely unavailable, not a collector failure."
LALIGA2627_MW11_108_R.RacingClub_RealMadrid,2026-27,11,2026-11-01,2026-11-01T00:00:00+00:00,R. Racing Club,Real Madrid,,h2h,,,,,,,,,,,,,,,,,,unknown,,decimal,2026-09-22T10:25:41+00:00,none_available,,False,False,unavailable,2026-09-22,"The Odds API is configured and reachable, but has not yet posted this market for this fixture (bookmakers open different markets at different times before kickoff) -- genuinely unavailable, not a collector failure."
LALIGA2627_MW11_108_R.RacingClub_RealMadrid,2026-27,11,2026-11-01,2026-11-01T00:00:00+00:00,R. Racing Club,Real Madrid,,spreads,,,,,,,,,,,,,,,,,,unknown,,decimal,2026-09-22T10:25:41+00:00,none_available,,False,False,unavailable,2026-09-22,"The Odds API is configured and reachable, but has not yet posted this market for this fixture (bookmakers open different markets at different times before kickoff) -- genuinely unavailable, not a collector failure."
LALIGA2627_MW11_108_R.RacingClub_RealMadrid,2026-27,11,2026-11-01,2026-11-01T00:00:00+00:00,R. Racing Club,Real Madrid,,totals,,,,,,,,,,,,,,,,,,unknown,,decimal,2026-09-22T10:25:41+00:00,none_available,,False,False,unavailable,2026-09-22,"The Odds API is configured and reachable, but has not yet posted this market for this fixture (bookmakers open different markets at different times before kickoff) -- genuinely unavailable, not a collector failure."
LALIGA2627_MW11_109_RayoVallecano_CeltaVigo,2026-27,11,2026-11-01,2026-11-01T00:00:00+00:00,Rayo Vallecano,Celta Vigo,,h2h,,,,,,,,,,,,,,,,,,unknown,,decimal,2026-09-22T10:25:41+00:00,none_available,,False,False,unavailable,2026-09-22,"The Odds API is configured and reachable, but has not yet posted this market for this fixture (bookmakers open different markets at different times before kickoff) -- genuinely unavailable, not a collector failure."
LALIGA2627_MW11_109_RayoVallecano_CeltaVigo,2026-27,11,2026-11-01,2026-11-01T00:00:00+00:00,Rayo Vallecano,Celta Vigo,,spreads,,,,,,,,,,,,,,,,,,unknown,,decimal,2026-09-22T10:25:41+00:00,none_available,,False,False,unavailable,2026-09-22,"The Odds API is configured and reachable, but has not yet posted this market for this fixture (bookmakers open different markets at different times before kickoff) -- genuinely unavailable, not a collector failure."
LALIGA2627_MW11_109_RayoVallecano_CeltaVigo,2026-27,11,2026-11-01,2026-11-01T00:00:00+00:00,Rayo Vallecano,Celta Vigo,,totals,,,,,,,,,,,,,,,,,,unknown,,decimal,2026-09-22T10:25:41+00:00,none_available,,False,False,unavailable,2026-09-22,"The Odds API is configured and reachable, but has not yet posted this market for this fixture (bookmakers open different markets at different times before kickoff) -- genuinely unavailable, not a collector failure."
LALIGA2627_MW11_110_VillarrealCF_RCDEspanyoldeBarcelona,2026-27,11,2026-11-01,2026-11-01T00:00:00+00:00,Villarreal CF,RCD Espanyol de Barcelona,,h2h,,,,,,,,,,,,,,,,,,unknown,,decimal,2026-09-22T10:25:41+00:00,none_available,,False,False,unavailable,2026-09-22,"The Odds API is configured and reachable, but has not yet posted this market for this fixture (bookmakers open different markets at different times before kickoff) -- genuinely unavailable, not a collector failure."
LALIGA2627_MW11_110_VillarrealCF_RCDEspanyoldeBarcelona,2026-27,11,2026-11-01,2026-11-01T00:00:00+00:00,Villarreal CF,RCD Espanyol de Barcelona,,spreads,,,,,,,,,,,,,,,,,,unknown,,decimal,2026-09-22T10:25:41+00:00,none_available,,False,False,unavailable,2026-09-22,"The Odds API is configured and reachable, but has not yet posted this market for this fixture (bookmakers open different markets at different times before kickoff) -- genuinely unavailable, not a collector failure."
LALIGA2627_MW11_110_VillarrealCF_RCDEspanyoldeBarcelona,2026-27,11,2026-11-01,2026-11-01T00:00:00+00:00,Villarreal CF,RCD Espanyol de Barcelona,,totals,,,,,,,,,,,,,,,,,,unknown,,decimal,2026-09-22T10:25:41+00:00,none_available,,False,False,unavailable,2026-09-22,"The Odds API is configured and reachable, but has not yet posted this market for this fixture (bookmakers open different markets at different times before kickoff) -- genuinely unavailable, not a collector failure."
LALIGA2627_MW12_111_AtléticodeMadrid_FCBarcelona,2026-27,12,2026-11-08,2026-11-08T00:00:00+00:00,Atlético de Madrid,FC Barcelona,,h2h,,,,,,,,,,,,,,,,,,unknown,,decimal,2026-09-22T10:25:41+00:00,none_available,,False,False,unavailable,2026-09-22,"The Odds API is configured and reachable, but has not yet posted this market for this fixture (bookmakers open different markets at different times before kickoff) -- genuinely unavailable, not a collector failure."
LALIGA2627_MW12_111_AtléticodeMadrid_FCBarcelona,2026-27,12,2026-11-08,2026-11-08T00:00:00+00:00,Atlético de Madrid,FC Barcelona,,spreads,,,,,,,,,,,,,,,,,,unknown,,decimal,2026-09-22T10:25:41+00:00,none_available,,False,False,unavailable,2026-09-22,"The Odds API is configured and reachable, but has not yet posted this market for this fixture (bookmakers open different markets at different times before kickoff) -- genuinely unavailable, not a collector failure."
LALIGA2627_MW12_111_AtléticodeMadrid_FCBarcelona,2026-27,12,2026-11-08,2026-11-08T00:00:00+00:00,Atlético de Madrid,FC Barcelona,,totals,,,,,,,,,,,,,,,,,,unknown,,decimal,2026-09-22T10:25:41+00:00,none_available,,False,False,unavailable,2026-09-22,"The Odds API is configured and reachable, but has not yet posted this market for this fixture (bookmakers open different markets at different times before kickoff) -- genuinely unavailable, not a collector failure."
LALIGA2627_MW12_112_CeltaVigo_LevanteUD,2026-27,12,2026-11-08,2026-11-08T00:00:00+00:00,Celta Vigo,Levante UD,,h2h,,,,,,,,,,,,,,,,,,unknown,,decimal,2026-09-22T10:25:41+00:00,none_available,,False,False,unavailable,2026-09-22,"The Odds API is configured and reachable, but has not yet posted this market for this fixture (bookmakers open different markets at different times before kickoff) -- genuinely unavailable, not a collector failure."
LALIGA2627_MW12_112_CeltaVigo_LevanteUD,2026-27,12,2026-11-08,2026-11-08T00:00:00+00:00,Celta Vigo,Levante UD,,spreads,,,,,,,,,,,,,,,,,,unknown,,decimal,2026-09-22T10:25:41+00:00,none_available,,False,False,unavailable,2026-09-22,"The Odds API is configured and reachable, but has not yet posted this market for this fixture (bookmakers open different markets at different times before kickoff) -- genuinely unavailable, not a collector failure."
LALIGA2627_MW12_112_CeltaVigo_LevanteUD,2026-27,12,2026-11-08,2026-11-08T00:00:00+00:00,Celta Vigo,Levante UD,,totals,,,,,,,,,,,,,,,,,,unknown,,decimal,2026-09-22T10:25:41+00:00,none_available,,False,False,unavailable,2026-09-22,"The Odds API is configured and reachable, but has not yet posted this market for this fixture (bookmakers open different markets at different times before kickoff) -- genuinely unavailable, not a collector failure."
LALIGA2627_MW12_113_ElcheCF_RealBetis,2026-27,12,2026-11-08,2026-11-08T00:00:00+00:00,Elche CF,Real Betis,,h2h,,,,,,,,,,,,,,,,,,unknown,,decimal,2026-09-22T10:25:41+00:00,none_available,,False,False,unavailable,2026-09-22,"The Odds API is configured and reachable, but has not yet posted this market for this fixture (bookmakers open different markets at different times before kickoff) -- genuinely unavailable, not a collector failure."
LALIGA2627_MW12_113_ElcheCF_RealBetis,2026-27,12,2026-11-08,2026-11-08T00:00:00+00:00,Elche CF,Real Betis,,spreads,,,,,,,,,,,,,,,,,,unknown,,decimal,2026-09-22T10:25:41+00:00,none_available,,False,False,unavailable,2026-09-22,"The Odds API is configured and reachable, but has not yet posted this market for this fixture (bookmakers open different markets at different times before kickoff) -- genuinely unavailable, not a collector failure."
LALIGA2627_MW12_113_ElcheCF_RealBetis,2026-27,12,2026-11-08,2026-11-08T00:00:00+00:00,Elche CF,Real Betis,,totals,,,,,,,,,,,,,,,,,,unknown,,decimal,2026-09-22T10:25:41+00:00,none_available,,False,False,unavailable,2026-09-22,"The Odds API is configured and reachable, but has not yet posted this market for this fixture (bookmakers open different markets at different times before kickoff) -- genuinely unavailable, not a collector failure."
LALIGA2627_MW12_114_RCDEspanyoldeBarcelona_RCDeportivo,2026-27,12,2026-11-08,2026-11-08T00:00:00+00:00,RCD Espanyol de Barcelona,RC Deportivo,,h2h,,,,,,,,,,,,,,,,,,unknown,,decimal,2026-09-22T10:25:41+00:00,none_available,,False,False,unavailable,2026-09-22,"The Odds API is configured and reachable, but has not yet posted this market for this fixture (bookmakers open different markets at different times before kickoff) -- genuinely unavailable, not a collector failure."
LALIGA2627_MW12_114_RCDEspanyoldeBarcelona_RCDeportivo,2026-27,12,2026-11-08,2026-11-08T00:00:00+00:00,RCD Espanyol de Barcelona,RC Deportivo,,spreads,,,,,,,,,,,,,,,,,,unknown,,decimal,2026-09-22T10:25:41+00:00,none_available,,False,False,unavailable,2026-09-22,"The Odds API is configured and reachable, but has not yet posted this market for this fixture (bookmakers open different markets at different times before kickoff) -- genuinely unavailable, not a collector failure."
LALIGA2627_MW12_114_RCDEspanyoldeBarcelona_RCDeportivo,2026-27,12,2026-11-08,2026-11-08T00:00:00+00:00,RCD Espanyol de Barcelona,RC Deportivo,,totals,,,,,,,,,,,,,,,,,,unknown,,decimal,2026-09-22T10:25:41+00:00,none_available,,False,False,unavailable,2026-09-22,"The Odds API is configured and reachable, but has not yet posted this market for this fixture (bookmakers open different markets at different times before kickoff) -- genuinely unavailable, not a collector failure."
LALIGA2627_MW12_115_MálagaCF_R.RacingClub,2026-27,12,2026-11-08,2026-11-08T00:00:00+00:00,Málaga CF,R. Racing Club,,h2h,,,,,,,,,,,,,,,,,,unknown,,decimal,2026-09-22T10:25:41+00:00,none_available,,False,False,unavailable,2026-09-22,"The Odds API is configured and reachable, but has not yet posted this market for this fixture (bookmakers open different markets at different times before kickoff) -- genuinely unavailable, not a collector failure."
LALIGA2627_MW12_115_MálagaCF_R.RacingClub,2026-27,12,2026-11-08,2026-11-08T00:00:00+00:00,Málaga CF,R. Racing Club,,spreads,,,,,,,,,,,,,,,,,,unknown,,decimal,2026-09-22T10:25:41+00:00,none_available,,False,False,unavailable,2026-09-22,"The Odds API is configured and reachable, but has not yet posted this market for this fixture (bookmakers open different markets at different times before kickoff) -- genuinely unavailable, not a collector failure."
LALIGA2627_MW12_115_MálagaCF_R.RacingClub,2026-27,12,2026-11-08,2026-11-08T00:00:00+00:00,Málaga CF,R. Racing Club,,totals,,,,,,,,,,,,,,,,,,unknown,,decimal,2026-09-22T10:25:41+00:00,none_available,,False,False,unavailable,2026-09-22,"The Odds API is configured and reachable, but has not yet posted this market for this fixture (bookmakers open different markets at different times before kickoff) -- genuinely unavailable, not a collector failure."
LALIGA2627_MW12_116_CAOsasuna_AthleticClub,2026-27,12,2026-11-08,2026-11-08T00:00:00+00:00,CA Osasuna,Athletic Club,,h2h,,,,,,,,,,,,,,,,,,unknown,,decimal,2026-09-22T10:25:41+00:00,none_available,,False,False,unavailable,2026-09-22,"The Odds API is configured and reachable, but has not yet posted this market for this fixture (bookmakers open different markets at different times before kickoff) -- genuinely unavailable, not a collector failure."
LALIGA2627_MW12_116_CAOsasuna_AthleticClub,2026-27,12,2026-11-08,2026-11-08T00:00:00+00:00,CA Osasuna,Athletic Club,,spreads,,,,,,,,,,,,,,,,,,unknown,,decimal,2026-09-22T10:25:41+00:00,none_available,,False,False,unavailable,2026-09-22,"The Odds API is configured and reachable, but has not yet posted this market for this fixture (bookmakers open different markets at different times before kickoff) -- genuinely unavailable, not a collector failure."
LALIGA2627_MW12_116_CAOsasuna_AthleticClub,2026-27,12,2026-11-08,2026-11-08T00:00:00+00:00,CA Osasuna,Athletic Club,,totals,,,,,,,,,,,,,,,,,,unknown,,decimal,2026-09-22T10:25:41+00:00,none_available,,False,False,unavailable,2026-09-22,"The Odds API is configured and reachable, but has not yet posted this market for this fixture (bookmakers open different markets at different times before kickoff) -- genuinely unavailable, not a collector failure."
LALIGA2627_MW12_117_RealSociedad_RayoVallecano,2026-27,12,2026-11-08,2026-11-08T00:00:00+00:00,Real Sociedad,Rayo Vallecano,,h2h,,,,,,,,,,,,,,,,,,unknown,,decimal,2026-09-22T10:25:41+00:00,none_available,,False,False,unavailable,2026-09-22,"The Odds API is configured and reachable, but has not yet posted this market for this fixture (bookmakers open different markets at different times before kickoff) -- genuinely unavailable, not a collector failure."
LALIGA2627_MW12_117_RealSociedad_RayoVallecano,2026-27,12,2026-11-08,2026-11-08T00:00:00+00:00,Real Sociedad,Rayo Vallecano,,spreads,,,,,,,,,,,,,,,,,,unknown,,decimal,2026-09-22T10:25:41+00:00,none_available,,False,False,unavailable,2026-09-22,"The Odds API is configured and reachable, but has not yet posted this market for this fixture (bookmakers open different markets at different times before kickoff) -- genuinely unavailable, not a collector failure."
LALIGA2627_MW12_117_RealSociedad_RayoVallecano,2026-27,12,2026-11-08,2026-11-08T00:00:00+00:00,Real Sociedad,Rayo Vallecano,,totals,,,,,,,,,,,,,,,,,,unknown,,decimal,2026-09-22T10:25:41+00:00,none_available,,False,False,unavailable,2026-09-22,"The Odds API is configured and reachable, but has not yet posted this market for this fixture (bookmakers open different markets at different times before kickoff) -- genuinely unavailable, not a collector failure."
LALIGA2627_MW12_118_SevillaFC_DeportivoAlavés,2026-27,12,2026-11-08,2026-11-08T00:00:00+00:00,Sevilla FC,Deportivo Alavés,,h2h,,,,,,,,,,,,,,,,,,unknown,,decimal,2026-09-22T10:25:41+00:00,none_available,,False,False,unavailable,2026-09-22,"The Odds API is configured and reachable, but has not yet posted this market for this fixture (bookmakers open different markets at different times before kickoff) -- genuinely unavailable, not a collector failure."
LALIGA2627_MW12_118_SevillaFC_DeportivoAlavés,2026-27,12,2026-11-08,2026-11-08T00:00:00+00:00,Sevilla FC,Deportivo Alavés,,spreads,,,,,,,,,,,,,,,,,,unknown,,decimal,2026-09-22T10:25:41+00:00,none_available,,False,False,unavailable,2026-09-22,"The Odds API is configured and reachable, but has not yet posted this market for this fixture (bookmakers open different markets at different times before kickoff) -- genuinely unavailable, not a collector failure."
LALIGA2627_MW12_118_SevillaFC_DeportivoAlavés,2026-27,12,2026-11-08,2026-11-08T00:00:00+00:00,Sevilla FC,Deportivo Alavés,,totals,,,,,,,,,,,,,,,,,,unknown,,decimal,2026-09-22T10:25:41+00:00,none_available,,False,False,unavailable,2026-09-22,"The Odds API is configured and reachable, but has not yet posted this market for this fixture (bookmakers open different markets at different times before kickoff) -- genuinely unavailable, not a collector failure."
LALIGA2627_MW12_119_ValenciaCF_RealMadrid,2026-27,12,2026-11-08,2026-11-08T00:00:00+00:00,Valencia CF,Real Madrid,,h2h,,,,,,,,,,,,,,,,,,unknown,,decimal,2026-09-22T10:25:41+00:00,none_available,,False,False,unavailable,2026-09-22,"The Odds API is configured and reachable, but has not yet posted this market for this fixture (bookmakers open different markets at different times before kickoff) -- genuinely unavailable, not a collector failure."
LALIGA2627_MW12_119_ValenciaCF_RealMadrid,2026-27,12,2026-11-08,2026-11-08T00:00:00+00:00,Valencia CF,Real Madrid,,spreads,,,,,,,,,,,,,,,,,,unknown,,decimal,2026-09-22T10:25:41+00:00,none_available,,False,False,unavailable,2026-09-22,"The Odds API is configured and reachable, but has not yet posted this market for this fixture (bookmakers open different markets at different times before kickoff) -- genuinely unavailable, not a collector failure."
LALIGA2627_MW12_119_ValenciaCF_RealMadrid,2026-27,12,2026-11-08,2026-11-08T00:00:00+00:00,Valencia CF,Real Madrid,,totals,,,,,,,,,,,,,,,,,,unknown,,decimal,2026-09-22T10:25:41+00:00,none_available,,False,False,unavailable,2026-09-22,"The Odds API is configured and reachable, but has not yet posted this market for this fixture (bookmakers open different markets at different times before kickoff) -- genuinely unavailable, not a collector failure."
LALIGA2627_MW12_120_VillarrealCF_GetafeCF,2026-27,12,2026-11-08,2026-11-08T00:00:00+00:00,Villarreal CF,Getafe CF,,h2h,,,,,,,,,,,,,,,,,,unknown,,decimal,2026-09-22T10:25:41+00:00,none_available,,False,False,unavailable,2026-09-22,"The Odds API is configured and reachable, but has not yet posted this market for this fixture (bookmakers open different markets at different times before kickoff) -- genuinely unavailable, not a collector failure."
LALIGA2627_MW12_120_VillarrealCF_GetafeCF,2026-27,12,2026-11-08,2026-11-08T00:00:00+00:00,Villarreal CF,Getafe CF,,spreads,,,,,,,,,,,,,,,,,,unknown,,decimal,2026-09-22T10:25:41+00:00,none_available,,False,False,unavailable,2026-09-22,"The Odds API is configured and reachable, but has not yet posted this market for this fixture (bookmakers open different markets at different times before kickoff) -- genuinely unavailable, not a collector failure."
LALIGA2627_MW12_120_VillarrealCF_GetafeCF,2026-27,12,2026-11-08,2026-11-08T00:00:00+00:00,Villarreal CF,Getafe CF,,totals,,,,,,,,,,,,,,,,,,unknown,,decimal,2026-09-22T10:25:41+00:00,none_available,,False,False,unavailable,2026-09-22,"The Odds API is configured and reachable, but has not yet posted this market for this fixture (bookmakers open different markets at different times before kickoff) -- genuinely unavailable, not a collector failure."
LALIGA2627_MW13_121_DeportivoAlavés_RCDeportivo,2026-27,13,2026-11-22,2026-11-22T00:00:00+00:00,Deportivo Alavés,RC Deportivo,,h2h,,,,,,,,,,,,,,,,,,unknown,,decimal,2026-09-22T10:25:41+00:00,none_available,,False,False,unavailable,2026-09-22,"The Odds API is configured and reachable, but has not yet posted this market for this fixture (bookmakers open different markets at different times before kickoff) -- genuinely unavailable, not a collector failure."
LALIGA2627_MW13_121_DeportivoAlavés_RCDeportivo,2026-27,13,2026-11-22,2026-11-22T00:00:00+00:00,Deportivo Alavés,RC Deportivo,,spreads,,,,,,,,,,,,,,,,,,unknown,,decimal,2026-09-22T10:25:41+00:00,none_available,,False,False,unavailable,2026-09-22,"The Odds API is configured and reachable, but has not yet posted this market for this fixture (bookmakers open different markets at different times before kickoff) -- genuinely unavailable, not a collector failure."
LALIGA2627_MW13_121_DeportivoAlavés_RCDeportivo,2026-27,13,2026-11-22,2026-11-22T00:00:00+00:00,Deportivo Alavés,RC Deportivo,,totals,,,,,,,,,,,,,,,,,,unknown,,decimal,2026-09-22T10:25:41+00:00,none_available,,False,False,unavailable,2026-09-22,"The Odds API is configured and reachable, but has not yet posted this market for this fixture (bookmakers open different markets at different times before kickoff) -- genuinely unavailable, not a collector failure."
LALIGA2627_MW13_122_AthleticClub_RCDEspanyoldeBarcelona,2026-27,13,2026-11-22,2026-11-22T00:00:00+00:00,Athletic Club,RCD Espanyol de Barcelona,,h2h,,,,,,,,,,,,,,,,,,unknown,,decimal,2026-09-22T10:25:41+00:00,none_available,,False,False,unavailable,2026-09-22,"The Odds API is configured and reachable, but has not yet posted this market for this fixture (bookmakers open different markets at different times before kickoff) -- genuinely unavailable, not a collector failure."
LALIGA2627_MW13_122_AthleticClub_RCDEspanyoldeBarcelona,2026-27,13,2026-11-22,2026-11-22T00:00:00+00:00,Athletic Club,RCD Espanyol de Barcelona,,spreads,,,,,,,,,,,,,,,,,,unknown,,decimal,2026-09-22T10:25:41+00:00,none_available,,False,False,unavailable,2026-09-22,"The Odds API is configured and reachable, but has not yet posted this market for this fixture (bookmakers open different markets at different times before kickoff) -- genuinely unavailable, not a collector failure."
LALIGA2627_MW13_122_AthleticClub_RCDEspanyoldeBarcelona,2026-27,13,2026-11-22,2026-11-22T00:00:00+00:00,Athletic Club,RCD Espanyol de Barcelona,,totals,,,,,,,,,,,,,,,,,,unknown,,decimal,2026-09-22T10:25:41+00:00,none_available,,False,False,unavailable,2026-09-22,"The Odds API is configured and reachable, but has not yet posted this market for this fixture (bookmakers open different markets at different times before kickoff) -- genuinely unavailable, not a collector failure."
LALIGA2627_MW13_123_FCBarcelona_VillarrealCF,2026-27,13,2026-11-22,2026-11-22T00:00:00+00:00,FC Barcelona,Villarreal CF,,h2h,,,,,,,,,,,,,,,,,,unknown,,decimal,2026-09-22T10:25:41+00:00,none_available,,False,False,unavailable,2026-09-22,"The Odds API is configured and reachable, but has not yet posted this market for this fixture (bookmakers open different markets at different times before kickoff) -- genuinely unavailable, not a collector failure."
LALIGA2627_MW13_123_FCBarcelona_VillarrealCF,2026-27,13,2026-11-22,2026-11-22T00:00:00+00:00,FC Barcelona,Villarreal CF,,spreads,,,,,,,,,,,,,,,,,,unknown,,decimal,2026-09-22T10:25:41+00:00,none_available,,False,False,unavailable,2026-09-22,"The Odds API is configured and reachable, but has not yet posted this market for this fixture (bookmakers open different markets at different times before kickoff) -- genuinely unavailable, not a collector failure."
LALIGA2627_MW13_123_FCBarcelona_VillarrealCF,2026-27,13,2026-11-22,2026-11-22T00:00:00+00:00,FC Barcelona,Villarreal CF,,totals,,,,,,,,,,,,,,,,,,unknown,,decimal,2026-09-22T10:25:41+00:00,none_available,,False,False,unavailable,2026-09-22,"The Odds API is configured and reachable, but has not yet posted this market for this fixture (bookmakers open different markets at different times before kickoff) -- genuinely unavailable, not a collector failure."
LALIGA2627_MW13_124_GetafeCF_AtléticodeMadrid,2026-27,13,2026-11-22,2026-11-22T00:00:00+00:00,Getafe CF,Atlético de Madrid,,h2h,,,,,,,,,,,,,,,,,,unknown,,decimal,2026-09-22T10:25:41+00:00,none_available,,False,False,unavailable,2026-09-22,"The Odds API is configured and reachable, but has not yet posted this market for this fixture (bookmakers open different markets at different times before kickoff) -- genuinely unavailable, not a collector failure."
LALIGA2627_MW13_124_GetafeCF_AtléticodeMadrid,2026-27,13,2026-11-22,2026-11-22T00:00:00+00:00,Getafe CF,Atlético de Madrid,,spreads,,,,,,,,,,,,,,,,,,unknown,,decimal,2026-09-22T10:25:41+00:00,none_available,,False,False,unavailable,2026-09-22,"The Odds API is configured and reachable, but has not yet posted this market for this fixture (bookmakers open different markets at different times before kickoff) -- genuinely unavailable, not a collector failure."
LALIGA2627_MW13_124_GetafeCF_AtléticodeMadrid,2026-27,13,2026-11-22,2026-11-22T00:00:00+00:00,Getafe CF,Atlético de Madrid,,totals,,,,,,,,,,,,,,,,,,unknown,,decimal,2026-09-22T10:25:41+00:00,none_available,,False,False,unavailable,2026-09-22,"The Odds API is configured and reachable, but has not yet posted this market for this fixture (bookmakers open different markets at different times before kickoff) -- genuinely unavailable, not a collector failure."
LALIGA2627_MW13_125_LevanteUD_ElcheCF,2026-27,13,2026-11-22,2026-11-22T00:00:00+00:00,Levante UD,Elche CF,,h2h,,,,,,,,,,,,,,,,,,unknown,,decimal,2026-09-22T10:25:41+00:00,none_available,,False,False,unavailable,2026-09-22,"The Odds API is configured and reachable, but has not yet posted this market for this fixture (bookmakers open different markets at different times before kickoff) -- genuinely unavailable, not a collector failure."
LALIGA2627_MW13_125_LevanteUD_ElcheCF,2026-27,13,2026-11-22,2026-11-22T00:00:00+00:00,Levante UD,Elche CF,,spreads,,,,,,,,,,,,,,,,,,unknown,,decimal,2026-09-22T10:25:41+00:00,none_available,,False,False,unavailable,2026-09-22,"The Odds API is configured and reachable, but has not yet posted this market for this fixture (bookmakers open different markets at different times before kickoff) -- genuinely unavailable, not a collector failure."
LALIGA2627_MW13_125_LevanteUD_ElcheCF,2026-27,13,2026-11-22,2026-11-22T00:00:00+00:00,Levante UD,Elche CF,,totals,,,,,,,,,,,,,,,,,,unknown,,decimal,2026-09-22T10:25:41+00:00,none_available,,False,False,unavailable,2026-09-22,"The Odds API is configured and reachable, but has not yet posted this market for this fixture (bookmakers open different markets at different times before kickoff) -- genuinely unavailable, not a collector failure."
LALIGA2627_MW13_126_CAOsasuna_MálagaCF,2026-27,13,2026-11-22,2026-11-22T00:00:00+00:00,CA Osasuna,Málaga CF,,h2h,,,,,,,,,,,,,,,,,,unknown,,decimal,2026-09-22T10:25:41+00:00,none_available,,False,False,unavailable,2026-09-22,"The Odds API is configured and reachable, but has not yet posted this market for this fixture (bookmakers open different markets at different times before kickoff) -- genuinely unavailable, not a collector failure."
LALIGA2627_MW13_126_CAOsasuna_MálagaCF,2026-27,13,2026-11-22,2026-11-22T00:00:00+00:00,CA Osasuna,Málaga CF,,spreads,,,,,,,,,,,,,,,,,,unknown,,decimal,2026-09-22T10:25:41+00:00,none_available,,False,False,unavailable,2026-09-22,"The Odds API is configured and reachable, but has not yet posted this market for this fixture (bookmakers open different markets at different times before kickoff) -- genuinely unavailable, not a collector failure."
LALIGA2627_MW13_126_CAOsasuna_MálagaCF,2026-27,13,2026-11-22,2026-11-22T00:00:00+00:00,CA Osasuna,Málaga CF,,totals,,,,,,,,,,,,,,,,,,unknown,,decimal,2026-09-22T10:25:41+00:00,none_available,,False,False,unavailable,2026-09-22,"The Odds API is configured and reachable, but has not yet posted this market for this fixture (bookmakers open different markets at different times before kickoff) -- genuinely unavailable, not a collector failure."
LALIGA2627_MW13_127_R.RacingClub_RealSociedad,2026-27,13,2026-11-22,2026-11-22T00:00:00+00:00,R. Racing Club,Real Sociedad,,h2h,,,,,,,,,,,,,,,,,,unknown,,decimal,2026-09-22T10:25:41+00:00,none_available,,False,False,unavailable,2026-09-22,"The Odds API is configured and reachable, but has not yet posted this market for this fixture (bookmakers open different markets at different times before kickoff) -- genuinely unavailable, not a collector failure."
LALIGA2627_MW13_127_R.RacingClub_RealSociedad,2026-27,13,2026-11-22,2026-11-22T00:00:00+00:00,R. Racing Club,Real Sociedad,,spreads,,,,,,,,,,,,,,,,,,unknown,,decimal,2026-09-22T10:25:41+00:00,none_available,,False,False,unavailable,2026-09-22,"The Odds API is configured and reachable, but has not yet posted this market for this fixture (bookmakers open different markets at different times before kickoff) -- genuinely unavailable, not a collector failure."
LALIGA2627_MW13_127_R.RacingClub_RealSociedad,2026-27,13,2026-11-22,2026-11-22T00:00:00+00:00,R. Racing Club,Real Sociedad,,totals,,,,,,,,,,,,,,,,,,unknown,,decimal,2026-09-22T10:25:41+00:00,none_available,,False,False,unavailable,2026-09-22,"The Odds API is configured and reachable, but has not yet posted this market for this fixture (bookmakers open different markets at different times before kickoff) -- genuinely unavailable, not a collector failure."
LALIGA2627_MW13_128_RayoVallecano_ValenciaCF,2026-27,13,2026-11-22,2026-11-22T00:00:00+00:00,Rayo Vallecano,Valencia CF,,h2h,,,,,,,,,,,,,,,,,,unknown,,decimal,2026-09-22T10:25:41+00:00,none_available,,False,False,unavailable,2026-09-22,"The Odds API is configured and reachable, but has not yet posted this market for this fixture (bookmakers open different markets at different times before kickoff) -- genuinely unavailable, not a collector failure."
LALIGA2627_MW13_128_RayoVallecano_ValenciaCF,2026-27,13,2026-11-22,2026-11-22T00:00:00+00:00,Rayo Vallecano,Valencia CF,,spreads,,,,,,,,,,,,,,,,,,unknown,,decimal,2026-09-22T10:25:41+00:00,none_available,,False,False,unavailable,2026-09-22,"The Odds API is configured and reachable, but has not yet posted this market for this fixture (bookmakers open different markets at different times before kickoff) -- genuinely unavailable, not a collector failure."
LALIGA2627_MW13_128_RayoVallecano_ValenciaCF,2026-27,13,2026-11-22,2026-11-22T00:00:00+00:00,Rayo Vallecano,Valencia CF,,totals,,,,,,,,,,,,,,,,,,unknown,,decimal,2026-09-22T10:25:41+00:00,none_available,,False,False,unavailable,2026-09-22,"The Odds API is configured and reachable, but has not yet posted this market for this fixture (bookmakers open different markets at different times before kickoff) -- genuinely unavailable, not a collector failure."
LALIGA2627_MW13_129_RealMadrid_CeltaVigo,2026-27,13,2026-11-22,2026-11-22T00:00:00+00:00,Real Madrid,Celta Vigo,,h2h,,,,,,,,,,,,,,,,,,unknown,,decimal,2026-09-22T10:25:41+00:00,none_available,,False,False,unavailable,2026-09-22,"The Odds API is configured and reachable, but has not yet posted this market for this fixture (bookmakers open different markets at different times before kickoff) -- genuinely unavailable, not a collector failure."
LALIGA2627_MW13_129_RealMadrid_CeltaVigo,2026-27,13,2026-11-22,2026-11-22T00:00:00+00:00,Real Madrid,Celta Vigo,,spreads,,,,,,,,,,,,,,,,,,unknown,,decimal,2026-09-22T10:25:41+00:00,none_available,,False,False,unavailable,2026-09-22,"The Odds API is configured and reachable, but has not yet posted this market for this fixture (bookmakers open different markets at different times before kickoff) -- genuinely unavailable, not a collector failure."
LALIGA2627_MW13_129_RealMadrid_CeltaVigo,2026-27,13,2026-11-22,2026-11-22T00:00:00+00:00,Real Madrid,Celta Vigo,,totals,,,,,,,,,,,,,,,,,,unknown,,decimal,2026-09-22T10:25:41+00:00,none_available,,False,False,unavailable,2026-09-22,"The Odds API is configured and reachable, but has not yet posted this market for this fixture (bookmakers open different markets at different times before kickoff) -- genuinely unavailable, not a collector failure."
LALIGA2627_MW13_130_SevillaFC_RealBetis,2026-27,13,2026-11-22,2026-11-22T00:00:00+00:00,Sevilla FC,Real Betis,,h2h,,,,,,,,,,,,,,,,,,unknown,,decimal,2026-09-22T10:25:41+00:00,none_available,,False,False,unavailable,2026-09-22,"The Odds API is configured and reachable, but has not yet posted this market for this fixture (bookmakers open different markets at different times before kickoff) -- genuinely unavailable, not a collector failure."
LALIGA2627_MW13_130_SevillaFC_RealBetis,2026-27,13,2026-11-22,2026-11-22T00:00:00+00:00,Sevilla FC,Real Betis,,spreads,,,,,,,,,,,,,,,,,,unknown,,decimal,2026-09-22T10:25:41+00:00,none_available,,False,False,unavailable,2026-09-22,"The Odds API is configured and reachable, but has not yet posted this market for this fixture (bookmakers open different markets at different times before kickoff) -- genuinely unavailable, not a collector failure."
LALIGA2627_MW13_130_SevillaFC_RealBetis,2026-27,13,2026-11-22,2026-11-22T00:00:00+00:00,Sevilla FC,Real Betis,,totals,,,,,,,,,,,,,,,,,,unknown,,decimal,2026-09-22T10:25:41+00:00,none_available,,False,False,unavailable,2026-09-22,"The Odds API is configured and reachable, but has not yet posted this market for this fixture (bookmakers open different markets at different times before kickoff) -- genuinely unavailable, not a collector failure."
LALIGA2627_MW14_131_RealBetis_RayoVallecano,2026-27,14,2026-11-29,2026-11-29T00:00:00+00:00,Real Betis,Rayo Vallecano,,h2h,,,,,,,,,,,,,,,,,,unknown,,decimal,2026-09-22T10:25:41+00:00,none_available,,False,False,unavailable,2026-09-22,"The Odds API is configured and reachable, but has not yet posted this market for this fixture (bookmakers open different markets at different times before kickoff) -- genuinely unavailable, not a collector failure."
LALIGA2627_MW14_131_RealBetis_RayoVallecano,2026-27,14,2026-11-29,2026-11-29T00:00:00+00:00,Real Betis,Rayo Vallecano,,spreads,,,,,,,,,,,,,,,,,,unknown,,decimal,2026-09-22T10:25:41+00:00,none_available,,False,False,unavailable,2026-09-22,"The Odds API is configured and reachable, but has not yet posted this market for this fixture (bookmakers open different markets at different times before kickoff) -- genuinely unavailable, not a collector failure."
LALIGA2627_MW14_131_RealBetis_RayoVallecano,2026-27,14,2026-11-29,2026-11-29T00:00:00+00:00,Real Betis,Rayo Vallecano,,totals,,,,,,,,,,,,,,,,,,unknown,,decimal,2026-09-22T10:25:41+00:00,none_available,,False,False,unavailable,2026-09-22,"The Odds API is configured and reachable, but has not yet posted this market for this fixture (bookmakers open different markets at different times before kickoff) -- genuinely unavailable, not a collector failure."
LALIGA2627_MW14_132_CeltaVigo_VillarrealCF,2026-27,14,2026-11-29,2026-11-29T00:00:00+00:00,Celta Vigo,Villarreal CF,,h2h,,,,,,,,,,,,,,,,,,unknown,,decimal,2026-09-22T10:25:41+00:00,none_available,,False,False,unavailable,2026-09-22,"The Odds API is configured and reachable, but has not yet posted this market for this fixture (bookmakers open different markets at different times before kickoff) -- genuinely unavailable, not a collector failure."
LALIGA2627_MW14_132_CeltaVigo_VillarrealCF,2026-27,14,2026-11-29,2026-11-29T00:00:00+00:00,Celta Vigo,Villarreal CF,,spreads,,,,,,,,,,,,,,,,,,unknown,,decimal,2026-09-22T10:25:41+00:00,none_available,,False,False,unavailable,2026-09-22,"The Odds API is configured and reachable, but has not yet posted this market for this fixture (bookmakers open different markets at different times before kickoff) -- genuinely unavailable, not a collector failure."
LALIGA2627_MW14_132_CeltaVigo_VillarrealCF,2026-27,14,2026-11-29,2026-11-29T00:00:00+00:00,Celta Vigo,Villarreal CF,,totals,,,,,,,,,,,,,,,,,,unknown,,decimal,2026-09-22T10:25:41+00:00,none_available,,False,False,unavailable,2026-09-22,"The Odds API is configured and reachable, but has not yet posted this market for this fixture (bookmakers open different markets at different times before kickoff) -- genuinely unavailable, not a collector failure."
LALIGA2627_MW14_133_RCDeportivo_FCBarcelona,2026-27,14,2026-11-29,2026-11-29T00:00:00+00:00,RC Deportivo,FC Barcelona,,h2h,,,,,,,,,,,,,,,,,,unknown,,decimal,2026-09-22T10:25:41+00:00,none_available,,False,False,unavailable,2026-09-22,"The Odds API is configured and reachable, but has not yet posted this market for this fixture (bookmakers open different markets at different times before kickoff) -- genuinely unavailable, not a collector failure."
LALIGA2627_MW14_133_RCDeportivo_FCBarcelona,2026-27,14,2026-11-29,2026-11-29T00:00:00+00:00,RC Deportivo,FC Barcelona,,spreads,,,,,,,,,,,,,,,,,,unknown,,decimal,2026-09-22T10:25:41+00:00,none_available,,False,False,unavailable,2026-09-22,"The Odds API is configured and reachable, but has not yet posted this market for this fixture (bookmakers open different markets at different times before kickoff) -- genuinely unavailable, not a collector failure."
LALIGA2627_MW14_133_RCDeportivo_FCBarcelona,2026-27,14,2026-11-29,2026-11-29T00:00:00+00:00,RC Deportivo,FC Barcelona,,totals,,,,,,,,,,,,,,,,,,unknown,,decimal,2026-09-22T10:25:41+00:00,none_available,,False,False,unavailable,2026-09-22,"The Odds API is configured and reachable, but has not yet posted this market for this fixture (bookmakers open different markets at different times before kickoff) -- genuinely unavailable, not a collector failure."
LALIGA2627_MW14_134_ElcheCF_AtléticodeMadrid,2026-27,14,2026-11-29,2026-11-29T00:00:00+00:00,Elche CF,Atlético de Madrid,,h2h,,,,,,,,,,,,,,,,,,unknown,,decimal,2026-09-22T10:25:41+00:00,none_available,,False,False,unavailable,2026-09-22,"The Odds API is configured and reachable, but has not yet posted this market for this fixture (bookmakers open different markets at different times before kickoff) -- genuinely unavailable, not a collector failure."
LALIGA2627_MW14_134_ElcheCF_AtléticodeMadrid,2026-27,14,2026-11-29,2026-11-29T00:00:00+00:00,Elche CF,Atlético de Madrid,,spreads,,,,,,,,,,,,,,,,,,unknown,,decimal,2026-09-22T10:25:41+00:00,none_available,,False,False,unavailable,2026-09-22,"The Odds API is configured and reachable, but has not yet posted this market for this fixture (bookmakers open different markets at different times before kickoff) -- genuinely unavailable, not a collector failure."
LALIGA2627_MW14_134_ElcheCF_AtléticodeMadrid,2026-27,14,2026-11-29,2026-11-29T00:00:00+00:00,Elche CF,Atlético de Madrid,,totals,,,,,,,,,,,,,,,,,,unknown,,decimal,2026-09-22T10:25:41+00:00,none_available,,False,False,unavailable,2026-09-22,"The Odds API is configured and reachable, but has not yet posted this market for this fixture (bookmakers open different markets at different times before kickoff) -- genuinely unavailable, not a collector failure."
LALIGA2627_MW14_135_RCDEspanyoldeBarcelona_GetafeCF,2026-27,14,2026-11-29,2026-11-29T00:00:00+00:00,RCD Espanyol de Barcelona,Getafe CF,,h2h,,,,,,,,,,,,,,,,,,unknown,,decimal,2026-09-22T10:25:41+00:00,none_available,,False,False,unavailable,2026-09-22,"The Odds API is configured and reachable, but has not yet posted this market for this fixture (bookmakers open different markets at different times before kickoff) -- genuinely unavailable, not a collector failure."
LALIGA2627_MW14_135_RCDEspanyoldeBarcelona_GetafeCF,2026-27,14,2026-11-29,2026-11-29T00:00:00+00:00,RCD Espanyol de Barcelona,Getafe CF,,spreads,,,,,,,,,,,,,,,,,,unknown,,decimal,2026-09-22T10:25:41+00:00,none_available,,False,False,unavailable,2026-09-22,"The Odds API is configured and reachable, but has not yet posted this market for this fixture (bookmakers open different markets at different times before kickoff) -- genuinely unavailable, not a collector failure."
LALIGA2627_MW14_135_RCDEspanyoldeBarcelona_GetafeCF,2026-27,14,2026-11-29,2026-11-29T00:00:00+00:00,RCD Espanyol de Barcelona,Getafe CF,,totals,,,,,,,,,,,,,,,,,,unknown,,decimal,2026-09-22T10:25:41+00:00,none_available,,False,False,unavailable,2026-09-22,"The Odds API is configured and reachable, but has not yet posted this market for this fixture (bookmakers open different markets at different times before kickoff) -- genuinely unavailable, not a collector failure."
LALIGA2627_MW14_136_LevanteUD_R.RacingClub,2026-27,14,2026-11-29,2026-11-29T00:00:00+00:00,Levante UD,R. Racing Club,,h2h,,,,,,,,,,,,,,,,,,unknown,,decimal,2026-09-22T10:25:41+00:00,none_available,,False,False,unavailable,2026-09-22,"The Odds API is configured and reachable, but has not yet posted this market for this fixture (bookmakers open different markets at different times before kickoff) -- genuinely unavailable, not a collector failure."
LALIGA2627_MW14_136_LevanteUD_R.RacingClub,2026-27,14,2026-11-29,2026-11-29T00:00:00+00:00,Levante UD,R. Racing Club,,spreads,,,,,,,,,,,,,,,,,,unknown,,decimal,2026-09-22T10:25:41+00:00,none_available,,False,False,unavailable,2026-09-22,"The Odds API is configured and reachable, but has not yet posted this market for this fixture (bookmakers open different markets at different times before kickoff) -- genuinely unavailable, not a collector failure."
LALIGA2627_MW14_136_LevanteUD_R.RacingClub,2026-27,14,2026-11-29,2026-11-29T00:00:00+00:00,Levante UD,R. Racing Club,,totals,,,,,,,,,,,,,,,,,,unknown,,decimal,2026-09-22T10:25:41+00:00,none_available,,False,False,unavailable,2026-09-22,"The Odds API is configured and reachable, but has not yet posted this market for this fixture (bookmakers open different markets at different times before kickoff) -- genuinely unavailable, not a collector failure."
LALIGA2627_MW14_137_MálagaCF_AthleticClub,2026-27,14,2026-11-29,2026-11-29T00:00:00+00:00,Málaga CF,Athletic Club,,h2h,,,,,,,,,,,,,,,,,,unknown,,decimal,2026-09-22T10:25:41+00:00,none_available,,False,False,unavailable,2026-09-22,"The Odds API is configured and reachable, but has not yet posted this market for this fixture (bookmakers open different markets at different times before kickoff) -- genuinely unavailable, not a collector failure."
LALIGA2627_MW14_137_MálagaCF_AthleticClub,2026-27,14,2026-11-29,2026-11-29T00:00:00+00:00,Málaga CF,Athletic Club,,spreads,,,,,,,,,,,,,,,,,,unknown,,decimal,2026-09-22T10:25:41+00:00,none_available,,False,False,unavailable,2026-09-22,"The Odds API is configured and reachable, but has not yet posted this market for this fixture (bookmakers open different markets at different times before kickoff) -- genuinely unavailable, not a collector failure."
LALIGA2627_MW14_137_MálagaCF_AthleticClub,2026-27,14,2026-11-29,2026-11-29T00:00:00+00:00,Málaga CF,Athletic Club,,totals,,,,,,,,,,,,,,,,,,unknown,,decimal,2026-09-22T10:25:41+00:00,none_available,,False,False,unavailable,2026-09-22,"The Odds API is configured and reachable, but has not yet posted this market for this fixture (bookmakers open different markets at different times before kickoff) -- genuinely unavailable, not a collector failure."
LALIGA2627_MW14_138_RealMadrid_DeportivoAlavés,2026-27,14,2026-11-29,2026-11-29T00:00:00+00:00,Real Madrid,Deportivo Alavés,,h2h,,,,,,,,,,,,,,,,,,unknown,,decimal,2026-09-22T10:25:41+00:00,none_available,,False,False,unavailable,2026-09-22,"The Odds API is configured and reachable, but has not yet posted this market for this fixture (bookmakers open different markets at different times before kickoff) -- genuinely unavailable, not a collector failure."
LALIGA2627_MW14_138_RealMadrid_DeportivoAlavés,2026-27,14,2026-11-29,2026-11-29T00:00:00+00:00,Real Madrid,Deportivo Alavés,,spreads,,,,,,,,,,,,,,,,,,unknown,,decimal,2026-09-22T10:25:41+00:00,none_available,,False,False,unavailable,2026-09-22,"The Odds API is configured and reachable, but has not yet posted this market for this fixture (bookmakers open different markets at different times before kickoff) -- genuinely unavailable, not a collector failure."
LALIGA2627_MW14_138_RealMadrid_DeportivoAlavés,2026-27,14,2026-11-29,2026-11-29T00:00:00+00:00,Real Madrid,Deportivo Alavés,,totals,,,,,,,,,,,,,,,,,,unknown,,decimal,2026-09-22T10:25:41+00:00,none_available,,False,False,unavailable,2026-09-22,"The Odds API is configured and reachable, but has not yet posted this market for this fixture (bookmakers open different markets at different times before kickoff) -- genuinely unavailable, not a collector failure."
LALIGA2627_MW14_139_RealSociedad_SevillaFC,2026-27,14,2026-11-29,2026-11-29T00:00:00+00:00,Real Sociedad,Sevilla FC,,h2h,,,,,,,,,,,,,,,,,,unknown,,decimal,2026-09-22T10:25:41+00:00,none_available,,False,False,unavailable,2026-09-22,"The Odds API is configured and reachable, but has not yet posted this market for this fixture (bookmakers open different markets at different times before kickoff) -- genuinely unavailable, not a collector failure."
LALIGA2627_MW14_139_RealSociedad_SevillaFC,2026-27,14,2026-11-29,2026-11-29T00:00:00+00:00,Real Sociedad,Sevilla FC,,spreads,,,,,,,,,,,,,,,,,,unknown,,decimal,2026-09-22T10:25:41+00:00,none_available,,False,False,unavailable,2026-09-22,"The Odds API is configured and reachable, but has not yet posted this market for this fixture (bookmakers open different markets at different times before kickoff) -- genuinely unavailable, not a collector failure."
LALIGA2627_MW14_139_RealSociedad_SevillaFC,2026-27,14,2026-11-29,2026-11-29T00:00:00+00:00,Real Sociedad,Sevilla FC,,totals,,,,,,,,,,,,,,,,,,unknown,,decimal,2026-09-22T10:25:41+00:00,none_available,,False,False,unavailable,2026-09-22,"The Odds API is configured and reachable, but has not yet posted this market for this fixture (bookmakers open different markets at different times before kickoff) -- genuinely unavailable, not a collector failure."
LALIGA2627_MW14_140_ValenciaCF_CAOsasuna,2026-27,14,2026-11-29,2026-11-29T00:00:00+00:00,Valencia CF,CA Osasuna,,h2h,,,,,,,,,,,,,,,,,,unknown,,decimal,2026-09-22T10:25:41+00:00,none_available,,False,False,unavailable,2026-09-22,"The Odds API is configured and reachable, but has not yet posted this market for this fixture (bookmakers open different markets at different times before kickoff) -- genuinely unavailable, not a collector failure."
LALIGA2627_MW14_140_ValenciaCF_CAOsasuna,2026-27,14,2026-11-29,2026-11-29T00:00:00+00:00,Valencia CF,CA Osasuna,,spreads,,,,,,,,,,,,,,,,,,unknown,,decimal,2026-09-22T10:25:41+00:00,none_available,,False,False,unavailable,2026-09-22,"The Odds API is configured and reachable, but has not yet posted this market for this fixture (bookmakers open different markets at different times before kickoff) -- genuinely unavailable, not a collector failure."
LALIGA2627_MW14_140_ValenciaCF_CAOsasuna,2026-27,14,2026-11-29,2026-11-29T00:00:00+00:00,Valencia CF,CA Osasuna,,totals,,,,,,,,,,,,,,,,,,unknown,,decimal,2026-09-22T10:25:41+00:00,none_available,,False,False,unavailable,2026-09-22,"The Odds API is configured and reachable, but has not yet posted this market for this fixture (bookmakers open different markets at different times before kickoff) -- genuinely unavailable, not a collector failure."
LALIGA2627_MW15_141_DeportivoAlavés_RCDEspanyoldeBarcelona,2026-27,15,2026-12-06,2026-12-06T00:00:00+00:00,Deportivo Alavés,RCD Espanyol de Barcelona,,h2h,,,,,,,,,,,,,,,,,,unknown,,decimal,2026-09-22T10:25:41+00:00,none_available,,False,False,unavailable,2026-09-22,"The Odds API is configured and reachable, but has not yet posted this market for this fixture (bookmakers open different markets at different times before kickoff) -- genuinely unavailable, not a collector failure."
LALIGA2627_MW15_141_DeportivoAlavés_RCDEspanyoldeBarcelona,2026-27,15,2026-12-06,2026-12-06T00:00:00+00:00,Deportivo Alavés,RCD Espanyol de Barcelona,,spreads,,,,,,,,,,,,,,,,,,unknown,,decimal,2026-09-22T10:25:41+00:00,none_available,,False,False,unavailable,2026-09-22,"The Odds API is configured and reachable, but has not yet posted this market for this fixture (bookmakers open different markets at different times before kickoff) -- genuinely unavailable, not a collector failure."
LALIGA2627_MW15_141_DeportivoAlavés_RCDEspanyoldeBarcelona,2026-27,15,2026-12-06,2026-12-06T00:00:00+00:00,Deportivo Alavés,RCD Espanyol de Barcelona,,totals,,,,,,,,,,,,,,,,,,unknown,,decimal,2026-09-22T10:25:41+00:00,none_available,,False,False,unavailable,2026-09-22,"The Odds API is configured and reachable, but has not yet posted this market for this fixture (bookmakers open different markets at different times before kickoff) -- genuinely unavailable, not a collector failure."
LALIGA2627_MW15_142_AthleticClub_RealMadrid,2026-27,15,2026-12-06,2026-12-06T00:00:00+00:00,Athletic Club,Real Madrid,,h2h,,,,,,,,,,,,,,,,,,unknown,,decimal,2026-09-22T10:25:41+00:00,none_available,,False,False,unavailable,2026-09-22,"The Odds API is configured and reachable, but has not yet posted this market for this fixture (bookmakers open different markets at different times before kickoff) -- genuinely unavailable, not a collector failure."
LALIGA2627_MW15_142_AthleticClub_RealMadrid,2026-27,15,2026-12-06,2026-12-06T00:00:00+00:00,Athletic Club,Real Madrid,,spreads,,,,,,,,,,,,,,,,,,unknown,,decimal,2026-09-22T10:25:41+00:00,none_available,,False,False,unavailable,2026-09-22,"The Odds API is configured and reachable, but has not yet posted this market for this fixture (bookmakers open different markets at different times before kickoff) -- genuinely unavailable, not a collector failure."
LALIGA2627_MW15_142_AthleticClub_RealMadrid,2026-27,15,2026-12-06,2026-12-06T00:00:00+00:00,Athletic Club,Real Madrid,,totals,,,,,,,,,,,,,,,,,,unknown,,decimal,2026-09-22T10:25:41+00:00,none_available,,False,False,unavailable,2026-09-22,"The Odds API is configured and reachable, but has not yet posted this market for this fixture (bookmakers open different markets at different times before kickoff) -- genuinely unavailable, not a collector failure."
LALIGA2627_MW15_143_AtléticodeMadrid_RealBetis,2026-27,15,2026-12-06,2026-12-06T00:00:00+00:00,Atlético de Madrid,Real Betis,,h2h,,,,,,,,,,,,,,,,,,unknown,,decimal,2026-09-22T10:25:41+00:00,none_available,,False,False,unavailable,2026-09-22,"The Odds API is configured and reachable, but has not yet posted this market for this fixture (bookmakers open different markets at different times before kickoff) -- genuinely unavailable, not a collector failure."
LALIGA2627_MW15_143_AtléticodeMadrid_RealBetis,2026-27,15,2026-12-06,2026-12-06T00:00:00+00:00,Atlético de Madrid,Real Betis,,spreads,,,,,,,,,,,,,,,,,,unknown,,decimal,2026-09-22T10:25:41+00:00,none_available,,False,False,unavailable,2026-09-22,"The Odds API is configured and reachable, but has not yet posted this market for this fixture (bookmakers open different markets at different times before kickoff) -- genuinely unavailable, not a collector failure."
LALIGA2627_MW15_143_AtléticodeMadrid_RealBetis,2026-27,15,2026-12-06,2026-12-06T00:00:00+00:00,Atlético de Madrid,Real Betis,,totals,,,,,,,,,,,,,,,,,,unknown,,decimal,2026-09-22T10:25:41+00:00,none_available,,False,False,unavailable,2026-09-22,"The Odds API is configured and reachable, but has not yet posted this market for this fixture (bookmakers open different markets at different times before kickoff) -- genuinely unavailable, not a collector failure."
LALIGA2627_MW15_144_FCBarcelona_CeltaVigo,2026-27,15,2026-12-06,2026-12-06T00:00:00+00:00,FC Barcelona,Celta Vigo,,h2h,,,,,,,,,,,,,,,,,,unknown,,decimal,2026-09-22T10:25:41+00:00,none_available,,False,False,unavailable,2026-09-22,"The Odds API is configured and reachable, but has not yet posted this market for this fixture (bookmakers open different markets at different times before kickoff) -- genuinely unavailable, not a collector failure."
LALIGA2627_MW15_144_FCBarcelona_CeltaVigo,2026-27,15,2026-12-06,2026-12-06T00:00:00+00:00,FC Barcelona,Celta Vigo,,spreads,,,,,,,,,,,,,,,,,,unknown,,decimal,2026-09-22T10:25:41+00:00,none_available,,False,False,unavailable,2026-09-22,"The Odds API is configured and reachable, but has not yet posted this market for this fixture (bookmakers open different markets at different times before kickoff) -- genuinely unavailable, not a collector failure."
LALIGA2627_MW15_144_FCBarcelona_CeltaVigo,2026-27,15,2026-12-06,2026-12-06T00:00:00+00:00,FC Barcelona,Celta Vigo,,totals,,,,,,,,,,,,,,,,,,unknown,,decimal,2026-09-22T10:25:41+00:00,none_available,,False,False,unavailable,2026-09-22,"The Odds API is configured and reachable, but has not yet posted this market for this fixture (bookmakers open different markets at different times before kickoff) -- genuinely unavailable, not a collector failure."
LALIGA2627_MW15_145_GetafeCF_ValenciaCF,2026-27,15,2026-12-06,2026-12-06T00:00:00+00:00,Getafe CF,Valencia CF,,h2h,,,,,,,,,,,,,,,,,,unknown,,decimal,2026-09-22T10:25:41+00:00,none_available,,False,False,unavailable,2026-09-22,"The Odds API is configured and reachable, but has not yet posted this market for this fixture (bookmakers open different markets at different times before kickoff) -- genuinely unavailable, not a collector failure."
LALIGA2627_MW15_145_GetafeCF_ValenciaCF,2026-27,15,2026-12-06,2026-12-06T00:00:00+00:00,Getafe CF,Valencia CF,,spreads,,,,,,,,,,,,,,,,,,unknown,,decimal,2026-09-22T10:25:41+00:00,none_available,,False,False,unavailable,2026-09-22,"The Odds API is configured and reachable, but has not yet posted this market for this fixture (bookmakers open different markets at different times before kickoff) -- genuinely unavailable, not a collector failure."
LALIGA2627_MW15_145_GetafeCF_ValenciaCF,2026-27,15,2026-12-06,2026-12-06T00:00:00+00:00,Getafe CF,Valencia CF,,totals,,,,,,,,,,,,,,,,,,unknown,,decimal,2026-09-22T10:25:41+00:00,none_available,,False,False,unavailable,2026-09-22,"The Odds API is configured and reachable, but has not yet posted this market for this fixture (bookmakers open different markets at different times before kickoff) -- genuinely unavailable, not a collector failure."
LALIGA2627_MW15_146_CAOsasuna_ElcheCF,2026-27,15,2026-12-06,2026-12-06T00:00:00+00:00,CA Osasuna,Elche CF,,h2h,,,,,,,,,,,,,,,,,,unknown,,decimal,2026-09-22T10:25:41+00:00,none_available,,False,False,unavailable,2026-09-22,"The Odds API is configured and reachable, but has not yet posted this market for this fixture (bookmakers open different markets at different times before kickoff) -- genuinely unavailable, not a collector failure."
LALIGA2627_MW15_146_CAOsasuna_ElcheCF,2026-27,15,2026-12-06,2026-12-06T00:00:00+00:00,CA Osasuna,Elche CF,,spreads,,,,,,,,,,,,,,,,,,unknown,,decimal,2026-09-22T10:25:41+00:00,none_available,,False,False,unavailable,2026-09-22,"The Odds API is configured and reachable, but has not yet posted this market for this fixture (bookmakers open different markets at different times before kickoff) -- genuinely unavailable, not a collector failure."
LALIGA2627_MW15_146_CAOsasuna_ElcheCF,2026-27,15,2026-12-06,2026-12-06T00:00:00+00:00,CA Osasuna,Elche CF,,totals,,,,,,,,,,,,,,,,,,unknown,,decimal,2026-09-22T10:25:41+00:00,none_available,,False,False,unavailable,2026-09-22,"The Odds API is configured and reachable, but has not yet posted this market for this fixture (bookmakers open different markets at different times before kickoff) -- genuinely unavailable, not a collector failure."
LALIGA2627_MW15_147_R.RacingClub_RCDeportivo,2026-27,15,2026-12-06,2026-12-06T00:00:00+00:00,R. Racing Club,RC Deportivo,,h2h,,,,,,,,,,,,,,,,,,unknown,,decimal,2026-09-22T10:25:41+00:00,none_available,,False,False,unavailable,2026-09-22,"The Odds API is configured and reachable, but has not yet posted this market for this fixture (bookmakers open different markets at different times before kickoff) -- genuinely unavailable, not a collector failure."
LALIGA2627_MW15_147_R.RacingClub_RCDeportivo,2026-27,15,2026-12-06,2026-12-06T00:00:00+00:00,R. Racing Club,RC Deportivo,,spreads,,,,,,,,,,,,,,,,,,unknown,,decimal,2026-09-22T10:25:41+00:00,none_available,,False,False,unavailable,2026-09-22,"The Odds API is configured and reachable, but has not yet posted this market for this fixture (bookmakers open different markets at different times before kickoff) -- genuinely unavailable, not a collector failure."
LALIGA2627_MW15_147_R.RacingClub_RCDeportivo,2026-27,15,2026-12-06,2026-12-06T00:00:00+00:00,R. Racing Club,RC Deportivo,,totals,,,,,,,,,,,,,,,,,,unknown,,decimal,2026-09-22T10:25:41+00:00,none_available,,False,False,unavailable,2026-09-22,"The Odds API is configured and reachable, but has not yet posted this market for this fixture (bookmakers open different markets at different times before kickoff) -- genuinely unavailable, not a collector failure."
LALIGA2627_MW15_148_RayoVallecano_LevanteUD,2026-27,15,2026-12-06,2026-12-06T00:00:00+00:00,Rayo Vallecano,Levante UD,,h2h,,,,,,,,,,,,,,,,,,unknown,,decimal,2026-09-22T10:25:41+00:00,none_available,,False,False,unavailable,2026-09-22,"The Odds API is configured and reachable, but has not yet posted this market for this fixture (bookmakers open different markets at different times before kickoff) -- genuinely unavailable, not a collector failure."
LALIGA2627_MW15_148_RayoVallecano_LevanteUD,2026-27,15,2026-12-06,2026-12-06T00:00:00+00:00,Rayo Vallecano,Levante UD,,spreads,,,,,,,,,,,,,,,,,,unknown,,decimal,2026-09-22T10:25:41+00:00,none_available,,False,False,unavailable,2026-09-22,"The Odds API is configured and reachable, but has not yet posted this market for this fixture (bookmakers open different markets at different times before kickoff) -- genuinely unavailable, not a collector failure."
LALIGA2627_MW15_148_RayoVallecano_LevanteUD,2026-27,15,2026-12-06,2026-12-06T00:00:00+00:00,Rayo Vallecano,Levante UD,,totals,,,,,,,,,,,,,,,,,,unknown,,decimal,2026-09-22T10:25:41+00:00,none_available,,False,False,unavailable,2026-09-22,"The Odds API is configured and reachable, but has not yet posted this market for this fixture (bookmakers open different markets at different times before kickoff) -- genuinely unavailable, not a collector failure."
LALIGA2627_MW15_149_SevillaFC_MálagaCF,2026-27,15,2026-12-06,2026-12-06T00:00:00+00:00,Sevilla FC,Málaga CF,,h2h,,,,,,,,,,,,,,,,,,unknown,,decimal,2026-09-22T10:25:41+00:00,none_available,,False,False,unavailable,2026-09-22,"The Odds API is configured and reachable, but has not yet posted this market for this fixture (bookmakers open different markets at different times before kickoff) -- genuinely unavailable, not a collector failure."
LALIGA2627_MW15_149_SevillaFC_MálagaCF,2026-27,15,2026-12-06,2026-12-06T00:00:00+00:00,Sevilla FC,Málaga CF,,spreads,,,,,,,,,,,,,,,,,,unknown,,decimal,2026-09-22T10:25:41+00:00,none_available,,False,False,unavailable,2026-09-22,"The Odds API is configured and reachable, but has not yet posted this market for this fixture (bookmakers open different markets at different times before kickoff) -- genuinely unavailable, not a collector failure."
LALIGA2627_MW15_149_SevillaFC_MálagaCF,2026-27,15,2026-12-06,2026-12-06T00:00:00+00:00,Sevilla FC,Málaga CF,,totals,,,,,,,,,,,,,,,,,,unknown,,decimal,2026-09-22T10:25:41+00:00,none_available,,False,False,unavailable,2026-09-22,"The Odds API is configured and reachable, but has not yet posted this market for this fixture (bookmakers open different markets at different times before kickoff) -- genuinely unavailable, not a collector failure."
LALIGA2627_MW15_150_VillarrealCF_RealSociedad,2026-27,15,2026-12-06,2026-12-06T00:00:00+00:00,Villarreal CF,Real Sociedad,,h2h,,,,,,,,,,,,,,,,,,unknown,,decimal,2026-09-22T10:25:41+00:00,none_available,,False,False,unavailable,2026-09-22,"The Odds API is configured and reachable, but has not yet posted this market for this fixture (bookmakers open different markets at different times before kickoff) -- genuinely unavailable, not a collector failure."
LALIGA2627_MW15_150_VillarrealCF_RealSociedad,2026-27,15,2026-12-06,2026-12-06T00:00:00+00:00,Villarreal CF,Real Sociedad,,spreads,,,,,,,,,,,,,,,,,,unknown,,decimal,2026-09-22T10:25:41+00:00,none_available,,False,False,unavailable,2026-09-22,"The Odds API is configured and reachable, but has not yet posted this market for this fixture (bookmakers open different markets at different times before kickoff) -- genuinely unavailable, not a collector failure."
LALIGA2627_MW15_150_VillarrealCF_RealSociedad,2026-27,15,2026-12-06,2026-12-06T00:00:00+00:00,Villarreal CF,Real Sociedad,,totals,,,,,,,,,,,,,,,,,,unknown,,decimal,2026-09-22T10:25:41+00:00,none_available,,False,False,unavailable,2026-09-22,"The Odds API is configured and reachable, but has not yet posted this market for this fixture (bookmakers open different markets at different times before kickoff) -- genuinely unavailable, not a collector failure."
LALIGA2627_MW16_151_AtléticodeMadrid_ValenciaCF,2026-27,16,2026-12-13,2026-12-13T00:00:00+00:00,Atlético de Madrid,Valencia CF,,h2h,,,,,,,,,,,,,,,,,,unknown,,decimal,2026-09-22T10:25:41+00:00,none_available,,False,False,unavailable,2026-09-22,"The Odds API is configured and reachable, but has not yet posted this market for this fixture (bookmakers open different markets at different times before kickoff) -- genuinely unavailable, not a collector failure."
LALIGA2627_MW16_151_AtléticodeMadrid_ValenciaCF,2026-27,16,2026-12-13,2026-12-13T00:00:00+00:00,Atlético de Madrid,Valencia CF,,spreads,,,,,,,,,,,,,,,,,,unknown,,decimal,2026-09-22T10:25:41+00:00,none_available,,False,False,unavailable,2026-09-22,"The Odds API is configured and reachable, but has not yet posted this market for this fixture (bookmakers open different markets at different times before kickoff) -- genuinely unavailable, not a collector failure."
LALIGA2627_MW16_151_AtléticodeMadrid_ValenciaCF,2026-27,16,2026-12-13,2026-12-13T00:00:00+00:00,Atlético de Madrid,Valencia CF,,totals,,,,,,,,,,,,,,,,,,unknown,,decimal,2026-09-22T10:25:41+00:00,none_available,,False,False,unavailable,2026-09-22,"The Odds API is configured and reachable, but has not yet posted this market for this fixture (bookmakers open different markets at different times before kickoff) -- genuinely unavailable, not a collector failure."
LALIGA2627_MW16_152_RealBetis_R.RacingClub,2026-27,16,2026-12-13,2026-12-13T00:00:00+00:00,Real Betis,R. Racing Club,,h2h,,,,,,,,,,,,,,,,,,unknown,,decimal,2026-09-22T10:25:41+00:00,none_available,,False,False,unavailable,2026-09-22,"The Odds API is configured and reachable, but has not yet posted this market for this fixture (bookmakers open different markets at different times before kickoff) -- genuinely unavailable, not a collector failure."
LALIGA2627_MW16_152_RealBetis_R.RacingClub,2026-27,16,2026-12-13,2026-12-13T00:00:00+00:00,Real Betis,R. Racing Club,,spreads,,,,,,,,,,,,,,,,,,unknown,,decimal,2026-09-22T10:25:41+00:00,none_available,,False,False,unavailable,2026-09-22,"The Odds API is configured and reachable, but has not yet posted this market for this fixture (bookmakers open different markets at different times before kickoff) -- genuinely unavailable, not a collector failure."
LALIGA2627_MW16_152_RealBetis_R.RacingClub,2026-27,16,2026-12-13,2026-12-13T00:00:00+00:00,Real Betis,R. Racing Club,,totals,,,,,,,,,,,,,,,,,,unknown,,decimal,2026-09-22T10:25:41+00:00,none_available,,False,False,unavailable,2026-09-22,"The Odds API is configured and reachable, but has not yet posted this market for this fixture (bookmakers open different markets at different times before kickoff) -- genuinely unavailable, not a collector failure."
LALIGA2627_MW16_153_RCDeportivo_AthleticClub,2026-27,16,2026-12-13,2026-12-13T00:00:00+00:00,RC Deportivo,Athletic Club,,h2h,,,,,,,,,,,,,,,,,,unknown,,decimal,2026-09-22T10:25:41+00:00,none_available,,False,False,unavailable,2026-09-22,"The Odds API is configured and reachable, but has not yet posted this market for this fixture (bookmakers open different markets at different times before kickoff) -- genuinely unavailable, not a collector failure."
LALIGA2627_MW16_153_RCDeportivo_AthleticClub,2026-27,16,2026-12-13,2026-12-13T00:00:00+00:00,RC Deportivo,Athletic Club,,spreads,,,,,,,,,,,,,,,,,,unknown,,decimal,2026-09-22T10:25:41+00:00,none_available,,False,False,unavailable,2026-09-22,"The Odds API is configured and reachable, but has not yet posted this market for this fixture (bookmakers open different markets at different times before kickoff) -- genuinely unavailable, not a collector failure."
LALIGA2627_MW16_153_RCDeportivo_AthleticClub,2026-27,16,2026-12-13,2026-12-13T00:00:00+00:00,RC Deportivo,Athletic Club,,totals,,,,,,,,,,,,,,,,,,unknown,,decimal,2026-09-22T10:25:41+00:00,none_available,,False,False,unavailable,2026-09-22,"The Odds API is configured and reachable, but has not yet posted this market for this fixture (bookmakers open different markets at different times before kickoff) -- genuinely unavailable, not a collector failure."
LALIGA2627_MW16_154_ElcheCF_SevillaFC,2026-27,16,2026-12-13,2026-12-13T00:00:00+00:00,Elche CF,Sevilla FC,,h2h,,,,,,,,,,,,,,,,,,unknown,,decimal,2026-09-22T10:25:41+00:00,none_available,,False,False,unavailable,2026-09-22,"The Odds API is configured and reachable, but has not yet posted this market for this fixture (bookmakers open different markets at different times before kickoff) -- genuinely unavailable, not a collector failure."
LALIGA2627_MW16_154_ElcheCF_SevillaFC,2026-27,16,2026-12-13,2026-12-13T00:00:00+00:00,Elche CF,Sevilla FC,,spreads,,,,,,,,,,,,,,,,,,unknown,,decimal,2026-09-22T10:25:41+00:00,none_available,,False,False,unavailable,2026-09-22,"The Odds API is configured and reachable, but has not yet posted this market for this fixture (bookmakers open different markets at different times before kickoff) -- genuinely unavailable, not a collector failure."
LALIGA2627_MW16_154_ElcheCF_SevillaFC,2026-27,16,2026-12-13,2026-12-13T00:00:00+00:00,Elche CF,Sevilla FC,,totals,,,,,,,,,,,,,,,,,,unknown,,decimal,2026-09-22T10:25:41+00:00,none_available,,False,False,unavailable,2026-09-22,"The Odds API is configured and reachable, but has not yet posted this market for this fixture (bookmakers open different markets at different times before kickoff) -- genuinely unavailable, not a collector failure."
LALIGA2627_MW16_155_RCDEspanyoldeBarcelona_CeltaVigo,2026-27,16,2026-12-13,2026-12-13T00:00:00+00:00,RCD Espanyol de Barcelona,Celta Vigo,,h2h,,,,,,,,,,,,,,,,,,unknown,,decimal,2026-09-22T10:25:41+00:00,none_available,,False,False,unavailable,2026-09-22,"The Odds API is configured and reachable, but has not yet posted this market for this fixture (bookmakers open different markets at different times before kickoff) -- genuinely unavailable, not a collector failure."
LALIGA2627_MW16_155_RCDEspanyoldeBarcelona_CeltaVigo,2026-27,16,2026-12-13,2026-12-13T00:00:00+00:00,RCD Espanyol de Barcelona,Celta Vigo,,spreads,,,,,,,,,,,,,,,,,,unknown,,decimal,2026-09-22T10:25:41+00:00,none_available,,False,False,unavailable,2026-09-22,"The Odds API is configured and reachable, but has not yet posted this market for this fixture (bookmakers open different markets at different times before kickoff) -- genuinely unavailable, not a collector failure."
LALIGA2627_MW16_155_RCDEspanyoldeBarcelona_CeltaVigo,2026-27,16,2026-12-13,2026-12-13T00:00:00+00:00,RCD Espanyol de Barcelona,Celta Vigo,,totals,,,,,,,,,,,,,,,,,,unknown,,decimal,2026-09-22T10:25:41+00:00,none_available,,False,False,unavailable,2026-09-22,"The Odds API is configured and reachable, but has not yet posted this market for this fixture (bookmakers open different markets at different times before kickoff) -- genuinely unavailable, not a collector failure."
LALIGA2627_MW16_156_LevanteUD_DeportivoAlavés,2026-27,16,2026-12-13,2026-12-13T00:00:00+00:00,Levante UD,Deportivo Alavés,,h2h,,,,,,,,,,,,,,,,,,unknown,,decimal,2026-09-22T10:25:41+00:00,none_available,,False,False,unavailable,2026-09-22,"The Odds API is configured and reachable, but has not yet posted this market for this fixture (bookmakers open different markets at different times before kickoff) -- genuinely unavailable, not a collector failure."
LALIGA2627_MW16_156_LevanteUD_DeportivoAlavés,2026-27,16,2026-12-13,2026-12-13T00:00:00+00:00,Levante UD,Deportivo Alavés,,spreads,,,,,,,,,,,,,,,,,,unknown,,decimal,2026-09-22T10:25:41+00:00,none_available,,False,False,unavailable,2026-09-22,"The Odds API is configured and reachable, but has not yet posted this market for this fixture (bookmakers open different markets at different times before kickoff) -- genuinely unavailable, not a collector failure."
LALIGA2627_MW16_156_LevanteUD_DeportivoAlavés,2026-27,16,2026-12-13,2026-12-13T00:00:00+00:00,Levante UD,Deportivo Alavés,,totals,,,,,,,,,,,,,,,,,,unknown,,decimal,2026-09-22T10:25:41+00:00,none_available,,False,False,unavailable,2026-09-22,"The Odds API is configured and reachable, but has not yet posted this market for this fixture (bookmakers open different markets at different times before kickoff) -- genuinely unavailable, not a collector failure."
LALIGA2627_MW16_157_MálagaCF_FCBarcelona,2026-27,16,2026-12-13,2026-12-13T00:00:00+00:00,Málaga CF,FC Barcelona,,h2h,,,,,,,,,,,,,,,,,,unknown,,decimal,2026-09-22T10:25:41+00:00,none_available,,False,False,unavailable,2026-09-22,"The Odds API is configured and reachable, but has not yet posted this market for this fixture (bookmakers open different markets at different times before kickoff) -- genuinely unavailable, not a collector failure."
LALIGA2627_MW16_157_MálagaCF_FCBarcelona,2026-27,16,2026-12-13,2026-12-13T00:00:00+00:00,Málaga CF,FC Barcelona,,spreads,,,,,,,,,,,,,,,,,,unknown,,decimal,2026-09-22T10:25:41+00:00,none_available,,False,False,unavailable,2026-09-22,"The Odds API is configured and reachable, but has not yet posted this market for this fixture (bookmakers open different markets at different times before kickoff) -- genuinely unavailable, not a collector failure."
LALIGA2627_MW16_157_MálagaCF_FCBarcelona,2026-27,16,2026-12-13,2026-12-13T00:00:00+00:00,Málaga CF,FC Barcelona,,totals,,,,,,,,,,,,,,,,,,unknown,,decimal,2026-09-22T10:25:41+00:00,none_available,,False,False,unavailable,2026-09-22,"The Odds API is configured and reachable, but has not yet posted this market for this fixture (bookmakers open different markets at different times before kickoff) -- genuinely unavailable, not a collector failure."
LALIGA2627_MW16_158_RealMadrid_CAOsasuna,2026-27,16,2026-12-13,2026-12-13T00:00:00+00:00,Real Madrid,CA Osasuna,,h2h,,,,,,,,,,,,,,,,,,unknown,,decimal,2026-09-22T10:25:41+00:00,none_available,,False,False,unavailable,2026-09-22,"The Odds API is configured and reachable, but has not yet posted this market for this fixture (bookmakers open different markets at different times before kickoff) -- genuinely unavailable, not a collector failure."
LALIGA2627_MW16_158_RealMadrid_CAOsasuna,2026-27,16,2026-12-13,2026-12-13T00:00:00+00:00,Real Madrid,CA Osasuna,,spreads,,,,,,,,,,,,,,,,,,unknown,,decimal,2026-09-22T10:25:41+00:00,none_available,,False,False,unavailable,2026-09-22,"The Odds API is configured and reachable, but has not yet posted this market for this fixture (bookmakers open different markets at different times before kickoff) -- genuinely unavailable, not a collector failure."
LALIGA2627_MW16_158_RealMadrid_CAOsasuna,2026-27,16,2026-12-13,2026-12-13T00:00:00+00:00,Real Madrid,CA Osasuna,,totals,,,,,,,,,,,,,,,,,,unknown,,decimal,2026-09-22T10:25:41+00:00,none_available,,False,False,unavailable,2026-09-22,"The Odds API is configured and reachable, but has not yet posted this market for this fixture (bookmakers open different markets at different times before kickoff) -- genuinely unavailable, not a collector failure."
LALIGA2627_MW16_159_RealSociedad_GetafeCF,2026-27,16,2026-12-13,2026-12-13T00:00:00+00:00,Real Sociedad,Getafe CF,,h2h,,,,,,,,,,,,,,,,,,unknown,,decimal,2026-09-22T10:25:41+00:00,none_available,,False,False,unavailable,2026-09-22,"The Odds API is configured and reachable, but has not yet posted this market for this fixture (bookmakers open different markets at different times before kickoff) -- genuinely unavailable, not a collector failure."
LALIGA2627_MW16_159_RealSociedad_GetafeCF,2026-27,16,2026-12-13,2026-12-13T00:00:00+00:00,Real Sociedad,Getafe CF,,spreads,,,,,,,,,,,,,,,,,,unknown,,decimal,2026-09-22T10:25:41+00:00,none_available,,False,False,unavailable,2026-09-22,"The Odds API is configured and reachable, but has not yet posted this market for this fixture (bookmakers open different markets at different times before kickoff) -- genuinely unavailable, not a collector failure."
LALIGA2627_MW16_159_RealSociedad_GetafeCF,2026-27,16,2026-12-13,2026-12-13T00:00:00+00:00,Real Sociedad,Getafe CF,,totals,,,,,,,,,,,,,,,,,,unknown,,decimal,2026-09-22T10:25:41+00:00,none_available,,False,False,unavailable,2026-09-22,"The Odds API is configured and reachable, but has not yet posted this market for this fixture (bookmakers open different markets at different times before kickoff) -- genuinely unavailable, not a collector failure."
LALIGA2627_MW16_160_VillarrealCF_RayoVallecano,2026-27,16,2026-12-13,2026-12-13T00:00:00+00:00,Villarreal CF,Rayo Vallecano,,h2h,,,,,,,,,,,,,,,,,,unknown,,decimal,2026-09-22T10:25:41+00:00,none_available,,False,False,unavailable,2026-09-22,"The Odds API is configured and reachable, but has not yet posted this market for this fixture (bookmakers open different markets at different times before kickoff) -- genuinely unavailable, not a collector failure."
LALIGA2627_MW16_160_VillarrealCF_RayoVallecano,2026-27,16,2026-12-13,2026-12-13T00:00:00+00:00,Villarreal CF,Rayo Vallecano,,spreads,,,,,,,,,,,,,,,,,,unknown,,decimal,2026-09-22T10:25:41+00:00,none_available,,False,False,unavailable,2026-09-22,"The Odds API is configured and reachable, but has not yet posted this market for this fixture (bookmakers open different markets at different times before kickoff) -- genuinely unavailable, not a collector failure."
LALIGA2627_MW16_160_VillarrealCF_RayoVallecano,2026-27,16,2026-12-13,2026-12-13T00:00:00+00:00,Villarreal CF,Rayo Vallecano,,totals,,,,,,,,,,,,,,,,,,unknown,,decimal,2026-09-22T10:25:41+00:00,none_available,,False,False,unavailable,2026-09-22,"The Odds API is configured and reachable, but has not yet posted this market for this fixture (bookmakers open different markets at different times before kickoff) -- genuinely unavailable, not a collector failure."
LALIGA2627_MW17_161_DeportivoAlavés_ElcheCF,2026-27,17,2026-12-20,2026-12-20T00:00:00+00:00,Deportivo Alavés,Elche CF,,h2h,,,,,,,,,,,,,,,,,,unknown,,decimal,2026-09-22T10:25:41+00:00,none_available,,False,False,unavailable,2026-09-22,"The Odds API is configured and reachable, but has not yet posted this market for this fixture (bookmakers open different markets at different times before kickoff) -- genuinely unavailable, not a collector failure."
LALIGA2627_MW17_161_DeportivoAlavés_ElcheCF,2026-27,17,2026-12-20,2026-12-20T00:00:00+00:00,Deportivo Alavés,Elche CF,,spreads,,,,,,,,,,,,,,,,,,unknown,,decimal,2026-09-22T10:25:41+00:00,none_available,,False,False,unavailable,2026-09-22,"The Odds API is configured and reachable, but has not yet posted this market for this fixture (bookmakers open different markets at different times before kickoff) -- genuinely unavailable, not a collector failure."
LALIGA2627_MW17_161_DeportivoAlavés_ElcheCF,2026-27,17,2026-12-20,2026-12-20T00:00:00+00:00,Deportivo Alavés,Elche CF,,totals,,,,,,,,,,,,,,,,,,unknown,,decimal,2026-09-22T10:25:41+00:00,none_available,,False,False,unavailable,2026-09-22,"The Odds API is configured and reachable, but has not yet posted this market for this fixture (bookmakers open different markets at different times before kickoff) -- genuinely unavailable, not a collector failure."
LALIGA2627_MW17_162_AthleticClub_RealBetis,2026-27,17,2026-12-20,2026-12-20T00:00:00+00:00,Athletic Club,Real Betis,,h2h,,,,,,,,,,,,,,,,,,unknown,,decimal,2026-09-22T10:25:41+00:00,none_available,,False,False,unavailable,2026-09-22,"The Odds API is configured and reachable, but has not yet posted this market for this fixture (bookmakers open different markets at different times before kickoff) -- genuinely unavailable, not a collector failure."
LALIGA2627_MW17_162_AthleticClub_RealBetis,2026-27,17,2026-12-20,2026-12-20T00:00:00+00:00,Athletic Club,Real Betis,,spreads,,,,,,,,,,,,,,,,,,unknown,,decimal,2026-09-22T10:25:41+00:00,none_available,,False,False,unavailable,2026-09-22,"The Odds API is configured and reachable, but has not yet posted this market for this fixture (bookmakers open different markets at different times before kickoff) -- genuinely unavailable, not a collector failure."
LALIGA2627_MW17_162_AthleticClub_RealBetis,2026-27,17,2026-12-20,2026-12-20T00:00:00+00:00,Athletic Club,Real Betis,,totals,,,,,,,,,,,,,,,,,,unknown,,decimal,2026-09-22T10:25:41+00:00,none_available,,False,False,unavailable,2026-09-22,"The Odds API is configured and reachable, but has not yet posted this market for this fixture (bookmakers open different markets at different times before kickoff) -- genuinely unavailable, not a collector failure."
LALIGA2627_MW17_163_CeltaVigo_AtléticodeMadrid,2026-27,17,2026-12-20,2026-12-20T00:00:00+00:00,Celta Vigo,Atlético de Madrid,,h2h,,,,,,,,,,,,,,,,,,unknown,,decimal,2026-09-22T10:25:41+00:00,none_available,,False,False,unavailable,2026-09-22,"The Odds API is configured and reachable, but has not yet posted this market for this fixture (bookmakers open different markets at different times before kickoff) -- genuinely unavailable, not a collector failure."
LALIGA2627_MW17_163_CeltaVigo_AtléticodeMadrid,2026-27,17,2026-12-20,2026-12-20T00:00:00+00:00,Celta Vigo,Atlético de Madrid,,spreads,,,,,,,,,,,,,,,,,,unknown,,decimal,2026-09-22T10:25:41+00:00,none_available,,False,False,unavailable,2026-09-22,"The Odds API is configured and reachable, but has not yet posted this market for this fixture (bookmakers open different markets at different times before kickoff) -- genuinely unavailable, not a collector failure."
LALIGA2627_MW17_163_CeltaVigo_AtléticodeMadrid,2026-27,17,2026-12-20,2026-12-20T00:00:00+00:00,Celta Vigo,Atlético de Madrid,,totals,,,,,,,,,,,,,,,,,,unknown,,decimal,2026-09-22T10:25:41+00:00,none_available,,False,False,unavailable,2026-09-22,"The Odds API is configured and reachable, but has not yet posted this market for this fixture (bookmakers open different markets at different times before kickoff) -- genuinely unavailable, not a collector failure."
LALIGA2627_MW17_164_RCDeportivo_RealMadrid,2026-27,17,2026-12-20,2026-12-20T00:00:00+00:00,RC Deportivo,Real Madrid,,h2h,,,,,,,,,,,,,,,,,,unknown,,decimal,2026-09-22T10:25:41+00:00,none_available,,False,False,unavailable,2026-09-22,"The Odds API is configured and reachable, but has not yet posted this market for this fixture (bookmakers open different markets at different times before kickoff) -- genuinely unavailable, not a collector failure."
LALIGA2627_MW17_164_RCDeportivo_RealMadrid,2026-27,17,2026-12-20,2026-12-20T00:00:00+00:00,RC Deportivo,Real Madrid,,spreads,,,,,,,,,,,,,,,,,,unknown,,decimal,2026-09-22T10:25:41+00:00,none_available,,False,False,unavailable,2026-09-22,"The Odds API is configured and reachable, but has not yet posted this market for this fixture (bookmakers open different markets at different times before kickoff) -- genuinely unavailable, not a collector failure."
LALIGA2627_MW17_164_RCDeportivo_RealMadrid,2026-27,17,2026-12-20,2026-12-20T00:00:00+00:00,RC Deportivo,Real Madrid,,totals,,,,,,,,,,,,,,,,,,unknown,,decimal,2026-09-22T10:25:41+00:00,none_available,,False,False,unavailable,2026-09-22,"The Odds API is configured and reachable, but has not yet posted this market for this fixture (bookmakers open different markets at different times before kickoff) -- genuinely unavailable, not a collector failure."
LALIGA2627_MW17_165_FCBarcelona_RealSociedad,2026-27,17,2026-12-20,2026-12-20T00:00:00+00:00,FC Barcelona,Real Sociedad,,h2h,,,,,,,,,,,,,,,,,,unknown,,decimal,2026-09-22T10:25:41+00:00,none_available,,False,False,unavailable,2026-09-22,"The Odds API is configured and reachable, but has not yet posted this market for this fixture (bookmakers open different markets at different times before kickoff) -- genuinely unavailable, not a collector failure."
LALIGA2627_MW17_165_FCBarcelona_RealSociedad,2026-27,17,2026-12-20,2026-12-20T00:00:00+00:00,FC Barcelona,Real Sociedad,,spreads,,,,,,,,,,,,,,,,,,unknown,,decimal,2026-09-22T10:25:41+00:00,none_available,,False,False,unavailable,2026-09-22,"The Odds API is configured and reachable, but has not yet posted this market for this fixture (bookmakers open different markets at different times before kickoff) -- genuinely unavailable, not a collector failure."
LALIGA2627_MW17_165_FCBarcelona_RealSociedad,2026-27,17,2026-12-20,2026-12-20T00:00:00+00:00,FC Barcelona,Real Sociedad,,totals,,,,,,,,,,,,,,,,,,unknown,,decimal,2026-09-22T10:25:41+00:00,none_available,,False,False,unavailable,2026-09-22,"The Odds API is configured and reachable, but has not yet posted this market for this fixture (bookmakers open different markets at different times before kickoff) -- genuinely unavailable, not a collector failure."
LALIGA2627_MW17_166_GetafeCF_LevanteUD,2026-27,17,2026-12-20,2026-12-20T00:00:00+00:00,Getafe CF,Levante UD,,h2h,,,,,,,,,,,,,,,,,,unknown,,decimal,2026-09-22T10:25:41+00:00,none_available,,False,False,unavailable,2026-09-22,"The Odds API is configured and reachable, but has not yet posted this market for this fixture (bookmakers open different markets at different times before kickoff) -- genuinely unavailable, not a collector failure."
LALIGA2627_MW17_166_GetafeCF_LevanteUD,2026-27,17,2026-12-20,2026-12-20T00:00:00+00:00,Getafe CF,Levante UD,,spreads,,,,,,,,,,,,,,,,,,unknown,,decimal,2026-09-22T10:25:41+00:00,none_available,,False,False,unavailable,2026-09-22,"The Odds API is configured and reachable, but has not yet posted this market for this fixture (bookmakers open different markets at different times before kickoff) -- genuinely unavailable, not a collector failure."
LALIGA2627_MW17_166_GetafeCF_LevanteUD,2026-27,17,2026-12-20,2026-12-20T00:00:00+00:00,Getafe CF,Levante UD,,totals,,,,,,,,,,,,,,,,,,unknown,,decimal,2026-09-22T10:25:41+00:00,none_available,,False,False,unavailable,2026-09-22,"The Odds API is configured and reachable, but has not yet posted this market for this fixture (bookmakers open different markets at different times before kickoff) -- genuinely unavailable, not a collector failure."
LALIGA2627_MW17_167_CAOsasuna_VillarrealCF,2026-27,17,2026-12-20,2026-12-20T00:00:00+00:00,CA Osasuna,Villarreal CF,,h2h,,,,,,,,,,,,,,,,,,unknown,,decimal,2026-09-22T10:25:41+00:00,none_available,,False,False,unavailable,2026-09-22,"The Odds API is configured and reachable, but has not yet posted this market for this fixture (bookmakers open different markets at different times before kickoff) -- genuinely unavailable, not a collector failure."
LALIGA2627_MW17_167_CAOsasuna_VillarrealCF,2026-27,17,2026-12-20,2026-12-20T00:00:00+00:00,CA Osasuna,Villarreal CF,,spreads,,,,,,,,,,,,,,,,,,unknown,,decimal,2026-09-22T10:25:41+00:00,none_available,,False,False,unavailable,2026-09-22,"The Odds API is configured and reachable, but has not yet posted this market for this fixture (bookmakers open different markets at different times before kickoff) -- genuinely unavailable, not a collector failure."
LALIGA2627_MW17_167_CAOsasuna_VillarrealCF,2026-27,17,2026-12-20,2026-12-20T00:00:00+00:00,CA Osasuna,Villarreal CF,,totals,,,,,,,,,,,,,,,,,,unknown,,decimal,2026-09-22T10:25:41+00:00,none_available,,False,False,unavailable,2026-09-22,"The Odds API is configured and reachable, but has not yet posted this market for this fixture (bookmakers open different markets at different times before kickoff) -- genuinely unavailable, not a collector failure."
LALIGA2627_MW17_168_RayoVallecano_MálagaCF,2026-27,17,2026-12-20,2026-12-20T00:00:00+00:00,Rayo Vallecano,Málaga CF,,h2h,,,,,,,,,,,,,,,,,,unknown,,decimal,2026-09-22T10:25:41+00:00,none_available,,False,False,unavailable,2026-09-22,"The Odds API is configured and reachable, but has not yet posted this market for this fixture (bookmakers open different markets at different times before kickoff) -- genuinely unavailable, not a collector failure."
LALIGA2627_MW17_168_RayoVallecano_MálagaCF,2026-27,17,2026-12-20,2026-12-20T00:00:00+00:00,Rayo Vallecano,Málaga CF,,spreads,,,,,,,,,,,,,,,,,,unknown,,decimal,2026-09-22T10:25:41+00:00,none_available,,False,False,unavailable,2026-09-22,"The Odds API is configured and reachable, but has not yet posted this market for this fixture (bookmakers open different markets at different times before kickoff) -- genuinely unavailable, not a collector failure."
LALIGA2627_MW17_168_RayoVallecano_MálagaCF,2026-27,17,2026-12-20,2026-12-20T00:00:00+00:00,Rayo Vallecano,Málaga CF,,totals,,,,,,,,,,,,,,,,,,unknown,,decimal,2026-09-22T10:25:41+00:00,none_available,,False,False,unavailable,2026-09-22,"The Odds API is configured and reachable, but has not yet posted this market for this fixture (bookmakers open different markets at different times before kickoff) -- genuinely unavailable, not a collector failure."
LALIGA2627_MW17_169_SevillaFC_R.RacingClub,2026-27,17,2026-12-20,2026-12-20T00:00:00+00:00,Sevilla FC,R. Racing Club,,h2h,,,,,,,,,,,,,,,,,,unknown,,decimal,2026-09-22T10:25:41+00:00,none_available,,False,False,unavailable,2026-09-22,"The Odds API is configured and reachable, but has not yet posted this market for this fixture (bookmakers open different markets at different times before kickoff) -- genuinely unavailable, not a collector failure."
LALIGA2627_MW17_169_SevillaFC_R.RacingClub,2026-27,17,2026-12-20,2026-12-20T00:00:00+00:00,Sevilla FC,R. Racing Club,,spreads,,,,,,,,,,,,,,,,,,unknown,,decimal,2026-09-22T10:25:41+00:00,none_available,,False,False,unavailable,2026-09-22,"The Odds API is configured and reachable, but has not yet posted this market for this fixture (bookmakers open different markets at different times before kickoff) -- genuinely unavailable, not a collector failure."
LALIGA2627_MW17_169_SevillaFC_R.RacingClub,2026-27,17,2026-12-20,2026-12-20T00:00:00+00:00,Sevilla FC,R. Racing Club,,totals,,,,,,,,,,,,,,,,,,unknown,,decimal,2026-09-22T10:25:41+00:00,none_available,,False,False,unavailable,2026-09-22,"The Odds API is configured and reachable, but has not yet posted this market for this fixture (bookmakers open different markets at different times before kickoff) -- genuinely unavailable, not a collector failure."
LALIGA2627_MW17_170_ValenciaCF_RCDEspanyoldeBarcelona,2026-27,17,2026-12-20,2026-12-20T00:00:00+00:00,Valencia CF,RCD Espanyol de Barcelona,,h2h,,,,,,,,,,,,,,,,,,unknown,,decimal,2026-09-22T10:25:41+00:00,none_available,,False,False,unavailable,2026-09-22,"The Odds API is configured and reachable, but has not yet posted this market for this fixture (bookmakers open different markets at different times before kickoff) -- genuinely unavailable, not a collector failure."
LALIGA2627_MW17_170_ValenciaCF_RCDEspanyoldeBarcelona,2026-27,17,2026-12-20,2026-12-20T00:00:00+00:00,Valencia CF,RCD Espanyol de Barcelona,,spreads,,,,,,,,,,,,,,,,,,unknown,,decimal,2026-09-22T10:25:41+00:00,none_available,,False,False,unavailable,2026-09-22,"The Odds API is configured and reachable, but has not yet posted this market for this fixture (bookmakers open different markets at different times before kickoff) -- genuinely unavailable, not a collector failure."
LALIGA2627_MW17_170_ValenciaCF_RCDEspanyoldeBarcelona,2026-27,17,2026-12-20,2026-12-20T00:00:00+00:00,Valencia CF,RCD Espanyol de Barcelona,,totals,,,,,,,,,,,,,,,,,,unknown,,decimal,2026-09-22T10:25:41+00:00,none_available,,False,False,unavailable,2026-09-22,"The Odds API is configured and reachable, but has not yet posted this market for this fixture (bookmakers open different markets at different times before kickoff) -- genuinely unavailable, not a collector failure."
LALIGA2627_MW18_171_RealBetis_DeportivoAlavés,2026-27,18,2027-01-03,2027-01-03T00:00:00+00:00,Real Betis,Deportivo Alavés,,h2h,,,,,,,,,,,,,,,,,,unknown,,decimal,2026-09-22T10:25:41+00:00,none_available,,False,False,unavailable,2026-09-22,"The Odds API is configured and reachable, but has not yet posted this market for this fixture (bookmakers open different markets at different times before kickoff) -- genuinely unavailable, not a collector failure."
LALIGA2627_MW18_171_RealBetis_DeportivoAlavés,2026-27,18,2027-01-03,2027-01-03T00:00:00+00:00,Real Betis,Deportivo Alavés,,spreads,,,,,,,,,,,,,,,,,,unknown,,decimal,2026-09-22T10:25:41+00:00,none_available,,False,False,unavailable,2026-09-22,"The Odds API is configured and reachable, but has not yet posted this market for this fixture (bookmakers open different markets at different times before kickoff) -- genuinely unavailable, not a collector failure."
LALIGA2627_MW18_171_RealBetis_DeportivoAlavés,2026-27,18,2027-01-03,2027-01-03T00:00:00+00:00,Real Betis,Deportivo Alavés,,totals,,,,,,,,,,,,,,,,,,unknown,,decimal,2026-09-22T10:25:41+00:00,none_available,,False,False,unavailable,2026-09-22,"The Odds API is configured and reachable, but has not yet posted this market for this fixture (bookmakers open different markets at different times before kickoff) -- genuinely unavailable, not a collector failure."
LALIGA2627_MW18_172_CeltaVigo_RCDeportivo,2026-27,18,2027-01-03,2027-01-03T00:00:00+00:00,Celta Vigo,RC Deportivo,,h2h,,,,,,,,,,,,,,,,,,unknown,,decimal,2026-09-22T10:25:41+00:00,none_available,,False,False,unavailable,2026-09-22,"The Odds API is configured and reachable, but has not yet posted this market for this fixture (bookmakers open different markets at different times before kickoff) -- genuinely unavailable, not a collector failure."
LALIGA2627_MW18_172_CeltaVigo_RCDeportivo,2026-27,18,2027-01-03,2027-01-03T00:00:00+00:00,Celta Vigo,RC Deportivo,,spreads,,,,,,,,,,,,,,,,,,unknown,,decimal,2026-09-22T10:25:41+00:00,none_available,,False,False,unavailable,2026-09-22,"The Odds API is configured and reachable, but has not yet posted this market for this fixture (bookmakers open different markets at different times before kickoff) -- genuinely unavailable, not a collector failure."
LALIGA2627_MW18_172_CeltaVigo_RCDeportivo,2026-27,18,2027-01-03,2027-01-03T00:00:00+00:00,Celta Vigo,RC Deportivo,,totals,,,,,,,,,,,,,,,,,,unknown,,decimal,2026-09-22T10:25:41+00:00,none_available,,False,False,unavailable,2026-09-22,"The Odds API is configured and reachable, but has not yet posted this market for this fixture (bookmakers open different markets at different times before kickoff) -- genuinely unavailable, not a collector failure."
LALIGA2627_MW18_173_RCDEspanyoldeBarcelona_FCBarcelona,2026-27,18,2027-01-03,2027-01-03T00:00:00+00:00,RCD Espanyol de Barcelona,FC Barcelona,,h2h,,,,,,,,,,,,,,,,,,unknown,,decimal,2026-09-22T10:25:41+00:00,none_available,,False,False,unavailable,2026-09-22,"The Odds API is configured and reachable, but has not yet posted this market for this fixture (bookmakers open different markets at different times before kickoff) -- genuinely unavailable, not a collector failure."
LALIGA2627_MW18_173_RCDEspanyoldeBarcelona_FCBarcelona,2026-27,18,2027-01-03,2027-01-03T00:00:00+00:00,RCD Espanyol de Barcelona,FC Barcelona,,spreads,,,,,,,,,,,,,,,,,,unknown,,decimal,2026-09-22T10:25:41+00:00,none_available,,False,False,unavailable,2026-09-22,"The Odds API is configured and reachable, but has not yet posted this market for this fixture (bookmakers open different markets at different times before kickoff) -- genuinely unavailable, not a collector failure."
LALIGA2627_MW18_173_RCDEspanyoldeBarcelona_FCBarcelona,2026-27,18,2027-01-03,2027-01-03T00:00:00+00:00,RCD Espanyol de Barcelona,FC Barcelona,,totals,,,,,,,,,,,,,,,,,,unknown,,decimal,2026-09-22T10:25:41+00:00,none_available,,False,False,unavailable,2026-09-22,"The Odds API is configured and reachable, but has not yet posted this market for this fixture (bookmakers open different markets at different times before kickoff) -- genuinely unavailable, not a collector failure."
LALIGA2627_MW18_174_LevanteUD_ValenciaCF,2026-27,18,2027-01-03,2027-01-03T00:00:00+00:00,Levante UD,Valencia CF,,h2h,,,,,,,,,,,,,,,,,,unknown,,decimal,2026-09-22T10:25:41+00:00,none_available,,False,False,unavailable,2026-09-22,"The Odds API is configured and reachable, but has not yet posted this market for this fixture (bookmakers open different markets at different times before kickoff) -- genuinely unavailable, not a collector failure."
LALIGA2627_MW18_174_LevanteUD_ValenciaCF,2026-27,18,2027-01-03,2027-01-03T00:00:00+00:00,Levante UD,Valencia CF,,spreads,,,,,,,,,,,,,,,,,,unknown,,decimal,2026-09-22T10:25:41+00:00,none_available,,False,False,unavailable,2026-09-22,"The Odds API is configured and reachable, but has not yet posted this market for this fixture (bookmakers open different markets at different times before kickoff) -- genuinely unavailable, not a collector failure."
LALIGA2627_MW18_174_LevanteUD_ValenciaCF,2026-27,18,2027-01-03,2027-01-03T00:00:00+00:00,Levante UD,Valencia CF,,totals,,,,,,,,,,,,,,,,,,unknown,,decimal,2026-09-22T10:25:41+00:00,none_available,,False,False,unavailable,2026-09-22,"The Odds API is configured and reachable, but has not yet posted this market for this fixture (bookmakers open different markets at different times before kickoff) -- genuinely unavailable, not a collector failure."
LALIGA2627_MW18_175_MálagaCF_ElcheCF,2026-27,18,2027-01-03,2027-01-03T00:00:00+00:00,Málaga CF,Elche CF,,h2h,,,,,,,,,,,,,,,,,,unknown,,decimal,2026-09-22T10:25:41+00:00,none_available,,False,False,unavailable,2026-09-22,"The Odds API is configured and reachable, but has not yet posted this market for this fixture (bookmakers open different markets at different times before kickoff) -- genuinely unavailable, not a collector failure."
LALIGA2627_MW18_175_MálagaCF_ElcheCF,2026-27,18,2027-01-03,2027-01-03T00:00:00+00:00,Málaga CF,Elche CF,,spreads,,,,,,,,,,,,,,,,,,unknown,,decimal,2026-09-22T10:25:41+00:00,none_available,,False,False,unavailable,2026-09-22,"The Odds API is configured and reachable, but has not yet posted this market for this fixture (bookmakers open different markets at different times before kickoff) -- genuinely unavailable, not a collector failure."
LALIGA2627_MW18_175_MálagaCF_ElcheCF,2026-27,18,2027-01-03,2027-01-03T00:00:00+00:00,Málaga CF,Elche CF,,totals,,,,,,,,,,,,,,,,,,unknown,,decimal,2026-09-22T10:25:41+00:00,none_available,,False,False,unavailable,2026-09-22,"The Odds API is configured and reachable, but has not yet posted this market for this fixture (bookmakers open different markets at different times before kickoff) -- genuinely unavailable, not a collector failure."
LALIGA2627_MW18_176_R.RacingClub_AthleticClub,2026-27,18,2027-01-03,2027-01-03T00:00:00+00:00,R. Racing Club,Athletic Club,,h2h,,,,,,,,,,,,,,,,,,unknown,,decimal,2026-09-22T10:25:41+00:00,none_available,,False,False,unavailable,2026-09-22,"The Odds API is configured and reachable, but has not yet posted this market for this fixture (bookmakers open different markets at different times before kickoff) -- genuinely unavailable, not a collector failure."
LALIGA2627_MW18_176_R.RacingClub_AthleticClub,2026-27,18,2027-01-03,2027-01-03T00:00:00+00:00,R. Racing Club,Athletic Club,,spreads,,,,,,,,,,,,,,,,,,unknown,,decimal,2026-09-22T10:25:41+00:00,none_available,,False,False,unavailable,2026-09-22,"The Odds API is configured and reachable, but has not yet posted this market for this fixture (bookmakers open different markets at different times before kickoff) -- genuinely unavailable, not a collector failure."
LALIGA2627_MW18_176_R.RacingClub_AthleticClub,2026-27,18,2027-01-03,2027-01-03T00:00:00+00:00,R. Racing Club,Athletic Club,,totals,,,,,,,,,,,,,,,,,,unknown,,decimal,2026-09-22T10:25:41+00:00,none_available,,False,False,unavailable,2026-09-22,"The Odds API is configured and reachable, but has not yet posted this market for this fixture (bookmakers open different markets at different times before kickoff) -- genuinely unavailable, not a collector failure."
LALIGA2627_MW18_177_RayoVallecano_AtléticodeMadrid,2026-27,18,2027-01-03,2027-01-03T00:00:00+00:00,Rayo Vallecano,Atlético de Madrid,,h2h,,,,,,,,,,,,,,,,,,unknown,,decimal,2026-09-22T10:25:41+00:00,none_available,,False,False,unavailable,2026-09-22,"The Odds API is configured and reachable, but has not yet posted this market for this fixture (bookmakers open different markets at different times before kickoff) -- genuinely unavailable, not a collector failure."
LALIGA2627_MW18_177_RayoVallecano_AtléticodeMadrid,2026-27,18,2027-01-03,2027-01-03T00:00:00+00:00,Rayo Vallecano,Atlético de Madrid,,spreads,,,,,,,,,,,,,,,,,,unknown,,decimal,2026-09-22T10:25:41+00:00,none_available,,False,False,unavailable,2026-09-22,"The Odds API is configured and reachable, but has not yet posted this market for this fixture (bookmakers open different markets at different times before kickoff) -- genuinely unavailable, not a collector failure."
LALIGA2627_MW18_177_RayoVallecano_AtléticodeMadrid,2026-27,18,2027-01-03,2027-01-03T00:00:00+00:00,Rayo Vallecano,Atlético de Madrid,,totals,,,,,,,,,,,,,,,,,,unknown,,decimal,2026-09-22T10:25:41+00:00,none_available,,False,False,unavailable,2026-09-22,"The Odds API is configured and reachable, but has not yet posted this market for this fixture (bookmakers open different markets at different times before kickoff) -- genuinely unavailable, not a collector failure."
LALIGA2627_MW18_178_RealMadrid_GetafeCF,2026-27,18,2027-01-03,2027-01-03T00:00:00+00:00,Real Madrid,Getafe CF,,h2h,,,,,,,,,,,,,,,,,,unknown,,decimal,2026-09-22T10:25:41+00:00,none_available,,False,False,unavailable,2026-09-22,"The Odds API is configured and reachable, but has not yet posted this market for this fixture (bookmakers open different markets at different times before kickoff) -- genuinely unavailable, not a collector failure."
LALIGA2627_MW18_178_RealMadrid_GetafeCF,2026-27,18,2027-01-03,2027-01-03T00:00:00+00:00,Real Madrid,Getafe CF,,spreads,,,,,,,,,,,,,,,,,,unknown,,decimal,2026-09-22T10:25:41+00:00,none_available,,False,False,unavailable,2026-09-22,"The Odds API is configured and reachable, but has not yet posted this market for this fixture (bookmakers open different markets at different times before kickoff) -- genuinely unavailable, not a collector failure."
LALIGA2627_MW18_178_RealMadrid_GetafeCF,2026-27,18,2027-01-03,2027-01-03T00:00:00+00:00,Real Madrid,Getafe CF,,totals,,,,,,,,,,,,,,,,,,unknown,,decimal,2026-09-22T10:25:41+00:00,none_available,,False,False,unavailable,2026-09-22,"The Odds API is configured and reachable, but has not yet posted this market for this fixture (bookmakers open different markets at different times before kickoff) -- genuinely unavailable, not a collector failure."
LALIGA2627_MW18_179_RealSociedad_CAOsasuna,2026-27,18,2027-01-03,2027-01-03T00:00:00+00:00,Real Sociedad,CA Osasuna,,h2h,,,,,,,,,,,,,,,,,,unknown,,decimal,2026-09-22T10:25:41+00:00,none_available,,False,False,unavailable,2026-09-22,"The Odds API is configured and reachable, but has not yet posted this market for this fixture (bookmakers open different markets at different times before kickoff) -- genuinely unavailable, not a collector failure."
LALIGA2627_MW18_179_RealSociedad_CAOsasuna,2026-27,18,2027-01-03,2027-01-03T00:00:00+00:00,Real Sociedad,CA Osasuna,,spreads,,,,,,,,,,,,,,,,,,unknown,,decimal,2026-09-22T10:25:41+00:00,none_available,,False,False,unavailable,2026-09-22,"The Odds API is configured and reachable, but has not yet posted this market for this fixture (bookmakers open different markets at different times before kickoff) -- genuinely unavailable, not a collector failure."
LALIGA2627_MW18_179_RealSociedad_CAOsasuna,2026-27,18,2027-01-03,2027-01-03T00:00:00+00:00,Real Sociedad,CA Osasuna,,totals,,,,,,,,,,,,,,,,,,unknown,,decimal,2026-09-22T10:25:41+00:00,none_available,,False,False,unavailable,2026-09-22,"The Odds API is configured and reachable, but has not yet posted this market for this fixture (bookmakers open different markets at different times before kickoff) -- genuinely unavailable, not a collector failure."
LALIGA2627_MW18_180_VillarrealCF_SevillaFC,2026-27,18,2027-01-03,2027-01-03T00:00:00+00:00,Villarreal CF,Sevilla FC,,h2h,,,,,,,,,,,,,,,,,,unknown,,decimal,2026-09-22T10:25:41+00:00,none_available,,False,False,unavailable,2026-09-22,"The Odds API is configured and reachable, but has not yet posted this market for this fixture (bookmakers open different markets at different times before kickoff) -- genuinely unavailable, not a collector failure."
LALIGA2627_MW18_180_VillarrealCF_SevillaFC,2026-27,18,2027-01-03,2027-01-03T00:00:00+00:00,Villarreal CF,Sevilla FC,,spreads,,,,,,,,,,,,,,,,,,unknown,,decimal,2026-09-22T10:25:41+00:00,none_available,,False,False,unavailable,2026-09-22,"The Odds API is configured and reachable, but has not yet posted this market for this fixture (bookmakers open different markets at different times before kickoff) -- genuinely unavailable, not a collector failure."
LALIGA2627_MW18_180_VillarrealCF_SevillaFC,2026-27,18,2027-01-03,2027-01-03T00:00:00+00:00,Villarreal CF,Sevilla FC,,totals,,,,,,,,,,,,,,,,,,unknown,,decimal,2026-09-22T10:25:41+00:00,none_available,,False,False,unavailable,2026-09-22,"The Odds API is configured and reachable, but has not yet posted this market for this fixture (bookmakers open different markets at different times before kickoff) -- genuinely unavailable, not a collector failure."
LALIGA2627_MW19_181_DeportivoAlavés_RealSociedad,2026-27,19,2027-01-10,2027-01-10T00:00:00+00:00,Deportivo Alavés,Real Sociedad,,h2h,,,,,,,,,,,,,,,,,,unknown,,decimal,2026-09-22T10:25:41+00:00,none_available,,False,False,unavailable,2026-09-22,"The Odds API is configured and reachable, but has not yet posted this market for this fixture (bookmakers open different markets at different times before kickoff) -- genuinely unavailable, not a collector failure."
LALIGA2627_MW19_181_DeportivoAlavés_RealSociedad,2026-27,19,2027-01-10,2027-01-10T00:00:00+00:00,Deportivo Alavés,Real Sociedad,,spreads,,,,,,,,,,,,,,,,,,unknown,,decimal,2026-09-22T10:25:41+00:00,none_available,,False,False,unavailable,2026-09-22,"The Odds API is configured and reachable, but has not yet posted this market for this fixture (bookmakers open different markets at different times before kickoff) -- genuinely unavailable, not a collector failure."
LALIGA2627_MW19_181_DeportivoAlavés_RealSociedad,2026-27,19,2027-01-10,2027-01-10T00:00:00+00:00,Deportivo Alavés,Real Sociedad,,totals,,,,,,,,,,,,,,,,,,unknown,,decimal,2026-09-22T10:25:41+00:00,none_available,,False,False,unavailable,2026-09-22,"The Odds API is configured and reachable, but has not yet posted this market for this fixture (bookmakers open different markets at different times before kickoff) -- genuinely unavailable, not a collector failure."
LALIGA2627_MW19_182_AthleticClub_VillarrealCF,2026-27,19,2027-01-10,2027-01-10T00:00:00+00:00,Athletic Club,Villarreal CF,,h2h,,,,,,,,,,,,,,,,,,unknown,,decimal,2026-09-22T10:25:41+00:00,none_available,,False,False,unavailable,2026-09-22,"The Odds API is configured and reachable, but has not yet posted this market for this fixture (bookmakers open different markets at different times before kickoff) -- genuinely unavailable, not a collector failure."
LALIGA2627_MW19_182_AthleticClub_VillarrealCF,2026-27,19,2027-01-10,2027-01-10T00:00:00+00:00,Athletic Club,Villarreal CF,,spreads,,,,,,,,,,,,,,,,,,unknown,,decimal,2026-09-22T10:25:41+00:00,none_available,,False,False,unavailable,2026-09-22,"The Odds API is configured and reachable, but has not yet posted this market for this fixture (bookmakers open different markets at different times before kickoff) -- genuinely unavailable, not a collector failure."
LALIGA2627_MW19_182_AthleticClub_VillarrealCF,2026-27,19,2027-01-10,2027-01-10T00:00:00+00:00,Athletic Club,Villarreal CF,,totals,,,,,,,,,,,,,,,,,,unknown,,decimal,2026-09-22T10:25:41+00:00,none_available,,False,False,unavailable,2026-09-22,"The Odds API is configured and reachable, but has not yet posted this market for this fixture (bookmakers open different markets at different times before kickoff) -- genuinely unavailable, not a collector failure."
LALIGA2627_MW19_183_AtléticodeMadrid_R.RacingClub,2026-27,19,2027-01-10,2027-01-10T00:00:00+00:00,Atlético de Madrid,R. Racing Club,,h2h,,,,,,,,,,,,,,,,,,unknown,,decimal,2026-09-22T10:25:41+00:00,none_available,,False,False,unavailable,2026-09-22,"The Odds API is configured and reachable, but has not yet posted this market for this fixture (bookmakers open different markets at different times before kickoff) -- genuinely unavailable, not a collector failure."
LALIGA2627_MW19_183_AtléticodeMadrid_R.RacingClub,2026-27,19,2027-01-10,2027-01-10T00:00:00+00:00,Atlético de Madrid,R. Racing Club,,spreads,,,,,,,,,,,,,,,,,,unknown,,decimal,2026-09-22T10:25:41+00:00,none_available,,False,False,unavailable,2026-09-22,"The Odds API is configured and reachable, but has not yet posted this market for this fixture (bookmakers open different markets at different times before kickoff) -- genuinely unavailable, not a collector failure."
LALIGA2627_MW19_183_AtléticodeMadrid_R.RacingClub,2026-27,19,2027-01-10,2027-01-10T00:00:00+00:00,Atlético de Madrid,R. Racing Club,,totals,,,,,,,,,,,,,,,,,,unknown,,decimal,2026-09-22T10:25:41+00:00,none_available,,False,False,unavailable,2026-09-22,"The Odds API is configured and reachable, but has not yet posted this market for this fixture (bookmakers open different markets at different times before kickoff) -- genuinely unavailable, not a collector failure."
LALIGA2627_MW19_184_RCDeportivo_RayoVallecano,2026-27,19,2027-01-10,2027-01-10T00:00:00+00:00,RC Deportivo,Rayo Vallecano,,h2h,,,,,,,,,,,,,,,,,,unknown,,decimal,2026-09-22T10:25:41+00:00,none_available,,False,False,unavailable,2026-09-22,"The Odds API is configured and reachable, but has not yet posted this market for this fixture (bookmakers open different markets at different times before kickoff) -- genuinely unavailable, not a collector failure."
LALIGA2627_MW19_184_RCDeportivo_RayoVallecano,2026-27,19,2027-01-10,2027-01-10T00:00:00+00:00,RC Deportivo,Rayo Vallecano,,spreads,,,,,,,,,,,,,,,,,,unknown,,decimal,2026-09-22T10:25:41+00:00,none_available,,False,False,unavailable,2026-09-22,"The Odds API is configured and reachable, but has not yet posted this market for this fixture (bookmakers open different markets at different times before kickoff) -- genuinely unavailable, not a collector failure."
LALIGA2627_MW19_184_RCDeportivo_RayoVallecano,2026-27,19,2027-01-10,2027-01-10T00:00:00+00:00,RC Deportivo,Rayo Vallecano,,totals,,,,,,,,,,,,,,,,,,unknown,,decimal,2026-09-22T10:25:41+00:00,none_available,,False,False,unavailable,2026-09-22,"The Odds API is configured and reachable, but has not yet posted this market for this fixture (bookmakers open different markets at different times before kickoff) -- genuinely unavailable, not a collector failure."
LALIGA2627_MW19_185_ElcheCF_GetafeCF,2026-27,19,2027-01-10,2027-01-10T00:00:00+00:00,Elche CF,Getafe CF,,h2h,,,,,,,,,,,,,,,,,,unknown,,decimal,2026-09-22T10:25:41+00:00,none_available,,False,False,unavailable,2026-09-22,"The Odds API is configured and reachable, but has not yet posted this market for this fixture (bookmakers open different markets at different times before kickoff) -- genuinely unavailable, not a collector failure."
LALIGA2627_MW19_185_ElcheCF_GetafeCF,2026-27,19,2027-01-10,2027-01-10T00:00:00+00:00,Elche CF,Getafe CF,,spreads,,,,,,,,,,,,,,,,,,unknown,,decimal,2026-09-22T10:25:41+00:00,none_available,,False,False,unavailable,2026-09-22,"The Odds API is configured and reachable, but has not yet posted this market for this fixture (bookmakers open different markets at different times before kickoff) -- genuinely unavailable, not a collector failure."
LALIGA2627_MW19_185_ElcheCF_GetafeCF,2026-27,19,2027-01-10,2027-01-10T00:00:00+00:00,Elche CF,Getafe CF,,totals,,,,,,,,,,,,,,,,,,unknown,,decimal,2026-09-22T10:25:41+00:00,none_available,,False,False,unavailable,2026-09-22,"The Odds API is configured and reachable, but has not yet posted this market for this fixture (bookmakers open different markets at different times before kickoff) -- genuinely unavailable, not a collector failure."
LALIGA2627_MW19_186_RCDEspanyoldeBarcelona_RealBetis,2026-27,19,2027-01-10,2027-01-10T00:00:00+00:00,RCD Espanyol de Barcelona,Real Betis,,h2h,,,,,,,,,,,,,,,,,,unknown,,decimal,2026-09-22T10:25:41+00:00,none_available,,False,False,unavailable,2026-09-22,"The Odds API is configured and reachable, but has not yet posted this market for this fixture (bookmakers open different markets at different times before kickoff) -- genuinely unavailable, not a collector failure."
LALIGA2627_MW19_186_RCDEspanyoldeBarcelona_RealBetis,2026-27,19,2027-01-10,2027-01-10T00:00:00+00:00,RCD Espanyol de Barcelona,Real Betis,,spreads,,,,,,,,,,,,,,,,,,unknown,,decimal,2026-09-22T10:25:41+00:00,none_available,,False,False,unavailable,2026-09-22,"The Odds API is configured and reachable, but has not yet posted this market for this fixture (bookmakers open different markets at different times before kickoff) -- genuinely unavailable, not a collector failure."
LALIGA2627_MW19_186_RCDEspanyoldeBarcelona_RealBetis,2026-27,19,2027-01-10,2027-01-10T00:00:00+00:00,RCD Espanyol de Barcelona,Real Betis,,totals,,,,,,,,,,,,,,,,,,unknown,,decimal,2026-09-22T10:25:41+00:00,none_available,,False,False,unavailable,2026-09-22,"The Odds API is configured and reachable, but has not yet posted this market for this fixture (bookmakers open different markets at different times before kickoff) -- genuinely unavailable, not a collector failure."
LALIGA2627_MW19_187_CAOsasuna_FCBarcelona,2026-27,19,2027-01-10,2027-01-10T00:00:00+00:00,CA Osasuna,FC Barcelona,,h2h,,,,,,,,,,,,,,,,,,unknown,,decimal,2026-09-22T10:25:41+00:00,none_available,,False,False,unavailable,2026-09-22,"The Odds API is configured and reachable, but has not yet posted this market for this fixture (bookmakers open different markets at different times before kickoff) -- genuinely unavailable, not a collector failure."
LALIGA2627_MW19_187_CAOsasuna_FCBarcelona,2026-27,19,2027-01-10,2027-01-10T00:00:00+00:00,CA Osasuna,FC Barcelona,,spreads,,,,,,,,,,,,,,,,,,unknown,,decimal,2026-09-22T10:25:41+00:00,none_available,,False,False,unavailable,2026-09-22,"The Odds API is configured and reachable, but has not yet posted this market for this fixture (bookmakers open different markets at different times before kickoff) -- genuinely unavailable, not a collector failure."
LALIGA2627_MW19_187_CAOsasuna_FCBarcelona,2026-27,19,2027-01-10,2027-01-10T00:00:00+00:00,CA Osasuna,FC Barcelona,,totals,,,,,,,,,,,,,,,,,,unknown,,decimal,2026-09-22T10:25:41+00:00,none_available,,False,False,unavailable,2026-09-22,"The Odds API is configured and reachable, but has not yet posted this market for this fixture (bookmakers open different markets at different times before kickoff) -- genuinely unavailable, not a collector failure."
LALIGA2627_MW19_188_RealMadrid_LevanteUD,2026-27,19,2027-01-10,2027-01-10T00:00:00+00:00,Real Madrid,Levante UD,,h2h,,,,,,,,,,,,,,,,,,unknown,,decimal,2026-09-22T10:25:41+00:00,none_available,,False,False,unavailable,2026-09-22,"The Odds API is configured and reachable, but has not yet posted this market for this fixture (bookmakers open different markets at different times before kickoff) -- genuinely unavailable, not a collector failure."
LALIGA2627_MW19_188_RealMadrid_LevanteUD,2026-27,19,2027-01-10,2027-01-10T00:00:00+00:00,Real Madrid,Levante UD,,spreads,,,,,,,,,,,,,,,,,,unknown,,decimal,2026-09-22T10:25:41+00:00,none_available,,False,False,unavailable,2026-09-22,"The Odds API is configured and reachable, but has not yet posted this market for this fixture (bookmakers open different markets at different times before kickoff) -- genuinely unavailable, not a collector failure."
LALIGA2627_MW19_188_RealMadrid_LevanteUD,2026-27,19,2027-01-10,2027-01-10T00:00:00+00:00,Real Madrid,Levante UD,,totals,,,,,,,,,,,,,,,,,,unknown,,decimal,2026-09-22T10:25:41+00:00,none_available,,False,False,unavailable,2026-09-22,"The Odds API is configured and reachable, but has not yet posted this market for this fixture (bookmakers open different markets at different times before kickoff) -- genuinely unavailable, not a collector failure."
LALIGA2627_MW19_189_SevillaFC_CeltaVigo,2026-27,19,2027-01-10,2027-01-10T00:00:00+00:00,Sevilla FC,Celta Vigo,,h2h,,,,,,,,,,,,,,,,,,unknown,,decimal,2026-09-22T10:25:41+00:00,none_available,,False,False,unavailable,2026-09-22,"The Odds API is configured and reachable, but has not yet posted this market for this fixture (bookmakers open different markets at different times before kickoff) -- genuinely unavailable, not a collector failure."
LALIGA2627_MW19_189_SevillaFC_CeltaVigo,2026-27,19,2027-01-10,2027-01-10T00:00:00+00:00,Sevilla FC,Celta Vigo,,spreads,,,,,,,,,,,,,,,,,,unknown,,decimal,2026-09-22T10:25:41+00:00,none_available,,False,False,unavailable,2026-09-22,"The Odds API is configured and reachable, but has not yet posted this market for this fixture (bookmakers open different markets at different times before kickoff) -- genuinely unavailable, not a collector failure."
LALIGA2627_MW19_189_SevillaFC_CeltaVigo,2026-27,19,2027-01-10,2027-01-10T00:00:00+00:00,Sevilla FC,Celta Vigo,,totals,,,,,,,,,,,,,,,,,,unknown,,decimal,2026-09-22T10:25:41+00:00,none_available,,False,False,unavailable,2026-09-22,"The Odds API is configured and reachable, but has not yet posted this market for this fixture (bookmakers open different markets at different times before kickoff) -- genuinely unavailable, not a collector failure."
LALIGA2627_MW19_190_ValenciaCF_MálagaCF,2026-27,19,2027-01-10,2027-01-10T00:00:00+00:00,Valencia CF,Málaga CF,,h2h,,,,,,,,,,,,,,,,,,unknown,,decimal,2026-09-22T10:25:41+00:00,none_available,,False,False,unavailable,2026-09-22,"The Odds API is configured and reachable, but has not yet posted this market for this fixture (bookmakers open different markets at different times before kickoff) -- genuinely unavailable, not a collector failure."
LALIGA2627_MW19_190_ValenciaCF_MálagaCF,2026-27,19,2027-01-10,2027-01-10T00:00:00+00:00,Valencia CF,Málaga CF,,spreads,,,,,,,,,,,,,,,,,,unknown,,decimal,2026-09-22T10:25:41+00:00,none_available,,False,False,unavailable,2026-09-22,"The Odds API is configured and reachable, but has not yet posted this market for this fixture (bookmakers open different markets at different times before kickoff) -- genuinely unavailable, not a collector failure."
LALIGA2627_MW19_190_ValenciaCF_MálagaCF,2026-27,19,2027-01-10,2027-01-10T00:00:00+00:00,Valencia CF,Málaga CF,,totals,,,,,,,,,,,,,,,,,,unknown,,decimal,2026-09-22T10:25:41+00:00,none_available,,False,False,unavailable,2026-09-22,"The Odds API is configured and reachable, but has not yet posted this market for this fixture (bookmakers open different markets at different times before kickoff) -- genuinely unavailable, not a collector failure."
LALIGA2627_MW20_191_AtléticodeMadrid_RealSociedad,2026-27,20,2027-01-17,2027-01-17T00:00:00+00:00,Atlético de Madrid,Real Sociedad,,h2h,,,,,,,,,,,,,,,,,,unknown,,decimal,2026-09-22T10:25:41+00:00,none_available,,False,False,unavailable,2026-09-22,"The Odds API is configured and reachable, but has not yet posted this market for this fixture (bookmakers open different markets at different times before kickoff) -- genuinely unavailable, not a collector failure."
LALIGA2627_MW20_191_AtléticodeMadrid_RealSociedad,2026-27,20,2027-01-17,2027-01-17T00:00:00+00:00,Atlético de Madrid,Real Sociedad,,spreads,,,,,,,,,,,,,,,,,,unknown,,decimal,2026-09-22T10:25:41+00:00,none_available,,False,False,unavailable,2026-09-22,"The Odds API is configured and reachable, but has not yet posted this market for this fixture (bookmakers open different markets at different times before kickoff) -- genuinely unavailable, not a collector failure."
LALIGA2627_MW20_191_AtléticodeMadrid_RealSociedad,2026-27,20,2027-01-17,2027-01-17T00:00:00+00:00,Atlético de Madrid,Real Sociedad,,totals,,,,,,,,,,,,,,,,,,unknown,,decimal,2026-09-22T10:25:41+00:00,none_available,,False,False,unavailable,2026-09-22,"The Odds API is configured and reachable, but has not yet posted this market for this fixture (bookmakers open different markets at different times before kickoff) -- genuinely unavailable, not a collector failure."
LALIGA2627_MW20_192_RealBetis_RCDeportivo,2026-27,20,2027-01-17,2027-01-17T00:00:00+00:00,Real Betis,RC Deportivo,,h2h,,,,,,,,,,,,,,,,,,unknown,,decimal,2026-09-22T10:25:41+00:00,none_available,,False,False,unavailable,2026-09-22,"The Odds API is configured and reachable, but has not yet posted this market for this fixture (bookmakers open different markets at different times before kickoff) -- genuinely unavailable, not a collector failure."
LALIGA2627_MW20_192_RealBetis_RCDeportivo,2026-27,20,2027-01-17,2027-01-17T00:00:00+00:00,Real Betis,RC Deportivo,,spreads,,,,,,,,,,,,,,,,,,unknown,,decimal,2026-09-22T10:25:41+00:00,none_available,,False,False,unavailable,2026-09-22,"The Odds API is configured and reachable, but has not yet posted this market for this fixture (bookmakers open different markets at different times before kickoff) -- genuinely unavailable, not a collector failure."
LALIGA2627_MW20_192_RealBetis_RCDeportivo,2026-27,20,2027-01-17,2027-01-17T00:00:00+00:00,Real Betis,RC Deportivo,,totals,,,,,,,,,,,,,,,,,,unknown,,decimal,2026-09-22T10:25:41+00:00,none_available,,False,False,unavailable,2026-09-22,"The Odds API is configured and reachable, but has not yet posted this market for this fixture (bookmakers open different markets at different times before kickoff) -- genuinely unavailable, not a collector failure."
LALIGA2627_MW20_193_CeltaVigo_ValenciaCF,2026-27,20,2027-01-17,2027-01-17T00:00:00+00:00,Celta Vigo,Valencia CF,,h2h,,,,,,,,,,,,,,,,,,unknown,,decimal,2026-09-22T10:25:41+00:00,none_available,,False,False,unavailable,2026-09-22,"The Odds API is configured and reachable, but has not yet posted this market for this fixture (bookmakers open different markets at different times before kickoff) -- genuinely unavailable, not a collector failure."
LALIGA2627_MW20_193_CeltaVigo_ValenciaCF,2026-27,20,2027-01-17,2027-01-17T00:00:00+00:00,Celta Vigo,Valencia CF,,spreads,,,,,,,,,,,,,,,,,,unknown,,decimal,2026-09-22T10:25:41+00:00,none_available,,False,False,unavailable,2026-09-22,"The Odds API is configured and reachable, but has not yet posted this market for this fixture (bookmakers open different markets at different times before kickoff) -- genuinely unavailable, not a collector failure."
LALIGA2627_MW20_193_CeltaVigo_ValenciaCF,2026-27,20,2027-01-17,2027-01-17T00:00:00+00:00,Celta Vigo,Valencia CF,,totals,,,,,,,,,,,,,,,,,,unknown,,decimal,2026-09-22T10:25:41+00:00,none_available,,False,False,unavailable,2026-09-22,"The Odds API is configured and reachable, but has not yet posted this market for this fixture (bookmakers open different markets at different times before kickoff) -- genuinely unavailable, not a collector failure."
LALIGA2627_MW20_194_FCBarcelona_ElcheCF,2026-27,20,2027-01-17,2027-01-17T00:00:00+00:00,FC Barcelona,Elche CF,,h2h,,,,,,,,,,,,,,,,,,unknown,,decimal,2026-09-22T10:25:41+00:00,none_available,,False,False,unavailable,2026-09-22,"The Odds API is configured and reachable, but has not yet posted this market for this fixture (bookmakers open different markets at different times before kickoff) -- genuinely unavailable, not a collector failure."
LALIGA2627_MW20_194_FCBarcelona_ElcheCF,2026-27,20,2027-01-17,2027-01-17T00:00:00+00:00,FC Barcelona,Elche CF,,spreads,,,,,,,,,,,,,,,,,,unknown,,decimal,2026-09-22T10:25:41+00:00,none_available,,False,False,unavailable,2026-09-22,"The Odds API is configured and reachable, but has not yet posted this market for this fixture (bookmakers open different markets at different times before kickoff) -- genuinely unavailable, not a collector failure."
LALIGA2627_MW20_194_FCBarcelona_ElcheCF,2026-27,20,2027-01-17,2027-01-17T00:00:00+00:00,FC Barcelona,Elche CF,,totals,,,,,,,,,,,,,,,,,,unknown,,decimal,2026-09-22T10:25:41+00:00,none_available,,False,False,unavailable,2026-09-22,"The Odds API is configured and reachable, but has not yet posted this market for this fixture (bookmakers open different markets at different times before kickoff) -- genuinely unavailable, not a collector failure."
LALIGA2627_MW20_195_GetafeCF_AthleticClub,2026-27,20,2027-01-17,2027-01-17T00:00:00+00:00,Getafe CF,Athletic Club,,h2h,,,,,,,,,,,,,,,,,,unknown,,decimal,2026-09-22T10:25:41+00:00,none_available,,False,False,unavailable,2026-09-22,"The Odds API is configured and reachable, but has not yet posted this market for this fixture (bookmakers open different markets at different times before kickoff) -- genuinely unavailable, not a collector failure."
LALIGA2627_MW20_195_GetafeCF_AthleticClub,2026-27,20,2027-01-17,2027-01-17T00:00:00+00:00,Getafe CF,Athletic Club,,spreads,,,,,,,,,,,,,,,,,,unknown,,decimal,2026-09-22T10:25:41+00:00,none_available,,False,False,unavailable,2026-09-22,"The Odds API is configured and reachable, but has not yet posted this market for this fixture (bookmakers open different markets at different times before kickoff) -- genuinely unavailable, not a collector failure."
LALIGA2627_MW20_195_GetafeCF_AthleticClub,2026-27,20,2027-01-17,2027-01-17T00:00:00+00:00,Getafe CF,Athletic Club,,totals,,,,,,,,,,,,,,,,,,unknown,,decimal,2026-09-22T10:25:41+00:00,none_available,,False,False,unavailable,2026-09-22,"The Odds API is configured and reachable, but has not yet posted this market for this fixture (bookmakers open different markets at different times before kickoff) -- genuinely unavailable, not a collector failure."
LALIGA2627_MW20_196_LevanteUD_RCDEspanyoldeBarcelona,2026-27,20,2027-01-17,2027-01-17T00:00:00+00:00,Levante UD,RCD Espanyol de Barcelona,,h2h,,,,,,,,,,,,,,,,,,unknown,,decimal,2026-09-22T10:25:41+00:00,none_available,,False,False,unavailable,2026-09-22,"The Odds API is configured and reachable, but has not yet posted this market for this fixture (bookmakers open different markets at different times before kickoff) -- genuinely unavailable, not a collector failure."
LALIGA2627_MW20_196_LevanteUD_RCDEspanyoldeBarcelona,2026-27,20,2027-01-17,2027-01-17T00:00:00+00:00,Levante UD,RCD Espanyol de Barcelona,,spreads,,,,,,,,,,,,,,,,,,unknown,,decimal,2026-09-22T10:25:41+00:00,none_available,,False,False,unavailable,2026-09-22,"The Odds API is configured and reachable, but has not yet posted this market for this fixture (bookmakers open different markets at different times before kickoff) -- genuinely unavailable, not a collector failure."
LALIGA2627_MW20_196_LevanteUD_RCDEspanyoldeBarcelona,2026-27,20,2027-01-17,2027-01-17T00:00:00+00:00,Levante UD,RCD Espanyol de Barcelona,,totals,,,,,,,,,,,,,,,,,,unknown,,decimal,2026-09-22T10:25:41+00:00,none_available,,False,False,unavailable,2026-09-22,"The Odds API is configured and reachable, but has not yet posted this market for this fixture (bookmakers open different markets at different times before kickoff) -- genuinely unavailable, not a collector failure."
LALIGA2627_MW20_197_MálagaCF_RealMadrid,2026-27,20,2027-01-17,2027-01-17T00:00:00+00:00,Málaga CF,Real Madrid,,h2h,,,,,,,,,,,,,,,,,,unknown,,decimal,2026-09-22T10:25:41+00:00,none_available,,False,False,unavailable,2026-09-22,"The Odds API is configured and reachable, but has not yet posted this market for this fixture (bookmakers open different markets at different times before kickoff) -- genuinely unavailable, not a collector failure."
LALIGA2627_MW20_197_MálagaCF_RealMadrid,2026-27,20,2027-01-17,2027-01-17T00:00:00+00:00,Málaga CF,Real Madrid,,spreads,,,,,,,,,,,,,,,,,,unknown,,decimal,2026-09-22T10:25:41+00:00,none_available,,False,False,unavailable,2026-09-22,"The Odds API is configured and reachable, but has not yet posted this market for this fixture (bookmakers open different markets at different times before kickoff) -- genuinely unavailable, not a collector failure."
LALIGA2627_MW20_197_MálagaCF_RealMadrid,2026-27,20,2027-01-17,2027-01-17T00:00:00+00:00,Málaga CF,Real Madrid,,totals,,,,,,,,,,,,,,,,,,unknown,,decimal,2026-09-22T10:25:41+00:00,none_available,,False,False,unavailable,2026-09-22,"The Odds API is configured and reachable, but has not yet posted this market for this fixture (bookmakers open different markets at different times before kickoff) -- genuinely unavailable, not a collector failure."
LALIGA2627_MW20_198_R.RacingClub_CAOsasuna,2026-27,20,2027-01-17,2027-01-17T00:00:00+00:00,R. Racing Club,CA Osasuna,,h2h,,,,,,,,,,,,,,,,,,unknown,,decimal,2026-09-22T10:25:41+00:00,none_available,,False,False,unavailable,2026-09-22,"The Odds API is configured and reachable, but has not yet posted this market for this fixture (bookmakers open different markets at different times before kickoff) -- genuinely unavailable, not a collector failure."
LALIGA2627_MW20_198_R.RacingClub_CAOsasuna,2026-27,20,2027-01-17,2027-01-17T00:00:00+00:00,R. Racing Club,CA Osasuna,,spreads,,,,,,,,,,,,,,,,,,unknown,,decimal,2026-09-22T10:25:41+00:00,none_available,,False,False,unavailable,2026-09-22,"The Odds API is configured and reachable, but has not yet posted this market for this fixture (bookmakers open different markets at different times before kickoff) -- genuinely unavailable, not a collector failure."
LALIGA2627_MW20_198_R.RacingClub_CAOsasuna,2026-27,20,2027-01-17,2027-01-17T00:00:00+00:00,R. Racing Club,CA Osasuna,,totals,,,,,,,,,,,,,,,,,,unknown,,decimal,2026-09-22T10:25:41+00:00,none_available,,False,False,unavailable,2026-09-22,"The Odds API is configured and reachable, but has not yet posted this market for this fixture (bookmakers open different markets at different times before kickoff) -- genuinely unavailable, not a collector failure."
LALIGA2627_MW20_199_RayoVallecano_SevillaFC,2026-27,20,2027-01-17,2027-01-17T00:00:00+00:00,Rayo Vallecano,Sevilla FC,,h2h,,,,,,,,,,,,,,,,,,unknown,,decimal,2026-09-22T10:25:41+00:00,none_available,,False,False,unavailable,2026-09-22,"The Odds API is configured and reachable, but has not yet posted this market for this fixture (bookmakers open different markets at different times before kickoff) -- genuinely unavailable, not a collector failure."
LALIGA2627_MW20_199_RayoVallecano_SevillaFC,2026-27,20,2027-01-17,2027-01-17T00:00:00+00:00,Rayo Vallecano,Sevilla FC,,spreads,,,,,,,,,,,,,,,,,,unknown,,decimal,2026-09-22T10:25:41+00:00,none_available,,False,False,unavailable,2026-09-22,"The Odds API is configured and reachable, but has not yet posted this market for this fixture (bookmakers open different markets at different times before kickoff) -- genuinely unavailable, not a collector failure."
LALIGA2627_MW20_199_RayoVallecano_SevillaFC,2026-27,20,2027-01-17,2027-01-17T00:00:00+00:00,Rayo Vallecano,Sevilla FC,,totals,,,,,,,,,,,,,,,,,,unknown,,decimal,2026-09-22T10:25:41+00:00,none_available,,False,False,unavailable,2026-09-22,"The Odds API is configured and reachable, but has not yet posted this market for this fixture (bookmakers open different markets at different times before kickoff) -- genuinely unavailable, not a collector failure."
LALIGA2627_MW20_200_VillarrealCF_DeportivoAlavés,2026-27,20,2027-01-17,2027-01-17T00:00:00+00:00,Villarreal CF,Deportivo Alavés,,h2h,,,,,,,,,,,,,,,,,,unknown,,decimal,2026-09-22T10:25:41+00:00,none_available,,False,False,unavailable,2026-09-22,"The Odds API is configured and reachable, but has not yet posted this market for this fixture (bookmakers open different markets at different times before kickoff) -- genuinely unavailable, not a collector failure."
LALIGA2627_MW20_200_VillarrealCF_DeportivoAlavés,2026-27,20,2027-01-17,2027-01-17T00:00:00+00:00,Villarreal CF,Deportivo Alavés,,spreads,,,,,,,,,,,,,,,,,,unknown,,decimal,2026-09-22T10:25:41+00:00,none_available,,False,False,unavailable,2026-09-22,"The Odds API is configured and reachable, but has not yet posted this market for this fixture (bookmakers open different markets at different times before kickoff) -- genuinely unavailable, not a collector failure."
LALIGA2627_MW20_200_VillarrealCF_DeportivoAlavés,2026-27,20,2027-01-17,2027-01-17T00:00:00+00:00,Villarreal CF,Deportivo Alavés,,totals,,,,,,,,,,,,,,,,,,unknown,,decimal,2026-09-22T10:25:41+00:00,none_available,,False,False,unavailable,2026-09-22,"The Odds API is configured and reachable, but has not yet posted this market for this fixture (bookmakers open different markets at different times before kickoff) -- genuinely unavailable, not a collector failure."
LALIGA2627_MW21_201_DeportivoAlavés_FCBarcelona,2026-27,21,2027-01-24,2027-01-24T00:00:00+00:00,Deportivo Alavés,FC Barcelona,,h2h,,,,,,,,,,,,,,,,,,unknown,,decimal,2026-09-22T10:25:41+00:00,none_available,,False,False,unavailable,2026-09-22,"The Odds API is configured and reachable, but has not yet posted this market for this fixture (bookmakers open different markets at different times before kickoff) -- genuinely unavailable, not a collector failure."
LALIGA2627_MW21_201_DeportivoAlavés_FCBarcelona,2026-27,21,2027-01-24,2027-01-24T00:00:00+00:00,Deportivo Alavés,FC Barcelona,,spreads,,,,,,,,,,,,,,,,,,unknown,,decimal,2026-09-22T10:25:41+00:00,none_available,,False,False,unavailable,2026-09-22,"The Odds API is configured and reachable, but has not yet posted this market for this fixture (bookmakers open different markets at different times before kickoff) -- genuinely unavailable, not a collector failure."
LALIGA2627_MW21_201_DeportivoAlavés_FCBarcelona,2026-27,21,2027-01-24,2027-01-24T00:00:00+00:00,Deportivo Alavés,FC Barcelona,,totals,,,,,,,,,,,,,,,,,,unknown,,decimal,2026-09-22T10:25:41+00:00,none_available,,False,False,unavailable,2026-09-22,"The Odds API is configured and reachable, but has not yet posted this market for this fixture (bookmakers open different markets at different times before kickoff) -- genuinely unavailable, not a collector failure."
LALIGA2627_MW21_202_AthleticClub_LevanteUD,2026-27,21,2027-01-24,2027-01-24T00:00:00+00:00,Athletic Club,Levante UD,,h2h,,,,,,,,,,,,,,,,,,unknown,,decimal,2026-09-22T10:25:41+00:00,none_available,,False,False,unavailable,2026-09-22,"The Odds API is configured and reachable, but has not yet posted this market for this fixture (bookmakers open different markets at different times before kickoff) -- genuinely unavailable, not a collector failure."
LALIGA2627_MW21_202_AthleticClub_LevanteUD,2026-27,21,2027-01-24,2027-01-24T00:00:00+00:00,Athletic Club,Levante UD,,spreads,,,,,,,,,,,,,,,,,,unknown,,decimal,2026-09-22T10:25:41+00:00,none_available,,False,False,unavailable,2026-09-22,"The Odds API is configured and reachable, but has not yet posted this market for this fixture (bookmakers open different markets at different times before kickoff) -- genuinely unavailable, not a collector failure."
LALIGA2627_MW21_202_AthleticClub_LevanteUD,2026-27,21,2027-01-24,2027-01-24T00:00:00+00:00,Athletic Club,Levante UD,,totals,,,,,,,,,,,,,,,,,,unknown,,decimal,2026-09-22T10:25:41+00:00,none_available,,False,False,unavailable,2026-09-22,"The Odds API is configured and reachable, but has not yet posted this market for this fixture (bookmakers open different markets at different times before kickoff) -- genuinely unavailable, not a collector failure."
LALIGA2627_MW21_203_RCDeportivo_AtléticodeMadrid,2026-27,21,2027-01-24,2027-01-24T00:00:00+00:00,RC Deportivo,Atlético de Madrid,,h2h,,,,,,,,,,,,,,,,,,unknown,,decimal,2026-09-22T10:25:41+00:00,none_available,,False,False,unavailable,2026-09-22,"The Odds API is configured and reachable, but has not yet posted this market for this fixture (bookmakers open different markets at different times before kickoff) -- genuinely unavailable, not a collector failure."
LALIGA2627_MW21_203_RCDeportivo_AtléticodeMadrid,2026-27,21,2027-01-24,2027-01-24T00:00:00+00:00,RC Deportivo,Atlético de Madrid,,spreads,,,,,,,,,,,,,,,,,,unknown,,decimal,2026-09-22T10:25:41+00:00,none_available,,False,False,unavailable,2026-09-22,"The Odds API is configured and reachable, but has not yet posted this market for this fixture (bookmakers open different markets at different times before kickoff) -- genuinely unavailable, not a collector failure."
LALIGA2627_MW21_203_RCDeportivo_AtléticodeMadrid,2026-27,21,2027-01-24,2027-01-24T00:00:00+00:00,RC Deportivo,Atlético de Madrid,,totals,,,,,,,,,,,,,,,,,,unknown,,decimal,2026-09-22T10:25:41+00:00,none_available,,False,False,unavailable,2026-09-22,"The Odds API is configured and reachable, but has not yet posted this market for this fixture (bookmakers open different markets at different times before kickoff) -- genuinely unavailable, not a collector failure."
LALIGA2627_MW21_204_ElcheCF_RayoVallecano,2026-27,21,2027-01-24,2027-01-24T00:00:00+00:00,Elche CF,Rayo Vallecano,,h2h,,,,,,,,,,,,,,,,,,unknown,,decimal,2026-09-22T10:25:41+00:00,none_available,,False,False,unavailable,2026-09-22,"The Odds API is configured and reachable, but has not yet posted this market for this fixture (bookmakers open different markets at different times before kickoff) -- genuinely unavailable, not a collector failure."
LALIGA2627_MW21_204_ElcheCF_RayoVallecano,2026-27,21,2027-01-24,2027-01-24T00:00:00+00:00,Elche CF,Rayo Vallecano,,spreads,,,,,,,,,,,,,,,,,,unknown,,decimal,2026-09-22T10:25:41+00:00,none_available,,False,False,unavailable,2026-09-22,"The Odds API is configured and reachable, but has not yet posted this market for this fixture (bookmakers open different markets at different times before kickoff) -- genuinely unavailable, not a collector failure."
LALIGA2627_MW21_204_ElcheCF_RayoVallecano,2026-27,21,2027-01-24,2027-01-24T00:00:00+00:00,Elche CF,Rayo Vallecano,,totals,,,,,,,,,,,,,,,,,,unknown,,decimal,2026-09-22T10:25:41+00:00,none_available,,False,False,unavailable,2026-09-22,"The Odds API is configured and reachable, but has not yet posted this market for this fixture (bookmakers open different markets at different times before kickoff) -- genuinely unavailable, not a collector failure."
LALIGA2627_MW21_205_RCDEspanyoldeBarcelona_VillarrealCF,2026-27,21,2027-01-24,2027-01-24T00:00:00+00:00,RCD Espanyol de Barcelona,Villarreal CF,,h2h,,,,,,,,,,,,,,,,,,unknown,,decimal,2026-09-22T10:25:41+00:00,none_available,,False,False,unavailable,2026-09-22,"The Odds API is configured and reachable, but has not yet posted this market for this fixture (bookmakers open different markets at different times before kickoff) -- genuinely unavailable, not a collector failure."
LALIGA2627_MW21_205_RCDEspanyoldeBarcelona_VillarrealCF,2026-27,21,2027-01-24,2027-01-24T00:00:00+00:00,RCD Espanyol de Barcelona,Villarreal CF,,spreads,,,,,,,,,,,,,,,,,,unknown,,decimal,2026-09-22T10:25:41+00:00,none_available,,False,False,unavailable,2026-09-22,"The Odds API is configured and reachable, but has not yet posted this market for this fixture (bookmakers open different markets at different times before kickoff) -- genuinely unavailable, not a collector failure."
LALIGA2627_MW21_205_RCDEspanyoldeBarcelona_VillarrealCF,2026-27,21,2027-01-24,2027-01-24T00:00:00+00:00,RCD Espanyol de Barcelona,Villarreal CF,,totals,,,,,,,,,,,,,,,,,,unknown,,decimal,2026-09-22T10:25:41+00:00,none_available,,False,False,unavailable,2026-09-22,"The Odds API is configured and reachable, but has not yet posted this market for this fixture (bookmakers open different markets at different times before kickoff) -- genuinely unavailable, not a collector failure."
LALIGA2627_MW21_206_GetafeCF_CAOsasuna,2026-27,21,2027-01-24,2027-01-24T00:00:00+00:00,Getafe CF,CA Osasuna,,h2h,,,,,,,,,,,,,,,,,,unknown,,decimal,2026-09-22T10:25:41+00:00,none_available,,False,False,unavailable,2026-09-22,"The Odds API is configured and reachable, but has not yet posted this market for this fixture (bookmakers open different markets at different times before kickoff) -- genuinely unavailable, not a collector failure."
LALIGA2627_MW21_206_GetafeCF_CAOsasuna,2026-27,21,2027-01-24,2027-01-24T00:00:00+00:00,Getafe CF,CA Osasuna,,spreads,,,,,,,,,,,,,,,,,,unknown,,decimal,2026-09-22T10:25:41+00:00,none_available,,False,False,unavailable,2026-09-22,"The Odds API is configured and reachable, but has not yet posted this market for this fixture (bookmakers open different markets at different times before kickoff) -- genuinely unavailable, not a collector failure."
LALIGA2627_MW21_206_GetafeCF_CAOsasuna,2026-27,21,2027-01-24,2027-01-24T00:00:00+00:00,Getafe CF,CA Osasuna,,totals,,,,,,,,,,,,,,,,,,unknown,,decimal,2026-09-22T10:25:41+00:00,none_available,,False,False,unavailable,2026-09-22,"The Odds API is configured and reachable, but has not yet posted this market for this fixture (bookmakers open different markets at different times before kickoff) -- genuinely unavailable, not a collector failure."
LALIGA2627_MW21_207_R.RacingClub_CeltaVigo,2026-27,21,2027-01-24,2027-01-24T00:00:00+00:00,R. Racing Club,Celta Vigo,,h2h,,,,,,,,,,,,,,,,,,unknown,,decimal,2026-09-22T10:25:41+00:00,none_available,,False,False,unavailable,2026-09-22,"The Odds API is configured and reachable, but has not yet posted this market for this fixture (bookmakers open different markets at different times before kickoff) -- genuinely unavailable, not a collector failure."
LALIGA2627_MW21_207_R.RacingClub_CeltaVigo,2026-27,21,2027-01-24,2027-01-24T00:00:00+00:00,R. Racing Club,Celta Vigo,,spreads,,,,,,,,,,,,,,,,,,unknown,,decimal,2026-09-22T10:25:41+00:00,none_available,,False,False,unavailable,2026-09-22,"The Odds API is configured and reachable, but has not yet posted this market for this fixture (bookmakers open different markets at different times before kickoff) -- genuinely unavailable, not a collector failure."
LALIGA2627_MW21_207_R.RacingClub_CeltaVigo,2026-27,21,2027-01-24,2027-01-24T00:00:00+00:00,R. Racing Club,Celta Vigo,,totals,,,,,,,,,,,,,,,,,,unknown,,decimal,2026-09-22T10:25:41+00:00,none_available,,False,False,unavailable,2026-09-22,"The Odds API is configured and reachable, but has not yet posted this market for this fixture (bookmakers open different markets at different times before kickoff) -- genuinely unavailable, not a collector failure."
LALIGA2627_MW21_208_RealMadrid_RealBetis,2026-27,21,2027-01-24,2027-01-24T00:00:00+00:00,Real Madrid,Real Betis,,h2h,,,,,,,,,,,,,,,,,,unknown,,decimal,2026-09-22T10:25:41+00:00,none_available,,False,False,unavailable,2026-09-22,"The Odds API is configured and reachable, but has not yet posted this market for this fixture (bookmakers open different markets at different times before kickoff) -- genuinely unavailable, not a collector failure."
LALIGA2627_MW21_208_RealMadrid_RealBetis,2026-27,21,2027-01-24,2027-01-24T00:00:00+00:00,Real Madrid,Real Betis,,spreads,,,,,,,,,,,,,,,,,,unknown,,decimal,2026-09-22T10:25:41+00:00,none_available,,False,False,unavailable,2026-09-22,"The Odds API is configured and reachable, but has not yet posted this market for this fixture (bookmakers open different markets at different times before kickoff) -- genuinely unavailable, not a collector failure."
LALIGA2627_MW21_208_RealMadrid_RealBetis,2026-27,21,2027-01-24,2027-01-24T00:00:00+00:00,Real Madrid,Real Betis,,totals,,,,,,,,,,,,,,,,,,unknown,,decimal,2026-09-22T10:25:41+00:00,none_available,,False,False,unavailable,2026-09-22,"The Odds API is configured and reachable, but has not yet posted this market for this fixture (bookmakers open different markets at different times before kickoff) -- genuinely unavailable, not a collector failure."
LALIGA2627_MW21_209_RealSociedad_MálagaCF,2026-27,21,2027-01-24,2027-01-24T00:00:00+00:00,Real Sociedad,Málaga CF,,h2h,,,,,,,,,,,,,,,,,,unknown,,decimal,2026-09-22T10:25:41+00:00,none_available,,False,False,unavailable,2026-09-22,"The Odds API is configured and reachable, but has not yet posted this market for this fixture (bookmakers open different markets at different times before kickoff) -- genuinely unavailable, not a collector failure."
LALIGA2627_MW21_209_RealSociedad_MálagaCF,2026-27,21,2027-01-24,2027-01-24T00:00:00+00:00,Real Sociedad,Málaga CF,,spreads,,,,,,,,,,,,,,,,,,unknown,,decimal,2026-09-22T10:25:41+00:00,none_available,,False,False,unavailable,2026-09-22,"The Odds API is configured and reachable, but has not yet posted this market for this fixture (bookmakers open different markets at different times before kickoff) -- genuinely unavailable, not a collector failure."
LALIGA2627_MW21_209_RealSociedad_MálagaCF,2026-27,21,2027-01-24,2027-01-24T00:00:00+00:00,Real Sociedad,Málaga CF,,totals,,,,,,,,,,,,,,,,,,unknown,,decimal,2026-09-22T10:25:41+00:00,none_available,,False,False,unavailable,2026-09-22,"The Odds API is configured and reachable, but has not yet posted this market for this fixture (bookmakers open different markets at different times before kickoff) -- genuinely unavailable, not a collector failure."
LALIGA2627_MW21_210_ValenciaCF_SevillaFC,2026-27,21,2027-01-24,2027-01-24T00:00:00+00:00,Valencia CF,Sevilla FC,,h2h,,,,,,,,,,,,,,,,,,unknown,,decimal,2026-09-22T10:25:41+00:00,none_available,,False,False,unavailable,2026-09-22,"The Odds API is configured and reachable, but has not yet posted this market for this fixture (bookmakers open different markets at different times before kickoff) -- genuinely unavailable, not a collector failure."
LALIGA2627_MW21_210_ValenciaCF_SevillaFC,2026-27,21,2027-01-24,2027-01-24T00:00:00+00:00,Valencia CF,Sevilla FC,,spreads,,,,,,,,,,,,,,,,,,unknown,,decimal,2026-09-22T10:25:41+00:00,none_available,,False,False,unavailable,2026-09-22,"The Odds API is configured and reachable, but has not yet posted this market for this fixture (bookmakers open different markets at different times before kickoff) -- genuinely unavailable, not a collector failure."
LALIGA2627_MW21_210_ValenciaCF_SevillaFC,2026-27,21,2027-01-24,2027-01-24T00:00:00+00:00,Valencia CF,Sevilla FC,,totals,,,,,,,,,,,,,,,,,,unknown,,decimal,2026-09-22T10:25:41+00:00,none_available,,False,False,unavailable,2026-09-22,"The Odds API is configured and reachable, but has not yet posted this market for this fixture (bookmakers open different markets at different times before kickoff) -- genuinely unavailable, not a collector failure."
LALIGA2627_MW22_211_AtléticodeMadrid_RCDEspanyoldeBarcelona,2026-27,22,2027-01-31,2027-01-31T00:00:00+00:00,Atlético de Madrid,RCD Espanyol de Barcelona,,h2h,,,,,,,,,,,,,,,,,,unknown,,decimal,2026-09-22T10:25:41+00:00,none_available,,False,False,unavailable,2026-09-22,"The Odds API is configured and reachable, but has not yet posted this market for this fixture (bookmakers open different markets at different times before kickoff) -- genuinely unavailable, not a collector failure."
LALIGA2627_MW22_211_AtléticodeMadrid_RCDEspanyoldeBarcelona,2026-27,22,2027-01-31,2027-01-31T00:00:00+00:00,Atlético de Madrid,RCD Espanyol de Barcelona,,spreads,,,,,,,,,,,,,,,,,,unknown,,decimal,2026-09-22T10:25:41+00:00,none_available,,False,False,unavailable,2026-09-22,"The Odds API is configured and reachable, but has not yet posted this market for this fixture (bookmakers open different markets at different times before kickoff) -- genuinely unavailable, not a collector failure."
LALIGA2627_MW22_211_AtléticodeMadrid_RCDEspanyoldeBarcelona,2026-27,22,2027-01-31,2027-01-31T00:00:00+00:00,Atlético de Madrid,RCD Espanyol de Barcelona,,totals,,,,,,,,,,,,,,,,,,unknown,,decimal,2026-09-22T10:25:41+00:00,none_available,,False,False,unavailable,2026-09-22,"The Odds API is configured and reachable, but has not yet posted this market for this fixture (bookmakers open different markets at different times before kickoff) -- genuinely unavailable, not a collector failure."
LALIGA2627_MW22_212_RealBetis_ElcheCF,2026-27,22,2027-01-31,2027-01-31T00:00:00+00:00,Real Betis,Elche CF,,h2h,,,,,,,,,,,,,,,,,,unknown,,decimal,2026-09-22T10:25:41+00:00,none_available,,False,False,unavailable,2026-09-22,"The Odds API is configured and reachable, but has not yet posted this market for this fixture (bookmakers open different markets at different times before kickoff) -- genuinely unavailable, not a collector failure."
LALIGA2627_MW22_212_RealBetis_ElcheCF,2026-27,22,2027-01-31,2027-01-31T00:00:00+00:00,Real Betis,Elche CF,,spreads,,,,,,,,,,,,,,,,,,unknown,,decimal,2026-09-22T10:25:41+00:00,none_available,,False,False,unavailable,2026-09-22,"The Odds API is configured and reachable, but has not yet posted this market for this fixture (bookmakers open different markets at different times before kickoff) -- genuinely unavailable, not a collector failure."
LALIGA2627_MW22_212_RealBetis_ElcheCF,2026-27,22,2027-01-31,2027-01-31T00:00:00+00:00,Real Betis,Elche CF,,totals,,,,,,,,,,,,,,,,,,unknown,,decimal,2026-09-22T10:25:41+00:00,none_available,,False,False,unavailable,2026-09-22,"The Odds API is configured and reachable, but has not yet posted this market for this fixture (bookmakers open different markets at different times before kickoff) -- genuinely unavailable, not a collector failure."
LALIGA2627_MW22_213_CeltaVigo_GetafeCF,2026-27,22,2027-01-31,2027-01-31T00:00:00+00:00,Celta Vigo,Getafe CF,,h2h,,,,,,,,,,,,,,,,,,unknown,,decimal,2026-09-22T10:25:41+00:00,none_available,,False,False,unavailable,2026-09-22,"The Odds API is configured and reachable, but has not yet posted this market for this fixture (bookmakers open different markets at different times before kickoff) -- genuinely unavailable, not a collector failure."
LALIGA2627_MW22_213_CeltaVigo_GetafeCF,2026-27,22,2027-01-31,2027-01-31T00:00:00+00:00,Celta Vigo,Getafe CF,,spreads,,,,,,,,,,,,,,,,,,unknown,,decimal,2026-09-22T10:25:41+00:00,none_available,,False,False,unavailable,2026-09-22,"The Odds API is configured and reachable, but has not yet posted this market for this fixture (bookmakers open different markets at different times before kickoff) -- genuinely unavailable, not a collector failure."
LALIGA2627_MW22_213_CeltaVigo_GetafeCF,2026-27,22,2027-01-31,2027-01-31T00:00:00+00:00,Celta Vigo,Getafe CF,,totals,,,,,,,,,,,,,,,,,,unknown,,decimal,2026-09-22T10:25:41+00:00,none_available,,False,False,unavailable,2026-09-22,"The Odds API is configured and reachable, but has not yet posted this market for this fixture (bookmakers open different markets at different times before kickoff) -- genuinely unavailable, not a collector failure."
LALIGA2627_MW22_214_FCBarcelona_ValenciaCF,2026-27,22,2027-01-31,2027-01-31T00:00:00+00:00,FC Barcelona,Valencia CF,,h2h,,,,,,,,,,,,,,,,,,unknown,,decimal,2026-09-22T10:25:41+00:00,none_available,,False,False,unavailable,2026-09-22,"The Odds API is configured and reachable, but has not yet posted this market for this fixture (bookmakers open different markets at different times before kickoff) -- genuinely unavailable, not a collector failure."
LALIGA2627_MW22_214_FCBarcelona_ValenciaCF,2026-27,22,2027-01-31,2027-01-31T00:00:00+00:00,FC Barcelona,Valencia CF,,spreads,,,,,,,,,,,,,,,,,,unknown,,decimal,2026-09-22T10:25:41+00:00,none_available,,False,False,unavailable,2026-09-22,"The Odds API is configured and reachable, but has not yet posted this market for this fixture (bookmakers open different markets at different times before kickoff) -- genuinely unavailable, not a collector failure."
LALIGA2627_MW22_214_FCBarcelona_ValenciaCF,2026-27,22,2027-01-31,2027-01-31T00:00:00+00:00,FC Barcelona,Valencia CF,,totals,,,,,,,,,,,,,,,,,,unknown,,decimal,2026-09-22T10:25:41+00:00,none_available,,False,False,unavailable,2026-09-22,"The Odds API is configured and reachable, but has not yet posted this market for this fixture (bookmakers open different markets at different times before kickoff) -- genuinely unavailable, not a collector failure."
LALIGA2627_MW22_215_LevanteUD_RealSociedad,2026-27,22,2027-01-31,2027-01-31T00:00:00+00:00,Levante UD,Real Sociedad,,h2h,,,,,,,,,,,,,,,,,,unknown,,decimal,2026-09-22T10:25:41+00:00,none_available,,False,False,unavailable,2026-09-22,"The Odds API is configured and reachable, but has not yet posted this market for this fixture (bookmakers open different markets at different times before kickoff) -- genuinely unavailable, not a collector failure."
LALIGA2627_MW22_215_LevanteUD_RealSociedad,2026-27,22,2027-01-31,2027-01-31T00:00:00+00:00,Levante UD,Real Sociedad,,spreads,,,,,,,,,,,,,,,,,,unknown,,decimal,2026-09-22T10:25:41+00:00,none_available,,False,False,unavailable,2026-09-22,"The Odds API is configured and reachable, but has not yet posted this market for this fixture (bookmakers open different markets at different times before kickoff) -- genuinely unavailable, not a collector failure."
LALIGA2627_MW22_215_LevanteUD_RealSociedad,2026-27,22,2027-01-31,2027-01-31T00:00:00+00:00,Levante UD,Real Sociedad,,totals,,,,,,,,,,,,,,,,,,unknown,,decimal,2026-09-22T10:25:41+00:00,none_available,,False,False,unavailable,2026-09-22,"The Odds API is configured and reachable, but has not yet posted this market for this fixture (bookmakers open different markets at different times before kickoff) -- genuinely unavailable, not a collector failure."
LALIGA2627_MW22_216_MálagaCF_DeportivoAlavés,2026-27,22,2027-01-31,2027-01-31T00:00:00+00:00,Málaga CF,Deportivo Alavés,,h2h,,,,,,,,,,,,,,,,,,unknown,,decimal,2026-09-22T10:25:41+00:00,none_available,,False,False,unavailable,2026-09-22,"The Odds API is configured and reachable, but has not yet posted this market for this fixture (bookmakers open different markets at different times before kickoff) -- genuinely unavailable, not a collector failure."
LALIGA2627_MW22_216_MálagaCF_DeportivoAlavés,2026-27,22,2027-01-31,2027-01-31T00:00:00+00:00,Málaga CF,Deportivo Alavés,,spreads,,,,,,,,,,,,,,,,,,unknown,,decimal,2026-09-22T10:25:41+00:00,none_available,,False,False,unavailable,2026-09-22,"The Odds API is configured and reachable, but has not yet posted this market for this fixture (bookmakers open different markets at different times before kickoff) -- genuinely unavailable, not a collector failure."
LALIGA2627_MW22_216_MálagaCF_DeportivoAlavés,2026-27,22,2027-01-31,2027-01-31T00:00:00+00:00,Málaga CF,Deportivo Alavés,,totals,,,,,,,,,,,,,,,,,,unknown,,decimal,2026-09-22T10:25:41+00:00,none_available,,False,False,unavailable,2026-09-22,"The Odds API is configured and reachable, but has not yet posted this market for this fixture (bookmakers open different markets at different times before kickoff) -- genuinely unavailable, not a collector failure."
LALIGA2627_MW22_217_CAOsasuna_RCDeportivo,2026-27,22,2027-01-31,2027-01-31T00:00:00+00:00,CA Osasuna,RC Deportivo,,h2h,,,,,,,,,,,,,,,,,,unknown,,decimal,2026-09-22T10:25:41+00:00,none_available,,False,False,unavailable,2026-09-22,"The Odds API is configured and reachable, but has not yet posted this market for this fixture (bookmakers open different markets at different times before kickoff) -- genuinely unavailable, not a collector failure."
LALIGA2627_MW22_217_CAOsasuna_RCDeportivo,2026-27,22,2027-01-31,2027-01-31T00:00:00+00:00,CA Osasuna,RC Deportivo,,spreads,,,,,,,,,,,,,,,,,,unknown,,decimal,2026-09-22T10:25:41+00:00,none_available,,False,False,unavailable,2026-09-22,"The Odds API is configured and reachable, but has not yet posted this market for this fixture (bookmakers open different markets at different times before kickoff) -- genuinely unavailable, not a collector failure."
LALIGA2627_MW22_217_CAOsasuna_RCDeportivo,2026-27,22,2027-01-31,2027-01-31T00:00:00+00:00,CA Osasuna,RC Deportivo,,totals,,,,,,,,,,,,,,,,,,unknown,,decimal,2026-09-22T10:25:41+00:00,none_available,,False,False,unavailable,2026-09-22,"The Odds API is configured and reachable, but has not yet posted this market for this fixture (bookmakers open different markets at different times before kickoff) -- genuinely unavailable, not a collector failure."
LALIGA2627_MW22_218_RayoVallecano_RealMadrid,2026-27,22,2027-01-31,2027-01-31T00:00:00+00:00,Rayo Vallecano,Real Madrid,,h2h,,,,,,,,,,,,,,,,,,unknown,,decimal,2026-09-22T10:25:41+00:00,none_available,,False,False,unavailable,2026-09-22,"The Odds API is configured and reachable, but has not yet posted this market for this fixture (bookmakers open different markets at different times before kickoff) -- genuinely unavailable, not a collector failure."
LALIGA2627_MW22_218_RayoVallecano_RealMadrid,2026-27,22,2027-01-31,2027-01-31T00:00:00+00:00,Rayo Vallecano,Real Madrid,,spreads,,,,,,,,,,,,,,,,,,unknown,,decimal,2026-09-22T10:25:41+00:00,none_available,,False,False,unavailable,2026-09-22,"The Odds API is configured and reachable, but has not yet posted this market for this fixture (bookmakers open different markets at different times before kickoff) -- genuinely unavailable, not a collector failure."
LALIGA2627_MW22_218_RayoVallecano_RealMadrid,2026-27,22,2027-01-31,2027-01-31T00:00:00+00:00,Rayo Vallecano,Real Madrid,,totals,,,,,,,,,,,,,,,,,,unknown,,decimal,2026-09-22T10:25:41+00:00,none_available,,False,False,unavailable,2026-09-22,"The Odds API is configured and reachable, but has not yet posted this market for this fixture (bookmakers open different markets at different times before kickoff) -- genuinely unavailable, not a collector failure."
LALIGA2627_MW22_219_SevillaFC_AthleticClub,2026-27,22,2027-01-31,2027-01-31T00:00:00+00:00,Sevilla FC,Athletic Club,,h2h,,,,,,,,,,,,,,,,,,unknown,,decimal,2026-09-22T10:25:41+00:00,none_available,,False,False,unavailable,2026-09-22,"The Odds API is configured and reachable, but has not yet posted this market for this fixture (bookmakers open different markets at different times before kickoff) -- genuinely unavailable, not a collector failure."
LALIGA2627_MW22_219_SevillaFC_AthleticClub,2026-27,22,2027-01-31,2027-01-31T00:00:00+00:00,Sevilla FC,Athletic Club,,spreads,,,,,,,,,,,,,,,,,,unknown,,decimal,2026-09-22T10:25:41+00:00,none_available,,False,False,unavailable,2026-09-22,"The Odds API is configured and reachable, but has not yet posted this market for this fixture (bookmakers open different markets at different times before kickoff) -- genuinely unavailable, not a collector failure."
LALIGA2627_MW22_219_SevillaFC_AthleticClub,2026-27,22,2027-01-31,2027-01-31T00:00:00+00:00,Sevilla FC,Athletic Club,,totals,,,,,,,,,,,,,,,,,,unknown,,decimal,2026-09-22T10:25:41+00:00,none_available,,False,False,unavailable,2026-09-22,"The Odds API is configured and reachable, but has not yet posted this market for this fixture (bookmakers open different markets at different times before kickoff) -- genuinely unavailable, not a collector failure."
LALIGA2627_MW22_220_VillarrealCF_R.RacingClub,2026-27,22,2027-01-31,2027-01-31T00:00:00+00:00,Villarreal CF,R. Racing Club,,h2h,,,,,,,,,,,,,,,,,,unknown,,decimal,2026-09-22T10:25:41+00:00,none_available,,False,False,unavailable,2026-09-22,"The Odds API is configured and reachable, but has not yet posted this market for this fixture (bookmakers open different markets at different times before kickoff) -- genuinely unavailable, not a collector failure."
LALIGA2627_MW22_220_VillarrealCF_R.RacingClub,2026-27,22,2027-01-31,2027-01-31T00:00:00+00:00,Villarreal CF,R. Racing Club,,spreads,,,,,,,,,,,,,,,,,,unknown,,decimal,2026-09-22T10:25:41+00:00,none_available,,False,False,unavailable,2026-09-22,"The Odds API is configured and reachable, but has not yet posted this market for this fixture (bookmakers open different markets at different times before kickoff) -- genuinely unavailable, not a collector failure."
LALIGA2627_MW22_220_VillarrealCF_R.RacingClub,2026-27,22,2027-01-31,2027-01-31T00:00:00+00:00,Villarreal CF,R. Racing Club,,totals,,,,,,,,,,,,,,,,,,unknown,,decimal,2026-09-22T10:25:41+00:00,none_available,,False,False,unavailable,2026-09-22,"The Odds API is configured and reachable, but has not yet posted this market for this fixture (bookmakers open different markets at different times before kickoff) -- genuinely unavailable, not a collector failure."
LALIGA2627_MW23_221_DeportivoAlavés_CeltaVigo,2026-27,23,2027-02-07,2027-02-07T00:00:00+00:00,Deportivo Alavés,Celta Vigo,,h2h,,,,,,,,,,,,,,,,,,unknown,,decimal,2026-09-22T10:25:41+00:00,none_available,,False,False,unavailable,2026-09-22,"The Odds API is configured and reachable, but has not yet posted this market for this fixture (bookmakers open different markets at different times before kickoff) -- genuinely unavailable, not a collector failure."
LALIGA2627_MW23_221_DeportivoAlavés_CeltaVigo,2026-27,23,2027-02-07,2027-02-07T00:00:00+00:00,Deportivo Alavés,Celta Vigo,,spreads,,,,,,,,,,,,,,,,,,unknown,,decimal,2026-09-22T10:25:41+00:00,none_available,,False,False,unavailable,2026-09-22,"The Odds API is configured and reachable, but has not yet posted this market for this fixture (bookmakers open different markets at different times before kickoff) -- genuinely unavailable, not a collector failure."
LALIGA2627_MW23_221_DeportivoAlavés_CeltaVigo,2026-27,23,2027-02-07,2027-02-07T00:00:00+00:00,Deportivo Alavés,Celta Vigo,,totals,,,,,,,,,,,,,,,,,,unknown,,decimal,2026-09-22T10:25:41+00:00,none_available,,False,False,unavailable,2026-09-22,"The Odds API is configured and reachable, but has not yet posted this market for this fixture (bookmakers open different markets at different times before kickoff) -- genuinely unavailable, not a collector failure."
LALIGA2627_MW23_222_AthleticClub_CAOsasuna,2026-27,23,2027-02-07,2027-02-07T00:00:00+00:00,Athletic Club,CA Osasuna,,h2h,,,,,,,,,,,,,,,,,,unknown,,decimal,2026-09-22T10:25:41+00:00,none_available,,False,False,unavailable,2026-09-22,"The Odds API is configured and reachable, but has not yet posted this market for this fixture (bookmakers open different markets at different times before kickoff) -- genuinely unavailable, not a collector failure."
LALIGA2627_MW23_222_AthleticClub_CAOsasuna,2026-27,23,2027-02-07,2027-02-07T00:00:00+00:00,Athletic Club,CA Osasuna,,spreads,,,,,,,,,,,,,,,,,,unknown,,decimal,2026-09-22T10:25:41+00:00,none_available,,False,False,unavailable,2026-09-22,"The Odds API is configured and reachable, but has not yet posted this market for this fixture (bookmakers open different markets at different times before kickoff) -- genuinely unavailable, not a collector failure."
LALIGA2627_MW23_222_AthleticClub_CAOsasuna,2026-27,23,2027-02-07,2027-02-07T00:00:00+00:00,Athletic Club,CA Osasuna,,totals,,,,,,,,,,,,,,,,,,unknown,,decimal,2026-09-22T10:25:41+00:00,none_available,,False,False,unavailable,2026-09-22,"The Odds API is configured and reachable, but has not yet posted this market for this fixture (bookmakers open different markets at different times before kickoff) -- genuinely unavailable, not a collector failure."
LALIGA2627_MW23_223_RealBetis_SevillaFC,2026-27,23,2027-02-07,2027-02-07T00:00:00+00:00,Real Betis,Sevilla FC,,h2h,,,,,,,,,,,,,,,,,,unknown,,decimal,2026-09-22T10:25:41+00:00,none_available,,False,False,unavailable,2026-09-22,"The Odds API is configured and reachable, but has not yet posted this market for this fixture (bookmakers open different markets at different times before kickoff) -- genuinely unavailable, not a collector failure."
LALIGA2627_MW23_223_RealBetis_SevillaFC,2026-27,23,2027-02-07,2027-02-07T00:00:00+00:00,Real Betis,Sevilla FC,,spreads,,,,,,,,,,,,,,,,,,unknown,,decimal,2026-09-22T10:25:41+00:00,none_available,,False,False,unavailable,2026-09-22,"The Odds API is configured and reachable, but has not yet posted this market for this fixture (bookmakers open different markets at different times before kickoff) -- genuinely unavailable, not a collector failure."
LALIGA2627_MW23_223_RealBetis_SevillaFC,2026-27,23,2027-02-07,2027-02-07T00:00:00+00:00,Real Betis,Sevilla FC,,totals,,,,,,,,,,,,,,,,,,unknown,,decimal,2026-09-22T10:25:41+00:00,none_available,,False,False,unavailable,2026-09-22,"The Odds API is configured and reachable, but has not yet posted this market for this fixture (bookmakers open different markets at different times before kickoff) -- genuinely unavailable, not a collector failure."
LALIGA2627_MW23_224_RCDeportivo_MálagaCF,2026-27,23,2027-02-07,2027-02-07T00:00:00+00:00,RC Deportivo,Málaga CF,,h2h,,,,,,,,,,,,,,,,,,unknown,,decimal,2026-09-22T10:25:41+00:00,none_available,,False,False,unavailable,2026-09-22,"The Odds API is configured and reachable, but has not yet posted this market for this fixture (bookmakers open different markets at different times before kickoff) -- genuinely unavailable, not a collector failure."
LALIGA2627_MW23_224_RCDeportivo_MálagaCF,2026-27,23,2027-02-07,2027-02-07T00:00:00+00:00,RC Deportivo,Málaga CF,,spreads,,,,,,,,,,,,,,,,,,unknown,,decimal,2026-09-22T10:25:41+00:00,none_available,,False,False,unavailable,2026-09-22,"The Odds API is configured and reachable, but has not yet posted this market for this fixture (bookmakers open different markets at different times before kickoff) -- genuinely unavailable, not a collector failure."
LALIGA2627_MW23_224_RCDeportivo_MálagaCF,2026-27,23,2027-02-07,2027-02-07T00:00:00+00:00,RC Deportivo,Málaga CF,,totals,,,,,,,,,,,,,,,,,,unknown,,decimal,2026-09-22T10:25:41+00:00,none_available,,False,False,unavailable,2026-09-22,"The Odds API is configured and reachable, but has not yet posted this market for this fixture (bookmakers open different markets at different times before kickoff) -- genuinely unavailable, not a collector failure."
LALIGA2627_MW23_225_ElcheCF_LevanteUD,2026-27,23,2027-02-07,2027-02-07T00:00:00+00:00,Elche CF,Levante UD,,h2h,,,,,,,,,,,,,,,,,,unknown,,decimal,2026-09-22T10:25:41+00:00,none_available,,False,False,unavailable,2026-09-22,"The Odds API is configured and reachable, but has not yet posted this market for this fixture (bookmakers open different markets at different times before kickoff) -- genuinely unavailable, not a collector failure."
LALIGA2627_MW23_225_ElcheCF_LevanteUD,2026-27,23,2027-02-07,2027-02-07T00:00:00+00:00,Elche CF,Levante UD,,spreads,,,,,,,,,,,,,,,,,,unknown,,decimal,2026-09-22T10:25:41+00:00,none_available,,False,False,unavailable,2026-09-22,"The Odds API is configured and reachable, but has not yet posted this market for this fixture (bookmakers open different markets at different times before kickoff) -- genuinely unavailable, not a collector failure."
LALIGA2627_MW23_225_ElcheCF_LevanteUD,2026-27,23,2027-02-07,2027-02-07T00:00:00+00:00,Elche CF,Levante UD,,totals,,,,,,,,,,,,,,,,,,unknown,,decimal,2026-09-22T10:25:41+00:00,none_available,,False,False,unavailable,2026-09-22,"The Odds API is configured and reachable, but has not yet posted this market for this fixture (bookmakers open different markets at different times before kickoff) -- genuinely unavailable, not a collector failure."
LALIGA2627_MW23_226_RCDEspanyoldeBarcelona_RayoVallecano,2026-27,23,2027-02-07,2027-02-07T00:00:00+00:00,RCD Espanyol de Barcelona,Rayo Vallecano,,h2h,,,,,,,,,,,,,,,,,,unknown,,decimal,2026-09-22T10:25:41+00:00,none_available,,False,False,unavailable,2026-09-22,"The Odds API is configured and reachable, but has not yet posted this market for this fixture (bookmakers open different markets at different times before kickoff) -- genuinely unavailable, not a collector failure."
LALIGA2627_MW23_226_RCDEspanyoldeBarcelona_RayoVallecano,2026-27,23,2027-02-07,2027-02-07T00:00:00+00:00,RCD Espanyol de Barcelona,Rayo Vallecano,,spreads,,,,,,,,,,,,,,,,,,unknown,,decimal,2026-09-22T10:25:41+00:00,none_available,,False,False,unavailable,2026-09-22,"The Odds API is configured and reachable, but has not yet posted this market for this fixture (bookmakers open different markets at different times before kickoff) -- genuinely unavailable, not a collector failure."
LALIGA2627_MW23_226_RCDEspanyoldeBarcelona_RayoVallecano,2026-27,23,2027-02-07,2027-02-07T00:00:00+00:00,RCD Espanyol de Barcelona,Rayo Vallecano,,totals,,,,,,,,,,,,,,,,,,unknown,,decimal,2026-09-22T10:25:41+00:00,none_available,,False,False,unavailable,2026-09-22,"The Odds API is configured and reachable, but has not yet posted this market for this fixture (bookmakers open different markets at different times before kickoff) -- genuinely unavailable, not a collector failure."
LALIGA2627_MW23_227_FCBarcelona_AtléticodeMadrid,2026-27,23,2027-02-07,2027-02-07T00:00:00+00:00,FC Barcelona,Atlético de Madrid,,h2h,,,,,,,,,,,,,,,,,,unknown,,decimal,2026-09-22T10:25:41+00:00,none_available,,False,False,unavailable,2026-09-22,"The Odds API is configured and reachable, but has not yet posted this market for this fixture (bookmakers open different markets at different times before kickoff) -- genuinely unavailable, not a collector failure."
LALIGA2627_MW23_227_FCBarcelona_AtléticodeMadrid,2026-27,23,2027-02-07,2027-02-07T00:00:00+00:00,FC Barcelona,Atlético de Madrid,,spreads,,,,,,,,,,,,,,,,,,unknown,,decimal,2026-09-22T10:25:41+00:00,none_available,,False,False,unavailable,2026-09-22,"The Odds API is configured and reachable, but has not yet posted this market for this fixture (bookmakers open different markets at different times before kickoff) -- genuinely unavailable, not a collector failure."
LALIGA2627_MW23_227_FCBarcelona_AtléticodeMadrid,2026-27,23,2027-02-07,2027-02-07T00:00:00+00:00,FC Barcelona,Atlético de Madrid,,totals,,,,,,,,,,,,,,,,,,unknown,,decimal,2026-09-22T10:25:41+00:00,none_available,,False,False,unavailable,2026-09-22,"The Odds API is configured and reachable, but has not yet posted this market for this fixture (bookmakers open different markets at different times before kickoff) -- genuinely unavailable, not a collector failure."
LALIGA2627_MW23_228_GetafeCF_VillarrealCF,2026-27,23,2027-02-07,2027-02-07T00:00:00+00:00,Getafe CF,Villarreal CF,,h2h,,,,,,,,,,,,,,,,,,unknown,,decimal,2026-09-22T10:25:41+00:00,none_available,,False,False,unavailable,2026-09-22,"The Odds API is configured and reachable, but has not yet posted this market for this fixture (bookmakers open different markets at different times before kickoff) -- genuinely unavailable, not a collector failure."
LALIGA2627_MW23_228_GetafeCF_VillarrealCF,2026-27,23,2027-02-07,2027-02-07T00:00:00+00:00,Getafe CF,Villarreal CF,,spreads,,,,,,,,,,,,,,,,,,unknown,,decimal,2026-09-22T10:25:41+00:00,none_available,,False,False,unavailable,2026-09-22,"The Odds API is configured and reachable, but has not yet posted this market for this fixture (bookmakers open different markets at different times before kickoff) -- genuinely unavailable, not a collector failure."
LALIGA2627_MW23_228_GetafeCF_VillarrealCF,2026-27,23,2027-02-07,2027-02-07T00:00:00+00:00,Getafe CF,Villarreal CF,,totals,,,,,,,,,,,,,,,,,,unknown,,decimal,2026-09-22T10:25:41+00:00,none_available,,False,False,unavailable,2026-09-22,"The Odds API is configured and reachable, but has not yet posted this market for this fixture (bookmakers open different markets at different times before kickoff) -- genuinely unavailable, not a collector failure."
LALIGA2627_MW23_229_RealSociedad_RealMadrid,2026-27,23,2027-02-07,2027-02-07T00:00:00+00:00,Real Sociedad,Real Madrid,,h2h,,,,,,,,,,,,,,,,,,unknown,,decimal,2026-09-22T10:25:41+00:00,none_available,,False,False,unavailable,2026-09-22,"The Odds API is configured and reachable, but has not yet posted this market for this fixture (bookmakers open different markets at different times before kickoff) -- genuinely unavailable, not a collector failure."
LALIGA2627_MW23_229_RealSociedad_RealMadrid,2026-27,23,2027-02-07,2027-02-07T00:00:00+00:00,Real Sociedad,Real Madrid,,spreads,,,,,,,,,,,,,,,,,,unknown,,decimal,2026-09-22T10:25:41+00:00,none_available,,False,False,unavailable,2026-09-22,"The Odds API is configured and reachable, but has not yet posted this market for this fixture (bookmakers open different markets at different times before kickoff) -- genuinely unavailable, not a collector failure."
LALIGA2627_MW23_229_RealSociedad_RealMadrid,2026-27,23,2027-02-07,2027-02-07T00:00:00+00:00,Real Sociedad,Real Madrid,,totals,,,,,,,,,,,,,,,,,,unknown,,decimal,2026-09-22T10:25:41+00:00,none_available,,False,False,unavailable,2026-09-22,"The Odds API is configured and reachable, but has not yet posted this market for this fixture (bookmakers open different markets at different times before kickoff) -- genuinely unavailable, not a collector failure."
LALIGA2627_MW23_230_ValenciaCF_R.RacingClub,2026-27,23,2027-02-07,2027-02-07T00:00:00+00:00,Valencia CF,R. Racing Club,,h2h,,,,,,,,,,,,,,,,,,unknown,,decimal,2026-09-22T10:25:41+00:00,none_available,,False,False,unavailable,2026-09-22,"The Odds API is configured and reachable, but has not yet posted this market for this fixture (bookmakers open different markets at different times before kickoff) -- genuinely unavailable, not a collector failure."
LALIGA2627_MW23_230_ValenciaCF_R.RacingClub,2026-27,23,2027-02-07,2027-02-07T00:00:00+00:00,Valencia CF,R. Racing Club,,spreads,,,,,,,,,,,,,,,,,,unknown,,decimal,2026-09-22T10:25:41+00:00,none_available,,False,False,unavailable,2026-09-22,"The Odds API is configured and reachable, but has not yet posted this market for this fixture (bookmakers open different markets at different times before kickoff) -- genuinely unavailable, not a collector failure."
LALIGA2627_MW23_230_ValenciaCF_R.RacingClub,2026-27,23,2027-02-07,2027-02-07T00:00:00+00:00,Valencia CF,R. Racing Club,,totals,,,,,,,,,,,,,,,,,,unknown,,decimal,2026-09-22T10:25:41+00:00,none_available,,False,False,unavailable,2026-09-22,"The Odds API is configured and reachable, but has not yet posted this market for this fixture (bookmakers open different markets at different times before kickoff) -- genuinely unavailable, not a collector failure."
LALIGA2627_MW24_231_CeltaVigo_RayoVallecano,2026-27,24,2027-02-14,2027-02-14T00:00:00+00:00,Celta Vigo,Rayo Vallecano,,h2h,,,,,,,,,,,,,,,,,,unknown,,decimal,2026-09-22T10:25:41+00:00,none_available,,False,False,unavailable,2026-09-22,"The Odds API is configured and reachable, but has not yet posted this market for this fixture (bookmakers open different markets at different times before kickoff) -- genuinely unavailable, not a collector failure."
LALIGA2627_MW24_231_CeltaVigo_RayoVallecano,2026-27,24,2027-02-14,2027-02-14T00:00:00+00:00,Celta Vigo,Rayo Vallecano,,spreads,,,,,,,,,,,,,,,,,,unknown,,decimal,2026-09-22T10:25:41+00:00,none_available,,False,False,unavailable,2026-09-22,"The Odds API is configured and reachable, but has not yet posted this market for this fixture (bookmakers open different markets at different times before kickoff) -- genuinely unavailable, not a collector failure."
LALIGA2627_MW24_231_CeltaVigo_RayoVallecano,2026-27,24,2027-02-14,2027-02-14T00:00:00+00:00,Celta Vigo,Rayo Vallecano,,totals,,,,,,,,,,,,,,,,,,unknown,,decimal,2026-09-22T10:25:41+00:00,none_available,,False,False,unavailable,2026-09-22,"The Odds API is configured and reachable, but has not yet posted this market for this fixture (bookmakers open different markets at different times before kickoff) -- genuinely unavailable, not a collector failure."
LALIGA2627_MW24_232_ElcheCF_RCDeportivo,2026-27,24,2027-02-14,2027-02-14T00:00:00+00:00,Elche CF,RC Deportivo,,h2h,,,,,,,,,,,,,,,,,,unknown,,decimal,2026-09-22T10:25:41+00:00,none_available,,False,False,unavailable,2026-09-22,"The Odds API is configured and reachable, but has not yet posted this market for this fixture (bookmakers open different markets at different times before kickoff) -- genuinely unavailable, not a collector failure."
LALIGA2627_MW24_232_ElcheCF_RCDeportivo,2026-27,24,2027-02-14,2027-02-14T00:00:00+00:00,Elche CF,RC Deportivo,,spreads,,,,,,,,,,,,,,,,,,unknown,,decimal,2026-09-22T10:25:41+00:00,none_available,,False,False,unavailable,2026-09-22,"The Odds API is configured and reachable, but has not yet posted this market for this fixture (bookmakers open different markets at different times before kickoff) -- genuinely unavailable, not a collector failure."
LALIGA2627_MW24_232_ElcheCF_RCDeportivo,2026-27,24,2027-02-14,2027-02-14T00:00:00+00:00,Elche CF,RC Deportivo,,totals,,,,,,,,,,,,,,,,,,unknown,,decimal,2026-09-22T10:25:41+00:00,none_available,,False,False,unavailable,2026-09-22,"The Odds API is configured and reachable, but has not yet posted this market for this fixture (bookmakers open different markets at different times before kickoff) -- genuinely unavailable, not a collector failure."
LALIGA2627_MW24_233_LevanteUD_MálagaCF,2026-27,24,2027-02-14,2027-02-14T00:00:00+00:00,Levante UD,Málaga CF,,h2h,,,,,,,,,,,,,,,,,,unknown,,decimal,2026-09-22T10:25:41+00:00,none_available,,False,False,unavailable,2026-09-22,"The Odds API is configured and reachable, but has not yet posted this market for this fixture (bookmakers open different markets at different times before kickoff) -- genuinely unavailable, not a collector failure."
LALIGA2627_MW24_233_LevanteUD_MálagaCF,2026-27,24,2027-02-14,2027-02-14T00:00:00+00:00,Levante UD,Málaga CF,,spreads,,,,,,,,,,,,,,,,,,unknown,,decimal,2026-09-22T10:25:41+00:00,none_available,,False,False,unavailable,2026-09-22,"The Odds API is configured and reachable, but has not yet posted this market for this fixture (bookmakers open different markets at different times before kickoff) -- genuinely unavailable, not a collector failure."
LALIGA2627_MW24_233_LevanteUD_MálagaCF,2026-27,24,2027-02-14,2027-02-14T00:00:00+00:00,Levante UD,Málaga CF,,totals,,,,,,,,,,,,,,,,,,unknown,,decimal,2026-09-22T10:25:41+00:00,none_available,,False,False,unavailable,2026-09-22,"The Odds API is configured and reachable, but has not yet posted this market for this fixture (bookmakers open different markets at different times before kickoff) -- genuinely unavailable, not a collector failure."
LALIGA2627_MW24_234_CAOsasuna_AtléticodeMadrid,2026-27,24,2027-02-14,2027-02-14T00:00:00+00:00,CA Osasuna,Atlético de Madrid,,h2h,,,,,,,,,,,,,,,,,,unknown,,decimal,2026-09-22T10:25:41+00:00,none_available,,False,False,unavailable,2026-09-22,"The Odds API is configured and reachable, but has not yet posted this market for this fixture (bookmakers open different markets at different times before kickoff) -- genuinely unavailable, not a collector failure."
LALIGA2627_MW24_234_CAOsasuna_AtléticodeMadrid,2026-27,24,2027-02-14,2027-02-14T00:00:00+00:00,CA Osasuna,Atlético de Madrid,,spreads,,,,,,,,,,,,,,,,,,unknown,,decimal,2026-09-22T10:25:41+00:00,none_available,,False,False,unavailable,2026-09-22,"The Odds API is configured and reachable, but has not yet posted this market for this fixture (bookmakers open different markets at different times before kickoff) -- genuinely unavailable, not a collector failure."
LALIGA2627_MW24_234_CAOsasuna_AtléticodeMadrid,2026-27,24,2027-02-14,2027-02-14T00:00:00+00:00,CA Osasuna,Atlético de Madrid,,totals,,,,,,,,,,,,,,,,,,unknown,,decimal,2026-09-22T10:25:41+00:00,none_available,,False,False,unavailable,2026-09-22,"The Odds API is configured and reachable, but has not yet posted this market for this fixture (bookmakers open different markets at different times before kickoff) -- genuinely unavailable, not a collector failure."
LALIGA2627_MW24_235_R.RacingClub_GetafeCF,2026-27,24,2027-02-14,2027-02-14T00:00:00+00:00,R. Racing Club,Getafe CF,,h2h,,,,,,,,,,,,,,,,,,unknown,,decimal,2026-09-22T10:25:41+00:00,none_available,,False,False,unavailable,2026-09-22,"The Odds API is configured and reachable, but has not yet posted this market for this fixture (bookmakers open different markets at different times before kickoff) -- genuinely unavailable, not a collector failure."
LALIGA2627_MW24_235_R.RacingClub_GetafeCF,2026-27,24,2027-02-14,2027-02-14T00:00:00+00:00,R. Racing Club,Getafe CF,,spreads,,,,,,,,,,,,,,,,,,unknown,,decimal,2026-09-22T10:25:41+00:00,none_available,,False,False,unavailable,2026-09-22,"The Odds API is configured and reachable, but has not yet posted this market for this fixture (bookmakers open different markets at different times before kickoff) -- genuinely unavailable, not a collector failure."
LALIGA2627_MW24_235_R.RacingClub_GetafeCF,2026-27,24,2027-02-14,2027-02-14T00:00:00+00:00,R. Racing Club,Getafe CF,,totals,,,,,,,,,,,,,,,,,,unknown,,decimal,2026-09-22T10:25:41+00:00,none_available,,False,False,unavailable,2026-09-22,"The Odds API is configured and reachable, but has not yet posted this market for this fixture (bookmakers open different markets at different times before kickoff) -- genuinely unavailable, not a collector failure."
LALIGA2627_MW24_236_RealMadrid_AthleticClub,2026-27,24,2027-02-14,2027-02-14T00:00:00+00:00,Real Madrid,Athletic Club,,h2h,,,,,,,,,,,,,,,,,,unknown,,decimal,2026-09-22T10:25:41+00:00,none_available,,False,False,unavailable,2026-09-22,"The Odds API is configured and reachable, but has not yet posted this market for this fixture (bookmakers open different markets at different times before kickoff) -- genuinely unavailable, not a collector failure."
LALIGA2627_MW24_236_RealMadrid_AthleticClub,2026-27,24,2027-02-14,2027-02-14T00:00:00+00:00,Real Madrid,Athletic Club,,spreads,,,,,,,,,,,,,,,,,,unknown,,decimal,2026-09-22T10:25:41+00:00,none_available,,False,False,unavailable,2026-09-22,"The Odds API is configured and reachable, but has not yet posted this market for this fixture (bookmakers open different markets at different times before kickoff) -- genuinely unavailable, not a collector failure."
LALIGA2627_MW24_236_RealMadrid_AthleticClub,2026-27,24,2027-02-14,2027-02-14T00:00:00+00:00,Real Madrid,Athletic Club,,totals,,,,,,,,,,,,,,,,,,unknown,,decimal,2026-09-22T10:25:41+00:00,none_available,,False,False,unavailable,2026-09-22,"The Odds API is configured and reachable, but has not yet posted this market for this fixture (bookmakers open different markets at different times before kickoff) -- genuinely unavailable, not a collector failure."
LALIGA2627_MW24_237_RealSociedad_RealBetis,2026-27,24,2027-02-14,2027-02-14T00:00:00+00:00,Real Sociedad,Real Betis,,h2h,,,,,,,,,,,,,,,,,,unknown,,decimal,2026-09-22T10:25:41+00:00,none_available,,False,False,unavailable,2026-09-22,"The Odds API is configured and reachable, but has not yet posted this market for this fixture (bookmakers open different markets at different times before kickoff) -- genuinely unavailable, not a collector failure."
LALIGA2627_MW24_237_RealSociedad_RealBetis,2026-27,24,2027-02-14,2027-02-14T00:00:00+00:00,Real Sociedad,Real Betis,,spreads,,,,,,,,,,,,,,,,,,unknown,,decimal,2026-09-22T10:25:41+00:00,none_available,,False,False,unavailable,2026-09-22,"The Odds API is configured and reachable, but has not yet posted this market for this fixture (bookmakers open different markets at different times before kickoff) -- genuinely unavailable, not a collector failure."
LALIGA2627_MW24_237_RealSociedad_RealBetis,2026-27,24,2027-02-14,2027-02-14T00:00:00+00:00,Real Sociedad,Real Betis,,totals,,,,,,,,,,,,,,,,,,unknown,,decimal,2026-09-22T10:25:41+00:00,none_available,,False,False,unavailable,2026-09-22,"The Odds API is configured and reachable, but has not yet posted this market for this fixture (bookmakers open different markets at different times before kickoff) -- genuinely unavailable, not a collector failure."
LALIGA2627_MW24_238_SevillaFC_RCDEspanyoldeBarcelona,2026-27,24,2027-02-14,2027-02-14T00:00:00+00:00,Sevilla FC,RCD Espanyol de Barcelona,,h2h,,,,,,,,,,,,,,,,,,unknown,,decimal,2026-09-22T10:25:41+00:00,none_available,,False,False,unavailable,2026-09-22,"The Odds API is configured and reachable, but has not yet posted this market for this fixture (bookmakers open different markets at different times before kickoff) -- genuinely unavailable, not a collector failure."
LALIGA2627_MW24_238_SevillaFC_RCDEspanyoldeBarcelona,2026-27,24,2027-02-14,2027-02-14T00:00:00+00:00,Sevilla FC,RCD Espanyol de Barcelona,,spreads,,,,,,,,,,,,,,,,,,unknown,,decimal,2026-09-22T10:25:41+00:00,none_available,,False,False,unavailable,2026-09-22,"The Odds API is configured and reachable, but has not yet posted this market for this fixture (bookmakers open different markets at different times before kickoff) -- genuinely unavailable, not a collector failure."
LALIGA2627_MW24_238_SevillaFC_RCDEspanyoldeBarcelona,2026-27,24,2027-02-14,2027-02-14T00:00:00+00:00,Sevilla FC,RCD Espanyol de Barcelona,,totals,,,,,,,,,,,,,,,,,,unknown,,decimal,2026-09-22T10:25:41+00:00,none_available,,False,False,unavailable,2026-09-22,"The Odds API is configured and reachable, but has not yet posted this market for this fixture (bookmakers open different markets at different times before kickoff) -- genuinely unavailable, not a collector failure."
LALIGA2627_MW24_239_ValenciaCF_DeportivoAlavés,2026-27,24,2027-02-14,2027-02-14T00:00:00+00:00,Valencia CF,Deportivo Alavés,,h2h,,,,,,,,,,,,,,,,,,unknown,,decimal,2026-09-22T10:25:41+00:00,none_available,,False,False,unavailable,2026-09-22,"The Odds API is configured and reachable, but has not yet posted this market for this fixture (bookmakers open different markets at different times before kickoff) -- genuinely unavailable, not a collector failure."
LALIGA2627_MW24_239_ValenciaCF_DeportivoAlavés,2026-27,24,2027-02-14,2027-02-14T00:00:00+00:00,Valencia CF,Deportivo Alavés,,spreads,,,,,,,,,,,,,,,,,,unknown,,decimal,2026-09-22T10:25:41+00:00,none_available,,False,False,unavailable,2026-09-22,"The Odds API is configured and reachable, but has not yet posted this market for this fixture (bookmakers open different markets at different times before kickoff) -- genuinely unavailable, not a collector failure."
LALIGA2627_MW24_239_ValenciaCF_DeportivoAlavés,2026-27,24,2027-02-14,2027-02-14T00:00:00+00:00,Valencia CF,Deportivo Alavés,,totals,,,,,,,,,,,,,,,,,,unknown,,decimal,2026-09-22T10:25:41+00:00,none_available,,False,False,unavailable,2026-09-22,"The Odds API is configured and reachable, but has not yet posted this market for this fixture (bookmakers open different markets at different times before kickoff) -- genuinely unavailable, not a collector failure."
LALIGA2627_MW24_240_VillarrealCF_FCBarcelona,2026-27,24,2027-02-14,2027-02-14T00:00:00+00:00,Villarreal CF,FC Barcelona,,h2h,,,,,,,,,,,,,,,,,,unknown,,decimal,2026-09-22T10:25:41+00:00,none_available,,False,False,unavailable,2026-09-22,"The Odds API is configured and reachable, but has not yet posted this market for this fixture (bookmakers open different markets at different times before kickoff) -- genuinely unavailable, not a collector failure."
LALIGA2627_MW24_240_VillarrealCF_FCBarcelona,2026-27,24,2027-02-14,2027-02-14T00:00:00+00:00,Villarreal CF,FC Barcelona,,spreads,,,,,,,,,,,,,,,,,,unknown,,decimal,2026-09-22T10:25:41+00:00,none_available,,False,False,unavailable,2026-09-22,"The Odds API is configured and reachable, but has not yet posted this market for this fixture (bookmakers open different markets at different times before kickoff) -- genuinely unavailable, not a collector failure."
LALIGA2627_MW24_240_VillarrealCF_FCBarcelona,2026-27,24,2027-02-14,2027-02-14T00:00:00+00:00,Villarreal CF,FC Barcelona,,totals,,,,,,,,,,,,,,,,,,unknown,,decimal,2026-09-22T10:25:41+00:00,none_available,,False,False,unavailable,2026-09-22,"The Odds API is configured and reachable, but has not yet posted this market for this fixture (bookmakers open different markets at different times before kickoff) -- genuinely unavailable, not a collector failure."
LALIGA2627_MW25_241_DeportivoAlavés_R.RacingClub,2026-27,25,2027-02-21,2027-02-21T00:00:00+00:00,Deportivo Alavés,R. Racing Club,,h2h,,,,,,,,,,,,,,,,,,unknown,,decimal,2026-09-22T10:25:41+00:00,none_available,,False,False,unavailable,2026-09-22,"The Odds API is configured and reachable, but has not yet posted this market for this fixture (bookmakers open different markets at different times before kickoff) -- genuinely unavailable, not a collector failure."
LALIGA2627_MW25_241_DeportivoAlavés_R.RacingClub,2026-27,25,2027-02-21,2027-02-21T00:00:00+00:00,Deportivo Alavés,R. Racing Club,,spreads,,,,,,,,,,,,,,,,,,unknown,,decimal,2026-09-22T10:25:41+00:00,none_available,,False,False,unavailable,2026-09-22,"The Odds API is configured and reachable, but has not yet posted this market for this fixture (bookmakers open different markets at different times before kickoff) -- genuinely unavailable, not a collector failure."
LALIGA2627_MW25_241_DeportivoAlavés_R.RacingClub,2026-27,25,2027-02-21,2027-02-21T00:00:00+00:00,Deportivo Alavés,R. Racing Club,,totals,,,,,,,,,,,,,,,,,,unknown,,decimal,2026-09-22T10:25:41+00:00,none_available,,False,False,unavailable,2026-09-22,"The Odds API is configured and reachable, but has not yet posted this market for this fixture (bookmakers open different markets at different times before kickoff) -- genuinely unavailable, not a collector failure."
LALIGA2627_MW25_242_AthleticClub_CeltaVigo,2026-27,25,2027-02-21,2027-02-21T00:00:00+00:00,Athletic Club,Celta Vigo,,h2h,,,,,,,,,,,,,,,,,,unknown,,decimal,2026-09-22T10:25:41+00:00,none_available,,False,False,unavailable,2026-09-22,"The Odds API is configured and reachable, but has not yet posted this market for this fixture (bookmakers open different markets at different times before kickoff) -- genuinely unavailable, not a collector failure."
LALIGA2627_MW25_242_AthleticClub_CeltaVigo,2026-27,25,2027-02-21,2027-02-21T00:00:00+00:00,Athletic Club,Celta Vigo,,spreads,,,,,,,,,,,,,,,,,,unknown,,decimal,2026-09-22T10:25:41+00:00,none_available,,False,False,unavailable,2026-09-22,"The Odds API is configured and reachable, but has not yet posted this market for this fixture (bookmakers open different markets at different times before kickoff) -- genuinely unavailable, not a collector failure."
LALIGA2627_MW25_242_AthleticClub_CeltaVigo,2026-27,25,2027-02-21,2027-02-21T00:00:00+00:00,Athletic Club,Celta Vigo,,totals,,,,,,,,,,,,,,,,,,unknown,,decimal,2026-09-22T10:25:41+00:00,none_available,,False,False,unavailable,2026-09-22,"The Odds API is configured and reachable, but has not yet posted this market for this fixture (bookmakers open different markets at different times before kickoff) -- genuinely unavailable, not a collector failure."
LALIGA2627_MW25_243_AtléticodeMadrid_ElcheCF,2026-27,25,2027-02-21,2027-02-21T00:00:00+00:00,Atlético de Madrid,Elche CF,,h2h,,,,,,,,,,,,,,,,,,unknown,,decimal,2026-09-22T10:25:41+00:00,none_available,,False,False,unavailable,2026-09-22,"The Odds API is configured and reachable, but has not yet posted this market for this fixture (bookmakers open different markets at different times before kickoff) -- genuinely unavailable, not a collector failure."
LALIGA2627_MW25_243_AtléticodeMadrid_ElcheCF,2026-27,25,2027-02-21,2027-02-21T00:00:00+00:00,Atlético de Madrid,Elche CF,,spreads,,,,,,,,,,,,,,,,,,unknown,,decimal,2026-09-22T10:25:41+00:00,none_available,,False,False,unavailable,2026-09-22,"The Odds API is configured and reachable, but has not yet posted this market for this fixture (bookmakers open different markets at different times before kickoff) -- genuinely unavailable, not a collector failure."
LALIGA2627_MW25_243_AtléticodeMadrid_ElcheCF,2026-27,25,2027-02-21,2027-02-21T00:00:00+00:00,Atlético de Madrid,Elche CF,,totals,,,,,,,,,,,,,,,,,,unknown,,decimal,2026-09-22T10:25:41+00:00,none_available,,False,False,unavailable,2026-09-22,"The Odds API is configured and reachable, but has not yet posted this market for this fixture (bookmakers open different markets at different times before kickoff) -- genuinely unavailable, not a collector failure."
LALIGA2627_MW25_244_RCDeportivo_RealSociedad,2026-27,25,2027-02-21,2027-02-21T00:00:00+00:00,RC Deportivo,Real Sociedad,,h2h,,,,,,,,,,,,,,,,,,unknown,,decimal,2026-09-22T10:25:41+00:00,none_available,,False,False,unavailable,2026-09-22,"The Odds API is configured and reachable, but has not yet posted this market for this fixture (bookmakers open different markets at different times before kickoff) -- genuinely unavailable, not a collector failure."
LALIGA2627_MW25_244_RCDeportivo_RealSociedad,2026-27,25,2027-02-21,2027-02-21T00:00:00+00:00,RC Deportivo,Real Sociedad,,spreads,,,,,,,,,,,,,,,,,,unknown,,decimal,2026-09-22T10:25:41+00:00,none_available,,False,False,unavailable,2026-09-22,"The Odds API is configured and reachable, but has not yet posted this market for this fixture (bookmakers open different markets at different times before kickoff) -- genuinely unavailable, not a collector failure."
LALIGA2627_MW25_244_RCDeportivo_RealSociedad,2026-27,25,2027-02-21,2027-02-21T00:00:00+00:00,RC Deportivo,Real Sociedad,,totals,,,,,,,,,,,,,,,,,,unknown,,decimal,2026-09-22T10:25:41+00:00,none_available,,False,False,unavailable,2026-09-22,"The Odds API is configured and reachable, but has not yet posted this market for this fixture (bookmakers open different markets at different times before kickoff) -- genuinely unavailable, not a collector failure."
LALIGA2627_MW25_245_RCDEspanyoldeBarcelona_CAOsasuna,2026-27,25,2027-02-21,2027-02-21T00:00:00+00:00,RCD Espanyol de Barcelona,CA Osasuna,,h2h,,,,,,,,,,,,,,,,,,unknown,,decimal,2026-09-22T10:25:41+00:00,none_available,,False,False,unavailable,2026-09-22,"The Odds API is configured and reachable, but has not yet posted this market for this fixture (bookmakers open different markets at different times before kickoff) -- genuinely unavailable, not a collector failure."
LALIGA2627_MW25_245_RCDEspanyoldeBarcelona_CAOsasuna,2026-27,25,2027-02-21,2027-02-21T00:00:00+00:00,RCD Espanyol de Barcelona,CA Osasuna,,spreads,,,,,,,,,,,,,,,,,,unknown,,decimal,2026-09-22T10:25:41+00:00,none_available,,False,False,unavailable,2026-09-22,"The Odds API is configured and reachable, but has not yet posted this market for this fixture (bookmakers open different markets at different times before kickoff) -- genuinely unavailable, not a collector failure."
LALIGA2627_MW25_245_RCDEspanyoldeBarcelona_CAOsasuna,2026-27,25,2027-02-21,2027-02-21T00:00:00+00:00,RCD Espanyol de Barcelona,CA Osasuna,,totals,,,,,,,,,,,,,,,,,,unknown,,decimal,2026-09-22T10:25:41+00:00,none_available,,False,False,unavailable,2026-09-22,"The Odds API is configured and reachable, but has not yet posted this market for this fixture (bookmakers open different markets at different times before kickoff) -- genuinely unavailable, not a collector failure."
LALIGA2627_MW25_246_FCBarcelona_LevanteUD,2026-27,25,2027-02-21,2027-02-21T00:00:00+00:00,FC Barcelona,Levante UD,,h2h,,,,,,,,,,,,,,,,,,unknown,,decimal,2026-09-22T10:25:41+00:00,none_available,,False,False,unavailable,2026-09-22,"The Odds API is configured and reachable, but has not yet posted this market for this fixture (bookmakers open different markets at different times before kickoff) -- genuinely unavailable, not a collector failure."
LALIGA2627_MW25_246_FCBarcelona_LevanteUD,2026-27,25,2027-02-21,2027-02-21T00:00:00+00:00,FC Barcelona,Levante UD,,spreads,,,,,,,,,,,,,,,,,,unknown,,decimal,2026-09-22T10:25:41+00:00,none_available,,False,False,unavailable,2026-09-22,"The Odds API is configured and reachable, but has not yet posted this market for this fixture (bookmakers open different markets at different times before kickoff) -- genuinely unavailable, not a collector failure."
LALIGA2627_MW25_246_FCBarcelona_LevanteUD,2026-27,25,2027-02-21,2027-02-21T00:00:00+00:00,FC Barcelona,Levante UD,,totals,,,,,,,,,,,,,,,,,,unknown,,decimal,2026-09-22T10:25:41+00:00,none_available,,False,False,unavailable,2026-09-22,"The Odds API is configured and reachable, but has not yet posted this market for this fixture (bookmakers open different markets at different times before kickoff) -- genuinely unavailable, not a collector failure."
LALIGA2627_MW25_247_MálagaCF_RealBetis,2026-27,25,2027-02-21,2027-02-21T00:00:00+00:00,Málaga CF,Real Betis,,h2h,,,,,,,,,,,,,,,,,,unknown,,decimal,2026-09-22T10:25:41+00:00,none_available,,False,False,unavailable,2026-09-22,"The Odds API is configured and reachable, but has not yet posted this market for this fixture (bookmakers open different markets at different times before kickoff) -- genuinely unavailable, not a collector failure."
LALIGA2627_MW25_247_MálagaCF_RealBetis,2026-27,25,2027-02-21,2027-02-21T00:00:00+00:00,Málaga CF,Real Betis,,spreads,,,,,,,,,,,,,,,,,,unknown,,decimal,2026-09-22T10:25:41+00:00,none_available,,False,False,unavailable,2026-09-22,"The Odds API is configured and reachable, but has not yet posted this market for this fixture (bookmakers open different markets at different times before kickoff) -- genuinely unavailable, not a collector failure."
LALIGA2627_MW25_247_MálagaCF_RealBetis,2026-27,25,2027-02-21,2027-02-21T00:00:00+00:00,Málaga CF,Real Betis,,totals,,,,,,,,,,,,,,,,,,unknown,,decimal,2026-09-22T10:25:41+00:00,none_available,,False,False,unavailable,2026-09-22,"The Odds API is configured and reachable, but has not yet posted this market for this fixture (bookmakers open different markets at different times before kickoff) -- genuinely unavailable, not a collector failure."
LALIGA2627_MW25_248_RayoVallecano_GetafeCF,2026-27,25,2027-02-21,2027-02-21T00:00:00+00:00,Rayo Vallecano,Getafe CF,,h2h,,,,,,,,,,,,,,,,,,unknown,,decimal,2026-09-22T10:25:41+00:00,none_available,,False,False,unavailable,2026-09-22,"The Odds API is configured and reachable, but has not yet posted this market for this fixture (bookmakers open different markets at different times before kickoff) -- genuinely unavailable, not a collector failure."
LALIGA2627_MW25_248_RayoVallecano_GetafeCF,2026-27,25,2027-02-21,2027-02-21T00:00:00+00:00,Rayo Vallecano,Getafe CF,,spreads,,,,,,,,,,,,,,,,,,unknown,,decimal,2026-09-22T10:25:41+00:00,none_available,,False,False,unavailable,2026-09-22,"The Odds API is configured and reachable, but has not yet posted this market for this fixture (bookmakers open different markets at different times before kickoff) -- genuinely unavailable, not a collector failure."
LALIGA2627_MW25_248_RayoVallecano_GetafeCF,2026-27,25,2027-02-21,2027-02-21T00:00:00+00:00,Rayo Vallecano,Getafe CF,,totals,,,,,,,,,,,,,,,,,,unknown,,decimal,2026-09-22T10:25:41+00:00,none_available,,False,False,unavailable,2026-09-22,"The Odds API is configured and reachable, but has not yet posted this market for this fixture (bookmakers open different markets at different times before kickoff) -- genuinely unavailable, not a collector failure."
LALIGA2627_MW25_249_SevillaFC_RealMadrid,2026-27,25,2027-02-21,2027-02-21T00:00:00+00:00,Sevilla FC,Real Madrid,,h2h,,,,,,,,,,,,,,,,,,unknown,,decimal,2026-09-22T10:25:41+00:00,none_available,,False,False,unavailable,2026-09-22,"The Odds API is configured and reachable, but has not yet posted this market for this fixture (bookmakers open different markets at different times before kickoff) -- genuinely unavailable, not a collector failure."
LALIGA2627_MW25_249_SevillaFC_RealMadrid,2026-27,25,2027-02-21,2027-02-21T00:00:00+00:00,Sevilla FC,Real Madrid,,spreads,,,,,,,,,,,,,,,,,,unknown,,decimal,2026-09-22T10:25:41+00:00,none_available,,False,False,unavailable,2026-09-22,"The Odds API is configured and reachable, but has not yet posted this market for this fixture (bookmakers open different markets at different times before kickoff) -- genuinely unavailable, not a collector failure."
LALIGA2627_MW25_249_SevillaFC_RealMadrid,2026-27,25,2027-02-21,2027-02-21T00:00:00+00:00,Sevilla FC,Real Madrid,,totals,,,,,,,,,,,,,,,,,,unknown,,decimal,2026-09-22T10:25:41+00:00,none_available,,False,False,unavailable,2026-09-22,"The Odds API is configured and reachable, but has not yet posted this market for this fixture (bookmakers open different markets at different times before kickoff) -- genuinely unavailable, not a collector failure."
LALIGA2627_MW25_250_VillarrealCF_ValenciaCF,2026-27,25,2027-02-21,2027-02-21T00:00:00+00:00,Villarreal CF,Valencia CF,,h2h,,,,,,,,,,,,,,,,,,unknown,,decimal,2026-09-22T10:25:41+00:00,none_available,,False,False,unavailable,2026-09-22,"The Odds API is configured and reachable, but has not yet posted this market for this fixture (bookmakers open different markets at different times before kickoff) -- genuinely unavailable, not a collector failure."
LALIGA2627_MW25_250_VillarrealCF_ValenciaCF,2026-27,25,2027-02-21,2027-02-21T00:00:00+00:00,Villarreal CF,Valencia CF,,spreads,,,,,,,,,,,,,,,,,,unknown,,decimal,2026-09-22T10:25:41+00:00,none_available,,False,False,unavailable,2026-09-22,"The Odds API is configured and reachable, but has not yet posted this market for this fixture (bookmakers open different markets at different times before kickoff) -- genuinely unavailable, not a collector failure."
LALIGA2627_MW25_250_VillarrealCF_ValenciaCF,2026-27,25,2027-02-21,2027-02-21T00:00:00+00:00,Villarreal CF,Valencia CF,,totals,,,,,,,,,,,,,,,,,,unknown,,decimal,2026-09-22T10:25:41+00:00,none_available,,False,False,unavailable,2026-09-22,"The Odds API is configured and reachable, but has not yet posted this market for this fixture (bookmakers open different markets at different times before kickoff) -- genuinely unavailable, not a collector failure."
LALIGA2627_MW26_251_AthleticClub_FCBarcelona,2026-27,26,2027-02-28,2027-02-28T00:00:00+00:00,Athletic Club,FC Barcelona,,h2h,,,,,,,,,,,,,,,,,,unknown,,decimal,2026-09-22T10:25:41+00:00,none_available,,False,False,unavailable,2026-09-22,"The Odds API is configured and reachable, but has not yet posted this market for this fixture (bookmakers open different markets at different times before kickoff) -- genuinely unavailable, not a collector failure."
LALIGA2627_MW26_251_AthleticClub_FCBarcelona,2026-27,26,2027-02-28,2027-02-28T00:00:00+00:00,Athletic Club,FC Barcelona,,spreads,,,,,,,,,,,,,,,,,,unknown,,decimal,2026-09-22T10:25:41+00:00,none_available,,False,False,unavailable,2026-09-22,"The Odds API is configured and reachable, but has not yet posted this market for this fixture (bookmakers open different markets at different times before kickoff) -- genuinely unavailable, not a collector failure."
LALIGA2627_MW26_251_AthleticClub_FCBarcelona,2026-27,26,2027-02-28,2027-02-28T00:00:00+00:00,Athletic Club,FC Barcelona,,totals,,,,,,,,,,,,,,,,,,unknown,,decimal,2026-09-22T10:25:41+00:00,none_available,,False,False,unavailable,2026-09-22,"The Odds API is configured and reachable, but has not yet posted this market for this fixture (bookmakers open different markets at different times before kickoff) -- genuinely unavailable, not a collector failure."
LALIGA2627_MW26_252_RealBetis_VillarrealCF,2026-27,26,2027-02-28,2027-02-28T00:00:00+00:00,Real Betis,Villarreal CF,,h2h,,,,,,,,,,,,,,,,,,unknown,,decimal,2026-09-22T10:25:41+00:00,none_available,,False,False,unavailable,2026-09-22,"The Odds API is configured and reachable, but has not yet posted this market for this fixture (bookmakers open different markets at different times before kickoff) -- genuinely unavailable, not a collector failure."
LALIGA2627_MW26_252_RealBetis_VillarrealCF,2026-27,26,2027-02-28,2027-02-28T00:00:00+00:00,Real Betis,Villarreal CF,,spreads,,,,,,,,,,,,,,,,,,unknown,,decimal,2026-09-22T10:25:41+00:00,none_available,,False,False,unavailable,2026-09-22,"The Odds API is configured and reachable, but has not yet posted this market for this fixture (bookmakers open different markets at different times before kickoff) -- genuinely unavailable, not a collector failure."
LALIGA2627_MW26_252_RealBetis_VillarrealCF,2026-27,26,2027-02-28,2027-02-28T00:00:00+00:00,Real Betis,Villarreal CF,,totals,,,,,,,,,,,,,,,,,,unknown,,decimal,2026-09-22T10:25:41+00:00,none_available,,False,False,unavailable,2026-09-22,"The Odds API is configured and reachable, but has not yet posted this market for this fixture (bookmakers open different markets at different times before kickoff) -- genuinely unavailable, not a collector failure."
LALIGA2627_MW26_253_CeltaVigo_RCDEspanyoldeBarcelona,2026-27,26,2027-02-28,2027-02-28T00:00:00+00:00,Celta Vigo,RCD Espanyol de Barcelona,,h2h,,,,,,,,,,,,,,,,,,unknown,,decimal,2026-09-22T10:25:41+00:00,none_available,,False,False,unavailable,2026-09-22,"The Odds API is configured and reachable, but has not yet posted this market for this fixture (bookmakers open different markets at different times before kickoff) -- genuinely unavailable, not a collector failure."
LALIGA2627_MW26_253_CeltaVigo_RCDEspanyoldeBarcelona,2026-27,26,2027-02-28,2027-02-28T00:00:00+00:00,Celta Vigo,RCD Espanyol de Barcelona,,spreads,,,,,,,,,,,,,,,,,,unknown,,decimal,2026-09-22T10:25:41+00:00,none_available,,False,False,unavailable,2026-09-22,"The Odds API is configured and reachable, but has not yet posted this market for this fixture (bookmakers open different markets at different times before kickoff) -- genuinely unavailable, not a collector failure."
LALIGA2627_MW26_253_CeltaVigo_RCDEspanyoldeBarcelona,2026-27,26,2027-02-28,2027-02-28T00:00:00+00:00,Celta Vigo,RCD Espanyol de Barcelona,,totals,,,,,,,,,,,,,,,,,,unknown,,decimal,2026-09-22T10:25:41+00:00,none_available,,False,False,unavailable,2026-09-22,"The Odds API is configured and reachable, but has not yet posted this market for this fixture (bookmakers open different markets at different times before kickoff) -- genuinely unavailable, not a collector failure."
LALIGA2627_MW26_254_GetafeCF_DeportivoAlavés,2026-27,26,2027-02-28,2027-02-28T00:00:00+00:00,Getafe CF,Deportivo Alavés,,h2h,,,,,,,,,,,,,,,,,,unknown,,decimal,2026-09-22T10:25:41+00:00,none_available,,False,False,unavailable,2026-09-22,"The Odds API is configured and reachable, but has not yet posted this market for this fixture (bookmakers open different markets at different times before kickoff) -- genuinely unavailable, not a collector failure."
LALIGA2627_MW26_254_GetafeCF_DeportivoAlavés,2026-27,26,2027-02-28,2027-02-28T00:00:00+00:00,Getafe CF,Deportivo Alavés,,spreads,,,,,,,,,,,,,,,,,,unknown,,decimal,2026-09-22T10:25:41+00:00,none_available,,False,False,unavailable,2026-09-22,"The Odds API is configured and reachable, but has not yet posted this market for this fixture (bookmakers open different markets at different times before kickoff) -- genuinely unavailable, not a collector failure."
LALIGA2627_MW26_254_GetafeCF_DeportivoAlavés,2026-27,26,2027-02-28,2027-02-28T00:00:00+00:00,Getafe CF,Deportivo Alavés,,totals,,,,,,,,,,,,,,,,,,unknown,,decimal,2026-09-22T10:25:41+00:00,none_available,,False,False,unavailable,2026-09-22,"The Odds API is configured and reachable, but has not yet posted this market for this fixture (bookmakers open different markets at different times before kickoff) -- genuinely unavailable, not a collector failure."
LALIGA2627_MW26_255_LevanteUD_RCDeportivo,2026-27,26,2027-02-28,2027-02-28T00:00:00+00:00,Levante UD,RC Deportivo,,h2h,,,,,,,,,,,,,,,,,,unknown,,decimal,2026-09-22T10:25:41+00:00,none_available,,False,False,unavailable,2026-09-22,"The Odds API is configured and reachable, but has not yet posted this market for this fixture (bookmakers open different markets at different times before kickoff) -- genuinely unavailable, not a collector failure."
LALIGA2627_MW26_255_LevanteUD_RCDeportivo,2026-27,26,2027-02-28,2027-02-28T00:00:00+00:00,Levante UD,RC Deportivo,,spreads,,,,,,,,,,,,,,,,,,unknown,,decimal,2026-09-22T10:25:41+00:00,none_available,,False,False,unavailable,2026-09-22,"The Odds API is configured and reachable, but has not yet posted this market for this fixture (bookmakers open different markets at different times before kickoff) -- genuinely unavailable, not a collector failure."
LALIGA2627_MW26_255_LevanteUD_RCDeportivo,2026-27,26,2027-02-28,2027-02-28T00:00:00+00:00,Levante UD,RC Deportivo,,totals,,,,,,,,,,,,,,,,,,unknown,,decimal,2026-09-22T10:25:41+00:00,none_available,,False,False,unavailable,2026-09-22,"The Odds API is configured and reachable, but has not yet posted this market for this fixture (bookmakers open different markets at different times before kickoff) -- genuinely unavailable, not a collector failure."
LALIGA2627_MW26_256_MálagaCF_AtléticodeMadrid,2026-27,26,2027-02-28,2027-02-28T00:00:00+00:00,Málaga CF,Atlético de Madrid,,h2h,,,,,,,,,,,,,,,,,,unknown,,decimal,2026-09-22T10:25:41+00:00,none_available,,False,False,unavailable,2026-09-22,"The Odds API is configured and reachable, but has not yet posted this market for this fixture (bookmakers open different markets at different times before kickoff) -- genuinely unavailable, not a collector failure."
LALIGA2627_MW26_256_MálagaCF_AtléticodeMadrid,2026-27,26,2027-02-28,2027-02-28T00:00:00+00:00,Málaga CF,Atlético de Madrid,,spreads,,,,,,,,,,,,,,,,,,unknown,,decimal,2026-09-22T10:25:41+00:00,none_available,,False,False,unavailable,2026-09-22,"The Odds API is configured and reachable, but has not yet posted this market for this fixture (bookmakers open different markets at different times before kickoff) -- genuinely unavailable, not a collector failure."
LALIGA2627_MW26_256_MálagaCF_AtléticodeMadrid,2026-27,26,2027-02-28,2027-02-28T00:00:00+00:00,Málaga CF,Atlético de Madrid,,totals,,,,,,,,,,,,,,,,,,unknown,,decimal,2026-09-22T10:25:41+00:00,none_available,,False,False,unavailable,2026-09-22,"The Odds API is configured and reachable, but has not yet posted this market for this fixture (bookmakers open different markets at different times before kickoff) -- genuinely unavailable, not a collector failure."
LALIGA2627_MW26_257_CAOsasuna_SevillaFC,2026-27,26,2027-02-28,2027-02-28T00:00:00+00:00,CA Osasuna,Sevilla FC,,h2h,,,,,,,,,,,,,,,,,,unknown,,decimal,2026-09-22T10:25:41+00:00,none_available,,False,False,unavailable,2026-09-22,"The Odds API is configured and reachable, but has not yet posted this market for this fixture (bookmakers open different markets at different times before kickoff) -- genuinely unavailable, not a collector failure."
LALIGA2627_MW26_257_CAOsasuna_SevillaFC,2026-27,26,2027-02-28,2027-02-28T00:00:00+00:00,CA Osasuna,Sevilla FC,,spreads,,,,,,,,,,,,,,,,,,unknown,,decimal,2026-09-22T10:25:41+00:00,none_available,,False,False,unavailable,2026-09-22,"The Odds API is configured and reachable, but has not yet posted this market for this fixture (bookmakers open different markets at different times before kickoff) -- genuinely unavailable, not a collector failure."
LALIGA2627_MW26_257_CAOsasuna_SevillaFC,2026-27,26,2027-02-28,2027-02-28T00:00:00+00:00,CA Osasuna,Sevilla FC,,totals,,,,,,,,,,,,,,,,,,unknown,,decimal,2026-09-22T10:25:41+00:00,none_available,,False,False,unavailable,2026-09-22,"The Odds API is configured and reachable, but has not yet posted this market for this fixture (bookmakers open different markets at different times before kickoff) -- genuinely unavailable, not a collector failure."
LALIGA2627_MW26_258_R.RacingClub_RayoVallecano,2026-27,26,2027-02-28,2027-02-28T00:00:00+00:00,R. Racing Club,Rayo Vallecano,,h2h,,,,,,,,,,,,,,,,,,unknown,,decimal,2026-09-22T10:25:41+00:00,none_available,,False,False,unavailable,2026-09-22,"The Odds API is configured and reachable, but has not yet posted this market for this fixture (bookmakers open different markets at different times before kickoff) -- genuinely unavailable, not a collector failure."
LALIGA2627_MW26_258_R.RacingClub_RayoVallecano,2026-27,26,2027-02-28,2027-02-28T00:00:00+00:00,R. Racing Club,Rayo Vallecano,,spreads,,,,,,,,,,,,,,,,,,unknown,,decimal,2026-09-22T10:25:41+00:00,none_available,,False,False,unavailable,2026-09-22,"The Odds API is configured and reachable, but has not yet posted this market for this fixture (bookmakers open different markets at different times before kickoff) -- genuinely unavailable, not a collector failure."
LALIGA2627_MW26_258_R.RacingClub_RayoVallecano,2026-27,26,2027-02-28,2027-02-28T00:00:00+00:00,R. Racing Club,Rayo Vallecano,,totals,,,,,,,,,,,,,,,,,,unknown,,decimal,2026-09-22T10:25:41+00:00,none_available,,False,False,unavailable,2026-09-22,"The Odds API is configured and reachable, but has not yet posted this market for this fixture (bookmakers open different markets at different times before kickoff) -- genuinely unavailable, not a collector failure."
LALIGA2627_MW26_259_RealMadrid_ValenciaCF,2026-27,26,2027-02-28,2027-02-28T00:00:00+00:00,Real Madrid,Valencia CF,,h2h,,,,,,,,,,,,,,,,,,unknown,,decimal,2026-09-22T10:25:41+00:00,none_available,,False,False,unavailable,2026-09-22,"The Odds API is configured and reachable, but has not yet posted this market for this fixture (bookmakers open different markets at different times before kickoff) -- genuinely unavailable, not a collector failure."
LALIGA2627_MW26_259_RealMadrid_ValenciaCF,2026-27,26,2027-02-28,2027-02-28T00:00:00+00:00,Real Madrid,Valencia CF,,spreads,,,,,,,,,,,,,,,,,,unknown,,decimal,2026-09-22T10:25:41+00:00,none_available,,False,False,unavailable,2026-09-22,"The Odds API is configured and reachable, but has not yet posted this market for this fixture (bookmakers open different markets at different times before kickoff) -- genuinely unavailable, not a collector failure."
LALIGA2627_MW26_259_RealMadrid_ValenciaCF,2026-27,26,2027-02-28,2027-02-28T00:00:00+00:00,Real Madrid,Valencia CF,,totals,,,,,,,,,,,,,,,,,,unknown,,decimal,2026-09-22T10:25:41+00:00,none_available,,False,False,unavailable,2026-09-22,"The Odds API is configured and reachable, but has not yet posted this market for this fixture (bookmakers open different markets at different times before kickoff) -- genuinely unavailable, not a collector failure."
LALIGA2627_MW26_260_RealSociedad_ElcheCF,2026-27,26,2027-02-28,2027-02-28T00:00:00+00:00,Real Sociedad,Elche CF,,h2h,,,,,,,,,,,,,,,,,,unknown,,decimal,2026-09-22T10:25:41+00:00,none_available,,False,False,unavailable,2026-09-22,"The Odds API is configured and reachable, but has not yet posted this market for this fixture (bookmakers open different markets at different times before kickoff) -- genuinely unavailable, not a collector failure."
LALIGA2627_MW26_260_RealSociedad_ElcheCF,2026-27,26,2027-02-28,2027-02-28T00:00:00+00:00,Real Sociedad,Elche CF,,spreads,,,,,,,,,,,,,,,,,,unknown,,decimal,2026-09-22T10:25:41+00:00,none_available,,False,False,unavailable,2026-09-22,"The Odds API is configured and reachable, but has not yet posted this market for this fixture (bookmakers open different markets at different times before kickoff) -- genuinely unavailable, not a collector failure."
LALIGA2627_MW26_260_RealSociedad_ElcheCF,2026-27,26,2027-02-28,2027-02-28T00:00:00+00:00,Real Sociedad,Elche CF,,totals,,,,,,,,,,,,,,,,,,unknown,,decimal,2026-09-22T10:25:41+00:00,none_available,,False,False,unavailable,2026-09-22,"The Odds API is configured and reachable, but has not yet posted this market for this fixture (bookmakers open different markets at different times before kickoff) -- genuinely unavailable, not a collector failure."
LALIGA2627_MW27_261_DeportivoAlavés_AthleticClub,2026-27,27,2027-03-07,2027-03-07T00:00:00+00:00,Deportivo Alavés,Athletic Club,,h2h,,,,,,,,,,,,,,,,,,unknown,,decimal,2026-09-22T10:25:41+00:00,none_available,,False,False,unavailable,2026-09-22,"The Odds API is configured and reachable, but has not yet posted this market for this fixture (bookmakers open different markets at different times before kickoff) -- genuinely unavailable, not a collector failure."
LALIGA2627_MW27_261_DeportivoAlavés_AthleticClub,2026-27,27,2027-03-07,2027-03-07T00:00:00+00:00,Deportivo Alavés,Athletic Club,,spreads,,,,,,,,,,,,,,,,,,unknown,,decimal,2026-09-22T10:25:41+00:00,none_available,,False,False,unavailable,2026-09-22,"The Odds API is configured and reachable, but has not yet posted this market for this fixture (bookmakers open different markets at different times before kickoff) -- genuinely unavailable, not a collector failure."
LALIGA2627_MW27_261_DeportivoAlavés_AthleticClub,2026-27,27,2027-03-07,2027-03-07T00:00:00+00:00,Deportivo Alavés,Athletic Club,,totals,,,,,,,,,,,,,,,,,,unknown,,decimal,2026-09-22T10:25:41+00:00,none_available,,False,False,unavailable,2026-09-22,"The Odds API is configured and reachable, but has not yet posted this market for this fixture (bookmakers open different markets at different times before kickoff) -- genuinely unavailable, not a collector failure."
LALIGA2627_MW27_262_AtléticodeMadrid_CeltaVigo,2026-27,27,2027-03-07,2027-03-07T00:00:00+00:00,Atlético de Madrid,Celta Vigo,,h2h,,,,,,,,,,,,,,,,,,unknown,,decimal,2026-09-22T10:25:41+00:00,none_available,,False,False,unavailable,2026-09-22,"The Odds API is configured and reachable, but has not yet posted this market for this fixture (bookmakers open different markets at different times before kickoff) -- genuinely unavailable, not a collector failure."
LALIGA2627_MW27_262_AtléticodeMadrid_CeltaVigo,2026-27,27,2027-03-07,2027-03-07T00:00:00+00:00,Atlético de Madrid,Celta Vigo,,spreads,,,,,,,,,,,,,,,,,,unknown,,decimal,2026-09-22T10:25:41+00:00,none_available,,False,False,unavailable,2026-09-22,"The Odds API is configured and reachable, but has not yet posted this market for this fixture (bookmakers open different markets at different times before kickoff) -- genuinely unavailable, not a collector failure."
LALIGA2627_MW27_262_AtléticodeMadrid_CeltaVigo,2026-27,27,2027-03-07,2027-03-07T00:00:00+00:00,Atlético de Madrid,Celta Vigo,,totals,,,,,,,,,,,,,,,,,,unknown,,decimal,2026-09-22T10:25:41+00:00,none_available,,False,False,unavailable,2026-09-22,"The Odds API is configured and reachable, but has not yet posted this market for this fixture (bookmakers open different markets at different times before kickoff) -- genuinely unavailable, not a collector failure."
LALIGA2627_MW27_263_RCDeportivo_GetafeCF,2026-27,27,2027-03-07,2027-03-07T00:00:00+00:00,RC Deportivo,Getafe CF,,h2h,,,,,,,,,,,,,,,,,,unknown,,decimal,2026-09-22T10:25:41+00:00,none_available,,False,False,unavailable,2026-09-22,"The Odds API is configured and reachable, but has not yet posted this market for this fixture (bookmakers open different markets at different times before kickoff) -- genuinely unavailable, not a collector failure."
LALIGA2627_MW27_263_RCDeportivo_GetafeCF,2026-27,27,2027-03-07,2027-03-07T00:00:00+00:00,RC Deportivo,Getafe CF,,spreads,,,,,,,,,,,,,,,,,,unknown,,decimal,2026-09-22T10:25:41+00:00,none_available,,False,False,unavailable,2026-09-22,"The Odds API is configured and reachable, but has not yet posted this market for this fixture (bookmakers open different markets at different times before kickoff) -- genuinely unavailable, not a collector failure."
LALIGA2627_MW27_263_RCDeportivo_GetafeCF,2026-27,27,2027-03-07,2027-03-07T00:00:00+00:00,RC Deportivo,Getafe CF,,totals,,,,,,,,,,,,,,,,,,unknown,,decimal,2026-09-22T10:25:41+00:00,none_available,,False,False,unavailable,2026-09-22,"The Odds API is configured and reachable, but has not yet posted this market for this fixture (bookmakers open different markets at different times before kickoff) -- genuinely unavailable, not a collector failure."
LALIGA2627_MW27_264_ElcheCF_MálagaCF,2026-27,27,2027-03-07,2027-03-07T00:00:00+00:00,Elche CF,Málaga CF,,h2h,,,,,,,,,,,,,,,,,,unknown,,decimal,2026-09-22T10:25:41+00:00,none_available,,False,False,unavailable,2026-09-22,"The Odds API is configured and reachable, but has not yet posted this market for this fixture (bookmakers open different markets at different times before kickoff) -- genuinely unavailable, not a collector failure."
LALIGA2627_MW27_264_ElcheCF_MálagaCF,2026-27,27,2027-03-07,2027-03-07T00:00:00+00:00,Elche CF,Málaga CF,,spreads,,,,,,,,,,,,,,,,,,unknown,,decimal,2026-09-22T10:25:41+00:00,none_available,,False,False,unavailable,2026-09-22,"The Odds API is configured and reachable, but has not yet posted this market for this fixture (bookmakers open different markets at different times before kickoff) -- genuinely unavailable, not a collector failure."
LALIGA2627_MW27_264_ElcheCF_MálagaCF,2026-27,27,2027-03-07,2027-03-07T00:00:00+00:00,Elche CF,Málaga CF,,totals,,,,,,,,,,,,,,,,,,unknown,,decimal,2026-09-22T10:25:41+00:00,none_available,,False,False,unavailable,2026-09-22,"The Odds API is configured and reachable, but has not yet posted this market for this fixture (bookmakers open different markets at different times before kickoff) -- genuinely unavailable, not a collector failure."
LALIGA2627_MW27_265_RCDEspanyoldeBarcelona_R.RacingClub,2026-27,27,2027-03-07,2027-03-07T00:00:00+00:00,RCD Espanyol de Barcelona,R. Racing Club,,h2h,,,,,,,,,,,,,,,,,,unknown,,decimal,2026-09-22T10:25:41+00:00,none_available,,False,False,unavailable,2026-09-22,"The Odds API is configured and reachable, but has not yet posted this market for this fixture (bookmakers open different markets at different times before kickoff) -- genuinely unavailable, not a collector failure."
LALIGA2627_MW27_265_RCDEspanyoldeBarcelona_R.RacingClub,2026-27,27,2027-03-07,2027-03-07T00:00:00+00:00,RCD Espanyol de Barcelona,R. Racing Club,,spreads,,,,,,,,,,,,,,,,,,unknown,,decimal,2026-09-22T10:25:41+00:00,none_available,,False,False,unavailable,2026-09-22,"The Odds API is configured and reachable, but has not yet posted this market for this fixture (bookmakers open different markets at different times before kickoff) -- genuinely unavailable, not a collector failure."
LALIGA2627_MW27_265_RCDEspanyoldeBarcelona_R.RacingClub,2026-27,27,2027-03-07,2027-03-07T00:00:00+00:00,RCD Espanyol de Barcelona,R. Racing Club,,totals,,,,,,,,,,,,,,,,,,unknown,,decimal,2026-09-22T10:25:41+00:00,none_available,,False,False,unavailable,2026-09-22,"The Odds API is configured and reachable, but has not yet posted this market for this fixture (bookmakers open different markets at different times before kickoff) -- genuinely unavailable, not a collector failure."
LALIGA2627_MW27_266_FCBarcelona_RealBetis,2026-27,27,2027-03-07,2027-03-07T00:00:00+00:00,FC Barcelona,Real Betis,,h2h,,,,,,,,,,,,,,,,,,unknown,,decimal,2026-09-22T10:25:41+00:00,none_available,,False,False,unavailable,2026-09-22,"The Odds API is configured and reachable, but has not yet posted this market for this fixture (bookmakers open different markets at different times before kickoff) -- genuinely unavailable, not a collector failure."
LALIGA2627_MW27_266_FCBarcelona_RealBetis,2026-27,27,2027-03-07,2027-03-07T00:00:00+00:00,FC Barcelona,Real Betis,,spreads,,,,,,,,,,,,,,,,,,unknown,,decimal,2026-09-22T10:25:41+00:00,none_available,,False,False,unavailable,2026-09-22,"The Odds API is configured and reachable, but has not yet posted this market for this fixture (bookmakers open different markets at different times before kickoff) -- genuinely unavailable, not a collector failure."
LALIGA2627_MW27_266_FCBarcelona_RealBetis,2026-27,27,2027-03-07,2027-03-07T00:00:00+00:00,FC Barcelona,Real Betis,,totals,,,,,,,,,,,,,,,,,,unknown,,decimal,2026-09-22T10:25:41+00:00,none_available,,False,False,unavailable,2026-09-22,"The Odds API is configured and reachable, but has not yet posted this market for this fixture (bookmakers open different markets at different times before kickoff) -- genuinely unavailable, not a collector failure."
LALIGA2627_MW27_267_RayoVallecano_CAOsasuna,2026-27,27,2027-03-07,2027-03-07T00:00:00+00:00,Rayo Vallecano,CA Osasuna,,h2h,,,,,,,,,,,,,,,,,,unknown,,decimal,2026-09-22T10:25:41+00:00,none_available,,False,False,unavailable,2026-09-22,"The Odds API is configured and reachable, but has not yet posted this market for this fixture (bookmakers open different markets at different times before kickoff) -- genuinely unavailable, not a collector failure."
LALIGA2627_MW27_267_RayoVallecano_CAOsasuna,2026-27,27,2027-03-07,2027-03-07T00:00:00+00:00,Rayo Vallecano,CA Osasuna,,spreads,,,,,,,,,,,,,,,,,,unknown,,decimal,2026-09-22T10:25:41+00:00,none_available,,False,False,unavailable,2026-09-22,"The Odds API is configured and reachable, but has not yet posted this market for this fixture (bookmakers open different markets at different times before kickoff) -- genuinely unavailable, not a collector failure."
LALIGA2627_MW27_267_RayoVallecano_CAOsasuna,2026-27,27,2027-03-07,2027-03-07T00:00:00+00:00,Rayo Vallecano,CA Osasuna,,totals,,,,,,,,,,,,,,,,,,unknown,,decimal,2026-09-22T10:25:41+00:00,none_available,,False,False,unavailable,2026-09-22,"The Odds API is configured and reachable, but has not yet posted this market for this fixture (bookmakers open different markets at different times before kickoff) -- genuinely unavailable, not a collector failure."
LALIGA2627_MW27_268_SevillaFC_RealSociedad,2026-27,27,2027-03-07,2027-03-07T00:00:00+00:00,Sevilla FC,Real Sociedad,,h2h,,,,,,,,,,,,,,,,,,unknown,,decimal,2026-09-22T10:25:41+00:00,none_available,,False,False,unavailable,2026-09-22,"The Odds API is configured and reachable, but has not yet posted this market for this fixture (bookmakers open different markets at different times before kickoff) -- genuinely unavailable, not a collector failure."
LALIGA2627_MW27_268_SevillaFC_RealSociedad,2026-27,27,2027-03-07,2027-03-07T00:00:00+00:00,Sevilla FC,Real Sociedad,,spreads,,,,,,,,,,,,,,,,,,unknown,,decimal,2026-09-22T10:25:41+00:00,none_available,,False,False,unavailable,2026-09-22,"The Odds API is configured and reachable, but has not yet posted this market for this fixture (bookmakers open different markets at different times before kickoff) -- genuinely unavailable, not a collector failure."
LALIGA2627_MW27_268_SevillaFC_RealSociedad,2026-27,27,2027-03-07,2027-03-07T00:00:00+00:00,Sevilla FC,Real Sociedad,,totals,,,,,,,,,,,,,,,,,,unknown,,decimal,2026-09-22T10:25:41+00:00,none_available,,False,False,unavailable,2026-09-22,"The Odds API is configured and reachable, but has not yet posted this market for this fixture (bookmakers open different markets at different times before kickoff) -- genuinely unavailable, not a collector failure."
LALIGA2627_MW27_269_ValenciaCF_LevanteUD,2026-27,27,2027-03-07,2027-03-07T00:00:00+00:00,Valencia CF,Levante UD,,h2h,,,,,,,,,,,,,,,,,,unknown,,decimal,2026-09-22T10:25:41+00:00,none_available,,False,False,unavailable,2026-09-22,"The Odds API is configured and reachable, but has not yet posted this market for this fixture (bookmakers open different markets at different times before kickoff) -- genuinely unavailable, not a collector failure."
LALIGA2627_MW27_269_ValenciaCF_LevanteUD,2026-27,27,2027-03-07,2027-03-07T00:00:00+00:00,Valencia CF,Levante UD,,spreads,,,,,,,,,,,,,,,,,,unknown,,decimal,2026-09-22T10:25:41+00:00,none_available,,False,False,unavailable,2026-09-22,"The Odds API is configured and reachable, but has not yet posted this market for this fixture (bookmakers open different markets at different times before kickoff) -- genuinely unavailable, not a collector failure."
LALIGA2627_MW27_269_ValenciaCF_LevanteUD,2026-27,27,2027-03-07,2027-03-07T00:00:00+00:00,Valencia CF,Levante UD,,totals,,,,,,,,,,,,,,,,,,unknown,,decimal,2026-09-22T10:25:41+00:00,none_available,,False,False,unavailable,2026-09-22,"The Odds API is configured and reachable, but has not yet posted this market for this fixture (bookmakers open different markets at different times before kickoff) -- genuinely unavailable, not a collector failure."
LALIGA2627_MW27_270_VillarrealCF_RealMadrid,2026-27,27,2027-03-07,2027-03-07T00:00:00+00:00,Villarreal CF,Real Madrid,,h2h,,,,,,,,,,,,,,,,,,unknown,,decimal,2026-09-22T10:25:41+00:00,none_available,,False,False,unavailable,2026-09-22,"The Odds API is configured and reachable, but has not yet posted this market for this fixture (bookmakers open different markets at different times before kickoff) -- genuinely unavailable, not a collector failure."
LALIGA2627_MW27_270_VillarrealCF_RealMadrid,2026-27,27,2027-03-07,2027-03-07T00:00:00+00:00,Villarreal CF,Real Madrid,,spreads,,,,,,,,,,,,,,,,,,unknown,,decimal,2026-09-22T10:25:41+00:00,none_available,,False,False,unavailable,2026-09-22,"The Odds API is configured and reachable, but has not yet posted this market for this fixture (bookmakers open different markets at different times before kickoff) -- genuinely unavailable, not a collector failure."
LALIGA2627_MW27_270_VillarrealCF_RealMadrid,2026-27,27,2027-03-07,2027-03-07T00:00:00+00:00,Villarreal CF,Real Madrid,,totals,,,,,,,,,,,,,,,,,,unknown,,decimal,2026-09-22T10:25:41+00:00,none_available,,False,False,unavailable,2026-09-22,"The Odds API is configured and reachable, but has not yet posted this market for this fixture (bookmakers open different markets at different times before kickoff) -- genuinely unavailable, not a collector failure."
LALIGA2627_MW28_271_DeportivoAlavés_SevillaFC,2026-27,28,2027-03-14,2027-03-14T00:00:00+00:00,Deportivo Alavés,Sevilla FC,,h2h,,,,,,,,,,,,,,,,,,unknown,,decimal,2026-09-22T10:25:41+00:00,none_available,,False,False,unavailable,2026-09-22,"The Odds API is configured and reachable, but has not yet posted this market for this fixture (bookmakers open different markets at different times before kickoff) -- genuinely unavailable, not a collector failure."
LALIGA2627_MW28_271_DeportivoAlavés_SevillaFC,2026-27,28,2027-03-14,2027-03-14T00:00:00+00:00,Deportivo Alavés,Sevilla FC,,spreads,,,,,,,,,,,,,,,,,,unknown,,decimal,2026-09-22T10:25:41+00:00,none_available,,False,False,unavailable,2026-09-22,"The Odds API is configured and reachable, but has not yet posted this market for this fixture (bookmakers open different markets at different times before kickoff) -- genuinely unavailable, not a collector failure."
LALIGA2627_MW28_271_DeportivoAlavés_SevillaFC,2026-27,28,2027-03-14,2027-03-14T00:00:00+00:00,Deportivo Alavés,Sevilla FC,,totals,,,,,,,,,,,,,,,,,,unknown,,decimal,2026-09-22T10:25:41+00:00,none_available,,False,False,unavailable,2026-09-22,"The Odds API is configured and reachable, but has not yet posted this market for this fixture (bookmakers open different markets at different times before kickoff) -- genuinely unavailable, not a collector failure."
LALIGA2627_MW28_272_AthleticClub_ValenciaCF,2026-27,28,2027-03-14,2027-03-14T00:00:00+00:00,Athletic Club,Valencia CF,,h2h,,,,,,,,,,,,,,,,,,unknown,,decimal,2026-09-22T10:25:41+00:00,none_available,,False,False,unavailable,2026-09-22,"The Odds API is configured and reachable, but has not yet posted this market for this fixture (bookmakers open different markets at different times before kickoff) -- genuinely unavailable, not a collector failure."
LALIGA2627_MW28_272_AthleticClub_ValenciaCF,2026-27,28,2027-03-14,2027-03-14T00:00:00+00:00,Athletic Club,Valencia CF,,spreads,,,,,,,,,,,,,,,,,,unknown,,decimal,2026-09-22T10:25:41+00:00,none_available,,False,False,unavailable,2026-09-22,"The Odds API is configured and reachable, but has not yet posted this market for this fixture (bookmakers open different markets at different times before kickoff) -- genuinely unavailable, not a collector failure."
LALIGA2627_MW28_272_AthleticClub_ValenciaCF,2026-27,28,2027-03-14,2027-03-14T00:00:00+00:00,Athletic Club,Valencia CF,,totals,,,,,,,,,,,,,,,,,,unknown,,decimal,2026-09-22T10:25:41+00:00,none_available,,False,False,unavailable,2026-09-22,"The Odds API is configured and reachable, but has not yet posted this market for this fixture (bookmakers open different markets at different times before kickoff) -- genuinely unavailable, not a collector failure."
LALIGA2627_MW28_273_RealBetis_LevanteUD,2026-27,28,2027-03-14,2027-03-14T00:00:00+00:00,Real Betis,Levante UD,,h2h,,,,,,,,,,,,,,,,,,unknown,,decimal,2026-09-22T10:25:41+00:00,none_available,,False,False,unavailable,2026-09-22,"The Odds API is configured and reachable, but has not yet posted this market for this fixture (bookmakers open different markets at different times before kickoff) -- genuinely unavailable, not a collector failure."
LALIGA2627_MW28_273_RealBetis_LevanteUD,2026-27,28,2027-03-14,2027-03-14T00:00:00+00:00,Real Betis,Levante UD,,spreads,,,,,,,,,,,,,,,,,,unknown,,decimal,2026-09-22T10:25:41+00:00,none_available,,False,False,unavailable,2026-09-22,"The Odds API is configured and reachable, but has not yet posted this market for this fixture (bookmakers open different markets at different times before kickoff) -- genuinely unavailable, not a collector failure."
LALIGA2627_MW28_273_RealBetis_LevanteUD,2026-27,28,2027-03-14,2027-03-14T00:00:00+00:00,Real Betis,Levante UD,,totals,,,,,,,,,,,,,,,,,,unknown,,decimal,2026-09-22T10:25:41+00:00,none_available,,False,False,unavailable,2026-09-22,"The Odds API is configured and reachable, but has not yet posted this market for this fixture (bookmakers open different markets at different times before kickoff) -- genuinely unavailable, not a collector failure."
LALIGA2627_MW28_274_ElcheCF_VillarrealCF,2026-27,28,2027-03-14,2027-03-14T00:00:00+00:00,Elche CF,Villarreal CF,,h2h,,,,,,,,,,,,,,,,,,unknown,,decimal,2026-09-22T10:25:41+00:00,none_available,,False,False,unavailable,2026-09-22,"The Odds API is configured and reachable, but has not yet posted this market for this fixture (bookmakers open different markets at different times before kickoff) -- genuinely unavailable, not a collector failure."
LALIGA2627_MW28_274_ElcheCF_VillarrealCF,2026-27,28,2027-03-14,2027-03-14T00:00:00+00:00,Elche CF,Villarreal CF,,spreads,,,,,,,,,,,,,,,,,,unknown,,decimal,2026-09-22T10:25:41+00:00,none_available,,False,False,unavailable,2026-09-22,"The Odds API is configured and reachable, but has not yet posted this market for this fixture (bookmakers open different markets at different times before kickoff) -- genuinely unavailable, not a collector failure."
LALIGA2627_MW28_274_ElcheCF_VillarrealCF,2026-27,28,2027-03-14,2027-03-14T00:00:00+00:00,Elche CF,Villarreal CF,,totals,,,,,,,,,,,,,,,,,,unknown,,decimal,2026-09-22T10:25:41+00:00,none_available,,False,False,unavailable,2026-09-22,"The Odds API is configured and reachable, but has not yet posted this market for this fixture (bookmakers open different markets at different times before kickoff) -- genuinely unavailable, not a collector failure."
LALIGA2627_MW28_275_FCBarcelona_RCDeportivo,2026-27,28,2027-03-14,2027-03-14T00:00:00+00:00,FC Barcelona,RC Deportivo,,h2h,,,,,,,,,,,,,,,,,,unknown,,decimal,2026-09-22T10:25:41+00:00,none_available,,False,False,unavailable,2026-09-22,"The Odds API is configured and reachable, but has not yet posted this market for this fixture (bookmakers open different markets at different times before kickoff) -- genuinely unavailable, not a collector failure."
LALIGA2627_MW28_275_FCBarcelona_RCDeportivo,2026-27,28,2027-03-14,2027-03-14T00:00:00+00:00,FC Barcelona,RC Deportivo,,spreads,,,,,,,,,,,,,,,,,,unknown,,decimal,2026-09-22T10:25:41+00:00,none_available,,False,False,unavailable,2026-09-22,"The Odds API is configured and reachable, but has not yet posted this market for this fixture (bookmakers open different markets at different times before kickoff) -- genuinely unavailable, not a collector failure."
LALIGA2627_MW28_275_FCBarcelona_RCDeportivo,2026-27,28,2027-03-14,2027-03-14T00:00:00+00:00,FC Barcelona,RC Deportivo,,totals,,,,,,,,,,,,,,,,,,unknown,,decimal,2026-09-22T10:25:41+00:00,none_available,,False,False,unavailable,2026-09-22,"The Odds API is configured and reachable, but has not yet posted this market for this fixture (bookmakers open different markets at different times before kickoff) -- genuinely unavailable, not a collector failure."
LALIGA2627_MW28_276_GetafeCF_RealSociedad,2026-27,28,2027-03-14,2027-03-14T00:00:00+00:00,Getafe CF,Real Sociedad,,h2h,,,,,,,,,,,,,,,,,,unknown,,decimal,2026-09-22T10:25:41+00:00,none_available,,False,False,unavailable,2026-09-22,"The Odds API is configured and reachable, but has not yet posted this market for this fixture (bookmakers open different markets at different times before kickoff) -- genuinely unavailable, not a collector failure."
LALIGA2627_MW28_276_GetafeCF_RealSociedad,2026-27,28,2027-03-14,2027-03-14T00:00:00+00:00,Getafe CF,Real Sociedad,,spreads,,,,,,,,,,,,,,,,,,unknown,,decimal,2026-09-22T10:25:41+00:00,none_available,,False,False,unavailable,2026-09-22,"The Odds API is configured and reachable, but has not yet posted this market for this fixture (bookmakers open different markets at different times before kickoff) -- genuinely unavailable, not a collector failure."
LALIGA2627_MW28_276_GetafeCF_RealSociedad,2026-27,28,2027-03-14,2027-03-14T00:00:00+00:00,Getafe CF,Real Sociedad,,totals,,,,,,,,,,,,,,,,,,unknown,,decimal,2026-09-22T10:25:41+00:00,none_available,,False,False,unavailable,2026-09-22,"The Odds API is configured and reachable, but has not yet posted this market for this fixture (bookmakers open different markets at different times before kickoff) -- genuinely unavailable, not a collector failure."
LALIGA2627_MW28_277_MálagaCF_RayoVallecano,2026-27,28,2027-03-14,2027-03-14T00:00:00+00:00,Málaga CF,Rayo Vallecano,,h2h,,,,,,,,,,,,,,,,,,unknown,,decimal,2026-09-22T10:25:41+00:00,none_available,,False,False,unavailable,2026-09-22,"The Odds API is configured and reachable, but has not yet posted this market for this fixture (bookmakers open different markets at different times before kickoff) -- genuinely unavailable, not a collector failure."
LALIGA2627_MW28_277_MálagaCF_RayoVallecano,2026-27,28,2027-03-14,2027-03-14T00:00:00+00:00,Málaga CF,Rayo Vallecano,,spreads,,,,,,,,,,,,,,,,,,unknown,,decimal,2026-09-22T10:25:41+00:00,none_available,,False,False,unavailable,2026-09-22,"The Odds API is configured and reachable, but has not yet posted this market for this fixture (bookmakers open different markets at different times before kickoff) -- genuinely unavailable, not a collector failure."
LALIGA2627_MW28_277_MálagaCF_RayoVallecano,2026-27,28,2027-03-14,2027-03-14T00:00:00+00:00,Málaga CF,Rayo Vallecano,,totals,,,,,,,,,,,,,,,,,,unknown,,decimal,2026-09-22T10:25:41+00:00,none_available,,False,False,unavailable,2026-09-22,"The Odds API is configured and reachable, but has not yet posted this market for this fixture (bookmakers open different markets at different times before kickoff) -- genuinely unavailable, not a collector failure."
LALIGA2627_MW28_278_CAOsasuna_CeltaVigo,2026-27,28,2027-03-14,2027-03-14T00:00:00+00:00,CA Osasuna,Celta Vigo,,h2h,,,,,,,,,,,,,,,,,,unknown,,decimal,2026-09-22T10:25:41+00:00,none_available,,False,False,unavailable,2026-09-22,"The Odds API is configured and reachable, but has not yet posted this market for this fixture (bookmakers open different markets at different times before kickoff) -- genuinely unavailable, not a collector failure."
LALIGA2627_MW28_278_CAOsasuna_CeltaVigo,2026-27,28,2027-03-14,2027-03-14T00:00:00+00:00,CA Osasuna,Celta Vigo,,spreads,,,,,,,,,,,,,,,,,,unknown,,decimal,2026-09-22T10:25:41+00:00,none_available,,False,False,unavailable,2026-09-22,"The Odds API is configured and reachable, but has not yet posted this market for this fixture (bookmakers open different markets at different times before kickoff) -- genuinely unavailable, not a collector failure."
LALIGA2627_MW28_278_CAOsasuna_CeltaVigo,2026-27,28,2027-03-14,2027-03-14T00:00:00+00:00,CA Osasuna,Celta Vigo,,totals,,,,,,,,,,,,,,,,,,unknown,,decimal,2026-09-22T10:25:41+00:00,none_available,,False,False,unavailable,2026-09-22,"The Odds API is configured and reachable, but has not yet posted this market for this fixture (bookmakers open different markets at different times before kickoff) -- genuinely unavailable, not a collector failure."
LALIGA2627_MW28_279_R.RacingClub_AtléticodeMadrid,2026-27,28,2027-03-14,2027-03-14T00:00:00+00:00,R. Racing Club,Atlético de Madrid,,h2h,,,,,,,,,,,,,,,,,,unknown,,decimal,2026-09-22T10:25:41+00:00,none_available,,False,False,unavailable,2026-09-22,"The Odds API is configured and reachable, but has not yet posted this market for this fixture (bookmakers open different markets at different times before kickoff) -- genuinely unavailable, not a collector failure."
LALIGA2627_MW28_279_R.RacingClub_AtléticodeMadrid,2026-27,28,2027-03-14,2027-03-14T00:00:00+00:00,R. Racing Club,Atlético de Madrid,,spreads,,,,,,,,,,,,,,,,,,unknown,,decimal,2026-09-22T10:25:41+00:00,none_available,,False,False,unavailable,2026-09-22,"The Odds API is configured and reachable, but has not yet posted this market for this fixture (bookmakers open different markets at different times before kickoff) -- genuinely unavailable, not a collector failure."
LALIGA2627_MW28_279_R.RacingClub_AtléticodeMadrid,2026-27,28,2027-03-14,2027-03-14T00:00:00+00:00,R. Racing Club,Atlético de Madrid,,totals,,,,,,,,,,,,,,,,,,unknown,,decimal,2026-09-22T10:25:41+00:00,none_available,,False,False,unavailable,2026-09-22,"The Odds API is configured and reachable, but has not yet posted this market for this fixture (bookmakers open different markets at different times before kickoff) -- genuinely unavailable, not a collector failure."
LALIGA2627_MW28_280_RealMadrid_RCDEspanyoldeBarcelona,2026-27,28,2027-03-14,2027-03-14T00:00:00+00:00,Real Madrid,RCD Espanyol de Barcelona,,h2h,,,,,,,,,,,,,,,,,,unknown,,decimal,2026-09-22T10:25:41+00:00,none_available,,False,False,unavailable,2026-09-22,"The Odds API is configured and reachable, but has not yet posted this market for this fixture (bookmakers open different markets at different times before kickoff) -- genuinely unavailable, not a collector failure."
LALIGA2627_MW28_280_RealMadrid_RCDEspanyoldeBarcelona,2026-27,28,2027-03-14,2027-03-14T00:00:00+00:00,Real Madrid,RCD Espanyol de Barcelona,,spreads,,,,,,,,,,,,,,,,,,unknown,,decimal,2026-09-22T10:25:41+00:00,none_available,,False,False,unavailable,2026-09-22,"The Odds API is configured and reachable, but has not yet posted this market for this fixture (bookmakers open different markets at different times before kickoff) -- genuinely unavailable, not a collector failure."
LALIGA2627_MW28_280_RealMadrid_RCDEspanyoldeBarcelona,2026-27,28,2027-03-14,2027-03-14T00:00:00+00:00,Real Madrid,RCD Espanyol de Barcelona,,totals,,,,,,,,,,,,,,,,,,unknown,,decimal,2026-09-22T10:25:41+00:00,none_available,,False,False,unavailable,2026-09-22,"The Odds API is configured and reachable, but has not yet posted this market for this fixture (bookmakers open different markets at different times before kickoff) -- genuinely unavailable, not a collector failure."
LALIGA2627_MW29_281_AtléticodeMadrid_GetafeCF,2026-27,29,2027-03-21,2027-03-21T00:00:00+00:00,Atlético de Madrid,Getafe CF,,h2h,,,,,,,,,,,,,,,,,,unknown,,decimal,2026-09-22T10:25:41+00:00,none_available,,False,False,unavailable,2026-09-22,"The Odds API is configured and reachable, but has not yet posted this market for this fixture (bookmakers open different markets at different times before kickoff) -- genuinely unavailable, not a collector failure."
LALIGA2627_MW29_281_AtléticodeMadrid_GetafeCF,2026-27,29,2027-03-21,2027-03-21T00:00:00+00:00,Atlético de Madrid,Getafe CF,,spreads,,,,,,,,,,,,,,,,,,unknown,,decimal,2026-09-22T10:25:41+00:00,none_available,,False,False,unavailable,2026-09-22,"The Odds API is configured and reachable, but has not yet posted this market for this fixture (bookmakers open different markets at different times before kickoff) -- genuinely unavailable, not a collector failure."
LALIGA2627_MW29_281_AtléticodeMadrid_GetafeCF,2026-27,29,2027-03-21,2027-03-21T00:00:00+00:00,Atlético de Madrid,Getafe CF,,totals,,,,,,,,,,,,,,,,,,unknown,,decimal,2026-09-22T10:25:41+00:00,none_available,,False,False,unavailable,2026-09-22,"The Odds API is configured and reachable, but has not yet posted this market for this fixture (bookmakers open different markets at different times before kickoff) -- genuinely unavailable, not a collector failure."
LALIGA2627_MW29_282_CeltaVigo_RealMadrid,2026-27,29,2027-03-21,2027-03-21T00:00:00+00:00,Celta Vigo,Real Madrid,,h2h,,,,,,,,,,,,,,,,,,unknown,,decimal,2026-09-22T10:25:41+00:00,none_available,,False,False,unavailable,2026-09-22,"The Odds API is configured and reachable, but has not yet posted this market for this fixture (bookmakers open different markets at different times before kickoff) -- genuinely unavailable, not a collector failure."
LALIGA2627_MW29_282_CeltaVigo_RealMadrid,2026-27,29,2027-03-21,2027-03-21T00:00:00+00:00,Celta Vigo,Real Madrid,,spreads,,,,,,,,,,,,,,,,,,unknown,,decimal,2026-09-22T10:25:41+00:00,none_available,,False,False,unavailable,2026-09-22,"The Odds API is configured and reachable, but has not yet posted this market for this fixture (bookmakers open different markets at different times before kickoff) -- genuinely unavailable, not a collector failure."
LALIGA2627_MW29_282_CeltaVigo_RealMadrid,2026-27,29,2027-03-21,2027-03-21T00:00:00+00:00,Celta Vigo,Real Madrid,,totals,,,,,,,,,,,,,,,,,,unknown,,decimal,2026-09-22T10:25:41+00:00,none_available,,False,False,unavailable,2026-09-22,"The Odds API is configured and reachable, but has not yet posted this market for this fixture (bookmakers open different markets at different times before kickoff) -- genuinely unavailable, not a collector failure."
LALIGA2627_MW29_283_RCDEspanyoldeBarcelona_AthleticClub,2026-27,29,2027-03-21,2027-03-21T00:00:00+00:00,RCD Espanyol de Barcelona,Athletic Club,,h2h,,,,,,,,,,,,,,,,,,unknown,,decimal,2026-09-22T10:25:41+00:00,none_available,,False,False,unavailable,2026-09-22,"The Odds API is configured and reachable, but has not yet posted this market for this fixture (bookmakers open different markets at different times before kickoff) -- genuinely unavailable, not a collector failure."
LALIGA2627_MW29_283_RCDEspanyoldeBarcelona_AthleticClub,2026-27,29,2027-03-21,2027-03-21T00:00:00+00:00,RCD Espanyol de Barcelona,Athletic Club,,spreads,,,,,,,,,,,,,,,,,,unknown,,decimal,2026-09-22T10:25:41+00:00,none_available,,False,False,unavailable,2026-09-22,"The Odds API is configured and reachable, but has not yet posted this market for this fixture (bookmakers open different markets at different times before kickoff) -- genuinely unavailable, not a collector failure."
LALIGA2627_MW29_283_RCDEspanyoldeBarcelona_AthleticClub,2026-27,29,2027-03-21,2027-03-21T00:00:00+00:00,RCD Espanyol de Barcelona,Athletic Club,,totals,,,,,,,,,,,,,,,,,,unknown,,decimal,2026-09-22T10:25:41+00:00,none_available,,False,False,unavailable,2026-09-22,"The Odds API is configured and reachable, but has not yet posted this market for this fixture (bookmakers open different markets at different times before kickoff) -- genuinely unavailable, not a collector failure."
LALIGA2627_MW29_284_LevanteUD_CAOsasuna,2026-27,29,2027-03-21,2027-03-21T00:00:00+00:00,Levante UD,CA Osasuna,,h2h,,,,,,,,,,,,,,,,,,unknown,,decimal,2026-09-22T10:25:41+00:00,none_available,,False,False,unavailable,2026-09-22,"The Odds API is configured and reachable, but has not yet posted this market for this fixture (bookmakers open different markets at different times before kickoff) -- genuinely unavailable, not a collector failure."
LALIGA2627_MW29_284_LevanteUD_CAOsasuna,2026-27,29,2027-03-21,2027-03-21T00:00:00+00:00,Levante UD,CA Osasuna,,spreads,,,,,,,,,,,,,,,,,,unknown,,decimal,2026-09-22T10:25:41+00:00,none_available,,False,False,unavailable,2026-09-22,"The Odds API is configured and reachable, but has not yet posted this market for this fixture (bookmakers open different markets at different times before kickoff) -- genuinely unavailable, not a collector failure."
LALIGA2627_MW29_284_LevanteUD_CAOsasuna,2026-27,29,2027-03-21,2027-03-21T00:00:00+00:00,Levante UD,CA Osasuna,,totals,,,,,,,,,,,,,,,,,,unknown,,decimal,2026-09-22T10:25:41+00:00,none_available,,False,False,unavailable,2026-09-22,"The Odds API is configured and reachable, but has not yet posted this market for this fixture (bookmakers open different markets at different times before kickoff) -- genuinely unavailable, not a collector failure."
LALIGA2627_MW29_285_R.RacingClub_RealBetis,2026-27,29,2027-03-21,2027-03-21T00:00:00+00:00,R. Racing Club,Real Betis,,h2h,,,,,,,,,,,,,,,,,,unknown,,decimal,2026-09-22T10:25:41+00:00,none_available,,False,False,unavailable,2026-09-22,"The Odds API is configured and reachable, but has not yet posted this market for this fixture (bookmakers open different markets at different times before kickoff) -- genuinely unavailable, not a collector failure."
LALIGA2627_MW29_285_R.RacingClub_RealBetis,2026-27,29,2027-03-21,2027-03-21T00:00:00+00:00,R. Racing Club,Real Betis,,spreads,,,,,,,,,,,,,,,,,,unknown,,decimal,2026-09-22T10:25:41+00:00,none_available,,False,False,unavailable,2026-09-22,"The Odds API is configured and reachable, but has not yet posted this market for this fixture (bookmakers open different markets at different times before kickoff) -- genuinely unavailable, not a collector failure."
LALIGA2627_MW29_285_R.RacingClub_RealBetis,2026-27,29,2027-03-21,2027-03-21T00:00:00+00:00,R. Racing Club,Real Betis,,totals,,,,,,,,,,,,,,,,,,unknown,,decimal,2026-09-22T10:25:41+00:00,none_available,,False,False,unavailable,2026-09-22,"The Odds API is configured and reachable, but has not yet posted this market for this fixture (bookmakers open different markets at different times before kickoff) -- genuinely unavailable, not a collector failure."
LALIGA2627_MW29_286_RayoVallecano_FCBarcelona,2026-27,29,2027-03-21,2027-03-21T00:00:00+00:00,Rayo Vallecano,FC Barcelona,,h2h,,,,,,,,,,,,,,,,,,unknown,,decimal,2026-09-22T10:25:41+00:00,none_available,,False,False,unavailable,2026-09-22,"The Odds API is configured and reachable, but has not yet posted this market for this fixture (bookmakers open different markets at different times before kickoff) -- genuinely unavailable, not a collector failure."
LALIGA2627_MW29_286_RayoVallecano_FCBarcelona,2026-27,29,2027-03-21,2027-03-21T00:00:00+00:00,Rayo Vallecano,FC Barcelona,,spreads,,,,,,,,,,,,,,,,,,unknown,,decimal,2026-09-22T10:25:41+00:00,none_available,,False,False,unavailable,2026-09-22,"The Odds API is configured and reachable, but has not yet posted this market for this fixture (bookmakers open different markets at different times before kickoff) -- genuinely unavailable, not a collector failure."
LALIGA2627_MW29_286_RayoVallecano_FCBarcelona,2026-27,29,2027-03-21,2027-03-21T00:00:00+00:00,Rayo Vallecano,FC Barcelona,,totals,,,,,,,,,,,,,,,,,,unknown,,decimal,2026-09-22T10:25:41+00:00,none_available,,False,False,unavailable,2026-09-22,"The Odds API is configured and reachable, but has not yet posted this market for this fixture (bookmakers open different markets at different times before kickoff) -- genuinely unavailable, not a collector failure."
LALIGA2627_MW29_287_RealSociedad_DeportivoAlavés,2026-27,29,2027-03-21,2027-03-21T00:00:00+00:00,Real Sociedad,Deportivo Alavés,,h2h,,,,,,,,,,,,,,,,,,unknown,,decimal,2026-09-22T10:25:41+00:00,none_available,,False,False,unavailable,2026-09-22,"The Odds API is configured and reachable, but has not yet posted this market for this fixture (bookmakers open different markets at different times before kickoff) -- genuinely unavailable, not a collector failure."
LALIGA2627_MW29_287_RealSociedad_DeportivoAlavés,2026-27,29,2027-03-21,2027-03-21T00:00:00+00:00,Real Sociedad,Deportivo Alavés,,spreads,,,,,,,,,,,,,,,,,,unknown,,decimal,2026-09-22T10:25:41+00:00,none_available,,False,False,unavailable,2026-09-22,"The Odds API is configured and reachable, but has not yet posted this market for this fixture (bookmakers open different markets at different times before kickoff) -- genuinely unavailable, not a collector failure."
LALIGA2627_MW29_287_RealSociedad_DeportivoAlavés,2026-27,29,2027-03-21,2027-03-21T00:00:00+00:00,Real Sociedad,Deportivo Alavés,,totals,,,,,,,,,,,,,,,,,,unknown,,decimal,2026-09-22T10:25:41+00:00,none_available,,False,False,unavailable,2026-09-22,"The Odds API is configured and reachable, but has not yet posted this market for this fixture (bookmakers open different markets at different times before kickoff) -- genuinely unavailable, not a collector failure."
LALIGA2627_MW29_288_SevillaFC_ElcheCF,2026-27,29,2027-03-21,2027-03-21T00:00:00+00:00,Sevilla FC,Elche CF,,h2h,,,,,,,,,,,,,,,,,,unknown,,decimal,2026-09-22T10:25:41+00:00,none_available,,False,False,unavailable,2026-09-22,"The Odds API is configured and reachable, but has not yet posted this market for this fixture (bookmakers open different markets at different times before kickoff) -- genuinely unavailable, not a collector failure."
LALIGA2627_MW29_288_SevillaFC_ElcheCF,2026-27,29,2027-03-21,2027-03-21T00:00:00+00:00,Sevilla FC,Elche CF,,spreads,,,,,,,,,,,,,,,,,,unknown,,decimal,2026-09-22T10:25:41+00:00,none_available,,False,False,unavailable,2026-09-22,"The Odds API is configured and reachable, but has not yet posted this market for this fixture (bookmakers open different markets at different times before kickoff) -- genuinely unavailable, not a collector failure."
LALIGA2627_MW29_288_SevillaFC_ElcheCF,2026-27,29,2027-03-21,2027-03-21T00:00:00+00:00,Sevilla FC,Elche CF,,totals,,,,,,,,,,,,,,,,,,unknown,,decimal,2026-09-22T10:25:41+00:00,none_available,,False,False,unavailable,2026-09-22,"The Odds API is configured and reachable, but has not yet posted this market for this fixture (bookmakers open different markets at different times before kickoff) -- genuinely unavailable, not a collector failure."
LALIGA2627_MW29_289_ValenciaCF_RCDeportivo,2026-27,29,2027-03-21,2027-03-21T00:00:00+00:00,Valencia CF,RC Deportivo,,h2h,,,,,,,,,,,,,,,,,,unknown,,decimal,2026-09-22T10:25:41+00:00,none_available,,False,False,unavailable,2026-09-22,"The Odds API is configured and reachable, but has not yet posted this market for this fixture (bookmakers open different markets at different times before kickoff) -- genuinely unavailable, not a collector failure."
LALIGA2627_MW29_289_ValenciaCF_RCDeportivo,2026-27,29,2027-03-21,2027-03-21T00:00:00+00:00,Valencia CF,RC Deportivo,,spreads,,,,,,,,,,,,,,,,,,unknown,,decimal,2026-09-22T10:25:41+00:00,none_available,,False,False,unavailable,2026-09-22,"The Odds API is configured and reachable, but has not yet posted this market for this fixture (bookmakers open different markets at different times before kickoff) -- genuinely unavailable, not a collector failure."
LALIGA2627_MW29_289_ValenciaCF_RCDeportivo,2026-27,29,2027-03-21,2027-03-21T00:00:00+00:00,Valencia CF,RC Deportivo,,totals,,,,,,,,,,,,,,,,,,unknown,,decimal,2026-09-22T10:25:41+00:00,none_available,,False,False,unavailable,2026-09-22,"The Odds API is configured and reachable, but has not yet posted this market for this fixture (bookmakers open different markets at different times before kickoff) -- genuinely unavailable, not a collector failure."
LALIGA2627_MW29_290_VillarrealCF_MálagaCF,2026-27,29,2027-03-21,2027-03-21T00:00:00+00:00,Villarreal CF,Málaga CF,,h2h,,,,,,,,,,,,,,,,,,unknown,,decimal,2026-09-22T10:25:41+00:00,none_available,,False,False,unavailable,2026-09-22,"The Odds API is configured and reachable, but has not yet posted this market for this fixture (bookmakers open different markets at different times before kickoff) -- genuinely unavailable, not a collector failure."
LALIGA2627_MW29_290_VillarrealCF_MálagaCF,2026-27,29,2027-03-21,2027-03-21T00:00:00+00:00,Villarreal CF,Málaga CF,,spreads,,,,,,,,,,,,,,,,,,unknown,,decimal,2026-09-22T10:25:41+00:00,none_available,,False,False,unavailable,2026-09-22,"The Odds API is configured and reachable, but has not yet posted this market for this fixture (bookmakers open different markets at different times before kickoff) -- genuinely unavailable, not a collector failure."
LALIGA2627_MW29_290_VillarrealCF_MálagaCF,2026-27,29,2027-03-21,2027-03-21T00:00:00+00:00,Villarreal CF,Málaga CF,,totals,,,,,,,,,,,,,,,,,,unknown,,decimal,2026-09-22T10:25:41+00:00,none_available,,False,False,unavailable,2026-09-22,"The Odds API is configured and reachable, but has not yet posted this market for this fixture (bookmakers open different markets at different times before kickoff) -- genuinely unavailable, not a collector failure."
LALIGA2627_MW30_291_AthleticClub_R.RacingClub,2026-27,30,2027-04-04,2027-04-04T00:00:00+00:00,Athletic Club,R. Racing Club,,h2h,,,,,,,,,,,,,,,,,,unknown,,decimal,2026-09-22T10:25:41+00:00,none_available,,False,False,unavailable,2026-09-22,"The Odds API is configured and reachable, but has not yet posted this market for this fixture (bookmakers open different markets at different times before kickoff) -- genuinely unavailable, not a collector failure."
LALIGA2627_MW30_291_AthleticClub_R.RacingClub,2026-27,30,2027-04-04,2027-04-04T00:00:00+00:00,Athletic Club,R. Racing Club,,spreads,,,,,,,,,,,,,,,,,,unknown,,decimal,2026-09-22T10:25:41+00:00,none_available,,False,False,unavailable,2026-09-22,"The Odds API is configured and reachable, but has not yet posted this market for this fixture (bookmakers open different markets at different times before kickoff) -- genuinely unavailable, not a collector failure."
LALIGA2627_MW30_291_AthleticClub_R.RacingClub,2026-27,30,2027-04-04,2027-04-04T00:00:00+00:00,Athletic Club,R. Racing Club,,totals,,,,,,,,,,,,,,,,,,unknown,,decimal,2026-09-22T10:25:41+00:00,none_available,,False,False,unavailable,2026-09-22,"The Odds API is configured and reachable, but has not yet posted this market for this fixture (bookmakers open different markets at different times before kickoff) -- genuinely unavailable, not a collector failure."
LALIGA2627_MW30_292_RealBetis_CeltaVigo,2026-27,30,2027-04-04,2027-04-04T00:00:00+00:00,Real Betis,Celta Vigo,,h2h,,,,,,,,,,,,,,,,,,unknown,,decimal,2026-09-22T10:25:41+00:00,none_available,,False,False,unavailable,2026-09-22,"The Odds API is configured and reachable, but has not yet posted this market for this fixture (bookmakers open different markets at different times before kickoff) -- genuinely unavailable, not a collector failure."
LALIGA2627_MW30_292_RealBetis_CeltaVigo,2026-27,30,2027-04-04,2027-04-04T00:00:00+00:00,Real Betis,Celta Vigo,,spreads,,,,,,,,,,,,,,,,,,unknown,,decimal,2026-09-22T10:25:41+00:00,none_available,,False,False,unavailable,2026-09-22,"The Odds API is configured and reachable, but has not yet posted this market for this fixture (bookmakers open different markets at different times before kickoff) -- genuinely unavailable, not a collector failure."
LALIGA2627_MW30_292_RealBetis_CeltaVigo,2026-27,30,2027-04-04,2027-04-04T00:00:00+00:00,Real Betis,Celta Vigo,,totals,,,,,,,,,,,,,,,,,,unknown,,decimal,2026-09-22T10:25:41+00:00,none_available,,False,False,unavailable,2026-09-22,"The Odds API is configured and reachable, but has not yet posted this market for this fixture (bookmakers open different markets at different times before kickoff) -- genuinely unavailable, not a collector failure."
LALIGA2627_MW30_293_RCDeportivo_VillarrealCF,2026-27,30,2027-04-04,2027-04-04T00:00:00+00:00,RC Deportivo,Villarreal CF,,h2h,,,,,,,,,,,,,,,,,,unknown,,decimal,2026-09-22T10:25:41+00:00,none_available,,False,False,unavailable,2026-09-22,"The Odds API is configured and reachable, but has not yet posted this market for this fixture (bookmakers open different markets at different times before kickoff) -- genuinely unavailable, not a collector failure."
LALIGA2627_MW30_293_RCDeportivo_VillarrealCF,2026-27,30,2027-04-04,2027-04-04T00:00:00+00:00,RC Deportivo,Villarreal CF,,spreads,,,,,,,,,,,,,,,,,,unknown,,decimal,2026-09-22T10:25:41+00:00,none_available,,False,False,unavailable,2026-09-22,"The Odds API is configured and reachable, but has not yet posted this market for this fixture (bookmakers open different markets at different times before kickoff) -- genuinely unavailable, not a collector failure."
LALIGA2627_MW30_293_RCDeportivo_VillarrealCF,2026-27,30,2027-04-04,2027-04-04T00:00:00+00:00,RC Deportivo,Villarreal CF,,totals,,,,,,,,,,,,,,,,,,unknown,,decimal,2026-09-22T10:25:41+00:00,none_available,,False,False,unavailable,2026-09-22,"The Odds API is configured and reachable, but has not yet posted this market for this fixture (bookmakers open different markets at different times before kickoff) -- genuinely unavailable, not a collector failure."
LALIGA2627_MW30_294_ElcheCF_DeportivoAlavés,2026-27,30,2027-04-04,2027-04-04T00:00:00+00:00,Elche CF,Deportivo Alavés,,h2h,,,,,,,,,,,,,,,,,,unknown,,decimal,2026-09-22T10:25:41+00:00,none_available,,False,False,unavailable,2026-09-22,"The Odds API is configured and reachable, but has not yet posted this market for this fixture (bookmakers open different markets at different times before kickoff) -- genuinely unavailable, not a collector failure."
LALIGA2627_MW30_294_ElcheCF_DeportivoAlavés,2026-27,30,2027-04-04,2027-04-04T00:00:00+00:00,Elche CF,Deportivo Alavés,,spreads,,,,,,,,,,,,,,,,,,unknown,,decimal,2026-09-22T10:25:41+00:00,none_available,,False,False,unavailable,2026-09-22,"The Odds API is configured and reachable, but has not yet posted this market for this fixture (bookmakers open different markets at different times before kickoff) -- genuinely unavailable, not a collector failure."
LALIGA2627_MW30_294_ElcheCF_DeportivoAlavés,2026-27,30,2027-04-04,2027-04-04T00:00:00+00:00,Elche CF,Deportivo Alavés,,totals,,,,,,,,,,,,,,,,,,unknown,,decimal,2026-09-22T10:25:41+00:00,none_available,,False,False,unavailable,2026-09-22,"The Odds API is configured and reachable, but has not yet posted this market for this fixture (bookmakers open different markets at different times before kickoff) -- genuinely unavailable, not a collector failure."
LALIGA2627_MW30_295_FCBarcelona_SevillaFC,2026-27,30,2027-04-04,2027-04-04T00:00:00+00:00,FC Barcelona,Sevilla FC,,h2h,,,,,,,,,,,,,,,,,,unknown,,decimal,2026-09-22T10:25:41+00:00,none_available,,False,False,unavailable,2026-09-22,"The Odds API is configured and reachable, but has not yet posted this market for this fixture (bookmakers open different markets at different times before kickoff) -- genuinely unavailable, not a collector failure."
LALIGA2627_MW30_295_FCBarcelona_SevillaFC,2026-27,30,2027-04-04,2027-04-04T00:00:00+00:00,FC Barcelona,Sevilla FC,,spreads,,,,,,,,,,,,,,,,,,unknown,,decimal,2026-09-22T10:25:41+00:00,none_available,,False,False,unavailable,2026-09-22,"The Odds API is configured and reachable, but has not yet posted this market for this fixture (bookmakers open different markets at different times before kickoff) -- genuinely unavailable, not a collector failure."
LALIGA2627_MW30_295_FCBarcelona_SevillaFC,2026-27,30,2027-04-04,2027-04-04T00:00:00+00:00,FC Barcelona,Sevilla FC,,totals,,,,,,,,,,,,,,,,,,unknown,,decimal,2026-09-22T10:25:41+00:00,none_available,,False,False,unavailable,2026-09-22,"The Odds API is configured and reachable, but has not yet posted this market for this fixture (bookmakers open different markets at different times before kickoff) -- genuinely unavailable, not a collector failure."
LALIGA2627_MW30_296_GetafeCF_RCDEspanyoldeBarcelona,2026-27,30,2027-04-04,2027-04-04T00:00:00+00:00,Getafe CF,RCD Espanyol de Barcelona,,h2h,,,,,,,,,,,,,,,,,,unknown,,decimal,2026-09-22T10:25:41+00:00,none_available,,False,False,unavailable,2026-09-22,"The Odds API is configured and reachable, but has not yet posted this market for this fixture (bookmakers open different markets at different times before kickoff) -- genuinely unavailable, not a collector failure."
LALIGA2627_MW30_296_GetafeCF_RCDEspanyoldeBarcelona,2026-27,30,2027-04-04,2027-04-04T00:00:00+00:00,Getafe CF,RCD Espanyol de Barcelona,,spreads,,,,,,,,,,,,,,,,,,unknown,,decimal,2026-09-22T10:25:41+00:00,none_available,,False,False,unavailable,2026-09-22,"The Odds API is configured and reachable, but has not yet posted this market for this fixture (bookmakers open different markets at different times before kickoff) -- genuinely unavailable, not a collector failure."
LALIGA2627_MW30_296_GetafeCF_RCDEspanyoldeBarcelona,2026-27,30,2027-04-04,2027-04-04T00:00:00+00:00,Getafe CF,RCD Espanyol de Barcelona,,totals,,,,,,,,,,,,,,,,,,unknown,,decimal,2026-09-22T10:25:41+00:00,none_available,,False,False,unavailable,2026-09-22,"The Odds API is configured and reachable, but has not yet posted this market for this fixture (bookmakers open different markets at different times before kickoff) -- genuinely unavailable, not a collector failure."
LALIGA2627_MW30_297_LevanteUD_RayoVallecano,2026-27,30,2027-04-04,2027-04-04T00:00:00+00:00,Levante UD,Rayo Vallecano,,h2h,,,,,,,,,,,,,,,,,,unknown,,decimal,2026-09-22T10:25:41+00:00,none_available,,False,False,unavailable,2026-09-22,"The Odds API is configured and reachable, but has not yet posted this market for this fixture (bookmakers open different markets at different times before kickoff) -- genuinely unavailable, not a collector failure."
LALIGA2627_MW30_297_LevanteUD_RayoVallecano,2026-27,30,2027-04-04,2027-04-04T00:00:00+00:00,Levante UD,Rayo Vallecano,,spreads,,,,,,,,,,,,,,,,,,unknown,,decimal,2026-09-22T10:25:41+00:00,none_available,,False,False,unavailable,2026-09-22,"The Odds API is configured and reachable, but has not yet posted this market for this fixture (bookmakers open different markets at different times before kickoff) -- genuinely unavailable, not a collector failure."
LALIGA2627_MW30_297_LevanteUD_RayoVallecano,2026-27,30,2027-04-04,2027-04-04T00:00:00+00:00,Levante UD,Rayo Vallecano,,totals,,,,,,,,,,,,,,,,,,unknown,,decimal,2026-09-22T10:25:41+00:00,none_available,,False,False,unavailable,2026-09-22,"The Odds API is configured and reachable, but has not yet posted this market for this fixture (bookmakers open different markets at different times before kickoff) -- genuinely unavailable, not a collector failure."
LALIGA2627_MW30_298_MálagaCF_CAOsasuna,2026-27,30,2027-04-04,2027-04-04T00:00:00+00:00,Málaga CF,CA Osasuna,,h2h,,,,,,,,,,,,,,,,,,unknown,,decimal,2026-09-22T10:25:41+00:00,none_available,,False,False,unavailable,2026-09-22,"The Odds API is configured and reachable, but has not yet posted this market for this fixture (bookmakers open different markets at different times before kickoff) -- genuinely unavailable, not a collector failure."
LALIGA2627_MW30_298_MálagaCF_CAOsasuna,2026-27,30,2027-04-04,2027-04-04T00:00:00+00:00,Málaga CF,CA Osasuna,,spreads,,,,,,,,,,,,,,,,,,unknown,,decimal,2026-09-22T10:25:41+00:00,none_available,,False,False,unavailable,2026-09-22,"The Odds API is configured and reachable, but has not yet posted this market for this fixture (bookmakers open different markets at different times before kickoff) -- genuinely unavailable, not a collector failure."
LALIGA2627_MW30_298_MálagaCF_CAOsasuna,2026-27,30,2027-04-04,2027-04-04T00:00:00+00:00,Málaga CF,CA Osasuna,,totals,,,,,,,,,,,,,,,,,,unknown,,decimal,2026-09-22T10:25:41+00:00,none_available,,False,False,unavailable,2026-09-22,"The Odds API is configured and reachable, but has not yet posted this market for this fixture (bookmakers open different markets at different times before kickoff) -- genuinely unavailable, not a collector failure."
LALIGA2627_MW30_299_RealMadrid_AtléticodeMadrid,2026-27,30,2027-04-04,2027-04-04T00:00:00+00:00,Real Madrid,Atlético de Madrid,,h2h,,,,,,,,,,,,,,,,,,unknown,,decimal,2026-09-22T10:25:41+00:00,none_available,,False,False,unavailable,2026-09-22,"The Odds API is configured and reachable, but has not yet posted this market for this fixture (bookmakers open different markets at different times before kickoff) -- genuinely unavailable, not a collector failure."
LALIGA2627_MW30_299_RealMadrid_AtléticodeMadrid,2026-27,30,2027-04-04,2027-04-04T00:00:00+00:00,Real Madrid,Atlético de Madrid,,spreads,,,,,,,,,,,,,,,,,,unknown,,decimal,2026-09-22T10:25:41+00:00,none_available,,False,False,unavailable,2026-09-22,"The Odds API is configured and reachable, but has not yet posted this market for this fixture (bookmakers open different markets at different times before kickoff) -- genuinely unavailable, not a collector failure."
LALIGA2627_MW30_299_RealMadrid_AtléticodeMadrid,2026-27,30,2027-04-04,2027-04-04T00:00:00+00:00,Real Madrid,Atlético de Madrid,,totals,,,,,,,,,,,,,,,,,,unknown,,decimal,2026-09-22T10:25:41+00:00,none_available,,False,False,unavailable,2026-09-22,"The Odds API is configured and reachable, but has not yet posted this market for this fixture (bookmakers open different markets at different times before kickoff) -- genuinely unavailable, not a collector failure."
LALIGA2627_MW30_300_RealSociedad_ValenciaCF,2026-27,30,2027-04-04,2027-04-04T00:00:00+00:00,Real Sociedad,Valencia CF,,h2h,,,,,,,,,,,,,,,,,,unknown,,decimal,2026-09-22T10:25:41+00:00,none_available,,False,False,unavailable,2026-09-22,"The Odds API is configured and reachable, but has not yet posted this market for this fixture (bookmakers open different markets at different times before kickoff) -- genuinely unavailable, not a collector failure."
LALIGA2627_MW30_300_RealSociedad_ValenciaCF,2026-27,30,2027-04-04,2027-04-04T00:00:00+00:00,Real Sociedad,Valencia CF,,spreads,,,,,,,,,,,,,,,,,,unknown,,decimal,2026-09-22T10:25:41+00:00,none_available,,False,False,unavailable,2026-09-22,"The Odds API is configured and reachable, but has not yet posted this market for this fixture (bookmakers open different markets at different times before kickoff) -- genuinely unavailable, not a collector failure."
LALIGA2627_MW30_300_RealSociedad_ValenciaCF,2026-27,30,2027-04-04,2027-04-04T00:00:00+00:00,Real Sociedad,Valencia CF,,totals,,,,,,,,,,,,,,,,,,unknown,,decimal,2026-09-22T10:25:41+00:00,none_available,,False,False,unavailable,2026-09-22,"The Odds API is configured and reachable, but has not yet posted this market for this fixture (bookmakers open different markets at different times before kickoff) -- genuinely unavailable, not a collector failure."
LALIGA2627_MW31_301_DeportivoAlavés_RealBetis,2026-27,31,2027-04-11,2027-04-11T00:00:00+00:00,Deportivo Alavés,Real Betis,,h2h,,,,,,,,,,,,,,,,,,unknown,,decimal,2026-09-22T10:25:41+00:00,none_available,,False,False,unavailable,2026-09-22,"The Odds API is configured and reachable, but has not yet posted this market for this fixture (bookmakers open different markets at different times before kickoff) -- genuinely unavailable, not a collector failure."
LALIGA2627_MW31_301_DeportivoAlavés_RealBetis,2026-27,31,2027-04-11,2027-04-11T00:00:00+00:00,Deportivo Alavés,Real Betis,,spreads,,,,,,,,,,,,,,,,,,unknown,,decimal,2026-09-22T10:25:41+00:00,none_available,,False,False,unavailable,2026-09-22,"The Odds API is configured and reachable, but has not yet posted this market for this fixture (bookmakers open different markets at different times before kickoff) -- genuinely unavailable, not a collector failure."
LALIGA2627_MW31_301_DeportivoAlavés_RealBetis,2026-27,31,2027-04-11,2027-04-11T00:00:00+00:00,Deportivo Alavés,Real Betis,,totals,,,,,,,,,,,,,,,,,,unknown,,decimal,2026-09-22T10:25:41+00:00,none_available,,False,False,unavailable,2026-09-22,"The Odds API is configured and reachable, but has not yet posted this market for this fixture (bookmakers open different markets at different times before kickoff) -- genuinely unavailable, not a collector failure."
LALIGA2627_MW31_302_AtléticodeMadrid_LevanteUD,2026-27,31,2027-04-11,2027-04-11T00:00:00+00:00,Atlético de Madrid,Levante UD,,h2h,,,,,,,,,,,,,,,,,,unknown,,decimal,2026-09-22T10:25:41+00:00,none_available,,False,False,unavailable,2026-09-22,"The Odds API is configured and reachable, but has not yet posted this market for this fixture (bookmakers open different markets at different times before kickoff) -- genuinely unavailable, not a collector failure."
LALIGA2627_MW31_302_AtléticodeMadrid_LevanteUD,2026-27,31,2027-04-11,2027-04-11T00:00:00+00:00,Atlético de Madrid,Levante UD,,spreads,,,,,,,,,,,,,,,,,,unknown,,decimal,2026-09-22T10:25:41+00:00,none_available,,False,False,unavailable,2026-09-22,"The Odds API is configured and reachable, but has not yet posted this market for this fixture (bookmakers open different markets at different times before kickoff) -- genuinely unavailable, not a collector failure."
LALIGA2627_MW31_302_AtléticodeMadrid_LevanteUD,2026-27,31,2027-04-11,2027-04-11T00:00:00+00:00,Atlético de Madrid,Levante UD,,totals,,,,,,,,,,,,,,,,,,unknown,,decimal,2026-09-22T10:25:41+00:00,none_available,,False,False,unavailable,2026-09-22,"The Odds API is configured and reachable, but has not yet posted this market for this fixture (bookmakers open different markets at different times before kickoff) -- genuinely unavailable, not a collector failure."
LALIGA2627_MW31_303_CeltaVigo_ElcheCF,2026-27,31,2027-04-11,2027-04-11T00:00:00+00:00,Celta Vigo,Elche CF,,h2h,,,,,,,,,,,,,,,,,,unknown,,decimal,2026-09-22T10:25:41+00:00,none_available,,False,False,unavailable,2026-09-22,"The Odds API is configured and reachable, but has not yet posted this market for this fixture (bookmakers open different markets at different times before kickoff) -- genuinely unavailable, not a collector failure."
LALIGA2627_MW31_303_CeltaVigo_ElcheCF,2026-27,31,2027-04-11,2027-04-11T00:00:00+00:00,Celta Vigo,Elche CF,,spreads,,,,,,,,,,,,,,,,,,unknown,,decimal,2026-09-22T10:25:41+00:00,none_available,,False,False,unavailable,2026-09-22,"The Odds API is configured and reachable, but has not yet posted this market for this fixture (bookmakers open different markets at different times before kickoff) -- genuinely unavailable, not a collector failure."
LALIGA2627_MW31_303_CeltaVigo_ElcheCF,2026-27,31,2027-04-11,2027-04-11T00:00:00+00:00,Celta Vigo,Elche CF,,totals,,,,,,,,,,,,,,,,,,unknown,,decimal,2026-09-22T10:25:41+00:00,none_available,,False,False,unavailable,2026-09-22,"The Odds API is configured and reachable, but has not yet posted this market for this fixture (bookmakers open different markets at different times before kickoff) -- genuinely unavailable, not a collector failure."
LALIGA2627_MW31_304_RCDEspanyoldeBarcelona_MálagaCF,2026-27,31,2027-04-11,2027-04-11T00:00:00+00:00,RCD Espanyol de Barcelona,Málaga CF,,h2h,,,,,,,,,,,,,,,,,,unknown,,decimal,2026-09-22T10:25:41+00:00,none_available,,False,False,unavailable,2026-09-22,"The Odds API is configured and reachable, but has not yet posted this market for this fixture (bookmakers open different markets at different times before kickoff) -- genuinely unavailable, not a collector failure."
LALIGA2627_MW31_304_RCDEspanyoldeBarcelona_MálagaCF,2026-27,31,2027-04-11,2027-04-11T00:00:00+00:00,RCD Espanyol de Barcelona,Málaga CF,,spreads,,,,,,,,,,,,,,,,,,unknown,,decimal,2026-09-22T10:25:41+00:00,none_available,,False,False,unavailable,2026-09-22,"The Odds API is configured and reachable, but has not yet posted this market for this fixture (bookmakers open different markets at different times before kickoff) -- genuinely unavailable, not a collector failure."
LALIGA2627_MW31_304_RCDEspanyoldeBarcelona_MálagaCF,2026-27,31,2027-04-11,2027-04-11T00:00:00+00:00,RCD Espanyol de Barcelona,Málaga CF,,totals,,,,,,,,,,,,,,,,,,unknown,,decimal,2026-09-22T10:25:41+00:00,none_available,,False,False,unavailable,2026-09-22,"The Odds API is configured and reachable, but has not yet posted this market for this fixture (bookmakers open different markets at different times before kickoff) -- genuinely unavailable, not a collector failure."
LALIGA2627_MW31_305_CAOsasuna_RealMadrid,2026-27,31,2027-04-11,2027-04-11T00:00:00+00:00,CA Osasuna,Real Madrid,,h2h,,,,,,,,,,,,,,,,,,unknown,,decimal,2026-09-22T10:25:41+00:00,none_available,,False,False,unavailable,2026-09-22,"The Odds API is configured and reachable, but has not yet posted this market for this fixture (bookmakers open different markets at different times before kickoff) -- genuinely unavailable, not a collector failure."
LALIGA2627_MW31_305_CAOsasuna_RealMadrid,2026-27,31,2027-04-11,2027-04-11T00:00:00+00:00,CA Osasuna,Real Madrid,,spreads,,,,,,,,,,,,,,,,,,unknown,,decimal,2026-09-22T10:25:41+00:00,none_available,,False,False,unavailable,2026-09-22,"The Odds API is configured and reachable, but has not yet posted this market for this fixture (bookmakers open different markets at different times before kickoff) -- genuinely unavailable, not a collector failure."
LALIGA2627_MW31_305_CAOsasuna_RealMadrid,2026-27,31,2027-04-11,2027-04-11T00:00:00+00:00,CA Osasuna,Real Madrid,,totals,,,,,,,,,,,,,,,,,,unknown,,decimal,2026-09-22T10:25:41+00:00,none_available,,False,False,unavailable,2026-09-22,"The Odds API is configured and reachable, but has not yet posted this market for this fixture (bookmakers open different markets at different times before kickoff) -- genuinely unavailable, not a collector failure."
LALIGA2627_MW31_306_R.RacingClub_FCBarcelona,2026-27,31,2027-04-11,2027-04-11T00:00:00+00:00,R. Racing Club,FC Barcelona,,h2h,,,,,,,,,,,,,,,,,,unknown,,decimal,2026-09-22T10:25:41+00:00,none_available,,False,False,unavailable,2026-09-22,"The Odds API is configured and reachable, but has not yet posted this market for this fixture (bookmakers open different markets at different times before kickoff) -- genuinely unavailable, not a collector failure."
LALIGA2627_MW31_306_R.RacingClub_FCBarcelona,2026-27,31,2027-04-11,2027-04-11T00:00:00+00:00,R. Racing Club,FC Barcelona,,spreads,,,,,,,,,,,,,,,,,,unknown,,decimal,2026-09-22T10:25:41+00:00,none_available,,False,False,unavailable,2026-09-22,"The Odds API is configured and reachable, but has not yet posted this market for this fixture (bookmakers open different markets at different times before kickoff) -- genuinely unavailable, not a collector failure."
LALIGA2627_MW31_306_R.RacingClub_FCBarcelona,2026-27,31,2027-04-11,2027-04-11T00:00:00+00:00,R. Racing Club,FC Barcelona,,totals,,,,,,,,,,,,,,,,,,unknown,,decimal,2026-09-22T10:25:41+00:00,none_available,,False,False,unavailable,2026-09-22,"The Odds API is configured and reachable, but has not yet posted this market for this fixture (bookmakers open different markets at different times before kickoff) -- genuinely unavailable, not a collector failure."
LALIGA2627_MW31_307_RayoVallecano_RealSociedad,2026-27,31,2027-04-11,2027-04-11T00:00:00+00:00,Rayo Vallecano,Real Sociedad,,h2h,,,,,,,,,,,,,,,,,,unknown,,decimal,2026-09-22T10:25:41+00:00,none_available,,False,False,unavailable,2026-09-22,"The Odds API is configured and reachable, but has not yet posted this market for this fixture (bookmakers open different markets at different times before kickoff) -- genuinely unavailable, not a collector failure."
LALIGA2627_MW31_307_RayoVallecano_RealSociedad,2026-27,31,2027-04-11,2027-04-11T00:00:00+00:00,Rayo Vallecano,Real Sociedad,,spreads,,,,,,,,,,,,,,,,,,unknown,,decimal,2026-09-22T10:25:41+00:00,none_available,,False,False,unavailable,2026-09-22,"The Odds API is configured and reachable, but has not yet posted this market for this fixture (bookmakers open different markets at different times before kickoff) -- genuinely unavailable, not a collector failure."
LALIGA2627_MW31_307_RayoVallecano_RealSociedad,2026-27,31,2027-04-11,2027-04-11T00:00:00+00:00,Rayo Vallecano,Real Sociedad,,totals,,,,,,,,,,,,,,,,,,unknown,,decimal,2026-09-22T10:25:41+00:00,none_available,,False,False,unavailable,2026-09-22,"The Odds API is configured and reachable, but has not yet posted this market for this fixture (bookmakers open different markets at different times before kickoff) -- genuinely unavailable, not a collector failure."
LALIGA2627_MW31_308_SevillaFC_RCDeportivo,2026-27,31,2027-04-11,2027-04-11T00:00:00+00:00,Sevilla FC,RC Deportivo,,h2h,,,,,,,,,,,,,,,,,,unknown,,decimal,2026-09-22T10:25:41+00:00,none_available,,False,False,unavailable,2026-09-22,"The Odds API is configured and reachable, but has not yet posted this market for this fixture (bookmakers open different markets at different times before kickoff) -- genuinely unavailable, not a collector failure."
LALIGA2627_MW31_308_SevillaFC_RCDeportivo,2026-27,31,2027-04-11,2027-04-11T00:00:00+00:00,Sevilla FC,RC Deportivo,,spreads,,,,,,,,,,,,,,,,,,unknown,,decimal,2026-09-22T10:25:41+00:00,none_available,,False,False,unavailable,2026-09-22,"The Odds API is configured and reachable, but has not yet posted this market for this fixture (bookmakers open different markets at different times before kickoff) -- genuinely unavailable, not a collector failure."
LALIGA2627_MW31_308_SevillaFC_RCDeportivo,2026-27,31,2027-04-11,2027-04-11T00:00:00+00:00,Sevilla FC,RC Deportivo,,totals,,,,,,,,,,,,,,,,,,unknown,,decimal,2026-09-22T10:25:41+00:00,none_available,,False,False,unavailable,2026-09-22,"The Odds API is configured and reachable, but has not yet posted this market for this fixture (bookmakers open different markets at different times before kickoff) -- genuinely unavailable, not a collector failure."
LALIGA2627_MW31_309_ValenciaCF_GetafeCF,2026-27,31,2027-04-11,2027-04-11T00:00:00+00:00,Valencia CF,Getafe CF,,h2h,,,,,,,,,,,,,,,,,,unknown,,decimal,2026-09-22T10:25:41+00:00,none_available,,False,False,unavailable,2026-09-22,"The Odds API is configured and reachable, but has not yet posted this market for this fixture (bookmakers open different markets at different times before kickoff) -- genuinely unavailable, not a collector failure."
LALIGA2627_MW31_309_ValenciaCF_GetafeCF,2026-27,31,2027-04-11,2027-04-11T00:00:00+00:00,Valencia CF,Getafe CF,,spreads,,,,,,,,,,,,,,,,,,unknown,,decimal,2026-09-22T10:25:41+00:00,none_available,,False,False,unavailable,2026-09-22,"The Odds API is configured and reachable, but has not yet posted this market for this fixture (bookmakers open different markets at different times before kickoff) -- genuinely unavailable, not a collector failure."
LALIGA2627_MW31_309_ValenciaCF_GetafeCF,2026-27,31,2027-04-11,2027-04-11T00:00:00+00:00,Valencia CF,Getafe CF,,totals,,,,,,,,,,,,,,,,,,unknown,,decimal,2026-09-22T10:25:41+00:00,none_available,,False,False,unavailable,2026-09-22,"The Odds API is configured and reachable, but has not yet posted this market for this fixture (bookmakers open different markets at different times before kickoff) -- genuinely unavailable, not a collector failure."
LALIGA2627_MW31_310_VillarrealCF_AthleticClub,2026-27,31,2027-04-11,2027-04-11T00:00:00+00:00,Villarreal CF,Athletic Club,,h2h,,,,,,,,,,,,,,,,,,unknown,,decimal,2026-09-22T10:25:41+00:00,none_available,,False,False,unavailable,2026-09-22,"The Odds API is configured and reachable, but has not yet posted this market for this fixture (bookmakers open different markets at different times before kickoff) -- genuinely unavailable, not a collector failure."
LALIGA2627_MW31_310_VillarrealCF_AthleticClub,2026-27,31,2027-04-11,2027-04-11T00:00:00+00:00,Villarreal CF,Athletic Club,,spreads,,,,,,,,,,,,,,,,,,unknown,,decimal,2026-09-22T10:25:41+00:00,none_available,,False,False,unavailable,2026-09-22,"The Odds API is configured and reachable, but has not yet posted this market for this fixture (bookmakers open different markets at different times before kickoff) -- genuinely unavailable, not a collector failure."
LALIGA2627_MW31_310_VillarrealCF_AthleticClub,2026-27,31,2027-04-11,2027-04-11T00:00:00+00:00,Villarreal CF,Athletic Club,,totals,,,,,,,,,,,,,,,,,,unknown,,decimal,2026-09-22T10:25:41+00:00,none_available,,False,False,unavailable,2026-09-22,"The Odds API is configured and reachable, but has not yet posted this market for this fixture (bookmakers open different markets at different times before kickoff) -- genuinely unavailable, not a collector failure."
LALIGA2627_MW32_311_DeportivoAlavés_RayoVallecano,2026-27,32,2027-04-18,2027-04-18T00:00:00+00:00,Deportivo Alavés,Rayo Vallecano,,h2h,,,,,,,,,,,,,,,,,,unknown,,decimal,2026-09-22T10:25:41+00:00,none_available,,False,False,unavailable,2026-09-22,"The Odds API is configured and reachable, but has not yet posted this market for this fixture (bookmakers open different markets at different times before kickoff) -- genuinely unavailable, not a collector failure."
LALIGA2627_MW32_311_DeportivoAlavés_RayoVallecano,2026-27,32,2027-04-18,2027-04-18T00:00:00+00:00,Deportivo Alavés,Rayo Vallecano,,spreads,,,,,,,,,,,,,,,,,,unknown,,decimal,2026-09-22T10:25:41+00:00,none_available,,False,False,unavailable,2026-09-22,"The Odds API is configured and reachable, but has not yet posted this market for this fixture (bookmakers open different markets at different times before kickoff) -- genuinely unavailable, not a collector failure."
LALIGA2627_MW32_311_DeportivoAlavés_RayoVallecano,2026-27,32,2027-04-18,2027-04-18T00:00:00+00:00,Deportivo Alavés,Rayo Vallecano,,totals,,,,,,,,,,,,,,,,,,unknown,,decimal,2026-09-22T10:25:41+00:00,none_available,,False,False,unavailable,2026-09-22,"The Odds API is configured and reachable, but has not yet posted this market for this fixture (bookmakers open different markets at different times before kickoff) -- genuinely unavailable, not a collector failure."
LALIGA2627_MW32_312_AtléticodeMadrid_SevillaFC,2026-27,32,2027-04-18,2027-04-18T00:00:00+00:00,Atlético de Madrid,Sevilla FC,,h2h,,,,,,,,,,,,,,,,,,unknown,,decimal,2026-09-22T10:25:41+00:00,none_available,,False,False,unavailable,2026-09-22,"The Odds API is configured and reachable, but has not yet posted this market for this fixture (bookmakers open different markets at different times before kickoff) -- genuinely unavailable, not a collector failure."
LALIGA2627_MW32_312_AtléticodeMadrid_SevillaFC,2026-27,32,2027-04-18,2027-04-18T00:00:00+00:00,Atlético de Madrid,Sevilla FC,,spreads,,,,,,,,,,,,,,,,,,unknown,,decimal,2026-09-22T10:25:41+00:00,none_available,,False,False,unavailable,2026-09-22,"The Odds API is configured and reachable, but has not yet posted this market for this fixture (bookmakers open different markets at different times before kickoff) -- genuinely unavailable, not a collector failure."
LALIGA2627_MW32_312_AtléticodeMadrid_SevillaFC,2026-27,32,2027-04-18,2027-04-18T00:00:00+00:00,Atlético de Madrid,Sevilla FC,,totals,,,,,,,,,,,,,,,,,,unknown,,decimal,2026-09-22T10:25:41+00:00,none_available,,False,False,unavailable,2026-09-22,"The Odds API is configured and reachable, but has not yet posted this market for this fixture (bookmakers open different markets at different times before kickoff) -- genuinely unavailable, not a collector failure."
LALIGA2627_MW32_313_RealBetis_AthleticClub,2026-27,32,2027-04-18,2027-04-18T00:00:00+00:00,Real Betis,Athletic Club,,h2h,,,,,,,,,,,,,,,,,,unknown,,decimal,2026-09-22T10:25:41+00:00,none_available,,False,False,unavailable,2026-09-22,"The Odds API is configured and reachable, but has not yet posted this market for this fixture (bookmakers open different markets at different times before kickoff) -- genuinely unavailable, not a collector failure."
LALIGA2627_MW32_313_RealBetis_AthleticClub,2026-27,32,2027-04-18,2027-04-18T00:00:00+00:00,Real Betis,Athletic Club,,spreads,,,,,,,,,,,,,,,,,,unknown,,decimal,2026-09-22T10:25:41+00:00,none_available,,False,False,unavailable,2026-09-22,"The Odds API is configured and reachable, but has not yet posted this market for this fixture (bookmakers open different markets at different times before kickoff) -- genuinely unavailable, not a collector failure."
LALIGA2627_MW32_313_RealBetis_AthleticClub,2026-27,32,2027-04-18,2027-04-18T00:00:00+00:00,Real Betis,Athletic Club,,totals,,,,,,,,,,,,,,,,,,unknown,,decimal,2026-09-22T10:25:41+00:00,none_available,,False,False,unavailable,2026-09-22,"The Odds API is configured and reachable, but has not yet posted this market for this fixture (bookmakers open different markets at different times before kickoff) -- genuinely unavailable, not a collector failure."
LALIGA2627_MW32_314_RCDeportivo_CeltaVigo,2026-27,32,2027-04-18,2027-04-18T00:00:00+00:00,RC Deportivo,Celta Vigo,,h2h,,,,,,,,,,,,,,,,,,unknown,,decimal,2026-09-22T10:25:41+00:00,none_available,,False,False,unavailable,2026-09-22,"The Odds API is configured and reachable, but has not yet posted this market for this fixture (bookmakers open different markets at different times before kickoff) -- genuinely unavailable, not a collector failure."
LALIGA2627_MW32_314_RCDeportivo_CeltaVigo,2026-27,32,2027-04-18,2027-04-18T00:00:00+00:00,RC Deportivo,Celta Vigo,,spreads,,,,,,,,,,,,,,,,,,unknown,,decimal,2026-09-22T10:25:41+00:00,none_available,,False,False,unavailable,2026-09-22,"The Odds API is configured and reachable, but has not yet posted this market for this fixture (bookmakers open different markets at different times before kickoff) -- genuinely unavailable, not a collector failure."
LALIGA2627_MW32_314_RCDeportivo_CeltaVigo,2026-27,32,2027-04-18,2027-04-18T00:00:00+00:00,RC Deportivo,Celta Vigo,,totals,,,,,,,,,,,,,,,,,,unknown,,decimal,2026-09-22T10:25:41+00:00,none_available,,False,False,unavailable,2026-09-22,"The Odds API is configured and reachable, but has not yet posted this market for this fixture (bookmakers open different markets at different times before kickoff) -- genuinely unavailable, not a collector failure."
LALIGA2627_MW32_315_ElcheCF_CAOsasuna,2026-27,32,2027-04-18,2027-04-18T00:00:00+00:00,Elche CF,CA Osasuna,,h2h,,,,,,,,,,,,,,,,,,unknown,,decimal,2026-09-22T10:25:41+00:00,none_available,,False,False,unavailable,2026-09-22,"The Odds API is configured and reachable, but has not yet posted this market for this fixture (bookmakers open different markets at different times before kickoff) -- genuinely unavailable, not a collector failure."
LALIGA2627_MW32_315_ElcheCF_CAOsasuna,2026-27,32,2027-04-18,2027-04-18T00:00:00+00:00,Elche CF,CA Osasuna,,spreads,,,,,,,,,,,,,,,,,,unknown,,decimal,2026-09-22T10:25:41+00:00,none_available,,False,False,unavailable,2026-09-22,"The Odds API is configured and reachable, but has not yet posted this market for this fixture (bookmakers open different markets at different times before kickoff) -- genuinely unavailable, not a collector failure."
LALIGA2627_MW32_315_ElcheCF_CAOsasuna,2026-27,32,2027-04-18,2027-04-18T00:00:00+00:00,Elche CF,CA Osasuna,,totals,,,,,,,,,,,,,,,,,,unknown,,decimal,2026-09-22T10:25:41+00:00,none_available,,False,False,unavailable,2026-09-22,"The Odds API is configured and reachable, but has not yet posted this market for this fixture (bookmakers open different markets at different times before kickoff) -- genuinely unavailable, not a collector failure."
LALIGA2627_MW32_316_FCBarcelona_RCDEspanyoldeBarcelona,2026-27,32,2027-04-18,2027-04-18T00:00:00+00:00,FC Barcelona,RCD Espanyol de Barcelona,,h2h,,,,,,,,,,,,,,,,,,unknown,,decimal,2026-09-22T10:25:41+00:00,none_available,,False,False,unavailable,2026-09-22,"The Odds API is configured and reachable, but has not yet posted this market for this fixture (bookmakers open different markets at different times before kickoff) -- genuinely unavailable, not a collector failure."
LALIGA2627_MW32_316_FCBarcelona_RCDEspanyoldeBarcelona,2026-27,32,2027-04-18,2027-04-18T00:00:00+00:00,FC Barcelona,RCD Espanyol de Barcelona,,spreads,,,,,,,,,,,,,,,,,,unknown,,decimal,2026-09-22T10:25:41+00:00,none_available,,False,False,unavailable,2026-09-22,"The Odds API is configured and reachable, but has not yet posted this market for this fixture (bookmakers open different markets at different times before kickoff) -- genuinely unavailable, not a collector failure."
LALIGA2627_MW32_316_FCBarcelona_RCDEspanyoldeBarcelona,2026-27,32,2027-04-18,2027-04-18T00:00:00+00:00,FC Barcelona,RCD Espanyol de Barcelona,,totals,,,,,,,,,,,,,,,,,,unknown,,decimal,2026-09-22T10:25:41+00:00,none_available,,False,False,unavailable,2026-09-22,"The Odds API is configured and reachable, but has not yet posted this market for this fixture (bookmakers open different markets at different times before kickoff) -- genuinely unavailable, not a collector failure."
LALIGA2627_MW32_317_GetafeCF_RealMadrid,2026-27,32,2027-04-18,2027-04-18T00:00:00+00:00,Getafe CF,Real Madrid,,h2h,,,,,,,,,,,,,,,,,,unknown,,decimal,2026-09-22T10:25:41+00:00,none_available,,False,False,unavailable,2026-09-22,"The Odds API is configured and reachable, but has not yet posted this market for this fixture (bookmakers open different markets at different times before kickoff) -- genuinely unavailable, not a collector failure."
LALIGA2627_MW32_317_GetafeCF_RealMadrid,2026-27,32,2027-04-18,2027-04-18T00:00:00+00:00,Getafe CF,Real Madrid,,spreads,,,,,,,,,,,,,,,,,,unknown,,decimal,2026-09-22T10:25:41+00:00,none_available,,False,False,unavailable,2026-09-22,"The Odds API is configured and reachable, but has not yet posted this market for this fixture (bookmakers open different markets at different times before kickoff) -- genuinely unavailable, not a collector failure."
LALIGA2627_MW32_317_GetafeCF_RealMadrid,2026-27,32,2027-04-18,2027-04-18T00:00:00+00:00,Getafe CF,Real Madrid,,totals,,,,,,,,,,,,,,,,,,unknown,,decimal,2026-09-22T10:25:41+00:00,none_available,,False,False,unavailable,2026-09-22,"The Odds API is configured and reachable, but has not yet posted this market for this fixture (bookmakers open different markets at different times before kickoff) -- genuinely unavailable, not a collector failure."
LALIGA2627_MW32_318_LevanteUD_VillarrealCF,2026-27,32,2027-04-18,2027-04-18T00:00:00+00:00,Levante UD,Villarreal CF,,h2h,,,,,,,,,,,,,,,,,,unknown,,decimal,2026-09-22T10:25:41+00:00,none_available,,False,False,unavailable,2026-09-22,"The Odds API is configured and reachable, but has not yet posted this market for this fixture (bookmakers open different markets at different times before kickoff) -- genuinely unavailable, not a collector failure."
LALIGA2627_MW32_318_LevanteUD_VillarrealCF,2026-27,32,2027-04-18,2027-04-18T00:00:00+00:00,Levante UD,Villarreal CF,,spreads,,,,,,,,,,,,,,,,,,unknown,,decimal,2026-09-22T10:25:41+00:00,none_available,,False,False,unavailable,2026-09-22,"The Odds API is configured and reachable, but has not yet posted this market for this fixture (bookmakers open different markets at different times before kickoff) -- genuinely unavailable, not a collector failure."
LALIGA2627_MW32_318_LevanteUD_VillarrealCF,2026-27,32,2027-04-18,2027-04-18T00:00:00+00:00,Levante UD,Villarreal CF,,totals,,,,,,,,,,,,,,,,,,unknown,,decimal,2026-09-22T10:25:41+00:00,none_available,,False,False,unavailable,2026-09-22,"The Odds API is configured and reachable, but has not yet posted this market for this fixture (bookmakers open different markets at different times before kickoff) -- genuinely unavailable, not a collector failure."
LALIGA2627_MW32_319_MálagaCF_ValenciaCF,2026-27,32,2027-04-18,2027-04-18T00:00:00+00:00,Málaga CF,Valencia CF,,h2h,,,,,,,,,,,,,,,,,,unknown,,decimal,2026-09-22T10:25:41+00:00,none_available,,False,False,unavailable,2026-09-22,"The Odds API is configured and reachable, but has not yet posted this market for this fixture (bookmakers open different markets at different times before kickoff) -- genuinely unavailable, not a collector failure."
LALIGA2627_MW32_319_MálagaCF_ValenciaCF,2026-27,32,2027-04-18,2027-04-18T00:00:00+00:00,Málaga CF,Valencia CF,,spreads,,,,,,,,,,,,,,,,,,unknown,,decimal,2026-09-22T10:25:41+00:00,none_available,,False,False,unavailable,2026-09-22,"The Odds API is configured and reachable, but has not yet posted this market for this fixture (bookmakers open different markets at different times before kickoff) -- genuinely unavailable, not a collector failure."
LALIGA2627_MW32_319_MálagaCF_ValenciaCF,2026-27,32,2027-04-18,2027-04-18T00:00:00+00:00,Málaga CF,Valencia CF,,totals,,,,,,,,,,,,,,,,,,unknown,,decimal,2026-09-22T10:25:41+00:00,none_available,,False,False,unavailable,2026-09-22,"The Odds API is configured and reachable, but has not yet posted this market for this fixture (bookmakers open different markets at different times before kickoff) -- genuinely unavailable, not a collector failure."
LALIGA2627_MW32_320_RealSociedad_R.RacingClub,2026-27,32,2027-04-18,2027-04-18T00:00:00+00:00,Real Sociedad,R. Racing Club,,h2h,,,,,,,,,,,,,,,,,,unknown,,decimal,2026-09-22T10:25:41+00:00,none_available,,False,False,unavailable,2026-09-22,"The Odds API is configured and reachable, but has not yet posted this market for this fixture (bookmakers open different markets at different times before kickoff) -- genuinely unavailable, not a collector failure."
LALIGA2627_MW32_320_RealSociedad_R.RacingClub,2026-27,32,2027-04-18,2027-04-18T00:00:00+00:00,Real Sociedad,R. Racing Club,,spreads,,,,,,,,,,,,,,,,,,unknown,,decimal,2026-09-22T10:25:41+00:00,none_available,,False,False,unavailable,2026-09-22,"The Odds API is configured and reachable, but has not yet posted this market for this fixture (bookmakers open different markets at different times before kickoff) -- genuinely unavailable, not a collector failure."
LALIGA2627_MW32_320_RealSociedad_R.RacingClub,2026-27,32,2027-04-18,2027-04-18T00:00:00+00:00,Real Sociedad,R. Racing Club,,totals,,,,,,,,,,,,,,,,,,unknown,,decimal,2026-09-22T10:25:41+00:00,none_available,,False,False,unavailable,2026-09-22,"The Odds API is configured and reachable, but has not yet posted this market for this fixture (bookmakers open different markets at different times before kickoff) -- genuinely unavailable, not a collector failure."
LALIGA2627_MW33_321_AthleticClub_RCDeportivo,2026-27,33,2027-04-21,2027-04-21T00:00:00+00:00,Athletic Club,RC Deportivo,,h2h,,,,,,,,,,,,,,,,,,unknown,,decimal,2026-09-22T10:25:41+00:00,none_available,,False,False,unavailable,2026-09-22,"The Odds API is configured and reachable, but has not yet posted this market for this fixture (bookmakers open different markets at different times before kickoff) -- genuinely unavailable, not a collector failure."
LALIGA2627_MW33_321_AthleticClub_RCDeportivo,2026-27,33,2027-04-21,2027-04-21T00:00:00+00:00,Athletic Club,RC Deportivo,,spreads,,,,,,,,,,,,,,,,,,unknown,,decimal,2026-09-22T10:25:41+00:00,none_available,,False,False,unavailable,2026-09-22,"The Odds API is configured and reachable, but has not yet posted this market for this fixture (bookmakers open different markets at different times before kickoff) -- genuinely unavailable, not a collector failure."
LALIGA2627_MW33_321_AthleticClub_RCDeportivo,2026-27,33,2027-04-21,2027-04-21T00:00:00+00:00,Athletic Club,RC Deportivo,,totals,,,,,,,,,,,,,,,,,,unknown,,decimal,2026-09-22T10:25:41+00:00,none_available,,False,False,unavailable,2026-09-22,"The Odds API is configured and reachable, but has not yet posted this market for this fixture (bookmakers open different markets at different times before kickoff) -- genuinely unavailable, not a collector failure."
LALIGA2627_MW33_322_CeltaVigo_FCBarcelona,2026-27,33,2027-04-21,2027-04-21T00:00:00+00:00,Celta Vigo,FC Barcelona,,h2h,,,,,,,,,,,,,,,,,,unknown,,decimal,2026-09-22T10:25:41+00:00,none_available,,False,False,unavailable,2026-09-22,"The Odds API is configured and reachable, but has not yet posted this market for this fixture (bookmakers open different markets at different times before kickoff) -- genuinely unavailable, not a collector failure."
LALIGA2627_MW33_322_CeltaVigo_FCBarcelona,2026-27,33,2027-04-21,2027-04-21T00:00:00+00:00,Celta Vigo,FC Barcelona,,spreads,,,,,,,,,,,,,,,,,,unknown,,decimal,2026-09-22T10:25:41+00:00,none_available,,False,False,unavailable,2026-09-22,"The Odds API is configured and reachable, but has not yet posted this market for this fixture (bookmakers open different markets at different times before kickoff) -- genuinely unavailable, not a collector failure."
LALIGA2627_MW33_322_CeltaVigo_FCBarcelona,2026-27,33,2027-04-21,2027-04-21T00:00:00+00:00,Celta Vigo,FC Barcelona,,totals,,,,,,,,,,,,,,,,,,unknown,,decimal,2026-09-22T10:25:41+00:00,none_available,,False,False,unavailable,2026-09-22,"The Odds API is configured and reachable, but has not yet posted this market for this fixture (bookmakers open different markets at different times before kickoff) -- genuinely unavailable, not a collector failure."
LALIGA2627_MW33_323_RCDEspanyoldeBarcelona_RealSociedad,2026-27,33,2027-04-21,2027-04-21T00:00:00+00:00,RCD Espanyol de Barcelona,Real Sociedad,,h2h,,,,,,,,,,,,,,,,,,unknown,,decimal,2026-09-22T10:25:41+00:00,none_available,,False,False,unavailable,2026-09-22,"The Odds API is configured and reachable, but has not yet posted this market for this fixture (bookmakers open different markets at different times before kickoff) -- genuinely unavailable, not a collector failure."
LALIGA2627_MW33_323_RCDEspanyoldeBarcelona_RealSociedad,2026-27,33,2027-04-21,2027-04-21T00:00:00+00:00,RCD Espanyol de Barcelona,Real Sociedad,,spreads,,,,,,,,,,,,,,,,,,unknown,,decimal,2026-09-22T10:25:41+00:00,none_available,,False,False,unavailable,2026-09-22,"The Odds API is configured and reachable, but has not yet posted this market for this fixture (bookmakers open different markets at different times before kickoff) -- genuinely unavailable, not a collector failure."
LALIGA2627_MW33_323_RCDEspanyoldeBarcelona_RealSociedad,2026-27,33,2027-04-21,2027-04-21T00:00:00+00:00,RCD Espanyol de Barcelona,Real Sociedad,,totals,,,,,,,,,,,,,,,,,,unknown,,decimal,2026-09-22T10:25:41+00:00,none_available,,False,False,unavailable,2026-09-22,"The Odds API is configured and reachable, but has not yet posted this market for this fixture (bookmakers open different markets at different times before kickoff) -- genuinely unavailable, not a collector failure."
LALIGA2627_MW33_324_GetafeCF_RealBetis,2026-27,33,2027-04-21,2027-04-21T00:00:00+00:00,Getafe CF,Real Betis,,h2h,,,,,,,,,,,,,,,,,,unknown,,decimal,2026-09-22T10:25:41+00:00,none_available,,False,False,unavailable,2026-09-22,"The Odds API is configured and reachable, but has not yet posted this market for this fixture (bookmakers open different markets at different times before kickoff) -- genuinely unavailable, not a collector failure."
LALIGA2627_MW33_324_GetafeCF_RealBetis,2026-27,33,2027-04-21,2027-04-21T00:00:00+00:00,Getafe CF,Real Betis,,spreads,,,,,,,,,,,,,,,,,,unknown,,decimal,2026-09-22T10:25:41+00:00,none_available,,False,False,unavailable,2026-09-22,"The Odds API is configured and reachable, but has not yet posted this market for this fixture (bookmakers open different markets at different times before kickoff) -- genuinely unavailable, not a collector failure."
LALIGA2627_MW33_324_GetafeCF_RealBetis,2026-27,33,2027-04-21,2027-04-21T00:00:00+00:00,Getafe CF,Real Betis,,totals,,,,,,,,,,,,,,,,,,unknown,,decimal,2026-09-22T10:25:41+00:00,none_available,,False,False,unavailable,2026-09-22,"The Odds API is configured and reachable, but has not yet posted this market for this fixture (bookmakers open different markets at different times before kickoff) -- genuinely unavailable, not a collector failure."
LALIGA2627_MW33_325_CAOsasuna_DeportivoAlavés,2026-27,33,2027-04-21,2027-04-21T00:00:00+00:00,CA Osasuna,Deportivo Alavés,,h2h,,,,,,,,,,,,,,,,,,unknown,,decimal,2026-09-22T10:25:41+00:00,none_available,,False,False,unavailable,2026-09-22,"The Odds API is configured and reachable, but has not yet posted this market for this fixture (bookmakers open different markets at different times before kickoff) -- genuinely unavailable, not a collector failure."
LALIGA2627_MW33_325_CAOsasuna_DeportivoAlavés,2026-27,33,2027-04-21,2027-04-21T00:00:00+00:00,CA Osasuna,Deportivo Alavés,,spreads,,,,,,,,,,,,,,,,,,unknown,,decimal,2026-09-22T10:25:41+00:00,none_available,,False,False,unavailable,2026-09-22,"The Odds API is configured and reachable, but has not yet posted this market for this fixture (bookmakers open different markets at different times before kickoff) -- genuinely unavailable, not a collector failure."
LALIGA2627_MW33_325_CAOsasuna_DeportivoAlavés,2026-27,33,2027-04-21,2027-04-21T00:00:00+00:00,CA Osasuna,Deportivo Alavés,,totals,,,,,,,,,,,,,,,,,,unknown,,decimal,2026-09-22T10:25:41+00:00,none_available,,False,False,unavailable,2026-09-22,"The Odds API is configured and reachable, but has not yet posted this market for this fixture (bookmakers open different markets at different times before kickoff) -- genuinely unavailable, not a collector failure."
LALIGA2627_MW33_326_R.RacingClub_MálagaCF,2026-27,33,2027-04-21,2027-04-21T00:00:00+00:00,R. Racing Club,Málaga CF,,h2h,,,,,,,,,,,,,,,,,,unknown,,decimal,2026-09-22T10:25:41+00:00,none_available,,False,False,unavailable,2026-09-22,"The Odds API is configured and reachable, but has not yet posted this market for this fixture (bookmakers open different markets at different times before kickoff) -- genuinely unavailable, not a collector failure."
LALIGA2627_MW33_326_R.RacingClub_MálagaCF,2026-27,33,2027-04-21,2027-04-21T00:00:00+00:00,R. Racing Club,Málaga CF,,spreads,,,,,,,,,,,,,,,,,,unknown,,decimal,2026-09-22T10:25:41+00:00,none_available,,False,False,unavailable,2026-09-22,"The Odds API is configured and reachable, but has not yet posted this market for this fixture (bookmakers open different markets at different times before kickoff) -- genuinely unavailable, not a collector failure."
LALIGA2627_MW33_326_R.RacingClub_MálagaCF,2026-27,33,2027-04-21,2027-04-21T00:00:00+00:00,R. Racing Club,Málaga CF,,totals,,,,,,,,,,,,,,,,,,unknown,,decimal,2026-09-22T10:25:41+00:00,none_available,,False,False,unavailable,2026-09-22,"The Odds API is configured and reachable, but has not yet posted this market for this fixture (bookmakers open different markets at different times before kickoff) -- genuinely unavailable, not a collector failure."
LALIGA2627_MW33_327_RealMadrid_ElcheCF,2026-27,33,2027-04-21,2027-04-21T00:00:00+00:00,Real Madrid,Elche CF,,h2h,,,,,,,,,,,,,,,,,,unknown,,decimal,2026-09-22T10:25:41+00:00,none_available,,False,False,unavailable,2026-09-22,"The Odds API is configured and reachable, but has not yet posted this market for this fixture (bookmakers open different markets at different times before kickoff) -- genuinely unavailable, not a collector failure."
LALIGA2627_MW33_327_RealMadrid_ElcheCF,2026-27,33,2027-04-21,2027-04-21T00:00:00+00:00,Real Madrid,Elche CF,,spreads,,,,,,,,,,,,,,,,,,unknown,,decimal,2026-09-22T10:25:41+00:00,none_available,,False,False,unavailable,2026-09-22,"The Odds API is configured and reachable, but has not yet posted this market for this fixture (bookmakers open different markets at different times before kickoff) -- genuinely unavailable, not a collector failure."
LALIGA2627_MW33_327_RealMadrid_ElcheCF,2026-27,33,2027-04-21,2027-04-21T00:00:00+00:00,Real Madrid,Elche CF,,totals,,,,,,,,,,,,,,,,,,unknown,,decimal,2026-09-22T10:25:41+00:00,none_available,,False,False,unavailable,2026-09-22,"The Odds API is configured and reachable, but has not yet posted this market for this fixture (bookmakers open different markets at different times before kickoff) -- genuinely unavailable, not a collector failure."
LALIGA2627_MW33_328_SevillaFC_LevanteUD,2026-27,33,2027-04-21,2027-04-21T00:00:00+00:00,Sevilla FC,Levante UD,,h2h,,,,,,,,,,,,,,,,,,unknown,,decimal,2026-09-22T10:25:41+00:00,none_available,,False,False,unavailable,2026-09-22,"The Odds API is configured and reachable, but has not yet posted this market for this fixture (bookmakers open different markets at different times before kickoff) -- genuinely unavailable, not a collector failure."
LALIGA2627_MW33_328_SevillaFC_LevanteUD,2026-27,33,2027-04-21,2027-04-21T00:00:00+00:00,Sevilla FC,Levante UD,,spreads,,,,,,,,,,,,,,,,,,unknown,,decimal,2026-09-22T10:25:41+00:00,none_available,,False,False,unavailable,2026-09-22,"The Odds API is configured and reachable, but has not yet posted this market for this fixture (bookmakers open different markets at different times before kickoff) -- genuinely unavailable, not a collector failure."
LALIGA2627_MW33_328_SevillaFC_LevanteUD,2026-27,33,2027-04-21,2027-04-21T00:00:00+00:00,Sevilla FC,Levante UD,,totals,,,,,,,,,,,,,,,,,,unknown,,decimal,2026-09-22T10:25:41+00:00,none_available,,False,False,unavailable,2026-09-22,"The Odds API is configured and reachable, but has not yet posted this market for this fixture (bookmakers open different markets at different times before kickoff) -- genuinely unavailable, not a collector failure."
LALIGA2627_MW33_329_ValenciaCF_RayoVallecano,2026-27,33,2027-04-21,2027-04-21T00:00:00+00:00,Valencia CF,Rayo Vallecano,,h2h,,,,,,,,,,,,,,,,,,unknown,,decimal,2026-09-22T10:25:41+00:00,none_available,,False,False,unavailable,2026-09-22,"The Odds API is configured and reachable, but has not yet posted this market for this fixture (bookmakers open different markets at different times before kickoff) -- genuinely unavailable, not a collector failure."
LALIGA2627_MW33_329_ValenciaCF_RayoVallecano,2026-27,33,2027-04-21,2027-04-21T00:00:00+00:00,Valencia CF,Rayo Vallecano,,spreads,,,,,,,,,,,,,,,,,,unknown,,decimal,2026-09-22T10:25:41+00:00,none_available,,False,False,unavailable,2026-09-22,"The Odds API is configured and reachable, but has not yet posted this market for this fixture (bookmakers open different markets at different times before kickoff) -- genuinely unavailable, not a collector failure."
LALIGA2627_MW33_329_ValenciaCF_RayoVallecano,2026-27,33,2027-04-21,2027-04-21T00:00:00+00:00,Valencia CF,Rayo Vallecano,,totals,,,,,,,,,,,,,,,,,,unknown,,decimal,2026-09-22T10:25:41+00:00,none_available,,False,False,unavailable,2026-09-22,"The Odds API is configured and reachable, but has not yet posted this market for this fixture (bookmakers open different markets at different times before kickoff) -- genuinely unavailable, not a collector failure."
LALIGA2627_MW33_330_VillarrealCF_AtléticodeMadrid,2026-27,33,2027-04-21,2027-04-21T00:00:00+00:00,Villarreal CF,Atlético de Madrid,,h2h,,,,,,,,,,,,,,,,,,unknown,,decimal,2026-09-22T10:25:41+00:00,none_available,,False,False,unavailable,2026-09-22,"The Odds API is configured and reachable, but has not yet posted this market for this fixture (bookmakers open different markets at different times before kickoff) -- genuinely unavailable, not a collector failure."
LALIGA2627_MW33_330_VillarrealCF_AtléticodeMadrid,2026-27,33,2027-04-21,2027-04-21T00:00:00+00:00,Villarreal CF,Atlético de Madrid,,spreads,,,,,,,,,,,,,,,,,,unknown,,decimal,2026-09-22T10:25:41+00:00,none_available,,False,False,unavailable,2026-09-22,"The Odds API is configured and reachable, but has not yet posted this market for this fixture (bookmakers open different markets at different times before kickoff) -- genuinely unavailable, not a collector failure."
LALIGA2627_MW33_330_VillarrealCF_AtléticodeMadrid,2026-27,33,2027-04-21,2027-04-21T00:00:00+00:00,Villarreal CF,Atlético de Madrid,,totals,,,,,,,,,,,,,,,,,,unknown,,decimal,2026-09-22T10:25:41+00:00,none_available,,False,False,unavailable,2026-09-22,"The Odds API is configured and reachable, but has not yet posted this market for this fixture (bookmakers open different markets at different times before kickoff) -- genuinely unavailable, not a collector failure."
LALIGA2627_MW34_331_AtléticodeMadrid_DeportivoAlavés,2026-27,34,2027-05-02,2027-05-02T00:00:00+00:00,Atlético de Madrid,Deportivo Alavés,,h2h,,,,,,,,,,,,,,,,,,unknown,,decimal,2026-09-22T10:25:41+00:00,none_available,,False,False,unavailable,2026-09-22,"The Odds API is configured and reachable, but has not yet posted this market for this fixture (bookmakers open different markets at different times before kickoff) -- genuinely unavailable, not a collector failure."
LALIGA2627_MW34_331_AtléticodeMadrid_DeportivoAlavés,2026-27,34,2027-05-02,2027-05-02T00:00:00+00:00,Atlético de Madrid,Deportivo Alavés,,spreads,,,,,,,,,,,,,,,,,,unknown,,decimal,2026-09-22T10:25:41+00:00,none_available,,False,False,unavailable,2026-09-22,"The Odds API is configured and reachable, but has not yet posted this market for this fixture (bookmakers open different markets at different times before kickoff) -- genuinely unavailable, not a collector failure."
LALIGA2627_MW34_331_AtléticodeMadrid_DeportivoAlavés,2026-27,34,2027-05-02,2027-05-02T00:00:00+00:00,Atlético de Madrid,Deportivo Alavés,,totals,,,,,,,,,,,,,,,,,,unknown,,decimal,2026-09-22T10:25:41+00:00,none_available,,False,False,unavailable,2026-09-22,"The Odds API is configured and reachable, but has not yet posted this market for this fixture (bookmakers open different markets at different times before kickoff) -- genuinely unavailable, not a collector failure."
LALIGA2627_MW34_332_RealBetis_ValenciaCF,2026-27,34,2027-05-02,2027-05-02T00:00:00+00:00,Real Betis,Valencia CF,,h2h,,,,,,,,,,,,,,,,,,unknown,,decimal,2026-09-22T10:25:41+00:00,none_available,,False,False,unavailable,2026-09-22,"The Odds API is configured and reachable, but has not yet posted this market for this fixture (bookmakers open different markets at different times before kickoff) -- genuinely unavailable, not a collector failure."
LALIGA2627_MW34_332_RealBetis_ValenciaCF,2026-27,34,2027-05-02,2027-05-02T00:00:00+00:00,Real Betis,Valencia CF,,spreads,,,,,,,,,,,,,,,,,,unknown,,decimal,2026-09-22T10:25:41+00:00,none_available,,False,False,unavailable,2026-09-22,"The Odds API is configured and reachable, but has not yet posted this market for this fixture (bookmakers open different markets at different times before kickoff) -- genuinely unavailable, not a collector failure."
LALIGA2627_MW34_332_RealBetis_ValenciaCF,2026-27,34,2027-05-02,2027-05-02T00:00:00+00:00,Real Betis,Valencia CF,,totals,,,,,,,,,,,,,,,,,,unknown,,decimal,2026-09-22T10:25:41+00:00,none_available,,False,False,unavailable,2026-09-22,"The Odds API is configured and reachable, but has not yet posted this market for this fixture (bookmakers open different markets at different times before kickoff) -- genuinely unavailable, not a collector failure."
LALIGA2627_MW34_333_CeltaVigo_SevillaFC,2026-27,34,2027-05-02,2027-05-02T00:00:00+00:00,Celta Vigo,Sevilla FC,,h2h,,,,,,,,,,,,,,,,,,unknown,,decimal,2026-09-22T10:25:41+00:00,none_available,,False,False,unavailable,2026-09-22,"The Odds API is configured and reachable, but has not yet posted this market for this fixture (bookmakers open different markets at different times before kickoff) -- genuinely unavailable, not a collector failure."
LALIGA2627_MW34_333_CeltaVigo_SevillaFC,2026-27,34,2027-05-02,2027-05-02T00:00:00+00:00,Celta Vigo,Sevilla FC,,spreads,,,,,,,,,,,,,,,,,,unknown,,decimal,2026-09-22T10:25:41+00:00,none_available,,False,False,unavailable,2026-09-22,"The Odds API is configured and reachable, but has not yet posted this market for this fixture (bookmakers open different markets at different times before kickoff) -- genuinely unavailable, not a collector failure."
LALIGA2627_MW34_333_CeltaVigo_SevillaFC,2026-27,34,2027-05-02,2027-05-02T00:00:00+00:00,Celta Vigo,Sevilla FC,,totals,,,,,,,,,,,,,,,,,,unknown,,decimal,2026-09-22T10:25:41+00:00,none_available,,False,False,unavailable,2026-09-22,"The Odds API is configured and reachable, but has not yet posted this market for this fixture (bookmakers open different markets at different times before kickoff) -- genuinely unavailable, not a collector failure."
LALIGA2627_MW34_334_RCDeportivo_R.RacingClub,2026-27,34,2027-05-02,2027-05-02T00:00:00+00:00,RC Deportivo,R. Racing Club,,h2h,,,,,,,,,,,,,,,,,,unknown,,decimal,2026-09-22T10:25:41+00:00,none_available,,False,False,unavailable,2026-09-22,"The Odds API is configured and reachable, but has not yet posted this market for this fixture (bookmakers open different markets at different times before kickoff) -- genuinely unavailable, not a collector failure."
LALIGA2627_MW34_334_RCDeportivo_R.RacingClub,2026-27,34,2027-05-02,2027-05-02T00:00:00+00:00,RC Deportivo,R. Racing Club,,spreads,,,,,,,,,,,,,,,,,,unknown,,decimal,2026-09-22T10:25:41+00:00,none_available,,False,False,unavailable,2026-09-22,"The Odds API is configured and reachable, but has not yet posted this market for this fixture (bookmakers open different markets at different times before kickoff) -- genuinely unavailable, not a collector failure."
LALIGA2627_MW34_334_RCDeportivo_R.RacingClub,2026-27,34,2027-05-02,2027-05-02T00:00:00+00:00,RC Deportivo,R. Racing Club,,totals,,,,,,,,,,,,,,,,,,unknown,,decimal,2026-09-22T10:25:41+00:00,none_available,,False,False,unavailable,2026-09-22,"The Odds API is configured and reachable, but has not yet posted this market for this fixture (bookmakers open different markets at different times before kickoff) -- genuinely unavailable, not a collector failure."
LALIGA2627_MW34_335_ElcheCF_RCDEspanyoldeBarcelona,2026-27,34,2027-05-02,2027-05-02T00:00:00+00:00,Elche CF,RCD Espanyol de Barcelona,,h2h,,,,,,,,,,,,,,,,,,unknown,,decimal,2026-09-22T10:25:41+00:00,none_available,,False,False,unavailable,2026-09-22,"The Odds API is configured and reachable, but has not yet posted this market for this fixture (bookmakers open different markets at different times before kickoff) -- genuinely unavailable, not a collector failure."
LALIGA2627_MW34_335_ElcheCF_RCDEspanyoldeBarcelona,2026-27,34,2027-05-02,2027-05-02T00:00:00+00:00,Elche CF,RCD Espanyol de Barcelona,,spreads,,,,,,,,,,,,,,,,,,unknown,,decimal,2026-09-22T10:25:41+00:00,none_available,,False,False,unavailable,2026-09-22,"The Odds API is configured and reachable, but has not yet posted this market for this fixture (bookmakers open different markets at different times before kickoff) -- genuinely unavailable, not a collector failure."
LALIGA2627_MW34_335_ElcheCF_RCDEspanyoldeBarcelona,2026-27,34,2027-05-02,2027-05-02T00:00:00+00:00,Elche CF,RCD Espanyol de Barcelona,,totals,,,,,,,,,,,,,,,,,,unknown,,decimal,2026-09-22T10:25:41+00:00,none_available,,False,False,unavailable,2026-09-22,"The Odds API is configured and reachable, but has not yet posted this market for this fixture (bookmakers open different markets at different times before kickoff) -- genuinely unavailable, not a collector failure."
LALIGA2627_MW34_336_FCBarcelona_CAOsasuna,2026-27,34,2027-05-02,2027-05-02T00:00:00+00:00,FC Barcelona,CA Osasuna,,h2h,,,,,,,,,,,,,,,,,,unknown,,decimal,2026-09-22T10:25:41+00:00,none_available,,False,False,unavailable,2026-09-22,"The Odds API is configured and reachable, but has not yet posted this market for this fixture (bookmakers open different markets at different times before kickoff) -- genuinely unavailable, not a collector failure."
LALIGA2627_MW34_336_FCBarcelona_CAOsasuna,2026-27,34,2027-05-02,2027-05-02T00:00:00+00:00,FC Barcelona,CA Osasuna,,spreads,,,,,,,,,,,,,,,,,,unknown,,decimal,2026-09-22T10:25:41+00:00,none_available,,False,False,unavailable,2026-09-22,"The Odds API is configured and reachable, but has not yet posted this market for this fixture (bookmakers open different markets at different times before kickoff) -- genuinely unavailable, not a collector failure."
LALIGA2627_MW34_336_FCBarcelona_CAOsasuna,2026-27,34,2027-05-02,2027-05-02T00:00:00+00:00,FC Barcelona,CA Osasuna,,totals,,,,,,,,,,,,,,,,,,unknown,,decimal,2026-09-22T10:25:41+00:00,none_available,,False,False,unavailable,2026-09-22,"The Odds API is configured and reachable, but has not yet posted this market for this fixture (bookmakers open different markets at different times before kickoff) -- genuinely unavailable, not a collector failure."
LALIGA2627_MW34_337_LevanteUD_RealMadrid,2026-27,34,2027-05-02,2027-05-02T00:00:00+00:00,Levante UD,Real Madrid,,h2h,,,,,,,,,,,,,,,,,,unknown,,decimal,2026-09-22T10:25:41+00:00,none_available,,False,False,unavailable,2026-09-22,"The Odds API is configured and reachable, but has not yet posted this market for this fixture (bookmakers open different markets at different times before kickoff) -- genuinely unavailable, not a collector failure."
LALIGA2627_MW34_337_LevanteUD_RealMadrid,2026-27,34,2027-05-02,2027-05-02T00:00:00+00:00,Levante UD,Real Madrid,,spreads,,,,,,,,,,,,,,,,,,unknown,,decimal,2026-09-22T10:25:41+00:00,none_available,,False,False,unavailable,2026-09-22,"The Odds API is configured and reachable, but has not yet posted this market for this fixture (bookmakers open different markets at different times before kickoff) -- genuinely unavailable, not a collector failure."
LALIGA2627_MW34_337_LevanteUD_RealMadrid,2026-27,34,2027-05-02,2027-05-02T00:00:00+00:00,Levante UD,Real Madrid,,totals,,,,,,,,,,,,,,,,,,unknown,,decimal,2026-09-22T10:25:41+00:00,none_available,,False,False,unavailable,2026-09-22,"The Odds API is configured and reachable, but has not yet posted this market for this fixture (bookmakers open different markets at different times before kickoff) -- genuinely unavailable, not a collector failure."
LALIGA2627_MW34_338_MálagaCF_GetafeCF,2026-27,34,2027-05-02,2027-05-02T00:00:00+00:00,Málaga CF,Getafe CF,,h2h,,,,,,,,,,,,,,,,,,unknown,,decimal,2026-09-22T10:25:41+00:00,none_available,,False,False,unavailable,2026-09-22,"The Odds API is configured and reachable, but has not yet posted this market for this fixture (bookmakers open different markets at different times before kickoff) -- genuinely unavailable, not a collector failure."
LALIGA2627_MW34_338_MálagaCF_GetafeCF,2026-27,34,2027-05-02,2027-05-02T00:00:00+00:00,Málaga CF,Getafe CF,,spreads,,,,,,,,,,,,,,,,,,unknown,,decimal,2026-09-22T10:25:41+00:00,none_available,,False,False,unavailable,2026-09-22,"The Odds API is configured and reachable, but has not yet posted this market for this fixture (bookmakers open different markets at different times before kickoff) -- genuinely unavailable, not a collector failure."
LALIGA2627_MW34_338_MálagaCF_GetafeCF,2026-27,34,2027-05-02,2027-05-02T00:00:00+00:00,Málaga CF,Getafe CF,,totals,,,,,,,,,,,,,,,,,,unknown,,decimal,2026-09-22T10:25:41+00:00,none_available,,False,False,unavailable,2026-09-22,"The Odds API is configured and reachable, but has not yet posted this market for this fixture (bookmakers open different markets at different times before kickoff) -- genuinely unavailable, not a collector failure."
LALIGA2627_MW34_339_RayoVallecano_VillarrealCF,2026-27,34,2027-05-02,2027-05-02T00:00:00+00:00,Rayo Vallecano,Villarreal CF,,h2h,,,,,,,,,,,,,,,,,,unknown,,decimal,2026-09-22T10:25:41+00:00,none_available,,False,False,unavailable,2026-09-22,"The Odds API is configured and reachable, but has not yet posted this market for this fixture (bookmakers open different markets at different times before kickoff) -- genuinely unavailable, not a collector failure."
LALIGA2627_MW34_339_RayoVallecano_VillarrealCF,2026-27,34,2027-05-02,2027-05-02T00:00:00+00:00,Rayo Vallecano,Villarreal CF,,spreads,,,,,,,,,,,,,,,,,,unknown,,decimal,2026-09-22T10:25:41+00:00,none_available,,False,False,unavailable,2026-09-22,"The Odds API is configured and reachable, but has not yet posted this market for this fixture (bookmakers open different markets at different times before kickoff) -- genuinely unavailable, not a collector failure."
LALIGA2627_MW34_339_RayoVallecano_VillarrealCF,2026-27,34,2027-05-02,2027-05-02T00:00:00+00:00,Rayo Vallecano,Villarreal CF,,totals,,,,,,,,,,,,,,,,,,unknown,,decimal,2026-09-22T10:25:41+00:00,none_available,,False,False,unavailable,2026-09-22,"The Odds API is configured and reachable, but has not yet posted this market for this fixture (bookmakers open different markets at different times before kickoff) -- genuinely unavailable, not a collector failure."
LALIGA2627_MW34_340_RealSociedad_AthleticClub,2026-27,34,2027-05-02,2027-05-02T00:00:00+00:00,Real Sociedad,Athletic Club,,h2h,,,,,,,,,,,,,,,,,,unknown,,decimal,2026-09-22T10:25:41+00:00,none_available,,False,False,unavailable,2026-09-22,"The Odds API is configured and reachable, but has not yet posted this market for this fixture (bookmakers open different markets at different times before kickoff) -- genuinely unavailable, not a collector failure."
LALIGA2627_MW34_340_RealSociedad_AthleticClub,2026-27,34,2027-05-02,2027-05-02T00:00:00+00:00,Real Sociedad,Athletic Club,,spreads,,,,,,,,,,,,,,,,,,unknown,,decimal,2026-09-22T10:25:41+00:00,none_available,,False,False,unavailable,2026-09-22,"The Odds API is configured and reachable, but has not yet posted this market for this fixture (bookmakers open different markets at different times before kickoff) -- genuinely unavailable, not a collector failure."
LALIGA2627_MW34_340_RealSociedad_AthleticClub,2026-27,34,2027-05-02,2027-05-02T00:00:00+00:00,Real Sociedad,Athletic Club,,totals,,,,,,,,,,,,,,,,,,unknown,,decimal,2026-09-22T10:25:41+00:00,none_available,,False,False,unavailable,2026-09-22,"The Odds API is configured and reachable, but has not yet posted this market for this fixture (bookmakers open different markets at different times before kickoff) -- genuinely unavailable, not a collector failure."
LALIGA2627_MW35_341_DeportivoAlavés_LevanteUD,2026-27,35,2027-05-09,2027-05-09T00:00:00+00:00,Deportivo Alavés,Levante UD,,h2h,,,,,,,,,,,,,,,,,,unknown,,decimal,2026-09-22T10:25:41+00:00,none_available,,False,False,unavailable,2026-09-22,"The Odds API is configured and reachable, but has not yet posted this market for this fixture (bookmakers open different markets at different times before kickoff) -- genuinely unavailable, not a collector failure."
LALIGA2627_MW35_341_DeportivoAlavés_LevanteUD,2026-27,35,2027-05-09,2027-05-09T00:00:00+00:00,Deportivo Alavés,Levante UD,,spreads,,,,,,,,,,,,,,,,,,unknown,,decimal,2026-09-22T10:25:41+00:00,none_available,,False,False,unavailable,2026-09-22,"The Odds API is configured and reachable, but has not yet posted this market for this fixture (bookmakers open different markets at different times before kickoff) -- genuinely unavailable, not a collector failure."
LALIGA2627_MW35_341_DeportivoAlavés_LevanteUD,2026-27,35,2027-05-09,2027-05-09T00:00:00+00:00,Deportivo Alavés,Levante UD,,totals,,,,,,,,,,,,,,,,,,unknown,,decimal,2026-09-22T10:25:41+00:00,none_available,,False,False,unavailable,2026-09-22,"The Odds API is configured and reachable, but has not yet posted this market for this fixture (bookmakers open different markets at different times before kickoff) -- genuinely unavailable, not a collector failure."
LALIGA2627_MW35_342_AthleticClub_MálagaCF,2026-27,35,2027-05-09,2027-05-09T00:00:00+00:00,Athletic Club,Málaga CF,,h2h,,,,,,,,,,,,,,,,,,unknown,,decimal,2026-09-22T10:25:41+00:00,none_available,,False,False,unavailable,2026-09-22,"The Odds API is configured and reachable, but has not yet posted this market for this fixture (bookmakers open different markets at different times before kickoff) -- genuinely unavailable, not a collector failure."
LALIGA2627_MW35_342_AthleticClub_MálagaCF,2026-27,35,2027-05-09,2027-05-09T00:00:00+00:00,Athletic Club,Málaga CF,,spreads,,,,,,,,,,,,,,,,,,unknown,,decimal,2026-09-22T10:25:41+00:00,none_available,,False,False,unavailable,2026-09-22,"The Odds API is configured and reachable, but has not yet posted this market for this fixture (bookmakers open different markets at different times before kickoff) -- genuinely unavailable, not a collector failure."
LALIGA2627_MW35_342_AthleticClub_MálagaCF,2026-27,35,2027-05-09,2027-05-09T00:00:00+00:00,Athletic Club,Málaga CF,,totals,,,,,,,,,,,,,,,,,,unknown,,decimal,2026-09-22T10:25:41+00:00,none_available,,False,False,unavailable,2026-09-22,"The Odds API is configured and reachable, but has not yet posted this market for this fixture (bookmakers open different markets at different times before kickoff) -- genuinely unavailable, not a collector failure."
LALIGA2627_MW35_343_RealBetis_RCDEspanyoldeBarcelona,2026-27,35,2027-05-09,2027-05-09T00:00:00+00:00,Real Betis,RCD Espanyol de Barcelona,,h2h,,,,,,,,,,,,,,,,,,unknown,,decimal,2026-09-22T10:25:41+00:00,none_available,,False,False,unavailable,2026-09-22,"The Odds API is configured and reachable, but has not yet posted this market for this fixture (bookmakers open different markets at different times before kickoff) -- genuinely unavailable, not a collector failure."
LALIGA2627_MW35_343_RealBetis_RCDEspanyoldeBarcelona,2026-27,35,2027-05-09,2027-05-09T00:00:00+00:00,Real Betis,RCD Espanyol de Barcelona,,spreads,,,,,,,,,,,,,,,,,,unknown,,decimal,2026-09-22T10:25:41+00:00,none_available,,False,False,unavailable,2026-09-22,"The Odds API is configured and reachable, but has not yet posted this market for this fixture (bookmakers open different markets at different times before kickoff) -- genuinely unavailable, not a collector failure."
LALIGA2627_MW35_343_RealBetis_RCDEspanyoldeBarcelona,2026-27,35,2027-05-09,2027-05-09T00:00:00+00:00,Real Betis,RCD Espanyol de Barcelona,,totals,,,,,,,,,,,,,,,,,,unknown,,decimal,2026-09-22T10:25:41+00:00,none_available,,False,False,unavailable,2026-09-22,"The Odds API is configured and reachable, but has not yet posted this market for this fixture (bookmakers open different markets at different times before kickoff) -- genuinely unavailable, not a collector failure."
LALIGA2627_MW35_344_GetafeCF_ElcheCF,2026-27,35,2027-05-09,2027-05-09T00:00:00+00:00,Getafe CF,Elche CF,,h2h,,,,,,,,,,,,,,,,,,unknown,,decimal,2026-09-22T10:25:41+00:00,none_available,,False,False,unavailable,2026-09-22,"The Odds API is configured and reachable, but has not yet posted this market for this fixture (bookmakers open different markets at different times before kickoff) -- genuinely unavailable, not a collector failure."
LALIGA2627_MW35_344_GetafeCF_ElcheCF,2026-27,35,2027-05-09,2027-05-09T00:00:00+00:00,Getafe CF,Elche CF,,spreads,,,,,,,,,,,,,,,,,,unknown,,decimal,2026-09-22T10:25:41+00:00,none_available,,False,False,unavailable,2026-09-22,"The Odds API is configured and reachable, but has not yet posted this market for this fixture (bookmakers open different markets at different times before kickoff) -- genuinely unavailable, not a collector failure."
LALIGA2627_MW35_344_GetafeCF_ElcheCF,2026-27,35,2027-05-09,2027-05-09T00:00:00+00:00,Getafe CF,Elche CF,,totals,,,,,,,,,,,,,,,,,,unknown,,decimal,2026-09-22T10:25:41+00:00,none_available,,False,False,unavailable,2026-09-22,"The Odds API is configured and reachable, but has not yet posted this market for this fixture (bookmakers open different markets at different times before kickoff) -- genuinely unavailable, not a collector failure."
LALIGA2627_MW35_345_CAOsasuna_RealSociedad,2026-27,35,2027-05-09,2027-05-09T00:00:00+00:00,CA Osasuna,Real Sociedad,,h2h,,,,,,,,,,,,,,,,,,unknown,,decimal,2026-09-22T10:25:41+00:00,none_available,,False,False,unavailable,2026-09-22,"The Odds API is configured and reachable, but has not yet posted this market for this fixture (bookmakers open different markets at different times before kickoff) -- genuinely unavailable, not a collector failure."
LALIGA2627_MW35_345_CAOsasuna_RealSociedad,2026-27,35,2027-05-09,2027-05-09T00:00:00+00:00,CA Osasuna,Real Sociedad,,spreads,,,,,,,,,,,,,,,,,,unknown,,decimal,2026-09-22T10:25:41+00:00,none_available,,False,False,unavailable,2026-09-22,"The Odds API is configured and reachable, but has not yet posted this market for this fixture (bookmakers open different markets at different times before kickoff) -- genuinely unavailable, not a collector failure."
LALIGA2627_MW35_345_CAOsasuna_RealSociedad,2026-27,35,2027-05-09,2027-05-09T00:00:00+00:00,CA Osasuna,Real Sociedad,,totals,,,,,,,,,,,,,,,,,,unknown,,decimal,2026-09-22T10:25:41+00:00,none_available,,False,False,unavailable,2026-09-22,"The Odds API is configured and reachable, but has not yet posted this market for this fixture (bookmakers open different markets at different times before kickoff) -- genuinely unavailable, not a collector failure."
LALIGA2627_MW35_346_R.RacingClub_SevillaFC,2026-27,35,2027-05-09,2027-05-09T00:00:00+00:00,R. Racing Club,Sevilla FC,,h2h,,,,,,,,,,,,,,,,,,unknown,,decimal,2026-09-22T10:25:41+00:00,none_available,,False,False,unavailable,2026-09-22,"The Odds API is configured and reachable, but has not yet posted this market for this fixture (bookmakers open different markets at different times before kickoff) -- genuinely unavailable, not a collector failure."
LALIGA2627_MW35_346_R.RacingClub_SevillaFC,2026-27,35,2027-05-09,2027-05-09T00:00:00+00:00,R. Racing Club,Sevilla FC,,spreads,,,,,,,,,,,,,,,,,,unknown,,decimal,2026-09-22T10:25:41+00:00,none_available,,False,False,unavailable,2026-09-22,"The Odds API is configured and reachable, but has not yet posted this market for this fixture (bookmakers open different markets at different times before kickoff) -- genuinely unavailable, not a collector failure."
LALIGA2627_MW35_346_R.RacingClub_SevillaFC,2026-27,35,2027-05-09,2027-05-09T00:00:00+00:00,R. Racing Club,Sevilla FC,,totals,,,,,,,,,,,,,,,,,,unknown,,decimal,2026-09-22T10:25:41+00:00,none_available,,False,False,unavailable,2026-09-22,"The Odds API is configured and reachable, but has not yet posted this market for this fixture (bookmakers open different markets at different times before kickoff) -- genuinely unavailable, not a collector failure."
LALIGA2627_MW35_347_RayoVallecano_RCDeportivo,2026-27,35,2027-05-09,2027-05-09T00:00:00+00:00,Rayo Vallecano,RC Deportivo,,h2h,,,,,,,,,,,,,,,,,,unknown,,decimal,2026-09-22T10:25:41+00:00,none_available,,False,False,unavailable,2026-09-22,"The Odds API is configured and reachable, but has not yet posted this market for this fixture (bookmakers open different markets at different times before kickoff) -- genuinely unavailable, not a collector failure."
LALIGA2627_MW35_347_RayoVallecano_RCDeportivo,2026-27,35,2027-05-09,2027-05-09T00:00:00+00:00,Rayo Vallecano,RC Deportivo,,spreads,,,,,,,,,,,,,,,,,,unknown,,decimal,2026-09-22T10:25:41+00:00,none_available,,False,False,unavailable,2026-09-22,"The Odds API is configured and reachable, but has not yet posted this market for this fixture (bookmakers open different markets at different times before kickoff) -- genuinely unavailable, not a collector failure."
LALIGA2627_MW35_347_RayoVallecano_RCDeportivo,2026-27,35,2027-05-09,2027-05-09T00:00:00+00:00,Rayo Vallecano,RC Deportivo,,totals,,,,,,,,,,,,,,,,,,unknown,,decimal,2026-09-22T10:25:41+00:00,none_available,,False,False,unavailable,2026-09-22,"The Odds API is configured and reachable, but has not yet posted this market for this fixture (bookmakers open different markets at different times before kickoff) -- genuinely unavailable, not a collector failure."
LALIGA2627_MW35_348_RealMadrid_FCBarcelona,2026-27,35,2027-05-09,2027-05-09T00:00:00+00:00,Real Madrid,FC Barcelona,,h2h,,,,,,,,,,,,,,,,,,unknown,,decimal,2026-09-22T10:25:41+00:00,none_available,,False,False,unavailable,2026-09-22,"The Odds API is configured and reachable, but has not yet posted this market for this fixture (bookmakers open different markets at different times before kickoff) -- genuinely unavailable, not a collector failure."
LALIGA2627_MW35_348_RealMadrid_FCBarcelona,2026-27,35,2027-05-09,2027-05-09T00:00:00+00:00,Real Madrid,FC Barcelona,,spreads,,,,,,,,,,,,,,,,,,unknown,,decimal,2026-09-22T10:25:41+00:00,none_available,,False,False,unavailable,2026-09-22,"The Odds API is configured and reachable, but has not yet posted this market for this fixture (bookmakers open different markets at different times before kickoff) -- genuinely unavailable, not a collector failure."
LALIGA2627_MW35_348_RealMadrid_FCBarcelona,2026-27,35,2027-05-09,2027-05-09T00:00:00+00:00,Real Madrid,FC Barcelona,,totals,,,,,,,,,,,,,,,,,,unknown,,decimal,2026-09-22T10:25:41+00:00,none_available,,False,False,unavailable,2026-09-22,"The Odds API is configured and reachable, but has not yet posted this market for this fixture (bookmakers open different markets at different times before kickoff) -- genuinely unavailable, not a collector failure."
LALIGA2627_MW35_349_ValenciaCF_AtléticodeMadrid,2026-27,35,2027-05-09,2027-05-09T00:00:00+00:00,Valencia CF,Atlético de Madrid,,h2h,,,,,,,,,,,,,,,,,,unknown,,decimal,2026-09-22T10:25:41+00:00,none_available,,False,False,unavailable,2026-09-22,"The Odds API is configured and reachable, but has not yet posted this market for this fixture (bookmakers open different markets at different times before kickoff) -- genuinely unavailable, not a collector failure."
LALIGA2627_MW35_349_ValenciaCF_AtléticodeMadrid,2026-27,35,2027-05-09,2027-05-09T00:00:00+00:00,Valencia CF,Atlético de Madrid,,spreads,,,,,,,,,,,,,,,,,,unknown,,decimal,2026-09-22T10:25:41+00:00,none_available,,False,False,unavailable,2026-09-22,"The Odds API is configured and reachable, but has not yet posted this market for this fixture (bookmakers open different markets at different times before kickoff) -- genuinely unavailable, not a collector failure."
LALIGA2627_MW35_349_ValenciaCF_AtléticodeMadrid,2026-27,35,2027-05-09,2027-05-09T00:00:00+00:00,Valencia CF,Atlético de Madrid,,totals,,,,,,,,,,,,,,,,,,unknown,,decimal,2026-09-22T10:25:41+00:00,none_available,,False,False,unavailable,2026-09-22,"The Odds API is configured and reachable, but has not yet posted this market for this fixture (bookmakers open different markets at different times before kickoff) -- genuinely unavailable, not a collector failure."
LALIGA2627_MW35_350_VillarrealCF_CeltaVigo,2026-27,35,2027-05-09,2027-05-09T00:00:00+00:00,Villarreal CF,Celta Vigo,,h2h,,,,,,,,,,,,,,,,,,unknown,,decimal,2026-09-22T10:25:41+00:00,none_available,,False,False,unavailable,2026-09-22,"The Odds API is configured and reachable, but has not yet posted this market for this fixture (bookmakers open different markets at different times before kickoff) -- genuinely unavailable, not a collector failure."
LALIGA2627_MW35_350_VillarrealCF_CeltaVigo,2026-27,35,2027-05-09,2027-05-09T00:00:00+00:00,Villarreal CF,Celta Vigo,,spreads,,,,,,,,,,,,,,,,,,unknown,,decimal,2026-09-22T10:25:41+00:00,none_available,,False,False,unavailable,2026-09-22,"The Odds API is configured and reachable, but has not yet posted this market for this fixture (bookmakers open different markets at different times before kickoff) -- genuinely unavailable, not a collector failure."
LALIGA2627_MW35_350_VillarrealCF_CeltaVigo,2026-27,35,2027-05-09,2027-05-09T00:00:00+00:00,Villarreal CF,Celta Vigo,,totals,,,,,,,,,,,,,,,,,,unknown,,decimal,2026-09-22T10:25:41+00:00,none_available,,False,False,unavailable,2026-09-22,"The Odds API is configured and reachable, but has not yet posted this market for this fixture (bookmakers open different markets at different times before kickoff) -- genuinely unavailable, not a collector failure."
LALIGA2627_MW36_351_AtléticodeMadrid_RayoVallecano,2026-27,36,2027-05-16,2027-05-16T00:00:00+00:00,Atlético de Madrid,Rayo Vallecano,,h2h,,,,,,,,,,,,,,,,,,unknown,,decimal,2026-09-22T10:25:41+00:00,none_available,,False,False,unavailable,2026-09-22,"The Odds API is configured and reachable, but has not yet posted this market for this fixture (bookmakers open different markets at different times before kickoff) -- genuinely unavailable, not a collector failure."
LALIGA2627_MW36_351_AtléticodeMadrid_RayoVallecano,2026-27,36,2027-05-16,2027-05-16T00:00:00+00:00,Atlético de Madrid,Rayo Vallecano,,spreads,,,,,,,,,,,,,,,,,,unknown,,decimal,2026-09-22T10:25:41+00:00,none_available,,False,False,unavailable,2026-09-22,"The Odds API is configured and reachable, but has not yet posted this market for this fixture (bookmakers open different markets at different times before kickoff) -- genuinely unavailable, not a collector failure."
LALIGA2627_MW36_351_AtléticodeMadrid_RayoVallecano,2026-27,36,2027-05-16,2027-05-16T00:00:00+00:00,Atlético de Madrid,Rayo Vallecano,,totals,,,,,,,,,,,,,,,,,,unknown,,decimal,2026-09-22T10:25:41+00:00,none_available,,False,False,unavailable,2026-09-22,"The Odds API is configured and reachable, but has not yet posted this market for this fixture (bookmakers open different markets at different times before kickoff) -- genuinely unavailable, not a collector failure."
LALIGA2627_MW36_352_RCDeportivo_DeportivoAlavés,2026-27,36,2027-05-16,2027-05-16T00:00:00+00:00,RC Deportivo,Deportivo Alavés,,h2h,,,,,,,,,,,,,,,,,,unknown,,decimal,2026-09-22T10:25:41+00:00,none_available,,False,False,unavailable,2026-09-22,"The Odds API is configured and reachable, but has not yet posted this market for this fixture (bookmakers open different markets at different times before kickoff) -- genuinely unavailable, not a collector failure."
LALIGA2627_MW36_352_RCDeportivo_DeportivoAlavés,2026-27,36,2027-05-16,2027-05-16T00:00:00+00:00,RC Deportivo,Deportivo Alavés,,spreads,,,,,,,,,,,,,,,,,,unknown,,decimal,2026-09-22T10:25:41+00:00,none_available,,False,False,unavailable,2026-09-22,"The Odds API is configured and reachable, but has not yet posted this market for this fixture (bookmakers open different markets at different times before kickoff) -- genuinely unavailable, not a collector failure."
LALIGA2627_MW36_352_RCDeportivo_DeportivoAlavés,2026-27,36,2027-05-16,2027-05-16T00:00:00+00:00,RC Deportivo,Deportivo Alavés,,totals,,,,,,,,,,,,,,,,,,unknown,,decimal,2026-09-22T10:25:41+00:00,none_available,,False,False,unavailable,2026-09-22,"The Odds API is configured and reachable, but has not yet posted this market for this fixture (bookmakers open different markets at different times before kickoff) -- genuinely unavailable, not a collector failure."
LALIGA2627_MW36_353_ElcheCF_AthleticClub,2026-27,36,2027-05-16,2027-05-16T00:00:00+00:00,Elche CF,Athletic Club,,h2h,,,,,,,,,,,,,,,,,,unknown,,decimal,2026-09-22T10:25:41+00:00,none_available,,False,False,unavailable,2026-09-22,"The Odds API is configured and reachable, but has not yet posted this market for this fixture (bookmakers open different markets at different times before kickoff) -- genuinely unavailable, not a collector failure."
LALIGA2627_MW36_353_ElcheCF_AthleticClub,2026-27,36,2027-05-16,2027-05-16T00:00:00+00:00,Elche CF,Athletic Club,,spreads,,,,,,,,,,,,,,,,,,unknown,,decimal,2026-09-22T10:25:41+00:00,none_available,,False,False,unavailable,2026-09-22,"The Odds API is configured and reachable, but has not yet posted this market for this fixture (bookmakers open different markets at different times before kickoff) -- genuinely unavailable, not a collector failure."
LALIGA2627_MW36_353_ElcheCF_AthleticClub,2026-27,36,2027-05-16,2027-05-16T00:00:00+00:00,Elche CF,Athletic Club,,totals,,,,,,,,,,,,,,,,,,unknown,,decimal,2026-09-22T10:25:41+00:00,none_available,,False,False,unavailable,2026-09-22,"The Odds API is configured and reachable, but has not yet posted this market for this fixture (bookmakers open different markets at different times before kickoff) -- genuinely unavailable, not a collector failure."
LALIGA2627_MW36_354_RCDEspanyoldeBarcelona_ValenciaCF,2026-27,36,2027-05-16,2027-05-16T00:00:00+00:00,RCD Espanyol de Barcelona,Valencia CF,,h2h,,,,,,,,,,,,,,,,,,unknown,,decimal,2026-09-22T10:25:41+00:00,none_available,,False,False,unavailable,2026-09-22,"The Odds API is configured and reachable, but has not yet posted this market for this fixture (bookmakers open different markets at different times before kickoff) -- genuinely unavailable, not a collector failure."
LALIGA2627_MW36_354_RCDEspanyoldeBarcelona_ValenciaCF,2026-27,36,2027-05-16,2027-05-16T00:00:00+00:00,RCD Espanyol de Barcelona,Valencia CF,,spreads,,,,,,,,,,,,,,,,,,unknown,,decimal,2026-09-22T10:25:41+00:00,none_available,,False,False,unavailable,2026-09-22,"The Odds API is configured and reachable, but has not yet posted this market for this fixture (bookmakers open different markets at different times before kickoff) -- genuinely unavailable, not a collector failure."
LALIGA2627_MW36_354_RCDEspanyoldeBarcelona_ValenciaCF,2026-27,36,2027-05-16,2027-05-16T00:00:00+00:00,RCD Espanyol de Barcelona,Valencia CF,,totals,,,,,,,,,,,,,,,,,,unknown,,decimal,2026-09-22T10:25:41+00:00,none_available,,False,False,unavailable,2026-09-22,"The Odds API is configured and reachable, but has not yet posted this market for this fixture (bookmakers open different markets at different times before kickoff) -- genuinely unavailable, not a collector failure."
LALIGA2627_MW36_355_LevanteUD_GetafeCF,2026-27,36,2027-05-16,2027-05-16T00:00:00+00:00,Levante UD,Getafe CF,,h2h,,,,,,,,,,,,,,,,,,unknown,,decimal,2026-09-22T10:25:41+00:00,none_available,,False,False,unavailable,2026-09-22,"The Odds API is configured and reachable, but has not yet posted this market for this fixture (bookmakers open different markets at different times before kickoff) -- genuinely unavailable, not a collector failure."
LALIGA2627_MW36_355_LevanteUD_GetafeCF,2026-27,36,2027-05-16,2027-05-16T00:00:00+00:00,Levante UD,Getafe CF,,spreads,,,,,,,,,,,,,,,,,,unknown,,decimal,2026-09-22T10:25:41+00:00,none_available,,False,False,unavailable,2026-09-22,"The Odds API is configured and reachable, but has not yet posted this market for this fixture (bookmakers open different markets at different times before kickoff) -- genuinely unavailable, not a collector failure."
LALIGA2627_MW36_355_LevanteUD_GetafeCF,2026-27,36,2027-05-16,2027-05-16T00:00:00+00:00,Levante UD,Getafe CF,,totals,,,,,,,,,,,,,,,,,,unknown,,decimal,2026-09-22T10:25:41+00:00,none_available,,False,False,unavailable,2026-09-22,"The Odds API is configured and reachable, but has not yet posted this market for this fixture (bookmakers open different markets at different times before kickoff) -- genuinely unavailable, not a collector failure."
LALIGA2627_MW36_356_MálagaCF_CeltaVigo,2026-27,36,2027-05-16,2027-05-16T00:00:00+00:00,Málaga CF,Celta Vigo,,h2h,,,,,,,,,,,,,,,,,,unknown,,decimal,2026-09-22T10:25:41+00:00,none_available,,False,False,unavailable,2026-09-22,"The Odds API is configured and reachable, but has not yet posted this market for this fixture (bookmakers open different markets at different times before kickoff) -- genuinely unavailable, not a collector failure."
LALIGA2627_MW36_356_MálagaCF_CeltaVigo,2026-27,36,2027-05-16,2027-05-16T00:00:00+00:00,Málaga CF,Celta Vigo,,spreads,,,,,,,,,,,,,,,,,,unknown,,decimal,2026-09-22T10:25:41+00:00,none_available,,False,False,unavailable,2026-09-22,"The Odds API is configured and reachable, but has not yet posted this market for this fixture (bookmakers open different markets at different times before kickoff) -- genuinely unavailable, not a collector failure."
LALIGA2627_MW36_356_MálagaCF_CeltaVigo,2026-27,36,2027-05-16,2027-05-16T00:00:00+00:00,Málaga CF,Celta Vigo,,totals,,,,,,,,,,,,,,,,,,unknown,,decimal,2026-09-22T10:25:41+00:00,none_available,,False,False,unavailable,2026-09-22,"The Odds API is configured and reachable, but has not yet posted this market for this fixture (bookmakers open different markets at different times before kickoff) -- genuinely unavailable, not a collector failure."
LALIGA2627_MW36_357_CAOsasuna_RealBetis,2026-27,36,2027-05-16,2027-05-16T00:00:00+00:00,CA Osasuna,Real Betis,,h2h,,,,,,,,,,,,,,,,,,unknown,,decimal,2026-09-22T10:25:41+00:00,none_available,,False,False,unavailable,2026-09-22,"The Odds API is configured and reachable, but has not yet posted this market for this fixture (bookmakers open different markets at different times before kickoff) -- genuinely unavailable, not a collector failure."
LALIGA2627_MW36_357_CAOsasuna_RealBetis,2026-27,36,2027-05-16,2027-05-16T00:00:00+00:00,CA Osasuna,Real Betis,,spreads,,,,,,,,,,,,,,,,,,unknown,,decimal,2026-09-22T10:25:41+00:00,none_available,,False,False,unavailable,2026-09-22,"The Odds API is configured and reachable, but has not yet posted this market for this fixture (bookmakers open different markets at different times before kickoff) -- genuinely unavailable, not a collector failure."
LALIGA2627_MW36_357_CAOsasuna_RealBetis,2026-27,36,2027-05-16,2027-05-16T00:00:00+00:00,CA Osasuna,Real Betis,,totals,,,,,,,,,,,,,,,,,,unknown,,decimal,2026-09-22T10:25:41+00:00,none_available,,False,False,unavailable,2026-09-22,"The Odds API is configured and reachable, but has not yet posted this market for this fixture (bookmakers open different markets at different times before kickoff) -- genuinely unavailable, not a collector failure."
LALIGA2627_MW36_358_RealMadrid_R.RacingClub,2026-27,36,2027-05-16,2027-05-16T00:00:00+00:00,Real Madrid,R. Racing Club,,h2h,,,,,,,,,,,,,,,,,,unknown,,decimal,2026-09-22T10:25:41+00:00,none_available,,False,False,unavailable,2026-09-22,"The Odds API is configured and reachable, but has not yet posted this market for this fixture (bookmakers open different markets at different times before kickoff) -- genuinely unavailable, not a collector failure."
LALIGA2627_MW36_358_RealMadrid_R.RacingClub,2026-27,36,2027-05-16,2027-05-16T00:00:00+00:00,Real Madrid,R. Racing Club,,spreads,,,,,,,,,,,,,,,,,,unknown,,decimal,2026-09-22T10:25:41+00:00,none_available,,False,False,unavailable,2026-09-22,"The Odds API is configured and reachable, but has not yet posted this market for this fixture (bookmakers open different markets at different times before kickoff) -- genuinely unavailable, not a collector failure."
LALIGA2627_MW36_358_RealMadrid_R.RacingClub,2026-27,36,2027-05-16,2027-05-16T00:00:00+00:00,Real Madrid,R. Racing Club,,totals,,,,,,,,,,,,,,,,,,unknown,,decimal,2026-09-22T10:25:41+00:00,none_available,,False,False,unavailable,2026-09-22,"The Odds API is configured and reachable, but has not yet posted this market for this fixture (bookmakers open different markets at different times before kickoff) -- genuinely unavailable, not a collector failure."
LALIGA2627_MW36_359_RealSociedad_FCBarcelona,2026-27,36,2027-05-16,2027-05-16T00:00:00+00:00,Real Sociedad,FC Barcelona,,h2h,,,,,,,,,,,,,,,,,,unknown,,decimal,2026-09-22T10:25:41+00:00,none_available,,False,False,unavailable,2026-09-22,"The Odds API is configured and reachable, but has not yet posted this market for this fixture (bookmakers open different markets at different times before kickoff) -- genuinely unavailable, not a collector failure."
LALIGA2627_MW36_359_RealSociedad_FCBarcelona,2026-27,36,2027-05-16,2027-05-16T00:00:00+00:00,Real Sociedad,FC Barcelona,,spreads,,,,,,,,,,,,,,,,,,unknown,,decimal,2026-09-22T10:25:41+00:00,none_available,,False,False,unavailable,2026-09-22,"The Odds API is configured and reachable, but has not yet posted this market for this fixture (bookmakers open different markets at different times before kickoff) -- genuinely unavailable, not a collector failure."
LALIGA2627_MW36_359_RealSociedad_FCBarcelona,2026-27,36,2027-05-16,2027-05-16T00:00:00+00:00,Real Sociedad,FC Barcelona,,totals,,,,,,,,,,,,,,,,,,unknown,,decimal,2026-09-22T10:25:41+00:00,none_available,,False,False,unavailable,2026-09-22,"The Odds API is configured and reachable, but has not yet posted this market for this fixture (bookmakers open different markets at different times before kickoff) -- genuinely unavailable, not a collector failure."
LALIGA2627_MW36_360_SevillaFC_VillarrealCF,2026-27,36,2027-05-16,2027-05-16T00:00:00+00:00,Sevilla FC,Villarreal CF,,h2h,,,,,,,,,,,,,,,,,,unknown,,decimal,2026-09-22T10:25:41+00:00,none_available,,False,False,unavailable,2026-09-22,"The Odds API is configured and reachable, but has not yet posted this market for this fixture (bookmakers open different markets at different times before kickoff) -- genuinely unavailable, not a collector failure."
LALIGA2627_MW36_360_SevillaFC_VillarrealCF,2026-27,36,2027-05-16,2027-05-16T00:00:00+00:00,Sevilla FC,Villarreal CF,,spreads,,,,,,,,,,,,,,,,,,unknown,,decimal,2026-09-22T10:25:41+00:00,none_available,,False,False,unavailable,2026-09-22,"The Odds API is configured and reachable, but has not yet posted this market for this fixture (bookmakers open different markets at different times before kickoff) -- genuinely unavailable, not a collector failure."
LALIGA2627_MW36_360_SevillaFC_VillarrealCF,2026-27,36,2027-05-16,2027-05-16T00:00:00+00:00,Sevilla FC,Villarreal CF,,totals,,,,,,,,,,,,,,,,,,unknown,,decimal,2026-09-22T10:25:41+00:00,none_available,,False,False,unavailable,2026-09-22,"The Odds API is configured and reachable, but has not yet posted this market for this fixture (bookmakers open different markets at different times before kickoff) -- genuinely unavailable, not a collector failure."
LALIGA2627_MW37_361_DeportivoAlavés_RealMadrid,2026-27,37,2027-05-23,2027-05-23T00:00:00+00:00,Deportivo Alavés,Real Madrid,,h2h,,,,,,,,,,,,,,,,,,unknown,,decimal,2026-09-22T10:25:41+00:00,none_available,,False,False,unavailable,2026-09-22,"The Odds API is configured and reachable, but has not yet posted this market for this fixture (bookmakers open different markets at different times before kickoff) -- genuinely unavailable, not a collector failure."
LALIGA2627_MW37_361_DeportivoAlavés_RealMadrid,2026-27,37,2027-05-23,2027-05-23T00:00:00+00:00,Deportivo Alavés,Real Madrid,,spreads,,,,,,,,,,,,,,,,,,unknown,,decimal,2026-09-22T10:25:41+00:00,none_available,,False,False,unavailable,2026-09-22,"The Odds API is configured and reachable, but has not yet posted this market for this fixture (bookmakers open different markets at different times before kickoff) -- genuinely unavailable, not a collector failure."
LALIGA2627_MW37_361_DeportivoAlavés_RealMadrid,2026-27,37,2027-05-23,2027-05-23T00:00:00+00:00,Deportivo Alavés,Real Madrid,,totals,,,,,,,,,,,,,,,,,,unknown,,decimal,2026-09-22T10:25:41+00:00,none_available,,False,False,unavailable,2026-09-22,"The Odds API is configured and reachable, but has not yet posted this market for this fixture (bookmakers open different markets at different times before kickoff) -- genuinely unavailable, not a collector failure."
LALIGA2627_MW37_362_AtléticodeMadrid_AthleticClub,2026-27,37,2027-05-23,2027-05-23T00:00:00+00:00,Atlético de Madrid,Athletic Club,,h2h,,,,,,,,,,,,,,,,,,unknown,,decimal,2026-09-22T10:25:41+00:00,none_available,,False,False,unavailable,2026-09-22,"The Odds API is configured and reachable, but has not yet posted this market for this fixture (bookmakers open different markets at different times before kickoff) -- genuinely unavailable, not a collector failure."
LALIGA2627_MW37_362_AtléticodeMadrid_AthleticClub,2026-27,37,2027-05-23,2027-05-23T00:00:00+00:00,Atlético de Madrid,Athletic Club,,spreads,,,,,,,,,,,,,,,,,,unknown,,decimal,2026-09-22T10:25:41+00:00,none_available,,False,False,unavailable,2026-09-22,"The Odds API is configured and reachable, but has not yet posted this market for this fixture (bookmakers open different markets at different times before kickoff) -- genuinely unavailable, not a collector failure."
LALIGA2627_MW37_362_AtléticodeMadrid_AthleticClub,2026-27,37,2027-05-23,2027-05-23T00:00:00+00:00,Atlético de Madrid,Athletic Club,,totals,,,,,,,,,,,,,,,,,,unknown,,decimal,2026-09-22T10:25:41+00:00,none_available,,False,False,unavailable,2026-09-22,"The Odds API is configured and reachable, but has not yet posted this market for this fixture (bookmakers open different markets at different times before kickoff) -- genuinely unavailable, not a collector failure."
LALIGA2627_MW37_363_CeltaVigo_RealSociedad,2026-27,37,2027-05-23,2027-05-23T00:00:00+00:00,Celta Vigo,Real Sociedad,,h2h,,,,,,,,,,,,,,,,,,unknown,,decimal,2026-09-22T10:25:41+00:00,none_available,,False,False,unavailable,2026-09-22,"The Odds API is configured and reachable, but has not yet posted this market for this fixture (bookmakers open different markets at different times before kickoff) -- genuinely unavailable, not a collector failure."
LALIGA2627_MW37_363_CeltaVigo_RealSociedad,2026-27,37,2027-05-23,2027-05-23T00:00:00+00:00,Celta Vigo,Real Sociedad,,spreads,,,,,,,,,,,,,,,,,,unknown,,decimal,2026-09-22T10:25:41+00:00,none_available,,False,False,unavailable,2026-09-22,"The Odds API is configured and reachable, but has not yet posted this market for this fixture (bookmakers open different markets at different times before kickoff) -- genuinely unavailable, not a collector failure."
LALIGA2627_MW37_363_CeltaVigo_RealSociedad,2026-27,37,2027-05-23,2027-05-23T00:00:00+00:00,Celta Vigo,Real Sociedad,,totals,,,,,,,,,,,,,,,,,,unknown,,decimal,2026-09-22T10:25:41+00:00,none_available,,False,False,unavailable,2026-09-22,"The Odds API is configured and reachable, but has not yet posted this market for this fixture (bookmakers open different markets at different times before kickoff) -- genuinely unavailable, not a collector failure."
LALIGA2627_MW37_364_RCDeportivo_RCDEspanyoldeBarcelona,2026-27,37,2027-05-23,2027-05-23T00:00:00+00:00,RC Deportivo,RCD Espanyol de Barcelona,,h2h,,,,,,,,,,,,,,,,,,unknown,,decimal,2026-09-22T10:25:41+00:00,none_available,,False,False,unavailable,2026-09-22,"The Odds API is configured and reachable, but has not yet posted this market for this fixture (bookmakers open different markets at different times before kickoff) -- genuinely unavailable, not a collector failure."
LALIGA2627_MW37_364_RCDeportivo_RCDEspanyoldeBarcelona,2026-27,37,2027-05-23,2027-05-23T00:00:00+00:00,RC Deportivo,RCD Espanyol de Barcelona,,spreads,,,,,,,,,,,,,,,,,,unknown,,decimal,2026-09-22T10:25:41+00:00,none_available,,False,False,unavailable,2026-09-22,"The Odds API is configured and reachable, but has not yet posted this market for this fixture (bookmakers open different markets at different times before kickoff) -- genuinely unavailable, not a collector failure."
LALIGA2627_MW37_364_RCDeportivo_RCDEspanyoldeBarcelona,2026-27,37,2027-05-23,2027-05-23T00:00:00+00:00,RC Deportivo,RCD Espanyol de Barcelona,,totals,,,,,,,,,,,,,,,,,,unknown,,decimal,2026-09-22T10:25:41+00:00,none_available,,False,False,unavailable,2026-09-22,"The Odds API is configured and reachable, but has not yet posted this market for this fixture (bookmakers open different markets at different times before kickoff) -- genuinely unavailable, not a collector failure."
LALIGA2627_MW37_365_FCBarcelona_MálagaCF,2026-27,37,2027-05-23,2027-05-23T00:00:00+00:00,FC Barcelona,Málaga CF,,h2h,,,,,,,,,,,,,,,,,,unknown,,decimal,2026-09-22T10:25:41+00:00,none_available,,False,False,unavailable,2026-09-22,"The Odds API is configured and reachable, but has not yet posted this market for this fixture (bookmakers open different markets at different times before kickoff) -- genuinely unavailable, not a collector failure."
LALIGA2627_MW37_365_FCBarcelona_MálagaCF,2026-27,37,2027-05-23,2027-05-23T00:00:00+00:00,FC Barcelona,Málaga CF,,spreads,,,,,,,,,,,,,,,,,,unknown,,decimal,2026-09-22T10:25:41+00:00,none_available,,False,False,unavailable,2026-09-22,"The Odds API is configured and reachable, but has not yet posted this market for this fixture (bookmakers open different markets at different times before kickoff) -- genuinely unavailable, not a collector failure."
LALIGA2627_MW37_365_FCBarcelona_MálagaCF,2026-27,37,2027-05-23,2027-05-23T00:00:00+00:00,FC Barcelona,Málaga CF,,totals,,,,,,,,,,,,,,,,,,unknown,,decimal,2026-09-22T10:25:41+00:00,none_available,,False,False,unavailable,2026-09-22,"The Odds API is configured and reachable, but has not yet posted this market for this fixture (bookmakers open different markets at different times before kickoff) -- genuinely unavailable, not a collector failure."
LALIGA2627_MW37_366_R.RacingClub_LevanteUD,2026-27,37,2027-05-23,2027-05-23T00:00:00+00:00,R. Racing Club,Levante UD,,h2h,,,,,,,,,,,,,,,,,,unknown,,decimal,2026-09-22T10:25:41+00:00,none_available,,False,False,unavailable,2026-09-22,"The Odds API is configured and reachable, but has not yet posted this market for this fixture (bookmakers open different markets at different times before kickoff) -- genuinely unavailable, not a collector failure."
LALIGA2627_MW37_366_R.RacingClub_LevanteUD,2026-27,37,2027-05-23,2027-05-23T00:00:00+00:00,R. Racing Club,Levante UD,,spreads,,,,,,,,,,,,,,,,,,unknown,,decimal,2026-09-22T10:25:41+00:00,none_available,,False,False,unavailable,2026-09-22,"The Odds API is configured and reachable, but has not yet posted this market for this fixture (bookmakers open different markets at different times before kickoff) -- genuinely unavailable, not a collector failure."
LALIGA2627_MW37_366_R.RacingClub_LevanteUD,2026-27,37,2027-05-23,2027-05-23T00:00:00+00:00,R. Racing Club,Levante UD,,totals,,,,,,,,,,,,,,,,,,unknown,,decimal,2026-09-22T10:25:41+00:00,none_available,,False,False,unavailable,2026-09-22,"The Odds API is configured and reachable, but has not yet posted this market for this fixture (bookmakers open different markets at different times before kickoff) -- genuinely unavailable, not a collector failure."
LALIGA2627_MW37_367_RayoVallecano_RealBetis,2026-27,37,2027-05-23,2027-05-23T00:00:00+00:00,Rayo Vallecano,Real Betis,,h2h,,,,,,,,,,,,,,,,,,unknown,,decimal,2026-09-22T10:25:41+00:00,none_available,,False,False,unavailable,2026-09-22,"The Odds API is configured and reachable, but has not yet posted this market for this fixture (bookmakers open different markets at different times before kickoff) -- genuinely unavailable, not a collector failure."
LALIGA2627_MW37_367_RayoVallecano_RealBetis,2026-27,37,2027-05-23,2027-05-23T00:00:00+00:00,Rayo Vallecano,Real Betis,,spreads,,,,,,,,,,,,,,,,,,unknown,,decimal,2026-09-22T10:25:41+00:00,none_available,,False,False,unavailable,2026-09-22,"The Odds API is configured and reachable, but has not yet posted this market for this fixture (bookmakers open different markets at different times before kickoff) -- genuinely unavailable, not a collector failure."
LALIGA2627_MW37_367_RayoVallecano_RealBetis,2026-27,37,2027-05-23,2027-05-23T00:00:00+00:00,Rayo Vallecano,Real Betis,,totals,,,,,,,,,,,,,,,,,,unknown,,decimal,2026-09-22T10:25:41+00:00,none_available,,False,False,unavailable,2026-09-22,"The Odds API is configured and reachable, but has not yet posted this market for this fixture (bookmakers open different markets at different times before kickoff) -- genuinely unavailable, not a collector failure."
LALIGA2627_MW37_368_SevillaFC_GetafeCF,2026-27,37,2027-05-23,2027-05-23T00:00:00+00:00,Sevilla FC,Getafe CF,,h2h,,,,,,,,,,,,,,,,,,unknown,,decimal,2026-09-22T10:25:41+00:00,none_available,,False,False,unavailable,2026-09-22,"The Odds API is configured and reachable, but has not yet posted this market for this fixture (bookmakers open different markets at different times before kickoff) -- genuinely unavailable, not a collector failure."
LALIGA2627_MW37_368_SevillaFC_GetafeCF,2026-27,37,2027-05-23,2027-05-23T00:00:00+00:00,Sevilla FC,Getafe CF,,spreads,,,,,,,,,,,,,,,,,,unknown,,decimal,2026-09-22T10:25:41+00:00,none_available,,False,False,unavailable,2026-09-22,"The Odds API is configured and reachable, but has not yet posted this market for this fixture (bookmakers open different markets at different times before kickoff) -- genuinely unavailable, not a collector failure."
LALIGA2627_MW37_368_SevillaFC_GetafeCF,2026-27,37,2027-05-23,2027-05-23T00:00:00+00:00,Sevilla FC,Getafe CF,,totals,,,,,,,,,,,,,,,,,,unknown,,decimal,2026-09-22T10:25:41+00:00,none_available,,False,False,unavailable,2026-09-22,"The Odds API is configured and reachable, but has not yet posted this market for this fixture (bookmakers open different markets at different times before kickoff) -- genuinely unavailable, not a collector failure."
LALIGA2627_MW37_369_ValenciaCF_ElcheCF,2026-27,37,2027-05-23,2027-05-23T00:00:00+00:00,Valencia CF,Elche CF,,h2h,,,,,,,,,,,,,,,,,,unknown,,decimal,2026-09-22T10:25:41+00:00,none_available,,False,False,unavailable,2026-09-22,"The Odds API is configured and reachable, but has not yet posted this market for this fixture (bookmakers open different markets at different times before kickoff) -- genuinely unavailable, not a collector failure."
LALIGA2627_MW37_369_ValenciaCF_ElcheCF,2026-27,37,2027-05-23,2027-05-23T00:00:00+00:00,Valencia CF,Elche CF,,spreads,,,,,,,,,,,,,,,,,,unknown,,decimal,2026-09-22T10:25:41+00:00,none_available,,False,False,unavailable,2026-09-22,"The Odds API is configured and reachable, but has not yet posted this market for this fixture (bookmakers open different markets at different times before kickoff) -- genuinely unavailable, not a collector failure."
LALIGA2627_MW37_369_ValenciaCF_ElcheCF,2026-27,37,2027-05-23,2027-05-23T00:00:00+00:00,Valencia CF,Elche CF,,totals,,,,,,,,,,,,,,,,,,unknown,,decimal,2026-09-22T10:25:41+00:00,none_available,,False,False,unavailable,2026-09-22,"The Odds API is configured and reachable, but has not yet posted this market for this fixture (bookmakers open different markets at different times before kickoff) -- genuinely unavailable, not a collector failure."
LALIGA2627_MW37_370_VillarrealCF_CAOsasuna,2026-27,37,2027-05-23,2027-05-23T00:00:00+00:00,Villarreal CF,CA Osasuna,,h2h,,,,,,,,,,,,,,,,,,unknown,,decimal,2026-09-22T10:25:41+00:00,none_available,,False,False,unavailable,2026-09-22,"The Odds API is configured and reachable, but has not yet posted this market for this fixture (bookmakers open different markets at different times before kickoff) -- genuinely unavailable, not a collector failure."
LALIGA2627_MW37_370_VillarrealCF_CAOsasuna,2026-27,37,2027-05-23,2027-05-23T00:00:00+00:00,Villarreal CF,CA Osasuna,,spreads,,,,,,,,,,,,,,,,,,unknown,,decimal,2026-09-22T10:25:41+00:00,none_available,,False,False,unavailable,2026-09-22,"The Odds API is configured and reachable, but has not yet posted this market for this fixture (bookmakers open different markets at different times before kickoff) -- genuinely unavailable, not a collector failure."
LALIGA2627_MW37_370_VillarrealCF_CAOsasuna,2026-27,37,2027-05-23,2027-05-23T00:00:00+00:00,Villarreal CF,CA Osasuna,,totals,,,,,,,,,,,,,,,,,,unknown,,decimal,2026-09-22T10:25:41+00:00,none_available,,False,False,unavailable,2026-09-22,"The Odds API is configured and reachable, but has not yet posted this market for this fixture (bookmakers open different markets at different times before kickoff) -- genuinely unavailable, not a collector failure."
LALIGA2627_MW38_371_AthleticClub_RayoVallecano,2026-27,38,2027-05-30,2027-05-30T00:00:00+00:00,Athletic Club,Rayo Vallecano,,h2h,,,,,,,,,,,,,,,,,,unknown,,decimal,2026-09-22T10:25:41+00:00,none_available,,False,False,unavailable,2026-09-22,"The Odds API is configured and reachable, but has not yet posted this market for this fixture (bookmakers open different markets at different times before kickoff) -- genuinely unavailable, not a collector failure."
LALIGA2627_MW38_371_AthleticClub_RayoVallecano,2026-27,38,2027-05-30,2027-05-30T00:00:00+00:00,Athletic Club,Rayo Vallecano,,spreads,,,,,,,,,,,,,,,,,,unknown,,decimal,2026-09-22T10:25:41+00:00,none_available,,False,False,unavailable,2026-09-22,"The Odds API is configured and reachable, but has not yet posted this market for this fixture (bookmakers open different markets at different times before kickoff) -- genuinely unavailable, not a collector failure."
LALIGA2627_MW38_371_AthleticClub_RayoVallecano,2026-27,38,2027-05-30,2027-05-30T00:00:00+00:00,Athletic Club,Rayo Vallecano,,totals,,,,,,,,,,,,,,,,,,unknown,,decimal,2026-09-22T10:25:41+00:00,none_available,,False,False,unavailable,2026-09-22,"The Odds API is configured and reachable, but has not yet posted this market for this fixture (bookmakers open different markets at different times before kickoff) -- genuinely unavailable, not a collector failure."
LALIGA2627_MW38_372_RealBetis_AtléticodeMadrid,2026-27,38,2027-05-30,2027-05-30T00:00:00+00:00,Real Betis,Atlético de Madrid,,h2h,,,,,,,,,,,,,,,,,,unknown,,decimal,2026-09-22T10:25:41+00:00,none_available,,False,False,unavailable,2026-09-22,"The Odds API is configured and reachable, but has not yet posted this market for this fixture (bookmakers open different markets at different times before kickoff) -- genuinely unavailable, not a collector failure."
LALIGA2627_MW38_372_RealBetis_AtléticodeMadrid,2026-27,38,2027-05-30,2027-05-30T00:00:00+00:00,Real Betis,Atlético de Madrid,,spreads,,,,,,,,,,,,,,,,,,unknown,,decimal,2026-09-22T10:25:41+00:00,none_available,,False,False,unavailable,2026-09-22,"The Odds API is configured and reachable, but has not yet posted this market for this fixture (bookmakers open different markets at different times before kickoff) -- genuinely unavailable, not a collector failure."
LALIGA2627_MW38_372_RealBetis_AtléticodeMadrid,2026-27,38,2027-05-30,2027-05-30T00:00:00+00:00,Real Betis,Atlético de Madrid,,totals,,,,,,,,,,,,,,,,,,unknown,,decimal,2026-09-22T10:25:41+00:00,none_available,,False,False,unavailable,2026-09-22,"The Odds API is configured and reachable, but has not yet posted this market for this fixture (bookmakers open different markets at different times before kickoff) -- genuinely unavailable, not a collector failure."
LALIGA2627_MW38_373_ElcheCF_R.RacingClub,2026-27,38,2027-05-30,2027-05-30T00:00:00+00:00,Elche CF,R. Racing Club,,h2h,,,,,,,,,,,,,,,,,,unknown,,decimal,2026-09-22T10:25:41+00:00,none_available,,False,False,unavailable,2026-09-22,"The Odds API is configured and reachable, but has not yet posted this market for this fixture (bookmakers open different markets at different times before kickoff) -- genuinely unavailable, not a collector failure."
LALIGA2627_MW38_373_ElcheCF_R.RacingClub,2026-27,38,2027-05-30,2027-05-30T00:00:00+00:00,Elche CF,R. Racing Club,,spreads,,,,,,,,,,,,,,,,,,unknown,,decimal,2026-09-22T10:25:41+00:00,none_available,,False,False,unavailable,2026-09-22,"The Odds API is configured and reachable, but has not yet posted this market for this fixture (bookmakers open different markets at different times before kickoff) -- genuinely unavailable, not a collector failure."
LALIGA2627_MW38_373_ElcheCF_R.RacingClub,2026-27,38,2027-05-30,2027-05-30T00:00:00+00:00,Elche CF,R. Racing Club,,totals,,,,,,,,,,,,,,,,,,unknown,,decimal,2026-09-22T10:25:41+00:00,none_available,,False,False,unavailable,2026-09-22,"The Odds API is configured and reachable, but has not yet posted this market for this fixture (bookmakers open different markets at different times before kickoff) -- genuinely unavailable, not a collector failure."
LALIGA2627_MW38_374_RCDEspanyoldeBarcelona_DeportivoAlavés,2026-27,38,2027-05-30,2027-05-30T00:00:00+00:00,RCD Espanyol de Barcelona,Deportivo Alavés,,h2h,,,,,,,,,,,,,,,,,,unknown,,decimal,2026-09-22T10:25:41+00:00,none_available,,False,False,unavailable,2026-09-22,"The Odds API is configured and reachable, but has not yet posted this market for this fixture (bookmakers open different markets at different times before kickoff) -- genuinely unavailable, not a collector failure."
LALIGA2627_MW38_374_RCDEspanyoldeBarcelona_DeportivoAlavés,2026-27,38,2027-05-30,2027-05-30T00:00:00+00:00,RCD Espanyol de Barcelona,Deportivo Alavés,,spreads,,,,,,,,,,,,,,,,,,unknown,,decimal,2026-09-22T10:25:41+00:00,none_available,,False,False,unavailable,2026-09-22,"The Odds API is configured and reachable, but has not yet posted this market for this fixture (bookmakers open different markets at different times before kickoff) -- genuinely unavailable, not a collector failure."
LALIGA2627_MW38_374_RCDEspanyoldeBarcelona_DeportivoAlavés,2026-27,38,2027-05-30,2027-05-30T00:00:00+00:00,RCD Espanyol de Barcelona,Deportivo Alavés,,totals,,,,,,,,,,,,,,,,,,unknown,,decimal,2026-09-22T10:25:41+00:00,none_available,,False,False,unavailable,2026-09-22,"The Odds API is configured and reachable, but has not yet posted this market for this fixture (bookmakers open different markets at different times before kickoff) -- genuinely unavailable, not a collector failure."
LALIGA2627_MW38_375_GetafeCF_FCBarcelona,2026-27,38,2027-05-30,2027-05-30T00:00:00+00:00,Getafe CF,FC Barcelona,,h2h,,,,,,,,,,,,,,,,,,unknown,,decimal,2026-09-22T10:25:41+00:00,none_available,,False,False,unavailable,2026-09-22,"The Odds API is configured and reachable, but has not yet posted this market for this fixture (bookmakers open different markets at different times before kickoff) -- genuinely unavailable, not a collector failure."
LALIGA2627_MW38_375_GetafeCF_FCBarcelona,2026-27,38,2027-05-30,2027-05-30T00:00:00+00:00,Getafe CF,FC Barcelona,,spreads,,,,,,,,,,,,,,,,,,unknown,,decimal,2026-09-22T10:25:41+00:00,none_available,,False,False,unavailable,2026-09-22,"The Odds API is configured and reachable, but has not yet posted this market for this fixture (bookmakers open different markets at different times before kickoff) -- genuinely unavailable, not a collector failure."
LALIGA2627_MW38_375_GetafeCF_FCBarcelona,2026-27,38,2027-05-30,2027-05-30T00:00:00+00:00,Getafe CF,FC Barcelona,,totals,,,,,,,,,,,,,,,,,,unknown,,decimal,2026-09-22T10:25:41+00:00,none_available,,False,False,unavailable,2026-09-22,"The Odds API is configured and reachable, but has not yet posted this market for this fixture (bookmakers open different markets at different times before kickoff) -- genuinely unavailable, not a collector failure."
LALIGA2627_MW38_376_LevanteUD_CeltaVigo,2026-27,38,2027-05-30,2027-05-30T00:00:00+00:00,Levante UD,Celta Vigo,,h2h,,,,,,,,,,,,,,,,,,unknown,,decimal,2026-09-22T10:25:41+00:00,none_available,,False,False,unavailable,2026-09-22,"The Odds API is configured and reachable, but has not yet posted this market for this fixture (bookmakers open different markets at different times before kickoff) -- genuinely unavailable, not a collector failure."
LALIGA2627_MW38_376_LevanteUD_CeltaVigo,2026-27,38,2027-05-30,2027-05-30T00:00:00+00:00,Levante UD,Celta Vigo,,spreads,,,,,,,,,,,,,,,,,,unknown,,decimal,2026-09-22T10:25:41+00:00,none_available,,False,False,unavailable,2026-09-22,"The Odds API is configured and reachable, but has not yet posted this market for this fixture (bookmakers open different markets at different times before kickoff) -- genuinely unavailable, not a collector failure."
LALIGA2627_MW38_376_LevanteUD_CeltaVigo,2026-27,38,2027-05-30,2027-05-30T00:00:00+00:00,Levante UD,Celta Vigo,,totals,,,,,,,,,,,,,,,,,,unknown,,decimal,2026-09-22T10:25:41+00:00,none_available,,False,False,unavailable,2026-09-22,"The Odds API is configured and reachable, but has not yet posted this market for this fixture (bookmakers open different markets at different times before kickoff) -- genuinely unavailable, not a collector failure."
LALIGA2627_MW38_377_MálagaCF_SevillaFC,2026-27,38,2027-05-30,2027-05-30T00:00:00+00:00,Málaga CF,Sevilla FC,,h2h,,,,,,,,,,,,,,,,,,unknown,,decimal,2026-09-22T10:25:41+00:00,none_available,,False,False,unavailable,2026-09-22,"The Odds API is configured and reachable, but has not yet posted this market for this fixture (bookmakers open different markets at different times before kickoff) -- genuinely unavailable, not a collector failure."
LALIGA2627_MW38_377_MálagaCF_SevillaFC,2026-27,38,2027-05-30,2027-05-30T00:00:00+00:00,Málaga CF,Sevilla FC,,spreads,,,,,,,,,,,,,,,,,,unknown,,decimal,2026-09-22T10:25:41+00:00,none_available,,False,False,unavailable,2026-09-22,"The Odds API is configured and reachable, but has not yet posted this market for this fixture (bookmakers open different markets at different times before kickoff) -- genuinely unavailable, not a collector failure."
LALIGA2627_MW38_377_MálagaCF_SevillaFC,2026-27,38,2027-05-30,2027-05-30T00:00:00+00:00,Málaga CF,Sevilla FC,,totals,,,,,,,,,,,,,,,,,,unknown,,decimal,2026-09-22T10:25:41+00:00,none_available,,False,False,unavailable,2026-09-22,"The Odds API is configured and reachable, but has not yet posted this market for this fixture (bookmakers open different markets at different times before kickoff) -- genuinely unavailable, not a collector failure."
LALIGA2627_MW38_378_CAOsasuna_ValenciaCF,2026-27,38,2027-05-30,2027-05-30T00:00:00+00:00,CA Osasuna,Valencia CF,,h2h,,,,,,,,,,,,,,,,,,unknown,,decimal,2026-09-22T10:25:41+00:00,none_available,,False,False,unavailable,2026-09-22,"The Odds API is configured and reachable, but has not yet posted this market for this fixture (bookmakers open different markets at different times before kickoff) -- genuinely unavailable, not a collector failure."
LALIGA2627_MW38_378_CAOsasuna_ValenciaCF,2026-27,38,2027-05-30,2027-05-30T00:00:00+00:00,CA Osasuna,Valencia CF,,spreads,,,,,,,,,,,,,,,,,,unknown,,decimal,2026-09-22T10:25:41+00:00,none_available,,False,False,unavailable,2026-09-22,"The Odds API is configured and reachable, but has not yet posted this market for this fixture (bookmakers open different markets at different times before kickoff) -- genuinely unavailable, not a collector failure."
LALIGA2627_MW38_378_CAOsasuna_ValenciaCF,2026-27,38,2027-05-30,2027-05-30T00:00:00+00:00,CA Osasuna,Valencia CF,,totals,,,,,,,,,,,,,,,,,,unknown,,decimal,2026-09-22T10:25:41+00:00,none_available,,False,False,unavailable,2026-09-22,"The Odds API is configured and reachable, but has not yet posted this market for this fixture (bookmakers open different markets at different times before kickoff) -- genuinely unavailable, not a collector failure."
LALIGA2627_MW38_379_RealMadrid_RCDeportivo,2026-27,38,2027-05-30,2027-05-30T00:00:00+00:00,Real Madrid,RC Deportivo,,h2h,,,,,,,,,,,,,,,,,,unknown,,decimal,2026-09-22T10:25:41+00:00,none_available,,False,False,unavailable,2026-09-22,"The Odds API is configured and reachable, but has not yet posted this market for this fixture (bookmakers open different markets at different times before kickoff) -- genuinely unavailable, not a collector failure."
LALIGA2627_MW38_379_RealMadrid_RCDeportivo,2026-27,38,2027-05-30,2027-05-30T00:00:00+00:00,Real Madrid,RC Deportivo,,spreads,,,,,,,,,,,,,,,,,,unknown,,decimal,2026-09-22T10:25:41+00:00,none_available,,False,False,unavailable,2026-09-22,"The Odds API is configured and reachable, but has not yet posted this market for this fixture (bookmakers open different markets at different times before kickoff) -- genuinely unavailable, not a collector failure."
LALIGA2627_MW38_379_RealMadrid_RCDeportivo,2026-27,38,2027-05-30,2027-05-30T00:00:00+00:00,Real Madrid,RC Deportivo,,totals,,,,,,,,,,,,,,,,,,unknown,,decimal,2026-09-22T10:25:41+00:00,none_available,,False,False,unavailable,2026-09-22,"The Odds API is configured and reachable, but has not yet posted this market for this fixture (bookmakers open different markets at different times before kickoff) -- genuinely unavailable, not a collector failure."
LALIGA2627_MW38_380_RealSociedad_VillarrealCF,2026-27,38,2027-05-30,2027-05-30T00:00:00+00:00,Real Sociedad,Villarreal CF,,h2h,,,,,,,,,,,,,,,,,,unknown,,decimal,2026-09-22T10:25:41+00:00,none_available,,False,False,unavailable,2026-09-22,"The Odds API is configured and reachable, but has not yet posted this market for this fixture (bookmakers open different markets at different times before kickoff) -- genuinely unavailable, not a collector failure."
LALIGA2627_MW38_380_RealSociedad_VillarrealCF,2026-27,38,2027-05-30,2027-05-30T00:00:00+00:00,Real Sociedad,Villarreal CF,,spreads,,,,,,,,,,,,,,,,,,unknown,,decimal,2026-09-22T10:25:41+00:00,none_available,,False,False,unavailable,2026-09-22,"The Odds API is configured and reachable, but has not yet posted this market for this fixture (bookmakers open different markets at different times before kickoff) -- genuinely unavailable, not a collector failure."
LALIGA2627_MW38_380_RealSociedad_VillarrealCF,2026-27,38,2027-05-30,2027-05-30T00:00:00+00:00,Real Sociedad,Villarreal CF,,totals,,,,,,,,,,,,,,,,,,unknown,,decimal,2026-09-22T10:25:41+00:00,none_available,,False,False,unavailable,2026-09-22,"The Odds API is configured and reachable, but has not yet posted this market for this fixture (bookmakers open different markets at different times before kickoff) -- genuinely unavailable, not a collector failure."
