match_id,season,matchweek,date,kickoff_utc,kickoff_local,home_team,away_team,stadium,city,status,source_name,source_url_or_page_title,source_timestamp,is_real_data,data_status,notes
SERIEA2627_MW01_005_Internazionale_Monza,2026-27,1,2026-08-22,2026-08-22T16:30:00+00:00,2026-08-22T18:30:00+02:00,Internazionale,Monza,Giuseppe Meazza,,completed,fixturedownload.com,https://fixturedownload.com/feed/json/serie-a-2026,2026-09-16T18:51:56+00:00,True,scheduled_provisional,Kickoff time reflects originally-published scheduling; broadcaster picks can move this fixture later in the season. Re-collect before using kickoff_utc for a leakage-safe cutoff close to matchday.
SERIEA2627_MW01_009_Udinese_Como,2026-27,1,2026-08-22,2026-08-22T16:30:00+00:00,2026-08-22T18:30:00+02:00,Udinese,Como,Friuli/Bluenergy stadium,,completed,fixturedownload.com,https://fixturedownload.com/feed/json/serie-a-2026,2026-09-16T18:51:56+00:00,True,scheduled_provisional,Kickoff time reflects originally-published scheduling; broadcaster picks can move this fixture later in the season. Re-collect before using kickoff_utc for a leakage-safe cutoff close to matchday.
SERIEA2627_MW01_004_Genoa_Napoli,2026-27,1,2026-08-22,2026-08-22T18:45:00+00:00,2026-08-22T20:45:00+02:00,Genoa,Napoli,Luigi Ferraris,,completed,fixturedownload.com,https://fixturedownload.com/feed/json/serie-a-2026,2026-09-16T18:51:56+00:00,True,scheduled_provisional,Kickoff time reflects originally-published scheduling; broadcaster picks can move this fixture later in the season. Re-collect before using kickoff_utc for a leakage-safe cutoff close to matchday.
SERIEA2627_MW01_006_Parma_Cagliari,2026-27,1,2026-08-22,2026-08-22T18:45:00+00:00,2026-08-22T20:45:00+02:00,Parma,Cagliari,Ennio Tardini,,completed,fixturedownload.com,https://fixturedownload.com/feed/json/serie-a-2026,2026-09-16T18:51:56+00:00,True,scheduled_provisional,Kickoff time reflects originally-published scheduling; broadcaster picks can move this fixture later in the season. Re-collect before using kickoff_utc for a leakage-safe cutoff close to matchday.
SERIEA2627_MW01_003_Frosinone_Juventus,2026-27,1,2026-08-23,2026-08-23T16:30:00+00:00,2026-08-23T18:30:00+02:00,Frosinone,Juventus,Benito Stirpe,,completed,fixturedownload.com,https://fixturedownload.com/feed/json/serie-a-2026,2026-09-16T18:51:56+00:00,True,scheduled_provisional,Kickoff time reflects originally-published scheduling; broadcaster picks can move this fixture later in the season. Re-collect before using kickoff_utc for a leakage-safe cutoff close to matchday.
SERIEA2627_MW01_010_Venezia_Lecce,2026-27,1,2026-08-23,2026-08-23T16:30:00+00:00,2026-08-23T18:30:00+02:00,Venezia,Lecce,Pier Luigi Penzo,,completed,fixturedownload.com,https://fixturedownload.com/feed/json/serie-a-2026,2026-09-16T18:51:56+00:00,True,scheduled_provisional,Kickoff time reflects originally-published scheduling; broadcaster picks can move this fixture later in the season. Re-collect before using kickoff_utc for a leakage-safe cutoff close to matchday.
SERIEA2627_MW01_001_Atalanta_Sassuolo,2026-27,1,2026-08-23,2026-08-23T18:45:00+00:00,2026-08-23T20:45:00+02:00,Atalanta,Sassuolo,New Balance Arena,,completed,fixturedownload.com,https://fixturedownload.com/feed/json/serie-a-2026,2026-09-16T18:51:56+00:00,True,scheduled_provisional,Kickoff time reflects originally-published scheduling; broadcaster picks can move this fixture later in the season. Re-collect before using kickoff_utc for a leakage-safe cutoff close to matchday.
SERIEA2627_MW01_008_Torino_Milan,2026-27,1,2026-08-23,2026-08-23T18:45:00+00:00,2026-08-23T20:45:00+02:00,Torino,Milan,Olimpico - Grande Torino,,completed,fixturedownload.com,https://fixturedownload.com/feed/json/serie-a-2026,2026-09-16T18:51:56+00:00,True,scheduled_provisional,Kickoff time reflects originally-published scheduling; broadcaster picks can move this fixture later in the season. Re-collect before using kickoff_utc for a leakage-safe cutoff close to matchday.
SERIEA2627_MW01_002_Bologna_Lazio,2026-27,1,2026-08-24,2026-08-24T16:30:00+00:00,2026-08-24T18:30:00+02:00,Bologna,Lazio,Renato Dall'Ara,,completed,fixturedownload.com,https://fixturedownload.com/feed/json/serie-a-2026,2026-09-16T18:51:56+00:00,True,scheduled_provisional,Kickoff time reflects originally-published scheduling; broadcaster picks can move this fixture later in the season. Re-collect before using kickoff_utc for a leakage-safe cutoff close to matchday.
SERIEA2627_MW01_007_Roma_Fiorentina,2026-27,1,2026-08-24,2026-08-24T18:45:00+00:00,2026-08-24T20:45:00+02:00,Roma,Fiorentina,Olimpico,,completed,fixturedownload.com,https://fixturedownload.com/feed/json/serie-a-2026,2026-09-16T18:51:56+00:00,True,scheduled_provisional,Kickoff time reflects originally-published scheduling; broadcaster picks can move this fixture later in the season. Re-collect before using kickoff_utc for a leakage-safe cutoff close to matchday.
SERIEA2627_MW02_017_Milan_Venezia,2026-27,2,2026-08-28,2026-08-28T18:45:00+00:00,2026-08-28T20:45:00+02:00,Milan,Venezia,Giuseppe Meazza,,completed,fixturedownload.com,https://fixturedownload.com/feed/json/serie-a-2026,2026-09-16T18:51:56+00:00,True,scheduled_provisional,Kickoff time reflects originally-published scheduling; broadcaster picks can move this fixture later in the season. Re-collect before using kickoff_utc for a leakage-safe cutoff close to matchday.
SERIEA2627_MW02_013_Fiorentina_Frosinone,2026-27,2,2026-08-29,2026-08-29T16:30:00+00:00,2026-08-29T18:30:00+02:00,Fiorentina,Frosinone,Artemio Franchi,,completed,fixturedownload.com,https://fixturedownload.com/feed/json/serie-a-2026,2026-09-16T18:51:56+00:00,True,scheduled_provisional,Kickoff time reflects originally-published scheduling; broadcaster picks can move this fixture later in the season. Re-collect before using kickoff_utc for a leakage-safe cutoff close to matchday.
SERIEA2627_MW02_018_Monza_Udinese,2026-27,2,2026-08-29,2026-08-29T16:30:00+00:00,2026-08-29T18:30:00+02:00,Monza,Udinese,Brianteo,,completed,fixturedownload.com,https://fixturedownload.com/feed/json/serie-a-2026,2026-09-16T18:51:56+00:00,True,scheduled_provisional,Kickoff time reflects originally-published scheduling; broadcaster picks can move this fixture later in the season. Re-collect before using kickoff_utc for a leakage-safe cutoff close to matchday.
SERIEA2627_MW02_020_Sassuolo_Torino,2026-27,2,2026-08-29,2026-08-29T16:30:00+00:00,2026-08-29T18:30:00+02:00,Sassuolo,Torino,Mapei Stadium,,completed,fixturedownload.com,https://fixturedownload.com/feed/json/serie-a-2026,2026-09-16T18:51:56+00:00,True,scheduled_provisional,Kickoff time reflects originally-published scheduling; broadcaster picks can move this fixture later in the season. Re-collect before using kickoff_utc for a leakage-safe cutoff close to matchday.
SERIEA2627_MW02_014_Juventus_Parma,2026-27,2,2026-08-29,2026-08-29T18:45:00+00:00,2026-08-29T20:45:00+02:00,Juventus,Parma,Allianz Stadium,,completed,fixturedownload.com,https://fixturedownload.com/feed/json/serie-a-2026,2026-09-16T18:51:56+00:00,True,scheduled_provisional,Kickoff time reflects originally-published scheduling; broadcaster picks can move this fixture later in the season. Re-collect before using kickoff_utc for a leakage-safe cutoff close to matchday.
SERIEA2627_MW02_019_Napoli_Como,2026-27,2,2026-08-30,2026-08-30T16:30:00+00:00,2026-08-30T18:30:00+02:00,Napoli,Como,Diego Armando Maradona,,completed,fixturedownload.com,https://fixturedownload.com/feed/json/serie-a-2026,2026-09-16T18:51:56+00:00,True,scheduled_provisional,Kickoff time reflects originally-published scheduling; broadcaster picks can move this fixture later in the season. Re-collect before using kickoff_utc for a leakage-safe cutoff close to matchday.
SERIEA2627_MW02_012_Cagliari_Internazionale,2026-27,2,2026-08-30,2026-08-30T18:45:00+00:00,2026-08-30T20:45:00+02:00,Cagliari,Internazionale,Unipol Domus,,completed,fixturedownload.com,https://fixturedownload.com/feed/json/serie-a-2026,2026-09-16T18:51:56+00:00,True,scheduled_provisional,Kickoff time reflects originally-published scheduling; broadcaster picks can move this fixture later in the season. Re-collect before using kickoff_utc for a leakage-safe cutoff close to matchday.
SERIEA2627_MW02_015_Lazio_Genoa,2026-27,2,2026-08-30,2026-08-30T18:45:00+00:00,2026-08-30T20:45:00+02:00,Lazio,Genoa,Olimpico,,completed,fixturedownload.com,https://fixturedownload.com/feed/json/serie-a-2026,2026-09-16T18:51:56+00:00,True,scheduled_provisional,Kickoff time reflects originally-published scheduling; broadcaster picks can move this fixture later in the season. Re-collect before using kickoff_utc for a leakage-safe cutoff close to matchday.
SERIEA2627_MW02_016_Lecce_Roma,2026-27,2,2026-08-31,2026-08-31T16:30:00+00:00,2026-08-31T18:30:00+02:00,Lecce,Roma,Ettore Giardiniero - Via Del Mare,,completed,fixturedownload.com,https://fixturedownload.com/feed/json/serie-a-2026,2026-09-16T18:51:56+00:00,True,scheduled_provisional,Kickoff time reflects originally-published scheduling; broadcaster picks can move this fixture later in the season. Re-collect before using kickoff_utc for a leakage-safe cutoff close to matchday.
SERIEA2627_MW02_011_Atalanta_Bologna,2026-27,2,2026-08-31,2026-08-31T18:45:00+00:00,2026-08-31T20:45:00+02:00,Atalanta,Bologna,New Balance Arena,,completed,fixturedownload.com,https://fixturedownload.com/feed/json/serie-a-2026,2026-09-16T18:51:56+00:00,True,scheduled_provisional,Kickoff time reflects originally-published scheduling; broadcaster picks can move this fixture later in the season. Re-collect before using kickoff_utc for a leakage-safe cutoff close to matchday.
SERIEA2627_MW03_025_Genoa_Como,2026-27,3,2026-09-04,2026-09-04T18:45:00+00:00,2026-09-04T20:45:00+02:00,Genoa,Como,Luigi Ferraris,,completed,fixturedownload.com,https://fixturedownload.com/feed/json/serie-a-2026,2026-09-16T18:51:56+00:00,True,scheduled_provisional,Kickoff time reflects originally-published scheduling; broadcaster picks can move this fixture later in the season. Re-collect before using kickoff_utc for a leakage-safe cutoff close to matchday.
SERIEA2627_MW03_023_Fiorentina_Torino,2026-27,3,2026-09-05,2026-09-05T13:00:00+00:00,2026-09-05T15:00:00+02:00,Fiorentina,Torino,Artemio Franchi,,completed,fixturedownload.com,https://fixturedownload.com/feed/json/serie-a-2026,2026-09-16T18:51:56+00:00,True,scheduled_provisional,Kickoff time reflects originally-published scheduling; broadcaster picks can move this fixture later in the season. Re-collect before using kickoff_utc for a leakage-safe cutoff close to matchday.
SERIEA2627_MW03_026_Internazionale_Napoli,2026-27,3,2026-09-05,2026-09-05T16:00:00+00:00,2026-09-05T18:00:00+02:00,Internazionale,Napoli,Giuseppe Meazza,,completed,fixturedownload.com,https://fixturedownload.com/feed/json/serie-a-2026,2026-09-16T18:51:56+00:00,True,scheduled_provisional,Kickoff time reflects originally-published scheduling; broadcaster picks can move this fixture later in the season. Re-collect before using kickoff_utc for a leakage-safe cutoff close to matchday.
SERIEA2627_MW03_029_Roma_Atalanta,2026-27,3,2026-09-05,2026-09-05T18:45:00+00:00,2026-09-05T20:45:00+02:00,Roma,Atalanta,Olimpico,,completed,fixturedownload.com,https://fixturedownload.com/feed/json/serie-a-2026,2026-09-16T18:51:56+00:00,True,scheduled_provisional,Kickoff time reflects originally-published scheduling; broadcaster picks can move this fixture later in the season. Re-collect before using kickoff_utc for a leakage-safe cutoff close to matchday.
SERIEA2627_MW03_024_Frosinone_Venezia,2026-27,3,2026-09-06,2026-09-06T13:00:00+00:00,2026-09-06T15:00:00+02:00,Frosinone,Venezia,Benito Stirpe,,completed,fixturedownload.com,https://fixturedownload.com/feed/json/serie-a-2026,2026-09-16T18:51:56+00:00,True,scheduled_provisional,Kickoff time reflects originally-published scheduling; broadcaster picks can move this fixture later in the season. Re-collect before using kickoff_utc for a leakage-safe cutoff close to matchday.
SERIEA2627_MW03_028_Parma_Monza,2026-27,3,2026-09-06,2026-09-06T13:00:00+00:00,2026-09-06T15:00:00+02:00,Parma,Monza,Ennio Tardini,,completed,fixturedownload.com,https://fixturedownload.com/feed/json/serie-a-2026,2026-09-16T18:51:56+00:00,True,scheduled_provisional,Kickoff time reflects originally-published scheduling; broadcaster picks can move this fixture later in the season. Re-collect before using kickoff_utc for a leakage-safe cutoff close to matchday.
SERIEA2627_MW03_021_Bologna_Sassuolo,2026-27,3,2026-09-06,2026-09-06T16:00:00+00:00,2026-09-06T18:00:00+02:00,Bologna,Sassuolo,Renato Dall'Ara,,completed,fixturedownload.com,https://fixturedownload.com/feed/json/serie-a-2026,2026-09-16T18:51:56+00:00,True,scheduled_provisional,Kickoff time reflects originally-published scheduling; broadcaster picks can move this fixture later in the season. Re-collect before using kickoff_utc for a leakage-safe cutoff close to matchday.
SERIEA2627_MW03_027_Juventus_Milan,2026-27,3,2026-09-06,2026-09-06T18:45:00+00:00,2026-09-06T20:45:00+02:00,Juventus,Milan,Allianz Stadium,,completed,fixturedownload.com,https://fixturedownload.com/feed/json/serie-a-2026,2026-09-16T18:51:56+00:00,True,scheduled_provisional,Kickoff time reflects originally-published scheduling; broadcaster picks can move this fixture later in the season. Re-collect before using kickoff_utc for a leakage-safe cutoff close to matchday.
SERIEA2627_MW03_022_Cagliari_Lecce,2026-27,3,2026-09-07,2026-09-07T16:30:00+00:00,2026-09-07T18:30:00+02:00,Cagliari,Lecce,Unipol Domus,,completed,fixturedownload.com,https://fixturedownload.com/feed/json/serie-a-2026,2026-09-16T18:51:56+00:00,True,scheduled_provisional,Kickoff time reflects originally-published scheduling; broadcaster picks can move this fixture later in the season. Re-collect before using kickoff_utc for a leakage-safe cutoff close to matchday.
SERIEA2627_MW03_030_Udinese_Lazio,2026-27,3,2026-09-07,2026-09-07T18:45:00+00:00,2026-09-07T20:45:00+02:00,Udinese,Lazio,Friuli/Bluenergy stadium,,completed,fixturedownload.com,https://fixturedownload.com/feed/json/serie-a-2026,2026-09-16T18:51:56+00:00,True,scheduled_provisional,Kickoff time reflects originally-published scheduling; broadcaster picks can move this fixture later in the season. Re-collect before using kickoff_utc for a leakage-safe cutoff close to matchday.
SERIEA2627_MW04_040_Venezia_Fiorentina,2026-27,4,2026-09-11,2026-09-11T18:45:00+00:00,2026-09-11T20:45:00+02:00,Venezia,Fiorentina,Pier Luigi Penzo,,completed,fixturedownload.com,https://fixturedownload.com/feed/json/serie-a-2026,2026-09-16T18:51:56+00:00,True,scheduled_provisional,Kickoff time reflects originally-published scheduling; broadcaster picks can move this fixture later in the season. Re-collect before using kickoff_utc for a leakage-safe cutoff close to matchday.
SERIEA2627_MW04_033_Genoa_Frosinone,2026-27,4,2026-09-12,2026-09-12T13:00:00+00:00,2026-09-12T15:00:00+02:00,Genoa,Frosinone,Luigi Ferraris,,completed,fixturedownload.com,https://fixturedownload.com/feed/json/serie-a-2026,2026-09-16T18:51:56+00:00,True,scheduled_provisional,Kickoff time reflects originally-published scheduling; broadcaster picks can move this fixture later in the season. Re-collect before using kickoff_utc for a leakage-safe cutoff close to matchday.
SERIEA2627_MW04_035_Lazio_Milan,2026-27,4,2026-09-12,2026-09-12T16:00:00+00:00,2026-09-12T18:00:00+02:00,Lazio,Milan,Olimpico,,completed,fixturedownload.com,https://fixturedownload.com/feed/json/serie-a-2026,2026-09-16T18:51:56+00:00,True,scheduled_provisional,Kickoff time reflects originally-published scheduling; broadcaster picks can move this fixture later in the season. Re-collect before using kickoff_utc for a leakage-safe cutoff close to matchday.
SERIEA2627_MW04_031_Atalanta_Cagliari,2026-27,4,2026-09-12,2026-09-12T18:45:00+00:00,2026-09-12T20:45:00+02:00,Atalanta,Cagliari,New Balance Arena,,completed,fixturedownload.com,https://fixturedownload.com/feed/json/serie-a-2026,2026-09-16T18:51:56+00:00,True,scheduled_provisional,Kickoff time reflects originally-published scheduling; broadcaster picks can move this fixture later in the season. Re-collect before using kickoff_utc for a leakage-safe cutoff close to matchday.
SERIEA2627_MW04_036_Lecce_Monza,2026-27,4,2026-09-13,2026-09-13T13:00:00+00:00,2026-09-13T15:00:00+02:00,Lecce,Monza,Ettore Giardiniero - Via Del Mare,,completed,fixturedownload.com,https://fixturedownload.com/feed/json/serie-a-2026,2026-09-16T18:51:56+00:00,True,scheduled_provisional,Kickoff time reflects originally-published scheduling; broadcaster picks can move this fixture later in the season. Re-collect before using kickoff_utc for a leakage-safe cutoff close to matchday.
SERIEA2627_MW04_037_Napoli_Bologna,2026-27,4,2026-09-13,2026-09-13T16:00:00+00:00,2026-09-13T18:00:00+02:00,Napoli,Bologna,Diego Armando Maradona,,completed,fixturedownload.com,https://fixturedownload.com/feed/json/serie-a-2026,2026-09-16T18:51:56+00:00,True,scheduled_provisional,Kickoff time reflects originally-published scheduling; broadcaster picks can move this fixture later in the season. Re-collect before using kickoff_utc for a leakage-safe cutoff close to matchday.
SERIEA2627_MW04_038_Sassuolo_Juventus,2026-27,4,2026-09-13,2026-09-13T18:45:00+00:00,2026-09-13T20:45:00+02:00,Sassuolo,Juventus,Mapei Stadium,,completed,fixturedownload.com,https://fixturedownload.com/feed/json/serie-a-2026,2026-09-16T18:51:56+00:00,True,scheduled_provisional,Kickoff time reflects originally-published scheduling; broadcaster picks can move this fixture later in the season. Re-collect before using kickoff_utc for a leakage-safe cutoff close to matchday.
SERIEA2627_MW04_032_Como_Parma,2026-27,4,2026-09-14,2026-09-14T16:30:00+00:00,2026-09-14T18:30:00+02:00,Como,Parma,Giuseppe Sinigaglia,,completed,fixturedownload.com,https://fixturedownload.com/feed/json/serie-a-2026,2026-09-16T18:51:56+00:00,True,scheduled_provisional,Kickoff time reflects originally-published scheduling; broadcaster picks can move this fixture later in the season. Re-collect before using kickoff_utc for a leakage-safe cutoff close to matchday.
SERIEA2627_MW04_039_Torino_Roma,2026-27,4,2026-09-14,2026-09-14T16:30:00+00:00,2026-09-14T18:30:00+02:00,Torino,Roma,Olimpico - Grande Torino,,completed,fixturedownload.com,https://fixturedownload.com/feed/json/serie-a-2026,2026-09-16T18:51:56+00:00,True,scheduled_provisional,Kickoff time reflects originally-published scheduling; broadcaster picks can move this fixture later in the season. Re-collect before using kickoff_utc for a leakage-safe cutoff close to matchday.
SERIEA2627_MW04_034_Internazionale_Udinese,2026-27,4,2026-09-14,2026-09-14T18:45:00+00:00,2026-09-14T20:45:00+02:00,Internazionale,Udinese,Giuseppe Meazza,,completed,fixturedownload.com,https://fixturedownload.com/feed/json/serie-a-2026,2026-09-16T18:51:56+00:00,True,scheduled_provisional,Kickoff time reflects originally-published scheduling; broadcaster picks can move this fixture later in the season. Re-collect before using kickoff_utc for a leakage-safe cutoff close to matchday.
SERIEA2627_MW05_046_Monza_Sassuolo,2026-27,5,2026-09-18,2026-09-18T18:45:00+00:00,2026-09-18T20:45:00+02:00,Monza,Sassuolo,Brianteo,,completed,fixturedownload.com,https://fixturedownload.com/feed/json/serie-a-2026,2026-09-16T18:51:56+00:00,True,scheduled_provisional,Kickoff time reflects originally-published scheduling; broadcaster picks can move this fixture later in the season. Re-collect before using kickoff_utc for a leakage-safe cutoff close to matchday.
SERIEA2627_MW05_041_Bologna_Torino,2026-27,5,2026-09-19,2026-09-19T13:00:00+00:00,2026-09-19T15:00:00+02:00,Bologna,Torino,Renato Dall'Ara,,completed,fixturedownload.com,https://fixturedownload.com/feed/json/serie-a-2026,2026-09-16T18:51:56+00:00,True,scheduled_provisional,Kickoff time reflects originally-published scheduling; broadcaster picks can move this fixture later in the season. Re-collect before using kickoff_utc for a leakage-safe cutoff close to matchday.
SERIEA2627_MW05_049_Udinese_Cagliari,2026-27,5,2026-09-19,2026-09-19T13:00:00+00:00,2026-09-19T15:00:00+02:00,Udinese,Cagliari,Friuli/Bluenergy stadium,,completed,fixturedownload.com,https://fixturedownload.com/feed/json/serie-a-2026,2026-09-16T18:51:56+00:00,True,scheduled_provisional,Kickoff time reflects originally-published scheduling; broadcaster picks can move this fixture later in the season. Re-collect before using kickoff_utc for a leakage-safe cutoff close to matchday.
SERIEA2627_MW05_048_Roma_Internazionale,2026-27,5,2026-09-19,2026-09-19T16:00:00+00:00,2026-09-19T18:00:00+02:00,Roma,Internazionale,Olimpico,,completed,fixturedownload.com,https://fixturedownload.com/feed/json/serie-a-2026,2026-09-16T18:51:56+00:00,True,scheduled_provisional,Kickoff time reflects originally-published scheduling; broadcaster picks can move this fixture later in the season. Re-collect before using kickoff_utc for a leakage-safe cutoff close to matchday.
SERIEA2627_MW05_050_Venezia_Lazio,2026-27,5,2026-09-19,2026-09-19T18:45:00+00:00,2026-09-19T20:45:00+02:00,Venezia,Lazio,Pier Luigi Penzo,,completed,fixturedownload.com,https://fixturedownload.com/feed/json/serie-a-2026,2026-09-16T18:51:56+00:00,True,scheduled_provisional,Kickoff time reflects originally-published scheduling; broadcaster picks can move this fixture later in the season. Re-collect before using kickoff_utc for a leakage-safe cutoff close to matchday.
SERIEA2627_MW05_042_Fiorentina_Napoli,2026-27,5,2026-09-20,2026-09-20T10:30:00+00:00,2026-09-20T12:30:00+02:00,Fiorentina,Napoli,Artemio Franchi,,completed,fixturedownload.com,https://fixturedownload.com/feed/json/serie-a-2026,2026-09-16T18:51:56+00:00,True,scheduled_provisional,Kickoff time reflects originally-published scheduling; broadcaster picks can move this fixture later in the season. Re-collect before using kickoff_utc for a leakage-safe cutoff close to matchday.
SERIEA2627_MW05_043_Frosinone_Como,2026-27,5,2026-09-20,2026-09-20T13:00:00+00:00,2026-09-20T15:00:00+02:00,Frosinone,Como,Benito Stirpe,,completed,fixturedownload.com,https://fixturedownload.com/feed/json/serie-a-2026,2026-09-16T18:51:56+00:00,True,scheduled_provisional,Kickoff time reflects originally-published scheduling; broadcaster picks can move this fixture later in the season. Re-collect before using kickoff_utc for a leakage-safe cutoff close to matchday.
SERIEA2627_MW05_047_Parma_Genoa,2026-27,5,2026-09-20,2026-09-20T13:00:00+00:00,2026-09-20T15:00:00+02:00,Parma,Genoa,Ennio Tardini,,completed,fixturedownload.com,https://fixturedownload.com/feed/json/serie-a-2026,2026-09-16T18:51:56+00:00,True,scheduled_provisional,Kickoff time reflects originally-published scheduling; broadcaster picks can move this fixture later in the season. Re-collect before using kickoff_utc for a leakage-safe cutoff close to matchday.
SERIEA2627_MW05_044_Juventus_Atalanta,2026-27,5,2026-09-20,2026-09-20T16:00:00+00:00,2026-09-20T18:00:00+02:00,Juventus,Atalanta,Allianz Stadium,,completed,fixturedownload.com,https://fixturedownload.com/feed/json/serie-a-2026,2026-09-16T18:51:56+00:00,True,scheduled_provisional,Kickoff time reflects originally-published scheduling; broadcaster picks can move this fixture later in the season. Re-collect before using kickoff_utc for a leakage-safe cutoff close to matchday.
SERIEA2627_MW05_045_Milan_Lecce,2026-27,5,2026-09-20,2026-09-20T18:45:00+00:00,2026-09-20T20:45:00+02:00,Milan,Lecce,Giuseppe Meazza,,completed,fixturedownload.com,https://fixturedownload.com/feed/json/serie-a-2026,2026-09-16T18:51:56+00:00,True,scheduled_provisional,Kickoff time reflects originally-published scheduling; broadcaster picks can move this fixture later in the season. Re-collect before using kickoff_utc for a leakage-safe cutoff close to matchday.
SERIEA2627_MW06_054_Genoa_Fiorentina,2026-27,6,2026-10-10,2026-10-10T13:00:00+00:00,2026-10-10T15:00:00+02:00,Genoa,Fiorentina,Luigi Ferraris,,scheduled,fixturedownload.com,https://fixturedownload.com/feed/json/serie-a-2026,2026-09-16T18:51:56+00:00,True,scheduled_provisional,Kickoff time reflects originally-published scheduling; broadcaster picks can move this fixture later in the season. Re-collect before using kickoff_utc for a leakage-safe cutoff close to matchday.
SERIEA2627_MW06_055_Internazionale_Parma,2026-27,6,2026-10-10,2026-10-10T16:00:00+00:00,2026-10-10T18:00:00+02:00,Internazionale,Parma,Giuseppe Meazza,,scheduled,fixturedownload.com,https://fixturedownload.com/feed/json/serie-a-2026,2026-09-16T18:51:56+00:00,True,scheduled_provisional,Kickoff time reflects originally-published scheduling; broadcaster picks can move this fixture later in the season. Re-collect before using kickoff_utc for a leakage-safe cutoff close to matchday.
SERIEA2627_MW06_058_Napoli_Frosinone,2026-27,6,2026-10-10,2026-10-10T18:45:00+00:00,2026-10-10T20:45:00+02:00,Napoli,Frosinone,Diego Armando Maradona,,scheduled,fixturedownload.com,https://fixturedownload.com/feed/json/serie-a-2026,2026-09-16T18:51:56+00:00,True,scheduled_provisional,Kickoff time reflects originally-published scheduling; broadcaster picks can move this fixture later in the season. Re-collect before using kickoff_utc for a leakage-safe cutoff close to matchday.
SERIEA2627_MW06_053_Como_Roma,2026-27,6,2026-10-11,2026-10-11T10:30:00+00:00,2026-10-11T12:30:00+02:00,Como,Roma,Giuseppe Sinigaglia,,scheduled,fixturedownload.com,https://fixturedownload.com/feed/json/serie-a-2026,2026-09-16T18:51:56+00:00,True,scheduled_provisional,Kickoff time reflects originally-published scheduling; broadcaster picks can move this fixture later in the season. Re-collect before using kickoff_utc for a leakage-safe cutoff close to matchday.
SERIEA2627_MW06_056_Lazio_Monza,2026-27,6,2026-10-11,2026-10-11T13:00:00+00:00,2026-10-11T15:00:00+02:00,Lazio,Monza,Olimpico,,scheduled,fixturedownload.com,https://fixturedownload.com/feed/json/serie-a-2026,2026-09-16T18:51:56+00:00,True,scheduled_provisional,Kickoff time reflects originally-published scheduling; broadcaster picks can move this fixture later in the season. Re-collect before using kickoff_utc for a leakage-safe cutoff close to matchday.
SERIEA2627_MW06_057_Lecce_Bologna,2026-27,6,2026-10-11,2026-10-11T13:00:00+00:00,2026-10-11T15:00:00+02:00,Lecce,Bologna,Ettore Giardiniero - Via Del Mare,,scheduled,fixturedownload.com,https://fixturedownload.com/feed/json/serie-a-2026,2026-09-16T18:51:56+00:00,True,scheduled_provisional,Kickoff time reflects originally-published scheduling; broadcaster picks can move this fixture later in the season. Re-collect before using kickoff_utc for a leakage-safe cutoff close to matchday.
SERIEA2627_MW06_059_Sassuolo_Milan,2026-27,6,2026-10-11,2026-10-11T16:00:00+00:00,2026-10-11T18:00:00+02:00,Sassuolo,Milan,Mapei Stadium,,scheduled,fixturedownload.com,https://fixturedownload.com/feed/json/serie-a-2026,2026-09-16T18:51:56+00:00,True,scheduled_provisional,Kickoff time reflects originally-published scheduling; broadcaster picks can move this fixture later in the season. Re-collect before using kickoff_utc for a leakage-safe cutoff close to matchday.
SERIEA2627_MW06_052_Cagliari_Juventus,2026-27,6,2026-10-11,2026-10-11T18:45:00+00:00,2026-10-11T20:45:00+02:00,Cagliari,Juventus,Unipol Domus,,scheduled,fixturedownload.com,https://fixturedownload.com/feed/json/serie-a-2026,2026-09-16T18:51:56+00:00,True,scheduled_provisional,Kickoff time reflects originally-published scheduling; broadcaster picks can move this fixture later in the season. Re-collect before using kickoff_utc for a leakage-safe cutoff close to matchday.
SERIEA2627_MW06_051_Atalanta_Venezia,2026-27,6,2026-10-12,2026-10-12T16:30:00+00:00,2026-10-12T18:30:00+02:00,Atalanta,Venezia,New Balance Arena,,scheduled,fixturedownload.com,https://fixturedownload.com/feed/json/serie-a-2026,2026-09-16T18:51:56+00:00,True,scheduled_provisional,Kickoff time reflects originally-published scheduling; broadcaster picks can move this fixture later in the season. Re-collect before using kickoff_utc for a leakage-safe cutoff close to matchday.
SERIEA2627_MW06_060_Torino_Udinese,2026-27,6,2026-10-12,2026-10-12T18:45:00+00:00,2026-10-12T20:45:00+02:00,Torino,Udinese,Olimpico - Grande Torino,,scheduled,fixturedownload.com,https://fixturedownload.com/feed/json/serie-a-2026,2026-09-16T18:51:56+00:00,True,scheduled_provisional,Kickoff time reflects originally-published scheduling; broadcaster picks can move this fixture later in the season. Re-collect before using kickoff_utc for a leakage-safe cutoff close to matchday.
SERIEA2627_MW07_063_Frosinone_Sassuolo,2026-27,7,2026-10-16,2026-10-16T18:45:00+00:00,2026-10-16T20:45:00+02:00,Frosinone,Sassuolo,Benito Stirpe,,scheduled,fixturedownload.com,https://fixturedownload.com/feed/json/serie-a-2026,2026-09-16T18:51:56+00:00,True,scheduled_provisional,Kickoff time reflects originally-published scheduling; broadcaster picks can move this fixture later in the season. Re-collect before using kickoff_utc for a leakage-safe cutoff close to matchday.
SERIEA2627_MW07_070_Venezia_Napoli,2026-27,7,2026-10-17,2026-10-17T13:00:00+00:00,2026-10-17T15:00:00+02:00,Venezia,Napoli,Pier Luigi Penzo,,scheduled,fixturedownload.com,https://fixturedownload.com/feed/json/serie-a-2026,2026-09-16T18:51:56+00:00,True,scheduled_provisional,Kickoff time reflects originally-published scheduling; broadcaster picks can move this fixture later in the season. Re-collect before using kickoff_utc for a leakage-safe cutoff close to matchday.
SERIEA2627_MW07_061_Bologna_Internazionale,2026-27,7,2026-10-17,2026-10-17T16:00:00+00:00,2026-10-17T18:00:00+02:00,Bologna,Internazionale,Renato Dall'Ara,,scheduled,fixturedownload.com,https://fixturedownload.com/feed/json/serie-a-2026,2026-09-16T18:51:56+00:00,True,scheduled_provisional,Kickoff time reflects originally-published scheduling; broadcaster picks can move this fixture later in the season. Re-collect before using kickoff_utc for a leakage-safe cutoff close to matchday.
SERIEA2627_MW07_068_Roma_Genoa,2026-27,7,2026-10-17,2026-10-17T18:45:00+00:00,2026-10-17T20:45:00+02:00,Roma,Genoa,Olimpico,,scheduled,fixturedownload.com,https://fixturedownload.com/feed/json/serie-a-2026,2026-09-16T18:51:56+00:00,True,scheduled_provisional,Kickoff time reflects originally-published scheduling; broadcaster picks can move this fixture later in the season. Re-collect before using kickoff_utc for a leakage-safe cutoff close to matchday.
SERIEA2627_MW07_069_Udinese_Lecce,2026-27,7,2026-10-18,2026-10-18T10:30:00+00:00,2026-10-18T12:30:00+02:00,Udinese,Lecce,Friuli/Bluenergy stadium,,scheduled,fixturedownload.com,https://fixturedownload.com/feed/json/serie-a-2026,2026-09-16T18:51:56+00:00,True,scheduled_provisional,Kickoff time reflects originally-published scheduling; broadcaster picks can move this fixture later in the season. Re-collect before using kickoff_utc for a leakage-safe cutoff close to matchday.
SERIEA2627_MW07_062_Fiorentina_Como,2026-27,7,2026-10-18,2026-10-18T13:00:00+00:00,2026-10-18T15:00:00+02:00,Fiorentina,Como,Artemio Franchi,,scheduled,fixturedownload.com,https://fixturedownload.com/feed/json/serie-a-2026,2026-09-16T18:51:56+00:00,True,scheduled_provisional,Kickoff time reflects originally-published scheduling; broadcaster picks can move this fixture later in the season. Re-collect before using kickoff_utc for a leakage-safe cutoff close to matchday.
SERIEA2627_MW07_065_Milan_Atalanta,2026-27,7,2026-10-18,2026-10-18T16:00:00+00:00,2026-10-18T18:00:00+02:00,Milan,Atalanta,Giuseppe Meazza,,scheduled,fixturedownload.com,https://fixturedownload.com/feed/json/serie-a-2026,2026-09-16T18:51:56+00:00,True,scheduled_provisional,Kickoff time reflects originally-published scheduling; broadcaster picks can move this fixture later in the season. Re-collect before using kickoff_utc for a leakage-safe cutoff close to matchday.
SERIEA2627_MW07_064_Juventus_Lazio,2026-27,7,2026-10-18,2026-10-18T18:45:00+00:00,2026-10-18T20:45:00+02:00,Juventus,Lazio,Allianz Stadium,,scheduled,fixturedownload.com,https://fixturedownload.com/feed/json/serie-a-2026,2026-09-16T18:51:56+00:00,True,scheduled_provisional,Kickoff time reflects originally-published scheduling; broadcaster picks can move this fixture later in the season. Re-collect before using kickoff_utc for a leakage-safe cutoff close to matchday.
SERIEA2627_MW07_066_Monza_Cagliari,2026-27,7,2026-10-19,2026-10-19T16:30:00+00:00,2026-10-19T18:30:00+02:00,Monza,Cagliari,Brianteo,,scheduled,fixturedownload.com,https://fixturedownload.com/feed/json/serie-a-2026,2026-09-16T18:51:56+00:00,True,scheduled_provisional,Kickoff time reflects originally-published scheduling; broadcaster picks can move this fixture later in the season. Re-collect before using kickoff_utc for a leakage-safe cutoff close to matchday.
SERIEA2627_MW07_067_Parma_Torino,2026-27,7,2026-10-19,2026-10-19T18:45:00+00:00,2026-10-19T20:45:00+02:00,Parma,Torino,Ennio Tardini,,scheduled,fixturedownload.com,https://fixturedownload.com/feed/json/serie-a-2026,2026-09-16T18:51:56+00:00,True,scheduled_provisional,Kickoff time reflects originally-published scheduling; broadcaster picks can move this fixture later in the season. Re-collect before using kickoff_utc for a leakage-safe cutoff close to matchday.
SERIEA2627_MW08_079_Torino_Monza,2026-27,8,2026-10-23,2026-10-23T18:45:00+00:00,2026-10-23T20:45:00+02:00,Torino,Monza,Olimpico - Grande Torino,,scheduled,fixturedownload.com,https://fixturedownload.com/feed/json/serie-a-2026,2026-09-16T18:51:56+00:00,True,scheduled_provisional,Kickoff time reflects originally-published scheduling; broadcaster picks can move this fixture later in the season. Re-collect before using kickoff_utc for a leakage-safe cutoff close to matchday.
SERIEA2627_MW08_072_Cagliari_Bologna,2026-27,8,2026-10-24,2026-10-24T13:00:00+00:00,2026-10-24T15:00:00+02:00,Cagliari,Bologna,Unipol Domus,,scheduled,fixturedownload.com,https://fixturedownload.com/feed/json/serie-a-2026,2026-09-16T18:51:56+00:00,True,scheduled_provisional,Kickoff time reflects originally-published scheduling; broadcaster picks can move this fixture later in the season. Re-collect before using kickoff_utc for a leakage-safe cutoff close to matchday.
SERIEA2627_MW08_073_Como_Sassuolo,2026-27,8,2026-10-24,2026-10-24T13:00:00+00:00,2026-10-24T15:00:00+02:00,Como,Sassuolo,Giuseppe Sinigaglia,,scheduled,fixturedownload.com,https://fixturedownload.com/feed/json/serie-a-2026,2026-09-16T18:51:56+00:00,True,scheduled_provisional,Kickoff time reflects originally-published scheduling; broadcaster picks can move this fixture later in the season. Re-collect before using kickoff_utc for a leakage-safe cutoff close to matchday.
SERIEA2627_MW08_078_Napoli_Roma,2026-27,8,2026-10-24,2026-10-24T16:00:00+00:00,2026-10-24T18:00:00+02:00,Napoli,Roma,Diego Armando Maradona,,scheduled,fixturedownload.com,https://fixturedownload.com/feed/json/serie-a-2026,2026-09-16T18:51:56+00:00,True,scheduled_provisional,Kickoff time reflects originally-published scheduling; broadcaster picks can move this fixture later in the season. Re-collect before using kickoff_utc for a leakage-safe cutoff close to matchday.
SERIEA2627_MW08_076_Lazio_Parma,2026-27,8,2026-10-24,2026-10-24T18:45:00+00:00,2026-10-24T20:45:00+02:00,Lazio,Parma,Olimpico,,scheduled,fixturedownload.com,https://fixturedownload.com/feed/json/serie-a-2026,2026-09-16T18:51:56+00:00,True,scheduled_provisional,Kickoff time reflects originally-published scheduling; broadcaster picks can move this fixture later in the season. Re-collect before using kickoff_utc for a leakage-safe cutoff close to matchday.
SERIEA2627_MW08_075_Internazionale_Fiorentina,2026-27,8,2026-10-25,2026-10-25T11:30:00+00:00,2026-10-25T12:30:00+01:00,Internazionale,Fiorentina,Giuseppe Meazza,,scheduled,fixturedownload.com,https://fixturedownload.com/feed/json/serie-a-2026,2026-09-16T18:51:56+00:00,True,scheduled_provisional,Kickoff time reflects originally-published scheduling; broadcaster picks can move this fixture later in the season. Re-collect before using kickoff_utc for a leakage-safe cutoff close to matchday.
SERIEA2627_MW08_071_Atalanta_Frosinone,2026-27,8,2026-10-25,2026-10-25T14:00:00+00:00,2026-10-25T15:00:00+01:00,Atalanta,Frosinone,New Balance Arena,,scheduled,fixturedownload.com,https://fixturedownload.com/feed/json/serie-a-2026,2026-09-16T18:51:56+00:00,True,scheduled_provisional,Kickoff time reflects originally-published scheduling; broadcaster picks can move this fixture later in the season. Re-collect before using kickoff_utc for a leakage-safe cutoff close to matchday.
SERIEA2627_MW08_074_Genoa_Venezia,2026-27,8,2026-10-25,2026-10-25T14:00:00+00:00,2026-10-25T15:00:00+01:00,Genoa,Venezia,Luigi Ferraris,,scheduled,fixturedownload.com,https://fixturedownload.com/feed/json/serie-a-2026,2026-09-16T18:51:56+00:00,True,scheduled_provisional,Kickoff time reflects originally-published scheduling; broadcaster picks can move this fixture later in the season. Re-collect before using kickoff_utc for a leakage-safe cutoff close to matchday.
SERIEA2627_MW08_077_Lecce_Juventus,2026-27,8,2026-10-25,2026-10-25T17:00:00+00:00,2026-10-25T18:00:00+01:00,Lecce,Juventus,Ettore Giardiniero - Via Del Mare,,scheduled,fixturedownload.com,https://fixturedownload.com/feed/json/serie-a-2026,2026-09-16T18:51:56+00:00,True,scheduled_provisional,Kickoff time reflects originally-published scheduling; broadcaster picks can move this fixture later in the season. Re-collect before using kickoff_utc for a leakage-safe cutoff close to matchday.
SERIEA2627_MW08_080_Udinese_Milan,2026-27,8,2026-10-25,2026-10-25T19:45:00+00:00,2026-10-25T20:45:00+01:00,Udinese,Milan,Friuli/Bluenergy stadium,,scheduled,fixturedownload.com,https://fixturedownload.com/feed/json/serie-a-2026,2026-09-16T18:51:56+00:00,True,scheduled_provisional,Kickoff time reflects originally-published scheduling; broadcaster picks can move this fixture later in the season. Re-collect before using kickoff_utc for a leakage-safe cutoff close to matchday.
SERIEA2627_MW09_088_Sassuolo_Lazio,2026-27,9,2026-10-27,2026-10-27T17:30:00+00:00,2026-10-27T18:30:00+01:00,Sassuolo,Lazio,Mapei Stadium,,scheduled,fixturedownload.com,https://fixturedownload.com/feed/json/serie-a-2026,2026-09-16T18:51:56+00:00,True,scheduled_provisional,Kickoff time reflects originally-published scheduling; broadcaster picks can move this fixture later in the season. Re-collect before using kickoff_utc for a leakage-safe cutoff close to matchday.
SERIEA2627_MW09_087_Roma_Cagliari,2026-27,9,2026-10-27,2026-10-27T19:45:00+00:00,2026-10-27T20:45:00+01:00,Roma,Cagliari,Olimpico,,scheduled,fixturedownload.com,https://fixturedownload.com/feed/json/serie-a-2026,2026-09-16T18:51:56+00:00,True,scheduled_provisional,Kickoff time reflects originally-published scheduling; broadcaster picks can move this fixture later in the season. Re-collect before using kickoff_utc for a leakage-safe cutoff close to matchday.
SERIEA2627_MW09_089_Torino_Como,2026-27,9,2026-10-27,2026-10-27T19:45:00+00:00,2026-10-27T20:45:00+01:00,Torino,Como,Olimpico - Grande Torino,,scheduled,fixturedownload.com,https://fixturedownload.com/feed/json/serie-a-2026,2026-09-16T18:51:56+00:00,True,scheduled_provisional,Kickoff time reflects originally-published scheduling; broadcaster picks can move this fixture later in the season. Re-collect before using kickoff_utc for a leakage-safe cutoff close to matchday.
SERIEA2627_MW09_084_Milan_Bologna,2026-27,9,2026-10-28,2026-10-28T17:30:00+00:00,2026-10-28T18:30:00+01:00,Milan,Bologna,Giuseppe Meazza,,scheduled,fixturedownload.com,https://fixturedownload.com/feed/json/serie-a-2026,2026-09-16T18:51:56+00:00,True,scheduled_provisional,Kickoff time reflects originally-published scheduling; broadcaster picks can move this fixture later in the season. Re-collect before using kickoff_utc for a leakage-safe cutoff close to matchday.
SERIEA2627_MW09_086_Parma_Udinese,2026-27,9,2026-10-28,2026-10-28T17:30:00+00:00,2026-10-28T18:30:00+01:00,Parma,Udinese,Ennio Tardini,,scheduled,fixturedownload.com,https://fixturedownload.com/feed/json/serie-a-2026,2026-09-16T18:51:56+00:00,True,scheduled_provisional,Kickoff time reflects originally-published scheduling; broadcaster picks can move this fixture later in the season. Re-collect before using kickoff_utc for a leakage-safe cutoff close to matchday.
SERIEA2627_MW09_090_Venezia_Internazionale,2026-27,9,2026-10-28,2026-10-28T17:30:00+00:00,2026-10-28T18:30:00+01:00,Venezia,Internazionale,Pier Luigi Penzo,,scheduled,fixturedownload.com,https://fixturedownload.com/feed/json/serie-a-2026,2026-09-16T18:51:56+00:00,True,scheduled_provisional,Kickoff time reflects originally-published scheduling; broadcaster picks can move this fixture later in the season. Re-collect before using kickoff_utc for a leakage-safe cutoff close to matchday.
SERIEA2627_MW09_083_Genoa_Juventus,2026-27,9,2026-10-28,2026-10-28T19:45:00+00:00,2026-10-28T20:45:00+01:00,Genoa,Juventus,Luigi Ferraris,,scheduled,fixturedownload.com,https://fixturedownload.com/feed/json/serie-a-2026,2026-09-16T18:51:56+00:00,True,scheduled_provisional,Kickoff time reflects originally-published scheduling; broadcaster picks can move this fixture later in the season. Re-collect before using kickoff_utc for a leakage-safe cutoff close to matchday.
SERIEA2627_MW09_085_Monza_Napoli,2026-27,9,2026-10-28,2026-10-28T19:45:00+00:00,2026-10-28T20:45:00+01:00,Monza,Napoli,Brianteo,,scheduled,fixturedownload.com,https://fixturedownload.com/feed/json/serie-a-2026,2026-09-16T18:51:56+00:00,True,scheduled_provisional,Kickoff time reflects originally-published scheduling; broadcaster picks can move this fixture later in the season. Re-collect before using kickoff_utc for a leakage-safe cutoff close to matchday.
SERIEA2627_MW09_082_Frosinone_Lecce,2026-27,9,2026-10-29,2026-10-29T17:30:00+00:00,2026-10-29T18:30:00+01:00,Frosinone,Lecce,Benito Stirpe,,scheduled,fixturedownload.com,https://fixturedownload.com/feed/json/serie-a-2026,2026-09-16T18:51:56+00:00,True,scheduled_provisional,Kickoff time reflects originally-published scheduling; broadcaster picks can move this fixture later in the season. Re-collect before using kickoff_utc for a leakage-safe cutoff close to matchday.
SERIEA2627_MW09_081_Fiorentina_Atalanta,2026-27,9,2026-10-29,2026-10-29T19:45:00+00:00,2026-10-29T20:45:00+01:00,Fiorentina,Atalanta,Artemio Franchi,,scheduled,fixturedownload.com,https://fixturedownload.com/feed/json/serie-a-2026,2026-09-16T18:51:56+00:00,True,scheduled_provisional,Kickoff time reflects originally-published scheduling; broadcaster picks can move this fixture later in the season. Re-collect before using kickoff_utc for a leakage-safe cutoff close to matchday.
SERIEA2627_MW10_092_Bologna_Monza,2026-27,10,2026-10-31,2026-10-31T14:00:00+00:00,2026-10-31T15:00:00+01:00,Bologna,Monza,Renato Dall'Ara,,scheduled,fixturedownload.com,https://fixturedownload.com/feed/json/serie-a-2026,2026-09-16T18:51:56+00:00,True,scheduled_provisional,Kickoff time reflects originally-published scheduling; broadcaster picks can move this fixture later in the season. Re-collect before using kickoff_utc for a leakage-safe cutoff close to matchday.
SERIEA2627_MW10_100_Udinese_Roma,2026-27,10,2026-10-31,2026-10-31T17:00:00+00:00,2026-10-31T18:00:00+01:00,Udinese,Roma,Friuli/Bluenergy stadium,,scheduled,fixturedownload.com,https://fixturedownload.com/feed/json/serie-a-2026,2026-09-16T18:51:56+00:00,True,scheduled_provisional,Kickoff time reflects originally-published scheduling; broadcaster picks can move this fixture later in the season. Re-collect before using kickoff_utc for a leakage-safe cutoff close to matchday.
SERIEA2627_MW10_098_Milan_Internazionale,2026-27,10,2026-10-31,2026-10-31T19:45:00+00:00,2026-10-31T20:45:00+01:00,Milan,Internazionale,Giuseppe Meazza,,scheduled,fixturedownload.com,https://fixturedownload.com/feed/json/serie-a-2026,2026-09-16T18:51:56+00:00,True,scheduled_provisional,Kickoff time reflects originally-published scheduling; broadcaster picks can move this fixture later in the season. Re-collect before using kickoff_utc for a leakage-safe cutoff close to matchday.
SERIEA2627_MW10_093_Como_Venezia,2026-27,10,2026-11-01,2026-11-01T11:30:00+00:00,2026-11-01T12:30:00+01:00,Como,Venezia,Giuseppe Sinigaglia,,scheduled,fixturedownload.com,https://fixturedownload.com/feed/json/serie-a-2026,2026-09-16T18:51:56+00:00,True,scheduled_provisional,Kickoff time reflects originally-published scheduling; broadcaster picks can move this fixture later in the season. Re-collect before using kickoff_utc for a leakage-safe cutoff close to matchday.
SERIEA2627_MW10_094_Frosinone_Torino,2026-27,10,2026-11-01,2026-11-01T14:00:00+00:00,2026-11-01T15:00:00+01:00,Frosinone,Torino,Benito Stirpe,,scheduled,fixturedownload.com,https://fixturedownload.com/feed/json/serie-a-2026,2026-09-16T18:51:56+00:00,True,scheduled_provisional,Kickoff time reflects originally-published scheduling; broadcaster picks can move this fixture later in the season. Re-collect before using kickoff_utc for a leakage-safe cutoff close to matchday.
SERIEA2627_MW10_096_Lazio_Cagliari,2026-27,10,2026-11-01,2026-11-01T14:00:00+00:00,2026-11-01T15:00:00+01:00,Lazio,Cagliari,Olimpico,,scheduled,fixturedownload.com,https://fixturedownload.com/feed/json/serie-a-2026,2026-09-16T18:51:56+00:00,True,scheduled_provisional,Kickoff time reflects originally-published scheduling; broadcaster picks can move this fixture later in the season. Re-collect before using kickoff_utc for a leakage-safe cutoff close to matchday.
SERIEA2627_MW10_097_Lecce_Genoa,2026-27,10,2026-11-01,2026-11-01T17:00:00+00:00,2026-11-01T18:00:00+01:00,Lecce,Genoa,Ettore Giardiniero - Via Del Mare,,scheduled,fixturedownload.com,https://fixturedownload.com/feed/json/serie-a-2026,2026-09-16T18:51:56+00:00,True,scheduled_provisional,Kickoff time reflects originally-published scheduling; broadcaster picks can move this fixture later in the season. Re-collect before using kickoff_utc for a leakage-safe cutoff close to matchday.
SERIEA2627_MW10_095_Juventus_Napoli,2026-27,10,2026-11-01,2026-11-01T19:45:00+00:00,2026-11-01T20:45:00+01:00,Juventus,Napoli,Allianz Stadium,,scheduled,fixturedownload.com,https://fixturedownload.com/feed/json/serie-a-2026,2026-09-16T18:51:56+00:00,True,scheduled_provisional,Kickoff time reflects originally-published scheduling; broadcaster picks can move this fixture later in the season. Re-collect before using kickoff_utc for a leakage-safe cutoff close to matchday.
SERIEA2627_MW10_099_Sassuolo_Fiorentina,2026-27,10,2026-11-02,2026-11-02T17:30:00+00:00,2026-11-02T18:30:00+01:00,Sassuolo,Fiorentina,Mapei Stadium,,scheduled,fixturedownload.com,https://fixturedownload.com/feed/json/serie-a-2026,2026-09-16T18:51:56+00:00,True,scheduled_provisional,Kickoff time reflects originally-published scheduling; broadcaster picks can move this fixture later in the season. Re-collect before using kickoff_utc for a leakage-safe cutoff close to matchday.
SERIEA2627_MW10_091_Atalanta_Parma,2026-27,10,2026-11-02,2026-11-02T19:45:00+00:00,2026-11-02T20:45:00+01:00,Atalanta,Parma,New Balance Arena,,scheduled,fixturedownload.com,https://fixturedownload.com/feed/json/serie-a-2026,2026-09-16T18:51:56+00:00,True,scheduled_provisional,Kickoff time reflects originally-published scheduling; broadcaster picks can move this fixture later in the season. Re-collect before using kickoff_utc for a leakage-safe cutoff close to matchday.
SERIEA2627_MW11_110_Venezia_Udinese,2026-27,11,2026-11-06,2026-11-06T19:45:00+00:00,2026-11-06T20:45:00+01:00,Venezia,Udinese,Pier Luigi Penzo,,scheduled,fixturedownload.com,https://fixturedownload.com/feed/json/serie-a-2026,2026-09-16T18:51:56+00:00,True,scheduled_provisional,Kickoff time reflects originally-published scheduling; broadcaster picks can move this fixture later in the season. Re-collect before using kickoff_utc for a leakage-safe cutoff close to matchday.
SERIEA2627_MW11_101_Cagliari_Frosinone,2026-27,11,2026-11-07,2026-11-07T14:00:00+00:00,2026-11-07T15:00:00+01:00,Cagliari,Frosinone,Unipol Domus,,scheduled,fixturedownload.com,https://fixturedownload.com/feed/json/serie-a-2026,2026-09-16T18:51:56+00:00,True,scheduled_provisional,Kickoff time reflects originally-published scheduling; broadcaster picks can move this fixture later in the season. Re-collect before using kickoff_utc for a leakage-safe cutoff close to matchday.
SERIEA2627_MW11_109_Torino_Lecce,2026-27,11,2026-11-07,2026-11-07T14:00:00+00:00,2026-11-07T15:00:00+01:00,Torino,Lecce,Olimpico - Grande Torino,,scheduled,fixturedownload.com,https://fixturedownload.com/feed/json/serie-a-2026,2026-09-16T18:51:56+00:00,True,scheduled_provisional,Kickoff time reflects originally-published scheduling; broadcaster picks can move this fixture later in the season. Re-collect before using kickoff_utc for a leakage-safe cutoff close to matchday.
SERIEA2627_MW11_107_Parma_Bologna,2026-27,11,2026-11-07,2026-11-07T17:00:00+00:00,2026-11-07T18:00:00+01:00,Parma,Bologna,Ennio Tardini,,scheduled,fixturedownload.com,https://fixturedownload.com/feed/json/serie-a-2026,2026-09-16T18:51:56+00:00,True,scheduled_provisional,Kickoff time reflects originally-published scheduling; broadcaster picks can move this fixture later in the season. Re-collect before using kickoff_utc for a leakage-safe cutoff close to matchday.
SERIEA2627_MW11_108_Roma_Sassuolo,2026-27,11,2026-11-07,2026-11-07T19:45:00+00:00,2026-11-07T20:45:00+01:00,Roma,Sassuolo,Olimpico,,scheduled,fixturedownload.com,https://fixturedownload.com/feed/json/serie-a-2026,2026-09-16T18:51:56+00:00,True,scheduled_provisional,Kickoff time reflects originally-published scheduling; broadcaster picks can move this fixture later in the season. Re-collect before using kickoff_utc for a leakage-safe cutoff close to matchday.
SERIEA2627_MW11_106_Napoli_Lazio,2026-27,11,2026-11-08,2026-11-08T11:30:00+00:00,2026-11-08T12:30:00+01:00,Napoli,Lazio,Diego Armando Maradona,,scheduled,fixturedownload.com,https://fixturedownload.com/feed/json/serie-a-2026,2026-09-16T18:51:56+00:00,True,scheduled_provisional,Kickoff time reflects originally-published scheduling; broadcaster picks can move this fixture later in the season. Re-collect before using kickoff_utc for a leakage-safe cutoff close to matchday.
SERIEA2627_MW11_103_Genoa_Milan,2026-27,11,2026-11-08,2026-11-08T14:00:00+00:00,2026-11-08T15:00:00+01:00,Genoa,Milan,Luigi Ferraris,,scheduled,fixturedownload.com,https://fixturedownload.com/feed/json/serie-a-2026,2026-09-16T18:51:56+00:00,True,scheduled_provisional,Kickoff time reflects originally-published scheduling; broadcaster picks can move this fixture later in the season. Re-collect before using kickoff_utc for a leakage-safe cutoff close to matchday.
SERIEA2627_MW11_105_Monza_Atalanta,2026-27,11,2026-11-08,2026-11-08T14:00:00+00:00,2026-11-08T15:00:00+01:00,Monza,Atalanta,Brianteo,,scheduled,fixturedownload.com,https://fixturedownload.com/feed/json/serie-a-2026,2026-09-16T18:51:56+00:00,True,scheduled_provisional,Kickoff time reflects originally-published scheduling; broadcaster picks can move this fixture later in the season. Re-collect before using kickoff_utc for a leakage-safe cutoff close to matchday.
SERIEA2627_MW11_104_Internazionale_Como,2026-27,11,2026-11-08,2026-11-08T17:00:00+00:00,2026-11-08T18:00:00+01:00,Internazionale,Como,Giuseppe Meazza,,scheduled,fixturedownload.com,https://fixturedownload.com/feed/json/serie-a-2026,2026-09-16T18:51:56+00:00,True,scheduled_provisional,Kickoff time reflects originally-published scheduling; broadcaster picks can move this fixture later in the season. Re-collect before using kickoff_utc for a leakage-safe cutoff close to matchday.
SERIEA2627_MW11_102_Fiorentina_Juventus,2026-27,11,2026-11-08,2026-11-08T19:45:00+00:00,2026-11-08T20:45:00+01:00,Fiorentina,Juventus,Artemio Franchi,,scheduled,fixturedownload.com,https://fixturedownload.com/feed/json/serie-a-2026,2026-09-16T18:51:56+00:00,True,scheduled_provisional,Kickoff time reflects originally-published scheduling; broadcaster picks can move this fixture later in the season. Re-collect before using kickoff_utc for a leakage-safe cutoff close to matchday.
SERIEA2627_MW12_113_Como_Cagliari,2026-27,12,2026-11-21,2026-11-21T14:00:00+00:00,2026-11-21T15:00:00+01:00,Como,Cagliari,Giuseppe Sinigaglia,,scheduled,fixturedownload.com,https://fixturedownload.com/feed/json/serie-a-2026,2026-09-16T18:51:56+00:00,True,scheduled_provisional,Kickoff time reflects originally-published scheduling; broadcaster picks can move this fixture later in the season. Re-collect before using kickoff_utc for a leakage-safe cutoff close to matchday.
SERIEA2627_MW12_115_Lazio_Lecce,2026-27,12,2026-11-21,2026-11-21T14:00:00+00:00,2026-11-21T15:00:00+01:00,Lazio,Lecce,Olimpico,,scheduled,fixturedownload.com,https://fixturedownload.com/feed/json/serie-a-2026,2026-09-16T18:51:56+00:00,True,scheduled_provisional,Kickoff time reflects originally-published scheduling; broadcaster picks can move this fixture later in the season. Re-collect before using kickoff_utc for a leakage-safe cutoff close to matchday.
SERIEA2627_MW12_119_Parma_Roma,2026-27,12,2026-11-21,2026-11-21T17:00:00+00:00,2026-11-21T18:00:00+01:00,Parma,Roma,Ennio Tardini,,scheduled,fixturedownload.com,https://fixturedownload.com/feed/json/serie-a-2026,2026-09-16T18:51:56+00:00,True,scheduled_provisional,Kickoff time reflects originally-published scheduling; broadcaster picks can move this fixture later in the season. Re-collect before using kickoff_utc for a leakage-safe cutoff close to matchday.
SERIEA2627_MW12_118_Napoli_Torino,2026-27,12,2026-11-21,2026-11-21T19:45:00+00:00,2026-11-21T20:45:00+01:00,Napoli,Torino,Diego Armando Maradona,,scheduled,fixturedownload.com,https://fixturedownload.com/feed/json/serie-a-2026,2026-09-16T18:51:56+00:00,True,scheduled_provisional,Kickoff time reflects originally-published scheduling; broadcaster picks can move this fixture later in the season. Re-collect before using kickoff_utc for a leakage-safe cutoff close to matchday.
SERIEA2627_MW12_120_Sassuolo_Genoa,2026-27,12,2026-11-22,2026-11-22T11:30:00+00:00,2026-11-22T12:30:00+01:00,Sassuolo,Genoa,Mapei Stadium,,scheduled,fixturedownload.com,https://fixturedownload.com/feed/json/serie-a-2026,2026-09-16T18:51:56+00:00,True,scheduled_provisional,Kickoff time reflects originally-published scheduling; broadcaster picks can move this fixture later in the season. Re-collect before using kickoff_utc for a leakage-safe cutoff close to matchday.
SERIEA2627_MW12_116_Milan_Frosinone,2026-27,12,2026-11-22,2026-11-22T14:00:00+00:00,2026-11-22T15:00:00+01:00,Milan,Frosinone,Giuseppe Meazza,,scheduled,fixturedownload.com,https://fixturedownload.com/feed/json/serie-a-2026,2026-09-16T18:51:56+00:00,True,scheduled_provisional,Kickoff time reflects originally-published scheduling; broadcaster picks can move this fixture later in the season. Re-collect before using kickoff_utc for a leakage-safe cutoff close to matchday.
SERIEA2627_MW12_112_Bologna_Udinese,2026-27,12,2026-11-22,2026-11-22T17:00:00+00:00,2026-11-22T18:00:00+01:00,Bologna,Udinese,Renato Dall'Ara,,scheduled,fixturedownload.com,https://fixturedownload.com/feed/json/serie-a-2026,2026-09-16T18:51:56+00:00,True,scheduled_provisional,Kickoff time reflects originally-published scheduling; broadcaster picks can move this fixture later in the season. Re-collect before using kickoff_utc for a leakage-safe cutoff close to matchday.
SERIEA2627_MW12_111_Atalanta_Internazionale,2026-27,12,2026-11-22,2026-11-22T19:45:00+00:00,2026-11-22T20:45:00+01:00,Atalanta,Internazionale,New Balance Arena,,scheduled,fixturedownload.com,https://fixturedownload.com/feed/json/serie-a-2026,2026-09-16T18:51:56+00:00,True,scheduled_provisional,Kickoff time reflects originally-published scheduling; broadcaster picks can move this fixture later in the season. Re-collect before using kickoff_utc for a leakage-safe cutoff close to matchday.
SERIEA2627_MW12_117_Monza_Fiorentina,2026-27,12,2026-11-23,2026-11-23T17:30:00+00:00,2026-11-23T18:30:00+01:00,Monza,Fiorentina,Brianteo,,scheduled,fixturedownload.com,https://fixturedownload.com/feed/json/serie-a-2026,2026-09-16T18:51:56+00:00,True,scheduled_provisional,Kickoff time reflects originally-published scheduling; broadcaster picks can move this fixture later in the season. Re-collect before using kickoff_utc for a leakage-safe cutoff close to matchday.
SERIEA2627_MW12_114_Juventus_Venezia,2026-27,12,2026-11-23,2026-11-23T19:45:00+00:00,2026-11-23T20:45:00+01:00,Juventus,Venezia,Allianz Stadium,,scheduled,fixturedownload.com,https://fixturedownload.com/feed/json/serie-a-2026,2026-09-16T18:51:56+00:00,True,scheduled_provisional,Kickoff time reflects originally-published scheduling; broadcaster picks can move this fixture later in the season. Re-collect before using kickoff_utc for a leakage-safe cutoff close to matchday.
SERIEA2627_MW13_121_Cagliari_Milan,2026-27,13,2026-11-28,2026-11-28T00:00:00+00:00,2026-11-28T01:00:00+01:00,Cagliari,Milan,Unipol Domus,,scheduled,fixturedownload.com,https://fixturedownload.com/feed/json/serie-a-2026,2026-09-16T18:51:56+00:00,True,scheduled_provisional,Kickoff time reflects originally-published scheduling; broadcaster picks can move this fixture later in the season. Re-collect before using kickoff_utc for a leakage-safe cutoff close to matchday.
SERIEA2627_MW13_122_Como_Juventus,2026-27,13,2026-11-28,2026-11-28T00:00:00+00:00,2026-11-28T01:00:00+01:00,Como,Juventus,Giuseppe Sinigaglia,,scheduled,fixturedownload.com,https://fixturedownload.com/feed/json/serie-a-2026,2026-09-16T18:51:56+00:00,True,scheduled_provisional,Kickoff time reflects originally-published scheduling; broadcaster picks can move this fixture later in the season. Re-collect before using kickoff_utc for a leakage-safe cutoff close to matchday.
SERIEA2627_MW13_123_Frosinone_Parma,2026-27,13,2026-11-28,2026-11-28T00:00:00+00:00,2026-11-28T01:00:00+01:00,Frosinone,Parma,Benito Stirpe,,scheduled,fixturedownload.com,https://fixturedownload.com/feed/json/serie-a-2026,2026-09-16T18:51:56+00:00,True,scheduled_provisional,Kickoff time reflects originally-published scheduling; broadcaster picks can move this fixture later in the season. Re-collect before using kickoff_utc for a leakage-safe cutoff close to matchday.
SERIEA2627_MW13_124_Internazionale_Genoa,2026-27,13,2026-11-28,2026-11-28T00:00:00+00:00,2026-11-28T01:00:00+01:00,Internazionale,Genoa,Giuseppe Meazza,,scheduled,fixturedownload.com,https://fixturedownload.com/feed/json/serie-a-2026,2026-09-16T18:51:56+00:00,True,scheduled_provisional,Kickoff time reflects originally-published scheduling; broadcaster picks can move this fixture later in the season. Re-collect before using kickoff_utc for a leakage-safe cutoff close to matchday.
SERIEA2627_MW13_125_Lecce_Atalanta,2026-27,13,2026-11-28,2026-11-28T00:00:00+00:00,2026-11-28T01:00:00+01:00,Lecce,Atalanta,Ettore Giardiniero - Via Del Mare,,scheduled,fixturedownload.com,https://fixturedownload.com/feed/json/serie-a-2026,2026-09-16T18:51:56+00:00,True,scheduled_provisional,Kickoff time reflects originally-published scheduling; broadcaster picks can move this fixture later in the season. Re-collect before using kickoff_utc for a leakage-safe cutoff close to matchday.
SERIEA2627_MW13_126_Roma_Monza,2026-27,13,2026-11-28,2026-11-28T00:00:00+00:00,2026-11-28T01:00:00+01:00,Roma,Monza,Olimpico,,scheduled,fixturedownload.com,https://fixturedownload.com/feed/json/serie-a-2026,2026-09-16T18:51:56+00:00,True,scheduled_provisional,Kickoff time reflects originally-published scheduling; broadcaster picks can move this fixture later in the season. Re-collect before using kickoff_utc for a leakage-safe cutoff close to matchday.
SERIEA2627_MW13_127_Sassuolo_Napoli,2026-27,13,2026-11-28,2026-11-28T00:00:00+00:00,2026-11-28T01:00:00+01:00,Sassuolo,Napoli,Mapei Stadium,,scheduled,fixturedownload.com,https://fixturedownload.com/feed/json/serie-a-2026,2026-09-16T18:51:56+00:00,True,scheduled_provisional,Kickoff time reflects originally-published scheduling; broadcaster picks can move this fixture later in the season. Re-collect before using kickoff_utc for a leakage-safe cutoff close to matchday.
SERIEA2627_MW13_128_Torino_Lazio,2026-27,13,2026-11-28,2026-11-28T00:00:00+00:00,2026-11-28T01:00:00+01:00,Torino,Lazio,Olimpico - Grande Torino,,scheduled,fixturedownload.com,https://fixturedownload.com/feed/json/serie-a-2026,2026-09-16T18:51:56+00:00,True,scheduled_provisional,Kickoff time reflects originally-published scheduling; broadcaster picks can move this fixture later in the season. Re-collect before using kickoff_utc for a leakage-safe cutoff close to matchday.
SERIEA2627_MW13_129_Udinese_Fiorentina,2026-27,13,2026-11-28,2026-11-28T00:00:00+00:00,2026-11-28T01:00:00+01:00,Udinese,Fiorentina,Friuli/Bluenergy stadium,,scheduled,fixturedownload.com,https://fixturedownload.com/feed/json/serie-a-2026,2026-09-16T18:51:56+00:00,True,scheduled_provisional,Kickoff time reflects originally-published scheduling; broadcaster picks can move this fixture later in the season. Re-collect before using kickoff_utc for a leakage-safe cutoff close to matchday.
SERIEA2627_MW13_130_Venezia_Bologna,2026-27,13,2026-11-28,2026-11-28T00:00:00+00:00,2026-11-28T01:00:00+01:00,Venezia,Bologna,Pier Luigi Penzo,,scheduled,fixturedownload.com,https://fixturedownload.com/feed/json/serie-a-2026,2026-09-16T18:51:56+00:00,True,scheduled_provisional,Kickoff time reflects originally-published scheduling; broadcaster picks can move this fixture later in the season. Re-collect before using kickoff_utc for a leakage-safe cutoff close to matchday.
SERIEA2627_MW14_131_Bologna_Roma,2026-27,14,2026-12-05,2026-12-05T00:00:00+00:00,2026-12-05T01:00:00+01:00,Bologna,Roma,Renato Dall'Ara,,scheduled,fixturedownload.com,https://fixturedownload.com/feed/json/serie-a-2026,2026-09-16T18:51:56+00:00,True,scheduled_provisional,Kickoff time reflects originally-published scheduling; broadcaster picks can move this fixture later in the season. Re-collect before using kickoff_utc for a leakage-safe cutoff close to matchday.
SERIEA2627_MW14_132_Fiorentina_Cagliari,2026-27,14,2026-12-05,2026-12-05T00:00:00+00:00,2026-12-05T01:00:00+01:00,Fiorentina,Cagliari,Artemio Franchi,,scheduled,fixturedownload.com,https://fixturedownload.com/feed/json/serie-a-2026,2026-09-16T18:51:56+00:00,True,scheduled_provisional,Kickoff time reflects originally-published scheduling; broadcaster picks can move this fixture later in the season. Re-collect before using kickoff_utc for a leakage-safe cutoff close to matchday.
SERIEA2627_MW14_133_Frosinone_Internazionale,2026-27,14,2026-12-05,2026-12-05T00:00:00+00:00,2026-12-05T01:00:00+01:00,Frosinone,Internazionale,Benito Stirpe,,scheduled,fixturedownload.com,https://fixturedownload.com/feed/json/serie-a-2026,2026-09-16T18:51:56+00:00,True,scheduled_provisional,Kickoff time reflects originally-published scheduling; broadcaster picks can move this fixture later in the season. Re-collect before using kickoff_utc for a leakage-safe cutoff close to matchday.
SERIEA2627_MW14_134_Genoa_Torino,2026-27,14,2026-12-05,2026-12-05T00:00:00+00:00,2026-12-05T01:00:00+01:00,Genoa,Torino,Luigi Ferraris,,scheduled,fixturedownload.com,https://fixturedownload.com/feed/json/serie-a-2026,2026-09-16T18:51:56+00:00,True,scheduled_provisional,Kickoff time reflects originally-published scheduling; broadcaster picks can move this fixture later in the season. Re-collect before using kickoff_utc for a leakage-safe cutoff close to matchday.
SERIEA2627_MW14_135_Juventus_Udinese,2026-27,14,2026-12-05,2026-12-05T00:00:00+00:00,2026-12-05T01:00:00+01:00,Juventus,Udinese,Allianz Stadium,,scheduled,fixturedownload.com,https://fixturedownload.com/feed/json/serie-a-2026,2026-09-16T18:51:56+00:00,True,scheduled_provisional,Kickoff time reflects originally-published scheduling; broadcaster picks can move this fixture later in the season. Re-collect before using kickoff_utc for a leakage-safe cutoff close to matchday.
SERIEA2627_MW14_136_Lazio_Atalanta,2026-27,14,2026-12-05,2026-12-05T00:00:00+00:00,2026-12-05T01:00:00+01:00,Lazio,Atalanta,Olimpico,,scheduled,fixturedownload.com,https://fixturedownload.com/feed/json/serie-a-2026,2026-09-16T18:51:56+00:00,True,scheduled_provisional,Kickoff time reflects originally-published scheduling; broadcaster picks can move this fixture later in the season. Re-collect before using kickoff_utc for a leakage-safe cutoff close to matchday.
SERIEA2627_MW14_137_Milan_Parma,2026-27,14,2026-12-05,2026-12-05T00:00:00+00:00,2026-12-05T01:00:00+01:00,Milan,Parma,Giuseppe Meazza,,scheduled,fixturedownload.com,https://fixturedownload.com/feed/json/serie-a-2026,2026-09-16T18:51:56+00:00,True,scheduled_provisional,Kickoff time reflects originally-published scheduling; broadcaster picks can move this fixture later in the season. Re-collect before using kickoff_utc for a leakage-safe cutoff close to matchday.
SERIEA2627_MW14_138_Monza_Como,2026-27,14,2026-12-05,2026-12-05T00:00:00+00:00,2026-12-05T01:00:00+01:00,Monza,Como,Brianteo,,scheduled,fixturedownload.com,https://fixturedownload.com/feed/json/serie-a-2026,2026-09-16T18:51:56+00:00,True,scheduled_provisional,Kickoff time reflects originally-published scheduling; broadcaster picks can move this fixture later in the season. Re-collect before using kickoff_utc for a leakage-safe cutoff close to matchday.
SERIEA2627_MW14_139_Napoli_Lecce,2026-27,14,2026-12-05,2026-12-05T00:00:00+00:00,2026-12-05T01:00:00+01:00,Napoli,Lecce,Diego Armando Maradona,,scheduled,fixturedownload.com,https://fixturedownload.com/feed/json/serie-a-2026,2026-09-16T18:51:56+00:00,True,scheduled_provisional,Kickoff time reflects originally-published scheduling; broadcaster picks can move this fixture later in the season. Re-collect before using kickoff_utc for a leakage-safe cutoff close to matchday.
SERIEA2627_MW14_140_Venezia_Sassuolo,2026-27,14,2026-12-05,2026-12-05T00:00:00+00:00,2026-12-05T01:00:00+01:00,Venezia,Sassuolo,Pier Luigi Penzo,,scheduled,fixturedownload.com,https://fixturedownload.com/feed/json/serie-a-2026,2026-09-16T18:51:56+00:00,True,scheduled_provisional,Kickoff time reflects originally-published scheduling; broadcaster picks can move this fixture later in the season. Re-collect before using kickoff_utc for a leakage-safe cutoff close to matchday.
SERIEA2627_MW15_141_Atalanta_Genoa,2026-27,15,2026-12-12,2026-12-12T00:00:00+00:00,2026-12-12T01:00:00+01:00,Atalanta,Genoa,New Balance Arena,,scheduled,fixturedownload.com,https://fixturedownload.com/feed/json/serie-a-2026,2026-09-16T18:51:56+00:00,True,scheduled_provisional,Kickoff time reflects originally-published scheduling; broadcaster picks can move this fixture later in the season. Re-collect before using kickoff_utc for a leakage-safe cutoff close to matchday.
SERIEA2627_MW15_142_Cagliari_Venezia,2026-27,15,2026-12-12,2026-12-12T00:00:00+00:00,2026-12-12T01:00:00+01:00,Cagliari,Venezia,Unipol Domus,,scheduled,fixturedownload.com,https://fixturedownload.com/feed/json/serie-a-2026,2026-09-16T18:51:56+00:00,True,scheduled_provisional,Kickoff time reflects originally-published scheduling; broadcaster picks can move this fixture later in the season. Re-collect before using kickoff_utc for a leakage-safe cutoff close to matchday.
SERIEA2627_MW15_143_Como_Bologna,2026-27,15,2026-12-12,2026-12-12T00:00:00+00:00,2026-12-12T01:00:00+01:00,Como,Bologna,Giuseppe Sinigaglia,,scheduled,fixturedownload.com,https://fixturedownload.com/feed/json/serie-a-2026,2026-09-16T18:51:56+00:00,True,scheduled_provisional,Kickoff time reflects originally-published scheduling; broadcaster picks can move this fixture later in the season. Re-collect before using kickoff_utc for a leakage-safe cutoff close to matchday.
SERIEA2627_MW15_144_Internazionale_Torino,2026-27,15,2026-12-12,2026-12-12T00:00:00+00:00,2026-12-12T01:00:00+01:00,Internazionale,Torino,Giuseppe Meazza,,scheduled,fixturedownload.com,https://fixturedownload.com/feed/json/serie-a-2026,2026-09-16T18:51:56+00:00,True,scheduled_provisional,Kickoff time reflects originally-published scheduling; broadcaster picks can move this fixture later in the season. Re-collect before using kickoff_utc for a leakage-safe cutoff close to matchday.
SERIEA2627_MW15_145_Juventus_Monza,2026-27,15,2026-12-12,2026-12-12T00:00:00+00:00,2026-12-12T01:00:00+01:00,Juventus,Monza,Allianz Stadium,,scheduled,fixturedownload.com,https://fixturedownload.com/feed/json/serie-a-2026,2026-09-16T18:51:56+00:00,True,scheduled_provisional,Kickoff time reflects originally-published scheduling; broadcaster picks can move this fixture later in the season. Re-collect before using kickoff_utc for a leakage-safe cutoff close to matchday.
SERIEA2627_MW15_146_Lazio_Roma,2026-27,15,2026-12-12,2026-12-12T00:00:00+00:00,2026-12-12T01:00:00+01:00,Lazio,Roma,Olimpico,,scheduled,fixturedownload.com,https://fixturedownload.com/feed/json/serie-a-2026,2026-09-16T18:51:56+00:00,True,scheduled_provisional,Kickoff time reflects originally-published scheduling; broadcaster picks can move this fixture later in the season. Re-collect before using kickoff_utc for a leakage-safe cutoff close to matchday.
SERIEA2627_MW15_147_Lecce_Sassuolo,2026-27,15,2026-12-12,2026-12-12T00:00:00+00:00,2026-12-12T01:00:00+01:00,Lecce,Sassuolo,Ettore Giardiniero - Via Del Mare,,scheduled,fixturedownload.com,https://fixturedownload.com/feed/json/serie-a-2026,2026-09-16T18:51:56+00:00,True,scheduled_provisional,Kickoff time reflects originally-published scheduling; broadcaster picks can move this fixture later in the season. Re-collect before using kickoff_utc for a leakage-safe cutoff close to matchday.
SERIEA2627_MW15_148_Napoli_Milan,2026-27,15,2026-12-12,2026-12-12T00:00:00+00:00,2026-12-12T01:00:00+01:00,Napoli,Milan,Diego Armando Maradona,,scheduled,fixturedownload.com,https://fixturedownload.com/feed/json/serie-a-2026,2026-09-16T18:51:56+00:00,True,scheduled_provisional,Kickoff time reflects originally-published scheduling; broadcaster picks can move this fixture later in the season. Re-collect before using kickoff_utc for a leakage-safe cutoff close to matchday.
SERIEA2627_MW15_149_Parma_Fiorentina,2026-27,15,2026-12-12,2026-12-12T00:00:00+00:00,2026-12-12T01:00:00+01:00,Parma,Fiorentina,Ennio Tardini,,scheduled,fixturedownload.com,https://fixturedownload.com/feed/json/serie-a-2026,2026-09-16T18:51:56+00:00,True,scheduled_provisional,Kickoff time reflects originally-published scheduling; broadcaster picks can move this fixture later in the season. Re-collect before using kickoff_utc for a leakage-safe cutoff close to matchday.
SERIEA2627_MW15_150_Udinese_Frosinone,2026-27,15,2026-12-12,2026-12-12T00:00:00+00:00,2026-12-12T01:00:00+01:00,Udinese,Frosinone,Friuli/Bluenergy stadium,,scheduled,fixturedownload.com,https://fixturedownload.com/feed/json/serie-a-2026,2026-09-16T18:51:56+00:00,True,scheduled_provisional,Kickoff time reflects originally-published scheduling; broadcaster picks can move this fixture later in the season. Re-collect before using kickoff_utc for a leakage-safe cutoff close to matchday.
SERIEA2627_MW16_151_Atalanta_Napoli,2026-27,16,2026-12-19,2026-12-19T00:00:00+00:00,2026-12-19T01:00:00+01:00,Atalanta,Napoli,New Balance Arena,,scheduled,fixturedownload.com,https://fixturedownload.com/feed/json/serie-a-2026,2026-09-16T18:51:56+00:00,True,scheduled_provisional,Kickoff time reflects originally-published scheduling; broadcaster picks can move this fixture later in the season. Re-collect before using kickoff_utc for a leakage-safe cutoff close to matchday.
SERIEA2627_MW16_152_Fiorentina_Bologna,2026-27,16,2026-12-19,2026-12-19T00:00:00+00:00,2026-12-19T01:00:00+01:00,Fiorentina,Bologna,Artemio Franchi,,scheduled,fixturedownload.com,https://fixturedownload.com/feed/json/serie-a-2026,2026-09-16T18:51:56+00:00,True,scheduled_provisional,Kickoff time reflects originally-published scheduling; broadcaster picks can move this fixture later in the season. Re-collect before using kickoff_utc for a leakage-safe cutoff close to matchday.
SERIEA2627_MW16_153_Frosinone_Lazio,2026-27,16,2026-12-19,2026-12-19T00:00:00+00:00,2026-12-19T01:00:00+01:00,Frosinone,Lazio,Benito Stirpe,,scheduled,fixturedownload.com,https://fixturedownload.com/feed/json/serie-a-2026,2026-09-16T18:51:56+00:00,True,scheduled_provisional,Kickoff time reflects originally-published scheduling; broadcaster picks can move this fixture later in the season. Re-collect before using kickoff_utc for a leakage-safe cutoff close to matchday.
SERIEA2627_MW16_154_Genoa_Udinese,2026-27,16,2026-12-19,2026-12-19T00:00:00+00:00,2026-12-19T01:00:00+01:00,Genoa,Udinese,Luigi Ferraris,,scheduled,fixturedownload.com,https://fixturedownload.com/feed/json/serie-a-2026,2026-09-16T18:51:56+00:00,True,scheduled_provisional,Kickoff time reflects originally-published scheduling; broadcaster picks can move this fixture later in the season. Re-collect before using kickoff_utc for a leakage-safe cutoff close to matchday.
SERIEA2627_MW16_155_Lecce_Internazionale,2026-27,16,2026-12-19,2026-12-19T00:00:00+00:00,2026-12-19T01:00:00+01:00,Lecce,Internazionale,Ettore Giardiniero - Via Del Mare,,scheduled,fixturedownload.com,https://fixturedownload.com/feed/json/serie-a-2026,2026-09-16T18:51:56+00:00,True,scheduled_provisional,Kickoff time reflects originally-published scheduling; broadcaster picks can move this fixture later in the season. Re-collect before using kickoff_utc for a leakage-safe cutoff close to matchday.
SERIEA2627_MW16_156_Milan_Como,2026-27,16,2026-12-19,2026-12-19T00:00:00+00:00,2026-12-19T01:00:00+01:00,Milan,Como,Giuseppe Meazza,,scheduled,fixturedownload.com,https://fixturedownload.com/feed/json/serie-a-2026,2026-09-16T18:51:56+00:00,True,scheduled_provisional,Kickoff time reflects originally-published scheduling; broadcaster picks can move this fixture later in the season. Re-collect before using kickoff_utc for a leakage-safe cutoff close to matchday.
SERIEA2627_MW16_157_Roma_Juventus,2026-27,16,2026-12-19,2026-12-19T00:00:00+00:00,2026-12-19T01:00:00+01:00,Roma,Juventus,Olimpico,,scheduled,fixturedownload.com,https://fixturedownload.com/feed/json/serie-a-2026,2026-09-16T18:51:56+00:00,True,scheduled_provisional,Kickoff time reflects originally-published scheduling; broadcaster picks can move this fixture later in the season. Re-collect before using kickoff_utc for a leakage-safe cutoff close to matchday.
SERIEA2627_MW16_158_Sassuolo_Parma,2026-27,16,2026-12-19,2026-12-19T00:00:00+00:00,2026-12-19T01:00:00+01:00,Sassuolo,Parma,Mapei Stadium,,scheduled,fixturedownload.com,https://fixturedownload.com/feed/json/serie-a-2026,2026-09-16T18:51:56+00:00,True,scheduled_provisional,Kickoff time reflects originally-published scheduling; broadcaster picks can move this fixture later in the season. Re-collect before using kickoff_utc for a leakage-safe cutoff close to matchday.
SERIEA2627_MW16_159_Torino_Cagliari,2026-27,16,2026-12-19,2026-12-19T00:00:00+00:00,2026-12-19T01:00:00+01:00,Torino,Cagliari,Olimpico - Grande Torino,,scheduled,fixturedownload.com,https://fixturedownload.com/feed/json/serie-a-2026,2026-09-16T18:51:56+00:00,True,scheduled_provisional,Kickoff time reflects originally-published scheduling; broadcaster picks can move this fixture later in the season. Re-collect before using kickoff_utc for a leakage-safe cutoff close to matchday.
SERIEA2627_MW16_160_Venezia_Monza,2026-27,16,2026-12-19,2026-12-19T00:00:00+00:00,2026-12-19T01:00:00+01:00,Venezia,Monza,Pier Luigi Penzo,,scheduled,fixturedownload.com,https://fixturedownload.com/feed/json/serie-a-2026,2026-09-16T18:51:56+00:00,True,scheduled_provisional,Kickoff time reflects originally-published scheduling; broadcaster picks can move this fixture later in the season. Re-collect before using kickoff_utc for a leakage-safe cutoff close to matchday.
SERIEA2627_MW17_161_Bologna_Juventus,2026-27,17,2027-01-02,2027-01-02T00:00:00+00:00,2027-01-02T01:00:00+01:00,Bologna,Juventus,Renato Dall'Ara,,scheduled,fixturedownload.com,https://fixturedownload.com/feed/json/serie-a-2026,2026-09-16T18:51:56+00:00,True,scheduled_provisional,Kickoff time reflects originally-published scheduling; broadcaster picks can move this fixture later in the season. Re-collect before using kickoff_utc for a leakage-safe cutoff close to matchday.
SERIEA2627_MW17_162_Cagliari_Genoa,2026-27,17,2027-01-02,2027-01-02T00:00:00+00:00,2027-01-02T01:00:00+01:00,Cagliari,Genoa,Unipol Domus,,scheduled,fixturedownload.com,https://fixturedownload.com/feed/json/serie-a-2026,2026-09-16T18:51:56+00:00,True,scheduled_provisional,Kickoff time reflects originally-published scheduling; broadcaster picks can move this fixture later in the season. Re-collect before using kickoff_utc for a leakage-safe cutoff close to matchday.
SERIEA2627_MW17_163_Como_Lecce,2026-27,17,2027-01-02,2027-01-02T00:00:00+00:00,2027-01-02T01:00:00+01:00,Como,Lecce,Giuseppe Sinigaglia,,scheduled,fixturedownload.com,https://fixturedownload.com/feed/json/serie-a-2026,2026-09-16T18:51:56+00:00,True,scheduled_provisional,Kickoff time reflects originally-published scheduling; broadcaster picks can move this fixture later in the season. Re-collect before using kickoff_utc for a leakage-safe cutoff close to matchday.
SERIEA2627_MW17_164_Fiorentina_Lazio,2026-27,17,2027-01-02,2027-01-02T00:00:00+00:00,2027-01-02T01:00:00+01:00,Fiorentina,Lazio,Artemio Franchi,,scheduled,fixturedownload.com,https://fixturedownload.com/feed/json/serie-a-2026,2026-09-16T18:51:56+00:00,True,scheduled_provisional,Kickoff time reflects originally-published scheduling; broadcaster picks can move this fixture later in the season. Re-collect before using kickoff_utc for a leakage-safe cutoff close to matchday.
SERIEA2627_MW17_165_Internazionale_Sassuolo,2026-27,17,2027-01-02,2027-01-02T00:00:00+00:00,2027-01-02T01:00:00+01:00,Internazionale,Sassuolo,Giuseppe Meazza,,scheduled,fixturedownload.com,https://fixturedownload.com/feed/json/serie-a-2026,2026-09-16T18:51:56+00:00,True,scheduled_provisional,Kickoff time reflects originally-published scheduling; broadcaster picks can move this fixture later in the season. Re-collect before using kickoff_utc for a leakage-safe cutoff close to matchday.
SERIEA2627_MW17_166_Monza_Milan,2026-27,17,2027-01-02,2027-01-02T00:00:00+00:00,2027-01-02T01:00:00+01:00,Monza,Milan,Brianteo,,scheduled,fixturedownload.com,https://fixturedownload.com/feed/json/serie-a-2026,2026-09-16T18:51:56+00:00,True,scheduled_provisional,Kickoff time reflects originally-published scheduling; broadcaster picks can move this fixture later in the season. Re-collect before using kickoff_utc for a leakage-safe cutoff close to matchday.
SERIEA2627_MW17_167_Parma_Napoli,2026-27,17,2027-01-02,2027-01-02T00:00:00+00:00,2027-01-02T01:00:00+01:00,Parma,Napoli,Ennio Tardini,,scheduled,fixturedownload.com,https://fixturedownload.com/feed/json/serie-a-2026,2026-09-16T18:51:56+00:00,True,scheduled_provisional,Kickoff time reflects originally-published scheduling; broadcaster picks can move this fixture later in the season. Re-collect before using kickoff_utc for a leakage-safe cutoff close to matchday.
SERIEA2627_MW17_168_Roma_Frosinone,2026-27,17,2027-01-02,2027-01-02T00:00:00+00:00,2027-01-02T01:00:00+01:00,Roma,Frosinone,Olimpico,,scheduled,fixturedownload.com,https://fixturedownload.com/feed/json/serie-a-2026,2026-09-16T18:51:56+00:00,True,scheduled_provisional,Kickoff time reflects originally-published scheduling; broadcaster picks can move this fixture later in the season. Re-collect before using kickoff_utc for a leakage-safe cutoff close to matchday.
SERIEA2627_MW17_169_Torino_Venezia,2026-27,17,2027-01-02,2027-01-02T00:00:00+00:00,2027-01-02T01:00:00+01:00,Torino,Venezia,Olimpico - Grande Torino,,scheduled,fixturedownload.com,https://fixturedownload.com/feed/json/serie-a-2026,2026-09-16T18:51:56+00:00,True,scheduled_provisional,Kickoff time reflects originally-published scheduling; broadcaster picks can move this fixture later in the season. Re-collect before using kickoff_utc for a leakage-safe cutoff close to matchday.
SERIEA2627_MW17_170_Udinese_Atalanta,2026-27,17,2027-01-02,2027-01-02T00:00:00+00:00,2027-01-02T01:00:00+01:00,Udinese,Atalanta,Friuli/Bluenergy stadium,,scheduled,fixturedownload.com,https://fixturedownload.com/feed/json/serie-a-2026,2026-09-16T18:51:56+00:00,True,scheduled_provisional,Kickoff time reflects originally-published scheduling; broadcaster picks can move this fixture later in the season. Re-collect before using kickoff_utc for a leakage-safe cutoff close to matchday.
SERIEA2627_MW18_171_Atalanta_Como,2026-27,18,2027-01-05,2027-01-05T00:00:00+00:00,2027-01-05T01:00:00+01:00,Atalanta,Como,New Balance Arena,,scheduled,fixturedownload.com,https://fixturedownload.com/feed/json/serie-a-2026,2026-09-16T18:51:56+00:00,True,scheduled_provisional,Kickoff time reflects originally-published scheduling; broadcaster picks can move this fixture later in the season. Re-collect before using kickoff_utc for a leakage-safe cutoff close to matchday.
SERIEA2627_MW18_172_Frosinone_Bologna,2026-27,18,2027-01-05,2027-01-05T00:00:00+00:00,2027-01-05T01:00:00+01:00,Frosinone,Bologna,Benito Stirpe,,scheduled,fixturedownload.com,https://fixturedownload.com/feed/json/serie-a-2026,2026-09-16T18:51:56+00:00,True,scheduled_provisional,Kickoff time reflects originally-published scheduling; broadcaster picks can move this fixture later in the season. Re-collect before using kickoff_utc for a leakage-safe cutoff close to matchday.
SERIEA2627_MW18_173_Genoa_Monza,2026-27,18,2027-01-05,2027-01-05T00:00:00+00:00,2027-01-05T01:00:00+01:00,Genoa,Monza,Luigi Ferraris,,scheduled,fixturedownload.com,https://fixturedownload.com/feed/json/serie-a-2026,2026-09-16T18:51:56+00:00,True,scheduled_provisional,Kickoff time reflects originally-published scheduling; broadcaster picks can move this fixture later in the season. Re-collect before using kickoff_utc for a leakage-safe cutoff close to matchday.
SERIEA2627_MW18_174_Juventus_Torino,2026-27,18,2027-01-05,2027-01-05T00:00:00+00:00,2027-01-05T01:00:00+01:00,Juventus,Torino,Allianz Stadium,,scheduled,fixturedownload.com,https://fixturedownload.com/feed/json/serie-a-2026,2026-09-16T18:51:56+00:00,True,scheduled_provisional,Kickoff time reflects originally-published scheduling; broadcaster picks can move this fixture later in the season. Re-collect before using kickoff_utc for a leakage-safe cutoff close to matchday.
SERIEA2627_MW18_175_Lazio_Internazionale,2026-27,18,2027-01-05,2027-01-05T00:00:00+00:00,2027-01-05T01:00:00+01:00,Lazio,Internazionale,Olimpico,,scheduled,fixturedownload.com,https://fixturedownload.com/feed/json/serie-a-2026,2026-09-16T18:51:56+00:00,True,scheduled_provisional,Kickoff time reflects originally-published scheduling; broadcaster picks can move this fixture later in the season. Re-collect before using kickoff_utc for a leakage-safe cutoff close to matchday.
SERIEA2627_MW18_176_Lecce_Parma,2026-27,18,2027-01-05,2027-01-05T00:00:00+00:00,2027-01-05T01:00:00+01:00,Lecce,Parma,Ettore Giardiniero - Via Del Mare,,scheduled,fixturedownload.com,https://fixturedownload.com/feed/json/serie-a-2026,2026-09-16T18:51:56+00:00,True,scheduled_provisional,Kickoff time reflects originally-published scheduling; broadcaster picks can move this fixture later in the season. Re-collect before using kickoff_utc for a leakage-safe cutoff close to matchday.
SERIEA2627_MW18_177_Milan_Fiorentina,2026-27,18,2027-01-05,2027-01-05T00:00:00+00:00,2027-01-05T01:00:00+01:00,Milan,Fiorentina,Giuseppe Meazza,,scheduled,fixturedownload.com,https://fixturedownload.com/feed/json/serie-a-2026,2026-09-16T18:51:56+00:00,True,scheduled_provisional,Kickoff time reflects originally-published scheduling; broadcaster picks can move this fixture later in the season. Re-collect before using kickoff_utc for a leakage-safe cutoff close to matchday.
SERIEA2627_MW18_178_Napoli_Cagliari,2026-27,18,2027-01-05,2027-01-05T00:00:00+00:00,2027-01-05T01:00:00+01:00,Napoli,Cagliari,Diego Armando Maradona,,scheduled,fixturedownload.com,https://fixturedownload.com/feed/json/serie-a-2026,2026-09-16T18:51:56+00:00,True,scheduled_provisional,Kickoff time reflects originally-published scheduling; broadcaster picks can move this fixture later in the season. Re-collect before using kickoff_utc for a leakage-safe cutoff close to matchday.
SERIEA2627_MW18_179_Sassuolo_Udinese,2026-27,18,2027-01-05,2027-01-05T00:00:00+00:00,2027-01-05T01:00:00+01:00,Sassuolo,Udinese,Mapei Stadium,,scheduled,fixturedownload.com,https://fixturedownload.com/feed/json/serie-a-2026,2026-09-16T18:51:56+00:00,True,scheduled_provisional,Kickoff time reflects originally-published scheduling; broadcaster picks can move this fixture later in the season. Re-collect before using kickoff_utc for a leakage-safe cutoff close to matchday.
SERIEA2627_MW18_180_Venezia_Roma,2026-27,18,2027-01-05,2027-01-05T00:00:00+00:00,2027-01-05T01:00:00+01:00,Venezia,Roma,Pier Luigi Penzo,,scheduled,fixturedownload.com,https://fixturedownload.com/feed/json/serie-a-2026,2026-09-16T18:51:56+00:00,True,scheduled_provisional,Kickoff time reflects originally-published scheduling; broadcaster picks can move this fixture later in the season. Re-collect before using kickoff_utc for a leakage-safe cutoff close to matchday.
SERIEA2627_MW19_181_Bologna_Genoa,2026-27,19,2027-01-09,2027-01-09T00:00:00+00:00,2027-01-09T01:00:00+01:00,Bologna,Genoa,Renato Dall'Ara,,scheduled,fixturedownload.com,https://fixturedownload.com/feed/json/serie-a-2026,2026-09-16T18:51:56+00:00,True,scheduled_provisional,Kickoff time reflects originally-published scheduling; broadcaster picks can move this fixture later in the season. Re-collect before using kickoff_utc for a leakage-safe cutoff close to matchday.
SERIEA2627_MW19_182_Cagliari_Sassuolo,2026-27,19,2027-01-09,2027-01-09T00:00:00+00:00,2027-01-09T01:00:00+01:00,Cagliari,Sassuolo,Unipol Domus,,scheduled,fixturedownload.com,https://fixturedownload.com/feed/json/serie-a-2026,2026-09-16T18:51:56+00:00,True,scheduled_provisional,Kickoff time reflects originally-published scheduling; broadcaster picks can move this fixture later in the season. Re-collect before using kickoff_utc for a leakage-safe cutoff close to matchday.
SERIEA2627_MW19_183_Como_Lazio,2026-27,19,2027-01-09,2027-01-09T00:00:00+00:00,2027-01-09T01:00:00+01:00,Como,Lazio,Giuseppe Sinigaglia,,scheduled,fixturedownload.com,https://fixturedownload.com/feed/json/serie-a-2026,2026-09-16T18:51:56+00:00,True,scheduled_provisional,Kickoff time reflects originally-published scheduling; broadcaster picks can move this fixture later in the season. Re-collect before using kickoff_utc for a leakage-safe cutoff close to matchday.
SERIEA2627_MW19_184_Fiorentina_Lecce,2026-27,19,2027-01-09,2027-01-09T00:00:00+00:00,2027-01-09T01:00:00+01:00,Fiorentina,Lecce,Artemio Franchi,,scheduled,fixturedownload.com,https://fixturedownload.com/feed/json/serie-a-2026,2026-09-16T18:51:56+00:00,True,scheduled_provisional,Kickoff time reflects originally-published scheduling; broadcaster picks can move this fixture later in the season. Re-collect before using kickoff_utc for a leakage-safe cutoff close to matchday.
SERIEA2627_MW19_185_Internazionale_Juventus,2026-27,19,2027-01-09,2027-01-09T00:00:00+00:00,2027-01-09T01:00:00+01:00,Internazionale,Juventus,Giuseppe Meazza,,scheduled,fixturedownload.com,https://fixturedownload.com/feed/json/serie-a-2026,2026-09-16T18:51:56+00:00,True,scheduled_provisional,Kickoff time reflects originally-published scheduling; broadcaster picks can move this fixture later in the season. Re-collect before using kickoff_utc for a leakage-safe cutoff close to matchday.
SERIEA2627_MW19_186_Monza_Frosinone,2026-27,19,2027-01-09,2027-01-09T00:00:00+00:00,2027-01-09T01:00:00+01:00,Monza,Frosinone,Brianteo,,scheduled,fixturedownload.com,https://fixturedownload.com/feed/json/serie-a-2026,2026-09-16T18:51:56+00:00,True,scheduled_provisional,Kickoff time reflects originally-published scheduling; broadcaster picks can move this fixture later in the season. Re-collect before using kickoff_utc for a leakage-safe cutoff close to matchday.
SERIEA2627_MW19_187_Parma_Venezia,2026-27,19,2027-01-09,2027-01-09T00:00:00+00:00,2027-01-09T01:00:00+01:00,Parma,Venezia,Ennio Tardini,,scheduled,fixturedownload.com,https://fixturedownload.com/feed/json/serie-a-2026,2026-09-16T18:51:56+00:00,True,scheduled_provisional,Kickoff time reflects originally-published scheduling; broadcaster picks can move this fixture later in the season. Re-collect before using kickoff_utc for a leakage-safe cutoff close to matchday.
SERIEA2627_MW19_188_Roma_Milan,2026-27,19,2027-01-09,2027-01-09T00:00:00+00:00,2027-01-09T01:00:00+01:00,Roma,Milan,Olimpico,,scheduled,fixturedownload.com,https://fixturedownload.com/feed/json/serie-a-2026,2026-09-16T18:51:56+00:00,True,scheduled_provisional,Kickoff time reflects originally-published scheduling; broadcaster picks can move this fixture later in the season. Re-collect before using kickoff_utc for a leakage-safe cutoff close to matchday.
SERIEA2627_MW19_189_Torino_Atalanta,2026-27,19,2027-01-09,2027-01-09T00:00:00+00:00,2027-01-09T01:00:00+01:00,Torino,Atalanta,Olimpico - Grande Torino,,scheduled,fixturedownload.com,https://fixturedownload.com/feed/json/serie-a-2026,2026-09-16T18:51:56+00:00,True,scheduled_provisional,Kickoff time reflects originally-published scheduling; broadcaster picks can move this fixture later in the season. Re-collect before using kickoff_utc for a leakage-safe cutoff close to matchday.
SERIEA2627_MW19_190_Udinese_Napoli,2026-27,19,2027-01-09,2027-01-09T00:00:00+00:00,2027-01-09T01:00:00+01:00,Udinese,Napoli,Friuli/Bluenergy stadium,,scheduled,fixturedownload.com,https://fixturedownload.com/feed/json/serie-a-2026,2026-09-16T18:51:56+00:00,True,scheduled_provisional,Kickoff time reflects originally-published scheduling; broadcaster picks can move this fixture later in the season. Re-collect before using kickoff_utc for a leakage-safe cutoff close to matchday.
SERIEA2627_MW20_191_Atalanta_Roma,2026-27,20,2027-01-16,2027-01-16T00:00:00+00:00,2027-01-16T01:00:00+01:00,Atalanta,Roma,New Balance Arena,,scheduled,fixturedownload.com,https://fixturedownload.com/feed/json/serie-a-2026,2026-09-16T18:51:56+00:00,True,scheduled_provisional,Kickoff time reflects originally-published scheduling; broadcaster picks can move this fixture later in the season. Re-collect before using kickoff_utc for a leakage-safe cutoff close to matchday.
SERIEA2627_MW20_192_Cagliari_Como,2026-27,20,2027-01-16,2027-01-16T00:00:00+00:00,2027-01-16T01:00:00+01:00,Cagliari,Como,Unipol Domus,,scheduled,fixturedownload.com,https://fixturedownload.com/feed/json/serie-a-2026,2026-09-16T18:51:56+00:00,True,scheduled_provisional,Kickoff time reflects originally-published scheduling; broadcaster picks can move this fixture later in the season. Re-collect before using kickoff_utc for a leakage-safe cutoff close to matchday.
SERIEA2627_MW20_193_Juventus_Genoa,2026-27,20,2027-01-16,2027-01-16T00:00:00+00:00,2027-01-16T01:00:00+01:00,Juventus,Genoa,Allianz Stadium,,scheduled,fixturedownload.com,https://fixturedownload.com/feed/json/serie-a-2026,2026-09-16T18:51:56+00:00,True,scheduled_provisional,Kickoff time reflects originally-published scheduling; broadcaster picks can move this fixture later in the season. Re-collect before using kickoff_utc for a leakage-safe cutoff close to matchday.
SERIEA2627_MW20_194_Lazio_Bologna,2026-27,20,2027-01-16,2027-01-16T00:00:00+00:00,2027-01-16T01:00:00+01:00,Lazio,Bologna,Olimpico,,scheduled,fixturedownload.com,https://fixturedownload.com/feed/json/serie-a-2026,2026-09-16T18:51:56+00:00,True,scheduled_provisional,Kickoff time reflects originally-published scheduling; broadcaster picks can move this fixture later in the season. Re-collect before using kickoff_utc for a leakage-safe cutoff close to matchday.
SERIEA2627_MW20_195_Lecce_Udinese,2026-27,20,2027-01-16,2027-01-16T00:00:00+00:00,2027-01-16T01:00:00+01:00,Lecce,Udinese,Ettore Giardiniero - Via Del Mare,,scheduled,fixturedownload.com,https://fixturedownload.com/feed/json/serie-a-2026,2026-09-16T18:51:56+00:00,True,scheduled_provisional,Kickoff time reflects originally-published scheduling; broadcaster picks can move this fixture later in the season. Re-collect before using kickoff_utc for a leakage-safe cutoff close to matchday.
SERIEA2627_MW20_196_Milan_Torino,2026-27,20,2027-01-16,2027-01-16T00:00:00+00:00,2027-01-16T01:00:00+01:00,Milan,Torino,Giuseppe Meazza,,scheduled,fixturedownload.com,https://fixturedownload.com/feed/json/serie-a-2026,2026-09-16T18:51:56+00:00,True,scheduled_provisional,Kickoff time reflects originally-published scheduling; broadcaster picks can move this fixture later in the season. Re-collect before using kickoff_utc for a leakage-safe cutoff close to matchday.
SERIEA2627_MW20_197_Napoli_Fiorentina,2026-27,20,2027-01-16,2027-01-16T00:00:00+00:00,2027-01-16T01:00:00+01:00,Napoli,Fiorentina,Diego Armando Maradona,,scheduled,fixturedownload.com,https://fixturedownload.com/feed/json/serie-a-2026,2026-09-16T18:51:56+00:00,True,scheduled_provisional,Kickoff time reflects originally-published scheduling; broadcaster picks can move this fixture later in the season. Re-collect before using kickoff_utc for a leakage-safe cutoff close to matchday.
SERIEA2627_MW20_198_Parma_Internazionale,2026-27,20,2027-01-16,2027-01-16T00:00:00+00:00,2027-01-16T01:00:00+01:00,Parma,Internazionale,Ennio Tardini,,scheduled,fixturedownload.com,https://fixturedownload.com/feed/json/serie-a-2026,2026-09-16T18:51:56+00:00,True,scheduled_provisional,Kickoff time reflects originally-published scheduling; broadcaster picks can move this fixture later in the season. Re-collect before using kickoff_utc for a leakage-safe cutoff close to matchday.
SERIEA2627_MW20_199_Sassuolo_Monza,2026-27,20,2027-01-16,2027-01-16T00:00:00+00:00,2027-01-16T01:00:00+01:00,Sassuolo,Monza,Mapei Stadium,,scheduled,fixturedownload.com,https://fixturedownload.com/feed/json/serie-a-2026,2026-09-16T18:51:56+00:00,True,scheduled_provisional,Kickoff time reflects originally-published scheduling; broadcaster picks can move this fixture later in the season. Re-collect before using kickoff_utc for a leakage-safe cutoff close to matchday.
SERIEA2627_MW20_200_Venezia_Frosinone,2026-27,20,2027-01-16,2027-01-16T00:00:00+00:00,2027-01-16T01:00:00+01:00,Venezia,Frosinone,Pier Luigi Penzo,,scheduled,fixturedownload.com,https://fixturedownload.com/feed/json/serie-a-2026,2026-09-16T18:51:56+00:00,True,scheduled_provisional,Kickoff time reflects originally-published scheduling; broadcaster picks can move this fixture later in the season. Re-collect before using kickoff_utc for a leakage-safe cutoff close to matchday.
SERIEA2627_MW21_201_Bologna_Atalanta,2026-27,21,2027-01-23,2027-01-23T00:00:00+00:00,2027-01-23T01:00:00+01:00,Bologna,Atalanta,Renato Dall'Ara,,scheduled,fixturedownload.com,https://fixturedownload.com/feed/json/serie-a-2026,2026-09-16T18:51:56+00:00,True,scheduled_provisional,Kickoff time reflects originally-published scheduling; broadcaster picks can move this fixture later in the season. Re-collect before using kickoff_utc for a leakage-safe cutoff close to matchday.
SERIEA2627_MW21_202_Como_Napoli,2026-27,21,2027-01-23,2027-01-23T00:00:00+00:00,2027-01-23T01:00:00+01:00,Como,Napoli,Giuseppe Sinigaglia,,scheduled,fixturedownload.com,https://fixturedownload.com/feed/json/serie-a-2026,2026-09-16T18:51:56+00:00,True,scheduled_provisional,Kickoff time reflects originally-published scheduling; broadcaster picks can move this fixture later in the season. Re-collect before using kickoff_utc for a leakage-safe cutoff close to matchday.
SERIEA2627_MW21_203_Fiorentina_Sassuolo,2026-27,21,2027-01-23,2027-01-23T00:00:00+00:00,2027-01-23T01:00:00+01:00,Fiorentina,Sassuolo,Artemio Franchi,,scheduled,fixturedownload.com,https://fixturedownload.com/feed/json/serie-a-2026,2026-09-16T18:51:56+00:00,True,scheduled_provisional,Kickoff time reflects originally-published scheduling; broadcaster picks can move this fixture later in the season. Re-collect before using kickoff_utc for a leakage-safe cutoff close to matchday.
SERIEA2627_MW21_204_Frosinone_Milan,2026-27,21,2027-01-23,2027-01-23T00:00:00+00:00,2027-01-23T01:00:00+01:00,Frosinone,Milan,Benito Stirpe,,scheduled,fixturedownload.com,https://fixturedownload.com/feed/json/serie-a-2026,2026-09-16T18:51:56+00:00,True,scheduled_provisional,Kickoff time reflects originally-published scheduling; broadcaster picks can move this fixture later in the season. Re-collect before using kickoff_utc for a leakage-safe cutoff close to matchday.
SERIEA2627_MW21_205_Genoa_Parma,2026-27,21,2027-01-23,2027-01-23T00:00:00+00:00,2027-01-23T01:00:00+01:00,Genoa,Parma,Luigi Ferraris,,scheduled,fixturedownload.com,https://fixturedownload.com/feed/json/serie-a-2026,2026-09-16T18:51:56+00:00,True,scheduled_provisional,Kickoff time reflects originally-published scheduling; broadcaster picks can move this fixture later in the season. Re-collect before using kickoff_utc for a leakage-safe cutoff close to matchday.
SERIEA2627_MW21_206_Internazionale_Venezia,2026-27,21,2027-01-23,2027-01-23T00:00:00+00:00,2027-01-23T01:00:00+01:00,Internazionale,Venezia,Giuseppe Meazza,,scheduled,fixturedownload.com,https://fixturedownload.com/feed/json/serie-a-2026,2026-09-16T18:51:56+00:00,True,scheduled_provisional,Kickoff time reflects originally-published scheduling; broadcaster picks can move this fixture later in the season. Re-collect before using kickoff_utc for a leakage-safe cutoff close to matchday.
SERIEA2627_MW21_207_Juventus_Cagliari,2026-27,21,2027-01-23,2027-01-23T00:00:00+00:00,2027-01-23T01:00:00+01:00,Juventus,Cagliari,Allianz Stadium,,scheduled,fixturedownload.com,https://fixturedownload.com/feed/json/serie-a-2026,2026-09-16T18:51:56+00:00,True,scheduled_provisional,Kickoff time reflects originally-published scheduling; broadcaster picks can move this fixture later in the season. Re-collect before using kickoff_utc for a leakage-safe cutoff close to matchday.
SERIEA2627_MW21_208_Lecce_Torino,2026-27,21,2027-01-23,2027-01-23T00:00:00+00:00,2027-01-23T01:00:00+01:00,Lecce,Torino,Ettore Giardiniero - Via Del Mare,,scheduled,fixturedownload.com,https://fixturedownload.com/feed/json/serie-a-2026,2026-09-16T18:51:56+00:00,True,scheduled_provisional,Kickoff time reflects originally-published scheduling; broadcaster picks can move this fixture later in the season. Re-collect before using kickoff_utc for a leakage-safe cutoff close to matchday.
SERIEA2627_MW21_209_Monza_Lazio,2026-27,21,2027-01-23,2027-01-23T00:00:00+00:00,2027-01-23T01:00:00+01:00,Monza,Lazio,Brianteo,,scheduled,fixturedownload.com,https://fixturedownload.com/feed/json/serie-a-2026,2026-09-16T18:51:56+00:00,True,scheduled_provisional,Kickoff time reflects originally-published scheduling; broadcaster picks can move this fixture later in the season. Re-collect before using kickoff_utc for a leakage-safe cutoff close to matchday.
SERIEA2627_MW21_210_Roma_Udinese,2026-27,21,2027-01-23,2027-01-23T00:00:00+00:00,2027-01-23T01:00:00+01:00,Roma,Udinese,Olimpico,,scheduled,fixturedownload.com,https://fixturedownload.com/feed/json/serie-a-2026,2026-09-16T18:51:56+00:00,True,scheduled_provisional,Kickoff time reflects originally-published scheduling; broadcaster picks can move this fixture later in the season. Re-collect before using kickoff_utc for a leakage-safe cutoff close to matchday.
SERIEA2627_MW22_211_Atalanta_Fiorentina,2026-27,22,2027-01-30,2027-01-30T00:00:00+00:00,2027-01-30T01:00:00+01:00,Atalanta,Fiorentina,New Balance Arena,,scheduled,fixturedownload.com,https://fixturedownload.com/feed/json/serie-a-2026,2026-09-16T18:51:56+00:00,True,scheduled_provisional,Kickoff time reflects originally-published scheduling; broadcaster picks can move this fixture later in the season. Re-collect before using kickoff_utc for a leakage-safe cutoff close to matchday.
SERIEA2627_MW22_212_Cagliari_Parma,2026-27,22,2027-01-30,2027-01-30T00:00:00+00:00,2027-01-30T01:00:00+01:00,Cagliari,Parma,Unipol Domus,,scheduled,fixturedownload.com,https://fixturedownload.com/feed/json/serie-a-2026,2026-09-16T18:51:56+00:00,True,scheduled_provisional,Kickoff time reflects originally-published scheduling; broadcaster picks can move this fixture later in the season. Re-collect before using kickoff_utc for a leakage-safe cutoff close to matchday.
SERIEA2627_MW22_213_Genoa_Lecce,2026-27,22,2027-01-30,2027-01-30T00:00:00+00:00,2027-01-30T01:00:00+01:00,Genoa,Lecce,Luigi Ferraris,,scheduled,fixturedownload.com,https://fixturedownload.com/feed/json/serie-a-2026,2026-09-16T18:51:56+00:00,True,scheduled_provisional,Kickoff time reflects originally-published scheduling; broadcaster picks can move this fixture later in the season. Re-collect before using kickoff_utc for a leakage-safe cutoff close to matchday.
SERIEA2627_MW22_214_Lazio_Venezia,2026-27,22,2027-01-30,2027-01-30T00:00:00+00:00,2027-01-30T01:00:00+01:00,Lazio,Venezia,Olimpico,,scheduled,fixturedownload.com,https://fixturedownload.com/feed/json/serie-a-2026,2026-09-16T18:51:56+00:00,True,scheduled_provisional,Kickoff time reflects originally-published scheduling; broadcaster picks can move this fixture later in the season. Re-collect before using kickoff_utc for a leakage-safe cutoff close to matchday.
SERIEA2627_MW22_215_Milan_Juventus,2026-27,22,2027-01-30,2027-01-30T00:00:00+00:00,2027-01-30T01:00:00+01:00,Milan,Juventus,Giuseppe Meazza,,scheduled,fixturedownload.com,https://fixturedownload.com/feed/json/serie-a-2026,2026-09-16T18:51:56+00:00,True,scheduled_provisional,Kickoff time reflects originally-published scheduling; broadcaster picks can move this fixture later in the season. Re-collect before using kickoff_utc for a leakage-safe cutoff close to matchday.
SERIEA2627_MW22_216_Monza_Roma,2026-27,22,2027-01-30,2027-01-30T00:00:00+00:00,2027-01-30T01:00:00+01:00,Monza,Roma,Brianteo,,scheduled,fixturedownload.com,https://fixturedownload.com/feed/json/serie-a-2026,2026-09-16T18:51:56+00:00,True,scheduled_provisional,Kickoff time reflects originally-published scheduling; broadcaster picks can move this fixture later in the season. Re-collect before using kickoff_utc for a leakage-safe cutoff close to matchday.
SERIEA2627_MW22_217_Napoli_Internazionale,2026-27,22,2027-01-30,2027-01-30T00:00:00+00:00,2027-01-30T01:00:00+01:00,Napoli,Internazionale,Diego Armando Maradona,,scheduled,fixturedownload.com,https://fixturedownload.com/feed/json/serie-a-2026,2026-09-16T18:51:56+00:00,True,scheduled_provisional,Kickoff time reflects originally-published scheduling; broadcaster picks can move this fixture later in the season. Re-collect before using kickoff_utc for a leakage-safe cutoff close to matchday.
SERIEA2627_MW22_218_Sassuolo_Como,2026-27,22,2027-01-30,2027-01-30T00:00:00+00:00,2027-01-30T01:00:00+01:00,Sassuolo,Como,Mapei Stadium,,scheduled,fixturedownload.com,https://fixturedownload.com/feed/json/serie-a-2026,2026-09-16T18:51:56+00:00,True,scheduled_provisional,Kickoff time reflects originally-published scheduling; broadcaster picks can move this fixture later in the season. Re-collect before using kickoff_utc for a leakage-safe cutoff close to matchday.
SERIEA2627_MW22_219_Torino_Frosinone,2026-27,22,2027-01-30,2027-01-30T00:00:00+00:00,2027-01-30T01:00:00+01:00,Torino,Frosinone,Olimpico - Grande Torino,,scheduled,fixturedownload.com,https://fixturedownload.com/feed/json/serie-a-2026,2026-09-16T18:51:56+00:00,True,scheduled_provisional,Kickoff time reflects originally-published scheduling; broadcaster picks can move this fixture later in the season. Re-collect before using kickoff_utc for a leakage-safe cutoff close to matchday.
SERIEA2627_MW22_220_Udinese_Bologna,2026-27,22,2027-01-30,2027-01-30T00:00:00+00:00,2027-01-30T01:00:00+01:00,Udinese,Bologna,Friuli/Bluenergy stadium,,scheduled,fixturedownload.com,https://fixturedownload.com/feed/json/serie-a-2026,2026-09-16T18:51:56+00:00,True,scheduled_provisional,Kickoff time reflects originally-published scheduling; broadcaster picks can move this fixture later in the season. Re-collect before using kickoff_utc for a leakage-safe cutoff close to matchday.
SERIEA2627_MW23_221_Atalanta_Lazio,2026-27,23,2027-02-06,2027-02-06T00:00:00+00:00,2027-02-06T01:00:00+01:00,Atalanta,Lazio,New Balance Arena,,scheduled,fixturedownload.com,https://fixturedownload.com/feed/json/serie-a-2026,2026-09-16T18:51:56+00:00,True,scheduled_provisional,Kickoff time reflects originally-published scheduling; broadcaster picks can move this fixture later in the season. Re-collect before using kickoff_utc for a leakage-safe cutoff close to matchday.
SERIEA2627_MW23_222_Bologna_Milan,2026-27,23,2027-02-06,2027-02-06T00:00:00+00:00,2027-02-06T01:00:00+01:00,Bologna,Milan,Renato Dall'Ara,,scheduled,fixturedownload.com,https://fixturedownload.com/feed/json/serie-a-2026,2026-09-16T18:51:56+00:00,True,scheduled_provisional,Kickoff time reflects originally-published scheduling; broadcaster picks can move this fixture later in the season. Re-collect before using kickoff_utc for a leakage-safe cutoff close to matchday.
SERIEA2627_MW23_223_Como_Monza,2026-27,23,2027-02-06,2027-02-06T00:00:00+00:00,2027-02-06T01:00:00+01:00,Como,Monza,Giuseppe Sinigaglia,,scheduled,fixturedownload.com,https://fixturedownload.com/feed/json/serie-a-2026,2026-09-16T18:51:56+00:00,True,scheduled_provisional,Kickoff time reflects originally-published scheduling; broadcaster picks can move this fixture later in the season. Re-collect before using kickoff_utc for a leakage-safe cutoff close to matchday.
SERIEA2627_MW23_224_Fiorentina_Udinese,2026-27,23,2027-02-06,2027-02-06T00:00:00+00:00,2027-02-06T01:00:00+01:00,Fiorentina,Udinese,Artemio Franchi,,scheduled,fixturedownload.com,https://fixturedownload.com/feed/json/serie-a-2026,2026-09-16T18:51:56+00:00,True,scheduled_provisional,Kickoff time reflects originally-published scheduling; broadcaster picks can move this fixture later in the season. Re-collect before using kickoff_utc for a leakage-safe cutoff close to matchday.
SERIEA2627_MW23_225_Internazionale_Cagliari,2026-27,23,2027-02-06,2027-02-06T00:00:00+00:00,2027-02-06T01:00:00+01:00,Internazionale,Cagliari,Giuseppe Meazza,,scheduled,fixturedownload.com,https://fixturedownload.com/feed/json/serie-a-2026,2026-09-16T18:51:56+00:00,True,scheduled_provisional,Kickoff time reflects originally-published scheduling; broadcaster picks can move this fixture later in the season. Re-collect before using kickoff_utc for a leakage-safe cutoff close to matchday.
SERIEA2627_MW23_226_Juventus_Sassuolo,2026-27,23,2027-02-06,2027-02-06T00:00:00+00:00,2027-02-06T01:00:00+01:00,Juventus,Sassuolo,Allianz Stadium,,scheduled,fixturedownload.com,https://fixturedownload.com/feed/json/serie-a-2026,2026-09-16T18:51:56+00:00,True,scheduled_provisional,Kickoff time reflects originally-published scheduling; broadcaster picks can move this fixture later in the season. Re-collect before using kickoff_utc for a leakage-safe cutoff close to matchday.
SERIEA2627_MW23_227_Lecce_Napoli,2026-27,23,2027-02-06,2027-02-06T00:00:00+00:00,2027-02-06T01:00:00+01:00,Lecce,Napoli,Ettore Giardiniero - Via Del Mare,,scheduled,fixturedownload.com,https://fixturedownload.com/feed/json/serie-a-2026,2026-09-16T18:51:56+00:00,True,scheduled_provisional,Kickoff time reflects originally-published scheduling; broadcaster picks can move this fixture later in the season. Re-collect before using kickoff_utc for a leakage-safe cutoff close to matchday.
SERIEA2627_MW23_228_Parma_Frosinone,2026-27,23,2027-02-06,2027-02-06T00:00:00+00:00,2027-02-06T01:00:00+01:00,Parma,Frosinone,Ennio Tardini,,scheduled,fixturedownload.com,https://fixturedownload.com/feed/json/serie-a-2026,2026-09-16T18:51:56+00:00,True,scheduled_provisional,Kickoff time reflects originally-published scheduling; broadcaster picks can move this fixture later in the season. Re-collect before using kickoff_utc for a leakage-safe cutoff close to matchday.
SERIEA2627_MW23_229_Roma_Torino,2026-27,23,2027-02-06,2027-02-06T00:00:00+00:00,2027-02-06T01:00:00+01:00,Roma,Torino,Olimpico,,scheduled,fixturedownload.com,https://fixturedownload.com/feed/json/serie-a-2026,2026-09-16T18:51:56+00:00,True,scheduled_provisional,Kickoff time reflects originally-published scheduling; broadcaster picks can move this fixture later in the season. Re-collect before using kickoff_utc for a leakage-safe cutoff close to matchday.
SERIEA2627_MW23_230_Venezia_Genoa,2026-27,23,2027-02-06,2027-02-06T00:00:00+00:00,2027-02-06T01:00:00+01:00,Venezia,Genoa,Pier Luigi Penzo,,scheduled,fixturedownload.com,https://fixturedownload.com/feed/json/serie-a-2026,2026-09-16T18:51:56+00:00,True,scheduled_provisional,Kickoff time reflects originally-published scheduling; broadcaster picks can move this fixture later in the season. Re-collect before using kickoff_utc for a leakage-safe cutoff close to matchday.
SERIEA2627_MW24_231_Bologna_Como,2026-27,24,2027-02-13,2027-02-13T00:00:00+00:00,2027-02-13T01:00:00+01:00,Bologna,Como,Renato Dall'Ara,,scheduled,fixturedownload.com,https://fixturedownload.com/feed/json/serie-a-2026,2026-09-16T18:51:56+00:00,True,scheduled_provisional,Kickoff time reflects originally-published scheduling; broadcaster picks can move this fixture later in the season. Re-collect before using kickoff_utc for a leakage-safe cutoff close to matchday.
SERIEA2627_MW24_232_Cagliari_Lazio,2026-27,24,2027-02-13,2027-02-13T00:00:00+00:00,2027-02-13T01:00:00+01:00,Cagliari,Lazio,Unipol Domus,,scheduled,fixturedownload.com,https://fixturedownload.com/feed/json/serie-a-2026,2026-09-16T18:51:56+00:00,True,scheduled_provisional,Kickoff time reflects originally-published scheduling; broadcaster picks can move this fixture later in the season. Re-collect before using kickoff_utc for a leakage-safe cutoff close to matchday.
SERIEA2627_MW24_233_Frosinone_Fiorentina,2026-27,24,2027-02-13,2027-02-13T00:00:00+00:00,2027-02-13T01:00:00+01:00,Frosinone,Fiorentina,Benito Stirpe,,scheduled,fixturedownload.com,https://fixturedownload.com/feed/json/serie-a-2026,2026-09-16T18:51:56+00:00,True,scheduled_provisional,Kickoff time reflects originally-published scheduling; broadcaster picks can move this fixture later in the season. Re-collect before using kickoff_utc for a leakage-safe cutoff close to matchday.
SERIEA2627_MW24_234_Genoa_Atalanta,2026-27,24,2027-02-13,2027-02-13T00:00:00+00:00,2027-02-13T01:00:00+01:00,Genoa,Atalanta,Luigi Ferraris,,scheduled,fixturedownload.com,https://fixturedownload.com/feed/json/serie-a-2026,2026-09-16T18:51:56+00:00,True,scheduled_provisional,Kickoff time reflects originally-published scheduling; broadcaster picks can move this fixture later in the season. Re-collect before using kickoff_utc for a leakage-safe cutoff close to matchday.
SERIEA2627_MW24_235_Internazionale_Milan,2026-27,24,2027-02-13,2027-02-13T00:00:00+00:00,2027-02-13T01:00:00+01:00,Internazionale,Milan,Giuseppe Meazza,,scheduled,fixturedownload.com,https://fixturedownload.com/feed/json/serie-a-2026,2026-09-16T18:51:56+00:00,True,scheduled_provisional,Kickoff time reflects originally-published scheduling; broadcaster picks can move this fixture later in the season. Re-collect before using kickoff_utc for a leakage-safe cutoff close to matchday.
SERIEA2627_MW24_236_Monza_Lecce,2026-27,24,2027-02-13,2027-02-13T00:00:00+00:00,2027-02-13T01:00:00+01:00,Monza,Lecce,Brianteo,,scheduled,fixturedownload.com,https://fixturedownload.com/feed/json/serie-a-2026,2026-09-16T18:51:56+00:00,True,scheduled_provisional,Kickoff time reflects originally-published scheduling; broadcaster picks can move this fixture later in the season. Re-collect before using kickoff_utc for a leakage-safe cutoff close to matchday.
SERIEA2627_MW24_237_Napoli_Juventus,2026-27,24,2027-02-13,2027-02-13T00:00:00+00:00,2027-02-13T01:00:00+01:00,Napoli,Juventus,Diego Armando Maradona,,scheduled,fixturedownload.com,https://fixturedownload.com/feed/json/serie-a-2026,2026-09-16T18:51:56+00:00,True,scheduled_provisional,Kickoff time reflects originally-published scheduling; broadcaster picks can move this fixture later in the season. Re-collect before using kickoff_utc for a leakage-safe cutoff close to matchday.
SERIEA2627_MW24_238_Roma_Parma,2026-27,24,2027-02-13,2027-02-13T00:00:00+00:00,2027-02-13T01:00:00+01:00,Roma,Parma,Olimpico,,scheduled,fixturedownload.com,https://fixturedownload.com/feed/json/serie-a-2026,2026-09-16T18:51:56+00:00,True,scheduled_provisional,Kickoff time reflects originally-published scheduling; broadcaster picks can move this fixture later in the season. Re-collect before using kickoff_utc for a leakage-safe cutoff close to matchday.
SERIEA2627_MW24_239_Torino_Sassuolo,2026-27,24,2027-02-13,2027-02-13T00:00:00+00:00,2027-02-13T01:00:00+01:00,Torino,Sassuolo,Olimpico - Grande Torino,,scheduled,fixturedownload.com,https://fixturedownload.com/feed/json/serie-a-2026,2026-09-16T18:51:56+00:00,True,scheduled_provisional,Kickoff time reflects originally-published scheduling; broadcaster picks can move this fixture later in the season. Re-collect before using kickoff_utc for a leakage-safe cutoff close to matchday.
SERIEA2627_MW24_240_Udinese_Venezia,2026-27,24,2027-02-13,2027-02-13T00:00:00+00:00,2027-02-13T01:00:00+01:00,Udinese,Venezia,Friuli/Bluenergy stadium,,scheduled,fixturedownload.com,https://fixturedownload.com/feed/json/serie-a-2026,2026-09-16T18:51:56+00:00,True,scheduled_provisional,Kickoff time reflects originally-published scheduling; broadcaster picks can move this fixture later in the season. Re-collect before using kickoff_utc for a leakage-safe cutoff close to matchday.
SERIEA2627_MW25_241_Atalanta_Monza,2026-27,25,2027-02-20,2027-02-20T00:00:00+00:00,2027-02-20T01:00:00+01:00,Atalanta,Monza,New Balance Arena,,scheduled,fixturedownload.com,https://fixturedownload.com/feed/json/serie-a-2026,2026-09-16T18:51:56+00:00,True,scheduled_provisional,Kickoff time reflects originally-published scheduling; broadcaster picks can move this fixture later in the season. Re-collect before using kickoff_utc for a leakage-safe cutoff close to matchday.
SERIEA2627_MW25_242_Como_Torino,2026-27,25,2027-02-20,2027-02-20T00:00:00+00:00,2027-02-20T01:00:00+01:00,Como,Torino,Giuseppe Sinigaglia,,scheduled,fixturedownload.com,https://fixturedownload.com/feed/json/serie-a-2026,2026-09-16T18:51:56+00:00,True,scheduled_provisional,Kickoff time reflects originally-published scheduling; broadcaster picks can move this fixture later in the season. Re-collect before using kickoff_utc for a leakage-safe cutoff close to matchday.
SERIEA2627_MW25_243_Fiorentina_Internazionale,2026-27,25,2027-02-20,2027-02-20T00:00:00+00:00,2027-02-20T01:00:00+01:00,Fiorentina,Internazionale,Artemio Franchi,,scheduled,fixturedownload.com,https://fixturedownload.com/feed/json/serie-a-2026,2026-09-16T18:51:56+00:00,True,scheduled_provisional,Kickoff time reflects originally-published scheduling; broadcaster picks can move this fixture later in the season. Re-collect before using kickoff_utc for a leakage-safe cutoff close to matchday.
SERIEA2627_MW25_244_Juventus_Bologna,2026-27,25,2027-02-20,2027-02-20T00:00:00+00:00,2027-02-20T01:00:00+01:00,Juventus,Bologna,Allianz Stadium,,scheduled,fixturedownload.com,https://fixturedownload.com/feed/json/serie-a-2026,2026-09-16T18:51:56+00:00,True,scheduled_provisional,Kickoff time reflects originally-published scheduling; broadcaster picks can move this fixture later in the season. Re-collect before using kickoff_utc for a leakage-safe cutoff close to matchday.
SERIEA2627_MW25_245_Lazio_Napoli,2026-27,25,2027-02-20,2027-02-20T00:00:00+00:00,2027-02-20T01:00:00+01:00,Lazio,Napoli,Olimpico,,scheduled,fixturedownload.com,https://fixturedownload.com/feed/json/serie-a-2026,2026-09-16T18:51:56+00:00,True,scheduled_provisional,Kickoff time reflects originally-published scheduling; broadcaster picks can move this fixture later in the season. Re-collect before using kickoff_utc for a leakage-safe cutoff close to matchday.
SERIEA2627_MW25_246_Lecce_Frosinone,2026-27,25,2027-02-20,2027-02-20T00:00:00+00:00,2027-02-20T01:00:00+01:00,Lecce,Frosinone,Ettore Giardiniero - Via Del Mare,,scheduled,fixturedownload.com,https://fixturedownload.com/feed/json/serie-a-2026,2026-09-16T18:51:56+00:00,True,scheduled_provisional,Kickoff time reflects originally-published scheduling; broadcaster picks can move this fixture later in the season. Re-collect before using kickoff_utc for a leakage-safe cutoff close to matchday.
SERIEA2627_MW25_247_Milan_Genoa,2026-27,25,2027-02-20,2027-02-20T00:00:00+00:00,2027-02-20T01:00:00+01:00,Milan,Genoa,Giuseppe Meazza,,scheduled,fixturedownload.com,https://fixturedownload.com/feed/json/serie-a-2026,2026-09-16T18:51:56+00:00,True,scheduled_provisional,Kickoff time reflects originally-published scheduling; broadcaster picks can move this fixture later in the season. Re-collect before using kickoff_utc for a leakage-safe cutoff close to matchday.
SERIEA2627_MW25_248_Sassuolo_Roma,2026-27,25,2027-02-20,2027-02-20T00:00:00+00:00,2027-02-20T01:00:00+01:00,Sassuolo,Roma,Mapei Stadium,,scheduled,fixturedownload.com,https://fixturedownload.com/feed/json/serie-a-2026,2026-09-16T18:51:56+00:00,True,scheduled_provisional,Kickoff time reflects originally-published scheduling; broadcaster picks can move this fixture later in the season. Re-collect before using kickoff_utc for a leakage-safe cutoff close to matchday.
SERIEA2627_MW25_249_Udinese_Parma,2026-27,25,2027-02-20,2027-02-20T00:00:00+00:00,2027-02-20T01:00:00+01:00,Udinese,Parma,Friuli/Bluenergy stadium,,scheduled,fixturedownload.com,https://fixturedownload.com/feed/json/serie-a-2026,2026-09-16T18:51:56+00:00,True,scheduled_provisional,Kickoff time reflects originally-published scheduling; broadcaster picks can move this fixture later in the season. Re-collect before using kickoff_utc for a leakage-safe cutoff close to matchday.
SERIEA2627_MW25_250_Venezia_Cagliari,2026-27,25,2027-02-20,2027-02-20T00:00:00+00:00,2027-02-20T01:00:00+01:00,Venezia,Cagliari,Pier Luigi Penzo,,scheduled,fixturedownload.com,https://fixturedownload.com/feed/json/serie-a-2026,2026-09-16T18:51:56+00:00,True,scheduled_provisional,Kickoff time reflects originally-published scheduling; broadcaster picks can move this fixture later in the season. Re-collect before using kickoff_utc for a leakage-safe cutoff close to matchday.
SERIEA2627_MW26_251_Bologna_Lecce,2026-27,26,2027-02-27,2027-02-27T00:00:00+00:00,2027-02-27T01:00:00+01:00,Bologna,Lecce,Renato Dall'Ara,,scheduled,fixturedownload.com,https://fixturedownload.com/feed/json/serie-a-2026,2026-09-16T18:51:56+00:00,True,scheduled_provisional,Kickoff time reflects originally-published scheduling; broadcaster picks can move this fixture later in the season. Re-collect before using kickoff_utc for a leakage-safe cutoff close to matchday.
SERIEA2627_MW26_252_Cagliari_Udinese,2026-27,26,2027-02-27,2027-02-27T00:00:00+00:00,2027-02-27T01:00:00+01:00,Cagliari,Udinese,Unipol Domus,,scheduled,fixturedownload.com,https://fixturedownload.com/feed/json/serie-a-2026,2026-09-16T18:51:56+00:00,True,scheduled_provisional,Kickoff time reflects originally-published scheduling; broadcaster picks can move this fixture later in the season. Re-collect before using kickoff_utc for a leakage-safe cutoff close to matchday.
SERIEA2627_MW26_253_Como_Milan,2026-27,26,2027-02-27,2027-02-27T00:00:00+00:00,2027-02-27T01:00:00+01:00,Como,Milan,Giuseppe Sinigaglia,,scheduled,fixturedownload.com,https://fixturedownload.com/feed/json/serie-a-2026,2026-09-16T18:51:56+00:00,True,scheduled_provisional,Kickoff time reflects originally-published scheduling; broadcaster picks can move this fixture later in the season. Re-collect before using kickoff_utc for a leakage-safe cutoff close to matchday.
SERIEA2627_MW26_254_Frosinone_Napoli,2026-27,26,2027-02-27,2027-02-27T00:00:00+00:00,2027-02-27T01:00:00+01:00,Frosinone,Napoli,Benito Stirpe,,scheduled,fixturedownload.com,https://fixturedownload.com/feed/json/serie-a-2026,2026-09-16T18:51:56+00:00,True,scheduled_provisional,Kickoff time reflects originally-published scheduling; broadcaster picks can move this fixture later in the season. Re-collect before using kickoff_utc for a leakage-safe cutoff close to matchday.
SERIEA2627_MW26_255_Genoa_Lazio,2026-27,26,2027-02-27,2027-02-27T00:00:00+00:00,2027-02-27T01:00:00+01:00,Genoa,Lazio,Luigi Ferraris,,scheduled,fixturedownload.com,https://fixturedownload.com/feed/json/serie-a-2026,2026-09-16T18:51:56+00:00,True,scheduled_provisional,Kickoff time reflects originally-published scheduling; broadcaster picks can move this fixture later in the season. Re-collect before using kickoff_utc for a leakage-safe cutoff close to matchday.
SERIEA2627_MW26_256_Internazionale_Atalanta,2026-27,26,2027-02-27,2027-02-27T00:00:00+00:00,2027-02-27T01:00:00+01:00,Internazionale,Atalanta,Giuseppe Meazza,,scheduled,fixturedownload.com,https://fixturedownload.com/feed/json/serie-a-2026,2026-09-16T18:51:56+00:00,True,scheduled_provisional,Kickoff time reflects originally-published scheduling; broadcaster picks can move this fixture later in the season. Re-collect before using kickoff_utc for a leakage-safe cutoff close to matchday.
SERIEA2627_MW26_257_Monza_Juventus,2026-27,26,2027-02-27,2027-02-27T00:00:00+00:00,2027-02-27T01:00:00+01:00,Monza,Juventus,Brianteo,,scheduled,fixturedownload.com,https://fixturedownload.com/feed/json/serie-a-2026,2026-09-16T18:51:56+00:00,True,scheduled_provisional,Kickoff time reflects originally-published scheduling; broadcaster picks can move this fixture later in the season. Re-collect before using kickoff_utc for a leakage-safe cutoff close to matchday.
SERIEA2627_MW26_258_Parma_Sassuolo,2026-27,26,2027-02-27,2027-02-27T00:00:00+00:00,2027-02-27T01:00:00+01:00,Parma,Sassuolo,Ennio Tardini,,scheduled,fixturedownload.com,https://fixturedownload.com/feed/json/serie-a-2026,2026-09-16T18:51:56+00:00,True,scheduled_provisional,Kickoff time reflects originally-published scheduling; broadcaster picks can move this fixture later in the season. Re-collect before using kickoff_utc for a leakage-safe cutoff close to matchday.
SERIEA2627_MW26_259_Roma_Venezia,2026-27,26,2027-02-27,2027-02-27T00:00:00+00:00,2027-02-27T01:00:00+01:00,Roma,Venezia,Olimpico,,scheduled,fixturedownload.com,https://fixturedownload.com/feed/json/serie-a-2026,2026-09-16T18:51:56+00:00,True,scheduled_provisional,Kickoff time reflects originally-published scheduling; broadcaster picks can move this fixture later in the season. Re-collect before using kickoff_utc for a leakage-safe cutoff close to matchday.
SERIEA2627_MW26_260_Torino_Fiorentina,2026-27,26,2027-02-27,2027-02-27T00:00:00+00:00,2027-02-27T01:00:00+01:00,Torino,Fiorentina,Olimpico - Grande Torino,,scheduled,fixturedownload.com,https://fixturedownload.com/feed/json/serie-a-2026,2026-09-16T18:51:56+00:00,True,scheduled_provisional,Kickoff time reflects originally-published scheduling; broadcaster picks can move this fixture later in the season. Re-collect before using kickoff_utc for a leakage-safe cutoff close to matchday.
SERIEA2627_MW27_261_Atalanta_Torino,2026-27,27,2027-03-06,2027-03-06T00:00:00+00:00,2027-03-06T01:00:00+01:00,Atalanta,Torino,New Balance Arena,,scheduled,fixturedownload.com,https://fixturedownload.com/feed/json/serie-a-2026,2026-09-16T18:51:56+00:00,True,scheduled_provisional,Kickoff time reflects originally-published scheduling; broadcaster picks can move this fixture later in the season. Re-collect before using kickoff_utc for a leakage-safe cutoff close to matchday.
SERIEA2627_MW27_262_Fiorentina_Venezia,2026-27,27,2027-03-06,2027-03-06T00:00:00+00:00,2027-03-06T01:00:00+01:00,Fiorentina,Venezia,Artemio Franchi,,scheduled,fixturedownload.com,https://fixturedownload.com/feed/json/serie-a-2026,2026-09-16T18:51:56+00:00,True,scheduled_provisional,Kickoff time reflects originally-published scheduling; broadcaster picks can move this fixture later in the season. Re-collect before using kickoff_utc for a leakage-safe cutoff close to matchday.
SERIEA2627_MW27_263_Juventus_Roma,2026-27,27,2027-03-06,2027-03-06T00:00:00+00:00,2027-03-06T01:00:00+01:00,Juventus,Roma,Allianz Stadium,,scheduled,fixturedownload.com,https://fixturedownload.com/feed/json/serie-a-2026,2026-09-16T18:51:56+00:00,True,scheduled_provisional,Kickoff time reflects originally-published scheduling; broadcaster picks can move this fixture later in the season. Re-collect before using kickoff_utc for a leakage-safe cutoff close to matchday.
SERIEA2627_MW27_264_Lazio_Frosinone,2026-27,27,2027-03-06,2027-03-06T00:00:00+00:00,2027-03-06T01:00:00+01:00,Lazio,Frosinone,Olimpico,,scheduled,fixturedownload.com,https://fixturedownload.com/feed/json/serie-a-2026,2026-09-16T18:51:56+00:00,True,scheduled_provisional,Kickoff time reflects originally-published scheduling; broadcaster picks can move this fixture later in the season. Re-collect before using kickoff_utc for a leakage-safe cutoff close to matchday.
SERIEA2627_MW27_265_Lecce_Como,2026-27,27,2027-03-06,2027-03-06T00:00:00+00:00,2027-03-06T01:00:00+01:00,Lecce,Como,Ettore Giardiniero - Via Del Mare,,scheduled,fixturedownload.com,https://fixturedownload.com/feed/json/serie-a-2026,2026-09-16T18:51:56+00:00,True,scheduled_provisional,Kickoff time reflects originally-published scheduling; broadcaster picks can move this fixture later in the season. Re-collect before using kickoff_utc for a leakage-safe cutoff close to matchday.
SERIEA2627_MW27_266_Milan_Cagliari,2026-27,27,2027-03-06,2027-03-06T00:00:00+00:00,2027-03-06T01:00:00+01:00,Milan,Cagliari,Giuseppe Meazza,,scheduled,fixturedownload.com,https://fixturedownload.com/feed/json/serie-a-2026,2026-09-16T18:51:56+00:00,True,scheduled_provisional,Kickoff time reflects originally-published scheduling; broadcaster picks can move this fixture later in the season. Re-collect before using kickoff_utc for a leakage-safe cutoff close to matchday.
SERIEA2627_MW27_267_Monza_Genoa,2026-27,27,2027-03-06,2027-03-06T00:00:00+00:00,2027-03-06T01:00:00+01:00,Monza,Genoa,Brianteo,,scheduled,fixturedownload.com,https://fixturedownload.com/feed/json/serie-a-2026,2026-09-16T18:51:56+00:00,True,scheduled_provisional,Kickoff time reflects originally-published scheduling; broadcaster picks can move this fixture later in the season. Re-collect before using kickoff_utc for a leakage-safe cutoff close to matchday.
SERIEA2627_MW27_268_Napoli_Parma,2026-27,27,2027-03-06,2027-03-06T00:00:00+00:00,2027-03-06T01:00:00+01:00,Napoli,Parma,Diego Armando Maradona,,scheduled,fixturedownload.com,https://fixturedownload.com/feed/json/serie-a-2026,2026-09-16T18:51:56+00:00,True,scheduled_provisional,Kickoff time reflects originally-published scheduling; broadcaster picks can move this fixture later in the season. Re-collect before using kickoff_utc for a leakage-safe cutoff close to matchday.
SERIEA2627_MW27_269_Sassuolo_Bologna,2026-27,27,2027-03-06,2027-03-06T00:00:00+00:00,2027-03-06T01:00:00+01:00,Sassuolo,Bologna,Mapei Stadium,,scheduled,fixturedownload.com,https://fixturedownload.com/feed/json/serie-a-2026,2026-09-16T18:51:56+00:00,True,scheduled_provisional,Kickoff time reflects originally-published scheduling; broadcaster picks can move this fixture later in the season. Re-collect before using kickoff_utc for a leakage-safe cutoff close to matchday.
SERIEA2627_MW27_270_Udinese_Internazionale,2026-27,27,2027-03-06,2027-03-06T00:00:00+00:00,2027-03-06T01:00:00+01:00,Udinese,Internazionale,Friuli/Bluenergy stadium,,scheduled,fixturedownload.com,https://fixturedownload.com/feed/json/serie-a-2026,2026-09-16T18:51:56+00:00,True,scheduled_provisional,Kickoff time reflects originally-published scheduling; broadcaster picks can move this fixture later in the season. Re-collect before using kickoff_utc for a leakage-safe cutoff close to matchday.
SERIEA2627_MW28_271_Bologna_Napoli,2026-27,28,2027-03-13,2027-03-13T00:00:00+00:00,2027-03-13T01:00:00+01:00,Bologna,Napoli,Renato Dall'Ara,,scheduled,fixturedownload.com,https://fixturedownload.com/feed/json/serie-a-2026,2026-09-16T18:51:56+00:00,True,scheduled_provisional,Kickoff time reflects originally-published scheduling; broadcaster picks can move this fixture later in the season. Re-collect before using kickoff_utc for a leakage-safe cutoff close to matchday.
SERIEA2627_MW28_272_Cagliari_Fiorentina,2026-27,28,2027-03-13,2027-03-13T00:00:00+00:00,2027-03-13T01:00:00+01:00,Cagliari,Fiorentina,Unipol Domus,,scheduled,fixturedownload.com,https://fixturedownload.com/feed/json/serie-a-2026,2026-09-16T18:51:56+00:00,True,scheduled_provisional,Kickoff time reflects originally-published scheduling; broadcaster picks can move this fixture later in the season. Re-collect before using kickoff_utc for a leakage-safe cutoff close to matchday.
SERIEA2627_MW28_273_Como_Udinese,2026-27,28,2027-03-13,2027-03-13T00:00:00+00:00,2027-03-13T01:00:00+01:00,Como,Udinese,Giuseppe Sinigaglia,,scheduled,fixturedownload.com,https://fixturedownload.com/feed/json/serie-a-2026,2026-09-16T18:51:56+00:00,True,scheduled_provisional,Kickoff time reflects originally-published scheduling; broadcaster picks can move this fixture later in the season. Re-collect before using kickoff_utc for a leakage-safe cutoff close to matchday.
SERIEA2627_MW28_274_Frosinone_Monza,2026-27,28,2027-03-13,2027-03-13T00:00:00+00:00,2027-03-13T01:00:00+01:00,Frosinone,Monza,Benito Stirpe,,scheduled,fixturedownload.com,https://fixturedownload.com/feed/json/serie-a-2026,2026-09-16T18:51:56+00:00,True,scheduled_provisional,Kickoff time reflects originally-published scheduling; broadcaster picks can move this fixture later in the season. Re-collect before using kickoff_utc for a leakage-safe cutoff close to matchday.
SERIEA2627_MW28_275_Genoa_Roma,2026-27,28,2027-03-13,2027-03-13T00:00:00+00:00,2027-03-13T01:00:00+01:00,Genoa,Roma,Luigi Ferraris,,scheduled,fixturedownload.com,https://fixturedownload.com/feed/json/serie-a-2026,2026-09-16T18:51:56+00:00,True,scheduled_provisional,Kickoff time reflects originally-published scheduling; broadcaster picks can move this fixture later in the season. Re-collect before using kickoff_utc for a leakage-safe cutoff close to matchday.
SERIEA2627_MW28_276_Lazio_Juventus,2026-27,28,2027-03-13,2027-03-13T00:00:00+00:00,2027-03-13T01:00:00+01:00,Lazio,Juventus,Olimpico,,scheduled,fixturedownload.com,https://fixturedownload.com/feed/json/serie-a-2026,2026-09-16T18:51:56+00:00,True,scheduled_provisional,Kickoff time reflects originally-published scheduling; broadcaster picks can move this fixture later in the season. Re-collect before using kickoff_utc for a leakage-safe cutoff close to matchday.
SERIEA2627_MW28_277_Milan_Sassuolo,2026-27,28,2027-03-13,2027-03-13T00:00:00+00:00,2027-03-13T01:00:00+01:00,Milan,Sassuolo,Giuseppe Meazza,,scheduled,fixturedownload.com,https://fixturedownload.com/feed/json/serie-a-2026,2026-09-16T18:51:56+00:00,True,scheduled_provisional,Kickoff time reflects originally-published scheduling; broadcaster picks can move this fixture later in the season. Re-collect before using kickoff_utc for a leakage-safe cutoff close to matchday.
SERIEA2627_MW28_278_Parma_Lecce,2026-27,28,2027-03-13,2027-03-13T00:00:00+00:00,2027-03-13T01:00:00+01:00,Parma,Lecce,Ennio Tardini,,scheduled,fixturedownload.com,https://fixturedownload.com/feed/json/serie-a-2026,2026-09-16T18:51:56+00:00,True,scheduled_provisional,Kickoff time reflects originally-published scheduling; broadcaster picks can move this fixture later in the season. Re-collect before using kickoff_utc for a leakage-safe cutoff close to matchday.
SERIEA2627_MW28_279_Torino_Internazionale,2026-27,28,2027-03-13,2027-03-13T00:00:00+00:00,2027-03-13T01:00:00+01:00,Torino,Internazionale,Olimpico - Grande Torino,,scheduled,fixturedownload.com,https://fixturedownload.com/feed/json/serie-a-2026,2026-09-16T18:51:56+00:00,True,scheduled_provisional,Kickoff time reflects originally-published scheduling; broadcaster picks can move this fixture later in the season. Re-collect before using kickoff_utc for a leakage-safe cutoff close to matchday.
SERIEA2627_MW28_280_Venezia_Atalanta,2026-27,28,2027-03-13,2027-03-13T00:00:00+00:00,2027-03-13T01:00:00+01:00,Venezia,Atalanta,Pier Luigi Penzo,,scheduled,fixturedownload.com,https://fixturedownload.com/feed/json/serie-a-2026,2026-09-16T18:51:56+00:00,True,scheduled_provisional,Kickoff time reflects originally-published scheduling; broadcaster picks can move this fixture later in the season. Re-collect before using kickoff_utc for a leakage-safe cutoff close to matchday.
SERIEA2627_MW29_281_Atalanta_Milan,2026-27,29,2027-03-20,2027-03-20T00:00:00+00:00,2027-03-20T01:00:00+01:00,Atalanta,Milan,New Balance Arena,,scheduled,fixturedownload.com,https://fixturedownload.com/feed/json/serie-a-2026,2026-09-16T18:51:56+00:00,True,scheduled_provisional,Kickoff time reflects originally-published scheduling; broadcaster picks can move this fixture later in the season. Re-collect before using kickoff_utc for a leakage-safe cutoff close to matchday.
SERIEA2627_MW29_282_Fiorentina_Genoa,2026-27,29,2027-03-20,2027-03-20T00:00:00+00:00,2027-03-20T01:00:00+01:00,Fiorentina,Genoa,Artemio Franchi,,scheduled,fixturedownload.com,https://fixturedownload.com/feed/json/serie-a-2026,2026-09-16T18:51:56+00:00,True,scheduled_provisional,Kickoff time reflects originally-published scheduling; broadcaster picks can move this fixture later in the season. Re-collect before using kickoff_utc for a leakage-safe cutoff close to matchday.
SERIEA2627_MW29_283_Internazionale_Frosinone,2026-27,29,2027-03-20,2027-03-20T00:00:00+00:00,2027-03-20T01:00:00+01:00,Internazionale,Frosinone,Giuseppe Meazza,,scheduled,fixturedownload.com,https://fixturedownload.com/feed/json/serie-a-2026,2026-09-16T18:51:56+00:00,True,scheduled_provisional,Kickoff time reflects originally-published scheduling; broadcaster picks can move this fixture later in the season. Re-collect before using kickoff_utc for a leakage-safe cutoff close to matchday.
SERIEA2627_MW29_284_Juventus_Como,2026-27,29,2027-03-20,2027-03-20T00:00:00+00:00,2027-03-20T01:00:00+01:00,Juventus,Como,Allianz Stadium,,scheduled,fixturedownload.com,https://fixturedownload.com/feed/json/serie-a-2026,2026-09-16T18:51:56+00:00,True,scheduled_provisional,Kickoff time reflects originally-published scheduling; broadcaster picks can move this fixture later in the season. Re-collect before using kickoff_utc for a leakage-safe cutoff close to matchday.
SERIEA2627_MW29_285_Monza_Bologna,2026-27,29,2027-03-20,2027-03-20T00:00:00+00:00,2027-03-20T01:00:00+01:00,Monza,Bologna,Brianteo,,scheduled,fixturedownload.com,https://fixturedownload.com/feed/json/serie-a-2026,2026-09-16T18:51:56+00:00,True,scheduled_provisional,Kickoff time reflects originally-published scheduling; broadcaster picks can move this fixture later in the season. Re-collect before using kickoff_utc for a leakage-safe cutoff close to matchday.
SERIEA2627_MW29_286_Napoli_Venezia,2026-27,29,2027-03-20,2027-03-20T00:00:00+00:00,2027-03-20T01:00:00+01:00,Napoli,Venezia,Diego Armando Maradona,,scheduled,fixturedownload.com,https://fixturedownload.com/feed/json/serie-a-2026,2026-09-16T18:51:56+00:00,True,scheduled_provisional,Kickoff time reflects originally-published scheduling; broadcaster picks can move this fixture later in the season. Re-collect before using kickoff_utc for a leakage-safe cutoff close to matchday.
SERIEA2627_MW29_287_Parma_Lazio,2026-27,29,2027-03-20,2027-03-20T00:00:00+00:00,2027-03-20T01:00:00+01:00,Parma,Lazio,Ennio Tardini,,scheduled,fixturedownload.com,https://fixturedownload.com/feed/json/serie-a-2026,2026-09-16T18:51:56+00:00,True,scheduled_provisional,Kickoff time reflects originally-published scheduling; broadcaster picks can move this fixture later in the season. Re-collect before using kickoff_utc for a leakage-safe cutoff close to matchday.
SERIEA2627_MW29_288_Roma_Lecce,2026-27,29,2027-03-20,2027-03-20T00:00:00+00:00,2027-03-20T01:00:00+01:00,Roma,Lecce,Olimpico,,scheduled,fixturedownload.com,https://fixturedownload.com/feed/json/serie-a-2026,2026-09-16T18:51:56+00:00,True,scheduled_provisional,Kickoff time reflects originally-published scheduling; broadcaster picks can move this fixture later in the season. Re-collect before using kickoff_utc for a leakage-safe cutoff close to matchday.
SERIEA2627_MW29_289_Sassuolo_Cagliari,2026-27,29,2027-03-20,2027-03-20T00:00:00+00:00,2027-03-20T01:00:00+01:00,Sassuolo,Cagliari,Mapei Stadium,,scheduled,fixturedownload.com,https://fixturedownload.com/feed/json/serie-a-2026,2026-09-16T18:51:56+00:00,True,scheduled_provisional,Kickoff time reflects originally-published scheduling; broadcaster picks can move this fixture later in the season. Re-collect before using kickoff_utc for a leakage-safe cutoff close to matchday.
SERIEA2627_MW29_290_Udinese_Torino,2026-27,29,2027-03-20,2027-03-20T00:00:00+00:00,2027-03-20T01:00:00+01:00,Udinese,Torino,Friuli/Bluenergy stadium,,scheduled,fixturedownload.com,https://fixturedownload.com/feed/json/serie-a-2026,2026-09-16T18:51:56+00:00,True,scheduled_provisional,Kickoff time reflects originally-published scheduling; broadcaster picks can move this fixture later in the season. Re-collect before using kickoff_utc for a leakage-safe cutoff close to matchday.
SERIEA2627_MW30_291_Cagliari_Napoli,2026-27,30,2027-04-03,2027-04-03T00:00:00+00:00,2027-04-03T02:00:00+02:00,Cagliari,Napoli,Unipol Domus,,scheduled,fixturedownload.com,https://fixturedownload.com/feed/json/serie-a-2026,2026-09-16T18:51:56+00:00,True,scheduled_provisional,Kickoff time reflects originally-published scheduling; broadcaster picks can move this fixture later in the season. Re-collect before using kickoff_utc for a leakage-safe cutoff close to matchday.
SERIEA2627_MW30_292_Como_Fiorentina,2026-27,30,2027-04-03,2027-04-03T00:00:00+00:00,2027-04-03T02:00:00+02:00,Como,Fiorentina,Giuseppe Sinigaglia,,scheduled,fixturedownload.com,https://fixturedownload.com/feed/json/serie-a-2026,2026-09-16T18:51:56+00:00,True,scheduled_provisional,Kickoff time reflects originally-published scheduling; broadcaster picks can move this fixture later in the season. Re-collect before using kickoff_utc for a leakage-safe cutoff close to matchday.
SERIEA2627_MW30_293_Frosinone_Udinese,2026-27,30,2027-04-03,2027-04-03T00:00:00+00:00,2027-04-03T02:00:00+02:00,Frosinone,Udinese,Benito Stirpe,,scheduled,fixturedownload.com,https://fixturedownload.com/feed/json/serie-a-2026,2026-09-16T18:51:56+00:00,True,scheduled_provisional,Kickoff time reflects originally-published scheduling; broadcaster picks can move this fixture later in the season. Re-collect before using kickoff_utc for a leakage-safe cutoff close to matchday.
SERIEA2627_MW30_294_Genoa_Internazionale,2026-27,30,2027-04-03,2027-04-03T00:00:00+00:00,2027-04-03T02:00:00+02:00,Genoa,Internazionale,Luigi Ferraris,,scheduled,fixturedownload.com,https://fixturedownload.com/feed/json/serie-a-2026,2026-09-16T18:51:56+00:00,True,scheduled_provisional,Kickoff time reflects originally-published scheduling; broadcaster picks can move this fixture later in the season. Re-collect before using kickoff_utc for a leakage-safe cutoff close to matchday.
SERIEA2627_MW30_295_Lecce_Lazio,2026-27,30,2027-04-03,2027-04-03T00:00:00+00:00,2027-04-03T02:00:00+02:00,Lecce,Lazio,Ettore Giardiniero - Via Del Mare,,scheduled,fixturedownload.com,https://fixturedownload.com/feed/json/serie-a-2026,2026-09-16T18:51:56+00:00,True,scheduled_provisional,Kickoff time reflects originally-published scheduling; broadcaster picks can move this fixture later in the season. Re-collect before using kickoff_utc for a leakage-safe cutoff close to matchday.
SERIEA2627_MW30_296_Milan_Monza,2026-27,30,2027-04-03,2027-04-03T00:00:00+00:00,2027-04-03T02:00:00+02:00,Milan,Monza,Giuseppe Meazza,,scheduled,fixturedownload.com,https://fixturedownload.com/feed/json/serie-a-2026,2026-09-16T18:51:56+00:00,True,scheduled_provisional,Kickoff time reflects originally-published scheduling; broadcaster picks can move this fixture later in the season. Re-collect before using kickoff_utc for a leakage-safe cutoff close to matchday.
SERIEA2627_MW30_297_Roma_Bologna,2026-27,30,2027-04-03,2027-04-03T00:00:00+00:00,2027-04-03T02:00:00+02:00,Roma,Bologna,Olimpico,,scheduled,fixturedownload.com,https://fixturedownload.com/feed/json/serie-a-2026,2026-09-16T18:51:56+00:00,True,scheduled_provisional,Kickoff time reflects originally-published scheduling; broadcaster picks can move this fixture later in the season. Re-collect before using kickoff_utc for a leakage-safe cutoff close to matchday.
SERIEA2627_MW30_298_Sassuolo_Atalanta,2026-27,30,2027-04-03,2027-04-03T00:00:00+00:00,2027-04-03T02:00:00+02:00,Sassuolo,Atalanta,Mapei Stadium,,scheduled,fixturedownload.com,https://fixturedownload.com/feed/json/serie-a-2026,2026-09-16T18:51:56+00:00,True,scheduled_provisional,Kickoff time reflects originally-published scheduling; broadcaster picks can move this fixture later in the season. Re-collect before using kickoff_utc for a leakage-safe cutoff close to matchday.
SERIEA2627_MW30_299_Torino_Juventus,2026-27,30,2027-04-03,2027-04-03T00:00:00+00:00,2027-04-03T02:00:00+02:00,Torino,Juventus,Olimpico - Grande Torino,,scheduled,fixturedownload.com,https://fixturedownload.com/feed/json/serie-a-2026,2026-09-16T18:51:56+00:00,True,scheduled_provisional,Kickoff time reflects originally-published scheduling; broadcaster picks can move this fixture later in the season. Re-collect before using kickoff_utc for a leakage-safe cutoff close to matchday.
SERIEA2627_MW30_300_Venezia_Parma,2026-27,30,2027-04-03,2027-04-03T00:00:00+00:00,2027-04-03T02:00:00+02:00,Venezia,Parma,Pier Luigi Penzo,,scheduled,fixturedownload.com,https://fixturedownload.com/feed/json/serie-a-2026,2026-09-16T18:51:56+00:00,True,scheduled_provisional,Kickoff time reflects originally-published scheduling; broadcaster picks can move this fixture later in the season. Re-collect before using kickoff_utc for a leakage-safe cutoff close to matchday.
SERIEA2627_MW31_301_Bologna_Venezia,2026-27,31,2027-04-10,2027-04-10T00:00:00+00:00,2027-04-10T02:00:00+02:00,Bologna,Venezia,Renato Dall'Ara,,scheduled,fixturedownload.com,https://fixturedownload.com/feed/json/serie-a-2026,2026-09-16T18:51:56+00:00,True,scheduled_provisional,Kickoff time reflects originally-published scheduling; broadcaster picks can move this fixture later in the season. Re-collect before using kickoff_utc for a leakage-safe cutoff close to matchday.
SERIEA2627_MW31_302_Cagliari_Atalanta,2026-27,31,2027-04-10,2027-04-10T00:00:00+00:00,2027-04-10T02:00:00+02:00,Cagliari,Atalanta,Unipol Domus,,scheduled,fixturedownload.com,https://fixturedownload.com/feed/json/serie-a-2026,2026-09-16T18:51:56+00:00,True,scheduled_provisional,Kickoff time reflects originally-published scheduling; broadcaster picks can move this fixture later in the season. Re-collect before using kickoff_utc for a leakage-safe cutoff close to matchday.
SERIEA2627_MW31_303_Fiorentina_Milan,2026-27,31,2027-04-10,2027-04-10T00:00:00+00:00,2027-04-10T02:00:00+02:00,Fiorentina,Milan,Artemio Franchi,,scheduled,fixturedownload.com,https://fixturedownload.com/feed/json/serie-a-2026,2026-09-16T18:51:56+00:00,True,scheduled_provisional,Kickoff time reflects originally-published scheduling; broadcaster picks can move this fixture later in the season. Re-collect before using kickoff_utc for a leakage-safe cutoff close to matchday.
SERIEA2627_MW31_304_Frosinone_Genoa,2026-27,31,2027-04-10,2027-04-10T00:00:00+00:00,2027-04-10T02:00:00+02:00,Frosinone,Genoa,Benito Stirpe,,scheduled,fixturedownload.com,https://fixturedownload.com/feed/json/serie-a-2026,2026-09-16T18:51:56+00:00,True,scheduled_provisional,Kickoff time reflects originally-published scheduling; broadcaster picks can move this fixture later in the season. Re-collect before using kickoff_utc for a leakage-safe cutoff close to matchday.
SERIEA2627_MW31_305_Internazionale_Roma,2026-27,31,2027-04-10,2027-04-10T00:00:00+00:00,2027-04-10T02:00:00+02:00,Internazionale,Roma,Giuseppe Meazza,,scheduled,fixturedownload.com,https://fixturedownload.com/feed/json/serie-a-2026,2026-09-16T18:51:56+00:00,True,scheduled_provisional,Kickoff time reflects originally-published scheduling; broadcaster picks can move this fixture later in the season. Re-collect before using kickoff_utc for a leakage-safe cutoff close to matchday.
SERIEA2627_MW31_306_Juventus_Lecce,2026-27,31,2027-04-10,2027-04-10T00:00:00+00:00,2027-04-10T02:00:00+02:00,Juventus,Lecce,Allianz Stadium,,scheduled,fixturedownload.com,https://fixturedownload.com/feed/json/serie-a-2026,2026-09-16T18:51:56+00:00,True,scheduled_provisional,Kickoff time reflects originally-published scheduling; broadcaster picks can move this fixture later in the season. Re-collect before using kickoff_utc for a leakage-safe cutoff close to matchday.
SERIEA2627_MW31_307_Lazio_Torino,2026-27,31,2027-04-10,2027-04-10T00:00:00+00:00,2027-04-10T02:00:00+02:00,Lazio,Torino,Olimpico,,scheduled,fixturedownload.com,https://fixturedownload.com/feed/json/serie-a-2026,2026-09-16T18:51:56+00:00,True,scheduled_provisional,Kickoff time reflects originally-published scheduling; broadcaster picks can move this fixture later in the season. Re-collect before using kickoff_utc for a leakage-safe cutoff close to matchday.
SERIEA2627_MW31_308_Napoli_Sassuolo,2026-27,31,2027-04-10,2027-04-10T00:00:00+00:00,2027-04-10T02:00:00+02:00,Napoli,Sassuolo,Diego Armando Maradona,,scheduled,fixturedownload.com,https://fixturedownload.com/feed/json/serie-a-2026,2026-09-16T18:51:56+00:00,True,scheduled_provisional,Kickoff time reflects originally-published scheduling; broadcaster picks can move this fixture later in the season. Re-collect before using kickoff_utc for a leakage-safe cutoff close to matchday.
SERIEA2627_MW31_309_Parma_Como,2026-27,31,2027-04-10,2027-04-10T00:00:00+00:00,2027-04-10T02:00:00+02:00,Parma,Como,Ennio Tardini,,scheduled,fixturedownload.com,https://fixturedownload.com/feed/json/serie-a-2026,2026-09-16T18:51:56+00:00,True,scheduled_provisional,Kickoff time reflects originally-published scheduling; broadcaster picks can move this fixture later in the season. Re-collect before using kickoff_utc for a leakage-safe cutoff close to matchday.
SERIEA2627_MW31_310_Udinese_Monza,2026-27,31,2027-04-10,2027-04-10T00:00:00+00:00,2027-04-10T02:00:00+02:00,Udinese,Monza,Friuli/Bluenergy stadium,,scheduled,fixturedownload.com,https://fixturedownload.com/feed/json/serie-a-2026,2026-09-16T18:51:56+00:00,True,scheduled_provisional,Kickoff time reflects originally-published scheduling; broadcaster picks can move this fixture later in the season. Re-collect before using kickoff_utc for a leakage-safe cutoff close to matchday.
SERIEA2627_MW32_311_Atalanta_Udinese,2026-27,32,2027-04-17,2027-04-17T00:00:00+00:00,2027-04-17T02:00:00+02:00,Atalanta,Udinese,New Balance Arena,,scheduled,fixturedownload.com,https://fixturedownload.com/feed/json/serie-a-2026,2026-09-16T18:51:56+00:00,True,scheduled_provisional,Kickoff time reflects originally-published scheduling; broadcaster picks can move this fixture later in the season. Re-collect before using kickoff_utc for a leakage-safe cutoff close to matchday.
SERIEA2627_MW32_312_Bologna_Cagliari,2026-27,32,2027-04-17,2027-04-17T00:00:00+00:00,2027-04-17T02:00:00+02:00,Bologna,Cagliari,Renato Dall'Ara,,scheduled,fixturedownload.com,https://fixturedownload.com/feed/json/serie-a-2026,2026-09-16T18:51:56+00:00,True,scheduled_provisional,Kickoff time reflects originally-published scheduling; broadcaster picks can move this fixture later in the season. Re-collect before using kickoff_utc for a leakage-safe cutoff close to matchday.
SERIEA2627_MW32_313_Como_Frosinone,2026-27,32,2027-04-17,2027-04-17T00:00:00+00:00,2027-04-17T02:00:00+02:00,Como,Frosinone,Giuseppe Sinigaglia,,scheduled,fixturedownload.com,https://fixturedownload.com/feed/json/serie-a-2026,2026-09-16T18:51:56+00:00,True,scheduled_provisional,Kickoff time reflects originally-published scheduling; broadcaster picks can move this fixture later in the season. Re-collect before using kickoff_utc for a leakage-safe cutoff close to matchday.
SERIEA2627_MW32_314_Fiorentina_Parma,2026-27,32,2027-04-17,2027-04-17T00:00:00+00:00,2027-04-17T02:00:00+02:00,Fiorentina,Parma,Artemio Franchi,,scheduled,fixturedownload.com,https://fixturedownload.com/feed/json/serie-a-2026,2026-09-16T18:51:56+00:00,True,scheduled_provisional,Kickoff time reflects originally-published scheduling; broadcaster picks can move this fixture later in the season. Re-collect before using kickoff_utc for a leakage-safe cutoff close to matchday.
SERIEA2627_MW32_315_Milan_Napoli,2026-27,32,2027-04-17,2027-04-17T00:00:00+00:00,2027-04-17T02:00:00+02:00,Milan,Napoli,Giuseppe Meazza,,scheduled,fixturedownload.com,https://fixturedownload.com/feed/json/serie-a-2026,2026-09-16T18:51:56+00:00,True,scheduled_provisional,Kickoff time reflects originally-published scheduling; broadcaster picks can move this fixture later in the season. Re-collect before using kickoff_utc for a leakage-safe cutoff close to matchday.
SERIEA2627_MW32_316_Monza_Internazionale,2026-27,32,2027-04-17,2027-04-17T00:00:00+00:00,2027-04-17T02:00:00+02:00,Monza,Internazionale,Brianteo,,scheduled,fixturedownload.com,https://fixturedownload.com/feed/json/serie-a-2026,2026-09-16T18:51:56+00:00,True,scheduled_provisional,Kickoff time reflects originally-published scheduling; broadcaster picks can move this fixture later in the season. Re-collect before using kickoff_utc for a leakage-safe cutoff close to matchday.
SERIEA2627_MW32_317_Roma_Lazio,2026-27,32,2027-04-17,2027-04-17T00:00:00+00:00,2027-04-17T02:00:00+02:00,Roma,Lazio,Olimpico,,scheduled,fixturedownload.com,https://fixturedownload.com/feed/json/serie-a-2026,2026-09-16T18:51:56+00:00,True,scheduled_provisional,Kickoff time reflects originally-published scheduling; broadcaster picks can move this fixture later in the season. Re-collect before using kickoff_utc for a leakage-safe cutoff close to matchday.
SERIEA2627_MW32_318_Sassuolo_Lecce,2026-27,32,2027-04-17,2027-04-17T00:00:00+00:00,2027-04-17T02:00:00+02:00,Sassuolo,Lecce,Mapei Stadium,,scheduled,fixturedownload.com,https://fixturedownload.com/feed/json/serie-a-2026,2026-09-16T18:51:56+00:00,True,scheduled_provisional,Kickoff time reflects originally-published scheduling; broadcaster picks can move this fixture later in the season. Re-collect before using kickoff_utc for a leakage-safe cutoff close to matchday.
SERIEA2627_MW32_319_Torino_Genoa,2026-27,32,2027-04-17,2027-04-17T00:00:00+00:00,2027-04-17T02:00:00+02:00,Torino,Genoa,Olimpico - Grande Torino,,scheduled,fixturedownload.com,https://fixturedownload.com/feed/json/serie-a-2026,2026-09-16T18:51:56+00:00,True,scheduled_provisional,Kickoff time reflects originally-published scheduling; broadcaster picks can move this fixture later in the season. Re-collect before using kickoff_utc for a leakage-safe cutoff close to matchday.
SERIEA2627_MW32_320_Venezia_Juventus,2026-27,32,2027-04-17,2027-04-17T00:00:00+00:00,2027-04-17T02:00:00+02:00,Venezia,Juventus,Pier Luigi Penzo,,scheduled,fixturedownload.com,https://fixturedownload.com/feed/json/serie-a-2026,2026-09-16T18:51:56+00:00,True,scheduled_provisional,Kickoff time reflects originally-published scheduling; broadcaster picks can move this fixture later in the season. Re-collect before using kickoff_utc for a leakage-safe cutoff close to matchday.
SERIEA2627_MW33_321_Cagliari_Monza,2026-27,33,2027-04-24,2027-04-24T00:00:00+00:00,2027-04-24T02:00:00+02:00,Cagliari,Monza,Unipol Domus,,scheduled,fixturedownload.com,https://fixturedownload.com/feed/json/serie-a-2026,2026-09-16T18:51:56+00:00,True,scheduled_provisional,Kickoff time reflects originally-published scheduling; broadcaster picks can move this fixture later in the season. Re-collect before using kickoff_utc for a leakage-safe cutoff close to matchday.
SERIEA2627_MW33_322_Frosinone_Roma,2026-27,33,2027-04-24,2027-04-24T00:00:00+00:00,2027-04-24T02:00:00+02:00,Frosinone,Roma,Benito Stirpe,,scheduled,fixturedownload.com,https://fixturedownload.com/feed/json/serie-a-2026,2026-09-16T18:51:56+00:00,True,scheduled_provisional,Kickoff time reflects originally-published scheduling; broadcaster picks can move this fixture later in the season. Re-collect before using kickoff_utc for a leakage-safe cutoff close to matchday.
SERIEA2627_MW33_323_Genoa_Sassuolo,2026-27,33,2027-04-24,2027-04-24T00:00:00+00:00,2027-04-24T02:00:00+02:00,Genoa,Sassuolo,Luigi Ferraris,,scheduled,fixturedownload.com,https://fixturedownload.com/feed/json/serie-a-2026,2026-09-16T18:51:56+00:00,True,scheduled_provisional,Kickoff time reflects originally-published scheduling; broadcaster picks can move this fixture later in the season. Re-collect before using kickoff_utc for a leakage-safe cutoff close to matchday.
SERIEA2627_MW33_324_Internazionale_Bologna,2026-27,33,2027-04-24,2027-04-24T00:00:00+00:00,2027-04-24T02:00:00+02:00,Internazionale,Bologna,Giuseppe Meazza,,scheduled,fixturedownload.com,https://fixturedownload.com/feed/json/serie-a-2026,2026-09-16T18:51:56+00:00,True,scheduled_provisional,Kickoff time reflects originally-published scheduling; broadcaster picks can move this fixture later in the season. Re-collect before using kickoff_utc for a leakage-safe cutoff close to matchday.
SERIEA2627_MW33_325_Juventus_Fiorentina,2026-27,33,2027-04-24,2027-04-24T00:00:00+00:00,2027-04-24T02:00:00+02:00,Juventus,Fiorentina,Allianz Stadium,,scheduled,fixturedownload.com,https://fixturedownload.com/feed/json/serie-a-2026,2026-09-16T18:51:56+00:00,True,scheduled_provisional,Kickoff time reflects originally-published scheduling; broadcaster picks can move this fixture later in the season. Re-collect before using kickoff_utc for a leakage-safe cutoff close to matchday.
SERIEA2627_MW33_326_Lazio_Como,2026-27,33,2027-04-24,2027-04-24T00:00:00+00:00,2027-04-24T02:00:00+02:00,Lazio,Como,Olimpico,,scheduled,fixturedownload.com,https://fixturedownload.com/feed/json/serie-a-2026,2026-09-16T18:51:56+00:00,True,scheduled_provisional,Kickoff time reflects originally-published scheduling; broadcaster picks can move this fixture later in the season. Re-collect before using kickoff_utc for a leakage-safe cutoff close to matchday.
SERIEA2627_MW33_327_Lecce_Milan,2026-27,33,2027-04-24,2027-04-24T00:00:00+00:00,2027-04-24T02:00:00+02:00,Lecce,Milan,Ettore Giardiniero - Via Del Mare,,scheduled,fixturedownload.com,https://fixturedownload.com/feed/json/serie-a-2026,2026-09-16T18:51:56+00:00,True,scheduled_provisional,Kickoff time reflects originally-published scheduling; broadcaster picks can move this fixture later in the season. Re-collect before using kickoff_utc for a leakage-safe cutoff close to matchday.
SERIEA2627_MW33_328_Napoli_Udinese,2026-27,33,2027-04-24,2027-04-24T00:00:00+00:00,2027-04-24T02:00:00+02:00,Napoli,Udinese,Diego Armando Maradona,,scheduled,fixturedownload.com,https://fixturedownload.com/feed/json/serie-a-2026,2026-09-16T18:51:56+00:00,True,scheduled_provisional,Kickoff time reflects originally-published scheduling; broadcaster picks can move this fixture later in the season. Re-collect before using kickoff_utc for a leakage-safe cutoff close to matchday.
SERIEA2627_MW33_329_Parma_Atalanta,2026-27,33,2027-04-24,2027-04-24T00:00:00+00:00,2027-04-24T02:00:00+02:00,Parma,Atalanta,Ennio Tardini,,scheduled,fixturedownload.com,https://fixturedownload.com/feed/json/serie-a-2026,2026-09-16T18:51:56+00:00,True,scheduled_provisional,Kickoff time reflects originally-published scheduling; broadcaster picks can move this fixture later in the season. Re-collect before using kickoff_utc for a leakage-safe cutoff close to matchday.
SERIEA2627_MW33_330_Venezia_Torino,2026-27,33,2027-04-24,2027-04-24T00:00:00+00:00,2027-04-24T02:00:00+02:00,Venezia,Torino,Pier Luigi Penzo,,scheduled,fixturedownload.com,https://fixturedownload.com/feed/json/serie-a-2026,2026-09-16T18:51:56+00:00,True,scheduled_provisional,Kickoff time reflects originally-published scheduling; broadcaster picks can move this fixture later in the season. Re-collect before using kickoff_utc for a leakage-safe cutoff close to matchday.
SERIEA2627_MW34_331_Atalanta_Juventus,2026-27,34,2027-05-01,2027-05-01T00:00:00+00:00,2027-05-01T02:00:00+02:00,Atalanta,Juventus,New Balance Arena,,scheduled,fixturedownload.com,https://fixturedownload.com/feed/json/serie-a-2026,2026-09-16T18:51:56+00:00,True,scheduled_provisional,Kickoff time reflects originally-published scheduling; broadcaster picks can move this fixture later in the season. Re-collect before using kickoff_utc for a leakage-safe cutoff close to matchday.
SERIEA2627_MW34_332_Bologna_Fiorentina,2026-27,34,2027-05-01,2027-05-01T00:00:00+00:00,2027-05-01T02:00:00+02:00,Bologna,Fiorentina,Renato Dall'Ara,,scheduled,fixturedownload.com,https://fixturedownload.com/feed/json/serie-a-2026,2026-09-16T18:51:56+00:00,True,scheduled_provisional,Kickoff time reflects originally-published scheduling; broadcaster picks can move this fixture later in the season. Re-collect before using kickoff_utc for a leakage-safe cutoff close to matchday.
SERIEA2627_MW34_333_Como_Internazionale,2026-27,34,2027-05-01,2027-05-01T00:00:00+00:00,2027-05-01T02:00:00+02:00,Como,Internazionale,Giuseppe Sinigaglia,,scheduled,fixturedownload.com,https://fixturedownload.com/feed/json/serie-a-2026,2026-09-16T18:51:56+00:00,True,scheduled_provisional,Kickoff time reflects originally-published scheduling; broadcaster picks can move this fixture later in the season. Re-collect before using kickoff_utc for a leakage-safe cutoff close to matchday.
SERIEA2627_MW34_334_Lecce_Cagliari,2026-27,34,2027-05-01,2027-05-01T00:00:00+00:00,2027-05-01T02:00:00+02:00,Lecce,Cagliari,Ettore Giardiniero - Via Del Mare,,scheduled,fixturedownload.com,https://fixturedownload.com/feed/json/serie-a-2026,2026-09-16T18:51:56+00:00,True,scheduled_provisional,Kickoff time reflects originally-published scheduling; broadcaster picks can move this fixture later in the season. Re-collect before using kickoff_utc for a leakage-safe cutoff close to matchday.
SERIEA2627_MW34_335_Milan_Lazio,2026-27,34,2027-05-01,2027-05-01T00:00:00+00:00,2027-05-01T02:00:00+02:00,Milan,Lazio,Giuseppe Meazza,,scheduled,fixturedownload.com,https://fixturedownload.com/feed/json/serie-a-2026,2026-09-16T18:51:56+00:00,True,scheduled_provisional,Kickoff time reflects originally-published scheduling; broadcaster picks can move this fixture later in the season. Re-collect before using kickoff_utc for a leakage-safe cutoff close to matchday.
SERIEA2627_MW34_336_Monza_Venezia,2026-27,34,2027-05-01,2027-05-01T00:00:00+00:00,2027-05-01T02:00:00+02:00,Monza,Venezia,Brianteo,,scheduled,fixturedownload.com,https://fixturedownload.com/feed/json/serie-a-2026,2026-09-16T18:51:56+00:00,True,scheduled_provisional,Kickoff time reflects originally-published scheduling; broadcaster picks can move this fixture later in the season. Re-collect before using kickoff_utc for a leakage-safe cutoff close to matchday.
SERIEA2627_MW34_337_Roma_Napoli,2026-27,34,2027-05-01,2027-05-01T00:00:00+00:00,2027-05-01T02:00:00+02:00,Roma,Napoli,Olimpico,,scheduled,fixturedownload.com,https://fixturedownload.com/feed/json/serie-a-2026,2026-09-16T18:51:56+00:00,True,scheduled_provisional,Kickoff time reflects originally-published scheduling; broadcaster picks can move this fixture later in the season. Re-collect before using kickoff_utc for a leakage-safe cutoff close to matchday.
SERIEA2627_MW34_338_Sassuolo_Frosinone,2026-27,34,2027-05-01,2027-05-01T00:00:00+00:00,2027-05-01T02:00:00+02:00,Sassuolo,Frosinone,Mapei Stadium,,scheduled,fixturedownload.com,https://fixturedownload.com/feed/json/serie-a-2026,2026-09-16T18:51:56+00:00,True,scheduled_provisional,Kickoff time reflects originally-published scheduling; broadcaster picks can move this fixture later in the season. Re-collect before using kickoff_utc for a leakage-safe cutoff close to matchday.
SERIEA2627_MW34_339_Torino_Parma,2026-27,34,2027-05-01,2027-05-01T00:00:00+00:00,2027-05-01T02:00:00+02:00,Torino,Parma,Olimpico - Grande Torino,,scheduled,fixturedownload.com,https://fixturedownload.com/feed/json/serie-a-2026,2026-09-16T18:51:56+00:00,True,scheduled_provisional,Kickoff time reflects originally-published scheduling; broadcaster picks can move this fixture later in the season. Re-collect before using kickoff_utc for a leakage-safe cutoff close to matchday.
SERIEA2627_MW34_340_Udinese_Genoa,2026-27,34,2027-05-01,2027-05-01T00:00:00+00:00,2027-05-01T02:00:00+02:00,Udinese,Genoa,Friuli/Bluenergy stadium,,scheduled,fixturedownload.com,https://fixturedownload.com/feed/json/serie-a-2026,2026-09-16T18:51:56+00:00,True,scheduled_provisional,Kickoff time reflects originally-published scheduling; broadcaster picks can move this fixture later in the season. Re-collect before using kickoff_utc for a leakage-safe cutoff close to matchday.
SERIEA2627_MW35_341_Fiorentina_Roma,2026-27,35,2027-05-08,2027-05-08T00:00:00+00:00,2027-05-08T02:00:00+02:00,Fiorentina,Roma,Artemio Franchi,,scheduled,fixturedownload.com,https://fixturedownload.com/feed/json/serie-a-2026,2026-09-16T18:51:56+00:00,True,scheduled_provisional,Kickoff time reflects originally-published scheduling; broadcaster picks can move this fixture later in the season. Re-collect before using kickoff_utc for a leakage-safe cutoff close to matchday.
SERIEA2627_MW35_342_Frosinone_Atalanta,2026-27,35,2027-05-08,2027-05-08T00:00:00+00:00,2027-05-08T02:00:00+02:00,Frosinone,Atalanta,Benito Stirpe,,scheduled,fixturedownload.com,https://fixturedownload.com/feed/json/serie-a-2026,2026-09-16T18:51:56+00:00,True,scheduled_provisional,Kickoff time reflects originally-published scheduling; broadcaster picks can move this fixture later in the season. Re-collect before using kickoff_utc for a leakage-safe cutoff close to matchday.
SERIEA2627_MW35_343_Genoa_Cagliari,2026-27,35,2027-05-08,2027-05-08T00:00:00+00:00,2027-05-08T02:00:00+02:00,Genoa,Cagliari,Luigi Ferraris,,scheduled,fixturedownload.com,https://fixturedownload.com/feed/json/serie-a-2026,2026-09-16T18:51:56+00:00,True,scheduled_provisional,Kickoff time reflects originally-published scheduling; broadcaster picks can move this fixture later in the season. Re-collect before using kickoff_utc for a leakage-safe cutoff close to matchday.
SERIEA2627_MW35_344_Internazionale_Lecce,2026-27,35,2027-05-08,2027-05-08T00:00:00+00:00,2027-05-08T02:00:00+02:00,Internazionale,Lecce,Giuseppe Meazza,,scheduled,fixturedownload.com,https://fixturedownload.com/feed/json/serie-a-2026,2026-09-16T18:51:56+00:00,True,scheduled_provisional,Kickoff time reflects originally-published scheduling; broadcaster picks can move this fixture later in the season. Re-collect before using kickoff_utc for a leakage-safe cutoff close to matchday.
SERIEA2627_MW35_345_Lazio_Sassuolo,2026-27,35,2027-05-08,2027-05-08T00:00:00+00:00,2027-05-08T02:00:00+02:00,Lazio,Sassuolo,Olimpico,,scheduled,fixturedownload.com,https://fixturedownload.com/feed/json/serie-a-2026,2026-09-16T18:51:56+00:00,True,scheduled_provisional,Kickoff time reflects originally-published scheduling; broadcaster picks can move this fixture later in the season. Re-collect before using kickoff_utc for a leakage-safe cutoff close to matchday.
SERIEA2627_MW35_346_Napoli_Monza,2026-27,35,2027-05-08,2027-05-08T00:00:00+00:00,2027-05-08T02:00:00+02:00,Napoli,Monza,Diego Armando Maradona,,scheduled,fixturedownload.com,https://fixturedownload.com/feed/json/serie-a-2026,2026-09-16T18:51:56+00:00,True,scheduled_provisional,Kickoff time reflects originally-published scheduling; broadcaster picks can move this fixture later in the season. Re-collect before using kickoff_utc for a leakage-safe cutoff close to matchday.
SERIEA2627_MW35_347_Parma_Milan,2026-27,35,2027-05-08,2027-05-08T00:00:00+00:00,2027-05-08T02:00:00+02:00,Parma,Milan,Ennio Tardini,,scheduled,fixturedownload.com,https://fixturedownload.com/feed/json/serie-a-2026,2026-09-16T18:51:56+00:00,True,scheduled_provisional,Kickoff time reflects originally-published scheduling; broadcaster picks can move this fixture later in the season. Re-collect before using kickoff_utc for a leakage-safe cutoff close to matchday.
SERIEA2627_MW35_348_Torino_Bologna,2026-27,35,2027-05-08,2027-05-08T00:00:00+00:00,2027-05-08T02:00:00+02:00,Torino,Bologna,Olimpico - Grande Torino,,scheduled,fixturedownload.com,https://fixturedownload.com/feed/json/serie-a-2026,2026-09-16T18:51:56+00:00,True,scheduled_provisional,Kickoff time reflects originally-published scheduling; broadcaster picks can move this fixture later in the season. Re-collect before using kickoff_utc for a leakage-safe cutoff close to matchday.
SERIEA2627_MW35_349_Udinese_Juventus,2026-27,35,2027-05-08,2027-05-08T00:00:00+00:00,2027-05-08T02:00:00+02:00,Udinese,Juventus,Friuli/Bluenergy stadium,,scheduled,fixturedownload.com,https://fixturedownload.com/feed/json/serie-a-2026,2026-09-16T18:51:56+00:00,True,scheduled_provisional,Kickoff time reflects originally-published scheduling; broadcaster picks can move this fixture later in the season. Re-collect before using kickoff_utc for a leakage-safe cutoff close to matchday.
SERIEA2627_MW35_350_Venezia_Como,2026-27,35,2027-05-08,2027-05-08T00:00:00+00:00,2027-05-08T02:00:00+02:00,Venezia,Como,Pier Luigi Penzo,,scheduled,fixturedownload.com,https://fixturedownload.com/feed/json/serie-a-2026,2026-09-16T18:51:56+00:00,True,scheduled_provisional,Kickoff time reflects originally-published scheduling; broadcaster picks can move this fixture later in the season. Re-collect before using kickoff_utc for a leakage-safe cutoff close to matchday.
SERIEA2627_MW36_351_Bologna_Frosinone,2026-27,36,2027-05-15,2027-05-15T00:00:00+00:00,2027-05-15T02:00:00+02:00,Bologna,Frosinone,Renato Dall'Ara,,scheduled,fixturedownload.com,https://fixturedownload.com/feed/json/serie-a-2026,2026-09-16T18:51:56+00:00,True,scheduled_provisional,Kickoff time reflects originally-published scheduling; broadcaster picks can move this fixture later in the season. Re-collect before using kickoff_utc for a leakage-safe cutoff close to matchday.
SERIEA2627_MW36_352_Cagliari_Torino,2026-27,36,2027-05-15,2027-05-15T00:00:00+00:00,2027-05-15T02:00:00+02:00,Cagliari,Torino,Unipol Domus,,scheduled,fixturedownload.com,https://fixturedownload.com/feed/json/serie-a-2026,2026-09-16T18:51:56+00:00,True,scheduled_provisional,Kickoff time reflects originally-published scheduling; broadcaster picks can move this fixture later in the season. Re-collect before using kickoff_utc for a leakage-safe cutoff close to matchday.
SERIEA2627_MW36_353_Como_Atalanta,2026-27,36,2027-05-15,2027-05-15T00:00:00+00:00,2027-05-15T02:00:00+02:00,Como,Atalanta,Giuseppe Sinigaglia,,scheduled,fixturedownload.com,https://fixturedownload.com/feed/json/serie-a-2026,2026-09-16T18:51:56+00:00,True,scheduled_provisional,Kickoff time reflects originally-published scheduling; broadcaster picks can move this fixture later in the season. Re-collect before using kickoff_utc for a leakage-safe cutoff close to matchday.
SERIEA2627_MW36_354_Juventus_Internazionale,2026-27,36,2027-05-15,2027-05-15T00:00:00+00:00,2027-05-15T02:00:00+02:00,Juventus,Internazionale,Allianz Stadium,,scheduled,fixturedownload.com,https://fixturedownload.com/feed/json/serie-a-2026,2026-09-16T18:51:56+00:00,True,scheduled_provisional,Kickoff time reflects originally-published scheduling; broadcaster picks can move this fixture later in the season. Re-collect before using kickoff_utc for a leakage-safe cutoff close to matchday.
SERIEA2627_MW36_355_Lazio_Udinese,2026-27,36,2027-05-15,2027-05-15T00:00:00+00:00,2027-05-15T02:00:00+02:00,Lazio,Udinese,Olimpico,,scheduled,fixturedownload.com,https://fixturedownload.com/feed/json/serie-a-2026,2026-09-16T18:51:56+00:00,True,scheduled_provisional,Kickoff time reflects originally-published scheduling; broadcaster picks can move this fixture later in the season. Re-collect before using kickoff_utc for a leakage-safe cutoff close to matchday.
SERIEA2627_MW36_356_Lecce_Fiorentina,2026-27,36,2027-05-15,2027-05-15T00:00:00+00:00,2027-05-15T02:00:00+02:00,Lecce,Fiorentina,Ettore Giardiniero - Via Del Mare,,scheduled,fixturedownload.com,https://fixturedownload.com/feed/json/serie-a-2026,2026-09-16T18:51:56+00:00,True,scheduled_provisional,Kickoff time reflects originally-published scheduling; broadcaster picks can move this fixture later in the season. Re-collect before using kickoff_utc for a leakage-safe cutoff close to matchday.
SERIEA2627_MW36_357_Milan_Roma,2026-27,36,2027-05-15,2027-05-15T00:00:00+00:00,2027-05-15T02:00:00+02:00,Milan,Roma,Giuseppe Meazza,,scheduled,fixturedownload.com,https://fixturedownload.com/feed/json/serie-a-2026,2026-09-16T18:51:56+00:00,True,scheduled_provisional,Kickoff time reflects originally-published scheduling; broadcaster picks can move this fixture later in the season. Re-collect before using kickoff_utc for a leakage-safe cutoff close to matchday.
SERIEA2627_MW36_358_Monza_Parma,2026-27,36,2027-05-15,2027-05-15T00:00:00+00:00,2027-05-15T02:00:00+02:00,Monza,Parma,Brianteo,,scheduled,fixturedownload.com,https://fixturedownload.com/feed/json/serie-a-2026,2026-09-16T18:51:56+00:00,True,scheduled_provisional,Kickoff time reflects originally-published scheduling; broadcaster picks can move this fixture later in the season. Re-collect before using kickoff_utc for a leakage-safe cutoff close to matchday.
SERIEA2627_MW36_359_Napoli_Genoa,2026-27,36,2027-05-15,2027-05-15T00:00:00+00:00,2027-05-15T02:00:00+02:00,Napoli,Genoa,Diego Armando Maradona,,scheduled,fixturedownload.com,https://fixturedownload.com/feed/json/serie-a-2026,2026-09-16T18:51:56+00:00,True,scheduled_provisional,Kickoff time reflects originally-published scheduling; broadcaster picks can move this fixture later in the season. Re-collect before using kickoff_utc for a leakage-safe cutoff close to matchday.
SERIEA2627_MW36_360_Sassuolo_Venezia,2026-27,36,2027-05-15,2027-05-15T00:00:00+00:00,2027-05-15T02:00:00+02:00,Sassuolo,Venezia,Mapei Stadium,,scheduled,fixturedownload.com,https://fixturedownload.com/feed/json/serie-a-2026,2026-09-16T18:51:56+00:00,True,scheduled_provisional,Kickoff time reflects originally-published scheduling; broadcaster picks can move this fixture later in the season. Re-collect before using kickoff_utc for a leakage-safe cutoff close to matchday.
SERIEA2627_MW37_361_Atalanta_Lecce,2026-27,37,2027-05-22,2027-05-22T00:00:00+00:00,2027-05-22T02:00:00+02:00,Atalanta,Lecce,New Balance Arena,,scheduled,fixturedownload.com,https://fixturedownload.com/feed/json/serie-a-2026,2026-09-16T18:51:56+00:00,True,scheduled_provisional,Kickoff time reflects originally-published scheduling; broadcaster picks can move this fixture later in the season. Re-collect before using kickoff_utc for a leakage-safe cutoff close to matchday.
SERIEA2627_MW37_362_Fiorentina_Monza,2026-27,37,2027-05-22,2027-05-22T00:00:00+00:00,2027-05-22T02:00:00+02:00,Fiorentina,Monza,Artemio Franchi,,scheduled,fixturedownload.com,https://fixturedownload.com/feed/json/serie-a-2026,2026-09-16T18:51:56+00:00,True,scheduled_provisional,Kickoff time reflects originally-published scheduling; broadcaster picks can move this fixture later in the season. Re-collect before using kickoff_utc for a leakage-safe cutoff close to matchday.
SERIEA2627_MW37_363_Frosinone_Cagliari,2026-27,37,2027-05-22,2027-05-22T00:00:00+00:00,2027-05-22T02:00:00+02:00,Frosinone,Cagliari,Benito Stirpe,,scheduled,fixturedownload.com,https://fixturedownload.com/feed/json/serie-a-2026,2026-09-16T18:51:56+00:00,True,scheduled_provisional,Kickoff time reflects originally-published scheduling; broadcaster picks can move this fixture later in the season. Re-collect before using kickoff_utc for a leakage-safe cutoff close to matchday.
SERIEA2627_MW37_364_Genoa_Bologna,2026-27,37,2027-05-22,2027-05-22T00:00:00+00:00,2027-05-22T02:00:00+02:00,Genoa,Bologna,Luigi Ferraris,,scheduled,fixturedownload.com,https://fixturedownload.com/feed/json/serie-a-2026,2026-09-16T18:51:56+00:00,True,scheduled_provisional,Kickoff time reflects originally-published scheduling; broadcaster picks can move this fixture later in the season. Re-collect before using kickoff_utc for a leakage-safe cutoff close to matchday.
SERIEA2627_MW37_365_Internazionale_Lazio,2026-27,37,2027-05-22,2027-05-22T00:00:00+00:00,2027-05-22T02:00:00+02:00,Internazionale,Lazio,Giuseppe Meazza,,scheduled,fixturedownload.com,https://fixturedownload.com/feed/json/serie-a-2026,2026-09-16T18:51:56+00:00,True,scheduled_provisional,Kickoff time reflects originally-published scheduling; broadcaster picks can move this fixture later in the season. Re-collect before using kickoff_utc for a leakage-safe cutoff close to matchday.
SERIEA2627_MW37_366_Parma_Juventus,2026-27,37,2027-05-22,2027-05-22T00:00:00+00:00,2027-05-22T02:00:00+02:00,Parma,Juventus,Ennio Tardini,,scheduled,fixturedownload.com,https://fixturedownload.com/feed/json/serie-a-2026,2026-09-16T18:51:56+00:00,True,scheduled_provisional,Kickoff time reflects originally-published scheduling; broadcaster picks can move this fixture later in the season. Re-collect before using kickoff_utc for a leakage-safe cutoff close to matchday.
SERIEA2627_MW37_367_Roma_Como,2026-27,37,2027-05-22,2027-05-22T00:00:00+00:00,2027-05-22T02:00:00+02:00,Roma,Como,Olimpico,,scheduled,fixturedownload.com,https://fixturedownload.com/feed/json/serie-a-2026,2026-09-16T18:51:56+00:00,True,scheduled_provisional,Kickoff time reflects originally-published scheduling; broadcaster picks can move this fixture later in the season. Re-collect before using kickoff_utc for a leakage-safe cutoff close to matchday.
SERIEA2627_MW37_368_Torino_Napoli,2026-27,37,2027-05-22,2027-05-22T00:00:00+00:00,2027-05-22T02:00:00+02:00,Torino,Napoli,Olimpico - Grande Torino,,scheduled,fixturedownload.com,https://fixturedownload.com/feed/json/serie-a-2026,2026-09-16T18:51:56+00:00,True,scheduled_provisional,Kickoff time reflects originally-published scheduling; broadcaster picks can move this fixture later in the season. Re-collect before using kickoff_utc for a leakage-safe cutoff close to matchday.
SERIEA2627_MW37_369_Udinese_Sassuolo,2026-27,37,2027-05-22,2027-05-22T00:00:00+00:00,2027-05-22T02:00:00+02:00,Udinese,Sassuolo,Friuli/Bluenergy stadium,,scheduled,fixturedownload.com,https://fixturedownload.com/feed/json/serie-a-2026,2026-09-16T18:51:56+00:00,True,scheduled_provisional,Kickoff time reflects originally-published scheduling; broadcaster picks can move this fixture later in the season. Re-collect before using kickoff_utc for a leakage-safe cutoff close to matchday.
SERIEA2627_MW37_370_Venezia_Milan,2026-27,37,2027-05-22,2027-05-22T00:00:00+00:00,2027-05-22T02:00:00+02:00,Venezia,Milan,Pier Luigi Penzo,,scheduled,fixturedownload.com,https://fixturedownload.com/feed/json/serie-a-2026,2026-09-16T18:51:56+00:00,True,scheduled_provisional,Kickoff time reflects originally-published scheduling; broadcaster picks can move this fixture later in the season. Re-collect before using kickoff_utc for a leakage-safe cutoff close to matchday.
SERIEA2627_MW38_371_Bologna_Parma,2026-27,38,2027-05-29,2027-05-29T00:00:00+00:00,2027-05-29T02:00:00+02:00,Bologna,Parma,Renato Dall'Ara,,scheduled,fixturedownload.com,https://fixturedownload.com/feed/json/serie-a-2026,2026-09-16T18:51:56+00:00,True,scheduled_provisional,Kickoff time reflects originally-published scheduling; broadcaster picks can move this fixture later in the season. Re-collect before using kickoff_utc for a leakage-safe cutoff close to matchday.
SERIEA2627_MW38_372_Cagliari_Roma,2026-27,38,2027-05-29,2027-05-29T00:00:00+00:00,2027-05-29T02:00:00+02:00,Cagliari,Roma,Unipol Domus,,scheduled,fixturedownload.com,https://fixturedownload.com/feed/json/serie-a-2026,2026-09-16T18:51:56+00:00,True,scheduled_provisional,Kickoff time reflects originally-published scheduling; broadcaster picks can move this fixture later in the season. Re-collect before using kickoff_utc for a leakage-safe cutoff close to matchday.
SERIEA2627_MW38_373_Como_Genoa,2026-27,38,2027-05-29,2027-05-29T00:00:00+00:00,2027-05-29T02:00:00+02:00,Como,Genoa,Giuseppe Sinigaglia,,scheduled,fixturedownload.com,https://fixturedownload.com/feed/json/serie-a-2026,2026-09-16T18:51:56+00:00,True,scheduled_provisional,Kickoff time reflects originally-published scheduling; broadcaster picks can move this fixture later in the season. Re-collect before using kickoff_utc for a leakage-safe cutoff close to matchday.
SERIEA2627_MW38_374_Juventus_Frosinone,2026-27,38,2027-05-29,2027-05-29T00:00:00+00:00,2027-05-29T02:00:00+02:00,Juventus,Frosinone,Allianz Stadium,,scheduled,fixturedownload.com,https://fixturedownload.com/feed/json/serie-a-2026,2026-09-16T18:51:56+00:00,True,scheduled_provisional,Kickoff time reflects originally-published scheduling; broadcaster picks can move this fixture later in the season. Re-collect before using kickoff_utc for a leakage-safe cutoff close to matchday.
SERIEA2627_MW38_375_Lazio_Fiorentina,2026-27,38,2027-05-29,2027-05-29T00:00:00+00:00,2027-05-29T02:00:00+02:00,Lazio,Fiorentina,Olimpico,,scheduled,fixturedownload.com,https://fixturedownload.com/feed/json/serie-a-2026,2026-09-16T18:51:56+00:00,True,scheduled_provisional,Kickoff time reflects originally-published scheduling; broadcaster picks can move this fixture later in the season. Re-collect before using kickoff_utc for a leakage-safe cutoff close to matchday.
SERIEA2627_MW38_376_Lecce_Venezia,2026-27,38,2027-05-29,2027-05-29T00:00:00+00:00,2027-05-29T02:00:00+02:00,Lecce,Venezia,Ettore Giardiniero - Via Del Mare,,scheduled,fixturedownload.com,https://fixturedownload.com/feed/json/serie-a-2026,2026-09-16T18:51:56+00:00,True,scheduled_provisional,Kickoff time reflects originally-published scheduling; broadcaster picks can move this fixture later in the season. Re-collect before using kickoff_utc for a leakage-safe cutoff close to matchday.
SERIEA2627_MW38_377_Milan_Udinese,2026-27,38,2027-05-29,2027-05-29T00:00:00+00:00,2027-05-29T02:00:00+02:00,Milan,Udinese,Giuseppe Meazza,,scheduled,fixturedownload.com,https://fixturedownload.com/feed/json/serie-a-2026,2026-09-16T18:51:56+00:00,True,scheduled_provisional,Kickoff time reflects originally-published scheduling; broadcaster picks can move this fixture later in the season. Re-collect before using kickoff_utc for a leakage-safe cutoff close to matchday.
SERIEA2627_MW38_378_Monza_Torino,2026-27,38,2027-05-29,2027-05-29T00:00:00+00:00,2027-05-29T02:00:00+02:00,Monza,Torino,Brianteo,,scheduled,fixturedownload.com,https://fixturedownload.com/feed/json/serie-a-2026,2026-09-16T18:51:56+00:00,True,scheduled_provisional,Kickoff time reflects originally-published scheduling; broadcaster picks can move this fixture later in the season. Re-collect before using kickoff_utc for a leakage-safe cutoff close to matchday.
SERIEA2627_MW38_379_Napoli_Atalanta,2026-27,38,2027-05-29,2027-05-29T00:00:00+00:00,2027-05-29T02:00:00+02:00,Napoli,Atalanta,Diego Armando Maradona,,scheduled,fixturedownload.com,https://fixturedownload.com/feed/json/serie-a-2026,2026-09-16T18:51:56+00:00,True,scheduled_provisional,Kickoff time reflects originally-published scheduling; broadcaster picks can move this fixture later in the season. Re-collect before using kickoff_utc for a leakage-safe cutoff close to matchday.
SERIEA2627_MW38_380_Sassuolo_Internazionale,2026-27,38,2027-05-29,2027-05-29T00:00:00+00:00,2027-05-29T02:00:00+02:00,Sassuolo,Internazionale,Mapei Stadium,,scheduled,fixturedownload.com,https://fixturedownload.com/feed/json/serie-a-2026,2026-09-16T18:51:56+00:00,True,scheduled_provisional,Kickoff time reflects originally-published scheduling; broadcaster picks can move this fixture later in the season. Re-collect before using kickoff_utc for a leakage-safe cutoff close to matchday.
